{
  "auroc": 0.6768812499999999,
  "pr_auc": 0.35201349405023663,
  "brier": 0.14939104874045397,
  "ece": 0.021011938794578997,
  "lift_at_5pct": 2.5,
  "lift_at_10pct": 0.0
}