family,probability,label,canonical_family,attack_techniques,d3fend_controls,susceptibility,susceptibility_bucket,expected_loss,prescriptive_controls
unknown,0.0033104508115225,0,Unknown,[],[],0.0033104508115225,Low,16552.2540576125,"['Maintain continuous security monitoring', 'Ensure robust security hygiene', 'Conduct employee security awareness training', 'Implement strong email filtering', 'Regularly review access controls']"
unknown,0.0033104508115333,0,Unknown,[],[],0.0033104508115333,Low,16552.2540576665,"['Maintain continuous security monitoring', 'Ensure robust security hygiene', 'Conduct employee security awareness training', 'Implement strong email filtering', 'Regularly review access controls']"
wacatac,0.003310450811489,0,Wacatac,"['T1486', 'T1055', 'T1027']","['D3-BAC', 'D3-BDR', 'D3-SAW']",0.003310450811489,Low,16552.254057445,"['Maintain continuous security monitoring', 'Ensure robust security hygiene', 'Conduct employee security awareness training', 'Implement strong email filtering', 'Regularly review access controls']"
unknown,0.9042692805633136,1,Unknown,[],[],0.9042692805633136,High,4521346.402816568,"['Enable Attack Surface Reduction (ASR) rules', 'Implement Local Administrator Password Solution (LAPS)', 'Ensure immutable and offline backups', 'Deploy Application Allowlisting', 'Isolate affected systems from network']"
unknown,0.9042692805633136,1,Unknown,[],[],0.9042692805633136,High,4521346.402816568,"['Enable Attack Surface Reduction (ASR) rules', 'Implement Local Administrator Password Solution (LAPS)', 'Ensure immutable and offline backups', 'Deploy Application Allowlisting', 'Isolate affected systems from network']"
unknown,0.0033104508115205,0,Unknown,[],[],0.0033104508115205,Low,16552.2540576025,"['Maintain continuous security monitoring', 'Ensure robust security hygiene', 'Conduct employee security awareness training', 'Implement strong email filtering', 'Regularly review access controls']"
unknown,0.9042692805633136,0,Unknown,[],[],0.9042692805633136,High,4521346.402816568,"['Enable Attack Surface Reduction (ASR) rules', 'Implement Local Administrator Password Solution (LAPS)', 'Ensure immutable and offline backups', 'Deploy Application Allowlisting', 'Isolate affected systems from network']"
xmrig,0.0033104508115333,0,XMRig,"['T1055', 'T1027', 'T1059']","['D3-AL', 'D3-CR', 'D3-SAW']",0.0033104508115333,Low,16552.2540576665,"['Maintain continuous security monitoring', 'Ensure robust security hygiene', 'Conduct employee security awareness training', 'Implement strong email filtering', 'Regularly review access controls']"
unknown,0.0033104508115333,0,Unknown,[],[],0.0033104508115333,Low,16552.2540576665,"['Maintain continuous security monitoring', 'Ensure robust security hygiene', 'Conduct employee security awareness training', 'Implement strong email filtering', 'Regularly review access controls']"
unknown,0.9042692805633136,0,Unknown,[],[],0.9042692805633136,High,4521346.402816568,"['Enable Attack Surface Reduction (ASR) rules', 'Implement Local Administrator Password Solution (LAPS)', 'Ensure immutable and offline backups', 'Deploy Application Allowlisting', 'Isolate affected systems from network']"
yebao,0.0033104508115205,0,GenericMalware,"['T1486', 'T1055', 'T1027']","['D3-BAC', 'D3-BDR', 'D3-SAW']",0.0033104508115205,Low,16552.2540576025,"['Maintain continuous security monitoring', 'Ensure robust security hygiene', 'Conduct employee security awareness training', 'Implement strong email filtering', 'Regularly review access controls']"
unknown,0.0033104508115225,0,Unknown,[],[],0.0033104508115225,Low,16552.2540576125,"['Maintain continuous security monitoring', 'Ensure robust security hygiene', 'Conduct employee security awareness training', 'Implement strong email filtering', 'Regularly review access controls']"
unknown,0.9042692805633136,0,Unknown,[],[],0.9042692805633136,High,4521346.402816568,"['Enable Attack Surface Reduction (ASR) rules', 'Implement Local Administrator Password Solution (LAPS)', 'Ensure immutable and offline backups', 'Deploy Application Allowlisting', 'Isolate affected systems from network']"
andromeda,0.0033104508115333,0,GenericMalware,"['T1486', 'T1055', 'T1027']","['D3-BAC', 'D3-BDR', 'D3-SAW']",0.0033104508115333,Low,16552.2540576665,"['Maintain continuous security monitoring', 'Ensure robust security hygiene', 'Conduct employee security awareness training', 'Implement strong email filtering', 'Regularly review access controls']"
unknown,0.9042692805633136,0,Unknown,[],[],0.9042692805633136,High,4521346.402816568,"['Enable Attack Surface Reduction (ASR) rules', 'Implement Local Administrator Password Solution (LAPS)', 'Ensure immutable and offline backups', 'Deploy Application Allowlisting', 'Isolate affected systems from network']"
unknown,0.0033104508115333,0,Unknown,[],[],0.0033104508115333,Low,16552.2540576665,"['Maintain continuous security monitoring', 'Ensure robust security hygiene', 'Conduct employee security awareness training', 'Implement strong email filtering', 'Regularly review access controls']"
unknown,0.9042692805633136,1,Unknown,[],[],0.9042692805633136,High,4521346.402816568,"['Enable Attack Surface Reduction (ASR) rules', 'Implement Local Administrator Password Solution (LAPS)', 'Ensure immutable and offline backups', 'Deploy Application Allowlisting', 'Isolate affected systems from network']"
unknown,0.9042692805633136,1,Unknown,[],[],0.9042692805633136,High,4521346.402816568,"['Enable Attack Surface Reduction (ASR) rules', 'Implement Local Administrator Password Solution (LAPS)', 'Ensure immutable and offline backups', 'Deploy Application Allowlisting', 'Isolate affected systems from network']"
softcnapp,0.0033104508115333,0,GenericMalware,"['T1486', 'T1055', 'T1027']","['D3-BAC', 'D3-BDR', 'D3-SAW']",0.0033104508115333,Low,16552.2540576665,"['Maintain continuous security monitoring', 'Ensure robust security hygiene', 'Conduct employee security awareness training', 'Implement strong email filtering', 'Regularly review access controls']"
unknown,0.0033104508115333,0,Unknown,[],[],0.0033104508115333,Low,16552.2540576665,"['Maintain continuous security monitoring', 'Ensure robust security hygiene', 'Conduct employee security awareness training', 'Implement strong email filtering', 'Regularly review access controls']"
unknown,0.9042692805633136,0,Unknown,[],[],0.9042692805633136,High,4521346.402816568,"['Enable Attack Surface Reduction (ASR) rules', 'Implement Local Administrator Password Solution (LAPS)', 'Ensure immutable and offline backups', 'Deploy Application Allowlisting', 'Isolate affected systems from network']"
unknown,0.0033104508115333,0,Unknown,[],[],0.0033104508115333,Low,16552.2540576665,"['Maintain continuous security monitoring', 'Ensure robust security hygiene', 'Conduct employee security awareness training', 'Implement strong email filtering', 'Regularly review access controls']"
unknown,0.9042692805633136,0,Unknown,[],[],0.9042692805633136,High,4521346.402816568,"['Enable Attack Surface Reduction (ASR) rules', 'Implement Local Administrator Password Solution (LAPS)', 'Ensure immutable and offline backups', 'Deploy Application Allowlisting', 'Isolate affected systems from network']"
unknown,0.0033104361263645,0,Unknown,[],[],0.0033104361263645,Low,16552.1806318225,"['Maintain continuous security monitoring', 'Ensure robust security hygiene', 'Conduct employee security awareness training', 'Implement strong email filtering', 'Regularly review access controls']"
unknown,0.9042692805633136,0,Unknown,[],[],0.9042692805633136,High,4521346.402816568,"['Enable Attack Surface Reduction (ASR) rules', 'Implement Local Administrator Password Solution (LAPS)', 'Ensure immutable and offline backups', 'Deploy Application Allowlisting', 'Isolate affected systems from network']"
caypnamer,0.0033104508115205,0,GenericMalware,"['T1486', 'T1055', 'T1027']","['D3-BAC', 'D3-BDR', 'D3-SAW']",0.0033104508115205,Low,16552.2540576025,"['Maintain continuous security monitoring', 'Ensure robust security hygiene', 'Conduct employee security awareness training', 'Implement strong email filtering', 'Regularly review access controls']"
unknown,0.0033104508115333,0,Unknown,[],[],0.0033104508115333,Low,16552.2540576665,"['Maintain continuous security monitoring', 'Ensure robust security hygiene', 'Conduct employee security awareness training', 'Implement strong email filtering', 'Regularly review access controls']"
cosmicduke,0.0033104508115333,0,GenericMalware,"['T1486', 'T1055', 'T1027']","['D3-BAC', 'D3-BDR', 'D3-SAW']",0.0033104508115333,Low,16552.2540576665,"['Maintain continuous security monitoring', 'Ensure robust security hygiene', 'Conduct employee security awareness training', 'Implement strong email filtering', 'Regularly review access controls']"
expiro,0.0033104508115333,0,Expiro,"['T1486', 'T1055', 'T1027']","['D3-BAC', 'D3-BDR', 'D3-SAW']",0.0033104508115333,Low,16552.2540576665,"['Maintain continuous security monitoring', 'Ensure robust security hygiene', 'Conduct employee security awareness training', 'Implement strong email filtering', 'Regularly review access controls']"
unknown,0.9042692805633136,1,Unknown,[],[],0.9042692805633136,High,4521346.402816568,"['Enable Attack Surface Reduction (ASR) rules', 'Implement Local Administrator Password Solution (LAPS)', 'Ensure immutable and offline backups', 'Deploy Application Allowlisting', 'Isolate affected systems from network']"
unknown,0.9042692805633136,0,Unknown,[],[],0.9042692805633136,High,4521346.402816568,"['Enable Attack Surface Reduction (ASR) rules', 'Implement Local Administrator Password Solution (LAPS)', 'Ensure immutable and offline backups', 'Deploy Application Allowlisting', 'Isolate affected systems from network']"
unknown,0.0033104508115333,0,Unknown,[],[],0.0033104508115333,Low,16552.2540576665,"['Maintain continuous security monitoring', 'Ensure robust security hygiene', 'Conduct employee security awareness training', 'Implement strong email filtering', 'Regularly review access controls']"
unknown,0.9042692805633136,1,Unknown,[],[],0.9042692805633136,High,4521346.402816568,"['Enable Attack Surface Reduction (ASR) rules', 'Implement Local Administrator Password Solution (LAPS)', 'Ensure immutable and offline backups', 'Deploy Application Allowlisting', 'Isolate affected systems from network']"
unknown,0.9042692805633136,0,Unknown,[],[],0.9042692805633136,High,4521346.402816568,"['Enable Attack Surface Reduction (ASR) rules', 'Implement Local Administrator Password Solution (LAPS)', 'Ensure immutable and offline backups', 'Deploy Application Allowlisting', 'Isolate affected systems from network']"
unknown,0.9042692805633136,1,Unknown,[],[],0.9042692805633136,High,4521346.402816568,"['Enable Attack Surface Reduction (ASR) rules', 'Implement Local Administrator Password Solution (LAPS)', 'Ensure immutable and offline backups', 'Deploy Application Allowlisting', 'Isolate affected systems from network']"
unknown,0.9042692805633136,0,Unknown,[],[],0.9042692805633136,High,4521346.402816568,"['Enable Attack Surface Reduction (ASR) rules', 'Implement Local Administrator Password Solution (LAPS)', 'Ensure immutable and offline backups', 'Deploy Application Allowlisting', 'Isolate affected systems from network']"
unknown,0.9042692805633136,0,Unknown,[],[],0.9042692805633136,High,4521346.402816568,"['Enable Attack Surface Reduction (ASR) rules', 'Implement Local Administrator Password Solution (LAPS)', 'Ensure immutable and offline backups', 'Deploy Application Allowlisting', 'Isolate affected systems from network']"
unknown,0.0033104508115333,0,Unknown,[],[],0.0033104508115333,Low,16552.2540576665,"['Maintain continuous security monitoring', 'Ensure robust security hygiene', 'Conduct employee security awareness training', 'Implement strong email filtering', 'Regularly review access controls']"
unknown,0.9042692805633136,1,Unknown,[],[],0.9042692805633136,High,4521346.402816568,"['Enable Attack Surface Reduction (ASR) rules', 'Implement Local Administrator Password Solution (LAPS)', 'Ensure immutable and offline backups', 'Deploy Application Allowlisting', 'Isolate affected systems from network']"
unknown,0.0033104508115201,0,Unknown,[],[],0.0033104508115201,Low,16552.2540576005,"['Maintain continuous security monitoring', 'Ensure robust security hygiene', 'Conduct employee security awareness training', 'Implement strong email filtering', 'Regularly review access controls']"
unknown,0.0033104508115333,0,Unknown,[],[],0.0033104508115333,Low,16552.2540576665,"['Maintain continuous security monitoring', 'Ensure robust security hygiene', 'Conduct employee security awareness training', 'Implement strong email filtering', 'Regularly review access controls']"
unknown,0.9042692805633136,1,Unknown,[],[],0.9042692805633136,High,4521346.402816568,"['Enable Attack Surface Reduction (ASR) rules', 'Implement Local Administrator Password Solution (LAPS)', 'Ensure immutable and offline backups', 'Deploy Application Allowlisting', 'Isolate affected systems from network']"
unknown,0.9042692805633136,1,Unknown,[],[],0.9042692805633136,High,4521346.402816568,"['Enable Attack Surface Reduction (ASR) rules', 'Implement Local Administrator Password Solution (LAPS)', 'Ensure immutable and offline backups', 'Deploy Application Allowlisting', 'Isolate affected systems from network']"
unknown,0.9042692805633136,1,Unknown,[],[],0.9042692805633136,High,4521346.402816568,"['Enable Attack Surface Reduction (ASR) rules', 'Implement Local Administrator Password Solution (LAPS)', 'Ensure immutable and offline backups', 'Deploy Application Allowlisting', 'Isolate affected systems from network']"
unknown,0.9042692805633136,0,Unknown,[],[],0.9042692805633136,High,4521346.402816568,"['Enable Attack Surface Reduction (ASR) rules', 'Implement Local Administrator Password Solution (LAPS)', 'Ensure immutable and offline backups', 'Deploy Application Allowlisting', 'Isolate affected systems from network']"
unknown,0.9042692805633136,1,Unknown,[],[],0.9042692805633136,High,4521346.402816568,"['Enable Attack Surface Reduction (ASR) rules', 'Implement Local Administrator Password Solution (LAPS)', 'Ensure immutable and offline backups', 'Deploy Application Allowlisting', 'Isolate affected systems from network']"
unknown,0.0033104508115294,0,Unknown,[],[],0.0033104508115294,Low,16552.254057647002,"['Maintain continuous security monitoring', 'Ensure robust security hygiene', 'Conduct employee security awareness training', 'Implement strong email filtering', 'Regularly review access controls']"
unknown,0.0033104508115225,0,Unknown,[],[],0.0033104508115225,Low,16552.2540576125,"['Maintain continuous security monitoring', 'Ensure robust security hygiene', 'Conduct employee security awareness training', 'Implement strong email filtering', 'Regularly review access controls']"
upatre,0.0033104464221243,0,Upatre,"['T1486', 'T1055', 'T1027']","['D3-BAC', 'D3-BDR', 'D3-SAW']",0.0033104464221243,Low,16552.2321106215,"['Maintain continuous security monitoring', 'Ensure robust security hygiene', 'Conduct employee security awareness training', 'Implement strong email filtering', 'Regularly review access controls']"
unknown,0.003310450811583,0,Unknown,[],[],0.003310450811583,Low,16552.254057915,"['Maintain continuous security monitoring', 'Ensure robust security hygiene', 'Conduct employee security awareness training', 'Implement strong email filtering', 'Regularly review access controls']"
unknown,0.0033104508115333,0,Unknown,[],[],0.0033104508115333,Low,16552.2540576665,"['Maintain continuous security monitoring', 'Ensure robust security hygiene', 'Conduct employee security awareness training', 'Implement strong email filtering', 'Regularly review access controls']"
unknown,0.9042692805633136,0,Unknown,[],[],0.9042692805633136,High,4521346.402816568,"['Enable Attack Surface Reduction (ASR) rules', 'Implement Local Administrator Password Solution (LAPS)', 'Ensure immutable and offline backups', 'Deploy Application Allowlisting', 'Isolate affected systems from network']"
emdup,0.0033104508115333,0,Emdup,"['T1486', 'T1055', 'T1027']","['D3-BAC', 'D3-BDR', 'D3-SAW']",0.0033104508115333,Low,16552.2540576665,"['Maintain continuous security monitoring', 'Ensure robust security hygiene', 'Conduct employee security awareness training', 'Implement strong email filtering', 'Regularly review access controls']"
flystudio,0.0033104508120232,0,FlyStudio,"['T1486', 'T1055', 'T1027']","['D3-BAC', 'D3-BDR', 'D3-SAW']",0.0033104508120232,Low,16552.254060116,"['Maintain continuous security monitoring', 'Ensure robust security hygiene', 'Conduct employee security awareness training', 'Implement strong email filtering', 'Regularly review access controls']"
unknown,0.9042692805633136,1,Unknown,[],[],0.9042692805633136,High,4521346.402816568,"['Enable Attack Surface Reduction (ASR) rules', 'Implement Local Administrator Password Solution (LAPS)', 'Ensure immutable and offline backups', 'Deploy Application Allowlisting', 'Isolate affected systems from network']"
unknown,0.0033104508115333,0,Unknown,[],[],0.0033104508115333,Low,16552.2540576665,"['Maintain continuous security monitoring', 'Ensure robust security hygiene', 'Conduct employee security awareness training', 'Implement strong email filtering', 'Regularly review access controls']"
unknown,0.9042692805633136,1,Unknown,[],[],0.9042692805633136,High,4521346.402816568,"['Enable Attack Surface Reduction (ASR) rules', 'Implement Local Administrator Password Solution (LAPS)', 'Ensure immutable and offline backups', 'Deploy Application Allowlisting', 'Isolate affected systems from network']"
unknown,0.0033104508115293,0,Unknown,[],[],0.0033104508115293,Low,16552.2540576465,"['Maintain continuous security monitoring', 'Ensure robust security hygiene', 'Conduct employee security awareness training', 'Implement strong email filtering', 'Regularly review access controls']"
bedep,0.0033104508115868,0,Bedep,"['T1486', 'T1055', 'T1027']","['D3-BAC', 'D3-BDR', 'D3-SAW']",0.0033104508115868,Low,16552.254057934,"['Maintain continuous security monitoring', 'Ensure robust security hygiene', 'Conduct employee security awareness training', 'Implement strong email filtering', 'Regularly review access controls']"
unknown,0.0033104508115333,0,Unknown,[],[],0.0033104508115333,Low,16552.2540576665,"['Maintain continuous security monitoring', 'Ensure robust security hygiene', 'Conduct employee security awareness training', 'Implement strong email filtering', 'Regularly review access controls']"
unknown,0.9042692805633136,1,Unknown,[],[],0.9042692805633136,High,4521346.402816568,"['Enable Attack Surface Reduction (ASR) rules', 'Implement Local Administrator Password Solution (LAPS)', 'Ensure immutable and offline backups', 'Deploy Application Allowlisting', 'Isolate affected systems from network']"
unknown,0.9042692805633136,0,Unknown,[],[],0.9042692805633136,High,4521346.402816568,"['Enable Attack Surface Reduction (ASR) rules', 'Implement Local Administrator Password Solution (LAPS)', 'Ensure immutable and offline backups', 'Deploy Application Allowlisting', 'Isolate affected systems from network']"
unknown,0.0033104508115186,0,Unknown,[],[],0.0033104508115186,Low,16552.254057593,"['Maintain continuous security monitoring', 'Ensure robust security hygiene', 'Conduct employee security awareness training', 'Implement strong email filtering', 'Regularly review access controls']"
unknown,0.0033104508115309,0,Unknown,[],[],0.0033104508115309,Low,16552.2540576545,"['Maintain continuous security monitoring', 'Ensure robust security hygiene', 'Conduct employee security awareness training', 'Implement strong email filtering', 'Regularly review access controls']"
unknown,0.9042692805633136,1,Unknown,[],[],0.9042692805633136,High,4521346.402816568,"['Enable Attack Surface Reduction (ASR) rules', 'Implement Local Administrator Password Solution (LAPS)', 'Ensure immutable and offline backups', 'Deploy Application Allowlisting', 'Isolate affected systems from network']"
goft,0.0033104508115333,0,GenericMalware,"['T1486', 'T1055', 'T1027']","['D3-BAC', 'D3-BDR', 'D3-SAW']",0.0033104508115333,Low,16552.2540576665,"['Maintain continuous security monitoring', 'Ensure robust security hygiene', 'Conduct employee security awareness training', 'Implement strong email filtering', 'Regularly review access controls']"
unknown,0.9042692805633136,0,Unknown,[],[],0.9042692805633136,High,4521346.402816568,"['Enable Attack Surface Reduction (ASR) rules', 'Implement Local Administrator Password Solution (LAPS)', 'Ensure immutable and offline backups', 'Deploy Application Allowlisting', 'Isolate affected systems from network']"
unknown,0.9042692805633136,0,Unknown,[],[],0.9042692805633136,High,4521346.402816568,"['Enable Attack Surface Reduction (ASR) rules', 'Implement Local Administrator Password Solution (LAPS)', 'Ensure immutable and offline backups', 'Deploy Application Allowlisting', 'Isolate affected systems from network']"
unknown,0.9042692805633136,1,Unknown,[],[],0.9042692805633136,High,4521346.402816568,"['Enable Attack Surface Reduction (ASR) rules', 'Implement Local Administrator Password Solution (LAPS)', 'Ensure immutable and offline backups', 'Deploy Application Allowlisting', 'Isolate affected systems from network']"
vindor,0.0033104508115333,0,Vindor,"['T1486', 'T1055', 'T1027']","['D3-BAC', 'D3-BDR', 'D3-SAW']",0.0033104508115333,Low,16552.2540576665,"['Maintain continuous security monitoring', 'Ensure robust security hygiene', 'Conduct employee security awareness training', 'Implement strong email filtering', 'Regularly review access controls']"
smokeloader,0.003310450811489,0,GenericMalware,"['T1486', 'T1055', 'T1027']","['D3-BAC', 'D3-BDR', 'D3-SAW']",0.003310450811489,Low,16552.254057445,"['Maintain continuous security monitoring', 'Ensure robust security hygiene', 'Conduct employee security awareness training', 'Implement strong email filtering', 'Regularly review access controls']"
unknown,0.9042692805633136,1,Unknown,[],[],0.9042692805633136,High,4521346.402816568,"['Enable Attack Surface Reduction (ASR) rules', 'Implement Local Administrator Password Solution (LAPS)', 'Ensure immutable and offline backups', 'Deploy Application Allowlisting', 'Isolate affected systems from network']"
unknown,0.0033104508115097,0,Unknown,[],[],0.0033104508115097,Low,16552.2540575485,"['Maintain continuous security monitoring', 'Ensure robust security hygiene', 'Conduct employee security awareness training', 'Implement strong email filtering', 'Regularly review access controls']"
unknown,0.0033104508115333,0,Unknown,[],[],0.0033104508115333,Low,16552.2540576665,"['Maintain continuous security monitoring', 'Ensure robust security hygiene', 'Conduct employee security awareness training', 'Implement strong email filtering', 'Regularly review access controls']"
unknown,0.9042692805633136,0,Unknown,[],[],0.9042692805633136,High,4521346.402816568,"['Enable Attack Surface Reduction (ASR) rules', 'Implement Local Administrator Password Solution (LAPS)', 'Ensure immutable and offline backups', 'Deploy Application Allowlisting', 'Isolate affected systems from network']"
unknown,0.9042692805633136,0,Unknown,[],[],0.9042692805633136,High,4521346.402816568,"['Enable Attack Surface Reduction (ASR) rules', 'Implement Local Administrator Password Solution (LAPS)', 'Ensure immutable and offline backups', 'Deploy Application Allowlisting', 'Isolate affected systems from network']"
unknown,0.9042692805633136,0,Unknown,[],[],0.9042692805633136,High,4521346.402816568,"['Enable Attack Surface Reduction (ASR) rules', 'Implement Local Administrator Password Solution (LAPS)', 'Ensure immutable and offline backups', 'Deploy Application Allowlisting', 'Isolate affected systems from network']"
upatre,0.0033104508115869,0,Upatre,"['T1486', 'T1055', 'T1027']","['D3-BAC', 'D3-BDR', 'D3-SAW']",0.0033104508115869,Low,16552.2540579345,"['Maintain continuous security monitoring', 'Ensure robust security hygiene', 'Conduct employee security awareness training', 'Implement strong email filtering', 'Regularly review access controls']"
realprotect,0.0033104508115333,0,GenericMalware,"['T1486', 'T1055', 'T1027']","['D3-BAC', 'D3-BDR', 'D3-SAW']",0.0033104508115333,Low,16552.2540576665,"['Maintain continuous security monitoring', 'Ensure robust security hygiene', 'Conduct employee security awareness training', 'Implement strong email filtering', 'Regularly review access controls']"
midie,0.0033104497484606,0,GenericMalware,"['T1486', 'T1055', 'T1027']","['D3-BAC', 'D3-BDR', 'D3-SAW']",0.0033104497484606,Low,16552.248742303,"['Maintain continuous security monitoring', 'Ensure robust security hygiene', 'Conduct employee security awareness training', 'Implement strong email filtering', 'Regularly review access controls']"
midie,0.0033104508115205,0,GenericMalware,"['T1486', 'T1055', 'T1027']","['D3-BAC', 'D3-BDR', 'D3-SAW']",0.0033104508115205,Low,16552.2540576025,"['Maintain continuous security monitoring', 'Ensure robust security hygiene', 'Conduct employee security awareness training', 'Implement strong email filtering', 'Regularly review access controls']"
unknown,0.9042692805633136,0,Unknown,[],[],0.9042692805633136,High,4521346.402816568,"['Enable Attack Surface Reduction (ASR) rules', 'Implement Local Administrator Password Solution (LAPS)', 'Ensure immutable and offline backups', 'Deploy Application Allowlisting', 'Isolate affected systems from network']"
expiro,0.0033104508115309,0,Expiro,"['T1486', 'T1055', 'T1027']","['D3-BAC', 'D3-BDR', 'D3-SAW']",0.0033104508115309,Low,16552.2540576545,"['Maintain continuous security monitoring', 'Ensure robust security hygiene', 'Conduct employee security awareness training', 'Implement strong email filtering', 'Regularly review access controls']"
expiro,0.0033104508115167,0,Expiro,"['T1486', 'T1055', 'T1027']","['D3-BAC', 'D3-BDR', 'D3-SAW']",0.0033104508115167,Low,16552.2540575835,"['Maintain continuous security monitoring', 'Ensure robust security hygiene', 'Conduct employee security awareness training', 'Implement strong email filtering', 'Regularly review access controls']"
unknown,0.9042692805633136,1,Unknown,[],[],0.9042692805633136,High,4521346.402816568,"['Enable Attack Surface Reduction (ASR) rules', 'Implement Local Administrator Password Solution (LAPS)', 'Ensure immutable and offline backups', 'Deploy Application Allowlisting', 'Isolate affected systems from network']"
unknown,0.9042692805633136,1,Unknown,[],[],0.9042692805633136,High,4521346.402816568,"['Enable Attack Surface Reduction (ASR) rules', 'Implement Local Administrator Password Solution (LAPS)', 'Ensure immutable and offline backups', 'Deploy Application Allowlisting', 'Isolate affected systems from network']"
unknown,0.9042692805633136,1,Unknown,[],[],0.9042692805633136,High,4521346.402816568,"['Enable Attack Surface Reduction (ASR) rules', 'Implement Local Administrator Password Solution (LAPS)', 'Ensure immutable and offline backups', 'Deploy Application Allowlisting', 'Isolate affected systems from network']"
unknown,0.0033104508115021,0,Unknown,[],[],0.0033104508115021,Low,16552.254057510498,"['Maintain continuous security monitoring', 'Ensure robust security hygiene', 'Conduct employee security awareness training', 'Implement strong email filtering', 'Regularly review access controls']"
unknown,0.0033104508115333,0,Unknown,[],[],0.0033104508115333,Low,16552.2540576665,"['Maintain continuous security monitoring', 'Ensure robust security hygiene', 'Conduct employee security awareness training', 'Implement strong email filtering', 'Regularly review access controls']"
unknown,0.0033104508114933,0,Unknown,[],[],0.0033104508114933,Low,16552.2540574665,"['Maintain continuous security monitoring', 'Ensure robust security hygiene', 'Conduct employee security awareness training', 'Implement strong email filtering', 'Regularly review access controls']"
unknown,0.9042692805633136,0,Unknown,[],[],0.9042692805633136,High,4521346.402816568,"['Enable Attack Surface Reduction (ASR) rules', 'Implement Local Administrator Password Solution (LAPS)', 'Ensure immutable and offline backups', 'Deploy Application Allowlisting', 'Isolate affected systems from network']"
unknown,0.0033104508115185,0,Unknown,[],[],0.0033104508115185,Low,16552.2540575925,"['Maintain continuous security monitoring', 'Ensure robust security hygiene', 'Conduct employee security awareness training', 'Implement strong email filtering', 'Regularly review access controls']"
unknown,0.9042692805633136,1,Unknown,[],[],0.9042692805633136,High,4521346.402816568,"['Enable Attack Surface Reduction (ASR) rules', 'Implement Local Administrator Password Solution (LAPS)', 'Ensure immutable and offline backups', 'Deploy Application Allowlisting', 'Isolate affected systems from network']"
unknown,0.9042692805633136,0,Unknown,[],[],0.9042692805633136,High,4521346.402816568,"['Enable Attack Surface Reduction (ASR) rules', 'Implement Local Administrator Password Solution (LAPS)', 'Ensure immutable and offline backups', 'Deploy Application Allowlisting', 'Isolate affected systems from network']"
unknown,0.0033104508115333,0,Unknown,[],[],0.0033104508115333,Low,16552.2540576665,"['Maintain continuous security monitoring', 'Ensure robust security hygiene', 'Conduct employee security awareness training', 'Implement strong email filtering', 'Regularly review access controls']"
unknown,0.9042692805633136,0,Unknown,[],[],0.9042692805633136,High,4521346.402816568,"['Enable Attack Surface Reduction (ASR) rules', 'Implement Local Administrator Password Solution (LAPS)', 'Ensure immutable and offline backups', 'Deploy Application Allowlisting', 'Isolate affected systems from network']"
expiro,0.0033104508115333,0,Expiro,"['T1486', 'T1055', 'T1027']","['D3-BAC', 'D3-BDR', 'D3-SAW']",0.0033104508115333,Low,16552.2540576665,"['Maintain continuous security monitoring', 'Ensure robust security hygiene', 'Conduct employee security awareness training', 'Implement strong email filtering', 'Regularly review access controls']"
unknown,0.9042692805633136,0,Unknown,[],[],0.9042692805633136,High,4521346.402816568,"['Enable Attack Surface Reduction (ASR) rules', 'Implement Local Administrator Password Solution (LAPS)', 'Ensure immutable and offline backups', 'Deploy Application Allowlisting', 'Isolate affected systems from network']"
unknown,0.9042692805633136,1,Unknown,[],[],0.9042692805633136,High,4521346.402816568,"['Enable Attack Surface Reduction (ASR) rules', 'Implement Local Administrator Password Solution (LAPS)', 'Ensure immutable and offline backups', 'Deploy Application Allowlisting', 'Isolate affected systems from network']"
unknown,0.9042692805633136,1,Unknown,[],[],0.9042692805633136,High,4521346.402816568,"['Enable Attack Surface Reduction (ASR) rules', 'Implement Local Administrator Password Solution (LAPS)', 'Ensure immutable and offline backups', 'Deploy Application Allowlisting', 'Isolate affected systems from network']"
unknown,0.9042692805633136,1,Unknown,[],[],0.9042692805633136,High,4521346.402816568,"['Enable Attack Surface Reduction (ASR) rules', 'Implement Local Administrator Password Solution (LAPS)', 'Ensure immutable and offline backups', 'Deploy Application Allowlisting', 'Isolate affected systems from network']"
unknown,0.9042692805633136,0,Unknown,[],[],0.9042692805633136,High,4521346.402816568,"['Enable Attack Surface Reduction (ASR) rules', 'Implement Local Administrator Password Solution (LAPS)', 'Ensure immutable and offline backups', 'Deploy Application Allowlisting', 'Isolate affected systems from network']"
unknown,0.9042692805633136,0,Unknown,[],[],0.9042692805633136,High,4521346.402816568,"['Enable Attack Surface Reduction (ASR) rules', 'Implement Local Administrator Password Solution (LAPS)', 'Ensure immutable and offline backups', 'Deploy Application Allowlisting', 'Isolate affected systems from network']"
unknown,0.9042692805633136,1,Unknown,[],[],0.9042692805633136,High,4521346.402816568,"['Enable Attack Surface Reduction (ASR) rules', 'Implement Local Administrator Password Solution (LAPS)', 'Ensure immutable and offline backups', 'Deploy Application Allowlisting', 'Isolate affected systems from network']"
berbew,0.0033104508115333,0,Berbew,"['T1486', 'T1055', 'T1027']","['D3-BAC', 'D3-BDR', 'D3-SAW']",0.0033104508115333,Low,16552.2540576665,"['Maintain continuous security monitoring', 'Ensure robust security hygiene', 'Conduct employee security awareness training', 'Implement strong email filtering', 'Regularly review access controls']"
unknown,0.0033104508115097,0,Unknown,[],[],0.0033104508115097,Low,16552.2540575485,"['Maintain continuous security monitoring', 'Ensure robust security hygiene', 'Conduct employee security awareness training', 'Implement strong email filtering', 'Regularly review access controls']"
unknown,0.9042692805633136,1,Unknown,[],[],0.9042692805633136,High,4521346.402816568,"['Enable Attack Surface Reduction (ASR) rules', 'Implement Local Administrator Password Solution (LAPS)', 'Ensure immutable and offline backups', 'Deploy Application Allowlisting', 'Isolate affected systems from network']"
unknown,0.9042692805633136,1,Unknown,[],[],0.9042692805633136,High,4521346.402816568,"['Enable Attack Surface Reduction (ASR) rules', 'Implement Local Administrator Password Solution (LAPS)', 'Ensure immutable and offline backups', 'Deploy Application Allowlisting', 'Isolate affected systems from network']"
unknown,0.0033104508115333,0,Unknown,[],[],0.0033104508115333,Low,16552.2540576665,"['Maintain continuous security monitoring', 'Ensure robust security hygiene', 'Conduct employee security awareness training', 'Implement strong email filtering', 'Regularly review access controls']"
unknown,0.0033104508115333,0,Unknown,[],[],0.0033104508115333,Low,16552.2540576665,"['Maintain continuous security monitoring', 'Ensure robust security hygiene', 'Conduct employee security awareness training', 'Implement strong email filtering', 'Regularly review access controls']"
unknown,0.9042692805633136,0,Unknown,[],[],0.9042692805633136,High,4521346.402816568,"['Enable Attack Surface Reduction (ASR) rules', 'Implement Local Administrator Password Solution (LAPS)', 'Ensure immutable and offline backups', 'Deploy Application Allowlisting', 'Isolate affected systems from network']"
unknown,0.9042692805633136,1,Unknown,[],[],0.9042692805633136,High,4521346.402816568,"['Enable Attack Surface Reduction (ASR) rules', 'Implement Local Administrator Password Solution (LAPS)', 'Ensure immutable and offline backups', 'Deploy Application Allowlisting', 'Isolate affected systems from network']"
unknown,0.0033104508115868,0,Unknown,[],[],0.0033104508115868,Low,16552.254057934,"['Maintain continuous security monitoring', 'Ensure robust security hygiene', 'Conduct employee security awareness training', 'Implement strong email filtering', 'Regularly review access controls']"
scarletflash,0.0033104508115293,0,ScarletFlash,"['T1486', 'T1055', 'T1027']","['D3-BAC', 'D3-BDR', 'D3-SAW']",0.0033104508115293,Low,16552.2540576465,"['Maintain continuous security monitoring', 'Ensure robust security hygiene', 'Conduct employee security awareness training', 'Implement strong email filtering', 'Regularly review access controls']"
unknown,0.0033104508114933,0,Unknown,[],[],0.0033104508114933,Low,16552.2540574665,"['Maintain continuous security monitoring', 'Ensure robust security hygiene', 'Conduct employee security awareness training', 'Implement strong email filtering', 'Regularly review access controls']"
unknown,0.0033454389817491,0,Unknown,[],[],0.0033454389817491,Low,16727.1949087455,"['Maintain continuous security monitoring', 'Ensure robust security hygiene', 'Conduct employee security awareness training', 'Implement strong email filtering', 'Regularly review access controls']"
unknown,0.9042692805633136,1,Unknown,[],[],0.9042692805633136,High,4521346.402816568,"['Enable Attack Surface Reduction (ASR) rules', 'Implement Local Administrator Password Solution (LAPS)', 'Ensure immutable and offline backups', 'Deploy Application Allowlisting', 'Isolate affected systems from network']"
antavmu,0.0033104508115333,0,GenericMalware,"['T1486', 'T1055', 'T1027']","['D3-BAC', 'D3-BDR', 'D3-SAW']",0.0033104508115333,Low,16552.2540576665,"['Maintain continuous security monitoring', 'Ensure robust security hygiene', 'Conduct employee security awareness training', 'Implement strong email filtering', 'Regularly review access controls']"
xmrig,0.0033104508115333,0,XMRig,"['T1055', 'T1027', 'T1059']","['D3-AL', 'D3-CR', 'D3-SAW']",0.0033104508115333,Low,16552.2540576665,"['Maintain continuous security monitoring', 'Ensure robust security hygiene', 'Conduct employee security awareness training', 'Implement strong email filtering', 'Regularly review access controls']"
unknown,0.9042692805633136,1,Unknown,[],[],0.9042692805633136,High,4521346.402816568,"['Enable Attack Surface Reduction (ASR) rules', 'Implement Local Administrator Password Solution (LAPS)', 'Ensure immutable and offline backups', 'Deploy Application Allowlisting', 'Isolate affected systems from network']"
unknown,0.9042692805633136,1,Unknown,[],[],0.9042692805633136,High,4521346.402816568,"['Enable Attack Surface Reduction (ASR) rules', 'Implement Local Administrator Password Solution (LAPS)', 'Ensure immutable and offline backups', 'Deploy Application Allowlisting', 'Isolate affected systems from network']"
unknown,0.9042692805633136,1,Unknown,[],[],0.9042692805633136,High,4521346.402816568,"['Enable Attack Surface Reduction (ASR) rules', 'Implement Local Administrator Password Solution (LAPS)', 'Ensure immutable and offline backups', 'Deploy Application Allowlisting', 'Isolate affected systems from network']"
unknown,0.0033104508115333,0,Unknown,[],[],0.0033104508115333,Low,16552.2540576665,"['Maintain continuous security monitoring', 'Ensure robust security hygiene', 'Conduct employee security awareness training', 'Implement strong email filtering', 'Regularly review access controls']"
xmrig,0.0033104508115333,0,XMRig,"['T1055', 'T1027', 'T1059']","['D3-AL', 'D3-CR', 'D3-SAW']",0.0033104508115333,Low,16552.2540576665,"['Maintain continuous security monitoring', 'Ensure robust security hygiene', 'Conduct employee security awareness training', 'Implement strong email filtering', 'Regularly review access controls']"
unknown,0.0033104508115333,0,Unknown,[],[],0.0033104508115333,Low,16552.2540576665,"['Maintain continuous security monitoring', 'Ensure robust security hygiene', 'Conduct employee security awareness training', 'Implement strong email filtering', 'Regularly review access controls']"
unknown,0.0033104508115049,0,Unknown,[],[],0.0033104508115049,Low,16552.2540575245,"['Maintain continuous security monitoring', 'Ensure robust security hygiene', 'Conduct employee security awareness training', 'Implement strong email filtering', 'Regularly review access controls']"
unknown,0.0033104508115333,0,Unknown,[],[],0.0033104508115333,Low,16552.2540576665,"['Maintain continuous security monitoring', 'Ensure robust security hygiene', 'Conduct employee security awareness training', 'Implement strong email filtering', 'Regularly review access controls']"
unknown,0.9042692805633136,1,Unknown,[],[],0.9042692805633136,High,4521346.402816568,"['Enable Attack Surface Reduction (ASR) rules', 'Implement Local Administrator Password Solution (LAPS)', 'Ensure immutable and offline backups', 'Deploy Application Allowlisting', 'Isolate affected systems from network']"
unknown,0.9042692805633136,1,Unknown,[],[],0.9042692805633136,High,4521346.402816568,"['Enable Attack Surface Reduction (ASR) rules', 'Implement Local Administrator Password Solution (LAPS)', 'Ensure immutable and offline backups', 'Deploy Application Allowlisting', 'Isolate affected systems from network']"
wabot,0.0033104508115333,0,Wabot,"['T1486', 'T1055', 'T1027']","['D3-BAC', 'D3-BDR', 'D3-SAW']",0.0033104508115333,Low,16552.2540576665,"['Maintain continuous security monitoring', 'Ensure robust security hygiene', 'Conduct employee security awareness training', 'Implement strong email filtering', 'Regularly review access controls']"
unknown,0.9042692805633136,1,Unknown,[],[],0.9042692805633136,High,4521346.402816568,"['Enable Attack Surface Reduction (ASR) rules', 'Implement Local Administrator Password Solution (LAPS)', 'Ensure immutable and offline backups', 'Deploy Application Allowlisting', 'Isolate affected systems from network']"
unknown,0.9042692805633136,0,Unknown,[],[],0.9042692805633136,High,4521346.402816568,"['Enable Attack Surface Reduction (ASR) rules', 'Implement Local Administrator Password Solution (LAPS)', 'Ensure immutable and offline backups', 'Deploy Application Allowlisting', 'Isolate affected systems from network']"
unknown,0.9042692805633136,1,Unknown,[],[],0.9042692805633136,High,4521346.402816568,"['Enable Attack Surface Reduction (ASR) rules', 'Implement Local Administrator Password Solution (LAPS)', 'Ensure immutable and offline backups', 'Deploy Application Allowlisting', 'Isolate affected systems from network']"
unknown,0.9042692805633136,1,Unknown,[],[],0.9042692805633136,High,4521346.402816568,"['Enable Attack Surface Reduction (ASR) rules', 'Implement Local Administrator Password Solution (LAPS)', 'Ensure immutable and offline backups', 'Deploy Application Allowlisting', 'Isolate affected systems from network']"
unknown,0.0033104508115309,0,Unknown,[],[],0.0033104508115309,Low,16552.2540576545,"['Maintain continuous security monitoring', 'Ensure robust security hygiene', 'Conduct employee security awareness training', 'Implement strong email filtering', 'Regularly review access controls']"
unknown,0.9042692805633136,1,Unknown,[],[],0.9042692805633136,High,4521346.402816568,"['Enable Attack Surface Reduction (ASR) rules', 'Implement Local Administrator Password Solution (LAPS)', 'Ensure immutable and offline backups', 'Deploy Application Allowlisting', 'Isolate affected systems from network']"
trickbot,0.0033104508115309,0,GenericMalware,"['T1486', 'T1055', 'T1027']","['D3-BAC', 'D3-BDR', 'D3-SAW']",0.0033104508115309,Low,16552.2540576545,"['Maintain continuous security monitoring', 'Ensure robust security hygiene', 'Conduct employee security awareness training', 'Implement strong email filtering', 'Regularly review access controls']"
unknown,0.0033104508115309,0,Unknown,[],[],0.0033104508115309,Low,16552.2540576545,"['Maintain continuous security monitoring', 'Ensure robust security hygiene', 'Conduct employee security awareness training', 'Implement strong email filtering', 'Regularly review access controls']"
unknown,0.9042692805633136,0,Unknown,[],[],0.9042692805633136,High,4521346.402816568,"['Enable Attack Surface Reduction (ASR) rules', 'Implement Local Administrator Password Solution (LAPS)', 'Ensure immutable and offline backups', 'Deploy Application Allowlisting', 'Isolate affected systems from network']"
unknown,0.0033104508115333,0,Unknown,[],[],0.0033104508115333,Low,16552.2540576665,"['Maintain continuous security monitoring', 'Ensure robust security hygiene', 'Conduct employee security awareness training', 'Implement strong email filtering', 'Regularly review access controls']"
roxer,0.0033104508115307,0,GenericMalware,"['T1486', 'T1055', 'T1027']","['D3-BAC', 'D3-BDR', 'D3-SAW']",0.0033104508115307,Low,16552.2540576535,"['Maintain continuous security monitoring', 'Ensure robust security hygiene', 'Conduct employee security awareness training', 'Implement strong email filtering', 'Regularly review access controls']"
bumblebee,0.0033104508115309,0,GenericMalware,"['T1486', 'T1055', 'T1027']","['D3-BAC', 'D3-BDR', 'D3-SAW']",0.0033104508115309,Low,16552.2540576545,"['Maintain continuous security monitoring', 'Ensure robust security hygiene', 'Conduct employee security awareness training', 'Implement strong email filtering', 'Regularly review access controls']"
unknown,0.0033104462285538,0,Unknown,[],[],0.0033104462285538,Low,16552.231142769,"['Maintain continuous security monitoring', 'Ensure robust security hygiene', 'Conduct employee security awareness training', 'Implement strong email filtering', 'Regularly review access controls']"
unknown,0.9042692805633136,1,Unknown,[],[],0.9042692805633136,High,4521346.402816568,"['Enable Attack Surface Reduction (ASR) rules', 'Implement Local Administrator Password Solution (LAPS)', 'Ensure immutable and offline backups', 'Deploy Application Allowlisting', 'Isolate affected systems from network']"
berbew,0.0034876895567868,0,Berbew,"['T1486', 'T1055', 'T1027']","['D3-BAC', 'D3-BDR', 'D3-SAW']",0.0034876895567868,Low,17438.447783934,"['Maintain continuous security monitoring', 'Ensure robust security hygiene', 'Conduct employee security awareness training', 'Implement strong email filtering', 'Regularly review access controls']"
unknown,0.9042692805633136,0,Unknown,[],[],0.9042692805633136,High,4521346.402816568,"['Enable Attack Surface Reduction (ASR) rules', 'Implement Local Administrator Password Solution (LAPS)', 'Ensure immutable and offline backups', 'Deploy Application Allowlisting', 'Isolate affected systems from network']"
unknown,0.9042692805633136,0,Unknown,[],[],0.9042692805633136,High,4521346.402816568,"['Enable Attack Surface Reduction (ASR) rules', 'Implement Local Administrator Password Solution (LAPS)', 'Ensure immutable and offline backups', 'Deploy Application Allowlisting', 'Isolate affected systems from network']"
unknown,0.0033804652151763,0,Unknown,[],[],0.0033804652151763,Low,16902.3260758815,"['Maintain continuous security monitoring', 'Ensure robust security hygiene', 'Conduct employee security awareness training', 'Implement strong email filtering', 'Regularly review access controls']"
xorer,0.0033104508115784,0,GenericMalware,"['T1486', 'T1055', 'T1027']","['D3-BAC', 'D3-BDR', 'D3-SAW']",0.0033104508115784,Low,16552.254057891998,"['Maintain continuous security monitoring', 'Ensure robust security hygiene', 'Conduct employee security awareness training', 'Implement strong email filtering', 'Regularly review access controls']"
unknown,0.9042692805633136,0,Unknown,[],[],0.9042692805633136,High,4521346.402816568,"['Enable Attack Surface Reduction (ASR) rules', 'Implement Local Administrator Password Solution (LAPS)', 'Ensure immutable and offline backups', 'Deploy Application Allowlisting', 'Isolate affected systems from network']"
unknown,0.0033104508115333,0,Unknown,[],[],0.0033104508115333,Low,16552.2540576665,"['Maintain continuous security monitoring', 'Ensure robust security hygiene', 'Conduct employee security awareness training', 'Implement strong email filtering', 'Regularly review access controls']"
unknown,0.9042692805633136,1,Unknown,[],[],0.9042692805633136,High,4521346.402816568,"['Enable Attack Surface Reduction (ASR) rules', 'Implement Local Administrator Password Solution (LAPS)', 'Ensure immutable and offline backups', 'Deploy Application Allowlisting', 'Isolate affected systems from network']"
berbew,0.0033104508115333,0,Berbew,"['T1486', 'T1055', 'T1027']","['D3-BAC', 'D3-BDR', 'D3-SAW']",0.0033104508115333,Low,16552.2540576665,"['Maintain continuous security monitoring', 'Ensure robust security hygiene', 'Conduct employee security awareness training', 'Implement strong email filtering', 'Regularly review access controls']"
unknown,0.9042692805633136,0,Unknown,[],[],0.9042692805633136,High,4521346.402816568,"['Enable Attack Surface Reduction (ASR) rules', 'Implement Local Administrator Password Solution (LAPS)', 'Ensure immutable and offline backups', 'Deploy Application Allowlisting', 'Isolate affected systems from network']"
expiro,0.0033104508115333,0,Expiro,"['T1486', 'T1055', 'T1027']","['D3-BAC', 'D3-BDR', 'D3-SAW']",0.0033104508115333,Low,16552.2540576665,"['Maintain continuous security monitoring', 'Ensure robust security hygiene', 'Conduct employee security awareness training', 'Implement strong email filtering', 'Regularly review access controls']"
unknown,0.9042692805633136,0,Unknown,[],[],0.9042692805633136,High,4521346.402816568,"['Enable Attack Surface Reduction (ASR) rules', 'Implement Local Administrator Password Solution (LAPS)', 'Ensure immutable and offline backups', 'Deploy Application Allowlisting', 'Isolate affected systems from network']"
unknown,0.9042692805633136,0,Unknown,[],[],0.9042692805633136,High,4521346.402816568,"['Enable Attack Surface Reduction (ASR) rules', 'Implement Local Administrator Password Solution (LAPS)', 'Ensure immutable and offline backups', 'Deploy Application Allowlisting', 'Isolate affected systems from network']"
unknown,0.9042692805633136,0,Unknown,[],[],0.9042692805633136,High,4521346.402816568,"['Enable Attack Surface Reduction (ASR) rules', 'Implement Local Administrator Password Solution (LAPS)', 'Ensure immutable and offline backups', 'Deploy Application Allowlisting', 'Isolate affected systems from network']"
unknown,0.0033104508115333,0,Unknown,[],[],0.0033104508115333,Low,16552.2540576665,"['Maintain continuous security monitoring', 'Ensure robust security hygiene', 'Conduct employee security awareness training', 'Implement strong email filtering', 'Regularly review access controls']"
unknown,0.0033104508115333,0,Unknown,[],[],0.0033104508115333,Low,16552.2540576665,"['Maintain continuous security monitoring', 'Ensure robust security hygiene', 'Conduct employee security awareness training', 'Implement strong email filtering', 'Regularly review access controls']"
unknown,0.0033104508115097,0,Unknown,[],[],0.0033104508115097,Low,16552.2540575485,"['Maintain continuous security monitoring', 'Ensure robust security hygiene', 'Conduct employee security awareness training', 'Implement strong email filtering', 'Regularly review access controls']"
unknown,0.9042692805633136,1,Unknown,[],[],0.9042692805633136,High,4521346.402816568,"['Enable Attack Surface Reduction (ASR) rules', 'Implement Local Administrator Password Solution (LAPS)', 'Ensure immutable and offline backups', 'Deploy Application Allowlisting', 'Isolate affected systems from network']"
unknown,0.9042692805633136,0,Unknown,[],[],0.9042692805633136,High,4521346.402816568,"['Enable Attack Surface Reduction (ASR) rules', 'Implement Local Administrator Password Solution (LAPS)', 'Ensure immutable and offline backups', 'Deploy Application Allowlisting', 'Isolate affected systems from network']"
unknown,0.9042692805633136,0,Unknown,[],[],0.9042692805633136,High,4521346.402816568,"['Enable Attack Surface Reduction (ASR) rules', 'Implement Local Administrator Password Solution (LAPS)', 'Ensure immutable and offline backups', 'Deploy Application Allowlisting', 'Isolate affected systems from network']"
unknown,0.9042692805633136,0,Unknown,[],[],0.9042692805633136,High,4521346.402816568,"['Enable Attack Surface Reduction (ASR) rules', 'Implement Local Administrator Password Solution (LAPS)', 'Ensure immutable and offline backups', 'Deploy Application Allowlisting', 'Isolate affected systems from network']"
unknown,0.9042692805633136,0,Unknown,[],[],0.9042692805633136,High,4521346.402816568,"['Enable Attack Surface Reduction (ASR) rules', 'Implement Local Administrator Password Solution (LAPS)', 'Ensure immutable and offline backups', 'Deploy Application Allowlisting', 'Isolate affected systems from network']"
unknown,0.0033104508115333,0,Unknown,[],[],0.0033104508115333,Low,16552.2540576665,"['Maintain continuous security monitoring', 'Ensure robust security hygiene', 'Conduct employee security awareness training', 'Implement strong email filtering', 'Regularly review access controls']"
unknown,0.9042692805633136,1,Unknown,[],[],0.9042692805633136,High,4521346.402816568,"['Enable Attack Surface Reduction (ASR) rules', 'Implement Local Administrator Password Solution (LAPS)', 'Ensure immutable and offline backups', 'Deploy Application Allowlisting', 'Isolate affected systems from network']"
unknown,0.0033104508115333,0,Unknown,[],[],0.0033104508115333,Low,16552.2540576665,"['Maintain continuous security monitoring', 'Ensure robust security hygiene', 'Conduct employee security awareness training', 'Implement strong email filtering', 'Regularly review access controls']"
unknown,0.9042692805633136,0,Unknown,[],[],0.9042692805633136,High,4521346.402816568,"['Enable Attack Surface Reduction (ASR) rules', 'Implement Local Administrator Password Solution (LAPS)', 'Ensure immutable and offline backups', 'Deploy Application Allowlisting', 'Isolate affected systems from network']"
stubo,0.003310450811466,0,GenericMalware,"['T1486', 'T1055', 'T1027']","['D3-BAC', 'D3-BDR', 'D3-SAW']",0.003310450811466,Low,16552.25405733,"['Maintain continuous security monitoring', 'Ensure robust security hygiene', 'Conduct employee security awareness training', 'Implement strong email filtering', 'Regularly review access controls']"
unknown,0.0033104508115333,0,Unknown,[],[],0.0033104508115333,Low,16552.2540576665,"['Maintain continuous security monitoring', 'Ensure robust security hygiene', 'Conduct employee security awareness training', 'Implement strong email filtering', 'Regularly review access controls']"
unknown,0.9042692805633136,1,Unknown,[],[],0.9042692805633136,High,4521346.402816568,"['Enable Attack Surface Reduction (ASR) rules', 'Implement Local Administrator Password Solution (LAPS)', 'Ensure immutable and offline backups', 'Deploy Application Allowlisting', 'Isolate affected systems from network']"
unknown,0.0033104508115333,0,Unknown,[],[],0.0033104508115333,Low,16552.2540576665,"['Maintain continuous security monitoring', 'Ensure robust security hygiene', 'Conduct employee security awareness training', 'Implement strong email filtering', 'Regularly review access controls']"
unknown,0.9042692805633136,1,Unknown,[],[],0.9042692805633136,High,4521346.402816568,"['Enable Attack Surface Reduction (ASR) rules', 'Implement Local Administrator Password Solution (LAPS)', 'Ensure immutable and offline backups', 'Deploy Application Allowlisting', 'Isolate affected systems from network']"
unknown,0.9042692805633136,1,Unknown,[],[],0.9042692805633136,High,4521346.402816568,"['Enable Attack Surface Reduction (ASR) rules', 'Implement Local Administrator Password Solution (LAPS)', 'Ensure immutable and offline backups', 'Deploy Application Allowlisting', 'Isolate affected systems from network']"
unknown,0.0033104508114677,0,Unknown,[],[],0.0033104508114677,Low,16552.254057338498,"['Maintain continuous security monitoring', 'Ensure robust security hygiene', 'Conduct employee security awareness training', 'Implement strong email filtering', 'Regularly review access controls']"
nuitka,0.0033104508115205,0,GenericMalware,"['T1486', 'T1055', 'T1027']","['D3-BAC', 'D3-BDR', 'D3-SAW']",0.0033104508115205,Low,16552.2540576025,"['Maintain continuous security monitoring', 'Ensure robust security hygiene', 'Conduct employee security awareness training', 'Implement strong email filtering', 'Regularly review access controls']"
unknown,0.9042692805633136,1,Unknown,[],[],0.9042692805633136,High,4521346.402816568,"['Enable Attack Surface Reduction (ASR) rules', 'Implement Local Administrator Password Solution (LAPS)', 'Ensure immutable and offline backups', 'Deploy Application Allowlisting', 'Isolate affected systems from network']"
wacatac,0.003310450811489,0,Wacatac,"['T1486', 'T1055', 'T1027']","['D3-BAC', 'D3-BDR', 'D3-SAW']",0.003310450811489,Low,16552.254057445,"['Maintain continuous security monitoring', 'Ensure robust security hygiene', 'Conduct employee security awareness training', 'Implement strong email filtering', 'Regularly review access controls']"
unknown,0.9042692805633136,0,Unknown,[],[],0.9042692805633136,High,4521346.402816568,"['Enable Attack Surface Reduction (ASR) rules', 'Implement Local Administrator Password Solution (LAPS)', 'Ensure immutable and offline backups', 'Deploy Application Allowlisting', 'Isolate affected systems from network']"
unknown,0.9042692805633136,0,Unknown,[],[],0.9042692805633136,High,4521346.402816568,"['Enable Attack Surface Reduction (ASR) rules', 'Implement Local Administrator Password Solution (LAPS)', 'Ensure immutable and offline backups', 'Deploy Application Allowlisting', 'Isolate affected systems from network']"
unknown,0.0041206952685782,0,Unknown,[],[],0.0041206952685782,Low,20603.476342891,"['Maintain continuous security monitoring', 'Ensure robust security hygiene', 'Conduct employee security awareness training', 'Implement strong email filtering', 'Regularly review access controls']"
unknown,0.9042692805633136,1,Unknown,[],[],0.9042692805633136,High,4521346.402816568,"['Enable Attack Surface Reduction (ASR) rules', 'Implement Local Administrator Password Solution (LAPS)', 'Ensure immutable and offline backups', 'Deploy Application Allowlisting', 'Isolate affected systems from network']"
unknown,0.9042692805633136,1,Unknown,[],[],0.9042692805633136,High,4521346.402816568,"['Enable Attack Surface Reduction (ASR) rules', 'Implement Local Administrator Password Solution (LAPS)', 'Ensure immutable and offline backups', 'Deploy Application Allowlisting', 'Isolate affected systems from network']"
unknown,0.9042692805633136,0,Unknown,[],[],0.9042692805633136,High,4521346.402816568,"['Enable Attack Surface Reduction (ASR) rules', 'Implement Local Administrator Password Solution (LAPS)', 'Ensure immutable and offline backups', 'Deploy Application Allowlisting', 'Isolate affected systems from network']"
wacatac,0.0033104508115318,0,Wacatac,"['T1486', 'T1055', 'T1027']","['D3-BAC', 'D3-BDR', 'D3-SAW']",0.0033104508115318,Low,16552.254057659,"['Maintain continuous security monitoring', 'Ensure robust security hygiene', 'Conduct employee security awareness training', 'Implement strong email filtering', 'Regularly review access controls']"
wacatac,0.0033104508114935,0,Wacatac,"['T1486', 'T1055', 'T1027']","['D3-BAC', 'D3-BDR', 'D3-SAW']",0.0033104508114935,Low,16552.2540574675,"['Maintain continuous security monitoring', 'Ensure robust security hygiene', 'Conduct employee security awareness training', 'Implement strong email filtering', 'Regularly review access controls']"
pkeylog,0.0033104508115333,0,GenericMalware,"['T1486', 'T1055', 'T1027']","['D3-BAC', 'D3-BDR', 'D3-SAW']",0.0033104508115333,Low,16552.2540576665,"['Maintain continuous security monitoring', 'Ensure robust security hygiene', 'Conduct employee security awareness training', 'Implement strong email filtering', 'Regularly review access controls']"
unknown,0.0033104508115333,0,Unknown,[],[],0.0033104508115333,Low,16552.2540576665,"['Maintain continuous security monitoring', 'Ensure robust security hygiene', 'Conduct employee security awareness training', 'Implement strong email filtering', 'Regularly review access controls']"
unknown,0.0033104508115333,0,Unknown,[],[],0.0033104508115333,Low,16552.2540576665,"['Maintain continuous security monitoring', 'Ensure robust security hygiene', 'Conduct employee security awareness training', 'Implement strong email filtering', 'Regularly review access controls']"
unknown,0.0033104508115333,0,Unknown,[],[],0.0033104508115333,Low,16552.2540576665,"['Maintain continuous security monitoring', 'Ensure robust security hygiene', 'Conduct employee security awareness training', 'Implement strong email filtering', 'Regularly review access controls']"
expiro,0.0033104508115309,0,Expiro,"['T1486', 'T1055', 'T1027']","['D3-BAC', 'D3-BDR', 'D3-SAW']",0.0033104508115309,Low,16552.2540576545,"['Maintain continuous security monitoring', 'Ensure robust security hygiene', 'Conduct employee security awareness training', 'Implement strong email filtering', 'Regularly review access controls']"
unknown,0.9042692805633136,1,Unknown,[],[],0.9042692805633136,High,4521346.402816568,"['Enable Attack Surface Reduction (ASR) rules', 'Implement Local Administrator Password Solution (LAPS)', 'Ensure immutable and offline backups', 'Deploy Application Allowlisting', 'Isolate affected systems from network']"
unknown,0.9042692805633136,1,Unknown,[],[],0.9042692805633136,High,4521346.402816568,"['Enable Attack Surface Reduction (ASR) rules', 'Implement Local Administrator Password Solution (LAPS)', 'Ensure immutable and offline backups', 'Deploy Application Allowlisting', 'Isolate affected systems from network']"
unknown,0.0033104508115333,0,Unknown,[],[],0.0033104508115333,Low,16552.2540576665,"['Maintain continuous security monitoring', 'Ensure robust security hygiene', 'Conduct employee security awareness training', 'Implement strong email filtering', 'Regularly review access controls']"
unknown,0.0033104508115333,0,Unknown,[],[],0.0033104508115333,Low,16552.2540576665,"['Maintain continuous security monitoring', 'Ensure robust security hygiene', 'Conduct employee security awareness training', 'Implement strong email filtering', 'Regularly review access controls']"
unknown,0.0033104508115333,0,Unknown,[],[],0.0033104508115333,Low,16552.2540576665,"['Maintain continuous security monitoring', 'Ensure robust security hygiene', 'Conduct employee security awareness training', 'Implement strong email filtering', 'Regularly review access controls']"
wacatac,0.0033104508114895,0,Wacatac,"['T1486', 'T1055', 'T1027']","['D3-BAC', 'D3-BDR', 'D3-SAW']",0.0033104508114895,Low,16552.2540574475,"['Maintain continuous security monitoring', 'Ensure robust security hygiene', 'Conduct employee security awareness training', 'Implement strong email filtering', 'Regularly review access controls']"
unknown,0.0033104508115333,0,Unknown,[],[],0.0033104508115333,Low,16552.2540576665,"['Maintain continuous security monitoring', 'Ensure robust security hygiene', 'Conduct employee security awareness training', 'Implement strong email filtering', 'Regularly review access controls']"
unknown,0.9042692805633136,1,Unknown,[],[],0.9042692805633136,High,4521346.402816568,"['Enable Attack Surface Reduction (ASR) rules', 'Implement Local Administrator Password Solution (LAPS)', 'Ensure immutable and offline backups', 'Deploy Application Allowlisting', 'Isolate affected systems from network']"
unknown,0.9042692805633136,1,Unknown,[],[],0.9042692805633136,High,4521346.402816568,"['Enable Attack Surface Reduction (ASR) rules', 'Implement Local Administrator Password Solution (LAPS)', 'Ensure immutable and offline backups', 'Deploy Application Allowlisting', 'Isolate affected systems from network']"
berbew,0.0033104508115221,0,Berbew,"['T1486', 'T1055', 'T1027']","['D3-BAC', 'D3-BDR', 'D3-SAW']",0.0033104508115221,Low,16552.2540576105,"['Maintain continuous security monitoring', 'Ensure robust security hygiene', 'Conduct employee security awareness training', 'Implement strong email filtering', 'Regularly review access controls']"
unknown,0.9042692805633136,1,Unknown,[],[],0.9042692805633136,High,4521346.402816568,"['Enable Attack Surface Reduction (ASR) rules', 'Implement Local Administrator Password Solution (LAPS)', 'Ensure immutable and offline backups', 'Deploy Application Allowlisting', 'Isolate affected systems from network']"
unknown,0.9042692805633136,1,Unknown,[],[],0.9042692805633136,High,4521346.402816568,"['Enable Attack Surface Reduction (ASR) rules', 'Implement Local Administrator Password Solution (LAPS)', 'Ensure immutable and offline backups', 'Deploy Application Allowlisting', 'Isolate affected systems from network']"
unknown,0.9042692805633136,1,Unknown,[],[],0.9042692805633136,High,4521346.402816568,"['Enable Attack Surface Reduction (ASR) rules', 'Implement Local Administrator Password Solution (LAPS)', 'Ensure immutable and offline backups', 'Deploy Application Allowlisting', 'Isolate affected systems from network']"
convagent,0.0033104508115333,0,ConvAgent,"['T1486', 'T1055', 'T1027']","['D3-BAC', 'D3-BDR', 'D3-SAW']",0.0033104508115333,Low,16552.2540576665,"['Maintain continuous security monitoring', 'Ensure robust security hygiene', 'Conduct employee security awareness training', 'Implement strong email filtering', 'Regularly review access controls']"
expiro,0.0033104508115333,0,Expiro,"['T1486', 'T1055', 'T1027']","['D3-BAC', 'D3-BDR', 'D3-SAW']",0.0033104508115333,Low,16552.2540576665,"['Maintain continuous security monitoring', 'Ensure robust security hygiene', 'Conduct employee security awareness training', 'Implement strong email filtering', 'Regularly review access controls']"
unknown,0.9042692805633136,0,Unknown,[],[],0.9042692805633136,High,4521346.402816568,"['Enable Attack Surface Reduction (ASR) rules', 'Implement Local Administrator Password Solution (LAPS)', 'Ensure immutable and offline backups', 'Deploy Application Allowlisting', 'Isolate affected systems from network']"
unknown,0.0033104508115333,0,Unknown,[],[],0.0033104508115333,Low,16552.2540576665,"['Maintain continuous security monitoring', 'Ensure robust security hygiene', 'Conduct employee security awareness training', 'Implement strong email filtering', 'Regularly review access controls']"
unknown,0.9042692805633136,1,Unknown,[],[],0.9042692805633136,High,4521346.402816568,"['Enable Attack Surface Reduction (ASR) rules', 'Implement Local Administrator Password Solution (LAPS)', 'Ensure immutable and offline backups', 'Deploy Application Allowlisting', 'Isolate affected systems from network']"
unknown,0.9042692805633136,0,Unknown,[],[],0.9042692805633136,High,4521346.402816568,"['Enable Attack Surface Reduction (ASR) rules', 'Implement Local Administrator Password Solution (LAPS)', 'Ensure immutable and offline backups', 'Deploy Application Allowlisting', 'Isolate affected systems from network']"
netbounce,0.0033104508115294,0,GenericMalware,"['T1486', 'T1055', 'T1027']","['D3-BAC', 'D3-BDR', 'D3-SAW']",0.0033104508115294,Low,16552.254057647002,"['Maintain continuous security monitoring', 'Ensure robust security hygiene', 'Conduct employee security awareness training', 'Implement strong email filtering', 'Regularly review access controls']"
unknown,0.9042692805633136,1,Unknown,[],[],0.9042692805633136,High,4521346.402816568,"['Enable Attack Surface Reduction (ASR) rules', 'Implement Local Administrator Password Solution (LAPS)', 'Ensure immutable and offline backups', 'Deploy Application Allowlisting', 'Isolate affected systems from network']"
unknown,0.0033104508116689,0,Unknown,[],[],0.0033104508116689,Low,16552.2540583445,"['Maintain continuous security monitoring', 'Ensure robust security hygiene', 'Conduct employee security awareness training', 'Implement strong email filtering', 'Regularly review access controls']"
titanstealer,0.0033104508115333,0,GenericMalware,"['T1486', 'T1055', 'T1027']","['D3-BAC', 'D3-BDR', 'D3-SAW']",0.0033104508115333,Low,16552.2540576665,"['Maintain continuous security monitoring', 'Ensure robust security hygiene', 'Conduct employee security awareness training', 'Implement strong email filtering', 'Regularly review access controls']"
unknown,0.9042692805633136,0,Unknown,[],[],0.9042692805633136,High,4521346.402816568,"['Enable Attack Surface Reduction (ASR) rules', 'Implement Local Administrator Password Solution (LAPS)', 'Ensure immutable and offline backups', 'Deploy Application Allowlisting', 'Isolate affected systems from network']"
unknown,0.0033104508115333,0,Unknown,[],[],0.0033104508115333,Low,16552.2540576665,"['Maintain continuous security monitoring', 'Ensure robust security hygiene', 'Conduct employee security awareness training', 'Implement strong email filtering', 'Regularly review access controls']"
unknown,0.0033104508115097,0,Unknown,[],[],0.0033104508115097,Low,16552.2540575485,"['Maintain continuous security monitoring', 'Ensure robust security hygiene', 'Conduct employee security awareness training', 'Implement strong email filtering', 'Regularly review access controls']"
picsys,0.0033104508115333,0,GenericMalware,"['T1486', 'T1055', 'T1027']","['D3-BAC', 'D3-BDR', 'D3-SAW']",0.0033104508115333,Low,16552.2540576665,"['Maintain continuous security monitoring', 'Ensure robust security hygiene', 'Conduct employee security awareness training', 'Implement strong email filtering', 'Regularly review access controls']"
upatre,0.0033104469826889,0,Upatre,"['T1486', 'T1055', 'T1027']","['D3-BAC', 'D3-BDR', 'D3-SAW']",0.0033104469826889,Low,16552.2349134445,"['Maintain continuous security monitoring', 'Ensure robust security hygiene', 'Conduct employee security awareness training', 'Implement strong email filtering', 'Regularly review access controls']"
unknown,0.9042692805633136,0,Unknown,[],[],0.9042692805633136,High,4521346.402816568,"['Enable Attack Surface Reduction (ASR) rules', 'Implement Local Administrator Password Solution (LAPS)', 'Ensure immutable and offline backups', 'Deploy Application Allowlisting', 'Isolate affected systems from network']"
unknown,0.0033104508115333,0,Unknown,[],[],0.0033104508115333,Low,16552.2540576665,"['Maintain continuous security monitoring', 'Ensure robust security hygiene', 'Conduct employee security awareness training', 'Implement strong email filtering', 'Regularly review access controls']"
unknown,0.9042692805633136,1,Unknown,[],[],0.9042692805633136,High,4521346.402816568,"['Enable Attack Surface Reduction (ASR) rules', 'Implement Local Administrator Password Solution (LAPS)', 'Ensure immutable and offline backups', 'Deploy Application Allowlisting', 'Isolate affected systems from network']"
unknown,0.0033104508115333,0,Unknown,[],[],0.0033104508115333,Low,16552.2540576665,"['Maintain continuous security monitoring', 'Ensure robust security hygiene', 'Conduct employee security awareness training', 'Implement strong email filtering', 'Regularly review access controls']"
unknown,0.9042692805633136,1,Unknown,[],[],0.9042692805633136,High,4521346.402816568,"['Enable Attack Surface Reduction (ASR) rules', 'Implement Local Administrator Password Solution (LAPS)', 'Ensure immutable and offline backups', 'Deploy Application Allowlisting', 'Isolate affected systems from network']"
satana,0.0033104508115333,0,Satana,"['T1486', 'T1055', 'T1027']","['D3-BAC', 'D3-BDR', 'D3-SAW']",0.0033104508115333,Low,16552.2540576665,"['Maintain continuous security monitoring', 'Ensure robust security hygiene', 'Conduct employee security awareness training', 'Implement strong email filtering', 'Regularly review access controls']"
unknown,0.0033104508115037,0,Unknown,[],[],0.0033104508115037,Low,16552.2540575185,"['Maintain continuous security monitoring', 'Ensure robust security hygiene', 'Conduct employee security awareness training', 'Implement strong email filtering', 'Regularly review access controls']"
berbew,0.0033104508115333,0,Berbew,"['T1486', 'T1055', 'T1027']","['D3-BAC', 'D3-BDR', 'D3-SAW']",0.0033104508115333,Low,16552.2540576665,"['Maintain continuous security monitoring', 'Ensure robust security hygiene', 'Conduct employee security awareness training', 'Implement strong email filtering', 'Regularly review access controls']"
unknown,0.9042692805633136,0,Unknown,[],[],0.9042692805633136,High,4521346.402816568,"['Enable Attack Surface Reduction (ASR) rules', 'Implement Local Administrator Password Solution (LAPS)', 'Ensure immutable and offline backups', 'Deploy Application Allowlisting', 'Isolate affected systems from network']"
flystudio,0.0033104508115333,0,FlyStudio,"['T1486', 'T1055', 'T1027']","['D3-BAC', 'D3-BDR', 'D3-SAW']",0.0033104508115333,Low,16552.2540576665,"['Maintain continuous security monitoring', 'Ensure robust security hygiene', 'Conduct employee security awareness training', 'Implement strong email filtering', 'Regularly review access controls']"
unknown,0.9042692805633136,1,Unknown,[],[],0.9042692805633136,High,4521346.402816568,"['Enable Attack Surface Reduction (ASR) rules', 'Implement Local Administrator Password Solution (LAPS)', 'Ensure immutable and offline backups', 'Deploy Application Allowlisting', 'Isolate affected systems from network']"
unknown,0.0033104508115333,0,Unknown,[],[],0.0033104508115333,Low,16552.2540576665,"['Maintain continuous security monitoring', 'Ensure robust security hygiene', 'Conduct employee security awareness training', 'Implement strong email filtering', 'Regularly review access controls']"
berbew,0.0033104508115333,0,Berbew,"['T1486', 'T1055', 'T1027']","['D3-BAC', 'D3-BDR', 'D3-SAW']",0.0033104508115333,Low,16552.2540576665,"['Maintain continuous security monitoring', 'Ensure robust security hygiene', 'Conduct employee security awareness training', 'Implement strong email filtering', 'Regularly review access controls']"
unknown,0.0033104508118171,0,Unknown,[],[],0.0033104508118171,Low,16552.2540590855,"['Maintain continuous security monitoring', 'Ensure robust security hygiene', 'Conduct employee security awareness training', 'Implement strong email filtering', 'Regularly review access controls']"
unknown,0.0033104508115868,0,Unknown,[],[],0.0033104508115868,Low,16552.254057934,"['Maintain continuous security monitoring', 'Ensure robust security hygiene', 'Conduct employee security awareness training', 'Implement strong email filtering', 'Regularly review access controls']"
unknown,0.9042692805633136,1,Unknown,[],[],0.9042692805633136,High,4521346.402816568,"['Enable Attack Surface Reduction (ASR) rules', 'Implement Local Administrator Password Solution (LAPS)', 'Ensure immutable and offline backups', 'Deploy Application Allowlisting', 'Isolate affected systems from network']"
unknown,0.9042692805633136,0,Unknown,[],[],0.9042692805633136,High,4521346.402816568,"['Enable Attack Surface Reduction (ASR) rules', 'Implement Local Administrator Password Solution (LAPS)', 'Ensure immutable and offline backups', 'Deploy Application Allowlisting', 'Isolate affected systems from network']"
unknown,0.9042692805633136,1,Unknown,[],[],0.9042692805633136,High,4521346.402816568,"['Enable Attack Surface Reduction (ASR) rules', 'Implement Local Administrator Password Solution (LAPS)', 'Ensure immutable and offline backups', 'Deploy Application Allowlisting', 'Isolate affected systems from network']"
unknown,0.0033104508115284,0,Unknown,[],[],0.0033104508115284,Low,16552.254057642,"['Maintain continuous security monitoring', 'Ensure robust security hygiene', 'Conduct employee security awareness training', 'Implement strong email filtering', 'Regularly review access controls']"
unknown,0.0033104508115333,0,Unknown,[],[],0.0033104508115333,Low,16552.2540576665,"['Maintain continuous security monitoring', 'Ensure robust security hygiene', 'Conduct employee security awareness training', 'Implement strong email filtering', 'Regularly review access controls']"
unknown,0.9042692805633136,1,Unknown,[],[],0.9042692805633136,High,4521346.402816568,"['Enable Attack Surface Reduction (ASR) rules', 'Implement Local Administrator Password Solution (LAPS)', 'Ensure immutable and offline backups', 'Deploy Application Allowlisting', 'Isolate affected systems from network']"
unknown,0.0033104508115333,0,Unknown,[],[],0.0033104508115333,Low,16552.2540576665,"['Maintain continuous security monitoring', 'Ensure robust security hygiene', 'Conduct employee security awareness training', 'Implement strong email filtering', 'Regularly review access controls']"
unknown,0.9042692805633136,1,Unknown,[],[],0.9042692805633136,High,4521346.402816568,"['Enable Attack Surface Reduction (ASR) rules', 'Implement Local Administrator Password Solution (LAPS)', 'Ensure immutable and offline backups', 'Deploy Application Allowlisting', 'Isolate affected systems from network']"
unknown,0.0033104508115223,0,Unknown,[],[],0.0033104508115223,Low,16552.2540576115,"['Maintain continuous security monitoring', 'Ensure robust security hygiene', 'Conduct employee security awareness training', 'Implement strong email filtering', 'Regularly review access controls']"
unknown,0.0033104508115294,0,Unknown,[],[],0.0033104508115294,Low,16552.254057647002,"['Maintain continuous security monitoring', 'Ensure robust security hygiene', 'Conduct employee security awareness training', 'Implement strong email filtering', 'Regularly review access controls']"
unknown,0.0033104508115333,0,Unknown,[],[],0.0033104508115333,Low,16552.2540576665,"['Maintain continuous security monitoring', 'Ensure robust security hygiene', 'Conduct employee security awareness training', 'Implement strong email filtering', 'Regularly review access controls']"
unknown,0.9042692805633136,0,Unknown,[],[],0.9042692805633136,High,4521346.402816568,"['Enable Attack Surface Reduction (ASR) rules', 'Implement Local Administrator Password Solution (LAPS)', 'Ensure immutable and offline backups', 'Deploy Application Allowlisting', 'Isolate affected systems from network']"
xmrig,0.0033104508115333,0,XMRig,"['T1055', 'T1027', 'T1059']","['D3-AL', 'D3-CR', 'D3-SAW']",0.0033104508115333,Low,16552.2540576665,"['Maintain continuous security monitoring', 'Ensure robust security hygiene', 'Conduct employee security awareness training', 'Implement strong email filtering', 'Regularly review access controls']"
unknown,0.9042692805633136,1,Unknown,[],[],0.9042692805633136,High,4521346.402816568,"['Enable Attack Surface Reduction (ASR) rules', 'Implement Local Administrator Password Solution (LAPS)', 'Ensure immutable and offline backups', 'Deploy Application Allowlisting', 'Isolate affected systems from network']"
unknown,0.0033104508115333,0,Unknown,[],[],0.0033104508115333,Low,16552.2540576665,"['Maintain continuous security monitoring', 'Ensure robust security hygiene', 'Conduct employee security awareness training', 'Implement strong email filtering', 'Regularly review access controls']"
unknown,0.9042692805633136,0,Unknown,[],[],0.9042692805633136,High,4521346.402816568,"['Enable Attack Surface Reduction (ASR) rules', 'Implement Local Administrator Password Solution (LAPS)', 'Ensure immutable and offline backups', 'Deploy Application Allowlisting', 'Isolate affected systems from network']"
convagent,0.0033104508115758,0,ConvAgent,"['T1486', 'T1055', 'T1027']","['D3-BAC', 'D3-BDR', 'D3-SAW']",0.0033104508115758,Low,16552.254057879,"['Maintain continuous security monitoring', 'Ensure robust security hygiene', 'Conduct employee security awareness training', 'Implement strong email filtering', 'Regularly review access controls']"
unknown,0.0033104508115333,0,Unknown,[],[],0.0033104508115333,Low,16552.2540576665,"['Maintain continuous security monitoring', 'Ensure robust security hygiene', 'Conduct employee security awareness training', 'Implement strong email filtering', 'Regularly review access controls']"
unknown,0.9042692805633136,0,Unknown,[],[],0.9042692805633136,High,4521346.402816568,"['Enable Attack Surface Reduction (ASR) rules', 'Implement Local Administrator Password Solution (LAPS)', 'Ensure immutable and offline backups', 'Deploy Application Allowlisting', 'Isolate affected systems from network']"
unknown,0.9042692805633136,1,Unknown,[],[],0.9042692805633136,High,4521346.402816568,"['Enable Attack Surface Reduction (ASR) rules', 'Implement Local Administrator Password Solution (LAPS)', 'Ensure immutable and offline backups', 'Deploy Application Allowlisting', 'Isolate affected systems from network']"
puwaders,0.0033104508115333,0,GenericMalware,"['T1486', 'T1055', 'T1027']","['D3-BAC', 'D3-BDR', 'D3-SAW']",0.0033104508115333,Low,16552.2540576665,"['Maintain continuous security monitoring', 'Ensure robust security hygiene', 'Conduct employee security awareness training', 'Implement strong email filtering', 'Regularly review access controls']"
wacatac,0.0033104508114895,0,Wacatac,"['T1486', 'T1055', 'T1027']","['D3-BAC', 'D3-BDR', 'D3-SAW']",0.0033104508114895,Low,16552.2540574475,"['Maintain continuous security monitoring', 'Ensure robust security hygiene', 'Conduct employee security awareness training', 'Implement strong email filtering', 'Regularly review access controls']"
unknown,0.0033104508115205,0,Unknown,[],[],0.0033104508115205,Low,16552.2540576025,"['Maintain continuous security monitoring', 'Ensure robust security hygiene', 'Conduct employee security awareness training', 'Implement strong email filtering', 'Regularly review access controls']"
unknown,0.9042692805633136,0,Unknown,[],[],0.9042692805633136,High,4521346.402816568,"['Enable Attack Surface Reduction (ASR) rules', 'Implement Local Administrator Password Solution (LAPS)', 'Ensure immutable and offline backups', 'Deploy Application Allowlisting', 'Isolate affected systems from network']"
upatre,0.0033104508115869,0,Upatre,"['T1486', 'T1055', 'T1027']","['D3-BAC', 'D3-BDR', 'D3-SAW']",0.0033104508115869,Low,16552.2540579345,"['Maintain continuous security monitoring', 'Ensure robust security hygiene', 'Conduct employee security awareness training', 'Implement strong email filtering', 'Regularly review access controls']"
unknown,0.9042692805633136,0,Unknown,[],[],0.9042692805633136,High,4521346.402816568,"['Enable Attack Surface Reduction (ASR) rules', 'Implement Local Administrator Password Solution (LAPS)', 'Ensure immutable and offline backups', 'Deploy Application Allowlisting', 'Isolate affected systems from network']"
unknown,0.0033454371183524,0,Unknown,[],[],0.0033454371183524,Low,16727.185591762,"['Maintain continuous security monitoring', 'Ensure robust security hygiene', 'Conduct employee security awareness training', 'Implement strong email filtering', 'Regularly review access controls']"
unknown,0.9042692805633136,0,Unknown,[],[],0.9042692805633136,High,4521346.402816568,"['Enable Attack Surface Reduction (ASR) rules', 'Implement Local Administrator Password Solution (LAPS)', 'Ensure immutable and offline backups', 'Deploy Application Allowlisting', 'Isolate affected systems from network']"
unknown,0.9042692805633136,1,Unknown,[],[],0.9042692805633136,High,4521346.402816568,"['Enable Attack Surface Reduction (ASR) rules', 'Implement Local Administrator Password Solution (LAPS)', 'Ensure immutable and offline backups', 'Deploy Application Allowlisting', 'Isolate affected systems from network']"
unknown,0.9042692805633136,0,Unknown,[],[],0.9042692805633136,High,4521346.402816568,"['Enable Attack Surface Reduction (ASR) rules', 'Implement Local Administrator Password Solution (LAPS)', 'Ensure immutable and offline backups', 'Deploy Application Allowlisting', 'Isolate affected systems from network']"
xmrig,0.0033104508115333,0,XMRig,"['T1055', 'T1027', 'T1059']","['D3-AL', 'D3-CR', 'D3-SAW']",0.0033104508115333,Low,16552.2540576665,"['Maintain continuous security monitoring', 'Ensure robust security hygiene', 'Conduct employee security awareness training', 'Implement strong email filtering', 'Regularly review access controls']"
unknown,0.9042692805633136,0,Unknown,[],[],0.9042692805633136,High,4521346.402816568,"['Enable Attack Surface Reduction (ASR) rules', 'Implement Local Administrator Password Solution (LAPS)', 'Ensure immutable and offline backups', 'Deploy Application Allowlisting', 'Isolate affected systems from network']"
unknown,0.003310450811521,0,Unknown,[],[],0.003310450811521,Low,16552.254057605,"['Maintain continuous security monitoring', 'Ensure robust security hygiene', 'Conduct employee security awareness training', 'Implement strong email filtering', 'Regularly review access controls']"
unknown,0.9042692805633136,1,Unknown,[],[],0.9042692805633136,High,4521346.402816568,"['Enable Attack Surface Reduction (ASR) rules', 'Implement Local Administrator Password Solution (LAPS)', 'Ensure immutable and offline backups', 'Deploy Application Allowlisting', 'Isolate affected systems from network']"
unknown,0.9042692805633136,1,Unknown,[],[],0.9042692805633136,High,4521346.402816568,"['Enable Attack Surface Reduction (ASR) rules', 'Implement Local Administrator Password Solution (LAPS)', 'Ensure immutable and offline backups', 'Deploy Application Allowlisting', 'Isolate affected systems from network']"
wacatac,0.0033104508115309,0,Wacatac,"['T1486', 'T1055', 'T1027']","['D3-BAC', 'D3-BDR', 'D3-SAW']",0.0033104508115309,Low,16552.2540576545,"['Maintain continuous security monitoring', 'Ensure robust security hygiene', 'Conduct employee security awareness training', 'Implement strong email filtering', 'Regularly review access controls']"
unknown,0.0033104508135067,0,Unknown,[],[],0.0033104508135067,Low,16552.2540675335,"['Maintain continuous security monitoring', 'Ensure robust security hygiene', 'Conduct employee security awareness training', 'Implement strong email filtering', 'Regularly review access controls']"
unknown,0.0033104508115333,0,Unknown,[],[],0.0033104508115333,Low,16552.2540576665,"['Maintain continuous security monitoring', 'Ensure robust security hygiene', 'Conduct employee security awareness training', 'Implement strong email filtering', 'Regularly review access controls']"
unknown,0.0033104508115309,0,Unknown,[],[],0.0033104508115309,Low,16552.2540576545,"['Maintain continuous security monitoring', 'Ensure robust security hygiene', 'Conduct employee security awareness training', 'Implement strong email filtering', 'Regularly review access controls']"
unknown,0.0033104508115333,0,Unknown,[],[],0.0033104508115333,Low,16552.2540576665,"['Maintain continuous security monitoring', 'Ensure robust security hygiene', 'Conduct employee security awareness training', 'Implement strong email filtering', 'Regularly review access controls']"
unknown,0.0033104508115333,0,Unknown,[],[],0.0033104508115333,Low,16552.2540576665,"['Maintain continuous security monitoring', 'Ensure robust security hygiene', 'Conduct employee security awareness training', 'Implement strong email filtering', 'Regularly review access controls']"
unknown,0.9042692805633136,1,Unknown,[],[],0.9042692805633136,High,4521346.402816568,"['Enable Attack Surface Reduction (ASR) rules', 'Implement Local Administrator Password Solution (LAPS)', 'Ensure immutable and offline backups', 'Deploy Application Allowlisting', 'Isolate affected systems from network']"
unknown,0.0033104508114618,0,Unknown,[],[],0.0033104508114618,Low,16552.254057309,"['Maintain continuous security monitoring', 'Ensure robust security hygiene', 'Conduct employee security awareness training', 'Implement strong email filtering', 'Regularly review access controls']"
unknown,0.0033104508115333,0,Unknown,[],[],0.0033104508115333,Low,16552.2540576665,"['Maintain continuous security monitoring', 'Ensure robust security hygiene', 'Conduct employee security awareness training', 'Implement strong email filtering', 'Regularly review access controls']"
unknown,0.9042692805633136,0,Unknown,[],[],0.9042692805633136,High,4521346.402816568,"['Enable Attack Surface Reduction (ASR) rules', 'Implement Local Administrator Password Solution (LAPS)', 'Ensure immutable and offline backups', 'Deploy Application Allowlisting', 'Isolate affected systems from network']"
unknown,0.9042692805633136,0,Unknown,[],[],0.9042692805633136,High,4521346.402816568,"['Enable Attack Surface Reduction (ASR) rules', 'Implement Local Administrator Password Solution (LAPS)', 'Ensure immutable and offline backups', 'Deploy Application Allowlisting', 'Isolate affected systems from network']"
unknown,0.9042692805633136,1,Unknown,[],[],0.9042692805633136,High,4521346.402816568,"['Enable Attack Surface Reduction (ASR) rules', 'Implement Local Administrator Password Solution (LAPS)', 'Ensure immutable and offline backups', 'Deploy Application Allowlisting', 'Isolate affected systems from network']"
unknown,0.0033104508115333,0,Unknown,[],[],0.0033104508115333,Low,16552.2540576665,"['Maintain continuous security monitoring', 'Ensure robust security hygiene', 'Conduct employee security awareness training', 'Implement strong email filtering', 'Regularly review access controls']"
unknown,0.003310450811489,0,Unknown,[],[],0.003310450811489,Low,16552.254057445,"['Maintain continuous security monitoring', 'Ensure robust security hygiene', 'Conduct employee security awareness training', 'Implement strong email filtering', 'Regularly review access controls']"
unknown,0.0033104508115333,0,Unknown,[],[],0.0033104508115333,Low,16552.2540576665,"['Maintain continuous security monitoring', 'Ensure robust security hygiene', 'Conduct employee security awareness training', 'Implement strong email filtering', 'Regularly review access controls']"
unknown,0.0033104508115333,0,Unknown,[],[],0.0033104508115333,Low,16552.2540576665,"['Maintain continuous security monitoring', 'Ensure robust security hygiene', 'Conduct employee security awareness training', 'Implement strong email filtering', 'Regularly review access controls']"
unknown,0.0033104508115333,0,Unknown,[],[],0.0033104508115333,Low,16552.2540576665,"['Maintain continuous security monitoring', 'Ensure robust security hygiene', 'Conduct employee security awareness training', 'Implement strong email filtering', 'Regularly review access controls']"
ulise,0.0033104490923377,0,Ulise,"['T1486', 'T1055', 'T1027']","['D3-BAC', 'D3-BDR', 'D3-SAW']",0.0033104490923377,Low,16552.2454616885,"['Maintain continuous security monitoring', 'Ensure robust security hygiene', 'Conduct employee security awareness training', 'Implement strong email filtering', 'Regularly review access controls']"
unknown,0.9042692805633136,0,Unknown,[],[],0.9042692805633136,High,4521346.402816568,"['Enable Attack Surface Reduction (ASR) rules', 'Implement Local Administrator Password Solution (LAPS)', 'Ensure immutable and offline backups', 'Deploy Application Allowlisting', 'Isolate affected systems from network']"
unknown,0.9042692805633136,0,Unknown,[],[],0.9042692805633136,High,4521346.402816568,"['Enable Attack Surface Reduction (ASR) rules', 'Implement Local Administrator Password Solution (LAPS)', 'Ensure immutable and offline backups', 'Deploy Application Allowlisting', 'Isolate affected systems from network']"
unknown,0.9042692805633136,1,Unknown,[],[],0.9042692805633136,High,4521346.402816568,"['Enable Attack Surface Reduction (ASR) rules', 'Implement Local Administrator Password Solution (LAPS)', 'Ensure immutable and offline backups', 'Deploy Application Allowlisting', 'Isolate affected systems from network']"
unknown,0.0033104508115225,0,Unknown,[],[],0.0033104508115225,Low,16552.2540576125,"['Maintain continuous security monitoring', 'Ensure robust security hygiene', 'Conduct employee security awareness training', 'Implement strong email filtering', 'Regularly review access controls']"
unknown,0.9042692805633136,0,Unknown,[],[],0.9042692805633136,High,4521346.402816568,"['Enable Attack Surface Reduction (ASR) rules', 'Implement Local Administrator Password Solution (LAPS)', 'Ensure immutable and offline backups', 'Deploy Application Allowlisting', 'Isolate affected systems from network']"
flystudio,0.0033104508115318,0,FlyStudio,"['T1486', 'T1055', 'T1027']","['D3-BAC', 'D3-BDR', 'D3-SAW']",0.0033104508115318,Low,16552.254057659,"['Maintain continuous security monitoring', 'Ensure robust security hygiene', 'Conduct employee security awareness training', 'Implement strong email filtering', 'Regularly review access controls']"
realprotect,0.0033104508115333,0,GenericMalware,"['T1486', 'T1055', 'T1027']","['D3-BAC', 'D3-BDR', 'D3-SAW']",0.0033104508115333,Low,16552.2540576665,"['Maintain continuous security monitoring', 'Ensure robust security hygiene', 'Conduct employee security awareness training', 'Implement strong email filtering', 'Regularly review access controls']"
unknown,0.0033104508115201,0,Unknown,[],[],0.0033104508115201,Low,16552.2540576005,"['Maintain continuous security monitoring', 'Ensure robust security hygiene', 'Conduct employee security awareness training', 'Implement strong email filtering', 'Regularly review access controls']"
unknown,0.0034876736340132,0,Unknown,[],[],0.0034876736340132,Low,17438.368170066,"['Maintain continuous security monitoring', 'Ensure robust security hygiene', 'Conduct employee security awareness training', 'Implement strong email filtering', 'Regularly review access controls']"
unknown,0.0033104508115225,0,Unknown,[],[],0.0033104508115225,Low,16552.2540576125,"['Maintain continuous security monitoring', 'Ensure robust security hygiene', 'Conduct employee security awareness training', 'Implement strong email filtering', 'Regularly review access controls']"
unknown,0.9042692805633136,0,Unknown,[],[],0.9042692805633136,High,4521346.402816568,"['Enable Attack Surface Reduction (ASR) rules', 'Implement Local Administrator Password Solution (LAPS)', 'Ensure immutable and offline backups', 'Deploy Application Allowlisting', 'Isolate affected systems from network']"
fastreverseproxy,0.0033104508114623,0,GenericMalware,"['T1486', 'T1055', 'T1027']","['D3-BAC', 'D3-BDR', 'D3-SAW']",0.0033104508114623,Low,16552.2540573115,"['Maintain continuous security monitoring', 'Ensure robust security hygiene', 'Conduct employee security awareness training', 'Implement strong email filtering', 'Regularly review access controls']"
unknown,0.003310450811466,0,Unknown,[],[],0.003310450811466,Low,16552.25405733,"['Maintain continuous security monitoring', 'Ensure robust security hygiene', 'Conduct employee security awareness training', 'Implement strong email filtering', 'Regularly review access controls']"
unknown,0.9042692805633136,1,Unknown,[],[],0.9042692805633136,High,4521346.402816568,"['Enable Attack Surface Reduction (ASR) rules', 'Implement Local Administrator Password Solution (LAPS)', 'Ensure immutable and offline backups', 'Deploy Application Allowlisting', 'Isolate affected systems from network']"
unknown,0.9042692805633136,0,Unknown,[],[],0.9042692805633136,High,4521346.402816568,"['Enable Attack Surface Reduction (ASR) rules', 'Implement Local Administrator Password Solution (LAPS)', 'Ensure immutable and offline backups', 'Deploy Application Allowlisting', 'Isolate affected systems from network']"
unknown,0.9042692805633136,0,Unknown,[],[],0.9042692805633136,High,4521346.402816568,"['Enable Attack Surface Reduction (ASR) rules', 'Implement Local Administrator Password Solution (LAPS)', 'Ensure immutable and offline backups', 'Deploy Application Allowlisting', 'Isolate affected systems from network']"
unknown,0.9042692805633136,0,Unknown,[],[],0.9042692805633136,High,4521346.402816568,"['Enable Attack Surface Reduction (ASR) rules', 'Implement Local Administrator Password Solution (LAPS)', 'Ensure immutable and offline backups', 'Deploy Application Allowlisting', 'Isolate affected systems from network']"
unknown,0.9042692805633136,1,Unknown,[],[],0.9042692805633136,High,4521346.402816568,"['Enable Attack Surface Reduction (ASR) rules', 'Implement Local Administrator Password Solution (LAPS)', 'Ensure immutable and offline backups', 'Deploy Application Allowlisting', 'Isolate affected systems from network']"
unknown,0.0033104508115333,0,Unknown,[],[],0.0033104508115333,Low,16552.2540576665,"['Maintain continuous security monitoring', 'Ensure robust security hygiene', 'Conduct employee security awareness training', 'Implement strong email filtering', 'Regularly review access controls']"
unknown,0.9042692805633136,0,Unknown,[],[],0.9042692805633136,High,4521346.402816568,"['Enable Attack Surface Reduction (ASR) rules', 'Implement Local Administrator Password Solution (LAPS)', 'Ensure immutable and offline backups', 'Deploy Application Allowlisting', 'Isolate affected systems from network']"
unknown,0.9042692805633136,1,Unknown,[],[],0.9042692805633136,High,4521346.402816568,"['Enable Attack Surface Reduction (ASR) rules', 'Implement Local Administrator Password Solution (LAPS)', 'Ensure immutable and offline backups', 'Deploy Application Allowlisting', 'Isolate affected systems from network']"
unknown,0.9042692805633136,0,Unknown,[],[],0.9042692805633136,High,4521346.402816568,"['Enable Attack Surface Reduction (ASR) rules', 'Implement Local Administrator Password Solution (LAPS)', 'Ensure immutable and offline backups', 'Deploy Application Allowlisting', 'Isolate affected systems from network']"
unknown,0.0033104508115201,0,Unknown,[],[],0.0033104508115201,Low,16552.2540576005,"['Maintain continuous security monitoring', 'Ensure robust security hygiene', 'Conduct employee security awareness training', 'Implement strong email filtering', 'Regularly review access controls']"
unknown,0.9042692805633136,1,Unknown,[],[],0.9042692805633136,High,4521346.402816568,"['Enable Attack Surface Reduction (ASR) rules', 'Implement Local Administrator Password Solution (LAPS)', 'Ensure immutable and offline backups', 'Deploy Application Allowlisting', 'Isolate affected systems from network']"
unknown,0.0033104508115333,0,Unknown,[],[],0.0033104508115333,Low,16552.2540576665,"['Maintain continuous security monitoring', 'Ensure robust security hygiene', 'Conduct employee security awareness training', 'Implement strong email filtering', 'Regularly review access controls']"
unknown,0.9042692805633136,1,Unknown,[],[],0.9042692805633136,High,4521346.402816568,"['Enable Attack Surface Reduction (ASR) rules', 'Implement Local Administrator Password Solution (LAPS)', 'Ensure immutable and offline backups', 'Deploy Application Allowlisting', 'Isolate affected systems from network']"
unknown,0.9042692805633136,0,Unknown,[],[],0.9042692805633136,High,4521346.402816568,"['Enable Attack Surface Reduction (ASR) rules', 'Implement Local Administrator Password Solution (LAPS)', 'Ensure immutable and offline backups', 'Deploy Application Allowlisting', 'Isolate affected systems from network']"
unknown,0.9042692805633136,0,Unknown,[],[],0.9042692805633136,High,4521346.402816568,"['Enable Attack Surface Reduction (ASR) rules', 'Implement Local Administrator Password Solution (LAPS)', 'Ensure immutable and offline backups', 'Deploy Application Allowlisting', 'Isolate affected systems from network']"
unknown,0.0033104508115225,0,Unknown,[],[],0.0033104508115225,Low,16552.2540576125,"['Maintain continuous security monitoring', 'Ensure robust security hygiene', 'Conduct employee security awareness training', 'Implement strong email filtering', 'Regularly review access controls']"
unknown,0.9042692805633136,1,Unknown,[],[],0.9042692805633136,High,4521346.402816568,"['Enable Attack Surface Reduction (ASR) rules', 'Implement Local Administrator Password Solution (LAPS)', 'Ensure immutable and offline backups', 'Deploy Application Allowlisting', 'Isolate affected systems from network']"
unknown,0.9042692805633136,0,Unknown,[],[],0.9042692805633136,High,4521346.402816568,"['Enable Attack Surface Reduction (ASR) rules', 'Implement Local Administrator Password Solution (LAPS)', 'Ensure immutable and offline backups', 'Deploy Application Allowlisting', 'Isolate affected systems from network']"
unknown,0.9042692805633136,0,Unknown,[],[],0.9042692805633136,High,4521346.402816568,"['Enable Attack Surface Reduction (ASR) rules', 'Implement Local Administrator Password Solution (LAPS)', 'Ensure immutable and offline backups', 'Deploy Application Allowlisting', 'Isolate affected systems from network']"
unknown,0.9042692805633136,1,Unknown,[],[],0.9042692805633136,High,4521346.402816568,"['Enable Attack Surface Reduction (ASR) rules', 'Implement Local Administrator Password Solution (LAPS)', 'Ensure immutable and offline backups', 'Deploy Application Allowlisting', 'Isolate affected systems from network']"
unknown,0.9042692805633136,0,Unknown,[],[],0.9042692805633136,High,4521346.402816568,"['Enable Attack Surface Reduction (ASR) rules', 'Implement Local Administrator Password Solution (LAPS)', 'Ensure immutable and offline backups', 'Deploy Application Allowlisting', 'Isolate affected systems from network']"
unknown,0.9042692805633136,1,Unknown,[],[],0.9042692805633136,High,4521346.402816568,"['Enable Attack Surface Reduction (ASR) rules', 'Implement Local Administrator Password Solution (LAPS)', 'Ensure immutable and offline backups', 'Deploy Application Allowlisting', 'Isolate affected systems from network']"
unknown,0.0033104508115333,0,Unknown,[],[],0.0033104508115333,Low,16552.2540576665,"['Maintain continuous security monitoring', 'Ensure robust security hygiene', 'Conduct employee security awareness training', 'Implement strong email filtering', 'Regularly review access controls']"
unknown,0.9042692805633136,0,Unknown,[],[],0.9042692805633136,High,4521346.402816568,"['Enable Attack Surface Reduction (ASR) rules', 'Implement Local Administrator Password Solution (LAPS)', 'Ensure immutable and offline backups', 'Deploy Application Allowlisting', 'Isolate affected systems from network']"
andariel,0.0033104508115868,0,GenericMalware,"['T1486', 'T1055', 'T1027']","['D3-BAC', 'D3-BDR', 'D3-SAW']",0.0033104508115868,Low,16552.254057934,"['Maintain continuous security monitoring', 'Ensure robust security hygiene', 'Conduct employee security awareness training', 'Implement strong email filtering', 'Regularly review access controls']"
unknown,0.0033104508115205,0,Unknown,[],[],0.0033104508115205,Low,16552.2540576025,"['Maintain continuous security monitoring', 'Ensure robust security hygiene', 'Conduct employee security awareness training', 'Implement strong email filtering', 'Regularly review access controls']"
growtopia,0.0033104508115333,0,GenericMalware,"['T1486', 'T1055', 'T1027']","['D3-BAC', 'D3-BDR', 'D3-SAW']",0.0033104508115333,Low,16552.2540576665,"['Maintain continuous security monitoring', 'Ensure robust security hygiene', 'Conduct employee security awareness training', 'Implement strong email filtering', 'Regularly review access controls']"
unknown,0.9042692805633136,0,Unknown,[],[],0.9042692805633136,High,4521346.402816568,"['Enable Attack Surface Reduction (ASR) rules', 'Implement Local Administrator Password Solution (LAPS)', 'Ensure immutable and offline backups', 'Deploy Application Allowlisting', 'Isolate affected systems from network']"
unknown,0.0033104508115333,0,Unknown,[],[],0.0033104508115333,Low,16552.2540576665,"['Maintain continuous security monitoring', 'Ensure robust security hygiene', 'Conduct employee security awareness training', 'Implement strong email filtering', 'Regularly review access controls']"
unknown,0.9042692805633136,1,Unknown,[],[],0.9042692805633136,High,4521346.402816568,"['Enable Attack Surface Reduction (ASR) rules', 'Implement Local Administrator Password Solution (LAPS)', 'Ensure immutable and offline backups', 'Deploy Application Allowlisting', 'Isolate affected systems from network']"
unknown,0.0033104508115225,0,Unknown,[],[],0.0033104508115225,Low,16552.2540576125,"['Maintain continuous security monitoring', 'Ensure robust security hygiene', 'Conduct employee security awareness training', 'Implement strong email filtering', 'Regularly review access controls']"
unknown,0.9042692805633136,0,Unknown,[],[],0.9042692805633136,High,4521346.402816568,"['Enable Attack Surface Reduction (ASR) rules', 'Implement Local Administrator Password Solution (LAPS)', 'Ensure immutable and offline backups', 'Deploy Application Allowlisting', 'Isolate affected systems from network']"
berbew,0.0033104508115309,0,Berbew,"['T1486', 'T1055', 'T1027']","['D3-BAC', 'D3-BDR', 'D3-SAW']",0.0033104508115309,Low,16552.2540576545,"['Maintain continuous security monitoring', 'Ensure robust security hygiene', 'Conduct employee security awareness training', 'Implement strong email filtering', 'Regularly review access controls']"
berbew,0.0033104508115333,0,Berbew,"['T1486', 'T1055', 'T1027']","['D3-BAC', 'D3-BDR', 'D3-SAW']",0.0033104508115333,Low,16552.2540576665,"['Maintain continuous security monitoring', 'Ensure robust security hygiene', 'Conduct employee security awareness training', 'Implement strong email filtering', 'Regularly review access controls']"
unknown,0.9042692805633136,0,Unknown,[],[],0.9042692805633136,High,4521346.402816568,"['Enable Attack Surface Reduction (ASR) rules', 'Implement Local Administrator Password Solution (LAPS)', 'Ensure immutable and offline backups', 'Deploy Application Allowlisting', 'Isolate affected systems from network']"
unknown,0.9042692805633136,1,Unknown,[],[],0.9042692805633136,High,4521346.402816568,"['Enable Attack Surface Reduction (ASR) rules', 'Implement Local Administrator Password Solution (LAPS)', 'Ensure immutable and offline backups', 'Deploy Application Allowlisting', 'Isolate affected systems from network']"
unknown,0.0033104508115333,0,Unknown,[],[],0.0033104508115333,Low,16552.2540576665,"['Maintain continuous security monitoring', 'Ensure robust security hygiene', 'Conduct employee security awareness training', 'Implement strong email filtering', 'Regularly review access controls']"
bedep,0.0033104508114616,0,Bedep,"['T1486', 'T1055', 'T1027']","['D3-BAC', 'D3-BDR', 'D3-SAW']",0.0033104508114616,Low,16552.254057308,"['Maintain continuous security monitoring', 'Ensure robust security hygiene', 'Conduct employee security awareness training', 'Implement strong email filtering', 'Regularly review access controls']"
unknown,0.9042692805633136,0,Unknown,[],[],0.9042692805633136,High,4521346.402816568,"['Enable Attack Surface Reduction (ASR) rules', 'Implement Local Administrator Password Solution (LAPS)', 'Ensure immutable and offline backups', 'Deploy Application Allowlisting', 'Isolate affected systems from network']"
unknown,0.0033104508114616,0,Unknown,[],[],0.0033104508114616,Low,16552.254057308,"['Maintain continuous security monitoring', 'Ensure robust security hygiene', 'Conduct employee security awareness training', 'Implement strong email filtering', 'Regularly review access controls']"
unknown,0.0033104508115333,0,Unknown,[],[],0.0033104508115333,Low,16552.2540576665,"['Maintain continuous security monitoring', 'Ensure robust security hygiene', 'Conduct employee security awareness training', 'Implement strong email filtering', 'Regularly review access controls']"
unknown,0.9042692805633136,1,Unknown,[],[],0.9042692805633136,High,4521346.402816568,"['Enable Attack Surface Reduction (ASR) rules', 'Implement Local Administrator Password Solution (LAPS)', 'Ensure immutable and offline backups', 'Deploy Application Allowlisting', 'Isolate affected systems from network']"
unknown,0.9042692805633136,1,Unknown,[],[],0.9042692805633136,High,4521346.402816568,"['Enable Attack Surface Reduction (ASR) rules', 'Implement Local Administrator Password Solution (LAPS)', 'Ensure immutable and offline backups', 'Deploy Application Allowlisting', 'Isolate affected systems from network']"
unknown,0.9042692805633136,1,Unknown,[],[],0.9042692805633136,High,4521346.402816568,"['Enable Attack Surface Reduction (ASR) rules', 'Implement Local Administrator Password Solution (LAPS)', 'Ensure immutable and offline backups', 'Deploy Application Allowlisting', 'Isolate affected systems from network']"
expiro,0.003310450811521,0,Expiro,"['T1486', 'T1055', 'T1027']","['D3-BAC', 'D3-BDR', 'D3-SAW']",0.003310450811521,Low,16552.254057605,"['Maintain continuous security monitoring', 'Ensure robust security hygiene', 'Conduct employee security awareness training', 'Implement strong email filtering', 'Regularly review access controls']"
unknown,0.0033104508115146,0,Unknown,[],[],0.0033104508115146,Low,16552.254057572998,"['Maintain continuous security monitoring', 'Ensure robust security hygiene', 'Conduct employee security awareness training', 'Implement strong email filtering', 'Regularly review access controls']"
winvnc,0.0033104508115333,0,GenericMalware,"['T1486', 'T1055', 'T1027']","['D3-BAC', 'D3-BDR', 'D3-SAW']",0.0033104508115333,Low,16552.2540576665,"['Maintain continuous security monitoring', 'Ensure robust security hygiene', 'Conduct employee security awareness training', 'Implement strong email filtering', 'Regularly review access controls']"
unknown,0.0033104508115333,0,Unknown,[],[],0.0033104508115333,Low,16552.2540576665,"['Maintain continuous security monitoring', 'Ensure robust security hygiene', 'Conduct employee security awareness training', 'Implement strong email filtering', 'Regularly review access controls']"
unknown,0.9042692805633136,0,Unknown,[],[],0.9042692805633136,High,4521346.402816568,"['Enable Attack Surface Reduction (ASR) rules', 'Implement Local Administrator Password Solution (LAPS)', 'Ensure immutable and offline backups', 'Deploy Application Allowlisting', 'Isolate affected systems from network']"
guildma,0.0033104508115309,0,GenericMalware,"['T1486', 'T1055', 'T1027']","['D3-BAC', 'D3-BDR', 'D3-SAW']",0.0033104508115309,Low,16552.2540576545,"['Maintain continuous security monitoring', 'Ensure robust security hygiene', 'Conduct employee security awareness training', 'Implement strong email filtering', 'Regularly review access controls']"
bingoml,0.0033104508115333,0,GenericMalware,"['T1486', 'T1055', 'T1027']","['D3-BAC', 'D3-BDR', 'D3-SAW']",0.0033104508115333,Low,16552.2540576665,"['Maintain continuous security monitoring', 'Ensure robust security hygiene', 'Conduct employee security awareness training', 'Implement strong email filtering', 'Regularly review access controls']"
unknown,0.9042692805633136,1,Unknown,[],[],0.9042692805633136,High,4521346.402816568,"['Enable Attack Surface Reduction (ASR) rules', 'Implement Local Administrator Password Solution (LAPS)', 'Ensure immutable and offline backups', 'Deploy Application Allowlisting', 'Isolate affected systems from network']"
unknown,0.9042692805633136,1,Unknown,[],[],0.9042692805633136,High,4521346.402816568,"['Enable Attack Surface Reduction (ASR) rules', 'Implement Local Administrator Password Solution (LAPS)', 'Ensure immutable and offline backups', 'Deploy Application Allowlisting', 'Isolate affected systems from network']"
unknown,0.9042692805633136,1,Unknown,[],[],0.9042692805633136,High,4521346.402816568,"['Enable Attack Surface Reduction (ASR) rules', 'Implement Local Administrator Password Solution (LAPS)', 'Ensure immutable and offline backups', 'Deploy Application Allowlisting', 'Isolate affected systems from network']"
unknown,0.9042692805633136,0,Unknown,[],[],0.9042692805633136,High,4521346.402816568,"['Enable Attack Surface Reduction (ASR) rules', 'Implement Local Administrator Password Solution (LAPS)', 'Ensure immutable and offline backups', 'Deploy Application Allowlisting', 'Isolate affected systems from network']"
unknown,0.9042692805633136,1,Unknown,[],[],0.9042692805633136,High,4521346.402816568,"['Enable Attack Surface Reduction (ASR) rules', 'Implement Local Administrator Password Solution (LAPS)', 'Ensure immutable and offline backups', 'Deploy Application Allowlisting', 'Isolate affected systems from network']"
unknown,0.0033104508117222,0,Unknown,[],[],0.0033104508117222,Low,16552.254058611,"['Maintain continuous security monitoring', 'Ensure robust security hygiene', 'Conduct employee security awareness training', 'Implement strong email filtering', 'Regularly review access controls']"
shelm,0.0033104508115333,0,Shelm,"['T1486', 'T1055', 'T1027']","['D3-BAC', 'D3-BDR', 'D3-SAW']",0.0033104508115333,Low,16552.2540576665,"['Maintain continuous security monitoring', 'Ensure robust security hygiene', 'Conduct employee security awareness training', 'Implement strong email filtering', 'Regularly review access controls']"
unknown,0.9042692805633136,1,Unknown,[],[],0.9042692805633136,High,4521346.402816568,"['Enable Attack Surface Reduction (ASR) rules', 'Implement Local Administrator Password Solution (LAPS)', 'Ensure immutable and offline backups', 'Deploy Application Allowlisting', 'Isolate affected systems from network']"
unknown,0.9042692805633136,0,Unknown,[],[],0.9042692805633136,High,4521346.402816568,"['Enable Attack Surface Reduction (ASR) rules', 'Implement Local Administrator Password Solution (LAPS)', 'Ensure immutable and offline backups', 'Deploy Application Allowlisting', 'Isolate affected systems from network']"
unknown,0.9042692805633136,0,Unknown,[],[],0.9042692805633136,High,4521346.402816568,"['Enable Attack Surface Reduction (ASR) rules', 'Implement Local Administrator Password Solution (LAPS)', 'Ensure immutable and offline backups', 'Deploy Application Allowlisting', 'Isolate affected systems from network']"
unknown,0.0033104508115333,0,Unknown,[],[],0.0033104508115333,Low,16552.2540576665,"['Maintain continuous security monitoring', 'Ensure robust security hygiene', 'Conduct employee security awareness training', 'Implement strong email filtering', 'Regularly review access controls']"
unknown,0.9042692805633136,0,Unknown,[],[],0.9042692805633136,High,4521346.402816568,"['Enable Attack Surface Reduction (ASR) rules', 'Implement Local Administrator Password Solution (LAPS)', 'Ensure immutable and offline backups', 'Deploy Application Allowlisting', 'Isolate affected systems from network']"
trollav,0.0033104508115843,0,TrollAv,"['T1486', 'T1055', 'T1027']","['D3-BAC', 'D3-BDR', 'D3-SAW']",0.0033104508115843,Low,16552.254057921502,"['Maintain continuous security monitoring', 'Ensure robust security hygiene', 'Conduct employee security awareness training', 'Implement strong email filtering', 'Regularly review access controls']"
unknown,0.9042692805633136,0,Unknown,[],[],0.9042692805633136,High,4521346.402816568,"['Enable Attack Surface Reduction (ASR) rules', 'Implement Local Administrator Password Solution (LAPS)', 'Ensure immutable and offline backups', 'Deploy Application Allowlisting', 'Isolate affected systems from network']"
shelm,0.003310450811489,0,Shelm,"['T1486', 'T1055', 'T1027']","['D3-BAC', 'D3-BDR', 'D3-SAW']",0.003310450811489,Low,16552.254057445,"['Maintain continuous security monitoring', 'Ensure robust security hygiene', 'Conduct employee security awareness training', 'Implement strong email filtering', 'Regularly review access controls']"
unknown,0.0033104508115309,0,Unknown,[],[],0.0033104508115309,Low,16552.2540576545,"['Maintain continuous security monitoring', 'Ensure robust security hygiene', 'Conduct employee security awareness training', 'Implement strong email filtering', 'Regularly review access controls']"
unknown,0.9042692805633136,0,Unknown,[],[],0.9042692805633136,High,4521346.402816568,"['Enable Attack Surface Reduction (ASR) rules', 'Implement Local Administrator Password Solution (LAPS)', 'Ensure immutable and offline backups', 'Deploy Application Allowlisting', 'Isolate affected systems from network']"
unknown,0.0033104508115333,0,Unknown,[],[],0.0033104508115333,Low,16552.2540576665,"['Maintain continuous security monitoring', 'Ensure robust security hygiene', 'Conduct employee security awareness training', 'Implement strong email filtering', 'Regularly review access controls']"
unknown,0.9042692805633136,0,Unknown,[],[],0.9042692805633136,High,4521346.402816568,"['Enable Attack Surface Reduction (ASR) rules', 'Implement Local Administrator Password Solution (LAPS)', 'Ensure immutable and offline backups', 'Deploy Application Allowlisting', 'Isolate affected systems from network']"
berbew,0.0033104508115333,0,Berbew,"['T1486', 'T1055', 'T1027']","['D3-BAC', 'D3-BDR', 'D3-SAW']",0.0033104508115333,Low,16552.2540576665,"['Maintain continuous security monitoring', 'Ensure robust security hygiene', 'Conduct employee security awareness training', 'Implement strong email filtering', 'Regularly review access controls']"
unknown,0.9042692805633136,0,Unknown,[],[],0.9042692805633136,High,4521346.402816568,"['Enable Attack Surface Reduction (ASR) rules', 'Implement Local Administrator Password Solution (LAPS)', 'Ensure immutable and offline backups', 'Deploy Application Allowlisting', 'Isolate affected systems from network']"
unknown,0.9042692805633136,0,Unknown,[],[],0.9042692805633136,High,4521346.402816568,"['Enable Attack Surface Reduction (ASR) rules', 'Implement Local Administrator Password Solution (LAPS)', 'Ensure immutable and offline backups', 'Deploy Application Allowlisting', 'Isolate affected systems from network']"
unknown,0.9042692805633136,1,Unknown,[],[],0.9042692805633136,High,4521346.402816568,"['Enable Attack Surface Reduction (ASR) rules', 'Implement Local Administrator Password Solution (LAPS)', 'Ensure immutable and offline backups', 'Deploy Application Allowlisting', 'Isolate affected systems from network']"
unknown,0.003310450811466,0,Unknown,[],[],0.003310450811466,Low,16552.25405733,"['Maintain continuous security monitoring', 'Ensure robust security hygiene', 'Conduct employee security awareness training', 'Implement strong email filtering', 'Regularly review access controls']"
mufanom,0.0033104508115333,0,GenericMalware,"['T1486', 'T1055', 'T1027']","['D3-BAC', 'D3-BDR', 'D3-SAW']",0.0033104508115333,Low,16552.2540576665,"['Maintain continuous security monitoring', 'Ensure robust security hygiene', 'Conduct employee security awareness training', 'Implement strong email filtering', 'Regularly review access controls']"
unknown,0.0033104508115333,0,Unknown,[],[],0.0033104508115333,Low,16552.2540576665,"['Maintain continuous security monitoring', 'Ensure robust security hygiene', 'Conduct employee security awareness training', 'Implement strong email filtering', 'Regularly review access controls']"
bedep,0.0033104508115248,0,Bedep,"['T1486', 'T1055', 'T1027']","['D3-BAC', 'D3-BDR', 'D3-SAW']",0.0033104508115248,Low,16552.254057624,"['Maintain continuous security monitoring', 'Ensure robust security hygiene', 'Conduct employee security awareness training', 'Implement strong email filtering', 'Regularly review access controls']"
unknown,0.0033104508115333,0,Unknown,[],[],0.0033104508115333,Low,16552.2540576665,"['Maintain continuous security monitoring', 'Ensure robust security hygiene', 'Conduct employee security awareness training', 'Implement strong email filtering', 'Regularly review access controls']"
unknown,0.9042692805633136,1,Unknown,[],[],0.9042692805633136,High,4521346.402816568,"['Enable Attack Surface Reduction (ASR) rules', 'Implement Local Administrator Password Solution (LAPS)', 'Ensure immutable and offline backups', 'Deploy Application Allowlisting', 'Isolate affected systems from network']"
unknown,0.9042692805633136,0,Unknown,[],[],0.9042692805633136,High,4521346.402816568,"['Enable Attack Surface Reduction (ASR) rules', 'Implement Local Administrator Password Solution (LAPS)', 'Ensure immutable and offline backups', 'Deploy Application Allowlisting', 'Isolate affected systems from network']"
unknown,0.0033104508115869,0,Unknown,[],[],0.0033104508115869,Low,16552.2540579345,"['Maintain continuous security monitoring', 'Ensure robust security hygiene', 'Conduct employee security awareness training', 'Implement strong email filtering', 'Regularly review access controls']"
unknown,0.9042692805633136,1,Unknown,[],[],0.9042692805633136,High,4521346.402816568,"['Enable Attack Surface Reduction (ASR) rules', 'Implement Local Administrator Password Solution (LAPS)', 'Ensure immutable and offline backups', 'Deploy Application Allowlisting', 'Isolate affected systems from network']"
unknown,0.9042692805633136,1,Unknown,[],[],0.9042692805633136,High,4521346.402816568,"['Enable Attack Surface Reduction (ASR) rules', 'Implement Local Administrator Password Solution (LAPS)', 'Ensure immutable and offline backups', 'Deploy Application Allowlisting', 'Isolate affected systems from network']"
unknown,0.9042692805633136,0,Unknown,[],[],0.9042692805633136,High,4521346.402816568,"['Enable Attack Surface Reduction (ASR) rules', 'Implement Local Administrator Password Solution (LAPS)', 'Ensure immutable and offline backups', 'Deploy Application Allowlisting', 'Isolate affected systems from network']"
unknown,0.0033104508115333,0,Unknown,[],[],0.0033104508115333,Low,16552.2540576665,"['Maintain continuous security monitoring', 'Ensure robust security hygiene', 'Conduct employee security awareness training', 'Implement strong email filtering', 'Regularly review access controls']"
unknown,0.9042692805633136,0,Unknown,[],[],0.9042692805633136,High,4521346.402816568,"['Enable Attack Surface Reduction (ASR) rules', 'Implement Local Administrator Password Solution (LAPS)', 'Ensure immutable and offline backups', 'Deploy Application Allowlisting', 'Isolate affected systems from network']"
unknown,0.9042692805633136,1,Unknown,[],[],0.9042692805633136,High,4521346.402816568,"['Enable Attack Surface Reduction (ASR) rules', 'Implement Local Administrator Password Solution (LAPS)', 'Ensure immutable and offline backups', 'Deploy Application Allowlisting', 'Isolate affected systems from network']"
unknown,0.9042692805633136,1,Unknown,[],[],0.9042692805633136,High,4521346.402816568,"['Enable Attack Surface Reduction (ASR) rules', 'Implement Local Administrator Password Solution (LAPS)', 'Ensure immutable and offline backups', 'Deploy Application Allowlisting', 'Isolate affected systems from network']"
unknown,0.0033104508115318,0,Unknown,[],[],0.0033104508115318,Low,16552.254057659,"['Maintain continuous security monitoring', 'Ensure robust security hygiene', 'Conduct employee security awareness training', 'Implement strong email filtering', 'Regularly review access controls']"
unknown,0.9042692805633136,1,Unknown,[],[],0.9042692805633136,High,4521346.402816568,"['Enable Attack Surface Reduction (ASR) rules', 'Implement Local Administrator Password Solution (LAPS)', 'Ensure immutable and offline backups', 'Deploy Application Allowlisting', 'Isolate affected systems from network']"
berbew,0.0033104508115333,0,Berbew,"['T1486', 'T1055', 'T1027']","['D3-BAC', 'D3-BDR', 'D3-SAW']",0.0033104508115333,Low,16552.2540576665,"['Maintain continuous security monitoring', 'Ensure robust security hygiene', 'Conduct employee security awareness training', 'Implement strong email filtering', 'Regularly review access controls']"
unknown,0.9042692805633136,0,Unknown,[],[],0.9042692805633136,High,4521346.402816568,"['Enable Attack Surface Reduction (ASR) rules', 'Implement Local Administrator Password Solution (LAPS)', 'Ensure immutable and offline backups', 'Deploy Application Allowlisting', 'Isolate affected systems from network']"
unknown,0.9042692805633136,1,Unknown,[],[],0.9042692805633136,High,4521346.402816568,"['Enable Attack Surface Reduction (ASR) rules', 'Implement Local Administrator Password Solution (LAPS)', 'Ensure immutable and offline backups', 'Deploy Application Allowlisting', 'Isolate affected systems from network']"
unknown,0.0033104508115333,0,Unknown,[],[],0.0033104508115333,Low,16552.2540576665,"['Maintain continuous security monitoring', 'Ensure robust security hygiene', 'Conduct employee security awareness training', 'Implement strong email filtering', 'Regularly review access controls']"
unknown,0.0033104508115333,0,Unknown,[],[],0.0033104508115333,Low,16552.2540576665,"['Maintain continuous security monitoring', 'Ensure robust security hygiene', 'Conduct employee security awareness training', 'Implement strong email filtering', 'Regularly review access controls']"
unknown,0.9042692805633136,1,Unknown,[],[],0.9042692805633136,High,4521346.402816568,"['Enable Attack Surface Reduction (ASR) rules', 'Implement Local Administrator Password Solution (LAPS)', 'Ensure immutable and offline backups', 'Deploy Application Allowlisting', 'Isolate affected systems from network']"
wacatac,0.0033104508115205,0,Wacatac,"['T1486', 'T1055', 'T1027']","['D3-BAC', 'D3-BDR', 'D3-SAW']",0.0033104508115205,Low,16552.2540576025,"['Maintain continuous security monitoring', 'Ensure robust security hygiene', 'Conduct employee security awareness training', 'Implement strong email filtering', 'Regularly review access controls']"
unknown,0.0033104508115333,0,Unknown,[],[],0.0033104508115333,Low,16552.2540576665,"['Maintain continuous security monitoring', 'Ensure robust security hygiene', 'Conduct employee security awareness training', 'Implement strong email filtering', 'Regularly review access controls']"
blackv,0.0033104508115309,0,GenericMalware,"['T1486', 'T1055', 'T1027']","['D3-BAC', 'D3-BDR', 'D3-SAW']",0.0033104508115309,Low,16552.2540576545,"['Maintain continuous security monitoring', 'Ensure robust security hygiene', 'Conduct employee security awareness training', 'Implement strong email filtering', 'Regularly review access controls']"
unknown,0.9042692805633136,1,Unknown,[],[],0.9042692805633136,High,4521346.402816568,"['Enable Attack Surface Reduction (ASR) rules', 'Implement Local Administrator Password Solution (LAPS)', 'Ensure immutable and offline backups', 'Deploy Application Allowlisting', 'Isolate affected systems from network']"
unknown,0.0038345488388173,0,Unknown,[],[],0.0038345488388173,Low,19172.7441940865,"['Maintain continuous security monitoring', 'Ensure robust security hygiene', 'Conduct employee security awareness training', 'Implement strong email filtering', 'Regularly review access controls']"
unknown,0.0033104508115099,0,Unknown,[],[],0.0033104508115099,Low,16552.2540575495,"['Maintain continuous security monitoring', 'Ensure robust security hygiene', 'Conduct employee security awareness training', 'Implement strong email filtering', 'Regularly review access controls']"
unknown,0.9042692805633136,0,Unknown,[],[],0.9042692805633136,High,4521346.402816568,"['Enable Attack Surface Reduction (ASR) rules', 'Implement Local Administrator Password Solution (LAPS)', 'Ensure immutable and offline backups', 'Deploy Application Allowlisting', 'Isolate affected systems from network']"
unknown,0.9042692805633136,1,Unknown,[],[],0.9042692805633136,High,4521346.402816568,"['Enable Attack Surface Reduction (ASR) rules', 'Implement Local Administrator Password Solution (LAPS)', 'Ensure immutable and offline backups', 'Deploy Application Allowlisting', 'Isolate affected systems from network']"
berbew,0.0033104482481914,0,Berbew,"['T1486', 'T1055', 'T1027']","['D3-BAC', 'D3-BDR', 'D3-SAW']",0.0033104482481914,Low,16552.241240957,"['Maintain continuous security monitoring', 'Ensure robust security hygiene', 'Conduct employee security awareness training', 'Implement strong email filtering', 'Regularly review access controls']"
unknown,0.9042692805633136,1,Unknown,[],[],0.9042692805633136,High,4521346.402816568,"['Enable Attack Surface Reduction (ASR) rules', 'Implement Local Administrator Password Solution (LAPS)', 'Ensure immutable and offline backups', 'Deploy Application Allowlisting', 'Isolate affected systems from network']"
bedep,0.0033104508115333,0,Bedep,"['T1486', 'T1055', 'T1027']","['D3-BAC', 'D3-BDR', 'D3-SAW']",0.0033104508115333,Low,16552.2540576665,"['Maintain continuous security monitoring', 'Ensure robust security hygiene', 'Conduct employee security awareness training', 'Implement strong email filtering', 'Regularly review access controls']"
unknown,0.0033104508115333,0,Unknown,[],[],0.0033104508115333,Low,16552.2540576665,"['Maintain continuous security monitoring', 'Ensure robust security hygiene', 'Conduct employee security awareness training', 'Implement strong email filtering', 'Regularly review access controls']"
expiro,0.0033104508115309,0,Expiro,"['T1486', 'T1055', 'T1027']","['D3-BAC', 'D3-BDR', 'D3-SAW']",0.0033104508115309,Low,16552.2540576545,"['Maintain continuous security monitoring', 'Ensure robust security hygiene', 'Conduct employee security awareness training', 'Implement strong email filtering', 'Regularly review access controls']"
unknown,0.9042692805633136,1,Unknown,[],[],0.9042692805633136,High,4521346.402816568,"['Enable Attack Surface Reduction (ASR) rules', 'Implement Local Administrator Password Solution (LAPS)', 'Ensure immutable and offline backups', 'Deploy Application Allowlisting', 'Isolate affected systems from network']"
unknown,0.0033104508115333,0,Unknown,[],[],0.0033104508115333,Low,16552.2540576665,"['Maintain continuous security monitoring', 'Ensure robust security hygiene', 'Conduct employee security awareness training', 'Implement strong email filtering', 'Regularly review access controls']"
cosmu,0.0033104508115333,0,Cosmu,"['T1486', 'T1055', 'T1027']","['D3-BAC', 'D3-BDR', 'D3-SAW']",0.0033104508115333,Low,16552.2540576665,"['Maintain continuous security monitoring', 'Ensure robust security hygiene', 'Conduct employee security awareness training', 'Implement strong email filtering', 'Regularly review access controls']"
unknown,0.9042692805633136,0,Unknown,[],[],0.9042692805633136,High,4521346.402816568,"['Enable Attack Surface Reduction (ASR) rules', 'Implement Local Administrator Password Solution (LAPS)', 'Ensure immutable and offline backups', 'Deploy Application Allowlisting', 'Isolate affected systems from network']"
upatre,0.0033104508115868,0,Upatre,"['T1486', 'T1055', 'T1027']","['D3-BAC', 'D3-BDR', 'D3-SAW']",0.0033104508115868,Low,16552.254057934,"['Maintain continuous security monitoring', 'Ensure robust security hygiene', 'Conduct employee security awareness training', 'Implement strong email filtering', 'Regularly review access controls']"
unknown,0.9042692805633136,1,Unknown,[],[],0.9042692805633136,High,4521346.402816568,"['Enable Attack Surface Reduction (ASR) rules', 'Implement Local Administrator Password Solution (LAPS)', 'Ensure immutable and offline backups', 'Deploy Application Allowlisting', 'Isolate affected systems from network']"
unknown,0.0033104508115333,0,Unknown,[],[],0.0033104508115333,Low,16552.2540576665,"['Maintain continuous security monitoring', 'Ensure robust security hygiene', 'Conduct employee security awareness training', 'Implement strong email filtering', 'Regularly review access controls']"
unknown,0.9042692805633136,1,Unknown,[],[],0.9042692805633136,High,4521346.402816568,"['Enable Attack Surface Reduction (ASR) rules', 'Implement Local Administrator Password Solution (LAPS)', 'Ensure immutable and offline backups', 'Deploy Application Allowlisting', 'Isolate affected systems from network']"
unknown,0.9042692805633136,1,Unknown,[],[],0.9042692805633136,High,4521346.402816568,"['Enable Attack Surface Reduction (ASR) rules', 'Implement Local Administrator Password Solution (LAPS)', 'Ensure immutable and offline backups', 'Deploy Application Allowlisting', 'Isolate affected systems from network']"
unknown,0.9042692805633136,1,Unknown,[],[],0.9042692805633136,High,4521346.402816568,"['Enable Attack Surface Reduction (ASR) rules', 'Implement Local Administrator Password Solution (LAPS)', 'Ensure immutable and offline backups', 'Deploy Application Allowlisting', 'Isolate affected systems from network']"
unknown,0.9042692805633136,1,Unknown,[],[],0.9042692805633136,High,4521346.402816568,"['Enable Attack Surface Reduction (ASR) rules', 'Implement Local Administrator Password Solution (LAPS)', 'Ensure immutable and offline backups', 'Deploy Application Allowlisting', 'Isolate affected systems from network']"
upatre,0.0033104508115868,0,Upatre,"['T1486', 'T1055', 'T1027']","['D3-BAC', 'D3-BDR', 'D3-SAW']",0.0033104508115868,Low,16552.254057934,"['Maintain continuous security monitoring', 'Ensure robust security hygiene', 'Conduct employee security awareness training', 'Implement strong email filtering', 'Regularly review access controls']"
unknown,0.003310450811489,0,Unknown,[],[],0.003310450811489,Low,16552.254057445,"['Maintain continuous security monitoring', 'Ensure robust security hygiene', 'Conduct employee security awareness training', 'Implement strong email filtering', 'Regularly review access controls']"
unknown,0.9042692805633136,1,Unknown,[],[],0.9042692805633136,High,4521346.402816568,"['Enable Attack Surface Reduction (ASR) rules', 'Implement Local Administrator Password Solution (LAPS)', 'Ensure immutable and offline backups', 'Deploy Application Allowlisting', 'Isolate affected systems from network']"
cosmu,0.0033104508115333,0,Cosmu,"['T1486', 'T1055', 'T1027']","['D3-BAC', 'D3-BDR', 'D3-SAW']",0.0033104508115333,Low,16552.2540576665,"['Maintain continuous security monitoring', 'Ensure robust security hygiene', 'Conduct employee security awareness training', 'Implement strong email filtering', 'Regularly review access controls']"
ogneglazka,0.003310450811489,0,GenericMalware,"['T1486', 'T1055', 'T1027']","['D3-BAC', 'D3-BDR', 'D3-SAW']",0.003310450811489,Low,16552.254057445,"['Maintain continuous security monitoring', 'Ensure robust security hygiene', 'Conduct employee security awareness training', 'Implement strong email filtering', 'Regularly review access controls']"
unknown,0.9042692805633136,1,Unknown,[],[],0.9042692805633136,High,4521346.402816568,"['Enable Attack Surface Reduction (ASR) rules', 'Implement Local Administrator Password Solution (LAPS)', 'Ensure immutable and offline backups', 'Deploy Application Allowlisting', 'Isolate affected systems from network']"
trollav,0.0033104508115843,0,TrollAv,"['T1486', 'T1055', 'T1027']","['D3-BAC', 'D3-BDR', 'D3-SAW']",0.0033104508115843,Low,16552.254057921502,"['Maintain continuous security monitoring', 'Ensure robust security hygiene', 'Conduct employee security awareness training', 'Implement strong email filtering', 'Regularly review access controls']"
unknown,0.9042692805633136,1,Unknown,[],[],0.9042692805633136,High,4521346.402816568,"['Enable Attack Surface Reduction (ASR) rules', 'Implement Local Administrator Password Solution (LAPS)', 'Ensure immutable and offline backups', 'Deploy Application Allowlisting', 'Isolate affected systems from network']"
unknown,0.9042692805633136,1,Unknown,[],[],0.9042692805633136,High,4521346.402816568,"['Enable Attack Surface Reduction (ASR) rules', 'Implement Local Administrator Password Solution (LAPS)', 'Ensure immutable and offline backups', 'Deploy Application Allowlisting', 'Isolate affected systems from network']"
magania,0.0033104508115333,0,GenericMalware,"['T1486', 'T1055', 'T1027']","['D3-BAC', 'D3-BDR', 'D3-SAW']",0.0033104508115333,Low,16552.2540576665,"['Maintain continuous security monitoring', 'Ensure robust security hygiene', 'Conduct employee security awareness training', 'Implement strong email filtering', 'Regularly review access controls']"
unknown,0.9042692805633136,0,Unknown,[],[],0.9042692805633136,High,4521346.402816568,"['Enable Attack Surface Reduction (ASR) rules', 'Implement Local Administrator Password Solution (LAPS)', 'Ensure immutable and offline backups', 'Deploy Application Allowlisting', 'Isolate affected systems from network']"
unknown,0.9042692805633136,1,Unknown,[],[],0.9042692805633136,High,4521346.402816568,"['Enable Attack Surface Reduction (ASR) rules', 'Implement Local Administrator Password Solution (LAPS)', 'Ensure immutable and offline backups', 'Deploy Application Allowlisting', 'Isolate affected systems from network']"
berbew,0.0033104508115333,0,Berbew,"['T1486', 'T1055', 'T1027']","['D3-BAC', 'D3-BDR', 'D3-SAW']",0.0033104508115333,Low,16552.2540576665,"['Maintain continuous security monitoring', 'Ensure robust security hygiene', 'Conduct employee security awareness training', 'Implement strong email filtering', 'Regularly review access controls']"
unknown,0.9042692805633136,0,Unknown,[],[],0.9042692805633136,High,4521346.402816568,"['Enable Attack Surface Reduction (ASR) rules', 'Implement Local Administrator Password Solution (LAPS)', 'Ensure immutable and offline backups', 'Deploy Application Allowlisting', 'Isolate affected systems from network']"
trollav,0.0033104508115843,0,TrollAv,"['T1486', 'T1055', 'T1027']","['D3-BAC', 'D3-BDR', 'D3-SAW']",0.0033104508115843,Low,16552.254057921502,"['Maintain continuous security monitoring', 'Ensure robust security hygiene', 'Conduct employee security awareness training', 'Implement strong email filtering', 'Regularly review access controls']"
unknown,0.9042692805633136,1,Unknown,[],[],0.9042692805633136,High,4521346.402816568,"['Enable Attack Surface Reduction (ASR) rules', 'Implement Local Administrator Password Solution (LAPS)', 'Ensure immutable and offline backups', 'Deploy Application Allowlisting', 'Isolate affected systems from network']"
unknown,0.9042692805633136,1,Unknown,[],[],0.9042692805633136,High,4521346.402816568,"['Enable Attack Surface Reduction (ASR) rules', 'Implement Local Administrator Password Solution (LAPS)', 'Ensure immutable and offline backups', 'Deploy Application Allowlisting', 'Isolate affected systems from network']"
unknown,0.0033104508115205,0,Unknown,[],[],0.0033104508115205,Low,16552.2540576025,"['Maintain continuous security monitoring', 'Ensure robust security hygiene', 'Conduct employee security awareness training', 'Implement strong email filtering', 'Regularly review access controls']"
unknown,0.9042692805633136,0,Unknown,[],[],0.9042692805633136,High,4521346.402816568,"['Enable Attack Surface Reduction (ASR) rules', 'Implement Local Administrator Password Solution (LAPS)', 'Ensure immutable and offline backups', 'Deploy Application Allowlisting', 'Isolate affected systems from network']"
unknown,0.9042692805633136,0,Unknown,[],[],0.9042692805633136,High,4521346.402816568,"['Enable Attack Surface Reduction (ASR) rules', 'Implement Local Administrator Password Solution (LAPS)', 'Ensure immutable and offline backups', 'Deploy Application Allowlisting', 'Isolate affected systems from network']"
unknown,0.9042692805633136,1,Unknown,[],[],0.9042692805633136,High,4521346.402816568,"['Enable Attack Surface Reduction (ASR) rules', 'Implement Local Administrator Password Solution (LAPS)', 'Ensure immutable and offline backups', 'Deploy Application Allowlisting', 'Isolate affected systems from network']"
unknown,0.9042692805633136,1,Unknown,[],[],0.9042692805633136,High,4521346.402816568,"['Enable Attack Surface Reduction (ASR) rules', 'Implement Local Administrator Password Solution (LAPS)', 'Ensure immutable and offline backups', 'Deploy Application Allowlisting', 'Isolate affected systems from network']"
unknown,0.9042692805633136,1,Unknown,[],[],0.9042692805633136,High,4521346.402816568,"['Enable Attack Surface Reduction (ASR) rules', 'Implement Local Administrator Password Solution (LAPS)', 'Ensure immutable and offline backups', 'Deploy Application Allowlisting', 'Isolate affected systems from network']"
unknown,0.9042692805633136,0,Unknown,[],[],0.9042692805633136,High,4521346.402816568,"['Enable Attack Surface Reduction (ASR) rules', 'Implement Local Administrator Password Solution (LAPS)', 'Ensure immutable and offline backups', 'Deploy Application Allowlisting', 'Isolate affected systems from network']"
unknown,0.9042692805633136,1,Unknown,[],[],0.9042692805633136,High,4521346.402816568,"['Enable Attack Surface Reduction (ASR) rules', 'Implement Local Administrator Password Solution (LAPS)', 'Ensure immutable and offline backups', 'Deploy Application Allowlisting', 'Isolate affected systems from network']"
wacatac,0.0033104508115309,0,Wacatac,"['T1486', 'T1055', 'T1027']","['D3-BAC', 'D3-BDR', 'D3-SAW']",0.0033104508115309,Low,16552.2540576545,"['Maintain continuous security monitoring', 'Ensure robust security hygiene', 'Conduct employee security awareness training', 'Implement strong email filtering', 'Regularly review access controls']"
unknown,0.9042692805633136,0,Unknown,[],[],0.9042692805633136,High,4521346.402816568,"['Enable Attack Surface Reduction (ASR) rules', 'Implement Local Administrator Password Solution (LAPS)', 'Ensure immutable and offline backups', 'Deploy Application Allowlisting', 'Isolate affected systems from network']"
virut,0.0033104508115333,0,GenericMalware,"['T1486', 'T1055', 'T1027']","['D3-BAC', 'D3-BDR', 'D3-SAW']",0.0033104508115333,Low,16552.2540576665,"['Maintain continuous security monitoring', 'Ensure robust security hygiene', 'Conduct employee security awareness training', 'Implement strong email filtering', 'Regularly review access controls']"
unknown,0.0033104508115333,0,Unknown,[],[],0.0033104508115333,Low,16552.2540576665,"['Maintain continuous security monitoring', 'Ensure robust security hygiene', 'Conduct employee security awareness training', 'Implement strong email filtering', 'Regularly review access controls']"
upatre,0.00331045081212,0,Upatre,"['T1486', 'T1055', 'T1027']","['D3-BAC', 'D3-BDR', 'D3-SAW']",0.00331045081212,Low,16552.2540606,"['Maintain continuous security monitoring', 'Ensure robust security hygiene', 'Conduct employee security awareness training', 'Implement strong email filtering', 'Regularly review access controls']"
unknown,0.9042692805633136,0,Unknown,[],[],0.9042692805633136,High,4521346.402816568,"['Enable Attack Surface Reduction (ASR) rules', 'Implement Local Administrator Password Solution (LAPS)', 'Ensure immutable and offline backups', 'Deploy Application Allowlisting', 'Isolate affected systems from network']"
unknown,0.9042692805633136,0,Unknown,[],[],0.9042692805633136,High,4521346.402816568,"['Enable Attack Surface Reduction (ASR) rules', 'Implement Local Administrator Password Solution (LAPS)', 'Ensure immutable and offline backups', 'Deploy Application Allowlisting', 'Isolate affected systems from network']"
unknown,0.9042692805633136,1,Unknown,[],[],0.9042692805633136,High,4521346.402816568,"['Enable Attack Surface Reduction (ASR) rules', 'Implement Local Administrator Password Solution (LAPS)', 'Ensure immutable and offline backups', 'Deploy Application Allowlisting', 'Isolate affected systems from network']"
berbew,0.0033104508115868,0,Berbew,"['T1486', 'T1055', 'T1027']","['D3-BAC', 'D3-BDR', 'D3-SAW']",0.0033104508115868,Low,16552.254057934,"['Maintain continuous security monitoring', 'Ensure robust security hygiene', 'Conduct employee security awareness training', 'Implement strong email filtering', 'Regularly review access controls']"
unknown,0.9042692805633136,0,Unknown,[],[],0.9042692805633136,High,4521346.402816568,"['Enable Attack Surface Reduction (ASR) rules', 'Implement Local Administrator Password Solution (LAPS)', 'Ensure immutable and offline backups', 'Deploy Application Allowlisting', 'Isolate affected systems from network']"
unknown,0.9042692805633136,0,Unknown,[],[],0.9042692805633136,High,4521346.402816568,"['Enable Attack Surface Reduction (ASR) rules', 'Implement Local Administrator Password Solution (LAPS)', 'Ensure immutable and offline backups', 'Deploy Application Allowlisting', 'Isolate affected systems from network']"
unknown,0.9042692805633136,1,Unknown,[],[],0.9042692805633136,High,4521346.402816568,"['Enable Attack Surface Reduction (ASR) rules', 'Implement Local Administrator Password Solution (LAPS)', 'Ensure immutable and offline backups', 'Deploy Application Allowlisting', 'Isolate affected systems from network']"
unknown,0.9042692805633136,1,Unknown,[],[],0.9042692805633136,High,4521346.402816568,"['Enable Attack Surface Reduction (ASR) rules', 'Implement Local Administrator Password Solution (LAPS)', 'Ensure immutable and offline backups', 'Deploy Application Allowlisting', 'Isolate affected systems from network']"
darkcomet,0.0033104508115333,0,GenericMalware,"['T1486', 'T1055', 'T1027']","['D3-BAC', 'D3-BDR', 'D3-SAW']",0.0033104508115333,Low,16552.2540576665,"['Maintain continuous security monitoring', 'Ensure robust security hygiene', 'Conduct employee security awareness training', 'Implement strong email filtering', 'Regularly review access controls']"
unknown,0.9042692805633136,1,Unknown,[],[],0.9042692805633136,High,4521346.402816568,"['Enable Attack Surface Reduction (ASR) rules', 'Implement Local Administrator Password Solution (LAPS)', 'Ensure immutable and offline backups', 'Deploy Application Allowlisting', 'Isolate affected systems from network']"
unknown,0.9042692805633136,0,Unknown,[],[],0.9042692805633136,High,4521346.402816568,"['Enable Attack Surface Reduction (ASR) rules', 'Implement Local Administrator Password Solution (LAPS)', 'Ensure immutable and offline backups', 'Deploy Application Allowlisting', 'Isolate affected systems from network']"
unknown,0.0033104508115333,0,Unknown,[],[],0.0033104508115333,Low,16552.2540576665,"['Maintain continuous security monitoring', 'Ensure robust security hygiene', 'Conduct employee security awareness training', 'Implement strong email filtering', 'Regularly review access controls']"
xmrig,0.0033104508115333,0,XMRig,"['T1055', 'T1027', 'T1059']","['D3-AL', 'D3-CR', 'D3-SAW']",0.0033104508115333,Low,16552.2540576665,"['Maintain continuous security monitoring', 'Ensure robust security hygiene', 'Conduct employee security awareness training', 'Implement strong email filtering', 'Regularly review access controls']"
unknown,0.0033104508115869,0,Unknown,[],[],0.0033104508115869,Low,16552.2540579345,"['Maintain continuous security monitoring', 'Ensure robust security hygiene', 'Conduct employee security awareness training', 'Implement strong email filtering', 'Regularly review access controls']"
unknown,0.9042692805633136,0,Unknown,[],[],0.9042692805633136,High,4521346.402816568,"['Enable Attack Surface Reduction (ASR) rules', 'Implement Local Administrator Password Solution (LAPS)', 'Ensure immutable and offline backups', 'Deploy Application Allowlisting', 'Isolate affected systems from network']"
unknown,0.0033104508115333,0,Unknown,[],[],0.0033104508115333,Low,16552.2540576665,"['Maintain continuous security monitoring', 'Ensure robust security hygiene', 'Conduct employee security awareness training', 'Implement strong email filtering', 'Regularly review access controls']"
expiro,0.0033104508115333,0,Expiro,"['T1486', 'T1055', 'T1027']","['D3-BAC', 'D3-BDR', 'D3-SAW']",0.0033104508115333,Low,16552.2540576665,"['Maintain continuous security monitoring', 'Ensure robust security hygiene', 'Conduct employee security awareness training', 'Implement strong email filtering', 'Regularly review access controls']"
unknown,0.0033104508115333,0,Unknown,[],[],0.0033104508115333,Low,16552.2540576665,"['Maintain continuous security monitoring', 'Ensure robust security hygiene', 'Conduct employee security awareness training', 'Implement strong email filtering', 'Regularly review access controls']"
unknown,0.0033104508115333,0,Unknown,[],[],0.0033104508115333,Low,16552.2540576665,"['Maintain continuous security monitoring', 'Ensure robust security hygiene', 'Conduct employee security awareness training', 'Implement strong email filtering', 'Regularly review access controls']"
berbew,0.0033104508115309,0,Berbew,"['T1486', 'T1055', 'T1027']","['D3-BAC', 'D3-BDR', 'D3-SAW']",0.0033104508115309,Low,16552.2540576545,"['Maintain continuous security monitoring', 'Ensure robust security hygiene', 'Conduct employee security awareness training', 'Implement strong email filtering', 'Regularly review access controls']"
unknown,0.9042692805633136,0,Unknown,[],[],0.9042692805633136,High,4521346.402816568,"['Enable Attack Surface Reduction (ASR) rules', 'Implement Local Administrator Password Solution (LAPS)', 'Ensure immutable and offline backups', 'Deploy Application Allowlisting', 'Isolate affected systems from network']"
unknown,0.0033104508115333,0,Unknown,[],[],0.0033104508115333,Low,16552.2540576665,"['Maintain continuous security monitoring', 'Ensure robust security hygiene', 'Conduct employee security awareness training', 'Implement strong email filtering', 'Regularly review access controls']"
unknown,0.9042692805633136,1,Unknown,[],[],0.9042692805633136,High,4521346.402816568,"['Enable Attack Surface Reduction (ASR) rules', 'Implement Local Administrator Password Solution (LAPS)', 'Ensure immutable and offline backups', 'Deploy Application Allowlisting', 'Isolate affected systems from network']"
unknown,0.0033104508115333,0,Unknown,[],[],0.0033104508115333,Low,16552.2540576665,"['Maintain continuous security monitoring', 'Ensure robust security hygiene', 'Conduct employee security awareness training', 'Implement strong email filtering', 'Regularly review access controls']"
unknown,0.9042692805633136,1,Unknown,[],[],0.9042692805633136,High,4521346.402816568,"['Enable Attack Surface Reduction (ASR) rules', 'Implement Local Administrator Password Solution (LAPS)', 'Ensure immutable and offline backups', 'Deploy Application Allowlisting', 'Isolate affected systems from network']"
disfa,0.0033104508115333,0,GenericMalware,"['T1486', 'T1055', 'T1027']","['D3-BAC', 'D3-BDR', 'D3-SAW']",0.0033104508115333,Low,16552.2540576665,"['Maintain continuous security monitoring', 'Ensure robust security hygiene', 'Conduct employee security awareness training', 'Implement strong email filtering', 'Regularly review access controls']"
unknown,0.0033104508115333,0,Unknown,[],[],0.0033104508115333,Low,16552.2540576665,"['Maintain continuous security monitoring', 'Ensure robust security hygiene', 'Conduct employee security awareness training', 'Implement strong email filtering', 'Regularly review access controls']"
unknown,0.0033104508114616,0,Unknown,[],[],0.0033104508114616,Low,16552.254057308,"['Maintain continuous security monitoring', 'Ensure robust security hygiene', 'Conduct employee security awareness training', 'Implement strong email filtering', 'Regularly review access controls']"
unknown,0.0033104508115333,0,Unknown,[],[],0.0033104508115333,Low,16552.2540576665,"['Maintain continuous security monitoring', 'Ensure robust security hygiene', 'Conduct employee security awareness training', 'Implement strong email filtering', 'Regularly review access controls']"
unknown,0.9042692805633136,0,Unknown,[],[],0.9042692805633136,High,4521346.402816568,"['Enable Attack Surface Reduction (ASR) rules', 'Implement Local Administrator Password Solution (LAPS)', 'Ensure immutable and offline backups', 'Deploy Application Allowlisting', 'Isolate affected systems from network']"
unknown,0.0033104508114664,0,Unknown,[],[],0.0033104508114664,Low,16552.254057332,"['Maintain continuous security monitoring', 'Ensure robust security hygiene', 'Conduct employee security awareness training', 'Implement strong email filtering', 'Regularly review access controls']"
unknown,0.0033104508115333,0,Unknown,[],[],0.0033104508115333,Low,16552.2540576665,"['Maintain continuous security monitoring', 'Ensure robust security hygiene', 'Conduct employee security awareness training', 'Implement strong email filtering', 'Regularly review access controls']"
unknown,0.9042692805633136,1,Unknown,[],[],0.9042692805633136,High,4521346.402816568,"['Enable Attack Surface Reduction (ASR) rules', 'Implement Local Administrator Password Solution (LAPS)', 'Ensure immutable and offline backups', 'Deploy Application Allowlisting', 'Isolate affected systems from network']"
unknown,0.9042692805633136,1,Unknown,[],[],0.9042692805633136,High,4521346.402816568,"['Enable Attack Surface Reduction (ASR) rules', 'Implement Local Administrator Password Solution (LAPS)', 'Ensure immutable and offline backups', 'Deploy Application Allowlisting', 'Isolate affected systems from network']"
unknown,0.9042692805633136,0,Unknown,[],[],0.9042692805633136,High,4521346.402816568,"['Enable Attack Surface Reduction (ASR) rules', 'Implement Local Administrator Password Solution (LAPS)', 'Ensure immutable and offline backups', 'Deploy Application Allowlisting', 'Isolate affected systems from network']"
shipshape,0.0033104508115333,0,ShipShape,"['T1486', 'T1055', 'T1027']","['D3-BAC', 'D3-BDR', 'D3-SAW']",0.0033104508115333,Low,16552.2540576665,"['Maintain continuous security monitoring', 'Ensure robust security hygiene', 'Conduct employee security awareness training', 'Implement strong email filtering', 'Regularly review access controls']"
unknown,0.9042692805633136,1,Unknown,[],[],0.9042692805633136,High,4521346.402816568,"['Enable Attack Surface Reduction (ASR) rules', 'Implement Local Administrator Password Solution (LAPS)', 'Ensure immutable and offline backups', 'Deploy Application Allowlisting', 'Isolate affected systems from network']"
berbew,0.0033104508115333,0,Berbew,"['T1486', 'T1055', 'T1027']","['D3-BAC', 'D3-BDR', 'D3-SAW']",0.0033104508115333,Low,16552.2540576665,"['Maintain continuous security monitoring', 'Ensure robust security hygiene', 'Conduct employee security awareness training', 'Implement strong email filtering', 'Regularly review access controls']"
unknown,0.0033104508115333,0,Unknown,[],[],0.0033104508115333,Low,16552.2540576665,"['Maintain continuous security monitoring', 'Ensure robust security hygiene', 'Conduct employee security awareness training', 'Implement strong email filtering', 'Regularly review access controls']"
unknown,0.9042692805633136,0,Unknown,[],[],0.9042692805633136,High,4521346.402816568,"['Enable Attack Surface Reduction (ASR) rules', 'Implement Local Administrator Password Solution (LAPS)', 'Ensure immutable and offline backups', 'Deploy Application Allowlisting', 'Isolate affected systems from network']"
wipass,0.003310450811489,0,GenericMalware,"['T1486', 'T1055', 'T1027']","['D3-BAC', 'D3-BDR', 'D3-SAW']",0.003310450811489,Low,16552.254057445,"['Maintain continuous security monitoring', 'Ensure robust security hygiene', 'Conduct employee security awareness training', 'Implement strong email filtering', 'Regularly review access controls']"
unknown,0.9042692805633136,1,Unknown,[],[],0.9042692805633136,High,4521346.402816568,"['Enable Attack Surface Reduction (ASR) rules', 'Implement Local Administrator Password Solution (LAPS)', 'Ensure immutable and offline backups', 'Deploy Application Allowlisting', 'Isolate affected systems from network']"
unknown,0.9042692805633136,0,Unknown,[],[],0.9042692805633136,High,4521346.402816568,"['Enable Attack Surface Reduction (ASR) rules', 'Implement Local Administrator Password Solution (LAPS)', 'Ensure immutable and offline backups', 'Deploy Application Allowlisting', 'Isolate affected systems from network']"
unknown,0.9042692805633136,1,Unknown,[],[],0.9042692805633136,High,4521346.402816568,"['Enable Attack Surface Reduction (ASR) rules', 'Implement Local Administrator Password Solution (LAPS)', 'Ensure immutable and offline backups', 'Deploy Application Allowlisting', 'Isolate affected systems from network']"
unknown,0.9042692805633136,1,Unknown,[],[],0.9042692805633136,High,4521346.402816568,"['Enable Attack Surface Reduction (ASR) rules', 'Implement Local Administrator Password Solution (LAPS)', 'Ensure immutable and offline backups', 'Deploy Application Allowlisting', 'Isolate affected systems from network']"
unknown,0.0033104508115333,0,Unknown,[],[],0.0033104508115333,Low,16552.2540576665,"['Maintain continuous security monitoring', 'Ensure robust security hygiene', 'Conduct employee security awareness training', 'Implement strong email filtering', 'Regularly review access controls']"
bedep,0.0033104508115333,0,Bedep,"['T1486', 'T1055', 'T1027']","['D3-BAC', 'D3-BDR', 'D3-SAW']",0.0033104508115333,Low,16552.2540576665,"['Maintain continuous security monitoring', 'Ensure robust security hygiene', 'Conduct employee security awareness training', 'Implement strong email filtering', 'Regularly review access controls']"
unknown,0.9042692805633136,0,Unknown,[],[],0.9042692805633136,High,4521346.402816568,"['Enable Attack Surface Reduction (ASR) rules', 'Implement Local Administrator Password Solution (LAPS)', 'Ensure immutable and offline backups', 'Deploy Application Allowlisting', 'Isolate affected systems from network']"
unknown,0.9042692805633136,1,Unknown,[],[],0.9042692805633136,High,4521346.402816568,"['Enable Attack Surface Reduction (ASR) rules', 'Implement Local Administrator Password Solution (LAPS)', 'Ensure immutable and offline backups', 'Deploy Application Allowlisting', 'Isolate affected systems from network']"
unknown,0.9042692805633136,0,Unknown,[],[],0.9042692805633136,High,4521346.402816568,"['Enable Attack Surface Reduction (ASR) rules', 'Implement Local Administrator Password Solution (LAPS)', 'Ensure immutable and offline backups', 'Deploy Application Allowlisting', 'Isolate affected systems from network']"
unknown,0.9042692805633136,1,Unknown,[],[],0.9042692805633136,High,4521346.402816568,"['Enable Attack Surface Reduction (ASR) rules', 'Implement Local Administrator Password Solution (LAPS)', 'Ensure immutable and offline backups', 'Deploy Application Allowlisting', 'Isolate affected systems from network']"
wacatac,0.0033104508115333,0,Wacatac,"['T1486', 'T1055', 'T1027']","['D3-BAC', 'D3-BDR', 'D3-SAW']",0.0033104508115333,Low,16552.2540576665,"['Maintain continuous security monitoring', 'Ensure robust security hygiene', 'Conduct employee security awareness training', 'Implement strong email filtering', 'Regularly review access controls']"
crysan,0.0033104508114623,0,GenericMalware,"['T1486', 'T1055', 'T1027']","['D3-BAC', 'D3-BDR', 'D3-SAW']",0.0033104508114623,Low,16552.2540573115,"['Maintain continuous security monitoring', 'Ensure robust security hygiene', 'Conduct employee security awareness training', 'Implement strong email filtering', 'Regularly review access controls']"
unknown,0.9042692805633136,1,Unknown,[],[],0.9042692805633136,High,4521346.402816568,"['Enable Attack Surface Reduction (ASR) rules', 'Implement Local Administrator Password Solution (LAPS)', 'Ensure immutable and offline backups', 'Deploy Application Allowlisting', 'Isolate affected systems from network']"
berbew,0.0033104508115333,0,Berbew,"['T1486', 'T1055', 'T1027']","['D3-BAC', 'D3-BDR', 'D3-SAW']",0.0033104508115333,Low,16552.2540576665,"['Maintain continuous security monitoring', 'Ensure robust security hygiene', 'Conduct employee security awareness training', 'Implement strong email filtering', 'Regularly review access controls']"
unknown,0.9042692805633136,0,Unknown,[],[],0.9042692805633136,High,4521346.402816568,"['Enable Attack Surface Reduction (ASR) rules', 'Implement Local Administrator Password Solution (LAPS)', 'Ensure immutable and offline backups', 'Deploy Application Allowlisting', 'Isolate affected systems from network']"
unknown,0.9042692805633136,1,Unknown,[],[],0.9042692805633136,High,4521346.402816568,"['Enable Attack Surface Reduction (ASR) rules', 'Implement Local Administrator Password Solution (LAPS)', 'Ensure immutable and offline backups', 'Deploy Application Allowlisting', 'Isolate affected systems from network']"
unknown,0.9042692805633136,0,Unknown,[],[],0.9042692805633136,High,4521346.402816568,"['Enable Attack Surface Reduction (ASR) rules', 'Implement Local Administrator Password Solution (LAPS)', 'Ensure immutable and offline backups', 'Deploy Application Allowlisting', 'Isolate affected systems from network']"
unknown,0.9042692805633136,1,Unknown,[],[],0.9042692805633136,High,4521346.402816568,"['Enable Attack Surface Reduction (ASR) rules', 'Implement Local Administrator Password Solution (LAPS)', 'Ensure immutable and offline backups', 'Deploy Application Allowlisting', 'Isolate affected systems from network']"
unknown,0.9042692805633136,0,Unknown,[],[],0.9042692805633136,High,4521346.402816568,"['Enable Attack Surface Reduction (ASR) rules', 'Implement Local Administrator Password Solution (LAPS)', 'Ensure immutable and offline backups', 'Deploy Application Allowlisting', 'Isolate affected systems from network']"
unknown,0.9042692805633136,0,Unknown,[],[],0.9042692805633136,High,4521346.402816568,"['Enable Attack Surface Reduction (ASR) rules', 'Implement Local Administrator Password Solution (LAPS)', 'Ensure immutable and offline backups', 'Deploy Application Allowlisting', 'Isolate affected systems from network']"
unknown,0.9042692805633136,0,Unknown,[],[],0.9042692805633136,High,4521346.402816568,"['Enable Attack Surface Reduction (ASR) rules', 'Implement Local Administrator Password Solution (LAPS)', 'Ensure immutable and offline backups', 'Deploy Application Allowlisting', 'Isolate affected systems from network']"
unknown,0.9042692805633136,1,Unknown,[],[],0.9042692805633136,High,4521346.402816568,"['Enable Attack Surface Reduction (ASR) rules', 'Implement Local Administrator Password Solution (LAPS)', 'Ensure immutable and offline backups', 'Deploy Application Allowlisting', 'Isolate affected systems from network']"
unknown,0.9042692805633136,0,Unknown,[],[],0.9042692805633136,High,4521346.402816568,"['Enable Attack Surface Reduction (ASR) rules', 'Implement Local Administrator Password Solution (LAPS)', 'Ensure immutable and offline backups', 'Deploy Application Allowlisting', 'Isolate affected systems from network']"
unknown,0.9042692805633136,0,Unknown,[],[],0.9042692805633136,High,4521346.402816568,"['Enable Attack Surface Reduction (ASR) rules', 'Implement Local Administrator Password Solution (LAPS)', 'Ensure immutable and offline backups', 'Deploy Application Allowlisting', 'Isolate affected systems from network']"
orbus,0.0033454379976919,0,GenericMalware,"['T1486', 'T1055', 'T1027']","['D3-BAC', 'D3-BDR', 'D3-SAW']",0.0033454379976919,Low,16727.1899884595,"['Maintain continuous security monitoring', 'Ensure robust security hygiene', 'Conduct employee security awareness training', 'Implement strong email filtering', 'Regularly review access controls']"
unknown,0.9042692805633136,1,Unknown,[],[],0.9042692805633136,High,4521346.402816568,"['Enable Attack Surface Reduction (ASR) rules', 'Implement Local Administrator Password Solution (LAPS)', 'Ensure immutable and offline backups', 'Deploy Application Allowlisting', 'Isolate affected systems from network']"
sfone,0.0033104508115333,0,SFOne,"['T1486', 'T1055', 'T1027']","['D3-BAC', 'D3-BDR', 'D3-SAW']",0.0033104508115333,Low,16552.2540576665,"['Maintain continuous security monitoring', 'Ensure robust security hygiene', 'Conduct employee security awareness training', 'Implement strong email filtering', 'Regularly review access controls']"
babar,0.003310450811466,0,GenericMalware,"['T1486', 'T1055', 'T1027']","['D3-BAC', 'D3-BDR', 'D3-SAW']",0.003310450811466,Low,16552.25405733,"['Maintain continuous security monitoring', 'Ensure robust security hygiene', 'Conduct employee security awareness training', 'Implement strong email filtering', 'Regularly review access controls']"
unknown,0.9042692805633136,1,Unknown,[],[],0.9042692805633136,High,4521346.402816568,"['Enable Attack Surface Reduction (ASR) rules', 'Implement Local Administrator Password Solution (LAPS)', 'Ensure immutable and offline backups', 'Deploy Application Allowlisting', 'Isolate affected systems from network']"
unknown,0.9042692805633136,0,Unknown,[],[],0.9042692805633136,High,4521346.402816568,"['Enable Attack Surface Reduction (ASR) rules', 'Implement Local Administrator Password Solution (LAPS)', 'Ensure immutable and offline backups', 'Deploy Application Allowlisting', 'Isolate affected systems from network']"
unknown,0.9042692805633136,1,Unknown,[],[],0.9042692805633136,High,4521346.402816568,"['Enable Attack Surface Reduction (ASR) rules', 'Implement Local Administrator Password Solution (LAPS)', 'Ensure immutable and offline backups', 'Deploy Application Allowlisting', 'Isolate affected systems from network']"
lockergoga,0.0033104508114677,0,GenericMalware,"['T1486', 'T1055', 'T1027']","['D3-BAC', 'D3-BDR', 'D3-SAW']",0.0033104508114677,Low,16552.254057338498,"['Maintain continuous security monitoring', 'Ensure robust security hygiene', 'Conduct employee security awareness training', 'Implement strong email filtering', 'Regularly review access controls']"
unknown,0.9042692805633136,1,Unknown,[],[],0.9042692805633136,High,4521346.402816568,"['Enable Attack Surface Reduction (ASR) rules', 'Implement Local Administrator Password Solution (LAPS)', 'Ensure immutable and offline backups', 'Deploy Application Allowlisting', 'Isolate affected systems from network']"
expiro,0.0033104508115333,0,Expiro,"['T1486', 'T1055', 'T1027']","['D3-BAC', 'D3-BDR', 'D3-SAW']",0.0033104508115333,Low,16552.2540576665,"['Maintain continuous security monitoring', 'Ensure robust security hygiene', 'Conduct employee security awareness training', 'Implement strong email filtering', 'Regularly review access controls']"
unknown,0.9042692805633136,0,Unknown,[],[],0.9042692805633136,High,4521346.402816568,"['Enable Attack Surface Reduction (ASR) rules', 'Implement Local Administrator Password Solution (LAPS)', 'Ensure immutable and offline backups', 'Deploy Application Allowlisting', 'Isolate affected systems from network']"
unknown,0.9042692805633136,0,Unknown,[],[],0.9042692805633136,High,4521346.402816568,"['Enable Attack Surface Reduction (ASR) rules', 'Implement Local Administrator Password Solution (LAPS)', 'Ensure immutable and offline backups', 'Deploy Application Allowlisting', 'Isolate affected systems from network']"
unknown,0.9042692805633136,1,Unknown,[],[],0.9042692805633136,High,4521346.402816568,"['Enable Attack Surface Reduction (ASR) rules', 'Implement Local Administrator Password Solution (LAPS)', 'Ensure immutable and offline backups', 'Deploy Application Allowlisting', 'Isolate affected systems from network']"
nitol,0.0033104508115333,0,Nitol,"['T1486', 'T1055', 'T1027']","['D3-BAC', 'D3-BDR', 'D3-SAW']",0.0033104508115333,Low,16552.2540576665,"['Maintain continuous security monitoring', 'Ensure robust security hygiene', 'Conduct employee security awareness training', 'Implement strong email filtering', 'Regularly review access controls']"
unknown,0.9042692805633136,0,Unknown,[],[],0.9042692805633136,High,4521346.402816568,"['Enable Attack Surface Reduction (ASR) rules', 'Implement Local Administrator Password Solution (LAPS)', 'Ensure immutable and offline backups', 'Deploy Application Allowlisting', 'Isolate affected systems from network']"
unknown,0.0033104508115309,0,Unknown,[],[],0.0033104508115309,Low,16552.2540576545,"['Maintain continuous security monitoring', 'Ensure robust security hygiene', 'Conduct employee security awareness training', 'Implement strong email filtering', 'Regularly review access controls']"
unknown,0.9042692805633136,1,Unknown,[],[],0.9042692805633136,High,4521346.402816568,"['Enable Attack Surface Reduction (ASR) rules', 'Implement Local Administrator Password Solution (LAPS)', 'Ensure immutable and offline backups', 'Deploy Application Allowlisting', 'Isolate affected systems from network']"
unknown,0.9042692805633136,1,Unknown,[],[],0.9042692805633136,High,4521346.402816568,"['Enable Attack Surface Reduction (ASR) rules', 'Implement Local Administrator Password Solution (LAPS)', 'Ensure immutable and offline backups', 'Deploy Application Allowlisting', 'Isolate affected systems from network']"
unknown,0.9042692805633136,0,Unknown,[],[],0.9042692805633136,High,4521346.402816568,"['Enable Attack Surface Reduction (ASR) rules', 'Implement Local Administrator Password Solution (LAPS)', 'Ensure immutable and offline backups', 'Deploy Application Allowlisting', 'Isolate affected systems from network']"
unknown,0.9042692805633136,1,Unknown,[],[],0.9042692805633136,High,4521346.402816568,"['Enable Attack Surface Reduction (ASR) rules', 'Implement Local Administrator Password Solution (LAPS)', 'Ensure immutable and offline backups', 'Deploy Application Allowlisting', 'Isolate affected systems from network']"
lockergoga,0.0033104508114895,0,GenericMalware,"['T1486', 'T1055', 'T1027']","['D3-BAC', 'D3-BDR', 'D3-SAW']",0.0033104508114895,Low,16552.2540574475,"['Maintain continuous security monitoring', 'Ensure robust security hygiene', 'Conduct employee security awareness training', 'Implement strong email filtering', 'Regularly review access controls']"
flystudio,0.0033104508115163,0,FlyStudio,"['T1486', 'T1055', 'T1027']","['D3-BAC', 'D3-BDR', 'D3-SAW']",0.0033104508115163,Low,16552.2540575815,"['Maintain continuous security monitoring', 'Ensure robust security hygiene', 'Conduct employee security awareness training', 'Implement strong email filtering', 'Regularly review access controls']"
unknown,0.0033104508115333,0,Unknown,[],[],0.0033104508115333,Low,16552.2540576665,"['Maintain continuous security monitoring', 'Ensure robust security hygiene', 'Conduct employee security awareness training', 'Implement strong email filtering', 'Regularly review access controls']"
unknown,0.0033104508115294,0,Unknown,[],[],0.0033104508115294,Low,16552.254057647002,"['Maintain continuous security monitoring', 'Ensure robust security hygiene', 'Conduct employee security awareness training', 'Implement strong email filtering', 'Regularly review access controls']"
unknown,0.9042692805633136,0,Unknown,[],[],0.9042692805633136,High,4521346.402816568,"['Enable Attack Surface Reduction (ASR) rules', 'Implement Local Administrator Password Solution (LAPS)', 'Ensure immutable and offline backups', 'Deploy Application Allowlisting', 'Isolate affected systems from network']"
berbew,0.0033104508115309,0,Berbew,"['T1486', 'T1055', 'T1027']","['D3-BAC', 'D3-BDR', 'D3-SAW']",0.0033104508115309,Low,16552.2540576545,"['Maintain continuous security monitoring', 'Ensure robust security hygiene', 'Conduct employee security awareness training', 'Implement strong email filtering', 'Regularly review access controls']"
ronkor,0.0033104508115333,0,GenericMalware,"['T1486', 'T1055', 'T1027']","['D3-BAC', 'D3-BDR', 'D3-SAW']",0.0033104508115333,Low,16552.2540576665,"['Maintain continuous security monitoring', 'Ensure robust security hygiene', 'Conduct employee security awareness training', 'Implement strong email filtering', 'Regularly review access controls']"
unknown,0.9042692805633136,1,Unknown,[],[],0.9042692805633136,High,4521346.402816568,"['Enable Attack Surface Reduction (ASR) rules', 'Implement Local Administrator Password Solution (LAPS)', 'Ensure immutable and offline backups', 'Deploy Application Allowlisting', 'Isolate affected systems from network']"
unknown,0.0033104508115333,0,Unknown,[],[],0.0033104508115333,Low,16552.2540576665,"['Maintain continuous security monitoring', 'Ensure robust security hygiene', 'Conduct employee security awareness training', 'Implement strong email filtering', 'Regularly review access controls']"
unknown,0.9042692805633136,0,Unknown,[],[],0.9042692805633136,High,4521346.402816568,"['Enable Attack Surface Reduction (ASR) rules', 'Implement Local Administrator Password Solution (LAPS)', 'Ensure immutable and offline backups', 'Deploy Application Allowlisting', 'Isolate affected systems from network']"
unknown,0.0033104508115333,0,Unknown,[],[],0.0033104508115333,Low,16552.2540576665,"['Maintain continuous security monitoring', 'Ensure robust security hygiene', 'Conduct employee security awareness training', 'Implement strong email filtering', 'Regularly review access controls']"
unknown,0.0033104508115055,0,Unknown,[],[],0.0033104508115055,Low,16552.254057527498,"['Maintain continuous security monitoring', 'Ensure robust security hygiene', 'Conduct employee security awareness training', 'Implement strong email filtering', 'Regularly review access controls']"
unknown,0.9042692805633136,0,Unknown,[],[],0.9042692805633136,High,4521346.402816568,"['Enable Attack Surface Reduction (ASR) rules', 'Implement Local Administrator Password Solution (LAPS)', 'Ensure immutable and offline backups', 'Deploy Application Allowlisting', 'Isolate affected systems from network']"
wacatac,0.0033104508115333,0,Wacatac,"['T1486', 'T1055', 'T1027']","['D3-BAC', 'D3-BDR', 'D3-SAW']",0.0033104508115333,Low,16552.2540576665,"['Maintain continuous security monitoring', 'Ensure robust security hygiene', 'Conduct employee security awareness training', 'Implement strong email filtering', 'Regularly review access controls']"
unknown,0.9042692805633136,0,Unknown,[],[],0.9042692805633136,High,4521346.402816568,"['Enable Attack Surface Reduction (ASR) rules', 'Implement Local Administrator Password Solution (LAPS)', 'Ensure immutable and offline backups', 'Deploy Application Allowlisting', 'Isolate affected systems from network']"
unknown,0.0033104508115333,0,Unknown,[],[],0.0033104508115333,Low,16552.2540576665,"['Maintain continuous security monitoring', 'Ensure robust security hygiene', 'Conduct employee security awareness training', 'Implement strong email filtering', 'Regularly review access controls']"
unknown,0.9042692805633136,1,Unknown,[],[],0.9042692805633136,High,4521346.402816568,"['Enable Attack Surface Reduction (ASR) rules', 'Implement Local Administrator Password Solution (LAPS)', 'Ensure immutable and offline backups', 'Deploy Application Allowlisting', 'Isolate affected systems from network']"
unknown,0.9042692805633136,1,Unknown,[],[],0.9042692805633136,High,4521346.402816568,"['Enable Attack Surface Reduction (ASR) rules', 'Implement Local Administrator Password Solution (LAPS)', 'Ensure immutable and offline backups', 'Deploy Application Allowlisting', 'Isolate affected systems from network']"
unknown,0.0033104508115333,0,Unknown,[],[],0.0033104508115333,Low,16552.2540576665,"['Maintain continuous security monitoring', 'Ensure robust security hygiene', 'Conduct employee security awareness training', 'Implement strong email filtering', 'Regularly review access controls']"
mysticstealer,0.0033104508115309,0,GenericMalware,"['T1486', 'T1055', 'T1027']","['D3-BAC', 'D3-BDR', 'D3-SAW']",0.0033104508115309,Low,16552.2540576545,"['Maintain continuous security monitoring', 'Ensure robust security hygiene', 'Conduct employee security awareness training', 'Implement strong email filtering', 'Regularly review access controls']"
unknown,0.9042692805633136,1,Unknown,[],[],0.9042692805633136,High,4521346.402816568,"['Enable Attack Surface Reduction (ASR) rules', 'Implement Local Administrator Password Solution (LAPS)', 'Ensure immutable and offline backups', 'Deploy Application Allowlisting', 'Isolate affected systems from network']"
unknown,0.9042692805633136,0,Unknown,[],[],0.9042692805633136,High,4521346.402816568,"['Enable Attack Surface Reduction (ASR) rules', 'Implement Local Administrator Password Solution (LAPS)', 'Ensure immutable and offline backups', 'Deploy Application Allowlisting', 'Isolate affected systems from network']"
unknown,0.0033104508115333,0,Unknown,[],[],0.0033104508115333,Low,16552.2540576665,"['Maintain continuous security monitoring', 'Ensure robust security hygiene', 'Conduct employee security awareness training', 'Implement strong email filtering', 'Regularly review access controls']"
unknown,0.0033104508115293,0,Unknown,[],[],0.0033104508115293,Low,16552.2540576465,"['Maintain continuous security monitoring', 'Ensure robust security hygiene', 'Conduct employee security awareness training', 'Implement strong email filtering', 'Regularly review access controls']"
unknown,0.9042692805633136,1,Unknown,[],[],0.9042692805633136,High,4521346.402816568,"['Enable Attack Surface Reduction (ASR) rules', 'Implement Local Administrator Password Solution (LAPS)', 'Ensure immutable and offline backups', 'Deploy Application Allowlisting', 'Isolate affected systems from network']"
unknown,0.9042692805633136,1,Unknown,[],[],0.9042692805633136,High,4521346.402816568,"['Enable Attack Surface Reduction (ASR) rules', 'Implement Local Administrator Password Solution (LAPS)', 'Ensure immutable and offline backups', 'Deploy Application Allowlisting', 'Isolate affected systems from network']"
disin,0.0033104508114785,0,Disin,"['T1486', 'T1055', 'T1027']","['D3-BAC', 'D3-BDR', 'D3-SAW']",0.0033104508114785,Low,16552.2540573925,"['Maintain continuous security monitoring', 'Ensure robust security hygiene', 'Conduct employee security awareness training', 'Implement strong email filtering', 'Regularly review access controls']"
unknown,0.0033104508115061,0,Unknown,[],[],0.0033104508115061,Low,16552.2540575305,"['Maintain continuous security monitoring', 'Ensure robust security hygiene', 'Conduct employee security awareness training', 'Implement strong email filtering', 'Regularly review access controls']"
unknown,0.9042692805633136,1,Unknown,[],[],0.9042692805633136,High,4521346.402816568,"['Enable Attack Surface Reduction (ASR) rules', 'Implement Local Administrator Password Solution (LAPS)', 'Ensure immutable and offline backups', 'Deploy Application Allowlisting', 'Isolate affected systems from network']"
unknown,0.9042692805633136,1,Unknown,[],[],0.9042692805633136,High,4521346.402816568,"['Enable Attack Surface Reduction (ASR) rules', 'Implement Local Administrator Password Solution (LAPS)', 'Ensure immutable and offline backups', 'Deploy Application Allowlisting', 'Isolate affected systems from network']"
unknown,0.9042692805633136,0,Unknown,[],[],0.9042692805633136,High,4521346.402816568,"['Enable Attack Surface Reduction (ASR) rules', 'Implement Local Administrator Password Solution (LAPS)', 'Ensure immutable and offline backups', 'Deploy Application Allowlisting', 'Isolate affected systems from network']"
unknown,0.0033104508115333,0,Unknown,[],[],0.0033104508115333,Low,16552.2540576665,"['Maintain continuous security monitoring', 'Ensure robust security hygiene', 'Conduct employee security awareness training', 'Implement strong email filtering', 'Regularly review access controls']"
unknown,0.0033104508115333,0,Unknown,[],[],0.0033104508115333,Low,16552.2540576665,"['Maintain continuous security monitoring', 'Ensure robust security hygiene', 'Conduct employee security awareness training', 'Implement strong email filtering', 'Regularly review access controls']"
unknown,0.9042692805633136,1,Unknown,[],[],0.9042692805633136,High,4521346.402816568,"['Enable Attack Surface Reduction (ASR) rules', 'Implement Local Administrator Password Solution (LAPS)', 'Ensure immutable and offline backups', 'Deploy Application Allowlisting', 'Isolate affected systems from network']"
unknown,0.9042692805633136,0,Unknown,[],[],0.9042692805633136,High,4521346.402816568,"['Enable Attack Surface Reduction (ASR) rules', 'Implement Local Administrator Password Solution (LAPS)', 'Ensure immutable and offline backups', 'Deploy Application Allowlisting', 'Isolate affected systems from network']"
unknown,0.0033104508119878,0,Unknown,[],[],0.0033104508119878,Low,16552.254059938998,"['Maintain continuous security monitoring', 'Ensure robust security hygiene', 'Conduct employee security awareness training', 'Implement strong email filtering', 'Regularly review access controls']"
nuitka,0.003310450811489,0,GenericMalware,"['T1486', 'T1055', 'T1027']","['D3-BAC', 'D3-BDR', 'D3-SAW']",0.003310450811489,Low,16552.254057445,"['Maintain continuous security monitoring', 'Ensure robust security hygiene', 'Conduct employee security awareness training', 'Implement strong email filtering', 'Regularly review access controls']"
unknown,0.0033104508115333,0,Unknown,[],[],0.0033104508115333,Low,16552.2540576665,"['Maintain continuous security monitoring', 'Ensure robust security hygiene', 'Conduct employee security awareness training', 'Implement strong email filtering', 'Regularly review access controls']"
doina,0.0033104508115333,0,Doina,"['T1486', 'T1055', 'T1027']","['D3-BAC', 'D3-BDR', 'D3-SAW']",0.0033104508115333,Low,16552.2540576665,"['Maintain continuous security monitoring', 'Ensure robust security hygiene', 'Conduct employee security awareness training', 'Implement strong email filtering', 'Regularly review access controls']"
unknown,0.0033104508115333,0,Unknown,[],[],0.0033104508115333,Low,16552.2540576665,"['Maintain continuous security monitoring', 'Ensure robust security hygiene', 'Conduct employee security awareness training', 'Implement strong email filtering', 'Regularly review access controls']"
redline,0.0033104508115309,0,RedLine,"['T1486', 'T1055', 'T1027']","['D3-BAC', 'D3-BDR', 'D3-SAW']",0.0033104508115309,Low,16552.2540576545,"['Maintain continuous security monitoring', 'Ensure robust security hygiene', 'Conduct employee security awareness training', 'Implement strong email filtering', 'Regularly review access controls']"
hematite,0.0033104508120334,0,Hematite,"['T1486', 'T1055', 'T1027']","['D3-BAC', 'D3-BDR', 'D3-SAW']",0.0033104508120334,Low,16552.254060167,"['Maintain continuous security monitoring', 'Ensure robust security hygiene', 'Conduct employee security awareness training', 'Implement strong email filtering', 'Regularly review access controls']"
unknown,0.0033104508115333,0,Unknown,[],[],0.0033104508115333,Low,16552.2540576665,"['Maintain continuous security monitoring', 'Ensure robust security hygiene', 'Conduct employee security awareness training', 'Implement strong email filtering', 'Regularly review access controls']"
guildma,0.0033104389333239,0,GenericMalware,"['T1486', 'T1055', 'T1027']","['D3-BAC', 'D3-BDR', 'D3-SAW']",0.0033104389333239,Low,16552.1946666195,"['Maintain continuous security monitoring', 'Ensure robust security hygiene', 'Conduct employee security awareness training', 'Implement strong email filtering', 'Regularly review access controls']"
unknown,0.9042692805633136,0,Unknown,[],[],0.9042692805633136,High,4521346.402816568,"['Enable Attack Surface Reduction (ASR) rules', 'Implement Local Administrator Password Solution (LAPS)', 'Ensure immutable and offline backups', 'Deploy Application Allowlisting', 'Isolate affected systems from network']"
unknown,0.9042692805633136,0,Unknown,[],[],0.9042692805633136,High,4521346.402816568,"['Enable Attack Surface Reduction (ASR) rules', 'Implement Local Administrator Password Solution (LAPS)', 'Ensure immutable and offline backups', 'Deploy Application Allowlisting', 'Isolate affected systems from network']"
berbew,0.003310445788183,0,Berbew,"['T1486', 'T1055', 'T1027']","['D3-BAC', 'D3-BDR', 'D3-SAW']",0.003310445788183,Low,16552.228940915,"['Maintain continuous security monitoring', 'Ensure robust security hygiene', 'Conduct employee security awareness training', 'Implement strong email filtering', 'Regularly review access controls']"
unknown,0.9042692805633136,0,Unknown,[],[],0.9042692805633136,High,4521346.402816568,"['Enable Attack Surface Reduction (ASR) rules', 'Implement Local Administrator Password Solution (LAPS)', 'Ensure immutable and offline backups', 'Deploy Application Allowlisting', 'Isolate affected systems from network']"
unknown,0.9042692805633136,1,Unknown,[],[],0.9042692805633136,High,4521346.402816568,"['Enable Attack Surface Reduction (ASR) rules', 'Implement Local Administrator Password Solution (LAPS)', 'Ensure immutable and offline backups', 'Deploy Application Allowlisting', 'Isolate affected systems from network']"
unknown,0.9042692805633136,1,Unknown,[],[],0.9042692805633136,High,4521346.402816568,"['Enable Attack Surface Reduction (ASR) rules', 'Implement Local Administrator Password Solution (LAPS)', 'Ensure immutable and offline backups', 'Deploy Application Allowlisting', 'Isolate affected systems from network']"
unknown,0.9042692805633136,0,Unknown,[],[],0.9042692805633136,High,4521346.402816568,"['Enable Attack Surface Reduction (ASR) rules', 'Implement Local Administrator Password Solution (LAPS)', 'Ensure immutable and offline backups', 'Deploy Application Allowlisting', 'Isolate affected systems from network']"
picsys,0.0033104508115333,0,GenericMalware,"['T1486', 'T1055', 'T1027']","['D3-BAC', 'D3-BDR', 'D3-SAW']",0.0033104508115333,Low,16552.2540576665,"['Maintain continuous security monitoring', 'Ensure robust security hygiene', 'Conduct employee security awareness training', 'Implement strong email filtering', 'Regularly review access controls']"
unknown,0.0033104508115333,0,Unknown,[],[],0.0033104508115333,Low,16552.2540576665,"['Maintain continuous security monitoring', 'Ensure robust security hygiene', 'Conduct employee security awareness training', 'Implement strong email filtering', 'Regularly review access controls']"
unknown,0.9042692805633136,0,Unknown,[],[],0.9042692805633136,High,4521346.402816568,"['Enable Attack Surface Reduction (ASR) rules', 'Implement Local Administrator Password Solution (LAPS)', 'Ensure immutable and offline backups', 'Deploy Application Allowlisting', 'Isolate affected systems from network']"
unknown,0.9042692805633136,1,Unknown,[],[],0.9042692805633136,High,4521346.402816568,"['Enable Attack Surface Reduction (ASR) rules', 'Implement Local Administrator Password Solution (LAPS)', 'Ensure immutable and offline backups', 'Deploy Application Allowlisting', 'Isolate affected systems from network']"
unknown,0.9042692805633136,0,Unknown,[],[],0.9042692805633136,High,4521346.402816568,"['Enable Attack Surface Reduction (ASR) rules', 'Implement Local Administrator Password Solution (LAPS)', 'Ensure immutable and offline backups', 'Deploy Application Allowlisting', 'Isolate affected systems from network']"
unknown,0.0033104508115333,0,Unknown,[],[],0.0033104508115333,Low,16552.2540576665,"['Maintain continuous security monitoring', 'Ensure robust security hygiene', 'Conduct employee security awareness training', 'Implement strong email filtering', 'Regularly review access controls']"
unknown,0.9042692805633136,0,Unknown,[],[],0.9042692805633136,High,4521346.402816568,"['Enable Attack Surface Reduction (ASR) rules', 'Implement Local Administrator Password Solution (LAPS)', 'Ensure immutable and offline backups', 'Deploy Application Allowlisting', 'Isolate affected systems from network']"
donut,0.0033104508115333,0,GenericMalware,"['T1486', 'T1055', 'T1027']","['D3-BAC', 'D3-BDR', 'D3-SAW']",0.0033104508115333,Low,16552.2540576665,"['Maintain continuous security monitoring', 'Ensure robust security hygiene', 'Conduct employee security awareness training', 'Implement strong email filtering', 'Regularly review access controls']"
hematite,0.0033104508115784,0,Hematite,"['T1486', 'T1055', 'T1027']","['D3-BAC', 'D3-BDR', 'D3-SAW']",0.0033104508115784,Low,16552.254057891998,"['Maintain continuous security monitoring', 'Ensure robust security hygiene', 'Conduct employee security awareness training', 'Implement strong email filtering', 'Regularly review access controls']"
unknown,0.9042692805633136,0,Unknown,[],[],0.9042692805633136,High,4521346.402816568,"['Enable Attack Surface Reduction (ASR) rules', 'Implement Local Administrator Password Solution (LAPS)', 'Ensure immutable and offline backups', 'Deploy Application Allowlisting', 'Isolate affected systems from network']"
unknown,0.9042692805633136,1,Unknown,[],[],0.9042692805633136,High,4521346.402816568,"['Enable Attack Surface Reduction (ASR) rules', 'Implement Local Administrator Password Solution (LAPS)', 'Ensure immutable and offline backups', 'Deploy Application Allowlisting', 'Isolate affected systems from network']"
spyvoltar,0.0033104490932545,0,GenericMalware,"['T1486', 'T1055', 'T1027']","['D3-BAC', 'D3-BDR', 'D3-SAW']",0.0033104490932545,Low,16552.2454662725,"['Maintain continuous security monitoring', 'Ensure robust security hygiene', 'Conduct employee security awareness training', 'Implement strong email filtering', 'Regularly review access controls']"
unknown,0.0033104508114677,0,Unknown,[],[],0.0033104508114677,Low,16552.254057338498,"['Maintain continuous security monitoring', 'Ensure robust security hygiene', 'Conduct employee security awareness training', 'Implement strong email filtering', 'Regularly review access controls']"
unknown,0.9042692805633136,1,Unknown,[],[],0.9042692805633136,High,4521346.402816568,"['Enable Attack Surface Reduction (ASR) rules', 'Implement Local Administrator Password Solution (LAPS)', 'Ensure immutable and offline backups', 'Deploy Application Allowlisting', 'Isolate affected systems from network']"
unknown,0.9042692805633136,0,Unknown,[],[],0.9042692805633136,High,4521346.402816568,"['Enable Attack Surface Reduction (ASR) rules', 'Implement Local Administrator Password Solution (LAPS)', 'Ensure immutable and offline backups', 'Deploy Application Allowlisting', 'Isolate affected systems from network']"
unknown,0.0033104508115333,0,Unknown,[],[],0.0033104508115333,Low,16552.2540576665,"['Maintain continuous security monitoring', 'Ensure robust security hygiene', 'Conduct employee security awareness training', 'Implement strong email filtering', 'Regularly review access controls']"
unknown,0.0033104508115333,0,Unknown,[],[],0.0033104508115333,Low,16552.2540576665,"['Maintain continuous security monitoring', 'Ensure robust security hygiene', 'Conduct employee security awareness training', 'Implement strong email filtering', 'Regularly review access controls']"
unknown,0.0033104508115333,0,Unknown,[],[],0.0033104508115333,Low,16552.2540576665,"['Maintain continuous security monitoring', 'Ensure robust security hygiene', 'Conduct employee security awareness training', 'Implement strong email filtering', 'Regularly review access controls']"
unknown,0.0033104508115333,0,Unknown,[],[],0.0033104508115333,Low,16552.2540576665,"['Maintain continuous security monitoring', 'Ensure robust security hygiene', 'Conduct employee security awareness training', 'Implement strong email filtering', 'Regularly review access controls']"
unknown,0.0033104508115333,0,Unknown,[],[],0.0033104508115333,Low,16552.2540576665,"['Maintain continuous security monitoring', 'Ensure robust security hygiene', 'Conduct employee security awareness training', 'Implement strong email filtering', 'Regularly review access controls']"
unknown,0.0033104508115333,0,Unknown,[],[],0.0033104508115333,Low,16552.2540576665,"['Maintain continuous security monitoring', 'Ensure robust security hygiene', 'Conduct employee security awareness training', 'Implement strong email filtering', 'Regularly review access controls']"
unknown,0.9042692805633136,0,Unknown,[],[],0.9042692805633136,High,4521346.402816568,"['Enable Attack Surface Reduction (ASR) rules', 'Implement Local Administrator Password Solution (LAPS)', 'Ensure immutable and offline backups', 'Deploy Application Allowlisting', 'Isolate affected systems from network']"
unknown,0.9042692805633136,0,Unknown,[],[],0.9042692805633136,High,4521346.402816568,"['Enable Attack Surface Reduction (ASR) rules', 'Implement Local Administrator Password Solution (LAPS)', 'Ensure immutable and offline backups', 'Deploy Application Allowlisting', 'Isolate affected systems from network']"
unknown,0.0033104508115208,0,Unknown,[],[],0.0033104508115208,Low,16552.254057604,"['Maintain continuous security monitoring', 'Ensure robust security hygiene', 'Conduct employee security awareness training', 'Implement strong email filtering', 'Regularly review access controls']"
expiro,0.0033104508115333,0,Expiro,"['T1486', 'T1055', 'T1027']","['D3-BAC', 'D3-BDR', 'D3-SAW']",0.0033104508115333,Low,16552.2540576665,"['Maintain continuous security monitoring', 'Ensure robust security hygiene', 'Conduct employee security awareness training', 'Implement strong email filtering', 'Regularly review access controls']"
eggnog,0.0033104508115333,0,Eggnog,"['T1486', 'T1055', 'T1027']","['D3-BAC', 'D3-BDR', 'D3-SAW']",0.0033104508115333,Low,16552.2540576665,"['Maintain continuous security monitoring', 'Ensure robust security hygiene', 'Conduct employee security awareness training', 'Implement strong email filtering', 'Regularly review access controls']"
flystudio,0.0033104508115294,0,FlyStudio,"['T1486', 'T1055', 'T1027']","['D3-BAC', 'D3-BDR', 'D3-SAW']",0.0033104508115294,Low,16552.254057647002,"['Maintain continuous security monitoring', 'Ensure robust security hygiene', 'Conduct employee security awareness training', 'Implement strong email filtering', 'Regularly review access controls']"
unknown,0.0033454925291896,0,Unknown,[],[],0.0033454925291896,Low,16727.462645948,"['Maintain continuous security monitoring', 'Ensure robust security hygiene', 'Conduct employee security awareness training', 'Implement strong email filtering', 'Regularly review access controls']"
sfone,0.0033104508115294,0,SFOne,"['T1486', 'T1055', 'T1027']","['D3-BAC', 'D3-BDR', 'D3-SAW']",0.0033104508115294,Low,16552.254057647002,"['Maintain continuous security monitoring', 'Ensure robust security hygiene', 'Conduct employee security awareness training', 'Implement strong email filtering', 'Regularly review access controls']"
unknown,0.9042692805633136,0,Unknown,[],[],0.9042692805633136,High,4521346.402816568,"['Enable Attack Surface Reduction (ASR) rules', 'Implement Local Administrator Password Solution (LAPS)', 'Ensure immutable and offline backups', 'Deploy Application Allowlisting', 'Isolate affected systems from network']"
unknown,0.0033104508114785,0,Unknown,[],[],0.0033104508114785,Low,16552.2540573925,"['Maintain continuous security monitoring', 'Ensure robust security hygiene', 'Conduct employee security awareness training', 'Implement strong email filtering', 'Regularly review access controls']"
glupteba,0.0033104508115333,0,Glupteba,"['T1486', 'T1055', 'T1027']","['D3-BAC', 'D3-BDR', 'D3-SAW']",0.0033104508115333,Low,16552.2540576665,"['Maintain continuous security monitoring', 'Ensure robust security hygiene', 'Conduct employee security awareness training', 'Implement strong email filtering', 'Regularly review access controls']"
unknown,0.0033104508115333,0,Unknown,[],[],0.0033104508115333,Low,16552.2540576665,"['Maintain continuous security monitoring', 'Ensure robust security hygiene', 'Conduct employee security awareness training', 'Implement strong email filtering', 'Regularly review access controls']"
unknown,0.9042692805633136,1,Unknown,[],[],0.9042692805633136,High,4521346.402816568,"['Enable Attack Surface Reduction (ASR) rules', 'Implement Local Administrator Password Solution (LAPS)', 'Ensure immutable and offline backups', 'Deploy Application Allowlisting', 'Isolate affected systems from network']"
unknown,0.0033104508114618,0,Unknown,[],[],0.0033104508114618,Low,16552.254057309,"['Maintain continuous security monitoring', 'Ensure robust security hygiene', 'Conduct employee security awareness training', 'Implement strong email filtering', 'Regularly review access controls']"
unknown,0.9042692805633136,1,Unknown,[],[],0.9042692805633136,High,4521346.402816568,"['Enable Attack Surface Reduction (ASR) rules', 'Implement Local Administrator Password Solution (LAPS)', 'Ensure immutable and offline backups', 'Deploy Application Allowlisting', 'Isolate affected systems from network']"
unknown,0.9042692805633136,1,Unknown,[],[],0.9042692805633136,High,4521346.402816568,"['Enable Attack Surface Reduction (ASR) rules', 'Implement Local Administrator Password Solution (LAPS)', 'Ensure immutable and offline backups', 'Deploy Application Allowlisting', 'Isolate affected systems from network']"
unknown,0.9042692805633136,0,Unknown,[],[],0.9042692805633136,High,4521346.402816568,"['Enable Attack Surface Reduction (ASR) rules', 'Implement Local Administrator Password Solution (LAPS)', 'Ensure immutable and offline backups', 'Deploy Application Allowlisting', 'Isolate affected systems from network']"
znyonm,0.0033104508115176,0,GenericMalware,"['T1486', 'T1055', 'T1027']","['D3-BAC', 'D3-BDR', 'D3-SAW']",0.0033104508115176,Low,16552.254057588,"['Maintain continuous security monitoring', 'Ensure robust security hygiene', 'Conduct employee security awareness training', 'Implement strong email filtering', 'Regularly review access controls']"
unknown,0.0033104508115333,0,Unknown,[],[],0.0033104508115333,Low,16552.2540576665,"['Maintain continuous security monitoring', 'Ensure robust security hygiene', 'Conduct employee security awareness training', 'Implement strong email filtering', 'Regularly review access controls']"
unknown,0.9042692805633136,0,Unknown,[],[],0.9042692805633136,High,4521346.402816568,"['Enable Attack Surface Reduction (ASR) rules', 'Implement Local Administrator Password Solution (LAPS)', 'Ensure immutable and offline backups', 'Deploy Application Allowlisting', 'Isolate affected systems from network']"
unknown,0.0033104508115333,0,Unknown,[],[],0.0033104508115333,Low,16552.2540576665,"['Maintain continuous security monitoring', 'Ensure robust security hygiene', 'Conduct employee security awareness training', 'Implement strong email filtering', 'Regularly review access controls']"
unknown,0.0033104508115333,0,Unknown,[],[],0.0033104508115333,Low,16552.2540576665,"['Maintain continuous security monitoring', 'Ensure robust security hygiene', 'Conduct employee security awareness training', 'Implement strong email filtering', 'Regularly review access controls']"
unknown,0.9042692805633136,1,Unknown,[],[],0.9042692805633136,High,4521346.402816568,"['Enable Attack Surface Reduction (ASR) rules', 'Implement Local Administrator Password Solution (LAPS)', 'Ensure immutable and offline backups', 'Deploy Application Allowlisting', 'Isolate affected systems from network']"
unknown,0.9042692805633136,0,Unknown,[],[],0.9042692805633136,High,4521346.402816568,"['Enable Attack Surface Reduction (ASR) rules', 'Implement Local Administrator Password Solution (LAPS)', 'Ensure immutable and offline backups', 'Deploy Application Allowlisting', 'Isolate affected systems from network']"
unknown,0.9042692805633136,1,Unknown,[],[],0.9042692805633136,High,4521346.402816568,"['Enable Attack Surface Reduction (ASR) rules', 'Implement Local Administrator Password Solution (LAPS)', 'Ensure immutable and offline backups', 'Deploy Application Allowlisting', 'Isolate affected systems from network']"
unknown,0.9042692805633136,1,Unknown,[],[],0.9042692805633136,High,4521346.402816568,"['Enable Attack Surface Reduction (ASR) rules', 'Implement Local Administrator Password Solution (LAPS)', 'Ensure immutable and offline backups', 'Deploy Application Allowlisting', 'Isolate affected systems from network']"
unknown,0.0033104508115333,0,Unknown,[],[],0.0033104508115333,Low,16552.2540576665,"['Maintain continuous security monitoring', 'Ensure robust security hygiene', 'Conduct employee security awareness training', 'Implement strong email filtering', 'Regularly review access controls']"
unknown,0.9042692805633136,0,Unknown,[],[],0.9042692805633136,High,4521346.402816568,"['Enable Attack Surface Reduction (ASR) rules', 'Implement Local Administrator Password Solution (LAPS)', 'Ensure immutable and offline backups', 'Deploy Application Allowlisting', 'Isolate affected systems from network']"
unknown,0.9042692805633136,1,Unknown,[],[],0.9042692805633136,High,4521346.402816568,"['Enable Attack Surface Reduction (ASR) rules', 'Implement Local Administrator Password Solution (LAPS)', 'Ensure immutable and offline backups', 'Deploy Application Allowlisting', 'Isolate affected systems from network']"
unknown,0.9042692805633136,0,Unknown,[],[],0.9042692805633136,High,4521346.402816568,"['Enable Attack Surface Reduction (ASR) rules', 'Implement Local Administrator Password Solution (LAPS)', 'Ensure immutable and offline backups', 'Deploy Application Allowlisting', 'Isolate affected systems from network']"
injurer,0.0033104508115309,0,GenericMalware,"['T1486', 'T1055', 'T1027']","['D3-BAC', 'D3-BDR', 'D3-SAW']",0.0033104508115309,Low,16552.2540576545,"['Maintain continuous security monitoring', 'Ensure robust security hygiene', 'Conduct employee security awareness training', 'Implement strong email filtering', 'Regularly review access controls']"
unknown,0.9042692805633136,0,Unknown,[],[],0.9042692805633136,High,4521346.402816568,"['Enable Attack Surface Reduction (ASR) rules', 'Implement Local Administrator Password Solution (LAPS)', 'Ensure immutable and offline backups', 'Deploy Application Allowlisting', 'Isolate affected systems from network']"
unknown,0.9042692805633136,0,Unknown,[],[],0.9042692805633136,High,4521346.402816568,"['Enable Attack Surface Reduction (ASR) rules', 'Implement Local Administrator Password Solution (LAPS)', 'Ensure immutable and offline backups', 'Deploy Application Allowlisting', 'Isolate affected systems from network']"
unknown,0.0033104508115333,0,Unknown,[],[],0.0033104508115333,Low,16552.2540576665,"['Maintain continuous security monitoring', 'Ensure robust security hygiene', 'Conduct employee security awareness training', 'Implement strong email filtering', 'Regularly review access controls']"
unknown,0.9042692805633136,0,Unknown,[],[],0.9042692805633136,High,4521346.402816568,"['Enable Attack Surface Reduction (ASR) rules', 'Implement Local Administrator Password Solution (LAPS)', 'Ensure immutable and offline backups', 'Deploy Application Allowlisting', 'Isolate affected systems from network']"
allaple,0.0033104508115333,0,GenericMalware,"['T1486', 'T1055', 'T1027']","['D3-BAC', 'D3-BDR', 'D3-SAW']",0.0033104508115333,Low,16552.2540576665,"['Maintain continuous security monitoring', 'Ensure robust security hygiene', 'Conduct employee security awareness training', 'Implement strong email filtering', 'Regularly review access controls']"
unknown,0.9042692805633136,1,Unknown,[],[],0.9042692805633136,High,4521346.402816568,"['Enable Attack Surface Reduction (ASR) rules', 'Implement Local Administrator Password Solution (LAPS)', 'Ensure immutable and offline backups', 'Deploy Application Allowlisting', 'Isolate affected systems from network']"
wacatac,0.0033104508114616,0,Wacatac,"['T1486', 'T1055', 'T1027']","['D3-BAC', 'D3-BDR', 'D3-SAW']",0.0033104508114616,Low,16552.254057308,"['Maintain continuous security monitoring', 'Ensure robust security hygiene', 'Conduct employee security awareness training', 'Implement strong email filtering', 'Regularly review access controls']"
unknown,0.9042692805633136,1,Unknown,[],[],0.9042692805633136,High,4521346.402816568,"['Enable Attack Surface Reduction (ASR) rules', 'Implement Local Administrator Password Solution (LAPS)', 'Ensure immutable and offline backups', 'Deploy Application Allowlisting', 'Isolate affected systems from network']"
expiro,0.0033104508115309,0,Expiro,"['T1486', 'T1055', 'T1027']","['D3-BAC', 'D3-BDR', 'D3-SAW']",0.0033104508115309,Low,16552.2540576545,"['Maintain continuous security monitoring', 'Ensure robust security hygiene', 'Conduct employee security awareness training', 'Implement strong email filtering', 'Regularly review access controls']"
unknown,0.0033104508115058,0,Unknown,[],[],0.0033104508115058,Low,16552.254057529,"['Maintain continuous security monitoring', 'Ensure robust security hygiene', 'Conduct employee security awareness training', 'Implement strong email filtering', 'Regularly review access controls']"
unknown,0.9042692805633136,0,Unknown,[],[],0.9042692805633136,High,4521346.402816568,"['Enable Attack Surface Reduction (ASR) rules', 'Implement Local Administrator Password Solution (LAPS)', 'Ensure immutable and offline backups', 'Deploy Application Allowlisting', 'Isolate affected systems from network']"
bedep,0.0033104508114786,0,Bedep,"['T1486', 'T1055', 'T1027']","['D3-BAC', 'D3-BDR', 'D3-SAW']",0.0033104508114786,Low,16552.254057393,"['Maintain continuous security monitoring', 'Ensure robust security hygiene', 'Conduct employee security awareness training', 'Implement strong email filtering', 'Regularly review access controls']"
unknown,0.9042692805633136,0,Unknown,[],[],0.9042692805633136,High,4521346.402816568,"['Enable Attack Surface Reduction (ASR) rules', 'Implement Local Administrator Password Solution (LAPS)', 'Ensure immutable and offline backups', 'Deploy Application Allowlisting', 'Isolate affected systems from network']"
unknown,0.0033104508115333,0,Unknown,[],[],0.0033104508115333,Low,16552.2540576665,"['Maintain continuous security monitoring', 'Ensure robust security hygiene', 'Conduct employee security awareness training', 'Implement strong email filtering', 'Regularly review access controls']"
unknown,0.9042692805633136,1,Unknown,[],[],0.9042692805633136,High,4521346.402816568,"['Enable Attack Surface Reduction (ASR) rules', 'Implement Local Administrator Password Solution (LAPS)', 'Ensure immutable and offline backups', 'Deploy Application Allowlisting', 'Isolate affected systems from network']"
wacatac,0.0033104508115309,0,Wacatac,"['T1486', 'T1055', 'T1027']","['D3-BAC', 'D3-BDR', 'D3-SAW']",0.0033104508115309,Low,16552.2540576545,"['Maintain continuous security monitoring', 'Ensure robust security hygiene', 'Conduct employee security awareness training', 'Implement strong email filtering', 'Regularly review access controls']"
unknown,0.9042692805633136,0,Unknown,[],[],0.9042692805633136,High,4521346.402816568,"['Enable Attack Surface Reduction (ASR) rules', 'Implement Local Administrator Password Solution (LAPS)', 'Ensure immutable and offline backups', 'Deploy Application Allowlisting', 'Isolate affected systems from network']"
unknown,0.9042692805633136,0,Unknown,[],[],0.9042692805633136,High,4521346.402816568,"['Enable Attack Surface Reduction (ASR) rules', 'Implement Local Administrator Password Solution (LAPS)', 'Ensure immutable and offline backups', 'Deploy Application Allowlisting', 'Isolate affected systems from network']"
flystudio,0.0033104508115169,0,FlyStudio,"['T1486', 'T1055', 'T1027']","['D3-BAC', 'D3-BDR', 'D3-SAW']",0.0033104508115169,Low,16552.2540575845,"['Maintain continuous security monitoring', 'Ensure robust security hygiene', 'Conduct employee security awareness training', 'Implement strong email filtering', 'Regularly review access controls']"
unknown,0.9042692805633136,1,Unknown,[],[],0.9042692805633136,High,4521346.402816568,"['Enable Attack Surface Reduction (ASR) rules', 'Implement Local Administrator Password Solution (LAPS)', 'Ensure immutable and offline backups', 'Deploy Application Allowlisting', 'Isolate affected systems from network']"
unknown,0.9042692805633136,1,Unknown,[],[],0.9042692805633136,High,4521346.402816568,"['Enable Attack Surface Reduction (ASR) rules', 'Implement Local Administrator Password Solution (LAPS)', 'Ensure immutable and offline backups', 'Deploy Application Allowlisting', 'Isolate affected systems from network']"
sfone,0.0033104508115333,0,SFOne,"['T1486', 'T1055', 'T1027']","['D3-BAC', 'D3-BDR', 'D3-SAW']",0.0033104508115333,Low,16552.2540576665,"['Maintain continuous security monitoring', 'Ensure robust security hygiene', 'Conduct employee security awareness training', 'Implement strong email filtering', 'Regularly review access controls']"
unknown,0.9042692805633136,1,Unknown,[],[],0.9042692805633136,High,4521346.402816568,"['Enable Attack Surface Reduction (ASR) rules', 'Implement Local Administrator Password Solution (LAPS)', 'Ensure immutable and offline backups', 'Deploy Application Allowlisting', 'Isolate affected systems from network']"
unknown,0.9042692805633136,1,Unknown,[],[],0.9042692805633136,High,4521346.402816568,"['Enable Attack Surface Reduction (ASR) rules', 'Implement Local Administrator Password Solution (LAPS)', 'Ensure immutable and offline backups', 'Deploy Application Allowlisting', 'Isolate affected systems from network']"
unknown,0.9042692805633136,1,Unknown,[],[],0.9042692805633136,High,4521346.402816568,"['Enable Attack Surface Reduction (ASR) rules', 'Implement Local Administrator Password Solution (LAPS)', 'Ensure immutable and offline backups', 'Deploy Application Allowlisting', 'Isolate affected systems from network']"
dnoper,0.0033104508115309,0,GenericMalware,"['T1486', 'T1055', 'T1027']","['D3-BAC', 'D3-BDR', 'D3-SAW']",0.0033104508115309,Low,16552.2540576545,"['Maintain continuous security monitoring', 'Ensure robust security hygiene', 'Conduct employee security awareness training', 'Implement strong email filtering', 'Regularly review access controls']"
unknown,0.9042692805633136,1,Unknown,[],[],0.9042692805633136,High,4521346.402816568,"['Enable Attack Surface Reduction (ASR) rules', 'Implement Local Administrator Password Solution (LAPS)', 'Ensure immutable and offline backups', 'Deploy Application Allowlisting', 'Isolate affected systems from network']"
unknown,0.9042692805633136,1,Unknown,[],[],0.9042692805633136,High,4521346.402816568,"['Enable Attack Surface Reduction (ASR) rules', 'Implement Local Administrator Password Solution (LAPS)', 'Ensure immutable and offline backups', 'Deploy Application Allowlisting', 'Isolate affected systems from network']"
unknown,0.9042692805633136,0,Unknown,[],[],0.9042692805633136,High,4521346.402816568,"['Enable Attack Surface Reduction (ASR) rules', 'Implement Local Administrator Password Solution (LAPS)', 'Ensure immutable and offline backups', 'Deploy Application Allowlisting', 'Isolate affected systems from network']"
unknown,0.9042692805633136,0,Unknown,[],[],0.9042692805633136,High,4521346.402816568,"['Enable Attack Surface Reduction (ASR) rules', 'Implement Local Administrator Password Solution (LAPS)', 'Ensure immutable and offline backups', 'Deploy Application Allowlisting', 'Isolate affected systems from network']"
unknown,0.9042692805633136,1,Unknown,[],[],0.9042692805633136,High,4521346.402816568,"['Enable Attack Surface Reduction (ASR) rules', 'Implement Local Administrator Password Solution (LAPS)', 'Ensure immutable and offline backups', 'Deploy Application Allowlisting', 'Isolate affected systems from network']"
unknown,0.003310450811523,0,Unknown,[],[],0.003310450811523,Low,16552.254057615002,"['Maintain continuous security monitoring', 'Ensure robust security hygiene', 'Conduct employee security awareness training', 'Implement strong email filtering', 'Regularly review access controls']"
unknown,0.0033104508115333,0,Unknown,[],[],0.0033104508115333,Low,16552.2540576665,"['Maintain continuous security monitoring', 'Ensure robust security hygiene', 'Conduct employee security awareness training', 'Implement strong email filtering', 'Regularly review access controls']"
upatre,0.0033104508115869,0,Upatre,"['T1486', 'T1055', 'T1027']","['D3-BAC', 'D3-BDR', 'D3-SAW']",0.0033104508115869,Low,16552.2540579345,"['Maintain continuous security monitoring', 'Ensure robust security hygiene', 'Conduct employee security awareness training', 'Implement strong email filtering', 'Regularly review access controls']"
unknown,0.9042692805633136,1,Unknown,[],[],0.9042692805633136,High,4521346.402816568,"['Enable Attack Surface Reduction (ASR) rules', 'Implement Local Administrator Password Solution (LAPS)', 'Ensure immutable and offline backups', 'Deploy Application Allowlisting', 'Isolate affected systems from network']"
kerneldrutil,0.003310450811489,0,GenericMalware,"['T1486', 'T1055', 'T1027']","['D3-BAC', 'D3-BDR', 'D3-SAW']",0.003310450811489,Low,16552.254057445,"['Maintain continuous security monitoring', 'Ensure robust security hygiene', 'Conduct employee security awareness training', 'Implement strong email filtering', 'Regularly review access controls']"
unknown,0.9042692805633136,0,Unknown,[],[],0.9042692805633136,High,4521346.402816568,"['Enable Attack Surface Reduction (ASR) rules', 'Implement Local Administrator Password Solution (LAPS)', 'Ensure immutable and offline backups', 'Deploy Application Allowlisting', 'Isolate affected systems from network']"
unknown,0.0033104490005228,0,Unknown,[],[],0.0033104490005228,Low,16552.245002614,"['Maintain continuous security monitoring', 'Ensure robust security hygiene', 'Conduct employee security awareness training', 'Implement strong email filtering', 'Regularly review access controls']"
unknown,0.0033104508115293,0,Unknown,[],[],0.0033104508115293,Low,16552.2540576465,"['Maintain continuous security monitoring', 'Ensure robust security hygiene', 'Conduct employee security awareness training', 'Implement strong email filtering', 'Regularly review access controls']"
unknown,0.9042692805633136,0,Unknown,[],[],0.9042692805633136,High,4521346.402816568,"['Enable Attack Surface Reduction (ASR) rules', 'Implement Local Administrator Password Solution (LAPS)', 'Ensure immutable and offline backups', 'Deploy Application Allowlisting', 'Isolate affected systems from network']"
unknown,0.9042692805633136,0,Unknown,[],[],0.9042692805633136,High,4521346.402816568,"['Enable Attack Surface Reduction (ASR) rules', 'Implement Local Administrator Password Solution (LAPS)', 'Ensure immutable and offline backups', 'Deploy Application Allowlisting', 'Isolate affected systems from network']"
unknown,0.0033104508115333,0,Unknown,[],[],0.0033104508115333,Low,16552.2540576665,"['Maintain continuous security monitoring', 'Ensure robust security hygiene', 'Conduct employee security awareness training', 'Implement strong email filtering', 'Regularly review access controls']"
unknown,0.0033104508115309,0,Unknown,[],[],0.0033104508115309,Low,16552.2540576545,"['Maintain continuous security monitoring', 'Ensure robust security hygiene', 'Conduct employee security awareness training', 'Implement strong email filtering', 'Regularly review access controls']"
unknown,0.9042692805633136,0,Unknown,[],[],0.9042692805633136,High,4521346.402816568,"['Enable Attack Surface Reduction (ASR) rules', 'Implement Local Administrator Password Solution (LAPS)', 'Ensure immutable and offline backups', 'Deploy Application Allowlisting', 'Isolate affected systems from network']"
expiro,0.0033104508115333,0,Expiro,"['T1486', 'T1055', 'T1027']","['D3-BAC', 'D3-BDR', 'D3-SAW']",0.0033104508115333,Low,16552.2540576665,"['Maintain continuous security monitoring', 'Ensure robust security hygiene', 'Conduct employee security awareness training', 'Implement strong email filtering', 'Regularly review access controls']"
unknown,0.9042692805633136,0,Unknown,[],[],0.9042692805633136,High,4521346.402816568,"['Enable Attack Surface Reduction (ASR) rules', 'Implement Local Administrator Password Solution (LAPS)', 'Ensure immutable and offline backups', 'Deploy Application Allowlisting', 'Isolate affected systems from network']"
unknown,0.9042692805633136,1,Unknown,[],[],0.9042692805633136,High,4521346.402816568,"['Enable Attack Surface Reduction (ASR) rules', 'Implement Local Administrator Password Solution (LAPS)', 'Ensure immutable and offline backups', 'Deploy Application Allowlisting', 'Isolate affected systems from network']"
wacatac,0.0033104508115333,0,Wacatac,"['T1486', 'T1055', 'T1027']","['D3-BAC', 'D3-BDR', 'D3-SAW']",0.0033104508115333,Low,16552.2540576665,"['Maintain continuous security monitoring', 'Ensure robust security hygiene', 'Conduct employee security awareness training', 'Implement strong email filtering', 'Regularly review access controls']"
unknown,0.9042692805633136,0,Unknown,[],[],0.9042692805633136,High,4521346.402816568,"['Enable Attack Surface Reduction (ASR) rules', 'Implement Local Administrator Password Solution (LAPS)', 'Ensure immutable and offline backups', 'Deploy Application Allowlisting', 'Isolate affected systems from network']"
unknown,0.9042692805633136,1,Unknown,[],[],0.9042692805633136,High,4521346.402816568,"['Enable Attack Surface Reduction (ASR) rules', 'Implement Local Administrator Password Solution (LAPS)', 'Ensure immutable and offline backups', 'Deploy Application Allowlisting', 'Isolate affected systems from network']"
unknown,0.9042692805633136,0,Unknown,[],[],0.9042692805633136,High,4521346.402816568,"['Enable Attack Surface Reduction (ASR) rules', 'Implement Local Administrator Password Solution (LAPS)', 'Ensure immutable and offline backups', 'Deploy Application Allowlisting', 'Isolate affected systems from network']"
unknown,0.9042692805633136,0,Unknown,[],[],0.9042692805633136,High,4521346.402816568,"['Enable Attack Surface Reduction (ASR) rules', 'Implement Local Administrator Password Solution (LAPS)', 'Ensure immutable and offline backups', 'Deploy Application Allowlisting', 'Isolate affected systems from network']"
unknown,0.9042692805633136,0,Unknown,[],[],0.9042692805633136,High,4521346.402816568,"['Enable Attack Surface Reduction (ASR) rules', 'Implement Local Administrator Password Solution (LAPS)', 'Ensure immutable and offline backups', 'Deploy Application Allowlisting', 'Isolate affected systems from network']"
unknown,0.0033104508114935,0,Unknown,[],[],0.0033104508114935,Low,16552.2540574675,"['Maintain continuous security monitoring', 'Ensure robust security hygiene', 'Conduct employee security awareness training', 'Implement strong email filtering', 'Regularly review access controls']"
unknown,0.0033104508115333,0,Unknown,[],[],0.0033104508115333,Low,16552.2540576665,"['Maintain continuous security monitoring', 'Ensure robust security hygiene', 'Conduct employee security awareness training', 'Implement strong email filtering', 'Regularly review access controls']"
unknown,0.0033104508115205,0,Unknown,[],[],0.0033104508115205,Low,16552.2540576025,"['Maintain continuous security monitoring', 'Ensure robust security hygiene', 'Conduct employee security awareness training', 'Implement strong email filtering', 'Regularly review access controls']"
unknown,0.9042692805633136,0,Unknown,[],[],0.9042692805633136,High,4521346.402816568,"['Enable Attack Surface Reduction (ASR) rules', 'Implement Local Administrator Password Solution (LAPS)', 'Ensure immutable and offline backups', 'Deploy Application Allowlisting', 'Isolate affected systems from network']"
unknown,0.0033104508115201,0,Unknown,[],[],0.0033104508115201,Low,16552.2540576005,"['Maintain continuous security monitoring', 'Ensure robust security hygiene', 'Conduct employee security awareness training', 'Implement strong email filtering', 'Regularly review access controls']"
sinowal,0.0033104508115309,0,Sinowal,"['T1486', 'T1055', 'T1027']","['D3-BAC', 'D3-BDR', 'D3-SAW']",0.0033104508115309,Low,16552.2540576545,"['Maintain continuous security monitoring', 'Ensure robust security hygiene', 'Conduct employee security awareness training', 'Implement strong email filtering', 'Regularly review access controls']"
unknown,0.0033104508115868,0,Unknown,[],[],0.0033104508115868,Low,16552.254057934,"['Maintain continuous security monitoring', 'Ensure robust security hygiene', 'Conduct employee security awareness training', 'Implement strong email filtering', 'Regularly review access controls']"
unknown,0.9042692805633136,0,Unknown,[],[],0.9042692805633136,High,4521346.402816568,"['Enable Attack Surface Reduction (ASR) rules', 'Implement Local Administrator Password Solution (LAPS)', 'Ensure immutable and offline backups', 'Deploy Application Allowlisting', 'Isolate affected systems from network']"
unknown,0.9042692805633136,0,Unknown,[],[],0.9042692805633136,High,4521346.402816568,"['Enable Attack Surface Reduction (ASR) rules', 'Implement Local Administrator Password Solution (LAPS)', 'Ensure immutable and offline backups', 'Deploy Application Allowlisting', 'Isolate affected systems from network']"
unknown,0.9042692805633136,1,Unknown,[],[],0.9042692805633136,High,4521346.402816568,"['Enable Attack Surface Reduction (ASR) rules', 'Implement Local Administrator Password Solution (LAPS)', 'Ensure immutable and offline backups', 'Deploy Application Allowlisting', 'Isolate affected systems from network']"
unknown,0.9042692805633136,1,Unknown,[],[],0.9042692805633136,High,4521346.402816568,"['Enable Attack Surface Reduction (ASR) rules', 'Implement Local Administrator Password Solution (LAPS)', 'Ensure immutable and offline backups', 'Deploy Application Allowlisting', 'Isolate affected systems from network']"
unknown,0.9042692805633136,0,Unknown,[],[],0.9042692805633136,High,4521346.402816568,"['Enable Attack Surface Reduction (ASR) rules', 'Implement Local Administrator Password Solution (LAPS)', 'Ensure immutable and offline backups', 'Deploy Application Allowlisting', 'Isolate affected systems from network']"
unknown,0.0033104508115333,0,Unknown,[],[],0.0033104508115333,Low,16552.2540576665,"['Maintain continuous security monitoring', 'Ensure robust security hygiene', 'Conduct employee security awareness training', 'Implement strong email filtering', 'Regularly review access controls']"
unknown,0.9042692805633136,1,Unknown,[],[],0.9042692805633136,High,4521346.402816568,"['Enable Attack Surface Reduction (ASR) rules', 'Implement Local Administrator Password Solution (LAPS)', 'Ensure immutable and offline backups', 'Deploy Application Allowlisting', 'Isolate affected systems from network']"
unknown,0.0033104508115225,0,Unknown,[],[],0.0033104508115225,Low,16552.2540576125,"['Maintain continuous security monitoring', 'Ensure robust security hygiene', 'Conduct employee security awareness training', 'Implement strong email filtering', 'Regularly review access controls']"
upatre,0.0033104508115869,0,Upatre,"['T1486', 'T1055', 'T1027']","['D3-BAC', 'D3-BDR', 'D3-SAW']",0.0033104508115869,Low,16552.2540579345,"['Maintain continuous security monitoring', 'Ensure robust security hygiene', 'Conduct employee security awareness training', 'Implement strong email filtering', 'Regularly review access controls']"
unknown,0.9042692805633136,0,Unknown,[],[],0.9042692805633136,High,4521346.402816568,"['Enable Attack Surface Reduction (ASR) rules', 'Implement Local Administrator Password Solution (LAPS)', 'Ensure immutable and offline backups', 'Deploy Application Allowlisting', 'Isolate affected systems from network']"
unknown,0.9042692805633136,1,Unknown,[],[],0.9042692805633136,High,4521346.402816568,"['Enable Attack Surface Reduction (ASR) rules', 'Implement Local Administrator Password Solution (LAPS)', 'Ensure immutable and offline backups', 'Deploy Application Allowlisting', 'Isolate affected systems from network']"
unknown,0.0033104508115333,0,Unknown,[],[],0.0033104508115333,Low,16552.2540576665,"['Maintain continuous security monitoring', 'Ensure robust security hygiene', 'Conduct employee security awareness training', 'Implement strong email filtering', 'Regularly review access controls']"
unknown,0.9042692805633136,0,Unknown,[],[],0.9042692805633136,High,4521346.402816568,"['Enable Attack Surface Reduction (ASR) rules', 'Implement Local Administrator Password Solution (LAPS)', 'Ensure immutable and offline backups', 'Deploy Application Allowlisting', 'Isolate affected systems from network']"
sfone,0.0033104508115333,0,SFOne,"['T1486', 'T1055', 'T1027']","['D3-BAC', 'D3-BDR', 'D3-SAW']",0.0033104508115333,Low,16552.2540576665,"['Maintain continuous security monitoring', 'Ensure robust security hygiene', 'Conduct employee security awareness training', 'Implement strong email filtering', 'Regularly review access controls']"
wacatac,0.0033104508114889,0,Wacatac,"['T1486', 'T1055', 'T1027']","['D3-BAC', 'D3-BDR', 'D3-SAW']",0.0033104508114889,Low,16552.2540574445,"['Maintain continuous security monitoring', 'Ensure robust security hygiene', 'Conduct employee security awareness training', 'Implement strong email filtering', 'Regularly review access controls']"
grandoreiro,0.0033104508115868,0,Grandoreiro,"['T1486', 'T1055', 'T1027']","['D3-BAC', 'D3-BDR', 'D3-SAW']",0.0033104508115868,Low,16552.254057934,"['Maintain continuous security monitoring', 'Ensure robust security hygiene', 'Conduct employee security awareness training', 'Implement strong email filtering', 'Regularly review access controls']"
unknown,0.9042692805633136,1,Unknown,[],[],0.9042692805633136,High,4521346.402816568,"['Enable Attack Surface Reduction (ASR) rules', 'Implement Local Administrator Password Solution (LAPS)', 'Ensure immutable and offline backups', 'Deploy Application Allowlisting', 'Isolate affected systems from network']"
unknown,0.9042692805633136,0,Unknown,[],[],0.9042692805633136,High,4521346.402816568,"['Enable Attack Surface Reduction (ASR) rules', 'Implement Local Administrator Password Solution (LAPS)', 'Ensure immutable and offline backups', 'Deploy Application Allowlisting', 'Isolate affected systems from network']"
unknown,0.9042692805633136,0,Unknown,[],[],0.9042692805633136,High,4521346.402816568,"['Enable Attack Surface Reduction (ASR) rules', 'Implement Local Administrator Password Solution (LAPS)', 'Ensure immutable and offline backups', 'Deploy Application Allowlisting', 'Isolate affected systems from network']"
unknown,0.0033104508115271,0,Unknown,[],[],0.0033104508115271,Low,16552.2540576355,"['Maintain continuous security monitoring', 'Ensure robust security hygiene', 'Conduct employee security awareness training', 'Implement strong email filtering', 'Regularly review access controls']"
unknown,0.9042692805633136,1,Unknown,[],[],0.9042692805633136,High,4521346.402816568,"['Enable Attack Surface Reduction (ASR) rules', 'Implement Local Administrator Password Solution (LAPS)', 'Ensure immutable and offline backups', 'Deploy Application Allowlisting', 'Isolate affected systems from network']"
unknown,0.0033104508115333,0,Unknown,[],[],0.0033104508115333,Low,16552.2540576665,"['Maintain continuous security monitoring', 'Ensure robust security hygiene', 'Conduct employee security awareness training', 'Implement strong email filtering', 'Regularly review access controls']"
unknown,0.9042692805633136,1,Unknown,[],[],0.9042692805633136,High,4521346.402816568,"['Enable Attack Surface Reduction (ASR) rules', 'Implement Local Administrator Password Solution (LAPS)', 'Ensure immutable and offline backups', 'Deploy Application Allowlisting', 'Isolate affected systems from network']"
unknown,0.9042692805633136,0,Unknown,[],[],0.9042692805633136,High,4521346.402816568,"['Enable Attack Surface Reduction (ASR) rules', 'Implement Local Administrator Password Solution (LAPS)', 'Ensure immutable and offline backups', 'Deploy Application Allowlisting', 'Isolate affected systems from network']"
unknown,0.9042692805633136,1,Unknown,[],[],0.9042692805633136,High,4521346.402816568,"['Enable Attack Surface Reduction (ASR) rules', 'Implement Local Administrator Password Solution (LAPS)', 'Ensure immutable and offline backups', 'Deploy Application Allowlisting', 'Isolate affected systems from network']"
unknown,0.9042692805633136,0,Unknown,[],[],0.9042692805633136,High,4521346.402816568,"['Enable Attack Surface Reduction (ASR) rules', 'Implement Local Administrator Password Solution (LAPS)', 'Ensure immutable and offline backups', 'Deploy Application Allowlisting', 'Isolate affected systems from network']"
unknown,0.003310450811489,0,Unknown,[],[],0.003310450811489,Low,16552.254057445,"['Maintain continuous security monitoring', 'Ensure robust security hygiene', 'Conduct employee security awareness training', 'Implement strong email filtering', 'Regularly review access controls']"
unknown,0.9042692805633136,0,Unknown,[],[],0.9042692805633136,High,4521346.402816568,"['Enable Attack Surface Reduction (ASR) rules', 'Implement Local Administrator Password Solution (LAPS)', 'Ensure immutable and offline backups', 'Deploy Application Allowlisting', 'Isolate affected systems from network']"
flystudio,0.0033104508115309,0,FlyStudio,"['T1486', 'T1055', 'T1027']","['D3-BAC', 'D3-BDR', 'D3-SAW']",0.0033104508115309,Low,16552.2540576545,"['Maintain continuous security monitoring', 'Ensure robust security hygiene', 'Conduct employee security awareness training', 'Implement strong email filtering', 'Regularly review access controls']"
urelas,0.0033104508115333,0,Urelas,"['T1486', 'T1055', 'T1027']","['D3-BAC', 'D3-BDR', 'D3-SAW']",0.0033104508115333,Low,16552.2540576665,"['Maintain continuous security monitoring', 'Ensure robust security hygiene', 'Conduct employee security awareness training', 'Implement strong email filtering', 'Regularly review access controls']"
unknown,0.0033104508115225,0,Unknown,[],[],0.0033104508115225,Low,16552.2540576125,"['Maintain continuous security monitoring', 'Ensure robust security hygiene', 'Conduct employee security awareness training', 'Implement strong email filtering', 'Regularly review access controls']"
unknown,0.0033104508115205,0,Unknown,[],[],0.0033104508115205,Low,16552.2540576025,"['Maintain continuous security monitoring', 'Ensure robust security hygiene', 'Conduct employee security awareness training', 'Implement strong email filtering', 'Regularly review access controls']"
unknown,0.9042692805633136,0,Unknown,[],[],0.9042692805633136,High,4521346.402816568,"['Enable Attack Surface Reduction (ASR) rules', 'Implement Local Administrator Password Solution (LAPS)', 'Ensure immutable and offline backups', 'Deploy Application Allowlisting', 'Isolate affected systems from network']"
unknown,0.0033104508114785,0,Unknown,[],[],0.0033104508114785,Low,16552.2540573925,"['Maintain continuous security monitoring', 'Ensure robust security hygiene', 'Conduct employee security awareness training', 'Implement strong email filtering', 'Regularly review access controls']"
unknown,0.9042692805633136,1,Unknown,[],[],0.9042692805633136,High,4521346.402816568,"['Enable Attack Surface Reduction (ASR) rules', 'Implement Local Administrator Password Solution (LAPS)', 'Ensure immutable and offline backups', 'Deploy Application Allowlisting', 'Isolate affected systems from network']"
unknown,0.9042692805633136,1,Unknown,[],[],0.9042692805633136,High,4521346.402816568,"['Enable Attack Surface Reduction (ASR) rules', 'Implement Local Administrator Password Solution (LAPS)', 'Ensure immutable and offline backups', 'Deploy Application Allowlisting', 'Isolate affected systems from network']"
upatre,0.0033104508117248,0,Upatre,"['T1486', 'T1055', 'T1027']","['D3-BAC', 'D3-BDR', 'D3-SAW']",0.0033104508117248,Low,16552.254058624,"['Maintain continuous security monitoring', 'Ensure robust security hygiene', 'Conduct employee security awareness training', 'Implement strong email filtering', 'Regularly review access controls']"
unknown,0.9042692805633136,0,Unknown,[],[],0.9042692805633136,High,4521346.402816568,"['Enable Attack Surface Reduction (ASR) rules', 'Implement Local Administrator Password Solution (LAPS)', 'Ensure immutable and offline backups', 'Deploy Application Allowlisting', 'Isolate affected systems from network']"
unknown,0.0033104508115868,0,Unknown,[],[],0.0033104508115868,Low,16552.254057934,"['Maintain continuous security monitoring', 'Ensure robust security hygiene', 'Conduct employee security awareness training', 'Implement strong email filtering', 'Regularly review access controls']"
unknown,0.0033104508115868,0,Unknown,[],[],0.0033104508115868,Low,16552.254057934,"['Maintain continuous security monitoring', 'Ensure robust security hygiene', 'Conduct employee security awareness training', 'Implement strong email filtering', 'Regularly review access controls']"
unknown,0.0033104508114552,0,Unknown,[],[],0.0033104508114552,Low,16552.254057276,"['Maintain continuous security monitoring', 'Ensure robust security hygiene', 'Conduct employee security awareness training', 'Implement strong email filtering', 'Regularly review access controls']"
unknown,0.0033104508115333,0,Unknown,[],[],0.0033104508115333,Low,16552.2540576665,"['Maintain continuous security monitoring', 'Ensure robust security hygiene', 'Conduct employee security awareness training', 'Implement strong email filtering', 'Regularly review access controls']"
phonzy,0.0033104508115333,0,GenericMalware,"['T1486', 'T1055', 'T1027']","['D3-BAC', 'D3-BDR', 'D3-SAW']",0.0033104508115333,Low,16552.2540576665,"['Maintain continuous security monitoring', 'Ensure robust security hygiene', 'Conduct employee security awareness training', 'Implement strong email filtering', 'Regularly review access controls']"
unknown,0.0033104508115333,0,Unknown,[],[],0.0033104508115333,Low,16552.2540576665,"['Maintain continuous security monitoring', 'Ensure robust security hygiene', 'Conduct employee security awareness training', 'Implement strong email filtering', 'Regularly review access controls']"
unknown,0.0033104508115333,0,Unknown,[],[],0.0033104508115333,Low,16552.2540576665,"['Maintain continuous security monitoring', 'Ensure robust security hygiene', 'Conduct employee security awareness training', 'Implement strong email filtering', 'Regularly review access controls']"
unknown,0.0033104508115061,0,Unknown,[],[],0.0033104508115061,Low,16552.2540575305,"['Maintain continuous security monitoring', 'Ensure robust security hygiene', 'Conduct employee security awareness training', 'Implement strong email filtering', 'Regularly review access controls']"
unknown,0.9042692805633136,1,Unknown,[],[],0.9042692805633136,High,4521346.402816568,"['Enable Attack Surface Reduction (ASR) rules', 'Implement Local Administrator Password Solution (LAPS)', 'Ensure immutable and offline backups', 'Deploy Application Allowlisting', 'Isolate affected systems from network']"
unknown,0.9042692805633136,1,Unknown,[],[],0.9042692805633136,High,4521346.402816568,"['Enable Attack Surface Reduction (ASR) rules', 'Implement Local Administrator Password Solution (LAPS)', 'Ensure immutable and offline backups', 'Deploy Application Allowlisting', 'Isolate affected systems from network']"
unknown,0.0033104499683465,0,Unknown,[],[],0.0033104499683465,Low,16552.2498417325,"['Maintain continuous security monitoring', 'Ensure robust security hygiene', 'Conduct employee security awareness training', 'Implement strong email filtering', 'Regularly review access controls']"
unknown,0.9042692805633136,0,Unknown,[],[],0.9042692805633136,High,4521346.402816568,"['Enable Attack Surface Reduction (ASR) rules', 'Implement Local Administrator Password Solution (LAPS)', 'Ensure immutable and offline backups', 'Deploy Application Allowlisting', 'Isolate affected systems from network']"
unknown,0.9042692805633136,1,Unknown,[],[],0.9042692805633136,High,4521346.402816568,"['Enable Attack Surface Reduction (ASR) rules', 'Implement Local Administrator Password Solution (LAPS)', 'Ensure immutable and offline backups', 'Deploy Application Allowlisting', 'Isolate affected systems from network']"
unknown,0.9042692805633136,0,Unknown,[],[],0.9042692805633136,High,4521346.402816568,"['Enable Attack Surface Reduction (ASR) rules', 'Implement Local Administrator Password Solution (LAPS)', 'Ensure immutable and offline backups', 'Deploy Application Allowlisting', 'Isolate affected systems from network']"
unknown,0.9042692805633136,0,Unknown,[],[],0.9042692805633136,High,4521346.402816568,"['Enable Attack Surface Reduction (ASR) rules', 'Implement Local Administrator Password Solution (LAPS)', 'Ensure immutable and offline backups', 'Deploy Application Allowlisting', 'Isolate affected systems from network']"
unknown,0.0033104508115333,0,Unknown,[],[],0.0033104508115333,Low,16552.2540576665,"['Maintain continuous security monitoring', 'Ensure robust security hygiene', 'Conduct employee security awareness training', 'Implement strong email filtering', 'Regularly review access controls']"
unknown,0.9042692805633136,1,Unknown,[],[],0.9042692805633136,High,4521346.402816568,"['Enable Attack Surface Reduction (ASR) rules', 'Implement Local Administrator Password Solution (LAPS)', 'Ensure immutable and offline backups', 'Deploy Application Allowlisting', 'Isolate affected systems from network']"
unknown,0.9042692805633136,1,Unknown,[],[],0.9042692805633136,High,4521346.402816568,"['Enable Attack Surface Reduction (ASR) rules', 'Implement Local Administrator Password Solution (LAPS)', 'Ensure immutable and offline backups', 'Deploy Application Allowlisting', 'Isolate affected systems from network']"
unknown,0.0033104508115333,0,Unknown,[],[],0.0033104508115333,Low,16552.2540576665,"['Maintain continuous security monitoring', 'Ensure robust security hygiene', 'Conduct employee security awareness training', 'Implement strong email filtering', 'Regularly review access controls']"
unknown,0.9042692805633136,1,Unknown,[],[],0.9042692805633136,High,4521346.402816568,"['Enable Attack Surface Reduction (ASR) rules', 'Implement Local Administrator Password Solution (LAPS)', 'Ensure immutable and offline backups', 'Deploy Application Allowlisting', 'Isolate affected systems from network']"
unknown,0.0033104508115099,0,Unknown,[],[],0.0033104508115099,Low,16552.2540575495,"['Maintain continuous security monitoring', 'Ensure robust security hygiene', 'Conduct employee security awareness training', 'Implement strong email filtering', 'Regularly review access controls']"
xmrig,0.0033104508115333,0,XMRig,"['T1055', 'T1027', 'T1059']","['D3-AL', 'D3-CR', 'D3-SAW']",0.0033104508115333,Low,16552.2540576665,"['Maintain continuous security monitoring', 'Ensure robust security hygiene', 'Conduct employee security awareness training', 'Implement strong email filtering', 'Regularly review access controls']"
unknown,0.0033104508115333,0,Unknown,[],[],0.0033104508115333,Low,16552.2540576665,"['Maintain continuous security monitoring', 'Ensure robust security hygiene', 'Conduct employee security awareness training', 'Implement strong email filtering', 'Regularly review access controls']"
unknown,0.9042692805633136,0,Unknown,[],[],0.9042692805633136,High,4521346.402816568,"['Enable Attack Surface Reduction (ASR) rules', 'Implement Local Administrator Password Solution (LAPS)', 'Ensure immutable and offline backups', 'Deploy Application Allowlisting', 'Isolate affected systems from network']"
unknown,0.0033104508115333,0,Unknown,[],[],0.0033104508115333,Low,16552.2540576665,"['Maintain continuous security monitoring', 'Ensure robust security hygiene', 'Conduct employee security awareness training', 'Implement strong email filtering', 'Regularly review access controls']"
unknown,0.0033104508115333,0,Unknown,[],[],0.0033104508115333,Low,16552.2540576665,"['Maintain continuous security monitoring', 'Ensure robust security hygiene', 'Conduct employee security awareness training', 'Implement strong email filtering', 'Regularly review access controls']"
allaple,0.0033104508115333,0,GenericMalware,"['T1486', 'T1055', 'T1027']","['D3-BAC', 'D3-BDR', 'D3-SAW']",0.0033104508115333,Low,16552.2540576665,"['Maintain continuous security monitoring', 'Ensure robust security hygiene', 'Conduct employee security awareness training', 'Implement strong email filtering', 'Regularly review access controls']"
unknown,0.0033104508115333,0,Unknown,[],[],0.0033104508115333,Low,16552.2540576665,"['Maintain continuous security monitoring', 'Ensure robust security hygiene', 'Conduct employee security awareness training', 'Implement strong email filtering', 'Regularly review access controls']"
cardspy,0.0033104508115333,0,GenericMalware,"['T1486', 'T1055', 'T1027']","['D3-BAC', 'D3-BDR', 'D3-SAW']",0.0033104508115333,Low,16552.2540576665,"['Maintain continuous security monitoring', 'Ensure robust security hygiene', 'Conduct employee security awareness training', 'Implement strong email filtering', 'Regularly review access controls']"
unknown,0.0033104508115333,0,Unknown,[],[],0.0033104508115333,Low,16552.2540576665,"['Maintain continuous security monitoring', 'Ensure robust security hygiene', 'Conduct employee security awareness training', 'Implement strong email filtering', 'Regularly review access controls']"
unknown,0.0033104508115169,0,Unknown,[],[],0.0033104508115169,Low,16552.2540575845,"['Maintain continuous security monitoring', 'Ensure robust security hygiene', 'Conduct employee security awareness training', 'Implement strong email filtering', 'Regularly review access controls']"
unknown,0.0033104508115333,0,Unknown,[],[],0.0033104508115333,Low,16552.2540576665,"['Maintain continuous security monitoring', 'Ensure robust security hygiene', 'Conduct employee security awareness training', 'Implement strong email filtering', 'Regularly review access controls']"
unknown,0.9042692805633136,0,Unknown,[],[],0.9042692805633136,High,4521346.402816568,"['Enable Attack Surface Reduction (ASR) rules', 'Implement Local Administrator Password Solution (LAPS)', 'Ensure immutable and offline backups', 'Deploy Application Allowlisting', 'Isolate affected systems from network']"
unknown,0.9042692805633136,1,Unknown,[],[],0.9042692805633136,High,4521346.402816568,"['Enable Attack Surface Reduction (ASR) rules', 'Implement Local Administrator Password Solution (LAPS)', 'Ensure immutable and offline backups', 'Deploy Application Allowlisting', 'Isolate affected systems from network']"
unknown,0.9042692805633136,1,Unknown,[],[],0.9042692805633136,High,4521346.402816568,"['Enable Attack Surface Reduction (ASR) rules', 'Implement Local Administrator Password Solution (LAPS)', 'Ensure immutable and offline backups', 'Deploy Application Allowlisting', 'Isolate affected systems from network']"
unknown,0.9042692805633136,0,Unknown,[],[],0.9042692805633136,High,4521346.402816568,"['Enable Attack Surface Reduction (ASR) rules', 'Implement Local Administrator Password Solution (LAPS)', 'Ensure immutable and offline backups', 'Deploy Application Allowlisting', 'Isolate affected systems from network']"
unknown,0.0033104508115099,0,Unknown,[],[],0.0033104508115099,Low,16552.2540575495,"['Maintain continuous security monitoring', 'Ensure robust security hygiene', 'Conduct employee security awareness training', 'Implement strong email filtering', 'Regularly review access controls']"
unknown,0.9042692805633136,0,Unknown,[],[],0.9042692805633136,High,4521346.402816568,"['Enable Attack Surface Reduction (ASR) rules', 'Implement Local Administrator Password Solution (LAPS)', 'Ensure immutable and offline backups', 'Deploy Application Allowlisting', 'Isolate affected systems from network']"
unknown,0.9042692805633136,1,Unknown,[],[],0.9042692805633136,High,4521346.402816568,"['Enable Attack Surface Reduction (ASR) rules', 'Implement Local Administrator Password Solution (LAPS)', 'Ensure immutable and offline backups', 'Deploy Application Allowlisting', 'Isolate affected systems from network']"
unknown,0.9042692805633136,1,Unknown,[],[],0.9042692805633136,High,4521346.402816568,"['Enable Attack Surface Reduction (ASR) rules', 'Implement Local Administrator Password Solution (LAPS)', 'Ensure immutable and offline backups', 'Deploy Application Allowlisting', 'Isolate affected systems from network']"
unknown,0.9042692805633136,0,Unknown,[],[],0.9042692805633136,High,4521346.402816568,"['Enable Attack Surface Reduction (ASR) rules', 'Implement Local Administrator Password Solution (LAPS)', 'Ensure immutable and offline backups', 'Deploy Application Allowlisting', 'Isolate affected systems from network']"
unknown,0.9042692805633136,0,Unknown,[],[],0.9042692805633136,High,4521346.402816568,"['Enable Attack Surface Reduction (ASR) rules', 'Implement Local Administrator Password Solution (LAPS)', 'Ensure immutable and offline backups', 'Deploy Application Allowlisting', 'Isolate affected systems from network']"
upatre,0.0033104508115868,0,Upatre,"['T1486', 'T1055', 'T1027']","['D3-BAC', 'D3-BDR', 'D3-SAW']",0.0033104508115868,Low,16552.254057934,"['Maintain continuous security monitoring', 'Ensure robust security hygiene', 'Conduct employee security awareness training', 'Implement strong email filtering', 'Regularly review access controls']"
unknown,0.9042692805633136,0,Unknown,[],[],0.9042692805633136,High,4521346.402816568,"['Enable Attack Surface Reduction (ASR) rules', 'Implement Local Administrator Password Solution (LAPS)', 'Ensure immutable and offline backups', 'Deploy Application Allowlisting', 'Isolate affected systems from network']"
unknown,0.0033104508115333,0,Unknown,[],[],0.0033104508115333,Low,16552.2540576665,"['Maintain continuous security monitoring', 'Ensure robust security hygiene', 'Conduct employee security awareness training', 'Implement strong email filtering', 'Regularly review access controls']"
unknown,0.9042692805633136,0,Unknown,[],[],0.9042692805633136,High,4521346.402816568,"['Enable Attack Surface Reduction (ASR) rules', 'Implement Local Administrator Password Solution (LAPS)', 'Ensure immutable and offline backups', 'Deploy Application Allowlisting', 'Isolate affected systems from network']"
unknown,0.9042692805633136,1,Unknown,[],[],0.9042692805633136,High,4521346.402816568,"['Enable Attack Surface Reduction (ASR) rules', 'Implement Local Administrator Password Solution (LAPS)', 'Ensure immutable and offline backups', 'Deploy Application Allowlisting', 'Isolate affected systems from network']"
unknown,0.9042692805633136,1,Unknown,[],[],0.9042692805633136,High,4521346.402816568,"['Enable Attack Surface Reduction (ASR) rules', 'Implement Local Administrator Password Solution (LAPS)', 'Ensure immutable and offline backups', 'Deploy Application Allowlisting', 'Isolate affected systems from network']"
unknown,0.9042692805633136,1,Unknown,[],[],0.9042692805633136,High,4521346.402816568,"['Enable Attack Surface Reduction (ASR) rules', 'Implement Local Administrator Password Solution (LAPS)', 'Ensure immutable and offline backups', 'Deploy Application Allowlisting', 'Isolate affected systems from network']"
wacatac,0.003310450811489,0,Wacatac,"['T1486', 'T1055', 'T1027']","['D3-BAC', 'D3-BDR', 'D3-SAW']",0.003310450811489,Low,16552.254057445,"['Maintain continuous security monitoring', 'Ensure robust security hygiene', 'Conduct employee security awareness training', 'Implement strong email filtering', 'Regularly review access controls']"
upatre,0.003345430014826,0,Upatre,"['T1486', 'T1055', 'T1027']","['D3-BAC', 'D3-BDR', 'D3-SAW']",0.003345430014826,Low,16727.15007413,"['Maintain continuous security monitoring', 'Ensure robust security hygiene', 'Conduct employee security awareness training', 'Implement strong email filtering', 'Regularly review access controls']"
unknown,0.9042692805633136,0,Unknown,[],[],0.9042692805633136,High,4521346.402816568,"['Enable Attack Surface Reduction (ASR) rules', 'Implement Local Administrator Password Solution (LAPS)', 'Ensure immutable and offline backups', 'Deploy Application Allowlisting', 'Isolate affected systems from network']"
upatre,0.0033104508115869,0,Upatre,"['T1486', 'T1055', 'T1027']","['D3-BAC', 'D3-BDR', 'D3-SAW']",0.0033104508115869,Low,16552.2540579345,"['Maintain continuous security monitoring', 'Ensure robust security hygiene', 'Conduct employee security awareness training', 'Implement strong email filtering', 'Regularly review access controls']"
unknown,0.9042692805633136,0,Unknown,[],[],0.9042692805633136,High,4521346.402816568,"['Enable Attack Surface Reduction (ASR) rules', 'Implement Local Administrator Password Solution (LAPS)', 'Ensure immutable and offline backups', 'Deploy Application Allowlisting', 'Isolate affected systems from network']"
unknown,0.9042692805633136,1,Unknown,[],[],0.9042692805633136,High,4521346.402816568,"['Enable Attack Surface Reduction (ASR) rules', 'Implement Local Administrator Password Solution (LAPS)', 'Ensure immutable and offline backups', 'Deploy Application Allowlisting', 'Isolate affected systems from network']"
unknown,0.9042692805633136,1,Unknown,[],[],0.9042692805633136,High,4521346.402816568,"['Enable Attack Surface Reduction (ASR) rules', 'Implement Local Administrator Password Solution (LAPS)', 'Ensure immutable and offline backups', 'Deploy Application Allowlisting', 'Isolate affected systems from network']"
unknown,0.9042692805633136,0,Unknown,[],[],0.9042692805633136,High,4521346.402816568,"['Enable Attack Surface Reduction (ASR) rules', 'Implement Local Administrator Password Solution (LAPS)', 'Ensure immutable and offline backups', 'Deploy Application Allowlisting', 'Isolate affected systems from network']"
unknown,0.9042692805633136,0,Unknown,[],[],0.9042692805633136,High,4521346.402816568,"['Enable Attack Surface Reduction (ASR) rules', 'Implement Local Administrator Password Solution (LAPS)', 'Ensure immutable and offline backups', 'Deploy Application Allowlisting', 'Isolate affected systems from network']"
expiro,0.0033104508115333,0,Expiro,"['T1486', 'T1055', 'T1027']","['D3-BAC', 'D3-BDR', 'D3-SAW']",0.0033104508115333,Low,16552.2540576665,"['Maintain continuous security monitoring', 'Ensure robust security hygiene', 'Conduct employee security awareness training', 'Implement strong email filtering', 'Regularly review access controls']"
unknown,0.9042692805633136,0,Unknown,[],[],0.9042692805633136,High,4521346.402816568,"['Enable Attack Surface Reduction (ASR) rules', 'Implement Local Administrator Password Solution (LAPS)', 'Ensure immutable and offline backups', 'Deploy Application Allowlisting', 'Isolate affected systems from network']"
unknown,0.0033104508115309,0,Unknown,[],[],0.0033104508115309,Low,16552.2540576545,"['Maintain continuous security monitoring', 'Ensure robust security hygiene', 'Conduct employee security awareness training', 'Implement strong email filtering', 'Regularly review access controls']"
unknown,0.0033104508115333,0,Unknown,[],[],0.0033104508115333,Low,16552.2540576665,"['Maintain continuous security monitoring', 'Ensure robust security hygiene', 'Conduct employee security awareness training', 'Implement strong email filtering', 'Regularly review access controls']"
unknown,0.003310450811489,0,Unknown,[],[],0.003310450811489,Low,16552.254057445,"['Maintain continuous security monitoring', 'Ensure robust security hygiene', 'Conduct employee security awareness training', 'Implement strong email filtering', 'Regularly review access controls']"
unknown,0.9042692805633136,0,Unknown,[],[],0.9042692805633136,High,4521346.402816568,"['Enable Attack Surface Reduction (ASR) rules', 'Implement Local Administrator Password Solution (LAPS)', 'Ensure immutable and offline backups', 'Deploy Application Allowlisting', 'Isolate affected systems from network']"
unknown,0.0033104508115333,0,Unknown,[],[],0.0033104508115333,Low,16552.2540576665,"['Maintain continuous security monitoring', 'Ensure robust security hygiene', 'Conduct employee security awareness training', 'Implement strong email filtering', 'Regularly review access controls']"
autinject,0.0033104508115333,0,GenericMalware,"['T1486', 'T1055', 'T1027']","['D3-BAC', 'D3-BDR', 'D3-SAW']",0.0033104508115333,Low,16552.2540576665,"['Maintain continuous security monitoring', 'Ensure robust security hygiene', 'Conduct employee security awareness training', 'Implement strong email filtering', 'Regularly review access controls']"
unknown,0.9042692805633136,0,Unknown,[],[],0.9042692805633136,High,4521346.402816568,"['Enable Attack Surface Reduction (ASR) rules', 'Implement Local Administrator Password Solution (LAPS)', 'Ensure immutable and offline backups', 'Deploy Application Allowlisting', 'Isolate affected systems from network']"
unknown,0.9042692805633136,0,Unknown,[],[],0.9042692805633136,High,4521346.402816568,"['Enable Attack Surface Reduction (ASR) rules', 'Implement Local Administrator Password Solution (LAPS)', 'Ensure immutable and offline backups', 'Deploy Application Allowlisting', 'Isolate affected systems from network']"
unknown,0.9042692805633136,0,Unknown,[],[],0.9042692805633136,High,4521346.402816568,"['Enable Attack Surface Reduction (ASR) rules', 'Implement Local Administrator Password Solution (LAPS)', 'Ensure immutable and offline backups', 'Deploy Application Allowlisting', 'Isolate affected systems from network']"
unknown,0.9042692805633136,1,Unknown,[],[],0.9042692805633136,High,4521346.402816568,"['Enable Attack Surface Reduction (ASR) rules', 'Implement Local Administrator Password Solution (LAPS)', 'Ensure immutable and offline backups', 'Deploy Application Allowlisting', 'Isolate affected systems from network']"
marte,0.0033104508115196,0,GenericMalware,"['T1486', 'T1055', 'T1027']","['D3-BAC', 'D3-BDR', 'D3-SAW']",0.0033104508115196,Low,16552.254057598002,"['Maintain continuous security monitoring', 'Ensure robust security hygiene', 'Conduct employee security awareness training', 'Implement strong email filtering', 'Regularly review access controls']"
black,0.0033104508115333,0,GenericMalware,"['T1486', 'T1055', 'T1027']","['D3-BAC', 'D3-BDR', 'D3-SAW']",0.0033104508115333,Low,16552.2540576665,"['Maintain continuous security monitoring', 'Ensure robust security hygiene', 'Conduct employee security awareness training', 'Implement strong email filtering', 'Regularly review access controls']"
unknown,0.9042692805633136,1,Unknown,[],[],0.9042692805633136,High,4521346.402816568,"['Enable Attack Surface Reduction (ASR) rules', 'Implement Local Administrator Password Solution (LAPS)', 'Ensure immutable and offline backups', 'Deploy Application Allowlisting', 'Isolate affected systems from network']"
unknown,0.9042692805633136,0,Unknown,[],[],0.9042692805633136,High,4521346.402816568,"['Enable Attack Surface Reduction (ASR) rules', 'Implement Local Administrator Password Solution (LAPS)', 'Ensure immutable and offline backups', 'Deploy Application Allowlisting', 'Isolate affected systems from network']"
unknown,0.9042692805633136,1,Unknown,[],[],0.9042692805633136,High,4521346.402816568,"['Enable Attack Surface Reduction (ASR) rules', 'Implement Local Administrator Password Solution (LAPS)', 'Ensure immutable and offline backups', 'Deploy Application Allowlisting', 'Isolate affected systems from network']"
unknown,0.9042692805633136,1,Unknown,[],[],0.9042692805633136,High,4521346.402816568,"['Enable Attack Surface Reduction (ASR) rules', 'Implement Local Administrator Password Solution (LAPS)', 'Ensure immutable and offline backups', 'Deploy Application Allowlisting', 'Isolate affected systems from network']"
unknown,0.9042692805633136,0,Unknown,[],[],0.9042692805633136,High,4521346.402816568,"['Enable Attack Surface Reduction (ASR) rules', 'Implement Local Administrator Password Solution (LAPS)', 'Ensure immutable and offline backups', 'Deploy Application Allowlisting', 'Isolate affected systems from network']"
unknown,0.9042692805633136,1,Unknown,[],[],0.9042692805633136,High,4521346.402816568,"['Enable Attack Surface Reduction (ASR) rules', 'Implement Local Administrator Password Solution (LAPS)', 'Ensure immutable and offline backups', 'Deploy Application Allowlisting', 'Isolate affected systems from network']"
xmrig,0.0033104508115333,0,XMRig,"['T1055', 'T1027', 'T1059']","['D3-AL', 'D3-CR', 'D3-SAW']",0.0033104508115333,Low,16552.2540576665,"['Maintain continuous security monitoring', 'Ensure robust security hygiene', 'Conduct employee security awareness training', 'Implement strong email filtering', 'Regularly review access controls']"
unknown,0.9042692805633136,0,Unknown,[],[],0.9042692805633136,High,4521346.402816568,"['Enable Attack Surface Reduction (ASR) rules', 'Implement Local Administrator Password Solution (LAPS)', 'Ensure immutable and offline backups', 'Deploy Application Allowlisting', 'Isolate affected systems from network']"
unknown,0.9042692805633136,0,Unknown,[],[],0.9042692805633136,High,4521346.402816568,"['Enable Attack Surface Reduction (ASR) rules', 'Implement Local Administrator Password Solution (LAPS)', 'Ensure immutable and offline backups', 'Deploy Application Allowlisting', 'Isolate affected systems from network']"
unknown,0.9042692805633136,1,Unknown,[],[],0.9042692805633136,High,4521346.402816568,"['Enable Attack Surface Reduction (ASR) rules', 'Implement Local Administrator Password Solution (LAPS)', 'Ensure immutable and offline backups', 'Deploy Application Allowlisting', 'Isolate affected systems from network']"
upatre,0.0033104508115869,0,Upatre,"['T1486', 'T1055', 'T1027']","['D3-BAC', 'D3-BDR', 'D3-SAW']",0.0033104508115869,Low,16552.2540579345,"['Maintain continuous security monitoring', 'Ensure robust security hygiene', 'Conduct employee security awareness training', 'Implement strong email filtering', 'Regularly review access controls']"
unknown,0.9042692805633136,1,Unknown,[],[],0.9042692805633136,High,4521346.402816568,"['Enable Attack Surface Reduction (ASR) rules', 'Implement Local Administrator Password Solution (LAPS)', 'Ensure immutable and offline backups', 'Deploy Application Allowlisting', 'Isolate affected systems from network']"
unknown,0.9042692805633136,1,Unknown,[],[],0.9042692805633136,High,4521346.402816568,"['Enable Attack Surface Reduction (ASR) rules', 'Implement Local Administrator Password Solution (LAPS)', 'Ensure immutable and offline backups', 'Deploy Application Allowlisting', 'Isolate affected systems from network']"
unknown,0.9042692805633136,0,Unknown,[],[],0.9042692805633136,High,4521346.402816568,"['Enable Attack Surface Reduction (ASR) rules', 'Implement Local Administrator Password Solution (LAPS)', 'Ensure immutable and offline backups', 'Deploy Application Allowlisting', 'Isolate affected systems from network']"
unknown,0.0033104508115294,0,Unknown,[],[],0.0033104508115294,Low,16552.254057647002,"['Maintain continuous security monitoring', 'Ensure robust security hygiene', 'Conduct employee security awareness training', 'Implement strong email filtering', 'Regularly review access controls']"
unknown,0.0033104508115333,0,Unknown,[],[],0.0033104508115333,Low,16552.2540576665,"['Maintain continuous security monitoring', 'Ensure robust security hygiene', 'Conduct employee security awareness training', 'Implement strong email filtering', 'Regularly review access controls']"
unknown,0.9042692805633136,1,Unknown,[],[],0.9042692805633136,High,4521346.402816568,"['Enable Attack Surface Reduction (ASR) rules', 'Implement Local Administrator Password Solution (LAPS)', 'Ensure immutable and offline backups', 'Deploy Application Allowlisting', 'Isolate affected systems from network']"
unknown,0.9042692805633136,0,Unknown,[],[],0.9042692805633136,High,4521346.402816568,"['Enable Attack Surface Reduction (ASR) rules', 'Implement Local Administrator Password Solution (LAPS)', 'Ensure immutable and offline backups', 'Deploy Application Allowlisting', 'Isolate affected systems from network']"
unknown,0.9042692805633136,1,Unknown,[],[],0.9042692805633136,High,4521346.402816568,"['Enable Attack Surface Reduction (ASR) rules', 'Implement Local Administrator Password Solution (LAPS)', 'Ensure immutable and offline backups', 'Deploy Application Allowlisting', 'Isolate affected systems from network']"
unknown,0.9042692805633136,1,Unknown,[],[],0.9042692805633136,High,4521346.402816568,"['Enable Attack Surface Reduction (ASR) rules', 'Implement Local Administrator Password Solution (LAPS)', 'Ensure immutable and offline backups', 'Deploy Application Allowlisting', 'Isolate affected systems from network']"
expiro,0.0033104508115309,0,Expiro,"['T1486', 'T1055', 'T1027']","['D3-BAC', 'D3-BDR', 'D3-SAW']",0.0033104508115309,Low,16552.2540576545,"['Maintain continuous security monitoring', 'Ensure robust security hygiene', 'Conduct employee security awareness training', 'Implement strong email filtering', 'Regularly review access controls']"
unknown,0.9042692805633136,1,Unknown,[],[],0.9042692805633136,High,4521346.402816568,"['Enable Attack Surface Reduction (ASR) rules', 'Implement Local Administrator Password Solution (LAPS)', 'Ensure immutable and offline backups', 'Deploy Application Allowlisting', 'Isolate affected systems from network']"
unknown,0.9042692805633136,1,Unknown,[],[],0.9042692805633136,High,4521346.402816568,"['Enable Attack Surface Reduction (ASR) rules', 'Implement Local Administrator Password Solution (LAPS)', 'Ensure immutable and offline backups', 'Deploy Application Allowlisting', 'Isolate affected systems from network']"
unknown,0.9042692805633136,0,Unknown,[],[],0.9042692805633136,High,4521346.402816568,"['Enable Attack Surface Reduction (ASR) rules', 'Implement Local Administrator Password Solution (LAPS)', 'Ensure immutable and offline backups', 'Deploy Application Allowlisting', 'Isolate affected systems from network']"
rugmi,0.0033104508115167,0,GenericMalware,"['T1486', 'T1055', 'T1027']","['D3-BAC', 'D3-BDR', 'D3-SAW']",0.0033104508115167,Low,16552.2540575835,"['Maintain continuous security monitoring', 'Ensure robust security hygiene', 'Conduct employee security awareness training', 'Implement strong email filtering', 'Regularly review access controls']"
unknown,0.9042692805633136,0,Unknown,[],[],0.9042692805633136,High,4521346.402816568,"['Enable Attack Surface Reduction (ASR) rules', 'Implement Local Administrator Password Solution (LAPS)', 'Ensure immutable and offline backups', 'Deploy Application Allowlisting', 'Isolate affected systems from network']"
unknown,0.9042692805633136,0,Unknown,[],[],0.9042692805633136,High,4521346.402816568,"['Enable Attack Surface Reduction (ASR) rules', 'Implement Local Administrator Password Solution (LAPS)', 'Ensure immutable and offline backups', 'Deploy Application Allowlisting', 'Isolate affected systems from network']"
unknown,0.9042692805633136,0,Unknown,[],[],0.9042692805633136,High,4521346.402816568,"['Enable Attack Surface Reduction (ASR) rules', 'Implement Local Administrator Password Solution (LAPS)', 'Ensure immutable and offline backups', 'Deploy Application Allowlisting', 'Isolate affected systems from network']"
wacatac,0.0033104508115333,0,Wacatac,"['T1486', 'T1055', 'T1027']","['D3-BAC', 'D3-BDR', 'D3-SAW']",0.0033104508115333,Low,16552.2540576665,"['Maintain continuous security monitoring', 'Ensure robust security hygiene', 'Conduct employee security awareness training', 'Implement strong email filtering', 'Regularly review access controls']"
unknown,0.9042692805633136,0,Unknown,[],[],0.9042692805633136,High,4521346.402816568,"['Enable Attack Surface Reduction (ASR) rules', 'Implement Local Administrator Password Solution (LAPS)', 'Ensure immutable and offline backups', 'Deploy Application Allowlisting', 'Isolate affected systems from network']"
unknown,0.0033104508115333,0,Unknown,[],[],0.0033104508115333,Low,16552.2540576665,"['Maintain continuous security monitoring', 'Ensure robust security hygiene', 'Conduct employee security awareness training', 'Implement strong email filtering', 'Regularly review access controls']"
unknown,0.9042692805633136,1,Unknown,[],[],0.9042692805633136,High,4521346.402816568,"['Enable Attack Surface Reduction (ASR) rules', 'Implement Local Administrator Password Solution (LAPS)', 'Ensure immutable and offline backups', 'Deploy Application Allowlisting', 'Isolate affected systems from network']"
unknown,0.9042692805633136,1,Unknown,[],[],0.9042692805633136,High,4521346.402816568,"['Enable Attack Surface Reduction (ASR) rules', 'Implement Local Administrator Password Solution (LAPS)', 'Ensure immutable and offline backups', 'Deploy Application Allowlisting', 'Isolate affected systems from network']"
sfone,0.0033104508115294,0,SFOne,"['T1486', 'T1055', 'T1027']","['D3-BAC', 'D3-BDR', 'D3-SAW']",0.0033104508115294,Low,16552.254057647002,"['Maintain continuous security monitoring', 'Ensure robust security hygiene', 'Conduct employee security awareness training', 'Implement strong email filtering', 'Regularly review access controls']"
unknown,0.9042692805633136,1,Unknown,[],[],0.9042692805633136,High,4521346.402816568,"['Enable Attack Surface Reduction (ASR) rules', 'Implement Local Administrator Password Solution (LAPS)', 'Ensure immutable and offline backups', 'Deploy Application Allowlisting', 'Isolate affected systems from network']"
unknown,0.9042692805633136,1,Unknown,[],[],0.9042692805633136,High,4521346.402816568,"['Enable Attack Surface Reduction (ASR) rules', 'Implement Local Administrator Password Solution (LAPS)', 'Ensure immutable and offline backups', 'Deploy Application Allowlisting', 'Isolate affected systems from network']"
xmrig,0.0033104508115333,0,XMRig,"['T1055', 'T1027', 'T1059']","['D3-AL', 'D3-CR', 'D3-SAW']",0.0033104508115333,Low,16552.2540576665,"['Maintain continuous security monitoring', 'Ensure robust security hygiene', 'Conduct employee security awareness training', 'Implement strong email filtering', 'Regularly review access controls']"
unknown,0.0033104508115225,0,Unknown,[],[],0.0033104508115225,Low,16552.2540576125,"['Maintain continuous security monitoring', 'Ensure robust security hygiene', 'Conduct employee security awareness training', 'Implement strong email filtering', 'Regularly review access controls']"
unknown,0.9042692805633136,0,Unknown,[],[],0.9042692805633136,High,4521346.402816568,"['Enable Attack Surface Reduction (ASR) rules', 'Implement Local Administrator Password Solution (LAPS)', 'Ensure immutable and offline backups', 'Deploy Application Allowlisting', 'Isolate affected systems from network']"
unknown,0.0033454389816955,0,Unknown,[],[],0.0033454389816955,Low,16727.1949084775,"['Maintain continuous security monitoring', 'Ensure robust security hygiene', 'Conduct employee security awareness training', 'Implement strong email filtering', 'Regularly review access controls']"
picsys,0.0033104508115333,0,GenericMalware,"['T1486', 'T1055', 'T1027']","['D3-BAC', 'D3-BDR', 'D3-SAW']",0.0033104508115333,Low,16552.2540576665,"['Maintain continuous security monitoring', 'Ensure robust security hygiene', 'Conduct employee security awareness training', 'Implement strong email filtering', 'Regularly review access controls']"
unknown,0.9042692805633136,1,Unknown,[],[],0.9042692805633136,High,4521346.402816568,"['Enable Attack Surface Reduction (ASR) rules', 'Implement Local Administrator Password Solution (LAPS)', 'Ensure immutable and offline backups', 'Deploy Application Allowlisting', 'Isolate affected systems from network']"
derdero,0.0033104508115225,0,GenericMalware,"['T1486', 'T1055', 'T1027']","['D3-BAC', 'D3-BDR', 'D3-SAW']",0.0033104508115225,Low,16552.2540576125,"['Maintain continuous security monitoring', 'Ensure robust security hygiene', 'Conduct employee security awareness training', 'Implement strong email filtering', 'Regularly review access controls']"
unknown,0.9042692805633136,1,Unknown,[],[],0.9042692805633136,High,4521346.402816568,"['Enable Attack Surface Reduction (ASR) rules', 'Implement Local Administrator Password Solution (LAPS)', 'Ensure immutable and offline backups', 'Deploy Application Allowlisting', 'Isolate affected systems from network']"
unknown,0.9042692805633136,1,Unknown,[],[],0.9042692805633136,High,4521346.402816568,"['Enable Attack Surface Reduction (ASR) rules', 'Implement Local Administrator Password Solution (LAPS)', 'Ensure immutable and offline backups', 'Deploy Application Allowlisting', 'Isolate affected systems from network']"
unknown,0.0033104508114935,0,Unknown,[],[],0.0033104508114935,Low,16552.2540574675,"['Maintain continuous security monitoring', 'Ensure robust security hygiene', 'Conduct employee security awareness training', 'Implement strong email filtering', 'Regularly review access controls']"
unknown,0.9042692805633136,1,Unknown,[],[],0.9042692805633136,High,4521346.402816568,"['Enable Attack Surface Reduction (ASR) rules', 'Implement Local Administrator Password Solution (LAPS)', 'Ensure immutable and offline backups', 'Deploy Application Allowlisting', 'Isolate affected systems from network']"
unknown,0.9042692805633136,1,Unknown,[],[],0.9042692805633136,High,4521346.402816568,"['Enable Attack Surface Reduction (ASR) rules', 'Implement Local Administrator Password Solution (LAPS)', 'Ensure immutable and offline backups', 'Deploy Application Allowlisting', 'Isolate affected systems from network']"
unknown,0.9042692805633136,1,Unknown,[],[],0.9042692805633136,High,4521346.402816568,"['Enable Attack Surface Reduction (ASR) rules', 'Implement Local Administrator Password Solution (LAPS)', 'Ensure immutable and offline backups', 'Deploy Application Allowlisting', 'Isolate affected systems from network']"
unknown,0.0033104508115333,0,Unknown,[],[],0.0033104508115333,Low,16552.2540576665,"['Maintain continuous security monitoring', 'Ensure robust security hygiene', 'Conduct employee security awareness training', 'Implement strong email filtering', 'Regularly review access controls']"
unknown,0.9042692805633136,0,Unknown,[],[],0.9042692805633136,High,4521346.402816568,"['Enable Attack Surface Reduction (ASR) rules', 'Implement Local Administrator Password Solution (LAPS)', 'Ensure immutable and offline backups', 'Deploy Application Allowlisting', 'Isolate affected systems from network']"
unknown,0.9042692805633136,1,Unknown,[],[],0.9042692805633136,High,4521346.402816568,"['Enable Attack Surface Reduction (ASR) rules', 'Implement Local Administrator Password Solution (LAPS)', 'Ensure immutable and offline backups', 'Deploy Application Allowlisting', 'Isolate affected systems from network']"
unknown,0.9042692805633136,1,Unknown,[],[],0.9042692805633136,High,4521346.402816568,"['Enable Attack Surface Reduction (ASR) rules', 'Implement Local Administrator Password Solution (LAPS)', 'Ensure immutable and offline backups', 'Deploy Application Allowlisting', 'Isolate affected systems from network']"
unknown,0.9042692805633136,0,Unknown,[],[],0.9042692805633136,High,4521346.402816568,"['Enable Attack Surface Reduction (ASR) rules', 'Implement Local Administrator Password Solution (LAPS)', 'Ensure immutable and offline backups', 'Deploy Application Allowlisting', 'Isolate affected systems from network']"
unknown,0.9042692805633136,1,Unknown,[],[],0.9042692805633136,High,4521346.402816568,"['Enable Attack Surface Reduction (ASR) rules', 'Implement Local Administrator Password Solution (LAPS)', 'Ensure immutable and offline backups', 'Deploy Application Allowlisting', 'Isolate affected systems from network']"
pkeylog,0.0033104508115333,0,GenericMalware,"['T1486', 'T1055', 'T1027']","['D3-BAC', 'D3-BDR', 'D3-SAW']",0.0033104508115333,Low,16552.2540576665,"['Maintain continuous security monitoring', 'Ensure robust security hygiene', 'Conduct employee security awareness training', 'Implement strong email filtering', 'Regularly review access controls']"
unknown,0.9042692805633136,1,Unknown,[],[],0.9042692805633136,High,4521346.402816568,"['Enable Attack Surface Reduction (ASR) rules', 'Implement Local Administrator Password Solution (LAPS)', 'Ensure immutable and offline backups', 'Deploy Application Allowlisting', 'Isolate affected systems from network']"
unknown,0.9042692805633136,1,Unknown,[],[],0.9042692805633136,High,4521346.402816568,"['Enable Attack Surface Reduction (ASR) rules', 'Implement Local Administrator Password Solution (LAPS)', 'Ensure immutable and offline backups', 'Deploy Application Allowlisting', 'Isolate affected systems from network']"
unknown,0.0033104508115293,0,Unknown,[],[],0.0033104508115293,Low,16552.2540576465,"['Maintain continuous security monitoring', 'Ensure robust security hygiene', 'Conduct employee security awareness training', 'Implement strong email filtering', 'Regularly review access controls']"
simbot,0.0033104508115868,0,GenericMalware,"['T1486', 'T1055', 'T1027']","['D3-BAC', 'D3-BDR', 'D3-SAW']",0.0033104508115868,Low,16552.254057934,"['Maintain continuous security monitoring', 'Ensure robust security hygiene', 'Conduct employee security awareness training', 'Implement strong email filtering', 'Regularly review access controls']"
unknown,0.9042692805633136,1,Unknown,[],[],0.9042692805633136,High,4521346.402816568,"['Enable Attack Surface Reduction (ASR) rules', 'Implement Local Administrator Password Solution (LAPS)', 'Ensure immutable and offline backups', 'Deploy Application Allowlisting', 'Isolate affected systems from network']"
unknown,0.9042692805633136,0,Unknown,[],[],0.9042692805633136,High,4521346.402816568,"['Enable Attack Surface Reduction (ASR) rules', 'Implement Local Administrator Password Solution (LAPS)', 'Ensure immutable and offline backups', 'Deploy Application Allowlisting', 'Isolate affected systems from network']"
unknown,0.0033104508115868,0,Unknown,[],[],0.0033104508115868,Low,16552.254057934,"['Maintain continuous security monitoring', 'Ensure robust security hygiene', 'Conduct employee security awareness training', 'Implement strong email filtering', 'Regularly review access controls']"
unknown,0.0033104508115333,0,Unknown,[],[],0.0033104508115333,Low,16552.2540576665,"['Maintain continuous security monitoring', 'Ensure robust security hygiene', 'Conduct employee security awareness training', 'Implement strong email filtering', 'Regularly review access controls']"
unknown,0.9042692805633136,1,Unknown,[],[],0.9042692805633136,High,4521346.402816568,"['Enable Attack Surface Reduction (ASR) rules', 'Implement Local Administrator Password Solution (LAPS)', 'Ensure immutable and offline backups', 'Deploy Application Allowlisting', 'Isolate affected systems from network']"
unknown,0.0033104508115333,0,Unknown,[],[],0.0033104508115333,Low,16552.2540576665,"['Maintain continuous security monitoring', 'Ensure robust security hygiene', 'Conduct employee security awareness training', 'Implement strong email filtering', 'Regularly review access controls']"
expiro,0.0033104508115333,0,Expiro,"['T1486', 'T1055', 'T1027']","['D3-BAC', 'D3-BDR', 'D3-SAW']",0.0033104508115333,Low,16552.2540576665,"['Maintain continuous security monitoring', 'Ensure robust security hygiene', 'Conduct employee security awareness training', 'Implement strong email filtering', 'Regularly review access controls']"
unknown,0.9042692805633136,0,Unknown,[],[],0.9042692805633136,High,4521346.402816568,"['Enable Attack Surface Reduction (ASR) rules', 'Implement Local Administrator Password Solution (LAPS)', 'Ensure immutable and offline backups', 'Deploy Application Allowlisting', 'Isolate affected systems from network']"
unknown,0.9042692805633136,0,Unknown,[],[],0.9042692805633136,High,4521346.402816568,"['Enable Attack Surface Reduction (ASR) rules', 'Implement Local Administrator Password Solution (LAPS)', 'Ensure immutable and offline backups', 'Deploy Application Allowlisting', 'Isolate affected systems from network']"
unknown,0.9042692805633136,0,Unknown,[],[],0.9042692805633136,High,4521346.402816568,"['Enable Attack Surface Reduction (ASR) rules', 'Implement Local Administrator Password Solution (LAPS)', 'Ensure immutable and offline backups', 'Deploy Application Allowlisting', 'Isolate affected systems from network']"
unknown,0.0033104508115333,0,Unknown,[],[],0.0033104508115333,Low,16552.2540576665,"['Maintain continuous security monitoring', 'Ensure robust security hygiene', 'Conduct employee security awareness training', 'Implement strong email filtering', 'Regularly review access controls']"
unknown,0.0033104508115333,0,Unknown,[],[],0.0033104508115333,Low,16552.2540576665,"['Maintain continuous security monitoring', 'Ensure robust security hygiene', 'Conduct employee security awareness training', 'Implement strong email filtering', 'Regularly review access controls']"
unknown,0.9042692805633136,0,Unknown,[],[],0.9042692805633136,High,4521346.402816568,"['Enable Attack Surface Reduction (ASR) rules', 'Implement Local Administrator Password Solution (LAPS)', 'Ensure immutable and offline backups', 'Deploy Application Allowlisting', 'Isolate affected systems from network']"
unknown,0.9042692805633136,0,Unknown,[],[],0.9042692805633136,High,4521346.402816568,"['Enable Attack Surface Reduction (ASR) rules', 'Implement Local Administrator Password Solution (LAPS)', 'Ensure immutable and offline backups', 'Deploy Application Allowlisting', 'Isolate affected systems from network']"
unknown,0.0033104508115333,0,Unknown,[],[],0.0033104508115333,Low,16552.2540576665,"['Maintain continuous security monitoring', 'Ensure robust security hygiene', 'Conduct employee security awareness training', 'Implement strong email filtering', 'Regularly review access controls']"
flystudio,0.0033104508115271,0,FlyStudio,"['T1486', 'T1055', 'T1027']","['D3-BAC', 'D3-BDR', 'D3-SAW']",0.0033104508115271,Low,16552.2540576355,"['Maintain continuous security monitoring', 'Ensure robust security hygiene', 'Conduct employee security awareness training', 'Implement strong email filtering', 'Regularly review access controls']"
berbew,0.0033104490923377,0,Berbew,"['T1486', 'T1055', 'T1027']","['D3-BAC', 'D3-BDR', 'D3-SAW']",0.0033104490923377,Low,16552.2454616885,"['Maintain continuous security monitoring', 'Ensure robust security hygiene', 'Conduct employee security awareness training', 'Implement strong email filtering', 'Regularly review access controls']"
unknown,0.0033804806989038,0,Unknown,[],[],0.0033804806989038,Low,16902.403494519,"['Maintain continuous security monitoring', 'Ensure robust security hygiene', 'Conduct employee security awareness training', 'Implement strong email filtering', 'Regularly review access controls']"
unknown,0.9042692805633136,1,Unknown,[],[],0.9042692805633136,High,4521346.402816568,"['Enable Attack Surface Reduction (ASR) rules', 'Implement Local Administrator Password Solution (LAPS)', 'Ensure immutable and offline backups', 'Deploy Application Allowlisting', 'Isolate affected systems from network']"
unknown,0.9042692805633136,0,Unknown,[],[],0.9042692805633136,High,4521346.402816568,"['Enable Attack Surface Reduction (ASR) rules', 'Implement Local Administrator Password Solution (LAPS)', 'Ensure immutable and offline backups', 'Deploy Application Allowlisting', 'Isolate affected systems from network']"
unknown,0.0033104508115309,0,Unknown,[],[],0.0033104508115309,Low,16552.2540576545,"['Maintain continuous security monitoring', 'Ensure robust security hygiene', 'Conduct employee security awareness training', 'Implement strong email filtering', 'Regularly review access controls']"
unknown,0.9042692805633136,0,Unknown,[],[],0.9042692805633136,High,4521346.402816568,"['Enable Attack Surface Reduction (ASR) rules', 'Implement Local Administrator Password Solution (LAPS)', 'Ensure immutable and offline backups', 'Deploy Application Allowlisting', 'Isolate affected systems from network']"
unknown,0.9042692805633136,1,Unknown,[],[],0.9042692805633136,High,4521346.402816568,"['Enable Attack Surface Reduction (ASR) rules', 'Implement Local Administrator Password Solution (LAPS)', 'Ensure immutable and offline backups', 'Deploy Application Allowlisting', 'Isolate affected systems from network']"
nuitka,0.0033104508114616,0,GenericMalware,"['T1486', 'T1055', 'T1027']","['D3-BAC', 'D3-BDR', 'D3-SAW']",0.0033104508114616,Low,16552.254057308,"['Maintain continuous security monitoring', 'Ensure robust security hygiene', 'Conduct employee security awareness training', 'Implement strong email filtering', 'Regularly review access controls']"
sfone,0.0033104508115333,0,SFOne,"['T1486', 'T1055', 'T1027']","['D3-BAC', 'D3-BDR', 'D3-SAW']",0.0033104508115333,Low,16552.2540576665,"['Maintain continuous security monitoring', 'Ensure robust security hygiene', 'Conduct employee security awareness training', 'Implement strong email filtering', 'Regularly review access controls']"
unknown,0.9042692805633136,0,Unknown,[],[],0.9042692805633136,High,4521346.402816568,"['Enable Attack Surface Reduction (ASR) rules', 'Implement Local Administrator Password Solution (LAPS)', 'Ensure immutable and offline backups', 'Deploy Application Allowlisting', 'Isolate affected systems from network']"
unknown,0.0033104508115309,0,Unknown,[],[],0.0033104508115309,Low,16552.2540576545,"['Maintain continuous security monitoring', 'Ensure robust security hygiene', 'Conduct employee security awareness training', 'Implement strong email filtering', 'Regularly review access controls']"
wacatac,0.0033104508115205,0,Wacatac,"['T1486', 'T1055', 'T1027']","['D3-BAC', 'D3-BDR', 'D3-SAW']",0.0033104508115205,Low,16552.2540576025,"['Maintain continuous security monitoring', 'Ensure robust security hygiene', 'Conduct employee security awareness training', 'Implement strong email filtering', 'Regularly review access controls']"
unknown,0.9042692805633136,1,Unknown,[],[],0.9042692805633136,High,4521346.402816568,"['Enable Attack Surface Reduction (ASR) rules', 'Implement Local Administrator Password Solution (LAPS)', 'Ensure immutable and offline backups', 'Deploy Application Allowlisting', 'Isolate affected systems from network']"
unknown,0.0033104508115333,0,Unknown,[],[],0.0033104508115333,Low,16552.2540576665,"['Maintain continuous security monitoring', 'Ensure robust security hygiene', 'Conduct employee security awareness training', 'Implement strong email filtering', 'Regularly review access controls']"
unknown,0.9042692805633136,1,Unknown,[],[],0.9042692805633136,High,4521346.402816568,"['Enable Attack Surface Reduction (ASR) rules', 'Implement Local Administrator Password Solution (LAPS)', 'Ensure immutable and offline backups', 'Deploy Application Allowlisting', 'Isolate affected systems from network']"
unknown,0.9042692805633136,0,Unknown,[],[],0.9042692805633136,High,4521346.402816568,"['Enable Attack Surface Reduction (ASR) rules', 'Implement Local Administrator Password Solution (LAPS)', 'Ensure immutable and offline backups', 'Deploy Application Allowlisting', 'Isolate affected systems from network']"
unknown,0.9042692805633136,1,Unknown,[],[],0.9042692805633136,High,4521346.402816568,"['Enable Attack Surface Reduction (ASR) rules', 'Implement Local Administrator Password Solution (LAPS)', 'Ensure immutable and offline backups', 'Deploy Application Allowlisting', 'Isolate affected systems from network']"
glupteba,0.0033104508115333,0,Glupteba,"['T1486', 'T1055', 'T1027']","['D3-BAC', 'D3-BDR', 'D3-SAW']",0.0033104508115333,Low,16552.2540576665,"['Maintain continuous security monitoring', 'Ensure robust security hygiene', 'Conduct employee security awareness training', 'Implement strong email filtering', 'Regularly review access controls']"
xmrig,0.0033104508115333,0,XMRig,"['T1055', 'T1027', 'T1059']","['D3-AL', 'D3-CR', 'D3-SAW']",0.0033104508115333,Low,16552.2540576665,"['Maintain continuous security monitoring', 'Ensure robust security hygiene', 'Conduct employee security awareness training', 'Implement strong email filtering', 'Regularly review access controls']"
eggnog,0.0033104508115333,0,Eggnog,"['T1486', 'T1055', 'T1027']","['D3-BAC', 'D3-BDR', 'D3-SAW']",0.0033104508115333,Low,16552.2540576665,"['Maintain continuous security monitoring', 'Ensure robust security hygiene', 'Conduct employee security awareness training', 'Implement strong email filtering', 'Regularly review access controls']"
unknown,0.9042692805633136,1,Unknown,[],[],0.9042692805633136,High,4521346.402816568,"['Enable Attack Surface Reduction (ASR) rules', 'Implement Local Administrator Password Solution (LAPS)', 'Ensure immutable and offline backups', 'Deploy Application Allowlisting', 'Isolate affected systems from network']"
unknown,0.0033104508115186,0,Unknown,[],[],0.0033104508115186,Low,16552.254057593,"['Maintain continuous security monitoring', 'Ensure robust security hygiene', 'Conduct employee security awareness training', 'Implement strong email filtering', 'Regularly review access controls']"
unknown,0.9042692805633136,0,Unknown,[],[],0.9042692805633136,High,4521346.402816568,"['Enable Attack Surface Reduction (ASR) rules', 'Implement Local Administrator Password Solution (LAPS)', 'Ensure immutable and offline backups', 'Deploy Application Allowlisting', 'Isolate affected systems from network']"
unknown,0.9042692805633136,0,Unknown,[],[],0.9042692805633136,High,4521346.402816568,"['Enable Attack Surface Reduction (ASR) rules', 'Implement Local Administrator Password Solution (LAPS)', 'Ensure immutable and offline backups', 'Deploy Application Allowlisting', 'Isolate affected systems from network']"
unknown,0.0033104508115333,0,Unknown,[],[],0.0033104508115333,Low,16552.2540576665,"['Maintain continuous security monitoring', 'Ensure robust security hygiene', 'Conduct employee security awareness training', 'Implement strong email filtering', 'Regularly review access controls']"
unknown,0.0033104508115333,0,Unknown,[],[],0.0033104508115333,Low,16552.2540576665,"['Maintain continuous security monitoring', 'Ensure robust security hygiene', 'Conduct employee security awareness training', 'Implement strong email filtering', 'Regularly review access controls']"
unknown,0.9042692805633136,1,Unknown,[],[],0.9042692805633136,High,4521346.402816568,"['Enable Attack Surface Reduction (ASR) rules', 'Implement Local Administrator Password Solution (LAPS)', 'Ensure immutable and offline backups', 'Deploy Application Allowlisting', 'Isolate affected systems from network']"
unknown,0.9042692805633136,0,Unknown,[],[],0.9042692805633136,High,4521346.402816568,"['Enable Attack Surface Reduction (ASR) rules', 'Implement Local Administrator Password Solution (LAPS)', 'Ensure immutable and offline backups', 'Deploy Application Allowlisting', 'Isolate affected systems from network']"
unknown,0.0033454904089115,0,Unknown,[],[],0.0033454904089115,Low,16727.4520445575,"['Maintain continuous security monitoring', 'Ensure robust security hygiene', 'Conduct employee security awareness training', 'Implement strong email filtering', 'Regularly review access controls']"
unknown,0.9042692805633136,0,Unknown,[],[],0.9042692805633136,High,4521346.402816568,"['Enable Attack Surface Reduction (ASR) rules', 'Implement Local Administrator Password Solution (LAPS)', 'Ensure immutable and offline backups', 'Deploy Application Allowlisting', 'Isolate affected systems from network']"
unknown,0.0033104508115333,0,Unknown,[],[],0.0033104508115333,Low,16552.2540576665,"['Maintain continuous security monitoring', 'Ensure robust security hygiene', 'Conduct employee security awareness training', 'Implement strong email filtering', 'Regularly review access controls']"
unknown,0.0033104508115333,0,Unknown,[],[],0.0033104508115333,Low,16552.2540576665,"['Maintain continuous security monitoring', 'Ensure robust security hygiene', 'Conduct employee security awareness training', 'Implement strong email filtering', 'Regularly review access controls']"
expiro,0.0033104508115333,0,Expiro,"['T1486', 'T1055', 'T1027']","['D3-BAC', 'D3-BDR', 'D3-SAW']",0.0033104508115333,Low,16552.2540576665,"['Maintain continuous security monitoring', 'Ensure robust security hygiene', 'Conduct employee security awareness training', 'Implement strong email filtering', 'Regularly review access controls']"
unknown,0.9042692805633136,0,Unknown,[],[],0.9042692805633136,High,4521346.402816568,"['Enable Attack Surface Reduction (ASR) rules', 'Implement Local Administrator Password Solution (LAPS)', 'Ensure immutable and offline backups', 'Deploy Application Allowlisting', 'Isolate affected systems from network']"
unknown,0.9042692805633136,1,Unknown,[],[],0.9042692805633136,High,4521346.402816568,"['Enable Attack Surface Reduction (ASR) rules', 'Implement Local Administrator Password Solution (LAPS)', 'Ensure immutable and offline backups', 'Deploy Application Allowlisting', 'Isolate affected systems from network']"
unknown,0.9042692805633136,0,Unknown,[],[],0.9042692805633136,High,4521346.402816568,"['Enable Attack Surface Reduction (ASR) rules', 'Implement Local Administrator Password Solution (LAPS)', 'Ensure immutable and offline backups', 'Deploy Application Allowlisting', 'Isolate affected systems from network']"
unknown,0.0033104508115333,0,Unknown,[],[],0.0033104508115333,Low,16552.2540576665,"['Maintain continuous security monitoring', 'Ensure robust security hygiene', 'Conduct employee security awareness training', 'Implement strong email filtering', 'Regularly review access controls']"
unknown,0.0033104508115309,0,Unknown,[],[],0.0033104508115309,Low,16552.2540576545,"['Maintain continuous security monitoring', 'Ensure robust security hygiene', 'Conduct employee security awareness training', 'Implement strong email filtering', 'Regularly review access controls']"
unknown,0.0033104508115333,0,Unknown,[],[],0.0033104508115333,Low,16552.2540576665,"['Maintain continuous security monitoring', 'Ensure robust security hygiene', 'Conduct employee security awareness training', 'Implement strong email filtering', 'Regularly review access controls']"
berbew,0.0033104508115333,0,Berbew,"['T1486', 'T1055', 'T1027']","['D3-BAC', 'D3-BDR', 'D3-SAW']",0.0033104508115333,Low,16552.2540576665,"['Maintain continuous security monitoring', 'Ensure robust security hygiene', 'Conduct employee security awareness training', 'Implement strong email filtering', 'Regularly review access controls']"
unknown,0.0033104508115333,0,Unknown,[],[],0.0033104508115333,Low,16552.2540576665,"['Maintain continuous security monitoring', 'Ensure robust security hygiene', 'Conduct employee security awareness training', 'Implement strong email filtering', 'Regularly review access controls']"
unknown,0.0033104508115333,0,Unknown,[],[],0.0033104508115333,Low,16552.2540576665,"['Maintain continuous security monitoring', 'Ensure robust security hygiene', 'Conduct employee security awareness training', 'Implement strong email filtering', 'Regularly review access controls']"
unknown,0.9042692805633136,0,Unknown,[],[],0.9042692805633136,High,4521346.402816568,"['Enable Attack Surface Reduction (ASR) rules', 'Implement Local Administrator Password Solution (LAPS)', 'Ensure immutable and offline backups', 'Deploy Application Allowlisting', 'Isolate affected systems from network']"
wacatac,0.0033104499673624,0,Wacatac,"['T1486', 'T1055', 'T1027']","['D3-BAC', 'D3-BDR', 'D3-SAW']",0.0033104499673624,Low,16552.249836812,"['Maintain continuous security monitoring', 'Ensure robust security hygiene', 'Conduct employee security awareness training', 'Implement strong email filtering', 'Regularly review access controls']"
unknown,0.9042692805633136,0,Unknown,[],[],0.9042692805633136,High,4521346.402816568,"['Enable Attack Surface Reduction (ASR) rules', 'Implement Local Administrator Password Solution (LAPS)', 'Ensure immutable and offline backups', 'Deploy Application Allowlisting', 'Isolate affected systems from network']"
shipshape,0.0033104508115333,0,ShipShape,"['T1486', 'T1055', 'T1027']","['D3-BAC', 'D3-BDR', 'D3-SAW']",0.0033104508115333,Low,16552.2540576665,"['Maintain continuous security monitoring', 'Ensure robust security hygiene', 'Conduct employee security awareness training', 'Implement strong email filtering', 'Regularly review access controls']"
unknown,0.0033104508115309,0,Unknown,[],[],0.0033104508115309,Low,16552.2540576545,"['Maintain continuous security monitoring', 'Ensure robust security hygiene', 'Conduct employee security awareness training', 'Implement strong email filtering', 'Regularly review access controls']"
unknown,0.0033104508115333,0,Unknown,[],[],0.0033104508115333,Low,16552.2540576665,"['Maintain continuous security monitoring', 'Ensure robust security hygiene', 'Conduct employee security awareness training', 'Implement strong email filtering', 'Regularly review access controls']"
unknown,0.0033454389836629,0,Unknown,[],[],0.0033454389836629,Low,16727.1949183145,"['Maintain continuous security monitoring', 'Ensure robust security hygiene', 'Conduct employee security awareness training', 'Implement strong email filtering', 'Regularly review access controls']"
unknown,0.9042692805633136,1,Unknown,[],[],0.9042692805633136,High,4521346.402816568,"['Enable Attack Surface Reduction (ASR) rules', 'Implement Local Administrator Password Solution (LAPS)', 'Ensure immutable and offline backups', 'Deploy Application Allowlisting', 'Isolate affected systems from network']"
unknown,0.9042692805633136,0,Unknown,[],[],0.9042692805633136,High,4521346.402816568,"['Enable Attack Surface Reduction (ASR) rules', 'Implement Local Administrator Password Solution (LAPS)', 'Ensure immutable and offline backups', 'Deploy Application Allowlisting', 'Isolate affected systems from network']"
berbew,0.0033104508115333,0,Berbew,"['T1486', 'T1055', 'T1027']","['D3-BAC', 'D3-BDR', 'D3-SAW']",0.0033104508115333,Low,16552.2540576665,"['Maintain continuous security monitoring', 'Ensure robust security hygiene', 'Conduct employee security awareness training', 'Implement strong email filtering', 'Regularly review access controls']"
unknown,0.9042692805633136,1,Unknown,[],[],0.9042692805633136,High,4521346.402816568,"['Enable Attack Surface Reduction (ASR) rules', 'Implement Local Administrator Password Solution (LAPS)', 'Ensure immutable and offline backups', 'Deploy Application Allowlisting', 'Isolate affected systems from network']"
unknown,0.9042692805633136,0,Unknown,[],[],0.9042692805633136,High,4521346.402816568,"['Enable Attack Surface Reduction (ASR) rules', 'Implement Local Administrator Password Solution (LAPS)', 'Ensure immutable and offline backups', 'Deploy Application Allowlisting', 'Isolate affected systems from network']"
unknown,0.9042692805633136,1,Unknown,[],[],0.9042692805633136,High,4521346.402816568,"['Enable Attack Surface Reduction (ASR) rules', 'Implement Local Administrator Password Solution (LAPS)', 'Ensure immutable and offline backups', 'Deploy Application Allowlisting', 'Isolate affected systems from network']"
unknown,0.9042692805633136,1,Unknown,[],[],0.9042692805633136,High,4521346.402816568,"['Enable Attack Surface Reduction (ASR) rules', 'Implement Local Administrator Password Solution (LAPS)', 'Ensure immutable and offline backups', 'Deploy Application Allowlisting', 'Isolate affected systems from network']"
unknown,0.0033104508115342,0,Unknown,[],[],0.0033104508115342,Low,16552.254057671,"['Maintain continuous security monitoring', 'Ensure robust security hygiene', 'Conduct employee security awareness training', 'Implement strong email filtering', 'Regularly review access controls']"
unknown,0.9042692805633136,1,Unknown,[],[],0.9042692805633136,High,4521346.402816568,"['Enable Attack Surface Reduction (ASR) rules', 'Implement Local Administrator Password Solution (LAPS)', 'Ensure immutable and offline backups', 'Deploy Application Allowlisting', 'Isolate affected systems from network']"
unknown,0.9042692805633136,1,Unknown,[],[],0.9042692805633136,High,4521346.402816568,"['Enable Attack Surface Reduction (ASR) rules', 'Implement Local Administrator Password Solution (LAPS)', 'Ensure immutable and offline backups', 'Deploy Application Allowlisting', 'Isolate affected systems from network']"
unknown,0.9042692805633136,0,Unknown,[],[],0.9042692805633136,High,4521346.402816568,"['Enable Attack Surface Reduction (ASR) rules', 'Implement Local Administrator Password Solution (LAPS)', 'Ensure immutable and offline backups', 'Deploy Application Allowlisting', 'Isolate affected systems from network']"
unknown,0.9042692805633136,1,Unknown,[],[],0.9042692805633136,High,4521346.402816568,"['Enable Attack Surface Reduction (ASR) rules', 'Implement Local Administrator Password Solution (LAPS)', 'Ensure immutable and offline backups', 'Deploy Application Allowlisting', 'Isolate affected systems from network']"
unknown,0.9042692805633136,0,Unknown,[],[],0.9042692805633136,High,4521346.402816568,"['Enable Attack Surface Reduction (ASR) rules', 'Implement Local Administrator Password Solution (LAPS)', 'Ensure immutable and offline backups', 'Deploy Application Allowlisting', 'Isolate affected systems from network']"
unknown,0.0033104508114889,0,Unknown,[],[],0.0033104508114889,Low,16552.2540574445,"['Maintain continuous security monitoring', 'Ensure robust security hygiene', 'Conduct employee security awareness training', 'Implement strong email filtering', 'Regularly review access controls']"
unknown,0.9042692805633136,0,Unknown,[],[],0.9042692805633136,High,4521346.402816568,"['Enable Attack Surface Reduction (ASR) rules', 'Implement Local Administrator Password Solution (LAPS)', 'Ensure immutable and offline backups', 'Deploy Application Allowlisting', 'Isolate affected systems from network']"
unknown,0.0033104508115333,0,Unknown,[],[],0.0033104508115333,Low,16552.2540576665,"['Maintain continuous security monitoring', 'Ensure robust security hygiene', 'Conduct employee security awareness training', 'Implement strong email filtering', 'Regularly review access controls']"
unknown,0.9042692805633136,1,Unknown,[],[],0.9042692805633136,High,4521346.402816568,"['Enable Attack Surface Reduction (ASR) rules', 'Implement Local Administrator Password Solution (LAPS)', 'Ensure immutable and offline backups', 'Deploy Application Allowlisting', 'Isolate affected systems from network']"
unknown,0.9042692805633136,1,Unknown,[],[],0.9042692805633136,High,4521346.402816568,"['Enable Attack Surface Reduction (ASR) rules', 'Implement Local Administrator Password Solution (LAPS)', 'Ensure immutable and offline backups', 'Deploy Application Allowlisting', 'Isolate affected systems from network']"
unknown,0.0033104508114552,0,Unknown,[],[],0.0033104508114552,Low,16552.254057276,"['Maintain continuous security monitoring', 'Ensure robust security hygiene', 'Conduct employee security awareness training', 'Implement strong email filtering', 'Regularly review access controls']"
unknown,0.9042692805633136,1,Unknown,[],[],0.9042692805633136,High,4521346.402816568,"['Enable Attack Surface Reduction (ASR) rules', 'Implement Local Administrator Password Solution (LAPS)', 'Ensure immutable and offline backups', 'Deploy Application Allowlisting', 'Isolate affected systems from network']"
unknown,0.9042692805633136,1,Unknown,[],[],0.9042692805633136,High,4521346.402816568,"['Enable Attack Surface Reduction (ASR) rules', 'Implement Local Administrator Password Solution (LAPS)', 'Ensure immutable and offline backups', 'Deploy Application Allowlisting', 'Isolate affected systems from network']"
unknown,0.0033104499674126,0,Unknown,[],[],0.0033104499674126,Low,16552.249837063002,"['Maintain continuous security monitoring', 'Ensure robust security hygiene', 'Conduct employee security awareness training', 'Implement strong email filtering', 'Regularly review access controls']"
realprotect,0.0033104508115293,0,GenericMalware,"['T1486', 'T1055', 'T1027']","['D3-BAC', 'D3-BDR', 'D3-SAW']",0.0033104508115293,Low,16552.2540576465,"['Maintain continuous security monitoring', 'Ensure robust security hygiene', 'Conduct employee security awareness training', 'Implement strong email filtering', 'Regularly review access controls']"
unknown,0.0033104508115333,0,Unknown,[],[],0.0033104508115333,Low,16552.2540576665,"['Maintain continuous security monitoring', 'Ensure robust security hygiene', 'Conduct employee security awareness training', 'Implement strong email filtering', 'Regularly review access controls']"
unknown,0.0033104508115333,0,Unknown,[],[],0.0033104508115333,Low,16552.2540576665,"['Maintain continuous security monitoring', 'Ensure robust security hygiene', 'Conduct employee security awareness training', 'Implement strong email filtering', 'Regularly review access controls']"
unknown,0.9042692805633136,0,Unknown,[],[],0.9042692805633136,High,4521346.402816568,"['Enable Attack Surface Reduction (ASR) rules', 'Implement Local Administrator Password Solution (LAPS)', 'Ensure immutable and offline backups', 'Deploy Application Allowlisting', 'Isolate affected systems from network']"
unknown,0.0033104508115333,0,Unknown,[],[],0.0033104508115333,Low,16552.2540576665,"['Maintain continuous security monitoring', 'Ensure robust security hygiene', 'Conduct employee security awareness training', 'Implement strong email filtering', 'Regularly review access controls']"
unknown,0.0033104508115333,0,Unknown,[],[],0.0033104508115333,Low,16552.2540576665,"['Maintain continuous security monitoring', 'Ensure robust security hygiene', 'Conduct employee security awareness training', 'Implement strong email filtering', 'Regularly review access controls']"
unknown,0.0033104508115309,0,Unknown,[],[],0.0033104508115309,Low,16552.2540576545,"['Maintain continuous security monitoring', 'Ensure robust security hygiene', 'Conduct employee security awareness training', 'Implement strong email filtering', 'Regularly review access controls']"
unknown,0.9042692805633136,0,Unknown,[],[],0.9042692805633136,High,4521346.402816568,"['Enable Attack Surface Reduction (ASR) rules', 'Implement Local Administrator Password Solution (LAPS)', 'Ensure immutable and offline backups', 'Deploy Application Allowlisting', 'Isolate affected systems from network']"
unknown,0.9042692805633136,0,Unknown,[],[],0.9042692805633136,High,4521346.402816568,"['Enable Attack Surface Reduction (ASR) rules', 'Implement Local Administrator Password Solution (LAPS)', 'Ensure immutable and offline backups', 'Deploy Application Allowlisting', 'Isolate affected systems from network']"
unknown,0.9042692805633136,0,Unknown,[],[],0.9042692805633136,High,4521346.402816568,"['Enable Attack Surface Reduction (ASR) rules', 'Implement Local Administrator Password Solution (LAPS)', 'Ensure immutable and offline backups', 'Deploy Application Allowlisting', 'Isolate affected systems from network']"
unknown,0.0033104508115294,0,Unknown,[],[],0.0033104508115294,Low,16552.254057647002,"['Maintain continuous security monitoring', 'Ensure robust security hygiene', 'Conduct employee security awareness training', 'Implement strong email filtering', 'Regularly review access controls']"
unknown,0.9042692805633136,1,Unknown,[],[],0.9042692805633136,High,4521346.402816568,"['Enable Attack Surface Reduction (ASR) rules', 'Implement Local Administrator Password Solution (LAPS)', 'Ensure immutable and offline backups', 'Deploy Application Allowlisting', 'Isolate affected systems from network']"
unknown,0.9042692805633136,0,Unknown,[],[],0.9042692805633136,High,4521346.402816568,"['Enable Attack Surface Reduction (ASR) rules', 'Implement Local Administrator Password Solution (LAPS)', 'Ensure immutable and offline backups', 'Deploy Application Allowlisting', 'Isolate affected systems from network']"
unknown,0.0033104508115309,0,Unknown,[],[],0.0033104508115309,Low,16552.2540576545,"['Maintain continuous security monitoring', 'Ensure robust security hygiene', 'Conduct employee security awareness training', 'Implement strong email filtering', 'Regularly review access controls']"
eorezo,0.0037873349811709,0,GenericMalware,"['T1486', 'T1055', 'T1027']","['D3-BAC', 'D3-BDR', 'D3-SAW']",0.0037873349811709,Low,18936.6749058545,"['Maintain continuous security monitoring', 'Ensure robust security hygiene', 'Conduct employee security awareness training', 'Implement strong email filtering', 'Regularly review access controls']"
unknown,0.0033104508115146,0,Unknown,[],[],0.0033104508115146,Low,16552.254057572998,"['Maintain continuous security monitoring', 'Ensure robust security hygiene', 'Conduct employee security awareness training', 'Implement strong email filtering', 'Regularly review access controls']"
wacatac,0.0033104508114785,0,Wacatac,"['T1486', 'T1055', 'T1027']","['D3-BAC', 'D3-BDR', 'D3-SAW']",0.0033104508114785,Low,16552.2540573925,"['Maintain continuous security monitoring', 'Ensure robust security hygiene', 'Conduct employee security awareness training', 'Implement strong email filtering', 'Regularly review access controls']"
unknown,0.0033104508114785,0,Unknown,[],[],0.0033104508114785,Low,16552.2540573925,"['Maintain continuous security monitoring', 'Ensure robust security hygiene', 'Conduct employee security awareness training', 'Implement strong email filtering', 'Regularly review access controls']"
unknown,0.9042692805633136,1,Unknown,[],[],0.9042692805633136,High,4521346.402816568,"['Enable Attack Surface Reduction (ASR) rules', 'Implement Local Administrator Password Solution (LAPS)', 'Ensure immutable and offline backups', 'Deploy Application Allowlisting', 'Isolate affected systems from network']"
unknown,0.0033104508115333,0,Unknown,[],[],0.0033104508115333,Low,16552.2540576665,"['Maintain continuous security monitoring', 'Ensure robust security hygiene', 'Conduct employee security awareness training', 'Implement strong email filtering', 'Regularly review access controls']"
unknown,0.9042692805633136,0,Unknown,[],[],0.9042692805633136,High,4521346.402816568,"['Enable Attack Surface Reduction (ASR) rules', 'Implement Local Administrator Password Solution (LAPS)', 'Ensure immutable and offline backups', 'Deploy Application Allowlisting', 'Isolate affected systems from network']"
unknown,0.9042692805633136,0,Unknown,[],[],0.9042692805633136,High,4521346.402816568,"['Enable Attack Surface Reduction (ASR) rules', 'Implement Local Administrator Password Solution (LAPS)', 'Ensure immutable and offline backups', 'Deploy Application Allowlisting', 'Isolate affected systems from network']"
unknown,0.0033104508115333,0,Unknown,[],[],0.0033104508115333,Low,16552.2540576665,"['Maintain continuous security monitoring', 'Ensure robust security hygiene', 'Conduct employee security awareness training', 'Implement strong email filtering', 'Regularly review access controls']"
unknown,0.0033104508115333,0,Unknown,[],[],0.0033104508115333,Low,16552.2540576665,"['Maintain continuous security monitoring', 'Ensure robust security hygiene', 'Conduct employee security awareness training', 'Implement strong email filtering', 'Regularly review access controls']"
unknown,0.0033104508115333,0,Unknown,[],[],0.0033104508115333,Low,16552.2540576665,"['Maintain continuous security monitoring', 'Ensure robust security hygiene', 'Conduct employee security awareness training', 'Implement strong email filtering', 'Regularly review access controls']"
unknown,0.9042692805633136,0,Unknown,[],[],0.9042692805633136,High,4521346.402816568,"['Enable Attack Surface Reduction (ASR) rules', 'Implement Local Administrator Password Solution (LAPS)', 'Ensure immutable and offline backups', 'Deploy Application Allowlisting', 'Isolate affected systems from network']"
berbew,0.0033104508115333,0,Berbew,"['T1486', 'T1055', 'T1027']","['D3-BAC', 'D3-BDR', 'D3-SAW']",0.0033104508115333,Low,16552.2540576665,"['Maintain continuous security monitoring', 'Ensure robust security hygiene', 'Conduct employee security awareness training', 'Implement strong email filtering', 'Regularly review access controls']"
unknown,0.9042692805633136,0,Unknown,[],[],0.9042692805633136,High,4521346.402816568,"['Enable Attack Surface Reduction (ASR) rules', 'Implement Local Administrator Password Solution (LAPS)', 'Ensure immutable and offline backups', 'Deploy Application Allowlisting', 'Isolate affected systems from network']"
unknown,0.9042692805633136,1,Unknown,[],[],0.9042692805633136,High,4521346.402816568,"['Enable Attack Surface Reduction (ASR) rules', 'Implement Local Administrator Password Solution (LAPS)', 'Ensure immutable and offline backups', 'Deploy Application Allowlisting', 'Isolate affected systems from network']"
unknown,0.0033104508115318,0,Unknown,[],[],0.0033104508115318,Low,16552.254057659,"['Maintain continuous security monitoring', 'Ensure robust security hygiene', 'Conduct employee security awareness training', 'Implement strong email filtering', 'Regularly review access controls']"
unknown,0.0033104508115333,0,Unknown,[],[],0.0033104508115333,Low,16552.2540576665,"['Maintain continuous security monitoring', 'Ensure robust security hygiene', 'Conduct employee security awareness training', 'Implement strong email filtering', 'Regularly review access controls']"
shipshape,0.0033104508115225,0,ShipShape,"['T1486', 'T1055', 'T1027']","['D3-BAC', 'D3-BDR', 'D3-SAW']",0.0033104508115225,Low,16552.2540576125,"['Maintain continuous security monitoring', 'Ensure robust security hygiene', 'Conduct employee security awareness training', 'Implement strong email filtering', 'Regularly review access controls']"
unknown,0.9042692805633136,1,Unknown,[],[],0.9042692805633136,High,4521346.402816568,"['Enable Attack Surface Reduction (ASR) rules', 'Implement Local Administrator Password Solution (LAPS)', 'Ensure immutable and offline backups', 'Deploy Application Allowlisting', 'Isolate affected systems from network']"
unknown,0.9042692805633136,1,Unknown,[],[],0.9042692805633136,High,4521346.402816568,"['Enable Attack Surface Reduction (ASR) rules', 'Implement Local Administrator Password Solution (LAPS)', 'Ensure immutable and offline backups', 'Deploy Application Allowlisting', 'Isolate affected systems from network']"
unknown,0.9042692805633136,1,Unknown,[],[],0.9042692805633136,High,4521346.402816568,"['Enable Attack Surface Reduction (ASR) rules', 'Implement Local Administrator Password Solution (LAPS)', 'Ensure immutable and offline backups', 'Deploy Application Allowlisting', 'Isolate affected systems from network']"
unknown,0.9042692805633136,1,Unknown,[],[],0.9042692805633136,High,4521346.402816568,"['Enable Attack Surface Reduction (ASR) rules', 'Implement Local Administrator Password Solution (LAPS)', 'Ensure immutable and offline backups', 'Deploy Application Allowlisting', 'Isolate affected systems from network']"
unknown,0.0033104508115333,0,Unknown,[],[],0.0033104508115333,Low,16552.2540576665,"['Maintain continuous security monitoring', 'Ensure robust security hygiene', 'Conduct employee security awareness training', 'Implement strong email filtering', 'Regularly review access controls']"
unknown,0.0033104508115333,0,Unknown,[],[],0.0033104508115333,Low,16552.2540576665,"['Maintain continuous security monitoring', 'Ensure robust security hygiene', 'Conduct employee security awareness training', 'Implement strong email filtering', 'Regularly review access controls']"
unknown,0.0033104508115333,0,Unknown,[],[],0.0033104508115333,Low,16552.2540576665,"['Maintain continuous security monitoring', 'Ensure robust security hygiene', 'Conduct employee security awareness training', 'Implement strong email filtering', 'Regularly review access controls']"
unknown,0.0033104508115333,0,Unknown,[],[],0.0033104508115333,Low,16552.2540576665,"['Maintain continuous security monitoring', 'Ensure robust security hygiene', 'Conduct employee security awareness training', 'Implement strong email filtering', 'Regularly review access controls']"
unknown,0.0033104508115333,0,Unknown,[],[],0.0033104508115333,Low,16552.2540576665,"['Maintain continuous security monitoring', 'Ensure robust security hygiene', 'Conduct employee security awareness training', 'Implement strong email filtering', 'Regularly review access controls']"
unknown,0.9042692805633136,1,Unknown,[],[],0.9042692805633136,High,4521346.402816568,"['Enable Attack Surface Reduction (ASR) rules', 'Implement Local Administrator Password Solution (LAPS)', 'Ensure immutable and offline backups', 'Deploy Application Allowlisting', 'Isolate affected systems from network']"
unknown,0.9042692805633136,0,Unknown,[],[],0.9042692805633136,High,4521346.402816568,"['Enable Attack Surface Reduction (ASR) rules', 'Implement Local Administrator Password Solution (LAPS)', 'Ensure immutable and offline backups', 'Deploy Application Allowlisting', 'Isolate affected systems from network']"
unknown,0.0033104508115333,0,Unknown,[],[],0.0033104508115333,Low,16552.2540576665,"['Maintain continuous security monitoring', 'Ensure robust security hygiene', 'Conduct employee security awareness training', 'Implement strong email filtering', 'Regularly review access controls']"
unknown,0.9042692805633136,1,Unknown,[],[],0.9042692805633136,High,4521346.402816568,"['Enable Attack Surface Reduction (ASR) rules', 'Implement Local Administrator Password Solution (LAPS)', 'Ensure immutable and offline backups', 'Deploy Application Allowlisting', 'Isolate affected systems from network']"
unknown,0.9042692805633136,0,Unknown,[],[],0.9042692805633136,High,4521346.402816568,"['Enable Attack Surface Reduction (ASR) rules', 'Implement Local Administrator Password Solution (LAPS)', 'Ensure immutable and offline backups', 'Deploy Application Allowlisting', 'Isolate affected systems from network']"
unknown,0.0033104508115333,0,Unknown,[],[],0.0033104508115333,Low,16552.2540576665,"['Maintain continuous security monitoring', 'Ensure robust security hygiene', 'Conduct employee security awareness training', 'Implement strong email filtering', 'Regularly review access controls']"
unknown,0.0033104508115333,0,Unknown,[],[],0.0033104508115333,Low,16552.2540576665,"['Maintain continuous security monitoring', 'Ensure robust security hygiene', 'Conduct employee security awareness training', 'Implement strong email filtering', 'Regularly review access controls']"
expiro,0.0033104508115309,0,Expiro,"['T1486', 'T1055', 'T1027']","['D3-BAC', 'D3-BDR', 'D3-SAW']",0.0033104508115309,Low,16552.2540576545,"['Maintain continuous security monitoring', 'Ensure robust security hygiene', 'Conduct employee security awareness training', 'Implement strong email filtering', 'Regularly review access controls']"
unknown,0.0033104508115225,0,Unknown,[],[],0.0033104508115225,Low,16552.2540576125,"['Maintain continuous security monitoring', 'Ensure robust security hygiene', 'Conduct employee security awareness training', 'Implement strong email filtering', 'Regularly review access controls']"
unknown,0.9042692805633136,1,Unknown,[],[],0.9042692805633136,High,4521346.402816568,"['Enable Attack Surface Reduction (ASR) rules', 'Implement Local Administrator Password Solution (LAPS)', 'Ensure immutable and offline backups', 'Deploy Application Allowlisting', 'Isolate affected systems from network']"
unknown,0.9042692805633136,1,Unknown,[],[],0.9042692805633136,High,4521346.402816568,"['Enable Attack Surface Reduction (ASR) rules', 'Implement Local Administrator Password Solution (LAPS)', 'Ensure immutable and offline backups', 'Deploy Application Allowlisting', 'Isolate affected systems from network']"
unknown,0.9042692805633136,0,Unknown,[],[],0.9042692805633136,High,4521346.402816568,"['Enable Attack Surface Reduction (ASR) rules', 'Implement Local Administrator Password Solution (LAPS)', 'Ensure immutable and offline backups', 'Deploy Application Allowlisting', 'Isolate affected systems from network']"
unknown,0.9042692805633136,1,Unknown,[],[],0.9042692805633136,High,4521346.402816568,"['Enable Attack Surface Reduction (ASR) rules', 'Implement Local Administrator Password Solution (LAPS)', 'Ensure immutable and offline backups', 'Deploy Application Allowlisting', 'Isolate affected systems from network']"
unknown,0.9042692805633136,1,Unknown,[],[],0.9042692805633136,High,4521346.402816568,"['Enable Attack Surface Reduction (ASR) rules', 'Implement Local Administrator Password Solution (LAPS)', 'Ensure immutable and offline backups', 'Deploy Application Allowlisting', 'Isolate affected systems from network']"
unknown,0.9042692805633136,1,Unknown,[],[],0.9042692805633136,High,4521346.402816568,"['Enable Attack Surface Reduction (ASR) rules', 'Implement Local Administrator Password Solution (LAPS)', 'Ensure immutable and offline backups', 'Deploy Application Allowlisting', 'Isolate affected systems from network']"
bedep,0.0033104508115271,0,Bedep,"['T1486', 'T1055', 'T1027']","['D3-BAC', 'D3-BDR', 'D3-SAW']",0.0033104508115271,Low,16552.2540576355,"['Maintain continuous security monitoring', 'Ensure robust security hygiene', 'Conduct employee security awareness training', 'Implement strong email filtering', 'Regularly review access controls']"
unknown,0.9042692805633136,0,Unknown,[],[],0.9042692805633136,High,4521346.402816568,"['Enable Attack Surface Reduction (ASR) rules', 'Implement Local Administrator Password Solution (LAPS)', 'Ensure immutable and offline backups', 'Deploy Application Allowlisting', 'Isolate affected systems from network']"
unknown,0.9042692805633136,0,Unknown,[],[],0.9042692805633136,High,4521346.402816568,"['Enable Attack Surface Reduction (ASR) rules', 'Implement Local Administrator Password Solution (LAPS)', 'Ensure immutable and offline backups', 'Deploy Application Allowlisting', 'Isolate affected systems from network']"
unknown,0.9042692805633136,1,Unknown,[],[],0.9042692805633136,High,4521346.402816568,"['Enable Attack Surface Reduction (ASR) rules', 'Implement Local Administrator Password Solution (LAPS)', 'Ensure immutable and offline backups', 'Deploy Application Allowlisting', 'Isolate affected systems from network']"
unknown,0.9042692805633136,1,Unknown,[],[],0.9042692805633136,High,4521346.402816568,"['Enable Attack Surface Reduction (ASR) rules', 'Implement Local Administrator Password Solution (LAPS)', 'Ensure immutable and offline backups', 'Deploy Application Allowlisting', 'Isolate affected systems from network']"
wacatac,0.0033104508115271,0,Wacatac,"['T1486', 'T1055', 'T1027']","['D3-BAC', 'D3-BDR', 'D3-SAW']",0.0033104508115271,Low,16552.2540576355,"['Maintain continuous security monitoring', 'Ensure robust security hygiene', 'Conduct employee security awareness training', 'Implement strong email filtering', 'Regularly review access controls']"
cosmu,0.0033104508115333,0,Cosmu,"['T1486', 'T1055', 'T1027']","['D3-BAC', 'D3-BDR', 'D3-SAW']",0.0033104508115333,Low,16552.2540576665,"['Maintain continuous security monitoring', 'Ensure robust security hygiene', 'Conduct employee security awareness training', 'Implement strong email filtering', 'Regularly review access controls']"
unknown,0.9042692805633136,0,Unknown,[],[],0.9042692805633136,High,4521346.402816568,"['Enable Attack Surface Reduction (ASR) rules', 'Implement Local Administrator Password Solution (LAPS)', 'Ensure immutable and offline backups', 'Deploy Application Allowlisting', 'Isolate affected systems from network']"
unknown,0.0033104508115046,0,Unknown,[],[],0.0033104508115046,Low,16552.254057523,"['Maintain continuous security monitoring', 'Ensure robust security hygiene', 'Conduct employee security awareness training', 'Implement strong email filtering', 'Regularly review access controls']"
unknown,0.0033104508115201,0,Unknown,[],[],0.0033104508115201,Low,16552.2540576005,"['Maintain continuous security monitoring', 'Ensure robust security hygiene', 'Conduct employee security awareness training', 'Implement strong email filtering', 'Regularly review access controls']"
unknown,0.9042692805633136,1,Unknown,[],[],0.9042692805633136,High,4521346.402816568,"['Enable Attack Surface Reduction (ASR) rules', 'Implement Local Administrator Password Solution (LAPS)', 'Ensure immutable and offline backups', 'Deploy Application Allowlisting', 'Isolate affected systems from network']"
unknown,0.0033104508115333,0,Unknown,[],[],0.0033104508115333,Low,16552.2540576665,"['Maintain continuous security monitoring', 'Ensure robust security hygiene', 'Conduct employee security awareness training', 'Implement strong email filtering', 'Regularly review access controls']"
unknown,0.0033104508115201,0,Unknown,[],[],0.0033104508115201,Low,16552.2540576005,"['Maintain continuous security monitoring', 'Ensure robust security hygiene', 'Conduct employee security awareness training', 'Implement strong email filtering', 'Regularly review access controls']"
unknown,0.0033104508115868,0,Unknown,[],[],0.0033104508115868,Low,16552.254057934,"['Maintain continuous security monitoring', 'Ensure robust security hygiene', 'Conduct employee security awareness training', 'Implement strong email filtering', 'Regularly review access controls']"
xmrig,0.0033104508115333,0,XMRig,"['T1055', 'T1027', 'T1059']","['D3-AL', 'D3-CR', 'D3-SAW']",0.0033104508115333,Low,16552.2540576665,"['Maintain continuous security monitoring', 'Ensure robust security hygiene', 'Conduct employee security awareness training', 'Implement strong email filtering', 'Regularly review access controls']"
crifi,0.0033104508115333,0,GenericMalware,"['T1486', 'T1055', 'T1027']","['D3-BAC', 'D3-BDR', 'D3-SAW']",0.0033104508115333,Low,16552.2540576665,"['Maintain continuous security monitoring', 'Ensure robust security hygiene', 'Conduct employee security awareness training', 'Implement strong email filtering', 'Regularly review access controls']"
unknown,0.9042692805633136,0,Unknown,[],[],0.9042692805633136,High,4521346.402816568,"['Enable Attack Surface Reduction (ASR) rules', 'Implement Local Administrator Password Solution (LAPS)', 'Ensure immutable and offline backups', 'Deploy Application Allowlisting', 'Isolate affected systems from network']"
unknown,0.0033104499672667,0,Unknown,[],[],0.0033104499672667,Low,16552.2498363335,"['Maintain continuous security monitoring', 'Ensure robust security hygiene', 'Conduct employee security awareness training', 'Implement strong email filtering', 'Regularly review access controls']"
unknown,0.0033104508115333,0,Unknown,[],[],0.0033104508115333,Low,16552.2540576665,"['Maintain continuous security monitoring', 'Ensure robust security hygiene', 'Conduct employee security awareness training', 'Implement strong email filtering', 'Regularly review access controls']"
unknown,0.9042692805633136,1,Unknown,[],[],0.9042692805633136,High,4521346.402816568,"['Enable Attack Surface Reduction (ASR) rules', 'Implement Local Administrator Password Solution (LAPS)', 'Ensure immutable and offline backups', 'Deploy Application Allowlisting', 'Isolate affected systems from network']"
unknown,0.9042692805633136,0,Unknown,[],[],0.9042692805633136,High,4521346.402816568,"['Enable Attack Surface Reduction (ASR) rules', 'Implement Local Administrator Password Solution (LAPS)', 'Ensure immutable and offline backups', 'Deploy Application Allowlisting', 'Isolate affected systems from network']"
unknown,0.9042692805633136,0,Unknown,[],[],0.9042692805633136,High,4521346.402816568,"['Enable Attack Surface Reduction (ASR) rules', 'Implement Local Administrator Password Solution (LAPS)', 'Ensure immutable and offline backups', 'Deploy Application Allowlisting', 'Isolate affected systems from network']"
unknown,0.9042692805633136,1,Unknown,[],[],0.9042692805633136,High,4521346.402816568,"['Enable Attack Surface Reduction (ASR) rules', 'Implement Local Administrator Password Solution (LAPS)', 'Ensure immutable and offline backups', 'Deploy Application Allowlisting', 'Isolate affected systems from network']"
unknown,0.9042692805633136,0,Unknown,[],[],0.9042692805633136,High,4521346.402816568,"['Enable Attack Surface Reduction (ASR) rules', 'Implement Local Administrator Password Solution (LAPS)', 'Ensure immutable and offline backups', 'Deploy Application Allowlisting', 'Isolate affected systems from network']"
unknown,0.9042692805633136,1,Unknown,[],[],0.9042692805633136,High,4521346.402816568,"['Enable Attack Surface Reduction (ASR) rules', 'Implement Local Administrator Password Solution (LAPS)', 'Ensure immutable and offline backups', 'Deploy Application Allowlisting', 'Isolate affected systems from network']"
unknown,0.9042692805633136,0,Unknown,[],[],0.9042692805633136,High,4521346.402816568,"['Enable Attack Surface Reduction (ASR) rules', 'Implement Local Administrator Password Solution (LAPS)', 'Ensure immutable and offline backups', 'Deploy Application Allowlisting', 'Isolate affected systems from network']"
unknown,0.0033104508115309,0,Unknown,[],[],0.0033104508115309,Low,16552.2540576545,"['Maintain continuous security monitoring', 'Ensure robust security hygiene', 'Conduct employee security awareness training', 'Implement strong email filtering', 'Regularly review access controls']"
unknown,0.9042692805633136,1,Unknown,[],[],0.9042692805633136,High,4521346.402816568,"['Enable Attack Surface Reduction (ASR) rules', 'Implement Local Administrator Password Solution (LAPS)', 'Ensure immutable and offline backups', 'Deploy Application Allowlisting', 'Isolate affected systems from network']"
unknown,0.9042692805633136,0,Unknown,[],[],0.9042692805633136,High,4521346.402816568,"['Enable Attack Surface Reduction (ASR) rules', 'Implement Local Administrator Password Solution (LAPS)', 'Ensure immutable and offline backups', 'Deploy Application Allowlisting', 'Isolate affected systems from network']"
goshell,0.0033104508115061,0,GoShell,"['T1486', 'T1055', 'T1027']","['D3-BAC', 'D3-BDR', 'D3-SAW']",0.0033104508115061,Low,16552.2540575305,"['Maintain continuous security monitoring', 'Ensure robust security hygiene', 'Conduct employee security awareness training', 'Implement strong email filtering', 'Regularly review access controls']"
urelas,0.0033104508115333,0,Urelas,"['T1486', 'T1055', 'T1027']","['D3-BAC', 'D3-BDR', 'D3-SAW']",0.0033104508115333,Low,16552.2540576665,"['Maintain continuous security monitoring', 'Ensure robust security hygiene', 'Conduct employee security awareness training', 'Implement strong email filtering', 'Regularly review access controls']"
upatre,0.0033104508115869,0,Upatre,"['T1486', 'T1055', 'T1027']","['D3-BAC', 'D3-BDR', 'D3-SAW']",0.0033104508115869,Low,16552.2540579345,"['Maintain continuous security monitoring', 'Ensure robust security hygiene', 'Conduct employee security awareness training', 'Implement strong email filtering', 'Regularly review access controls']"
unknown,0.9042692805633136,0,Unknown,[],[],0.9042692805633136,High,4521346.402816568,"['Enable Attack Surface Reduction (ASR) rules', 'Implement Local Administrator Password Solution (LAPS)', 'Ensure immutable and offline backups', 'Deploy Application Allowlisting', 'Isolate affected systems from network']"
unknown,0.9042692805633136,0,Unknown,[],[],0.9042692805633136,High,4521346.402816568,"['Enable Attack Surface Reduction (ASR) rules', 'Implement Local Administrator Password Solution (LAPS)', 'Ensure immutable and offline backups', 'Deploy Application Allowlisting', 'Isolate affected systems from network']"
unknown,0.0033104508115333,0,Unknown,[],[],0.0033104508115333,Low,16552.2540576665,"['Maintain continuous security monitoring', 'Ensure robust security hygiene', 'Conduct employee security awareness training', 'Implement strong email filtering', 'Regularly review access controls']"
unknown,0.0033104508115333,0,Unknown,[],[],0.0033104508115333,Low,16552.2540576665,"['Maintain continuous security monitoring', 'Ensure robust security hygiene', 'Conduct employee security awareness training', 'Implement strong email filtering', 'Regularly review access controls']"
unknown,0.9042692805633136,1,Unknown,[],[],0.9042692805633136,High,4521346.402816568,"['Enable Attack Surface Reduction (ASR) rules', 'Implement Local Administrator Password Solution (LAPS)', 'Ensure immutable and offline backups', 'Deploy Application Allowlisting', 'Isolate affected systems from network']"
unknown,0.9042692805633136,0,Unknown,[],[],0.9042692805633136,High,4521346.402816568,"['Enable Attack Surface Reduction (ASR) rules', 'Implement Local Administrator Password Solution (LAPS)', 'Ensure immutable and offline backups', 'Deploy Application Allowlisting', 'Isolate affected systems from network']"
unknown,0.9042692805633136,1,Unknown,[],[],0.9042692805633136,High,4521346.402816568,"['Enable Attack Surface Reduction (ASR) rules', 'Implement Local Administrator Password Solution (LAPS)', 'Ensure immutable and offline backups', 'Deploy Application Allowlisting', 'Isolate affected systems from network']"
unknown,0.0033104508115333,0,Unknown,[],[],0.0033104508115333,Low,16552.2540576665,"['Maintain continuous security monitoring', 'Ensure robust security hygiene', 'Conduct employee security awareness training', 'Implement strong email filtering', 'Regularly review access controls']"
berbew,0.0033104508115333,0,Berbew,"['T1486', 'T1055', 'T1027']","['D3-BAC', 'D3-BDR', 'D3-SAW']",0.0033104508115333,Low,16552.2540576665,"['Maintain continuous security monitoring', 'Ensure robust security hygiene', 'Conduct employee security awareness training', 'Implement strong email filtering', 'Regularly review access controls']"
unknown,0.9042692805633136,1,Unknown,[],[],0.9042692805633136,High,4521346.402816568,"['Enable Attack Surface Reduction (ASR) rules', 'Implement Local Administrator Password Solution (LAPS)', 'Ensure immutable and offline backups', 'Deploy Application Allowlisting', 'Isolate affected systems from network']"
unknown,0.9042692805633136,0,Unknown,[],[],0.9042692805633136,High,4521346.402816568,"['Enable Attack Surface Reduction (ASR) rules', 'Implement Local Administrator Password Solution (LAPS)', 'Ensure immutable and offline backups', 'Deploy Application Allowlisting', 'Isolate affected systems from network']"
unknown,0.9042692805633136,1,Unknown,[],[],0.9042692805633136,High,4521346.402816568,"['Enable Attack Surface Reduction (ASR) rules', 'Implement Local Administrator Password Solution (LAPS)', 'Ensure immutable and offline backups', 'Deploy Application Allowlisting', 'Isolate affected systems from network']"
unknown,0.9042692805633136,0,Unknown,[],[],0.9042692805633136,High,4521346.402816568,"['Enable Attack Surface Reduction (ASR) rules', 'Implement Local Administrator Password Solution (LAPS)', 'Ensure immutable and offline backups', 'Deploy Application Allowlisting', 'Isolate affected systems from network']"
unknown,0.9042692805633136,1,Unknown,[],[],0.9042692805633136,High,4521346.402816568,"['Enable Attack Surface Reduction (ASR) rules', 'Implement Local Administrator Password Solution (LAPS)', 'Ensure immutable and offline backups', 'Deploy Application Allowlisting', 'Isolate affected systems from network']"
flystudio,0.0033104508115309,0,FlyStudio,"['T1486', 'T1055', 'T1027']","['D3-BAC', 'D3-BDR', 'D3-SAW']",0.0033104508115309,Low,16552.2540576545,"['Maintain continuous security monitoring', 'Ensure robust security hygiene', 'Conduct employee security awareness training', 'Implement strong email filtering', 'Regularly review access controls']"
unknown,0.9042692805633136,1,Unknown,[],[],0.9042692805633136,High,4521346.402816568,"['Enable Attack Surface Reduction (ASR) rules', 'Implement Local Administrator Password Solution (LAPS)', 'Ensure immutable and offline backups', 'Deploy Application Allowlisting', 'Isolate affected systems from network']"
unknown,0.9042692805633136,0,Unknown,[],[],0.9042692805633136,High,4521346.402816568,"['Enable Attack Surface Reduction (ASR) rules', 'Implement Local Administrator Password Solution (LAPS)', 'Ensure immutable and offline backups', 'Deploy Application Allowlisting', 'Isolate affected systems from network']"
unknown,0.9042692805633136,1,Unknown,[],[],0.9042692805633136,High,4521346.402816568,"['Enable Attack Surface Reduction (ASR) rules', 'Implement Local Administrator Password Solution (LAPS)', 'Ensure immutable and offline backups', 'Deploy Application Allowlisting', 'Isolate affected systems from network']"
unknown,0.0033104508115333,0,Unknown,[],[],0.0033104508115333,Low,16552.2540576665,"['Maintain continuous security monitoring', 'Ensure robust security hygiene', 'Conduct employee security awareness training', 'Implement strong email filtering', 'Regularly review access controls']"
bedep,0.0033104508115333,0,Bedep,"['T1486', 'T1055', 'T1027']","['D3-BAC', 'D3-BDR', 'D3-SAW']",0.0033104508115333,Low,16552.2540576665,"['Maintain continuous security monitoring', 'Ensure robust security hygiene', 'Conduct employee security awareness training', 'Implement strong email filtering', 'Regularly review access controls']"
unknown,0.9042692805633136,0,Unknown,[],[],0.9042692805633136,High,4521346.402816568,"['Enable Attack Surface Reduction (ASR) rules', 'Implement Local Administrator Password Solution (LAPS)', 'Ensure immutable and offline backups', 'Deploy Application Allowlisting', 'Isolate affected systems from network']"
bedep,0.0033104508115309,0,Bedep,"['T1486', 'T1055', 'T1027']","['D3-BAC', 'D3-BDR', 'D3-SAW']",0.0033104508115309,Low,16552.2540576545,"['Maintain continuous security monitoring', 'Ensure robust security hygiene', 'Conduct employee security awareness training', 'Implement strong email filtering', 'Regularly review access controls']"
wacatac,0.0033104508115309,0,Wacatac,"['T1486', 'T1055', 'T1027']","['D3-BAC', 'D3-BDR', 'D3-SAW']",0.0033104508115309,Low,16552.2540576545,"['Maintain continuous security monitoring', 'Ensure robust security hygiene', 'Conduct employee security awareness training', 'Implement strong email filtering', 'Regularly review access controls']"
unknown,0.9042692805633136,1,Unknown,[],[],0.9042692805633136,High,4521346.402816568,"['Enable Attack Surface Reduction (ASR) rules', 'Implement Local Administrator Password Solution (LAPS)', 'Ensure immutable and offline backups', 'Deploy Application Allowlisting', 'Isolate affected systems from network']"
unknown,0.9042692805633136,1,Unknown,[],[],0.9042692805633136,High,4521346.402816568,"['Enable Attack Surface Reduction (ASR) rules', 'Implement Local Administrator Password Solution (LAPS)', 'Ensure immutable and offline backups', 'Deploy Application Allowlisting', 'Isolate affected systems from network']"
unknown,0.0033104508115333,0,Unknown,[],[],0.0033104508115333,Low,16552.2540576665,"['Maintain continuous security monitoring', 'Ensure robust security hygiene', 'Conduct employee security awareness training', 'Implement strong email filtering', 'Regularly review access controls']"
unknown,0.9042692805633136,0,Unknown,[],[],0.9042692805633136,High,4521346.402816568,"['Enable Attack Surface Reduction (ASR) rules', 'Implement Local Administrator Password Solution (LAPS)', 'Ensure immutable and offline backups', 'Deploy Application Allowlisting', 'Isolate affected systems from network']"
unknown,0.9042692805633136,0,Unknown,[],[],0.9042692805633136,High,4521346.402816568,"['Enable Attack Surface Reduction (ASR) rules', 'Implement Local Administrator Password Solution (LAPS)', 'Ensure immutable and offline backups', 'Deploy Application Allowlisting', 'Isolate affected systems from network']"
berbew,0.0033104508115333,0,Berbew,"['T1486', 'T1055', 'T1027']","['D3-BAC', 'D3-BDR', 'D3-SAW']",0.0033104508115333,Low,16552.2540576665,"['Maintain continuous security monitoring', 'Ensure robust security hygiene', 'Conduct employee security awareness training', 'Implement strong email filtering', 'Regularly review access controls']"
unknown,0.9042692805633136,1,Unknown,[],[],0.9042692805633136,High,4521346.402816568,"['Enable Attack Surface Reduction (ASR) rules', 'Implement Local Administrator Password Solution (LAPS)', 'Ensure immutable and offline backups', 'Deploy Application Allowlisting', 'Isolate affected systems from network']"
unknown,0.9042692805633136,1,Unknown,[],[],0.9042692805633136,High,4521346.402816568,"['Enable Attack Surface Reduction (ASR) rules', 'Implement Local Administrator Password Solution (LAPS)', 'Ensure immutable and offline backups', 'Deploy Application Allowlisting', 'Isolate affected systems from network']"
disin,0.0033104508114616,0,Disin,"['T1486', 'T1055', 'T1027']","['D3-BAC', 'D3-BDR', 'D3-SAW']",0.0033104508114616,Low,16552.254057308,"['Maintain continuous security monitoring', 'Ensure robust security hygiene', 'Conduct employee security awareness training', 'Implement strong email filtering', 'Regularly review access controls']"
pkeylog,0.0033104508115333,0,GenericMalware,"['T1486', 'T1055', 'T1027']","['D3-BAC', 'D3-BDR', 'D3-SAW']",0.0033104508115333,Low,16552.2540576665,"['Maintain continuous security monitoring', 'Ensure robust security hygiene', 'Conduct employee security awareness training', 'Implement strong email filtering', 'Regularly review access controls']"
unknown,0.9042692805633136,0,Unknown,[],[],0.9042692805633136,High,4521346.402816568,"['Enable Attack Surface Reduction (ASR) rules', 'Implement Local Administrator Password Solution (LAPS)', 'Ensure immutable and offline backups', 'Deploy Application Allowlisting', 'Isolate affected systems from network']"
berbew,0.0033104508115333,0,Berbew,"['T1486', 'T1055', 'T1027']","['D3-BAC', 'D3-BDR', 'D3-SAW']",0.0033104508115333,Low,16552.2540576665,"['Maintain continuous security monitoring', 'Ensure robust security hygiene', 'Conduct employee security awareness training', 'Implement strong email filtering', 'Regularly review access controls']"
unknown,0.0033104508115333,0,Unknown,[],[],0.0033104508115333,Low,16552.2540576665,"['Maintain continuous security monitoring', 'Ensure robust security hygiene', 'Conduct employee security awareness training', 'Implement strong email filtering', 'Regularly review access controls']"
unknown,0.0033104508115309,0,Unknown,[],[],0.0033104508115309,Low,16552.2540576545,"['Maintain continuous security monitoring', 'Ensure robust security hygiene', 'Conduct employee security awareness training', 'Implement strong email filtering', 'Regularly review access controls']"
wacatac,0.003345437918551,0,Wacatac,"['T1486', 'T1055', 'T1027']","['D3-BAC', 'D3-BDR', 'D3-SAW']",0.003345437918551,Low,16727.189592755,"['Maintain continuous security monitoring', 'Ensure robust security hygiene', 'Conduct employee security awareness training', 'Implement strong email filtering', 'Regularly review access controls']"
unknown,0.0033104508115868,0,Unknown,[],[],0.0033104508115868,Low,16552.254057934,"['Maintain continuous security monitoring', 'Ensure robust security hygiene', 'Conduct employee security awareness training', 'Implement strong email filtering', 'Regularly review access controls']"
unknown,0.9042692805633136,1,Unknown,[],[],0.9042692805633136,High,4521346.402816568,"['Enable Attack Surface Reduction (ASR) rules', 'Implement Local Administrator Password Solution (LAPS)', 'Ensure immutable and offline backups', 'Deploy Application Allowlisting', 'Isolate affected systems from network']"
unknown,0.0033104508115333,0,Unknown,[],[],0.0033104508115333,Low,16552.2540576665,"['Maintain continuous security monitoring', 'Ensure robust security hygiene', 'Conduct employee security awareness training', 'Implement strong email filtering', 'Regularly review access controls']"
unknown,0.0033104508115205,0,Unknown,[],[],0.0033104508115205,Low,16552.2540576025,"['Maintain continuous security monitoring', 'Ensure robust security hygiene', 'Conduct employee security awareness training', 'Implement strong email filtering', 'Regularly review access controls']"
unknown,0.9042692805633136,0,Unknown,[],[],0.9042692805633136,High,4521346.402816568,"['Enable Attack Surface Reduction (ASR) rules', 'Implement Local Administrator Password Solution (LAPS)', 'Ensure immutable and offline backups', 'Deploy Application Allowlisting', 'Isolate affected systems from network']"
morgancatering,0.0033104508114897,0,GenericMalware,"['T1486', 'T1055', 'T1027']","['D3-BAC', 'D3-BDR', 'D3-SAW']",0.0033104508114897,Low,16552.2540574485,"['Maintain continuous security monitoring', 'Ensure robust security hygiene', 'Conduct employee security awareness training', 'Implement strong email filtering', 'Regularly review access controls']"
unknown,0.9042692805633136,0,Unknown,[],[],0.9042692805633136,High,4521346.402816568,"['Enable Attack Surface Reduction (ASR) rules', 'Implement Local Administrator Password Solution (LAPS)', 'Ensure immutable and offline backups', 'Deploy Application Allowlisting', 'Isolate affected systems from network']"
unknown,0.0033104508115201,0,Unknown,[],[],0.0033104508115201,Low,16552.2540576005,"['Maintain continuous security monitoring', 'Ensure robust security hygiene', 'Conduct employee security awareness training', 'Implement strong email filtering', 'Regularly review access controls']"
unknown,0.9042692805633136,1,Unknown,[],[],0.9042692805633136,High,4521346.402816568,"['Enable Attack Surface Reduction (ASR) rules', 'Implement Local Administrator Password Solution (LAPS)', 'Ensure immutable and offline backups', 'Deploy Application Allowlisting', 'Isolate affected systems from network']"
unknown,0.9042692805633136,0,Unknown,[],[],0.9042692805633136,High,4521346.402816568,"['Enable Attack Surface Reduction (ASR) rules', 'Implement Local Administrator Password Solution (LAPS)', 'Ensure immutable and offline backups', 'Deploy Application Allowlisting', 'Isolate affected systems from network']"
crifi,0.0033104508115333,0,GenericMalware,"['T1486', 'T1055', 'T1027']","['D3-BAC', 'D3-BDR', 'D3-SAW']",0.0033104508115333,Low,16552.2540576665,"['Maintain continuous security monitoring', 'Ensure robust security hygiene', 'Conduct employee security awareness training', 'Implement strong email filtering', 'Regularly review access controls']"
unknown,0.0033104508115294,0,Unknown,[],[],0.0033104508115294,Low,16552.254057647002,"['Maintain continuous security monitoring', 'Ensure robust security hygiene', 'Conduct employee security awareness training', 'Implement strong email filtering', 'Regularly review access controls']"
unknown,0.0033104508115333,0,Unknown,[],[],0.0033104508115333,Low,16552.2540576665,"['Maintain continuous security monitoring', 'Ensure robust security hygiene', 'Conduct employee security awareness training', 'Implement strong email filtering', 'Regularly review access controls']"
unknown,0.9042692805633136,1,Unknown,[],[],0.9042692805633136,High,4521346.402816568,"['Enable Attack Surface Reduction (ASR) rules', 'Implement Local Administrator Password Solution (LAPS)', 'Ensure immutable and offline backups', 'Deploy Application Allowlisting', 'Isolate affected systems from network']"
unknown,0.0033104508115333,0,Unknown,[],[],0.0033104508115333,Low,16552.2540576665,"['Maintain continuous security monitoring', 'Ensure robust security hygiene', 'Conduct employee security awareness training', 'Implement strong email filtering', 'Regularly review access controls']"
unknown,0.0033104508115333,0,Unknown,[],[],0.0033104508115333,Low,16552.2540576665,"['Maintain continuous security monitoring', 'Ensure robust security hygiene', 'Conduct employee security awareness training', 'Implement strong email filtering', 'Regularly review access controls']"
unknown,0.9042692805633136,1,Unknown,[],[],0.9042692805633136,High,4521346.402816568,"['Enable Attack Surface Reduction (ASR) rules', 'Implement Local Administrator Password Solution (LAPS)', 'Ensure immutable and offline backups', 'Deploy Application Allowlisting', 'Isolate affected systems from network']"
flystudio,0.0033104508114785,0,FlyStudio,"['T1486', 'T1055', 'T1027']","['D3-BAC', 'D3-BDR', 'D3-SAW']",0.0033104508114785,Low,16552.2540573925,"['Maintain continuous security monitoring', 'Ensure robust security hygiene', 'Conduct employee security awareness training', 'Implement strong email filtering', 'Regularly review access controls']"
unknown,0.0033104508115225,0,Unknown,[],[],0.0033104508115225,Low,16552.2540576125,"['Maintain continuous security monitoring', 'Ensure robust security hygiene', 'Conduct employee security awareness training', 'Implement strong email filtering', 'Regularly review access controls']"
unknown,0.0033104457881829,0,Unknown,[],[],0.0033104457881829,Low,16552.2289409145,"['Maintain continuous security monitoring', 'Ensure robust security hygiene', 'Conduct employee security awareness training', 'Implement strong email filtering', 'Regularly review access controls']"
unknown,0.9042692805633136,0,Unknown,[],[],0.9042692805633136,High,4521346.402816568,"['Enable Attack Surface Reduction (ASR) rules', 'Implement Local Administrator Password Solution (LAPS)', 'Ensure immutable and offline backups', 'Deploy Application Allowlisting', 'Isolate affected systems from network']"
unknown,0.9042692805633136,0,Unknown,[],[],0.9042692805633136,High,4521346.402816568,"['Enable Attack Surface Reduction (ASR) rules', 'Implement Local Administrator Password Solution (LAPS)', 'Ensure immutable and offline backups', 'Deploy Application Allowlisting', 'Isolate affected systems from network']"
unknown,0.9042692805633136,1,Unknown,[],[],0.9042692805633136,High,4521346.402816568,"['Enable Attack Surface Reduction (ASR) rules', 'Implement Local Administrator Password Solution (LAPS)', 'Ensure immutable and offline backups', 'Deploy Application Allowlisting', 'Isolate affected systems from network']"
unknown,0.9042692805633136,0,Unknown,[],[],0.9042692805633136,High,4521346.402816568,"['Enable Attack Surface Reduction (ASR) rules', 'Implement Local Administrator Password Solution (LAPS)', 'Ensure immutable and offline backups', 'Deploy Application Allowlisting', 'Isolate affected systems from network']"
unknown,0.9042692805633136,1,Unknown,[],[],0.9042692805633136,High,4521346.402816568,"['Enable Attack Surface Reduction (ASR) rules', 'Implement Local Administrator Password Solution (LAPS)', 'Ensure immutable and offline backups', 'Deploy Application Allowlisting', 'Isolate affected systems from network']"
unknown,0.0033104508115333,0,Unknown,[],[],0.0033104508115333,Low,16552.2540576665,"['Maintain continuous security monitoring', 'Ensure robust security hygiene', 'Conduct employee security awareness training', 'Implement strong email filtering', 'Regularly review access controls']"
unknown,0.0033104508115333,0,Unknown,[],[],0.0033104508115333,Low,16552.2540576665,"['Maintain continuous security monitoring', 'Ensure robust security hygiene', 'Conduct employee security awareness training', 'Implement strong email filtering', 'Regularly review access controls']"
unknown,0.9042692805633136,0,Unknown,[],[],0.9042692805633136,High,4521346.402816568,"['Enable Attack Surface Reduction (ASR) rules', 'Implement Local Administrator Password Solution (LAPS)', 'Ensure immutable and offline backups', 'Deploy Application Allowlisting', 'Isolate affected systems from network']"
qqrob,0.0033104508115294,0,GenericMalware,"['T1486', 'T1055', 'T1027']","['D3-BAC', 'D3-BDR', 'D3-SAW']",0.0033104508115294,Low,16552.254057647002,"['Maintain continuous security monitoring', 'Ensure robust security hygiene', 'Conduct employee security awareness training', 'Implement strong email filtering', 'Regularly review access controls']"
unknown,0.0033104508114824,0,Unknown,[],[],0.0033104508114824,Low,16552.254057412,"['Maintain continuous security monitoring', 'Ensure robust security hygiene', 'Conduct employee security awareness training', 'Implement strong email filtering', 'Regularly review access controls']"
unknown,0.9042692805633136,1,Unknown,[],[],0.9042692805633136,High,4521346.402816568,"['Enable Attack Surface Reduction (ASR) rules', 'Implement Local Administrator Password Solution (LAPS)', 'Ensure immutable and offline backups', 'Deploy Application Allowlisting', 'Isolate affected systems from network']"
unknown,0.0033104508115201,0,Unknown,[],[],0.0033104508115201,Low,16552.2540576005,"['Maintain continuous security monitoring', 'Ensure robust security hygiene', 'Conduct employee security awareness training', 'Implement strong email filtering', 'Regularly review access controls']"
berbew,0.0033104457881829,0,Berbew,"['T1486', 'T1055', 'T1027']","['D3-BAC', 'D3-BDR', 'D3-SAW']",0.0033104457881829,Low,16552.2289409145,"['Maintain continuous security monitoring', 'Ensure robust security hygiene', 'Conduct employee security awareness training', 'Implement strong email filtering', 'Regularly review access controls']"
unknown,0.9042692805633136,0,Unknown,[],[],0.9042692805633136,High,4521346.402816568,"['Enable Attack Surface Reduction (ASR) rules', 'Implement Local Administrator Password Solution (LAPS)', 'Ensure immutable and offline backups', 'Deploy Application Allowlisting', 'Isolate affected systems from network']"
expiro,0.0033104508115333,0,Expiro,"['T1486', 'T1055', 'T1027']","['D3-BAC', 'D3-BDR', 'D3-SAW']",0.0033104508115333,Low,16552.2540576665,"['Maintain continuous security monitoring', 'Ensure robust security hygiene', 'Conduct employee security awareness training', 'Implement strong email filtering', 'Regularly review access controls']"
unknown,0.0033104508115333,0,Unknown,[],[],0.0033104508115333,Low,16552.2540576665,"['Maintain continuous security monitoring', 'Ensure robust security hygiene', 'Conduct employee security awareness training', 'Implement strong email filtering', 'Regularly review access controls']"
unknown,0.0033104508115333,0,Unknown,[],[],0.0033104508115333,Low,16552.2540576665,"['Maintain continuous security monitoring', 'Ensure robust security hygiene', 'Conduct employee security awareness training', 'Implement strong email filtering', 'Regularly review access controls']"
unknown,0.9042692805633136,0,Unknown,[],[],0.9042692805633136,High,4521346.402816568,"['Enable Attack Surface Reduction (ASR) rules', 'Implement Local Administrator Password Solution (LAPS)', 'Ensure immutable and offline backups', 'Deploy Application Allowlisting', 'Isolate affected systems from network']"
unknown,0.9042692805633136,1,Unknown,[],[],0.9042692805633136,High,4521346.402816568,"['Enable Attack Surface Reduction (ASR) rules', 'Implement Local Administrator Password Solution (LAPS)', 'Ensure immutable and offline backups', 'Deploy Application Allowlisting', 'Isolate affected systems from network']"
unknown,0.0033104508115333,0,Unknown,[],[],0.0033104508115333,Low,16552.2540576665,"['Maintain continuous security monitoring', 'Ensure robust security hygiene', 'Conduct employee security awareness training', 'Implement strong email filtering', 'Regularly review access controls']"
unknown,0.9042692805633136,1,Unknown,[],[],0.9042692805633136,High,4521346.402816568,"['Enable Attack Surface Reduction (ASR) rules', 'Implement Local Administrator Password Solution (LAPS)', 'Ensure immutable and offline backups', 'Deploy Application Allowlisting', 'Isolate affected systems from network']"
unknown,0.9042692805633136,1,Unknown,[],[],0.9042692805633136,High,4521346.402816568,"['Enable Attack Surface Reduction (ASR) rules', 'Implement Local Administrator Password Solution (LAPS)', 'Ensure immutable and offline backups', 'Deploy Application Allowlisting', 'Isolate affected systems from network']"
unknown,0.0033804806999925,0,Unknown,[],[],0.0033804806999925,Low,16902.4034999625,"['Maintain continuous security monitoring', 'Ensure robust security hygiene', 'Conduct employee security awareness training', 'Implement strong email filtering', 'Regularly review access controls']"
unknown,0.9042692805633136,0,Unknown,[],[],0.9042692805633136,High,4521346.402816568,"['Enable Attack Surface Reduction (ASR) rules', 'Implement Local Administrator Password Solution (LAPS)', 'Ensure immutable and offline backups', 'Deploy Application Allowlisting', 'Isolate affected systems from network']"
unknown,0.9042692805633136,1,Unknown,[],[],0.9042692805633136,High,4521346.402816568,"['Enable Attack Surface Reduction (ASR) rules', 'Implement Local Administrator Password Solution (LAPS)', 'Ensure immutable and offline backups', 'Deploy Application Allowlisting', 'Isolate affected systems from network']"
unknown,0.0033104508115333,0,Unknown,[],[],0.0033104508115333,Low,16552.2540576665,"['Maintain continuous security monitoring', 'Ensure robust security hygiene', 'Conduct employee security awareness training', 'Implement strong email filtering', 'Regularly review access controls']"
unknown,0.003310450811489,0,Unknown,[],[],0.003310450811489,Low,16552.254057445,"['Maintain continuous security monitoring', 'Ensure robust security hygiene', 'Conduct employee security awareness training', 'Implement strong email filtering', 'Regularly review access controls']"
unknown,0.0033104508115333,0,Unknown,[],[],0.0033104508115333,Low,16552.2540576665,"['Maintain continuous security monitoring', 'Ensure robust security hygiene', 'Conduct employee security awareness training', 'Implement strong email filtering', 'Regularly review access controls']"
unknown,0.0033104508115868,0,Unknown,[],[],0.0033104508115868,Low,16552.254057934,"['Maintain continuous security monitoring', 'Ensure robust security hygiene', 'Conduct employee security awareness training', 'Implement strong email filtering', 'Regularly review access controls']"
unknown,0.0033104508115061,0,Unknown,[],[],0.0033104508115061,Low,16552.2540575305,"['Maintain continuous security monitoring', 'Ensure robust security hygiene', 'Conduct employee security awareness training', 'Implement strong email filtering', 'Regularly review access controls']"
unknown,0.0033104508115058,0,Unknown,[],[],0.0033104508115058,Low,16552.254057529,"['Maintain continuous security monitoring', 'Ensure robust security hygiene', 'Conduct employee security awareness training', 'Implement strong email filtering', 'Regularly review access controls']"
upatre,0.0033104508115333,0,Upatre,"['T1486', 'T1055', 'T1027']","['D3-BAC', 'D3-BDR', 'D3-SAW']",0.0033104508115333,Low,16552.2540576665,"['Maintain continuous security monitoring', 'Ensure robust security hygiene', 'Conduct employee security awareness training', 'Implement strong email filtering', 'Regularly review access controls']"
unknown,0.0033104508115333,0,Unknown,[],[],0.0033104508115333,Low,16552.2540576665,"['Maintain continuous security monitoring', 'Ensure robust security hygiene', 'Conduct employee security awareness training', 'Implement strong email filtering', 'Regularly review access controls']"
unknown,0.9042692805633136,0,Unknown,[],[],0.9042692805633136,High,4521346.402816568,"['Enable Attack Surface Reduction (ASR) rules', 'Implement Local Administrator Password Solution (LAPS)', 'Ensure immutable and offline backups', 'Deploy Application Allowlisting', 'Isolate affected systems from network']"
unknown,0.9042692805633136,0,Unknown,[],[],0.9042692805633136,High,4521346.402816568,"['Enable Attack Surface Reduction (ASR) rules', 'Implement Local Administrator Password Solution (LAPS)', 'Ensure immutable and offline backups', 'Deploy Application Allowlisting', 'Isolate affected systems from network']"
unknown,0.0033104508115333,0,Unknown,[],[],0.0033104508115333,Low,16552.2540576665,"['Maintain continuous security monitoring', 'Ensure robust security hygiene', 'Conduct employee security awareness training', 'Implement strong email filtering', 'Regularly review access controls']"
unknown,0.9042692805633136,1,Unknown,[],[],0.9042692805633136,High,4521346.402816568,"['Enable Attack Surface Reduction (ASR) rules', 'Implement Local Administrator Password Solution (LAPS)', 'Ensure immutable and offline backups', 'Deploy Application Allowlisting', 'Isolate affected systems from network']"
unknown,0.9042692805633136,0,Unknown,[],[],0.9042692805633136,High,4521346.402816568,"['Enable Attack Surface Reduction (ASR) rules', 'Implement Local Administrator Password Solution (LAPS)', 'Ensure immutable and offline backups', 'Deploy Application Allowlisting', 'Isolate affected systems from network']"
unknown,0.9042692805633136,0,Unknown,[],[],0.9042692805633136,High,4521346.402816568,"['Enable Attack Surface Reduction (ASR) rules', 'Implement Local Administrator Password Solution (LAPS)', 'Ensure immutable and offline backups', 'Deploy Application Allowlisting', 'Isolate affected systems from network']"
fesber,0.0033104508115333,0,GenericMalware,"['T1486', 'T1055', 'T1027']","['D3-BAC', 'D3-BDR', 'D3-SAW']",0.0033104508115333,Low,16552.2540576665,"['Maintain continuous security monitoring', 'Ensure robust security hygiene', 'Conduct employee security awareness training', 'Implement strong email filtering', 'Regularly review access controls']"
redline,0.0033104508115333,0,RedLine,"['T1486', 'T1055', 'T1027']","['D3-BAC', 'D3-BDR', 'D3-SAW']",0.0033104508115333,Low,16552.2540576665,"['Maintain continuous security monitoring', 'Ensure robust security hygiene', 'Conduct employee security awareness training', 'Implement strong email filtering', 'Regularly review access controls']"
unknown,0.9042692805633136,1,Unknown,[],[],0.9042692805633136,High,4521346.402816568,"['Enable Attack Surface Reduction (ASR) rules', 'Implement Local Administrator Password Solution (LAPS)', 'Ensure immutable and offline backups', 'Deploy Application Allowlisting', 'Isolate affected systems from network']"
unknown,0.0033104508115205,0,Unknown,[],[],0.0033104508115205,Low,16552.2540576025,"['Maintain continuous security monitoring', 'Ensure robust security hygiene', 'Conduct employee security awareness training', 'Implement strong email filtering', 'Regularly review access controls']"
unknown,0.9042692805633136,0,Unknown,[],[],0.9042692805633136,High,4521346.402816568,"['Enable Attack Surface Reduction (ASR) rules', 'Implement Local Administrator Password Solution (LAPS)', 'Ensure immutable and offline backups', 'Deploy Application Allowlisting', 'Isolate affected systems from network']"
unknown,0.9042692805633136,0,Unknown,[],[],0.9042692805633136,High,4521346.402816568,"['Enable Attack Surface Reduction (ASR) rules', 'Implement Local Administrator Password Solution (LAPS)', 'Ensure immutable and offline backups', 'Deploy Application Allowlisting', 'Isolate affected systems from network']"
juched,0.0033104508115225,0,GenericMalware,"['T1486', 'T1055', 'T1027']","['D3-BAC', 'D3-BDR', 'D3-SAW']",0.0033104508115225,Low,16552.2540576125,"['Maintain continuous security monitoring', 'Ensure robust security hygiene', 'Conduct employee security awareness training', 'Implement strong email filtering', 'Regularly review access controls']"
unknown,0.9042692805633136,0,Unknown,[],[],0.9042692805633136,High,4521346.402816568,"['Enable Attack Surface Reduction (ASR) rules', 'Implement Local Administrator Password Solution (LAPS)', 'Ensure immutable and offline backups', 'Deploy Application Allowlisting', 'Isolate affected systems from network']"
unknown,0.0033104508115333,0,Unknown,[],[],0.0033104508115333,Low,16552.2540576665,"['Maintain continuous security monitoring', 'Ensure robust security hygiene', 'Conduct employee security awareness training', 'Implement strong email filtering', 'Regularly review access controls']"
unknown,0.9042692805633136,1,Unknown,[],[],0.9042692805633136,High,4521346.402816568,"['Enable Attack Surface Reduction (ASR) rules', 'Implement Local Administrator Password Solution (LAPS)', 'Ensure immutable and offline backups', 'Deploy Application Allowlisting', 'Isolate affected systems from network']"
unknown,0.9042692805633136,1,Unknown,[],[],0.9042692805633136,High,4521346.402816568,"['Enable Attack Surface Reduction (ASR) rules', 'Implement Local Administrator Password Solution (LAPS)', 'Ensure immutable and offline backups', 'Deploy Application Allowlisting', 'Isolate affected systems from network']"
unknown,0.9042692805633136,1,Unknown,[],[],0.9042692805633136,High,4521346.402816568,"['Enable Attack Surface Reduction (ASR) rules', 'Implement Local Administrator Password Solution (LAPS)', 'Ensure immutable and offline backups', 'Deploy Application Allowlisting', 'Isolate affected systems from network']"
unknown,0.0033104508116791,0,Unknown,[],[],0.0033104508116791,Low,16552.2540583955,"['Maintain continuous security monitoring', 'Ensure robust security hygiene', 'Conduct employee security awareness training', 'Implement strong email filtering', 'Regularly review access controls']"
unknown,0.0033104508115333,0,Unknown,[],[],0.0033104508115333,Low,16552.2540576665,"['Maintain continuous security monitoring', 'Ensure robust security hygiene', 'Conduct employee security awareness training', 'Implement strong email filtering', 'Regularly review access controls']"
sfone,0.0033104508115333,0,SFOne,"['T1486', 'T1055', 'T1027']","['D3-BAC', 'D3-BDR', 'D3-SAW']",0.0033104508115333,Low,16552.2540576665,"['Maintain continuous security monitoring', 'Ensure robust security hygiene', 'Conduct employee security awareness training', 'Implement strong email filtering', 'Regularly review access controls']"
upatre,0.003310449967819,0,Upatre,"['T1486', 'T1055', 'T1027']","['D3-BAC', 'D3-BDR', 'D3-SAW']",0.003310449967819,Low,16552.249839095,"['Maintain continuous security monitoring', 'Ensure robust security hygiene', 'Conduct employee security awareness training', 'Implement strong email filtering', 'Regularly review access controls']"
cosmu,0.003310450811531,0,Cosmu,"['T1486', 'T1055', 'T1027']","['D3-BAC', 'D3-BDR', 'D3-SAW']",0.003310450811531,Low,16552.254057654998,"['Maintain continuous security monitoring', 'Ensure robust security hygiene', 'Conduct employee security awareness training', 'Implement strong email filtering', 'Regularly review access controls']"
unknown,0.9042692805633136,1,Unknown,[],[],0.9042692805633136,High,4521346.402816568,"['Enable Attack Surface Reduction (ASR) rules', 'Implement Local Administrator Password Solution (LAPS)', 'Ensure immutable and offline backups', 'Deploy Application Allowlisting', 'Isolate affected systems from network']"
unknown,0.0033104508115225,0,Unknown,[],[],0.0033104508115225,Low,16552.2540576125,"['Maintain continuous security monitoring', 'Ensure robust security hygiene', 'Conduct employee security awareness training', 'Implement strong email filtering', 'Regularly review access controls']"
unknown,0.0033104508115333,0,Unknown,[],[],0.0033104508115333,Low,16552.2540576665,"['Maintain continuous security monitoring', 'Ensure robust security hygiene', 'Conduct employee security awareness training', 'Implement strong email filtering', 'Regularly review access controls']"
unknown,0.9042692805633136,1,Unknown,[],[],0.9042692805633136,High,4521346.402816568,"['Enable Attack Surface Reduction (ASR) rules', 'Implement Local Administrator Password Solution (LAPS)', 'Ensure immutable and offline backups', 'Deploy Application Allowlisting', 'Isolate affected systems from network']"
bedep,0.0033104508115205,0,Bedep,"['T1486', 'T1055', 'T1027']","['D3-BAC', 'D3-BDR', 'D3-SAW']",0.0033104508115205,Low,16552.2540576025,"['Maintain continuous security monitoring', 'Ensure robust security hygiene', 'Conduct employee security awareness training', 'Implement strong email filtering', 'Regularly review access controls']"
unknown,0.0033104508115205,0,Unknown,[],[],0.0033104508115205,Low,16552.2540576025,"['Maintain continuous security monitoring', 'Ensure robust security hygiene', 'Conduct employee security awareness training', 'Implement strong email filtering', 'Regularly review access controls']"
unknown,0.9042692805633136,1,Unknown,[],[],0.9042692805633136,High,4521346.402816568,"['Enable Attack Surface Reduction (ASR) rules', 'Implement Local Administrator Password Solution (LAPS)', 'Ensure immutable and offline backups', 'Deploy Application Allowlisting', 'Isolate affected systems from network']"
unknown,0.0033104508115333,0,Unknown,[],[],0.0033104508115333,Low,16552.2540576665,"['Maintain continuous security monitoring', 'Ensure robust security hygiene', 'Conduct employee security awareness training', 'Implement strong email filtering', 'Regularly review access controls']"
unknown,0.0033104508114508,0,Unknown,[],[],0.0033104508114508,Low,16552.254057254002,"['Maintain continuous security monitoring', 'Ensure robust security hygiene', 'Conduct employee security awareness training', 'Implement strong email filtering', 'Regularly review access controls']"
unknown,0.9042692805633136,1,Unknown,[],[],0.9042692805633136,High,4521346.402816568,"['Enable Attack Surface Reduction (ASR) rules', 'Implement Local Administrator Password Solution (LAPS)', 'Ensure immutable and offline backups', 'Deploy Application Allowlisting', 'Isolate affected systems from network']"
unknown,0.9042692805633136,0,Unknown,[],[],0.9042692805633136,High,4521346.402816568,"['Enable Attack Surface Reduction (ASR) rules', 'Implement Local Administrator Password Solution (LAPS)', 'Ensure immutable and offline backups', 'Deploy Application Allowlisting', 'Isolate affected systems from network']"
unknown,0.9042692805633136,1,Unknown,[],[],0.9042692805633136,High,4521346.402816568,"['Enable Attack Surface Reduction (ASR) rules', 'Implement Local Administrator Password Solution (LAPS)', 'Ensure immutable and offline backups', 'Deploy Application Allowlisting', 'Isolate affected systems from network']"
unknown,0.9042692805633136,0,Unknown,[],[],0.9042692805633136,High,4521346.402816568,"['Enable Attack Surface Reduction (ASR) rules', 'Implement Local Administrator Password Solution (LAPS)', 'Ensure immutable and offline backups', 'Deploy Application Allowlisting', 'Isolate affected systems from network']"
scarletflash,0.0033104508114889,0,ScarletFlash,"['T1486', 'T1055', 'T1027']","['D3-BAC', 'D3-BDR', 'D3-SAW']",0.0033104508114889,Low,16552.2540574445,"['Maintain continuous security monitoring', 'Ensure robust security hygiene', 'Conduct employee security awareness training', 'Implement strong email filtering', 'Regularly review access controls']"
unknown,0.9042692805633136,1,Unknown,[],[],0.9042692805633136,High,4521346.402816568,"['Enable Attack Surface Reduction (ASR) rules', 'Implement Local Administrator Password Solution (LAPS)', 'Ensure immutable and offline backups', 'Deploy Application Allowlisting', 'Isolate affected systems from network']"
procpatcher,0.0033104508115333,0,GenericMalware,"['T1486', 'T1055', 'T1027']","['D3-BAC', 'D3-BDR', 'D3-SAW']",0.0033104508115333,Low,16552.2540576665,"['Maintain continuous security monitoring', 'Ensure robust security hygiene', 'Conduct employee security awareness training', 'Implement strong email filtering', 'Regularly review access controls']"
unknown,0.9042692805633136,0,Unknown,[],[],0.9042692805633136,High,4521346.402816568,"['Enable Attack Surface Reduction (ASR) rules', 'Implement Local Administrator Password Solution (LAPS)', 'Ensure immutable and offline backups', 'Deploy Application Allowlisting', 'Isolate affected systems from network']"
unknown,0.0033104508115185,0,Unknown,[],[],0.0033104508115185,Low,16552.2540575925,"['Maintain continuous security monitoring', 'Ensure robust security hygiene', 'Conduct employee security awareness training', 'Implement strong email filtering', 'Regularly review access controls']"
unknown,0.9042692805633136,0,Unknown,[],[],0.9042692805633136,High,4521346.402816568,"['Enable Attack Surface Reduction (ASR) rules', 'Implement Local Administrator Password Solution (LAPS)', 'Ensure immutable and offline backups', 'Deploy Application Allowlisting', 'Isolate affected systems from network']"
unknown,0.9042692805633136,0,Unknown,[],[],0.9042692805633136,High,4521346.402816568,"['Enable Attack Surface Reduction (ASR) rules', 'Implement Local Administrator Password Solution (LAPS)', 'Ensure immutable and offline backups', 'Deploy Application Allowlisting', 'Isolate affected systems from network']"
unknown,0.0033104508115333,0,Unknown,[],[],0.0033104508115333,Low,16552.2540576665,"['Maintain continuous security monitoring', 'Ensure robust security hygiene', 'Conduct employee security awareness training', 'Implement strong email filtering', 'Regularly review access controls']"
unknown,0.9042692805633136,1,Unknown,[],[],0.9042692805633136,High,4521346.402816568,"['Enable Attack Surface Reduction (ASR) rules', 'Implement Local Administrator Password Solution (LAPS)', 'Ensure immutable and offline backups', 'Deploy Application Allowlisting', 'Isolate affected systems from network']"
upatre,0.00334543898181,0,Upatre,"['T1486', 'T1055', 'T1027']","['D3-BAC', 'D3-BDR', 'D3-SAW']",0.00334543898181,Low,16727.194909050002,"['Maintain continuous security monitoring', 'Ensure robust security hygiene', 'Conduct employee security awareness training', 'Implement strong email filtering', 'Regularly review access controls']"
unknown,0.9042692805633136,0,Unknown,[],[],0.9042692805633136,High,4521346.402816568,"['Enable Attack Surface Reduction (ASR) rules', 'Implement Local Administrator Password Solution (LAPS)', 'Ensure immutable and offline backups', 'Deploy Application Allowlisting', 'Isolate affected systems from network']"
unknown,0.9042692805633136,1,Unknown,[],[],0.9042692805633136,High,4521346.402816568,"['Enable Attack Surface Reduction (ASR) rules', 'Implement Local Administrator Password Solution (LAPS)', 'Ensure immutable and offline backups', 'Deploy Application Allowlisting', 'Isolate affected systems from network']"
unknown,0.9042692805633136,0,Unknown,[],[],0.9042692805633136,High,4521346.402816568,"['Enable Attack Surface Reduction (ASR) rules', 'Implement Local Administrator Password Solution (LAPS)', 'Ensure immutable and offline backups', 'Deploy Application Allowlisting', 'Isolate affected systems from network']"
unknown,0.0033104508115333,0,Unknown,[],[],0.0033104508115333,Low,16552.2540576665,"['Maintain continuous security monitoring', 'Ensure robust security hygiene', 'Conduct employee security awareness training', 'Implement strong email filtering', 'Regularly review access controls']"
xmrig,0.0033104508115333,0,XMRig,"['T1055', 'T1027', 'T1059']","['D3-AL', 'D3-CR', 'D3-SAW']",0.0033104508115333,Low,16552.2540576665,"['Maintain continuous security monitoring', 'Ensure robust security hygiene', 'Conduct employee security awareness training', 'Implement strong email filtering', 'Regularly review access controls']"
unknown,0.0033104508115333,0,Unknown,[],[],0.0033104508115333,Low,16552.2540576665,"['Maintain continuous security monitoring', 'Ensure robust security hygiene', 'Conduct employee security awareness training', 'Implement strong email filtering', 'Regularly review access controls']"
unknown,0.0033104508115205,0,Unknown,[],[],0.0033104508115205,Low,16552.2540576025,"['Maintain continuous security monitoring', 'Ensure robust security hygiene', 'Conduct employee security awareness training', 'Implement strong email filtering', 'Regularly review access controls']"
lockergoga,0.0033104508114616,0,GenericMalware,"['T1486', 'T1055', 'T1027']","['D3-BAC', 'D3-BDR', 'D3-SAW']",0.0033104508114616,Low,16552.254057308,"['Maintain continuous security monitoring', 'Ensure robust security hygiene', 'Conduct employee security awareness training', 'Implement strong email filtering', 'Regularly review access controls']"
unknown,0.9042692805633136,1,Unknown,[],[],0.9042692805633136,High,4521346.402816568,"['Enable Attack Surface Reduction (ASR) rules', 'Implement Local Administrator Password Solution (LAPS)', 'Ensure immutable and offline backups', 'Deploy Application Allowlisting', 'Isolate affected systems from network']"
unknown,0.9042692805633136,0,Unknown,[],[],0.9042692805633136,High,4521346.402816568,"['Enable Attack Surface Reduction (ASR) rules', 'Implement Local Administrator Password Solution (LAPS)', 'Ensure immutable and offline backups', 'Deploy Application Allowlisting', 'Isolate affected systems from network']"
picsys,0.0033104508115333,0,GenericMalware,"['T1486', 'T1055', 'T1027']","['D3-BAC', 'D3-BDR', 'D3-SAW']",0.0033104508115333,Low,16552.2540576665,"['Maintain continuous security monitoring', 'Ensure robust security hygiene', 'Conduct employee security awareness training', 'Implement strong email filtering', 'Regularly review access controls']"
unknown,0.0033104508115333,0,Unknown,[],[],0.0033104508115333,Low,16552.2540576665,"['Maintain continuous security monitoring', 'Ensure robust security hygiene', 'Conduct employee security awareness training', 'Implement strong email filtering', 'Regularly review access controls']"
unknown,0.9042692805633136,1,Unknown,[],[],0.9042692805633136,High,4521346.402816568,"['Enable Attack Surface Reduction (ASR) rules', 'Implement Local Administrator Password Solution (LAPS)', 'Ensure immutable and offline backups', 'Deploy Application Allowlisting', 'Isolate affected systems from network']"
unknown,0.9042692805633136,1,Unknown,[],[],0.9042692805633136,High,4521346.402816568,"['Enable Attack Surface Reduction (ASR) rules', 'Implement Local Administrator Password Solution (LAPS)', 'Ensure immutable and offline backups', 'Deploy Application Allowlisting', 'Isolate affected systems from network']"
berbew,0.0033104508115309,0,Berbew,"['T1486', 'T1055', 'T1027']","['D3-BAC', 'D3-BDR', 'D3-SAW']",0.0033104508115309,Low,16552.2540576545,"['Maintain continuous security monitoring', 'Ensure robust security hygiene', 'Conduct employee security awareness training', 'Implement strong email filtering', 'Regularly review access controls']"
unknown,0.9042692805633136,1,Unknown,[],[],0.9042692805633136,High,4521346.402816568,"['Enable Attack Surface Reduction (ASR) rules', 'Implement Local Administrator Password Solution (LAPS)', 'Ensure immutable and offline backups', 'Deploy Application Allowlisting', 'Isolate affected systems from network']"
unknown,0.9042692805633136,0,Unknown,[],[],0.9042692805633136,High,4521346.402816568,"['Enable Attack Surface Reduction (ASR) rules', 'Implement Local Administrator Password Solution (LAPS)', 'Ensure immutable and offline backups', 'Deploy Application Allowlisting', 'Isolate affected systems from network']"
ad2345,0.0033104508115333,0,GenericMalware,"['T1486', 'T1055', 'T1027']","['D3-BAC', 'D3-BDR', 'D3-SAW']",0.0033104508115333,Low,16552.2540576665,"['Maintain continuous security monitoring', 'Ensure robust security hygiene', 'Conduct employee security awareness training', 'Implement strong email filtering', 'Regularly review access controls']"
expiro,0.0033104508115333,0,Expiro,"['T1486', 'T1055', 'T1027']","['D3-BAC', 'D3-BDR', 'D3-SAW']",0.0033104508115333,Low,16552.2540576665,"['Maintain continuous security monitoring', 'Ensure robust security hygiene', 'Conduct employee security awareness training', 'Implement strong email filtering', 'Regularly review access controls']"
unknown,0.0033104508115333,0,Unknown,[],[],0.0033104508115333,Low,16552.2540576665,"['Maintain continuous security monitoring', 'Ensure robust security hygiene', 'Conduct employee security awareness training', 'Implement strong email filtering', 'Regularly review access controls']"
unknown,0.9042692805633136,1,Unknown,[],[],0.9042692805633136,High,4521346.402816568,"['Enable Attack Surface Reduction (ASR) rules', 'Implement Local Administrator Password Solution (LAPS)', 'Ensure immutable and offline backups', 'Deploy Application Allowlisting', 'Isolate affected systems from network']"
vobfus,0.0033104508115868,0,Vobfus,"['T1486', 'T1055', 'T1027']","['D3-BAC', 'D3-BDR', 'D3-SAW']",0.0033104508115868,Low,16552.254057934,"['Maintain continuous security monitoring', 'Ensure robust security hygiene', 'Conduct employee security awareness training', 'Implement strong email filtering', 'Regularly review access controls']"
unknown,0.9042692805633136,1,Unknown,[],[],0.9042692805633136,High,4521346.402816568,"['Enable Attack Surface Reduction (ASR) rules', 'Implement Local Administrator Password Solution (LAPS)', 'Ensure immutable and offline backups', 'Deploy Application Allowlisting', 'Isolate affected systems from network']"
unknown,0.9042692805633136,0,Unknown,[],[],0.9042692805633136,High,4521346.402816568,"['Enable Attack Surface Reduction (ASR) rules', 'Implement Local Administrator Password Solution (LAPS)', 'Ensure immutable and offline backups', 'Deploy Application Allowlisting', 'Isolate affected systems from network']"
unknown,0.0033104508115333,0,Unknown,[],[],0.0033104508115333,Low,16552.2540576665,"['Maintain continuous security monitoring', 'Ensure robust security hygiene', 'Conduct employee security awareness training', 'Implement strong email filtering', 'Regularly review access controls']"
unknown,0.9042692805633136,1,Unknown,[],[],0.9042692805633136,High,4521346.402816568,"['Enable Attack Surface Reduction (ASR) rules', 'Implement Local Administrator Password Solution (LAPS)', 'Ensure immutable and offline backups', 'Deploy Application Allowlisting', 'Isolate affected systems from network']"
unknown,0.9042692805633136,1,Unknown,[],[],0.9042692805633136,High,4521346.402816568,"['Enable Attack Surface Reduction (ASR) rules', 'Implement Local Administrator Password Solution (LAPS)', 'Ensure immutable and offline backups', 'Deploy Application Allowlisting', 'Isolate affected systems from network']"
unknown,0.0033104508115333,0,Unknown,[],[],0.0033104508115333,Low,16552.2540576665,"['Maintain continuous security monitoring', 'Ensure robust security hygiene', 'Conduct employee security awareness training', 'Implement strong email filtering', 'Regularly review access controls']"
unknown,0.9042692805633136,1,Unknown,[],[],0.9042692805633136,High,4521346.402816568,"['Enable Attack Surface Reduction (ASR) rules', 'Implement Local Administrator Password Solution (LAPS)', 'Ensure immutable and offline backups', 'Deploy Application Allowlisting', 'Isolate affected systems from network']"
unknown,0.0033104508115333,0,Unknown,[],[],0.0033104508115333,Low,16552.2540576665,"['Maintain continuous security monitoring', 'Ensure robust security hygiene', 'Conduct employee security awareness training', 'Implement strong email filtering', 'Regularly review access controls']"
unknown,0.9042692805633136,1,Unknown,[],[],0.9042692805633136,High,4521346.402816568,"['Enable Attack Surface Reduction (ASR) rules', 'Implement Local Administrator Password Solution (LAPS)', 'Ensure immutable and offline backups', 'Deploy Application Allowlisting', 'Isolate affected systems from network']"
unknown,0.0033454389830932,0,Unknown,[],[],0.0033454389830932,Low,16727.194915466,"['Maintain continuous security monitoring', 'Ensure robust security hygiene', 'Conduct employee security awareness training', 'Implement strong email filtering', 'Regularly review access controls']"
unknown,0.0033104508115333,0,Unknown,[],[],0.0033104508115333,Low,16552.2540576665,"['Maintain continuous security monitoring', 'Ensure robust security hygiene', 'Conduct employee security awareness training', 'Implement strong email filtering', 'Regularly review access controls']"
unknown,0.0033104508115294,0,Unknown,[],[],0.0033104508115294,Low,16552.254057647002,"['Maintain continuous security monitoring', 'Ensure robust security hygiene', 'Conduct employee security awareness training', 'Implement strong email filtering', 'Regularly review access controls']"
unknown,0.0033104508114552,0,Unknown,[],[],0.0033104508114552,Low,16552.254057276,"['Maintain continuous security monitoring', 'Ensure robust security hygiene', 'Conduct employee security awareness training', 'Implement strong email filtering', 'Regularly review access controls']"
unknown,0.9042692805633136,0,Unknown,[],[],0.9042692805633136,High,4521346.402816568,"['Enable Attack Surface Reduction (ASR) rules', 'Implement Local Administrator Password Solution (LAPS)', 'Ensure immutable and offline backups', 'Deploy Application Allowlisting', 'Isolate affected systems from network']"
unknown,0.0033104508115058,0,Unknown,[],[],0.0033104508115058,Low,16552.254057529,"['Maintain continuous security monitoring', 'Ensure robust security hygiene', 'Conduct employee security awareness training', 'Implement strong email filtering', 'Regularly review access controls']"
unknown,0.9042692805633136,0,Unknown,[],[],0.9042692805633136,High,4521346.402816568,"['Enable Attack Surface Reduction (ASR) rules', 'Implement Local Administrator Password Solution (LAPS)', 'Ensure immutable and offline backups', 'Deploy Application Allowlisting', 'Isolate affected systems from network']"
unknown,0.9042692805633136,0,Unknown,[],[],0.9042692805633136,High,4521346.402816568,"['Enable Attack Surface Reduction (ASR) rules', 'Implement Local Administrator Password Solution (LAPS)', 'Ensure immutable and offline backups', 'Deploy Application Allowlisting', 'Isolate affected systems from network']"
trollav,0.0033104508115869,0,TrollAv,"['T1486', 'T1055', 'T1027']","['D3-BAC', 'D3-BDR', 'D3-SAW']",0.0033104508115869,Low,16552.2540579345,"['Maintain continuous security monitoring', 'Ensure robust security hygiene', 'Conduct employee security awareness training', 'Implement strong email filtering', 'Regularly review access controls']"
unknown,0.9042692805633136,1,Unknown,[],[],0.9042692805633136,High,4521346.402816568,"['Enable Attack Surface Reduction (ASR) rules', 'Implement Local Administrator Password Solution (LAPS)', 'Ensure immutable and offline backups', 'Deploy Application Allowlisting', 'Isolate affected systems from network']"
unknown,0.9042692805633136,0,Unknown,[],[],0.9042692805633136,High,4521346.402816568,"['Enable Attack Surface Reduction (ASR) rules', 'Implement Local Administrator Password Solution (LAPS)', 'Ensure immutable and offline backups', 'Deploy Application Allowlisting', 'Isolate affected systems from network']"
unknown,0.9042692805633136,0,Unknown,[],[],0.9042692805633136,High,4521346.402816568,"['Enable Attack Surface Reduction (ASR) rules', 'Implement Local Administrator Password Solution (LAPS)', 'Ensure immutable and offline backups', 'Deploy Application Allowlisting', 'Isolate affected systems from network']"
unknown,0.0033104508115293,0,Unknown,[],[],0.0033104508115293,Low,16552.2540576465,"['Maintain continuous security monitoring', 'Ensure robust security hygiene', 'Conduct employee security awareness training', 'Implement strong email filtering', 'Regularly review access controls']"
unknown,0.0033104508115333,0,Unknown,[],[],0.0033104508115333,Low,16552.2540576665,"['Maintain continuous security monitoring', 'Ensure robust security hygiene', 'Conduct employee security awareness training', 'Implement strong email filtering', 'Regularly review access controls']"
unknown,0.9042692805633136,1,Unknown,[],[],0.9042692805633136,High,4521346.402816568,"['Enable Attack Surface Reduction (ASR) rules', 'Implement Local Administrator Password Solution (LAPS)', 'Ensure immutable and offline backups', 'Deploy Application Allowlisting', 'Isolate affected systems from network']"
unknown,0.9042692805633136,0,Unknown,[],[],0.9042692805633136,High,4521346.402816568,"['Enable Attack Surface Reduction (ASR) rules', 'Implement Local Administrator Password Solution (LAPS)', 'Ensure immutable and offline backups', 'Deploy Application Allowlisting', 'Isolate affected systems from network']"
trollav,0.0033104508115784,0,TrollAv,"['T1486', 'T1055', 'T1027']","['D3-BAC', 'D3-BDR', 'D3-SAW']",0.0033104508115784,Low,16552.254057891998,"['Maintain continuous security monitoring', 'Ensure robust security hygiene', 'Conduct employee security awareness training', 'Implement strong email filtering', 'Regularly review access controls']"
unknown,0.9042692805633136,1,Unknown,[],[],0.9042692805633136,High,4521346.402816568,"['Enable Attack Surface Reduction (ASR) rules', 'Implement Local Administrator Password Solution (LAPS)', 'Ensure immutable and offline backups', 'Deploy Application Allowlisting', 'Isolate affected systems from network']"
unknown,0.9042692805633136,1,Unknown,[],[],0.9042692805633136,High,4521346.402816568,"['Enable Attack Surface Reduction (ASR) rules', 'Implement Local Administrator Password Solution (LAPS)', 'Ensure immutable and offline backups', 'Deploy Application Allowlisting', 'Isolate affected systems from network']"
unknown,0.9042692805633136,1,Unknown,[],[],0.9042692805633136,High,4521346.402816568,"['Enable Attack Surface Reduction (ASR) rules', 'Implement Local Administrator Password Solution (LAPS)', 'Ensure immutable and offline backups', 'Deploy Application Allowlisting', 'Isolate affected systems from network']"
unknown,0.9042692805633136,0,Unknown,[],[],0.9042692805633136,High,4521346.402816568,"['Enable Attack Surface Reduction (ASR) rules', 'Implement Local Administrator Password Solution (LAPS)', 'Ensure immutable and offline backups', 'Deploy Application Allowlisting', 'Isolate affected systems from network']"
sfone,0.0033104508115333,0,SFOne,"['T1486', 'T1055', 'T1027']","['D3-BAC', 'D3-BDR', 'D3-SAW']",0.0033104508115333,Low,16552.2540576665,"['Maintain continuous security monitoring', 'Ensure robust security hygiene', 'Conduct employee security awareness training', 'Implement strong email filtering', 'Regularly review access controls']"
unknown,0.0033104508115333,0,Unknown,[],[],0.0033104508115333,Low,16552.2540576665,"['Maintain continuous security monitoring', 'Ensure robust security hygiene', 'Conduct employee security awareness training', 'Implement strong email filtering', 'Regularly review access controls']"
unknown,0.9042692805633136,1,Unknown,[],[],0.9042692805633136,High,4521346.402816568,"['Enable Attack Surface Reduction (ASR) rules', 'Implement Local Administrator Password Solution (LAPS)', 'Ensure immutable and offline backups', 'Deploy Application Allowlisting', 'Isolate affected systems from network']"
unknown,0.9042692805633136,0,Unknown,[],[],0.9042692805633136,High,4521346.402816568,"['Enable Attack Surface Reduction (ASR) rules', 'Implement Local Administrator Password Solution (LAPS)', 'Ensure immutable and offline backups', 'Deploy Application Allowlisting', 'Isolate affected systems from network']"
unknown,0.9042692805633136,1,Unknown,[],[],0.9042692805633136,High,4521346.402816568,"['Enable Attack Surface Reduction (ASR) rules', 'Implement Local Administrator Password Solution (LAPS)', 'Ensure immutable and offline backups', 'Deploy Application Allowlisting', 'Isolate affected systems from network']"
unknown,0.9042692805633136,0,Unknown,[],[],0.9042692805633136,High,4521346.402816568,"['Enable Attack Surface Reduction (ASR) rules', 'Implement Local Administrator Password Solution (LAPS)', 'Ensure immutable and offline backups', 'Deploy Application Allowlisting', 'Isolate affected systems from network']"
unknown,0.9042692805633136,0,Unknown,[],[],0.9042692805633136,High,4521346.402816568,"['Enable Attack Surface Reduction (ASR) rules', 'Implement Local Administrator Password Solution (LAPS)', 'Ensure immutable and offline backups', 'Deploy Application Allowlisting', 'Isolate affected systems from network']"
blackhole,0.0033104508115225,0,GenericMalware,"['T1486', 'T1055', 'T1027']","['D3-BAC', 'D3-BDR', 'D3-SAW']",0.0033104508115225,Low,16552.2540576125,"['Maintain continuous security monitoring', 'Ensure robust security hygiene', 'Conduct employee security awareness training', 'Implement strong email filtering', 'Regularly review access controls']"
unknown,0.9042692805633136,0,Unknown,[],[],0.9042692805633136,High,4521346.402816568,"['Enable Attack Surface Reduction (ASR) rules', 'Implement Local Administrator Password Solution (LAPS)', 'Ensure immutable and offline backups', 'Deploy Application Allowlisting', 'Isolate affected systems from network']"
unknown,0.9042692805633136,0,Unknown,[],[],0.9042692805633136,High,4521346.402816568,"['Enable Attack Surface Reduction (ASR) rules', 'Implement Local Administrator Password Solution (LAPS)', 'Ensure immutable and offline backups', 'Deploy Application Allowlisting', 'Isolate affected systems from network']"
unknown,0.9042692805633136,0,Unknown,[],[],0.9042692805633136,High,4521346.402816568,"['Enable Attack Surface Reduction (ASR) rules', 'Implement Local Administrator Password Solution (LAPS)', 'Ensure immutable and offline backups', 'Deploy Application Allowlisting', 'Isolate affected systems from network']"
flystudio,0.0033104508115333,0,FlyStudio,"['T1486', 'T1055', 'T1027']","['D3-BAC', 'D3-BDR', 'D3-SAW']",0.0033104508115333,Low,16552.2540576665,"['Maintain continuous security monitoring', 'Ensure robust security hygiene', 'Conduct employee security awareness training', 'Implement strong email filtering', 'Regularly review access controls']"
unknown,0.9042692805633136,1,Unknown,[],[],0.9042692805633136,High,4521346.402816568,"['Enable Attack Surface Reduction (ASR) rules', 'Implement Local Administrator Password Solution (LAPS)', 'Ensure immutable and offline backups', 'Deploy Application Allowlisting', 'Isolate affected systems from network']"
unknown,0.0033104472641503,0,Unknown,[],[],0.0033104472641503,Low,16552.2363207515,"['Maintain continuous security monitoring', 'Ensure robust security hygiene', 'Conduct employee security awareness training', 'Implement strong email filtering', 'Regularly review access controls']"
sfone,0.0033104508115284,0,SFOne,"['T1486', 'T1055', 'T1027']","['D3-BAC', 'D3-BDR', 'D3-SAW']",0.0033104508115284,Low,16552.254057642,"['Maintain continuous security monitoring', 'Ensure robust security hygiene', 'Conduct employee security awareness training', 'Implement strong email filtering', 'Regularly review access controls']"
unknown,0.0033104508115333,0,Unknown,[],[],0.0033104508115333,Low,16552.2540576665,"['Maintain continuous security monitoring', 'Ensure robust security hygiene', 'Conduct employee security awareness training', 'Implement strong email filtering', 'Regularly review access controls']"
unknown,0.0033104508114889,0,Unknown,[],[],0.0033104508114889,Low,16552.2540574445,"['Maintain continuous security monitoring', 'Ensure robust security hygiene', 'Conduct employee security awareness training', 'Implement strong email filtering', 'Regularly review access controls']"
unknown,0.0033104508115333,0,Unknown,[],[],0.0033104508115333,Low,16552.2540576665,"['Maintain continuous security monitoring', 'Ensure robust security hygiene', 'Conduct employee security awareness training', 'Implement strong email filtering', 'Regularly review access controls']"
unknown,0.9042692805633136,0,Unknown,[],[],0.9042692805633136,High,4521346.402816568,"['Enable Attack Surface Reduction (ASR) rules', 'Implement Local Administrator Password Solution (LAPS)', 'Ensure immutable and offline backups', 'Deploy Application Allowlisting', 'Isolate affected systems from network']"
unknown,0.9042692805633136,0,Unknown,[],[],0.9042692805633136,High,4521346.402816568,"['Enable Attack Surface Reduction (ASR) rules', 'Implement Local Administrator Password Solution (LAPS)', 'Ensure immutable and offline backups', 'Deploy Application Allowlisting', 'Isolate affected systems from network']"
unknown,0.9042692805633136,0,Unknown,[],[],0.9042692805633136,High,4521346.402816568,"['Enable Attack Surface Reduction (ASR) rules', 'Implement Local Administrator Password Solution (LAPS)', 'Ensure immutable and offline backups', 'Deploy Application Allowlisting', 'Isolate affected systems from network']"
unknown,0.0033104508115333,0,Unknown,[],[],0.0033104508115333,Low,16552.2540576665,"['Maintain continuous security monitoring', 'Ensure robust security hygiene', 'Conduct employee security awareness training', 'Implement strong email filtering', 'Regularly review access controls']"
sfone,0.0033104508115333,0,SFOne,"['T1486', 'T1055', 'T1027']","['D3-BAC', 'D3-BDR', 'D3-SAW']",0.0033104508115333,Low,16552.2540576665,"['Maintain continuous security monitoring', 'Ensure robust security hygiene', 'Conduct employee security awareness training', 'Implement strong email filtering', 'Regularly review access controls']"
unknown,0.9042692805633136,0,Unknown,[],[],0.9042692805633136,High,4521346.402816568,"['Enable Attack Surface Reduction (ASR) rules', 'Implement Local Administrator Password Solution (LAPS)', 'Ensure immutable and offline backups', 'Deploy Application Allowlisting', 'Isolate affected systems from network']"
unknown,0.9042692805633136,0,Unknown,[],[],0.9042692805633136,High,4521346.402816568,"['Enable Attack Surface Reduction (ASR) rules', 'Implement Local Administrator Password Solution (LAPS)', 'Ensure immutable and offline backups', 'Deploy Application Allowlisting', 'Isolate affected systems from network']"
unknown,0.9042692805633136,1,Unknown,[],[],0.9042692805633136,High,4521346.402816568,"['Enable Attack Surface Reduction (ASR) rules', 'Implement Local Administrator Password Solution (LAPS)', 'Ensure immutable and offline backups', 'Deploy Application Allowlisting', 'Isolate affected systems from network']"
unknown,0.9042692805633136,0,Unknown,[],[],0.9042692805633136,High,4521346.402816568,"['Enable Attack Surface Reduction (ASR) rules', 'Implement Local Administrator Password Solution (LAPS)', 'Ensure immutable and offline backups', 'Deploy Application Allowlisting', 'Isolate affected systems from network']"
berbew,0.0033104508115333,0,Berbew,"['T1486', 'T1055', 'T1027']","['D3-BAC', 'D3-BDR', 'D3-SAW']",0.0033104508115333,Low,16552.2540576665,"['Maintain continuous security monitoring', 'Ensure robust security hygiene', 'Conduct employee security awareness training', 'Implement strong email filtering', 'Regularly review access controls']"
unknown,0.9042692805633136,0,Unknown,[],[],0.9042692805633136,High,4521346.402816568,"['Enable Attack Surface Reduction (ASR) rules', 'Implement Local Administrator Password Solution (LAPS)', 'Ensure immutable and offline backups', 'Deploy Application Allowlisting', 'Isolate affected systems from network']"
unknown,0.9042692805633136,1,Unknown,[],[],0.9042692805633136,High,4521346.402816568,"['Enable Attack Surface Reduction (ASR) rules', 'Implement Local Administrator Password Solution (LAPS)', 'Ensure immutable and offline backups', 'Deploy Application Allowlisting', 'Isolate affected systems from network']"
unknown,0.9042692805633136,0,Unknown,[],[],0.9042692805633136,High,4521346.402816568,"['Enable Attack Surface Reduction (ASR) rules', 'Implement Local Administrator Password Solution (LAPS)', 'Ensure immutable and offline backups', 'Deploy Application Allowlisting', 'Isolate affected systems from network']"
unknown,0.0033104508115333,0,Unknown,[],[],0.0033104508115333,Low,16552.2540576665,"['Maintain continuous security monitoring', 'Ensure robust security hygiene', 'Conduct employee security awareness training', 'Implement strong email filtering', 'Regularly review access controls']"
mikey,0.0033104508115333,0,GenericMalware,"['T1486', 'T1055', 'T1027']","['D3-BAC', 'D3-BDR', 'D3-SAW']",0.0033104508115333,Low,16552.2540576665,"['Maintain continuous security monitoring', 'Ensure robust security hygiene', 'Conduct employee security awareness training', 'Implement strong email filtering', 'Regularly review access controls']"
unknown,0.9042692805633136,1,Unknown,[],[],0.9042692805633136,High,4521346.402816568,"['Enable Attack Surface Reduction (ASR) rules', 'Implement Local Administrator Password Solution (LAPS)', 'Ensure immutable and offline backups', 'Deploy Application Allowlisting', 'Isolate affected systems from network']"
unknown,0.9042692805633136,1,Unknown,[],[],0.9042692805633136,High,4521346.402816568,"['Enable Attack Surface Reduction (ASR) rules', 'Implement Local Administrator Password Solution (LAPS)', 'Ensure immutable and offline backups', 'Deploy Application Allowlisting', 'Isolate affected systems from network']"
unknown,0.0033104508115333,0,Unknown,[],[],0.0033104508115333,Low,16552.2540576665,"['Maintain continuous security monitoring', 'Ensure robust security hygiene', 'Conduct employee security awareness training', 'Implement strong email filtering', 'Regularly review access controls']"
unknown,0.0033104508115333,0,Unknown,[],[],0.0033104508115333,Low,16552.2540576665,"['Maintain continuous security monitoring', 'Ensure robust security hygiene', 'Conduct employee security awareness training', 'Implement strong email filtering', 'Regularly review access controls']"
scarletflash,0.0033104508115333,0,ScarletFlash,"['T1486', 'T1055', 'T1027']","['D3-BAC', 'D3-BDR', 'D3-SAW']",0.0033104508115333,Low,16552.2540576665,"['Maintain continuous security monitoring', 'Ensure robust security hygiene', 'Conduct employee security awareness training', 'Implement strong email filtering', 'Regularly review access controls']"
unknown,0.0033104508115868,0,Unknown,[],[],0.0033104508115868,Low,16552.254057934,"['Maintain continuous security monitoring', 'Ensure robust security hygiene', 'Conduct employee security awareness training', 'Implement strong email filtering', 'Regularly review access controls']"
unknown,0.0033104508115061,0,Unknown,[],[],0.0033104508115061,Low,16552.2540575305,"['Maintain continuous security monitoring', 'Ensure robust security hygiene', 'Conduct employee security awareness training', 'Implement strong email filtering', 'Regularly review access controls']"
unknown,0.9042692805633136,1,Unknown,[],[],0.9042692805633136,High,4521346.402816568,"['Enable Attack Surface Reduction (ASR) rules', 'Implement Local Administrator Password Solution (LAPS)', 'Ensure immutable and offline backups', 'Deploy Application Allowlisting', 'Isolate affected systems from network']"
unknown,0.0033104508115333,0,Unknown,[],[],0.0033104508115333,Low,16552.2540576665,"['Maintain continuous security monitoring', 'Ensure robust security hygiene', 'Conduct employee security awareness training', 'Implement strong email filtering', 'Regularly review access controls']"
goblin,0.0033104508115333,0,GenericMalware,"['T1486', 'T1055', 'T1027']","['D3-BAC', 'D3-BDR', 'D3-SAW']",0.0033104508115333,Low,16552.2540576665,"['Maintain continuous security monitoring', 'Ensure robust security hygiene', 'Conduct employee security awareness training', 'Implement strong email filtering', 'Regularly review access controls']"
shodi,0.0033104508115333,0,Shodi,"['T1486', 'T1055', 'T1027']","['D3-BAC', 'D3-BDR', 'D3-SAW']",0.0033104508115333,Low,16552.2540576665,"['Maintain continuous security monitoring', 'Ensure robust security hygiene', 'Conduct employee security awareness training', 'Implement strong email filtering', 'Regularly review access controls']"
unknown,0.0033104508115333,0,Unknown,[],[],0.0033104508115333,Low,16552.2540576665,"['Maintain continuous security monitoring', 'Ensure robust security hygiene', 'Conduct employee security awareness training', 'Implement strong email filtering', 'Regularly review access controls']"
unknown,0.0033104508115333,0,Unknown,[],[],0.0033104508115333,Low,16552.2540576665,"['Maintain continuous security monitoring', 'Ensure robust security hygiene', 'Conduct employee security awareness training', 'Implement strong email filtering', 'Regularly review access controls']"
unknown,0.0033104508115333,0,Unknown,[],[],0.0033104508115333,Low,16552.2540576665,"['Maintain continuous security monitoring', 'Ensure robust security hygiene', 'Conduct employee security awareness training', 'Implement strong email filtering', 'Regularly review access controls']"
unknown,0.9042692805633136,1,Unknown,[],[],0.9042692805633136,High,4521346.402816568,"['Enable Attack Surface Reduction (ASR) rules', 'Implement Local Administrator Password Solution (LAPS)', 'Ensure immutable and offline backups', 'Deploy Application Allowlisting', 'Isolate affected systems from network']"
sinowal,0.0033104508115333,0,Sinowal,"['T1486', 'T1055', 'T1027']","['D3-BAC', 'D3-BDR', 'D3-SAW']",0.0033104508115333,Low,16552.2540576665,"['Maintain continuous security monitoring', 'Ensure robust security hygiene', 'Conduct employee security awareness training', 'Implement strong email filtering', 'Regularly review access controls']"
berbew,0.0033104508115333,0,Berbew,"['T1486', 'T1055', 'T1027']","['D3-BAC', 'D3-BDR', 'D3-SAW']",0.0033104508115333,Low,16552.2540576665,"['Maintain continuous security monitoring', 'Ensure robust security hygiene', 'Conduct employee security awareness training', 'Implement strong email filtering', 'Regularly review access controls']"
unknown,0.9042692805633136,0,Unknown,[],[],0.9042692805633136,High,4521346.402816568,"['Enable Attack Surface Reduction (ASR) rules', 'Implement Local Administrator Password Solution (LAPS)', 'Ensure immutable and offline backups', 'Deploy Application Allowlisting', 'Isolate affected systems from network']"
unknown,0.9042692805633136,0,Unknown,[],[],0.9042692805633136,High,4521346.402816568,"['Enable Attack Surface Reduction (ASR) rules', 'Implement Local Administrator Password Solution (LAPS)', 'Ensure immutable and offline backups', 'Deploy Application Allowlisting', 'Isolate affected systems from network']"
unknown,0.9042692805633136,0,Unknown,[],[],0.9042692805633136,High,4521346.402816568,"['Enable Attack Surface Reduction (ASR) rules', 'Implement Local Administrator Password Solution (LAPS)', 'Ensure immutable and offline backups', 'Deploy Application Allowlisting', 'Isolate affected systems from network']"
berbew,0.0033104508115333,0,Berbew,"['T1486', 'T1055', 'T1027']","['D3-BAC', 'D3-BDR', 'D3-SAW']",0.0033104508115333,Low,16552.2540576665,"['Maintain continuous security monitoring', 'Ensure robust security hygiene', 'Conduct employee security awareness training', 'Implement strong email filtering', 'Regularly review access controls']"
unknown,0.0033104508115333,0,Unknown,[],[],0.0033104508115333,Low,16552.2540576665,"['Maintain continuous security monitoring', 'Ensure robust security hygiene', 'Conduct employee security awareness training', 'Implement strong email filtering', 'Regularly review access controls']"
berbew,0.0033104490923378,0,Berbew,"['T1486', 'T1055', 'T1027']","['D3-BAC', 'D3-BDR', 'D3-SAW']",0.0033104490923378,Low,16552.245461689003,"['Maintain continuous security monitoring', 'Ensure robust security hygiene', 'Conduct employee security awareness training', 'Implement strong email filtering', 'Regularly review access controls']"
unknown,0.9042692805633136,0,Unknown,[],[],0.9042692805633136,High,4521346.402816568,"['Enable Attack Surface Reduction (ASR) rules', 'Implement Local Administrator Password Solution (LAPS)', 'Ensure immutable and offline backups', 'Deploy Application Allowlisting', 'Isolate affected systems from network']"
unknown,0.9042692805633136,1,Unknown,[],[],0.9042692805633136,High,4521346.402816568,"['Enable Attack Surface Reduction (ASR) rules', 'Implement Local Administrator Password Solution (LAPS)', 'Ensure immutable and offline backups', 'Deploy Application Allowlisting', 'Isolate affected systems from network']"
disin,0.003310450811489,0,Disin,"['T1486', 'T1055', 'T1027']","['D3-BAC', 'D3-BDR', 'D3-SAW']",0.003310450811489,Low,16552.254057445,"['Maintain continuous security monitoring', 'Ensure robust security hygiene', 'Conduct employee security awareness training', 'Implement strong email filtering', 'Regularly review access controls']"
unknown,0.9042692805633136,0,Unknown,[],[],0.9042692805633136,High,4521346.402816568,"['Enable Attack Surface Reduction (ASR) rules', 'Implement Local Administrator Password Solution (LAPS)', 'Ensure immutable and offline backups', 'Deploy Application Allowlisting', 'Isolate affected systems from network']"
unknown,0.0033104508115333,0,Unknown,[],[],0.0033104508115333,Low,16552.2540576665,"['Maintain continuous security monitoring', 'Ensure robust security hygiene', 'Conduct employee security awareness training', 'Implement strong email filtering', 'Regularly review access controls']"
unknown,0.9042692805633136,0,Unknown,[],[],0.9042692805633136,High,4521346.402816568,"['Enable Attack Surface Reduction (ASR) rules', 'Implement Local Administrator Password Solution (LAPS)', 'Ensure immutable and offline backups', 'Deploy Application Allowlisting', 'Isolate affected systems from network']"
unknown,0.9042692805633136,0,Unknown,[],[],0.9042692805633136,High,4521346.402816568,"['Enable Attack Surface Reduction (ASR) rules', 'Implement Local Administrator Password Solution (LAPS)', 'Ensure immutable and offline backups', 'Deploy Application Allowlisting', 'Isolate affected systems from network']"
unknown,0.0038348346312891,0,Unknown,[],[],0.0038348346312891,Low,19174.1731564455,"['Maintain continuous security monitoring', 'Ensure robust security hygiene', 'Conduct employee security awareness training', 'Implement strong email filtering', 'Regularly review access controls']"
unknown,0.9042692805633136,0,Unknown,[],[],0.9042692805633136,High,4521346.402816568,"['Enable Attack Surface Reduction (ASR) rules', 'Implement Local Administrator Password Solution (LAPS)', 'Ensure immutable and offline backups', 'Deploy Application Allowlisting', 'Isolate affected systems from network']"
unknown,0.0033104508115868,0,Unknown,[],[],0.0033104508115868,Low,16552.254057934,"['Maintain continuous security monitoring', 'Ensure robust security hygiene', 'Conduct employee security awareness training', 'Implement strong email filtering', 'Regularly review access controls']"
unknown,0.9042692805633136,1,Unknown,[],[],0.9042692805633136,High,4521346.402816568,"['Enable Attack Surface Reduction (ASR) rules', 'Implement Local Administrator Password Solution (LAPS)', 'Ensure immutable and offline backups', 'Deploy Application Allowlisting', 'Isolate affected systems from network']"
unknown,0.9042692805633136,0,Unknown,[],[],0.9042692805633136,High,4521346.402816568,"['Enable Attack Surface Reduction (ASR) rules', 'Implement Local Administrator Password Solution (LAPS)', 'Ensure immutable and offline backups', 'Deploy Application Allowlisting', 'Isolate affected systems from network']"
unknown,0.9042692805633136,1,Unknown,[],[],0.9042692805633136,High,4521346.402816568,"['Enable Attack Surface Reduction (ASR) rules', 'Implement Local Administrator Password Solution (LAPS)', 'Ensure immutable and offline backups', 'Deploy Application Allowlisting', 'Isolate affected systems from network']"
servu,0.003310450811489,0,GenericMalware,"['T1486', 'T1055', 'T1027']","['D3-BAC', 'D3-BDR', 'D3-SAW']",0.003310450811489,Low,16552.254057445,"['Maintain continuous security monitoring', 'Ensure robust security hygiene', 'Conduct employee security awareness training', 'Implement strong email filtering', 'Regularly review access controls']"
expiro,0.0033104508115333,0,Expiro,"['T1486', 'T1055', 'T1027']","['D3-BAC', 'D3-BDR', 'D3-SAW']",0.0033104508115333,Low,16552.2540576665,"['Maintain continuous security monitoring', 'Ensure robust security hygiene', 'Conduct employee security awareness training', 'Implement strong email filtering', 'Regularly review access controls']"
unknown,0.9042692805633136,1,Unknown,[],[],0.9042692805633136,High,4521346.402816568,"['Enable Attack Surface Reduction (ASR) rules', 'Implement Local Administrator Password Solution (LAPS)', 'Ensure immutable and offline backups', 'Deploy Application Allowlisting', 'Isolate affected systems from network']"
unknown,0.9042692805633136,1,Unknown,[],[],0.9042692805633136,High,4521346.402816568,"['Enable Attack Surface Reduction (ASR) rules', 'Implement Local Administrator Password Solution (LAPS)', 'Ensure immutable and offline backups', 'Deploy Application Allowlisting', 'Isolate affected systems from network']"
trollav,0.0033104508117248,0,TrollAv,"['T1486', 'T1055', 'T1027']","['D3-BAC', 'D3-BDR', 'D3-SAW']",0.0033104508117248,Low,16552.254058624,"['Maintain continuous security monitoring', 'Ensure robust security hygiene', 'Conduct employee security awareness training', 'Implement strong email filtering', 'Regularly review access controls']"
xmrig,0.0033104508115333,0,XMRig,"['T1055', 'T1027', 'T1059']","['D3-AL', 'D3-CR', 'D3-SAW']",0.0033104508115333,Low,16552.2540576665,"['Maintain continuous security monitoring', 'Ensure robust security hygiene', 'Conduct employee security awareness training', 'Implement strong email filtering', 'Regularly review access controls']"
killall,0.0033104508115333,0,GenericMalware,"['T1486', 'T1055', 'T1027']","['D3-BAC', 'D3-BDR', 'D3-SAW']",0.0033104508115333,Low,16552.2540576665,"['Maintain continuous security monitoring', 'Ensure robust security hygiene', 'Conduct employee security awareness training', 'Implement strong email filtering', 'Regularly review access controls']"
unknown,0.9042692805633136,0,Unknown,[],[],0.9042692805633136,High,4521346.402816568,"['Enable Attack Surface Reduction (ASR) rules', 'Implement Local Administrator Password Solution (LAPS)', 'Ensure immutable and offline backups', 'Deploy Application Allowlisting', 'Isolate affected systems from network']"
unknown,0.9042692805633136,1,Unknown,[],[],0.9042692805633136,High,4521346.402816568,"['Enable Attack Surface Reduction (ASR) rules', 'Implement Local Administrator Password Solution (LAPS)', 'Ensure immutable and offline backups', 'Deploy Application Allowlisting', 'Isolate affected systems from network']"
unknown,0.9042692805633136,1,Unknown,[],[],0.9042692805633136,High,4521346.402816568,"['Enable Attack Surface Reduction (ASR) rules', 'Implement Local Administrator Password Solution (LAPS)', 'Ensure immutable and offline backups', 'Deploy Application Allowlisting', 'Isolate affected systems from network']"
unknown,0.9042692805633136,0,Unknown,[],[],0.9042692805633136,High,4521346.402816568,"['Enable Attack Surface Reduction (ASR) rules', 'Implement Local Administrator Password Solution (LAPS)', 'Ensure immutable and offline backups', 'Deploy Application Allowlisting', 'Isolate affected systems from network']"
unknown,0.0033104508115333,0,Unknown,[],[],0.0033104508115333,Low,16552.2540576665,"['Maintain continuous security monitoring', 'Ensure robust security hygiene', 'Conduct employee security awareness training', 'Implement strong email filtering', 'Regularly review access controls']"
unknown,0.9042692805633136,1,Unknown,[],[],0.9042692805633136,High,4521346.402816568,"['Enable Attack Surface Reduction (ASR) rules', 'Implement Local Administrator Password Solution (LAPS)', 'Ensure immutable and offline backups', 'Deploy Application Allowlisting', 'Isolate affected systems from network']"
unknown,0.9042692805633136,0,Unknown,[],[],0.9042692805633136,High,4521346.402816568,"['Enable Attack Surface Reduction (ASR) rules', 'Implement Local Administrator Password Solution (LAPS)', 'Ensure immutable and offline backups', 'Deploy Application Allowlisting', 'Isolate affected systems from network']"
unknown,0.0033104508115333,0,Unknown,[],[],0.0033104508115333,Low,16552.2540576665,"['Maintain continuous security monitoring', 'Ensure robust security hygiene', 'Conduct employee security awareness training', 'Implement strong email filtering', 'Regularly review access controls']"
unknown,0.0033104490933179,0,Unknown,[],[],0.0033104490933179,Low,16552.2454665895,"['Maintain continuous security monitoring', 'Ensure robust security hygiene', 'Conduct employee security awareness training', 'Implement strong email filtering', 'Regularly review access controls']"
unknown,0.0033104508115333,0,Unknown,[],[],0.0033104508115333,Low,16552.2540576665,"['Maintain continuous security monitoring', 'Ensure robust security hygiene', 'Conduct employee security awareness training', 'Implement strong email filtering', 'Regularly review access controls']"
unknown,0.0033104508115333,0,Unknown,[],[],0.0033104508115333,Low,16552.2540576665,"['Maintain continuous security monitoring', 'Ensure robust security hygiene', 'Conduct employee security awareness training', 'Implement strong email filtering', 'Regularly review access controls']"
unknown,0.0033104508115333,0,Unknown,[],[],0.0033104508115333,Low,16552.2540576665,"['Maintain continuous security monitoring', 'Ensure robust security hygiene', 'Conduct employee security awareness training', 'Implement strong email filtering', 'Regularly review access controls']"
unknown,0.9042692805633136,0,Unknown,[],[],0.9042692805633136,High,4521346.402816568,"['Enable Attack Surface Reduction (ASR) rules', 'Implement Local Administrator Password Solution (LAPS)', 'Ensure immutable and offline backups', 'Deploy Application Allowlisting', 'Isolate affected systems from network']"
unknown,0.0033104508115333,0,Unknown,[],[],0.0033104508115333,Low,16552.2540576665,"['Maintain continuous security monitoring', 'Ensure robust security hygiene', 'Conduct employee security awareness training', 'Implement strong email filtering', 'Regularly review access controls']"
gandcrab,0.0033104508115333,0,GandCrab,"['T1486', 'T1055', 'T1027']","['D3-BAC', 'D3-BDR', 'D3-SAW']",0.0033104508115333,Low,16552.2540576665,"['Maintain continuous security monitoring', 'Ensure robust security hygiene', 'Conduct employee security awareness training', 'Implement strong email filtering', 'Regularly review access controls']"
unknown,0.9042692805633136,0,Unknown,[],[],0.9042692805633136,High,4521346.402816568,"['Enable Attack Surface Reduction (ASR) rules', 'Implement Local Administrator Password Solution (LAPS)', 'Ensure immutable and offline backups', 'Deploy Application Allowlisting', 'Isolate affected systems from network']"
unknown,0.0033104508115205,0,Unknown,[],[],0.0033104508115205,Low,16552.2540576025,"['Maintain continuous security monitoring', 'Ensure robust security hygiene', 'Conduct employee security awareness training', 'Implement strong email filtering', 'Regularly review access controls']"
unknown,0.0033104508115318,0,Unknown,[],[],0.0033104508115318,Low,16552.254057659,"['Maintain continuous security monitoring', 'Ensure robust security hygiene', 'Conduct employee security awareness training', 'Implement strong email filtering', 'Regularly review access controls']"
tempedreve,0.0033104508115333,0,Tempedreve,"['T1486', 'T1055', 'T1027']","['D3-BAC', 'D3-BDR', 'D3-SAW']",0.0033104508115333,Low,16552.2540576665,"['Maintain continuous security monitoring', 'Ensure robust security hygiene', 'Conduct employee security awareness training', 'Implement strong email filtering', 'Regularly review access controls']"
unknown,0.9042692805633136,0,Unknown,[],[],0.9042692805633136,High,4521346.402816568,"['Enable Attack Surface Reduction (ASR) rules', 'Implement Local Administrator Password Solution (LAPS)', 'Ensure immutable and offline backups', 'Deploy Application Allowlisting', 'Isolate affected systems from network']"
unknown,0.9042692805633136,0,Unknown,[],[],0.9042692805633136,High,4521346.402816568,"['Enable Attack Surface Reduction (ASR) rules', 'Implement Local Administrator Password Solution (LAPS)', 'Ensure immutable and offline backups', 'Deploy Application Allowlisting', 'Isolate affected systems from network']"
unknown,0.9042692805633136,0,Unknown,[],[],0.9042692805633136,High,4521346.402816568,"['Enable Attack Surface Reduction (ASR) rules', 'Implement Local Administrator Password Solution (LAPS)', 'Ensure immutable and offline backups', 'Deploy Application Allowlisting', 'Isolate affected systems from network']"
unknown,0.0033104508115061,0,Unknown,[],[],0.0033104508115061,Low,16552.2540575305,"['Maintain continuous security monitoring', 'Ensure robust security hygiene', 'Conduct employee security awareness training', 'Implement strong email filtering', 'Regularly review access controls']"
unknown,0.9042692805633136,0,Unknown,[],[],0.9042692805633136,High,4521346.402816568,"['Enable Attack Surface Reduction (ASR) rules', 'Implement Local Administrator Password Solution (LAPS)', 'Ensure immutable and offline backups', 'Deploy Application Allowlisting', 'Isolate affected systems from network']"
unknown,0.0033104508115333,0,Unknown,[],[],0.0033104508115333,Low,16552.2540576665,"['Maintain continuous security monitoring', 'Ensure robust security hygiene', 'Conduct employee security awareness training', 'Implement strong email filtering', 'Regularly review access controls']"
unknown,0.9042692805633136,0,Unknown,[],[],0.9042692805633136,High,4521346.402816568,"['Enable Attack Surface Reduction (ASR) rules', 'Implement Local Administrator Password Solution (LAPS)', 'Ensure immutable and offline backups', 'Deploy Application Allowlisting', 'Isolate affected systems from network']"
unknown,0.9042692805633136,0,Unknown,[],[],0.9042692805633136,High,4521346.402816568,"['Enable Attack Surface Reduction (ASR) rules', 'Implement Local Administrator Password Solution (LAPS)', 'Ensure immutable and offline backups', 'Deploy Application Allowlisting', 'Isolate affected systems from network']"
unknown,0.9042692805633136,0,Unknown,[],[],0.9042692805633136,High,4521346.402816568,"['Enable Attack Surface Reduction (ASR) rules', 'Implement Local Administrator Password Solution (LAPS)', 'Ensure immutable and offline backups', 'Deploy Application Allowlisting', 'Isolate affected systems from network']"
shipshape,0.0033104508115333,0,ShipShape,"['T1486', 'T1055', 'T1027']","['D3-BAC', 'D3-BDR', 'D3-SAW']",0.0033104508115333,Low,16552.2540576665,"['Maintain continuous security monitoring', 'Ensure robust security hygiene', 'Conduct employee security awareness training', 'Implement strong email filtering', 'Regularly review access controls']"
unknown,0.0033104508115333,0,Unknown,[],[],0.0033104508115333,Low,16552.2540576665,"['Maintain continuous security monitoring', 'Ensure robust security hygiene', 'Conduct employee security awareness training', 'Implement strong email filtering', 'Regularly review access controls']"
unknown,0.9042692805633136,0,Unknown,[],[],0.9042692805633136,High,4521346.402816568,"['Enable Attack Surface Reduction (ASR) rules', 'Implement Local Administrator Password Solution (LAPS)', 'Ensure immutable and offline backups', 'Deploy Application Allowlisting', 'Isolate affected systems from network']"
unknown,0.9042692805633136,0,Unknown,[],[],0.9042692805633136,High,4521346.402816568,"['Enable Attack Surface Reduction (ASR) rules', 'Implement Local Administrator Password Solution (LAPS)', 'Ensure immutable and offline backups', 'Deploy Application Allowlisting', 'Isolate affected systems from network']"
unknown,0.9042692805633136,0,Unknown,[],[],0.9042692805633136,High,4521346.402816568,"['Enable Attack Surface Reduction (ASR) rules', 'Implement Local Administrator Password Solution (LAPS)', 'Ensure immutable and offline backups', 'Deploy Application Allowlisting', 'Isolate affected systems from network']"
unknown,0.0033104508115333,0,Unknown,[],[],0.0033104508115333,Low,16552.2540576665,"['Maintain continuous security monitoring', 'Ensure robust security hygiene', 'Conduct employee security awareness training', 'Implement strong email filtering', 'Regularly review access controls']"
unknown,0.9042692805633136,1,Unknown,[],[],0.9042692805633136,High,4521346.402816568,"['Enable Attack Surface Reduction (ASR) rules', 'Implement Local Administrator Password Solution (LAPS)', 'Ensure immutable and offline backups', 'Deploy Application Allowlisting', 'Isolate affected systems from network']"
unknown,0.9042692805633136,1,Unknown,[],[],0.9042692805633136,High,4521346.402816568,"['Enable Attack Surface Reduction (ASR) rules', 'Implement Local Administrator Password Solution (LAPS)', 'Ensure immutable and offline backups', 'Deploy Application Allowlisting', 'Isolate affected systems from network']"
unknown,0.9042692805633136,0,Unknown,[],[],0.9042692805633136,High,4521346.402816568,"['Enable Attack Surface Reduction (ASR) rules', 'Implement Local Administrator Password Solution (LAPS)', 'Ensure immutable and offline backups', 'Deploy Application Allowlisting', 'Isolate affected systems from network']"
unknown,0.9042692805633136,0,Unknown,[],[],0.9042692805633136,High,4521346.402816568,"['Enable Attack Surface Reduction (ASR) rules', 'Implement Local Administrator Password Solution (LAPS)', 'Ensure immutable and offline backups', 'Deploy Application Allowlisting', 'Isolate affected systems from network']"
unknown,0.0033104508115333,0,Unknown,[],[],0.0033104508115333,Low,16552.2540576665,"['Maintain continuous security monitoring', 'Ensure robust security hygiene', 'Conduct employee security awareness training', 'Implement strong email filtering', 'Regularly review access controls']"
unknown,0.0033104508115333,0,Unknown,[],[],0.0033104508115333,Low,16552.2540576665,"['Maintain continuous security monitoring', 'Ensure robust security hygiene', 'Conduct employee security awareness training', 'Implement strong email filtering', 'Regularly review access controls']"
unknown,0.9042692805633136,1,Unknown,[],[],0.9042692805633136,High,4521346.402816568,"['Enable Attack Surface Reduction (ASR) rules', 'Implement Local Administrator Password Solution (LAPS)', 'Ensure immutable and offline backups', 'Deploy Application Allowlisting', 'Isolate affected systems from network']"
unknown,0.0033104508115333,0,Unknown,[],[],0.0033104508115333,Low,16552.2540576665,"['Maintain continuous security monitoring', 'Ensure robust security hygiene', 'Conduct employee security awareness training', 'Implement strong email filtering', 'Regularly review access controls']"
upatre,0.0033104508121311,0,Upatre,"['T1486', 'T1055', 'T1027']","['D3-BAC', 'D3-BDR', 'D3-SAW']",0.0033104508121311,Low,16552.2540606555,"['Maintain continuous security monitoring', 'Ensure robust security hygiene', 'Conduct employee security awareness training', 'Implement strong email filtering', 'Regularly review access controls']"
unknown,0.9042692805633136,0,Unknown,[],[],0.9042692805633136,High,4521346.402816568,"['Enable Attack Surface Reduction (ASR) rules', 'Implement Local Administrator Password Solution (LAPS)', 'Ensure immutable and offline backups', 'Deploy Application Allowlisting', 'Isolate affected systems from network']"
unknown,0.9042692805633136,1,Unknown,[],[],0.9042692805633136,High,4521346.402816568,"['Enable Attack Surface Reduction (ASR) rules', 'Implement Local Administrator Password Solution (LAPS)', 'Ensure immutable and offline backups', 'Deploy Application Allowlisting', 'Isolate affected systems from network']"
unknown,0.9042692805633136,1,Unknown,[],[],0.9042692805633136,High,4521346.402816568,"['Enable Attack Surface Reduction (ASR) rules', 'Implement Local Administrator Password Solution (LAPS)', 'Ensure immutable and offline backups', 'Deploy Application Allowlisting', 'Isolate affected systems from network']"
unknown,0.9042692805633136,1,Unknown,[],[],0.9042692805633136,High,4521346.402816568,"['Enable Attack Surface Reduction (ASR) rules', 'Implement Local Administrator Password Solution (LAPS)', 'Ensure immutable and offline backups', 'Deploy Application Allowlisting', 'Isolate affected systems from network']"
unknown,0.0033104508115333,0,Unknown,[],[],0.0033104508115333,Low,16552.2540576665,"['Maintain continuous security monitoring', 'Ensure robust security hygiene', 'Conduct employee security awareness training', 'Implement strong email filtering', 'Regularly review access controls']"
unknown,0.0033104508115333,0,Unknown,[],[],0.0033104508115333,Low,16552.2540576665,"['Maintain continuous security monitoring', 'Ensure robust security hygiene', 'Conduct employee security awareness training', 'Implement strong email filtering', 'Regularly review access controls']"
unknown,0.0033104508115333,0,Unknown,[],[],0.0033104508115333,Low,16552.2540576665,"['Maintain continuous security monitoring', 'Ensure robust security hygiene', 'Conduct employee security awareness training', 'Implement strong email filtering', 'Regularly review access controls']"
expiro,0.0033104508115333,0,Expiro,"['T1486', 'T1055', 'T1027']","['D3-BAC', 'D3-BDR', 'D3-SAW']",0.0033104508115333,Low,16552.2540576665,"['Maintain continuous security monitoring', 'Ensure robust security hygiene', 'Conduct employee security awareness training', 'Implement strong email filtering', 'Regularly review access controls']"
unknown,0.0033104508115293,0,Unknown,[],[],0.0033104508115293,Low,16552.2540576465,"['Maintain continuous security monitoring', 'Ensure robust security hygiene', 'Conduct employee security awareness training', 'Implement strong email filtering', 'Regularly review access controls']"
unknown,0.9042692805633136,0,Unknown,[],[],0.9042692805633136,High,4521346.402816568,"['Enable Attack Surface Reduction (ASR) rules', 'Implement Local Administrator Password Solution (LAPS)', 'Ensure immutable and offline backups', 'Deploy Application Allowlisting', 'Isolate affected systems from network']"
unknown,0.9042692805633136,1,Unknown,[],[],0.9042692805633136,High,4521346.402816568,"['Enable Attack Surface Reduction (ASR) rules', 'Implement Local Administrator Password Solution (LAPS)', 'Ensure immutable and offline backups', 'Deploy Application Allowlisting', 'Isolate affected systems from network']"
unknown,0.9042692805633136,0,Unknown,[],[],0.9042692805633136,High,4521346.402816568,"['Enable Attack Surface Reduction (ASR) rules', 'Implement Local Administrator Password Solution (LAPS)', 'Ensure immutable and offline backups', 'Deploy Application Allowlisting', 'Isolate affected systems from network']"
unknown,0.9042692805633136,1,Unknown,[],[],0.9042692805633136,High,4521346.402816568,"['Enable Attack Surface Reduction (ASR) rules', 'Implement Local Administrator Password Solution (LAPS)', 'Ensure immutable and offline backups', 'Deploy Application Allowlisting', 'Isolate affected systems from network']"
black,0.0033104508115333,0,GenericMalware,"['T1486', 'T1055', 'T1027']","['D3-BAC', 'D3-BDR', 'D3-SAW']",0.0033104508115333,Low,16552.2540576665,"['Maintain continuous security monitoring', 'Ensure robust security hygiene', 'Conduct employee security awareness training', 'Implement strong email filtering', 'Regularly review access controls']"
unknown,0.9042692805633136,1,Unknown,[],[],0.9042692805633136,High,4521346.402816568,"['Enable Attack Surface Reduction (ASR) rules', 'Implement Local Administrator Password Solution (LAPS)', 'Ensure immutable and offline backups', 'Deploy Application Allowlisting', 'Isolate affected systems from network']"
expiro,0.0033104508115225,0,Expiro,"['T1486', 'T1055', 'T1027']","['D3-BAC', 'D3-BDR', 'D3-SAW']",0.0033104508115225,Low,16552.2540576125,"['Maintain continuous security monitoring', 'Ensure robust security hygiene', 'Conduct employee security awareness training', 'Implement strong email filtering', 'Regularly review access controls']"
mozla,0.0033104508115333,0,GenericMalware,"['T1486', 'T1055', 'T1027']","['D3-BAC', 'D3-BDR', 'D3-SAW']",0.0033104508115333,Low,16552.2540576665,"['Maintain continuous security monitoring', 'Ensure robust security hygiene', 'Conduct employee security awareness training', 'Implement strong email filtering', 'Regularly review access controls']"
unknown,0.9042692805633136,1,Unknown,[],[],0.9042692805633136,High,4521346.402816568,"['Enable Attack Surface Reduction (ASR) rules', 'Implement Local Administrator Password Solution (LAPS)', 'Ensure immutable and offline backups', 'Deploy Application Allowlisting', 'Isolate affected systems from network']"
unknown,0.9042692805633136,1,Unknown,[],[],0.9042692805633136,High,4521346.402816568,"['Enable Attack Surface Reduction (ASR) rules', 'Implement Local Administrator Password Solution (LAPS)', 'Ensure immutable and offline backups', 'Deploy Application Allowlisting', 'Isolate affected systems from network']"
unknown,0.9042692805633136,0,Unknown,[],[],0.9042692805633136,High,4521346.402816568,"['Enable Attack Surface Reduction (ASR) rules', 'Implement Local Administrator Password Solution (LAPS)', 'Ensure immutable and offline backups', 'Deploy Application Allowlisting', 'Isolate affected systems from network']"
unknown,0.9042692805633136,0,Unknown,[],[],0.9042692805633136,High,4521346.402816568,"['Enable Attack Surface Reduction (ASR) rules', 'Implement Local Administrator Password Solution (LAPS)', 'Ensure immutable and offline backups', 'Deploy Application Allowlisting', 'Isolate affected systems from network']"
unknown,0.9042692805633136,0,Unknown,[],[],0.9042692805633136,High,4521346.402816568,"['Enable Attack Surface Reduction (ASR) rules', 'Implement Local Administrator Password Solution (LAPS)', 'Ensure immutable and offline backups', 'Deploy Application Allowlisting', 'Isolate affected systems from network']"
unknown,0.0033104508115205,0,Unknown,[],[],0.0033104508115205,Low,16552.2540576025,"['Maintain continuous security monitoring', 'Ensure robust security hygiene', 'Conduct employee security awareness training', 'Implement strong email filtering', 'Regularly review access controls']"
unknown,0.9042692805633136,0,Unknown,[],[],0.9042692805633136,High,4521346.402816568,"['Enable Attack Surface Reduction (ASR) rules', 'Implement Local Administrator Password Solution (LAPS)', 'Ensure immutable and offline backups', 'Deploy Application Allowlisting', 'Isolate affected systems from network']"
unknown,0.9042692805633136,1,Unknown,[],[],0.9042692805633136,High,4521346.402816568,"['Enable Attack Surface Reduction (ASR) rules', 'Implement Local Administrator Password Solution (LAPS)', 'Ensure immutable and offline backups', 'Deploy Application Allowlisting', 'Isolate affected systems from network']"
unknown,0.9042692805633136,1,Unknown,[],[],0.9042692805633136,High,4521346.402816568,"['Enable Attack Surface Reduction (ASR) rules', 'Implement Local Administrator Password Solution (LAPS)', 'Ensure immutable and offline backups', 'Deploy Application Allowlisting', 'Isolate affected systems from network']"
unknown,0.9042692805633136,0,Unknown,[],[],0.9042692805633136,High,4521346.402816568,"['Enable Attack Surface Reduction (ASR) rules', 'Implement Local Administrator Password Solution (LAPS)', 'Ensure immutable and offline backups', 'Deploy Application Allowlisting', 'Isolate affected systems from network']"
wacatac,0.0033104499673624,0,Wacatac,"['T1486', 'T1055', 'T1027']","['D3-BAC', 'D3-BDR', 'D3-SAW']",0.0033104499673624,Low,16552.249836812,"['Maintain continuous security monitoring', 'Ensure robust security hygiene', 'Conduct employee security awareness training', 'Implement strong email filtering', 'Regularly review access controls']"
doina,0.0033104508115307,0,Doina,"['T1486', 'T1055', 'T1027']","['D3-BAC', 'D3-BDR', 'D3-SAW']",0.0033104508115307,Low,16552.2540576535,"['Maintain continuous security monitoring', 'Ensure robust security hygiene', 'Conduct employee security awareness training', 'Implement strong email filtering', 'Regularly review access controls']"
unknown,0.9042692805633136,0,Unknown,[],[],0.9042692805633136,High,4521346.402816568,"['Enable Attack Surface Reduction (ASR) rules', 'Implement Local Administrator Password Solution (LAPS)', 'Ensure immutable and offline backups', 'Deploy Application Allowlisting', 'Isolate affected systems from network']"
unknown,0.0033104508115205,0,Unknown,[],[],0.0033104508115205,Low,16552.2540576025,"['Maintain continuous security monitoring', 'Ensure robust security hygiene', 'Conduct employee security awareness training', 'Implement strong email filtering', 'Regularly review access controls']"
unknown,0.0033104508114959,0,Unknown,[],[],0.0033104508114959,Low,16552.2540574795,"['Maintain continuous security monitoring', 'Ensure robust security hygiene', 'Conduct employee security awareness training', 'Implement strong email filtering', 'Regularly review access controls']"
unknown,0.9042692805633136,1,Unknown,[],[],0.9042692805633136,High,4521346.402816568,"['Enable Attack Surface Reduction (ASR) rules', 'Implement Local Administrator Password Solution (LAPS)', 'Ensure immutable and offline backups', 'Deploy Application Allowlisting', 'Isolate affected systems from network']"
xmrig,0.0033104508115333,0,XMRig,"['T1055', 'T1027', 'T1059']","['D3-AL', 'D3-CR', 'D3-SAW']",0.0033104508115333,Low,16552.2540576665,"['Maintain continuous security monitoring', 'Ensure robust security hygiene', 'Conduct employee security awareness training', 'Implement strong email filtering', 'Regularly review access controls']"
unknown,0.9042692805633136,0,Unknown,[],[],0.9042692805633136,High,4521346.402816568,"['Enable Attack Surface Reduction (ASR) rules', 'Implement Local Administrator Password Solution (LAPS)', 'Ensure immutable and offline backups', 'Deploy Application Allowlisting', 'Isolate affected systems from network']"
unknown,0.9042692805633136,1,Unknown,[],[],0.9042692805633136,High,4521346.402816568,"['Enable Attack Surface Reduction (ASR) rules', 'Implement Local Administrator Password Solution (LAPS)', 'Ensure immutable and offline backups', 'Deploy Application Allowlisting', 'Isolate affected systems from network']"
unknown,0.0033104508115333,0,Unknown,[],[],0.0033104508115333,Low,16552.2540576665,"['Maintain continuous security monitoring', 'Ensure robust security hygiene', 'Conduct employee security awareness training', 'Implement strong email filtering', 'Regularly review access controls']"
unknown,0.0033104508115333,0,Unknown,[],[],0.0033104508115333,Low,16552.2540576665,"['Maintain continuous security monitoring', 'Ensure robust security hygiene', 'Conduct employee security awareness training', 'Implement strong email filtering', 'Regularly review access controls']"
cosmu,0.0033104508115316,0,Cosmu,"['T1486', 'T1055', 'T1027']","['D3-BAC', 'D3-BDR', 'D3-SAW']",0.0033104508115316,Low,16552.254057658,"['Maintain continuous security monitoring', 'Ensure robust security hygiene', 'Conduct employee security awareness training', 'Implement strong email filtering', 'Regularly review access controls']"
unknown,0.0033104508115318,0,Unknown,[],[],0.0033104508115318,Low,16552.254057659,"['Maintain continuous security monitoring', 'Ensure robust security hygiene', 'Conduct employee security awareness training', 'Implement strong email filtering', 'Regularly review access controls']"
unknown,0.9042692805633136,0,Unknown,[],[],0.9042692805633136,High,4521346.402816568,"['Enable Attack Surface Reduction (ASR) rules', 'Implement Local Administrator Password Solution (LAPS)', 'Ensure immutable and offline backups', 'Deploy Application Allowlisting', 'Isolate affected systems from network']"
goblin,0.0033104508115333,0,GenericMalware,"['T1486', 'T1055', 'T1027']","['D3-BAC', 'D3-BDR', 'D3-SAW']",0.0033104508115333,Low,16552.2540576665,"['Maintain continuous security monitoring', 'Ensure robust security hygiene', 'Conduct employee security awareness training', 'Implement strong email filtering', 'Regularly review access controls']"
unknown,0.9042692805633136,1,Unknown,[],[],0.9042692805633136,High,4521346.402816568,"['Enable Attack Surface Reduction (ASR) rules', 'Implement Local Administrator Password Solution (LAPS)', 'Ensure immutable and offline backups', 'Deploy Application Allowlisting', 'Isolate affected systems from network']"
unknown,0.9042692805633136,1,Unknown,[],[],0.9042692805633136,High,4521346.402816568,"['Enable Attack Surface Reduction (ASR) rules', 'Implement Local Administrator Password Solution (LAPS)', 'Ensure immutable and offline backups', 'Deploy Application Allowlisting', 'Isolate affected systems from network']"
unknown,0.0033104508115333,0,Unknown,[],[],0.0033104508115333,Low,16552.2540576665,"['Maintain continuous security monitoring', 'Ensure robust security hygiene', 'Conduct employee security awareness training', 'Implement strong email filtering', 'Regularly review access controls']"
unknown,0.9042692805633136,0,Unknown,[],[],0.9042692805633136,High,4521346.402816568,"['Enable Attack Surface Reduction (ASR) rules', 'Implement Local Administrator Password Solution (LAPS)', 'Ensure immutable and offline backups', 'Deploy Application Allowlisting', 'Isolate affected systems from network']"
baidusearch,0.0033104508115309,0,BaiduSearch,"['T1486', 'T1055', 'T1027']","['D3-BAC', 'D3-BDR', 'D3-SAW']",0.0033104508115309,Low,16552.2540576545,"['Maintain continuous security monitoring', 'Ensure robust security hygiene', 'Conduct employee security awareness training', 'Implement strong email filtering', 'Regularly review access controls']"
unknown,0.0033104508115333,0,Unknown,[],[],0.0033104508115333,Low,16552.2540576665,"['Maintain continuous security monitoring', 'Ensure robust security hygiene', 'Conduct employee security awareness training', 'Implement strong email filtering', 'Regularly review access controls']"
unknown,0.9042692805633136,0,Unknown,[],[],0.9042692805633136,High,4521346.402816568,"['Enable Attack Surface Reduction (ASR) rules', 'Implement Local Administrator Password Solution (LAPS)', 'Ensure immutable and offline backups', 'Deploy Application Allowlisting', 'Isolate affected systems from network']"
blackmoon,0.0033104508115333,0,BlackMoon,"['T1486', 'T1055', 'T1027']","['D3-BAC', 'D3-BDR', 'D3-SAW']",0.0033104508115333,Low,16552.2540576665,"['Maintain continuous security monitoring', 'Ensure robust security hygiene', 'Conduct employee security awareness training', 'Implement strong email filtering', 'Regularly review access controls']"
unknown,0.9042692805633136,1,Unknown,[],[],0.9042692805633136,High,4521346.402816568,"['Enable Attack Surface Reduction (ASR) rules', 'Implement Local Administrator Password Solution (LAPS)', 'Ensure immutable and offline backups', 'Deploy Application Allowlisting', 'Isolate affected systems from network']"
wacatac,0.0033104508115293,0,Wacatac,"['T1486', 'T1055', 'T1027']","['D3-BAC', 'D3-BDR', 'D3-SAW']",0.0033104508115293,Low,16552.2540576465,"['Maintain continuous security monitoring', 'Ensure robust security hygiene', 'Conduct employee security awareness training', 'Implement strong email filtering', 'Regularly review access controls']"
crifi,0.0033104508115309,0,GenericMalware,"['T1486', 'T1055', 'T1027']","['D3-BAC', 'D3-BDR', 'D3-SAW']",0.0033104508115309,Low,16552.2540576545,"['Maintain continuous security monitoring', 'Ensure robust security hygiene', 'Conduct employee security awareness training', 'Implement strong email filtering', 'Regularly review access controls']"
unknown,0.9042692805633136,0,Unknown,[],[],0.9042692805633136,High,4521346.402816568,"['Enable Attack Surface Reduction (ASR) rules', 'Implement Local Administrator Password Solution (LAPS)', 'Ensure immutable and offline backups', 'Deploy Application Allowlisting', 'Isolate affected systems from network']"
unknown,0.0033104508115333,0,Unknown,[],[],0.0033104508115333,Low,16552.2540576665,"['Maintain continuous security monitoring', 'Ensure robust security hygiene', 'Conduct employee security awareness training', 'Implement strong email filtering', 'Regularly review access controls']"
unknown,0.0033104508115293,0,Unknown,[],[],0.0033104508115293,Low,16552.2540576465,"['Maintain continuous security monitoring', 'Ensure robust security hygiene', 'Conduct employee security awareness training', 'Implement strong email filtering', 'Regularly review access controls']"
upatre,0.003345437170895,0,Upatre,"['T1486', 'T1055', 'T1027']","['D3-BAC', 'D3-BDR', 'D3-SAW']",0.003345437170895,Low,16727.185854475,"['Maintain continuous security monitoring', 'Ensure robust security hygiene', 'Conduct employee security awareness training', 'Implement strong email filtering', 'Regularly review access controls']"
unknown,0.0033104508115333,0,Unknown,[],[],0.0033104508115333,Low,16552.2540576665,"['Maintain continuous security monitoring', 'Ensure robust security hygiene', 'Conduct employee security awareness training', 'Implement strong email filtering', 'Regularly review access controls']"
unknown,0.9042692805633136,0,Unknown,[],[],0.9042692805633136,High,4521346.402816568,"['Enable Attack Surface Reduction (ASR) rules', 'Implement Local Administrator Password Solution (LAPS)', 'Ensure immutable and offline backups', 'Deploy Application Allowlisting', 'Isolate affected systems from network']"
vobfus,0.0033104508115333,0,Vobfus,"['T1486', 'T1055', 'T1027']","['D3-BAC', 'D3-BDR', 'D3-SAW']",0.0033104508115333,Low,16552.2540576665,"['Maintain continuous security monitoring', 'Ensure robust security hygiene', 'Conduct employee security awareness training', 'Implement strong email filtering', 'Regularly review access controls']"
unknown,0.9042692805633136,1,Unknown,[],[],0.9042692805633136,High,4521346.402816568,"['Enable Attack Surface Reduction (ASR) rules', 'Implement Local Administrator Password Solution (LAPS)', 'Ensure immutable and offline backups', 'Deploy Application Allowlisting', 'Isolate affected systems from network']"
unknown,0.9042692805633136,0,Unknown,[],[],0.9042692805633136,High,4521346.402816568,"['Enable Attack Surface Reduction (ASR) rules', 'Implement Local Administrator Password Solution (LAPS)', 'Ensure immutable and offline backups', 'Deploy Application Allowlisting', 'Isolate affected systems from network']"
unknown,0.9042692805633136,0,Unknown,[],[],0.9042692805633136,High,4521346.402816568,"['Enable Attack Surface Reduction (ASR) rules', 'Implement Local Administrator Password Solution (LAPS)', 'Ensure immutable and offline backups', 'Deploy Application Allowlisting', 'Isolate affected systems from network']"
unknown,0.9042692805633136,1,Unknown,[],[],0.9042692805633136,High,4521346.402816568,"['Enable Attack Surface Reduction (ASR) rules', 'Implement Local Administrator Password Solution (LAPS)', 'Ensure immutable and offline backups', 'Deploy Application Allowlisting', 'Isolate affected systems from network']"
unknown,0.0033104508115333,0,Unknown,[],[],0.0033104508115333,Low,16552.2540576665,"['Maintain continuous security monitoring', 'Ensure robust security hygiene', 'Conduct employee security awareness training', 'Implement strong email filtering', 'Regularly review access controls']"
unknown,0.9042692805633136,0,Unknown,[],[],0.9042692805633136,High,4521346.402816568,"['Enable Attack Surface Reduction (ASR) rules', 'Implement Local Administrator Password Solution (LAPS)', 'Ensure immutable and offline backups', 'Deploy Application Allowlisting', 'Isolate affected systems from network']"
temcac,0.0033104508115309,0,GenericMalware,"['T1486', 'T1055', 'T1027']","['D3-BAC', 'D3-BDR', 'D3-SAW']",0.0033104508115309,Low,16552.2540576545,"['Maintain continuous security monitoring', 'Ensure robust security hygiene', 'Conduct employee security awareness training', 'Implement strong email filtering', 'Regularly review access controls']"
unknown,0.9042692805633136,0,Unknown,[],[],0.9042692805633136,High,4521346.402816568,"['Enable Attack Surface Reduction (ASR) rules', 'Implement Local Administrator Password Solution (LAPS)', 'Ensure immutable and offline backups', 'Deploy Application Allowlisting', 'Isolate affected systems from network']"
unknown,0.0033104508115333,0,Unknown,[],[],0.0033104508115333,Low,16552.2540576665,"['Maintain continuous security monitoring', 'Ensure robust security hygiene', 'Conduct employee security awareness training', 'Implement strong email filtering', 'Regularly review access controls']"
unknown,0.0033104508115333,0,Unknown,[],[],0.0033104508115333,Low,16552.2540576665,"['Maintain continuous security monitoring', 'Ensure robust security hygiene', 'Conduct employee security awareness training', 'Implement strong email filtering', 'Regularly review access controls']"
unknown,0.9042692805633136,1,Unknown,[],[],0.9042692805633136,High,4521346.402816568,"['Enable Attack Surface Reduction (ASR) rules', 'Implement Local Administrator Password Solution (LAPS)', 'Ensure immutable and offline backups', 'Deploy Application Allowlisting', 'Isolate affected systems from network']"
nitol,0.0033104508115869,0,Nitol,"['T1486', 'T1055', 'T1027']","['D3-BAC', 'D3-BDR', 'D3-SAW']",0.0033104508115869,Low,16552.2540579345,"['Maintain continuous security monitoring', 'Ensure robust security hygiene', 'Conduct employee security awareness training', 'Implement strong email filtering', 'Regularly review access controls']"
unknown,0.0033104508115333,0,Unknown,[],[],0.0033104508115333,Low,16552.2540576665,"['Maintain continuous security monitoring', 'Ensure robust security hygiene', 'Conduct employee security awareness training', 'Implement strong email filtering', 'Regularly review access controls']"
unknown,0.9042692805633136,0,Unknown,[],[],0.9042692805633136,High,4521346.402816568,"['Enable Attack Surface Reduction (ASR) rules', 'Implement Local Administrator Password Solution (LAPS)', 'Ensure immutable and offline backups', 'Deploy Application Allowlisting', 'Isolate affected systems from network']"
unknown,0.9042692805633136,0,Unknown,[],[],0.9042692805633136,High,4521346.402816568,"['Enable Attack Surface Reduction (ASR) rules', 'Implement Local Administrator Password Solution (LAPS)', 'Ensure immutable and offline backups', 'Deploy Application Allowlisting', 'Isolate affected systems from network']"
unknown,0.9042692805633136,1,Unknown,[],[],0.9042692805633136,High,4521346.402816568,"['Enable Attack Surface Reduction (ASR) rules', 'Implement Local Administrator Password Solution (LAPS)', 'Ensure immutable and offline backups', 'Deploy Application Allowlisting', 'Isolate affected systems from network']"
unknown,0.0033104508115097,0,Unknown,[],[],0.0033104508115097,Low,16552.2540575485,"['Maintain continuous security monitoring', 'Ensure robust security hygiene', 'Conduct employee security awareness training', 'Implement strong email filtering', 'Regularly review access controls']"
unknown,0.9042692805633136,0,Unknown,[],[],0.9042692805633136,High,4521346.402816568,"['Enable Attack Surface Reduction (ASR) rules', 'Implement Local Administrator Password Solution (LAPS)', 'Ensure immutable and offline backups', 'Deploy Application Allowlisting', 'Isolate affected systems from network']"
unknown,0.9042692805633136,0,Unknown,[],[],0.9042692805633136,High,4521346.402816568,"['Enable Attack Surface Reduction (ASR) rules', 'Implement Local Administrator Password Solution (LAPS)', 'Ensure immutable and offline backups', 'Deploy Application Allowlisting', 'Isolate affected systems from network']"
berbew,0.0033104508115333,0,Berbew,"['T1486', 'T1055', 'T1027']","['D3-BAC', 'D3-BDR', 'D3-SAW']",0.0033104508115333,Low,16552.2540576665,"['Maintain continuous security monitoring', 'Ensure robust security hygiene', 'Conduct employee security awareness training', 'Implement strong email filtering', 'Regularly review access controls']"
unknown,0.9042692805633136,1,Unknown,[],[],0.9042692805633136,High,4521346.402816568,"['Enable Attack Surface Reduction (ASR) rules', 'Implement Local Administrator Password Solution (LAPS)', 'Ensure immutable and offline backups', 'Deploy Application Allowlisting', 'Isolate affected systems from network']"
unknown,0.9042692805633136,1,Unknown,[],[],0.9042692805633136,High,4521346.402816568,"['Enable Attack Surface Reduction (ASR) rules', 'Implement Local Administrator Password Solution (LAPS)', 'Ensure immutable and offline backups', 'Deploy Application Allowlisting', 'Isolate affected systems from network']"
unknown,0.9042692805633136,1,Unknown,[],[],0.9042692805633136,High,4521346.402816568,"['Enable Attack Surface Reduction (ASR) rules', 'Implement Local Administrator Password Solution (LAPS)', 'Ensure immutable and offline backups', 'Deploy Application Allowlisting', 'Isolate affected systems from network']"
unknown,0.0033104477866214,0,Unknown,[],[],0.0033104477866214,Low,16552.238933107,"['Maintain continuous security monitoring', 'Ensure robust security hygiene', 'Conduct employee security awareness training', 'Implement strong email filtering', 'Regularly review access controls']"
unknown,0.0033104508115333,0,Unknown,[],[],0.0033104508115333,Low,16552.2540576665,"['Maintain continuous security monitoring', 'Ensure robust security hygiene', 'Conduct employee security awareness training', 'Implement strong email filtering', 'Regularly review access controls']"
unknown,0.9042692805633136,1,Unknown,[],[],0.9042692805633136,High,4521346.402816568,"['Enable Attack Surface Reduction (ASR) rules', 'Implement Local Administrator Password Solution (LAPS)', 'Ensure immutable and offline backups', 'Deploy Application Allowlisting', 'Isolate affected systems from network']"
unknown,0.0033104464221243,0,Unknown,[],[],0.0033104464221243,Low,16552.2321106215,"['Maintain continuous security monitoring', 'Ensure robust security hygiene', 'Conduct employee security awareness training', 'Implement strong email filtering', 'Regularly review access controls']"
unknown,0.0033104508115293,0,Unknown,[],[],0.0033104508115293,Low,16552.2540576465,"['Maintain continuous security monitoring', 'Ensure robust security hygiene', 'Conduct employee security awareness training', 'Implement strong email filtering', 'Regularly review access controls']"
unknown,0.0033104508115205,0,Unknown,[],[],0.0033104508115205,Low,16552.2540576025,"['Maintain continuous security monitoring', 'Ensure robust security hygiene', 'Conduct employee security awareness training', 'Implement strong email filtering', 'Regularly review access controls']"
crysan,0.0033104508115097,0,GenericMalware,"['T1486', 'T1055', 'T1027']","['D3-BAC', 'D3-BDR', 'D3-SAW']",0.0033104508115097,Low,16552.2540575485,"['Maintain continuous security monitoring', 'Ensure robust security hygiene', 'Conduct employee security awareness training', 'Implement strong email filtering', 'Regularly review access controls']"
unknown,0.0033104508115333,0,Unknown,[],[],0.0033104508115333,Low,16552.2540576665,"['Maintain continuous security monitoring', 'Ensure robust security hygiene', 'Conduct employee security awareness training', 'Implement strong email filtering', 'Regularly review access controls']"
unknown,0.0033104508115333,0,Unknown,[],[],0.0033104508115333,Low,16552.2540576665,"['Maintain continuous security monitoring', 'Ensure robust security hygiene', 'Conduct employee security awareness training', 'Implement strong email filtering', 'Regularly review access controls']"
unknown,0.0033104508115333,0,Unknown,[],[],0.0033104508115333,Low,16552.2540576665,"['Maintain continuous security monitoring', 'Ensure robust security hygiene', 'Conduct employee security awareness training', 'Implement strong email filtering', 'Regularly review access controls']"
wacatac,0.0033104508115309,0,Wacatac,"['T1486', 'T1055', 'T1027']","['D3-BAC', 'D3-BDR', 'D3-SAW']",0.0033104508115309,Low,16552.2540576545,"['Maintain continuous security monitoring', 'Ensure robust security hygiene', 'Conduct employee security awareness training', 'Implement strong email filtering', 'Regularly review access controls']"
unknown,0.0033104508114895,0,Unknown,[],[],0.0033104508114895,Low,16552.2540574475,"['Maintain continuous security monitoring', 'Ensure robust security hygiene', 'Conduct employee security awareness training', 'Implement strong email filtering', 'Regularly review access controls']"
xmrig,0.0033104508115333,0,XMRig,"['T1055', 'T1027', 'T1059']","['D3-AL', 'D3-CR', 'D3-SAW']",0.0033104508115333,Low,16552.2540576665,"['Maintain continuous security monitoring', 'Ensure robust security hygiene', 'Conduct employee security awareness training', 'Implement strong email filtering', 'Regularly review access controls']"
unknown,0.0033104508114785,0,Unknown,[],[],0.0033104508114785,Low,16552.2540573925,"['Maintain continuous security monitoring', 'Ensure robust security hygiene', 'Conduct employee security awareness training', 'Implement strong email filtering', 'Regularly review access controls']"
unknown,0.9042692805633136,0,Unknown,[],[],0.9042692805633136,High,4521346.402816568,"['Enable Attack Surface Reduction (ASR) rules', 'Implement Local Administrator Password Solution (LAPS)', 'Ensure immutable and offline backups', 'Deploy Application Allowlisting', 'Isolate affected systems from network']"
unknown,0.9042692805633136,0,Unknown,[],[],0.9042692805633136,High,4521346.402816568,"['Enable Attack Surface Reduction (ASR) rules', 'Implement Local Administrator Password Solution (LAPS)', 'Ensure immutable and offline backups', 'Deploy Application Allowlisting', 'Isolate affected systems from network']"
unknown,0.9042692805633136,1,Unknown,[],[],0.9042692805633136,High,4521346.402816568,"['Enable Attack Surface Reduction (ASR) rules', 'Implement Local Administrator Password Solution (LAPS)', 'Ensure immutable and offline backups', 'Deploy Application Allowlisting', 'Isolate affected systems from network']"
unknown,0.9042692805633136,1,Unknown,[],[],0.9042692805633136,High,4521346.402816568,"['Enable Attack Surface Reduction (ASR) rules', 'Implement Local Administrator Password Solution (LAPS)', 'Ensure immutable and offline backups', 'Deploy Application Allowlisting', 'Isolate affected systems from network']"
unknown,0.9042692805633136,1,Unknown,[],[],0.9042692805633136,High,4521346.402816568,"['Enable Attack Surface Reduction (ASR) rules', 'Implement Local Administrator Password Solution (LAPS)', 'Ensure immutable and offline backups', 'Deploy Application Allowlisting', 'Isolate affected systems from network']"
unknown,0.0033104508115333,0,Unknown,[],[],0.0033104508115333,Low,16552.2540576665,"['Maintain continuous security monitoring', 'Ensure robust security hygiene', 'Conduct employee security awareness training', 'Implement strong email filtering', 'Regularly review access controls']"
wronginf,0.0033104508115333,0,GenericMalware,"['T1486', 'T1055', 'T1027']","['D3-BAC', 'D3-BDR', 'D3-SAW']",0.0033104508115333,Low,16552.2540576665,"['Maintain continuous security monitoring', 'Ensure robust security hygiene', 'Conduct employee security awareness training', 'Implement strong email filtering', 'Regularly review access controls']"
unknown,0.9042692805633136,0,Unknown,[],[],0.9042692805633136,High,4521346.402816568,"['Enable Attack Surface Reduction (ASR) rules', 'Implement Local Administrator Password Solution (LAPS)', 'Ensure immutable and offline backups', 'Deploy Application Allowlisting', 'Isolate affected systems from network']"
unknown,0.9042692805633136,0,Unknown,[],[],0.9042692805633136,High,4521346.402816568,"['Enable Attack Surface Reduction (ASR) rules', 'Implement Local Administrator Password Solution (LAPS)', 'Ensure immutable and offline backups', 'Deploy Application Allowlisting', 'Isolate affected systems from network']"
unknown,0.9042692805633136,0,Unknown,[],[],0.9042692805633136,High,4521346.402816568,"['Enable Attack Surface Reduction (ASR) rules', 'Implement Local Administrator Password Solution (LAPS)', 'Ensure immutable and offline backups', 'Deploy Application Allowlisting', 'Isolate affected systems from network']"
unknown,0.9042692805633136,0,Unknown,[],[],0.9042692805633136,High,4521346.402816568,"['Enable Attack Surface Reduction (ASR) rules', 'Implement Local Administrator Password Solution (LAPS)', 'Ensure immutable and offline backups', 'Deploy Application Allowlisting', 'Isolate affected systems from network']"
unknown,0.0033104508115333,0,Unknown,[],[],0.0033104508115333,Low,16552.2540576665,"['Maintain continuous security monitoring', 'Ensure robust security hygiene', 'Conduct employee security awareness training', 'Implement strong email filtering', 'Regularly review access controls']"
unknown,0.9042692805633136,0,Unknown,[],[],0.9042692805633136,High,4521346.402816568,"['Enable Attack Surface Reduction (ASR) rules', 'Implement Local Administrator Password Solution (LAPS)', 'Ensure immutable and offline backups', 'Deploy Application Allowlisting', 'Isolate affected systems from network']"
unknown,0.9042692805633136,1,Unknown,[],[],0.9042692805633136,High,4521346.402816568,"['Enable Attack Surface Reduction (ASR) rules', 'Implement Local Administrator Password Solution (LAPS)', 'Ensure immutable and offline backups', 'Deploy Application Allowlisting', 'Isolate affected systems from network']"
xmrig,0.0033104508115333,0,XMRig,"['T1055', 'T1027', 'T1059']","['D3-AL', 'D3-CR', 'D3-SAW']",0.0033104508115333,Low,16552.2540576665,"['Maintain continuous security monitoring', 'Ensure robust security hygiene', 'Conduct employee security awareness training', 'Implement strong email filtering', 'Regularly review access controls']"
bedep,0.0033104508115333,0,Bedep,"['T1486', 'T1055', 'T1027']","['D3-BAC', 'D3-BDR', 'D3-SAW']",0.0033104508115333,Low,16552.2540576665,"['Maintain continuous security monitoring', 'Ensure robust security hygiene', 'Conduct employee security awareness training', 'Implement strong email filtering', 'Regularly review access controls']"
unknown,0.0033104508115205,0,Unknown,[],[],0.0033104508115205,Low,16552.2540576025,"['Maintain continuous security monitoring', 'Ensure robust security hygiene', 'Conduct employee security awareness training', 'Implement strong email filtering', 'Regularly review access controls']"
unknown,0.0033104508115333,0,Unknown,[],[],0.0033104508115333,Low,16552.2540576665,"['Maintain continuous security monitoring', 'Ensure robust security hygiene', 'Conduct employee security awareness training', 'Implement strong email filtering', 'Regularly review access controls']"
unknown,0.0033104508115333,0,Unknown,[],[],0.0033104508115333,Low,16552.2540576665,"['Maintain continuous security monitoring', 'Ensure robust security hygiene', 'Conduct employee security awareness training', 'Implement strong email filtering', 'Regularly review access controls']"
unknown,0.9042692805633136,0,Unknown,[],[],0.9042692805633136,High,4521346.402816568,"['Enable Attack Surface Reduction (ASR) rules', 'Implement Local Administrator Password Solution (LAPS)', 'Ensure immutable and offline backups', 'Deploy Application Allowlisting', 'Isolate affected systems from network']"
gandcrab,0.0033104508115333,0,GandCrab,"['T1486', 'T1055', 'T1027']","['D3-BAC', 'D3-BDR', 'D3-SAW']",0.0033104508115333,Low,16552.2540576665,"['Maintain continuous security monitoring', 'Ensure robust security hygiene', 'Conduct employee security awareness training', 'Implement strong email filtering', 'Regularly review access controls']"
unknown,0.0033104508115333,0,Unknown,[],[],0.0033104508115333,Low,16552.2540576665,"['Maintain continuous security monitoring', 'Ensure robust security hygiene', 'Conduct employee security awareness training', 'Implement strong email filtering', 'Regularly review access controls']"
unknown,0.0033104508115333,0,Unknown,[],[],0.0033104508115333,Low,16552.2540576665,"['Maintain continuous security monitoring', 'Ensure robust security hygiene', 'Conduct employee security awareness training', 'Implement strong email filtering', 'Regularly review access controls']"
wacatac,0.0033104508115205,0,Wacatac,"['T1486', 'T1055', 'T1027']","['D3-BAC', 'D3-BDR', 'D3-SAW']",0.0033104508115205,Low,16552.2540576025,"['Maintain continuous security monitoring', 'Ensure robust security hygiene', 'Conduct employee security awareness training', 'Implement strong email filtering', 'Regularly review access controls']"
unknown,0.9042692805633136,1,Unknown,[],[],0.9042692805633136,High,4521346.402816568,"['Enable Attack Surface Reduction (ASR) rules', 'Implement Local Administrator Password Solution (LAPS)', 'Ensure immutable and offline backups', 'Deploy Application Allowlisting', 'Isolate affected systems from network']"
unknown,0.9042692805633136,1,Unknown,[],[],0.9042692805633136,High,4521346.402816568,"['Enable Attack Surface Reduction (ASR) rules', 'Implement Local Administrator Password Solution (LAPS)', 'Ensure immutable and offline backups', 'Deploy Application Allowlisting', 'Isolate affected systems from network']"
unknown,0.9042692805633136,0,Unknown,[],[],0.9042692805633136,High,4521346.402816568,"['Enable Attack Surface Reduction (ASR) rules', 'Implement Local Administrator Password Solution (LAPS)', 'Ensure immutable and offline backups', 'Deploy Application Allowlisting', 'Isolate affected systems from network']"
unknown,0.0033104508115293,0,Unknown,[],[],0.0033104508115293,Low,16552.2540576465,"['Maintain continuous security monitoring', 'Ensure robust security hygiene', 'Conduct employee security awareness training', 'Implement strong email filtering', 'Regularly review access controls']"
unknown,0.9042692805633136,1,Unknown,[],[],0.9042692805633136,High,4521346.402816568,"['Enable Attack Surface Reduction (ASR) rules', 'Implement Local Administrator Password Solution (LAPS)', 'Ensure immutable and offline backups', 'Deploy Application Allowlisting', 'Isolate affected systems from network']"
unknown,0.0033104508115333,0,Unknown,[],[],0.0033104508115333,Low,16552.2540576665,"['Maintain continuous security monitoring', 'Ensure robust security hygiene', 'Conduct employee security awareness training', 'Implement strong email filtering', 'Regularly review access controls']"
unknown,0.9042692805633136,0,Unknown,[],[],0.9042692805633136,High,4521346.402816568,"['Enable Attack Surface Reduction (ASR) rules', 'Implement Local Administrator Password Solution (LAPS)', 'Ensure immutable and offline backups', 'Deploy Application Allowlisting', 'Isolate affected systems from network']"
glupteba,0.0033104508115333,0,Glupteba,"['T1486', 'T1055', 'T1027']","['D3-BAC', 'D3-BDR', 'D3-SAW']",0.0033104508115333,Low,16552.2540576665,"['Maintain continuous security monitoring', 'Ensure robust security hygiene', 'Conduct employee security awareness training', 'Implement strong email filtering', 'Regularly review access controls']"
unknown,0.9042692805633136,0,Unknown,[],[],0.9042692805633136,High,4521346.402816568,"['Enable Attack Surface Reduction (ASR) rules', 'Implement Local Administrator Password Solution (LAPS)', 'Ensure immutable and offline backups', 'Deploy Application Allowlisting', 'Isolate affected systems from network']"
unknown,0.9042692805633136,0,Unknown,[],[],0.9042692805633136,High,4521346.402816568,"['Enable Attack Surface Reduction (ASR) rules', 'Implement Local Administrator Password Solution (LAPS)', 'Ensure immutable and offline backups', 'Deploy Application Allowlisting', 'Isolate affected systems from network']"
unknown,0.0033104508115333,0,Unknown,[],[],0.0033104508115333,Low,16552.2540576665,"['Maintain continuous security monitoring', 'Ensure robust security hygiene', 'Conduct employee security awareness training', 'Implement strong email filtering', 'Regularly review access controls']"
unknown,0.9042692805633136,0,Unknown,[],[],0.9042692805633136,High,4521346.402816568,"['Enable Attack Surface Reduction (ASR) rules', 'Implement Local Administrator Password Solution (LAPS)', 'Ensure immutable and offline backups', 'Deploy Application Allowlisting', 'Isolate affected systems from network']"
unknown,0.9042692805633136,0,Unknown,[],[],0.9042692805633136,High,4521346.402816568,"['Enable Attack Surface Reduction (ASR) rules', 'Implement Local Administrator Password Solution (LAPS)', 'Ensure immutable and offline backups', 'Deploy Application Allowlisting', 'Isolate affected systems from network']"
unknown,0.0033104508114935,0,Unknown,[],[],0.0033104508114935,Low,16552.2540574675,"['Maintain continuous security monitoring', 'Ensure robust security hygiene', 'Conduct employee security awareness training', 'Implement strong email filtering', 'Regularly review access controls']"
unknown,0.0033104499674198,0,Unknown,[],[],0.0033104499674198,Low,16552.249837099,"['Maintain continuous security monitoring', 'Ensure robust security hygiene', 'Conduct employee security awareness training', 'Implement strong email filtering', 'Regularly review access controls']"
unknown,0.9042692805633136,0,Unknown,[],[],0.9042692805633136,High,4521346.402816568,"['Enable Attack Surface Reduction (ASR) rules', 'Implement Local Administrator Password Solution (LAPS)', 'Ensure immutable and offline backups', 'Deploy Application Allowlisting', 'Isolate affected systems from network']"
unknown,0.9042692805633136,1,Unknown,[],[],0.9042692805633136,High,4521346.402816568,"['Enable Attack Surface Reduction (ASR) rules', 'Implement Local Administrator Password Solution (LAPS)', 'Ensure immutable and offline backups', 'Deploy Application Allowlisting', 'Isolate affected systems from network']"
unknown,0.9042692805633136,0,Unknown,[],[],0.9042692805633136,High,4521346.402816568,"['Enable Attack Surface Reduction (ASR) rules', 'Implement Local Administrator Password Solution (LAPS)', 'Ensure immutable and offline backups', 'Deploy Application Allowlisting', 'Isolate affected systems from network']"
legmir,0.0033104508115333,0,Legmir,"['T1486', 'T1055', 'T1027']","['D3-BAC', 'D3-BDR', 'D3-SAW']",0.0033104508115333,Low,16552.2540576665,"['Maintain continuous security monitoring', 'Ensure robust security hygiene', 'Conduct employee security awareness training', 'Implement strong email filtering', 'Regularly review access controls']"
unknown,0.9042692805633136,1,Unknown,[],[],0.9042692805633136,High,4521346.402816568,"['Enable Attack Surface Reduction (ASR) rules', 'Implement Local Administrator Password Solution (LAPS)', 'Ensure immutable and offline backups', 'Deploy Application Allowlisting', 'Isolate affected systems from network']"
unknown,0.9042692805633136,0,Unknown,[],[],0.9042692805633136,High,4521346.402816568,"['Enable Attack Surface Reduction (ASR) rules', 'Implement Local Administrator Password Solution (LAPS)', 'Ensure immutable and offline backups', 'Deploy Application Allowlisting', 'Isolate affected systems from network']"
unknown,0.0033104508114508,0,Unknown,[],[],0.0033104508114508,Low,16552.254057254002,"['Maintain continuous security monitoring', 'Ensure robust security hygiene', 'Conduct employee security awareness training', 'Implement strong email filtering', 'Regularly review access controls']"
unknown,0.003310450811489,0,Unknown,[],[],0.003310450811489,Low,16552.254057445,"['Maintain continuous security monitoring', 'Ensure robust security hygiene', 'Conduct employee security awareness training', 'Implement strong email filtering', 'Regularly review access controls']"
unknown,0.9042692805633136,1,Unknown,[],[],0.9042692805633136,High,4521346.402816568,"['Enable Attack Surface Reduction (ASR) rules', 'Implement Local Administrator Password Solution (LAPS)', 'Ensure immutable and offline backups', 'Deploy Application Allowlisting', 'Isolate affected systems from network']"
unknown,0.9042692805633136,0,Unknown,[],[],0.9042692805633136,High,4521346.402816568,"['Enable Attack Surface Reduction (ASR) rules', 'Implement Local Administrator Password Solution (LAPS)', 'Ensure immutable and offline backups', 'Deploy Application Allowlisting', 'Isolate affected systems from network']"
mabezat,0.0033104508115021,0,GenericMalware,"['T1486', 'T1055', 'T1027']","['D3-BAC', 'D3-BDR', 'D3-SAW']",0.0033104508115021,Low,16552.254057510498,"['Maintain continuous security monitoring', 'Ensure robust security hygiene', 'Conduct employee security awareness training', 'Implement strong email filtering', 'Regularly review access controls']"
unknown,0.9042692805633136,1,Unknown,[],[],0.9042692805633136,High,4521346.402816568,"['Enable Attack Surface Reduction (ASR) rules', 'Implement Local Administrator Password Solution (LAPS)', 'Ensure immutable and offline backups', 'Deploy Application Allowlisting', 'Isolate affected systems from network']"
unknown,0.0033104508115333,0,Unknown,[],[],0.0033104508115333,Low,16552.2540576665,"['Maintain continuous security monitoring', 'Ensure robust security hygiene', 'Conduct employee security awareness training', 'Implement strong email filtering', 'Regularly review access controls']"
unknown,0.9042692805633136,1,Unknown,[],[],0.9042692805633136,High,4521346.402816568,"['Enable Attack Surface Reduction (ASR) rules', 'Implement Local Administrator Password Solution (LAPS)', 'Ensure immutable and offline backups', 'Deploy Application Allowlisting', 'Isolate affected systems from network']"
unknown,0.0033104508115333,0,Unknown,[],[],0.0033104508115333,Low,16552.2540576665,"['Maintain continuous security monitoring', 'Ensure robust security hygiene', 'Conduct employee security awareness training', 'Implement strong email filtering', 'Regularly review access controls']"
unknown,0.9042692805633136,0,Unknown,[],[],0.9042692805633136,High,4521346.402816568,"['Enable Attack Surface Reduction (ASR) rules', 'Implement Local Administrator Password Solution (LAPS)', 'Ensure immutable and offline backups', 'Deploy Application Allowlisting', 'Isolate affected systems from network']"
unknown,0.9042692805633136,0,Unknown,[],[],0.9042692805633136,High,4521346.402816568,"['Enable Attack Surface Reduction (ASR) rules', 'Implement Local Administrator Password Solution (LAPS)', 'Ensure immutable and offline backups', 'Deploy Application Allowlisting', 'Isolate affected systems from network']"
unknown,0.9042692805633136,0,Unknown,[],[],0.9042692805633136,High,4521346.402816568,"['Enable Attack Surface Reduction (ASR) rules', 'Implement Local Administrator Password Solution (LAPS)', 'Ensure immutable and offline backups', 'Deploy Application Allowlisting', 'Isolate affected systems from network']"
unknown,0.0033104508114787,0,Unknown,[],[],0.0033104508114787,Low,16552.2540573935,"['Maintain continuous security monitoring', 'Ensure robust security hygiene', 'Conduct employee security awareness training', 'Implement strong email filtering', 'Regularly review access controls']"
unknown,0.0033104508115205,0,Unknown,[],[],0.0033104508115205,Low,16552.2540576025,"['Maintain continuous security monitoring', 'Ensure robust security hygiene', 'Conduct employee security awareness training', 'Implement strong email filtering', 'Regularly review access controls']"
unknown,0.0033104508115333,0,Unknown,[],[],0.0033104508115333,Low,16552.2540576665,"['Maintain continuous security monitoring', 'Ensure robust security hygiene', 'Conduct employee security awareness training', 'Implement strong email filtering', 'Regularly review access controls']"
unknown,0.9042692805633136,0,Unknown,[],[],0.9042692805633136,High,4521346.402816568,"['Enable Attack Surface Reduction (ASR) rules', 'Implement Local Administrator Password Solution (LAPS)', 'Ensure immutable and offline backups', 'Deploy Application Allowlisting', 'Isolate affected systems from network']"
unknown,0.9042692805633136,1,Unknown,[],[],0.9042692805633136,High,4521346.402816568,"['Enable Attack Surface Reduction (ASR) rules', 'Implement Local Administrator Password Solution (LAPS)', 'Ensure immutable and offline backups', 'Deploy Application Allowlisting', 'Isolate affected systems from network']"
unknown,0.9042692805633136,0,Unknown,[],[],0.9042692805633136,High,4521346.402816568,"['Enable Attack Surface Reduction (ASR) rules', 'Implement Local Administrator Password Solution (LAPS)', 'Ensure immutable and offline backups', 'Deploy Application Allowlisting', 'Isolate affected systems from network']"
unknown,0.9042692805633136,0,Unknown,[],[],0.9042692805633136,High,4521346.402816568,"['Enable Attack Surface Reduction (ASR) rules', 'Implement Local Administrator Password Solution (LAPS)', 'Ensure immutable and offline backups', 'Deploy Application Allowlisting', 'Isolate affected systems from network']"
unknown,0.9042692805633136,1,Unknown,[],[],0.9042692805633136,High,4521346.402816568,"['Enable Attack Surface Reduction (ASR) rules', 'Implement Local Administrator Password Solution (LAPS)', 'Ensure immutable and offline backups', 'Deploy Application Allowlisting', 'Isolate affected systems from network']"
unknown,0.9042692805633136,0,Unknown,[],[],0.9042692805633136,High,4521346.402816568,"['Enable Attack Surface Reduction (ASR) rules', 'Implement Local Administrator Password Solution (LAPS)', 'Ensure immutable and offline backups', 'Deploy Application Allowlisting', 'Isolate affected systems from network']"
pasta,0.0033104508115333,0,GenericMalware,"['T1486', 'T1055', 'T1027']","['D3-BAC', 'D3-BDR', 'D3-SAW']",0.0033104508115333,Low,16552.2540576665,"['Maintain continuous security monitoring', 'Ensure robust security hygiene', 'Conduct employee security awareness training', 'Implement strong email filtering', 'Regularly review access controls']"
unknown,0.9042692805633136,1,Unknown,[],[],0.9042692805633136,High,4521346.402816568,"['Enable Attack Surface Reduction (ASR) rules', 'Implement Local Administrator Password Solution (LAPS)', 'Ensure immutable and offline backups', 'Deploy Application Allowlisting', 'Isolate affected systems from network']"
unknown,0.0033104508115333,0,Unknown,[],[],0.0033104508115333,Low,16552.2540576665,"['Maintain continuous security monitoring', 'Ensure robust security hygiene', 'Conduct employee security awareness training', 'Implement strong email filtering', 'Regularly review access controls']"
unknown,0.9042692805633136,0,Unknown,[],[],0.9042692805633136,High,4521346.402816568,"['Enable Attack Surface Reduction (ASR) rules', 'Implement Local Administrator Password Solution (LAPS)', 'Ensure immutable and offline backups', 'Deploy Application Allowlisting', 'Isolate affected systems from network']"
unknown,0.9042692805633136,1,Unknown,[],[],0.9042692805633136,High,4521346.402816568,"['Enable Attack Surface Reduction (ASR) rules', 'Implement Local Administrator Password Solution (LAPS)', 'Ensure immutable and offline backups', 'Deploy Application Allowlisting', 'Isolate affected systems from network']"
unknown,0.9042692805633136,0,Unknown,[],[],0.9042692805633136,High,4521346.402816568,"['Enable Attack Surface Reduction (ASR) rules', 'Implement Local Administrator Password Solution (LAPS)', 'Ensure immutable and offline backups', 'Deploy Application Allowlisting', 'Isolate affected systems from network']"
shipshape,0.0033104508115333,0,ShipShape,"['T1486', 'T1055', 'T1027']","['D3-BAC', 'D3-BDR', 'D3-SAW']",0.0033104508115333,Low,16552.2540576665,"['Maintain continuous security monitoring', 'Ensure robust security hygiene', 'Conduct employee security awareness training', 'Implement strong email filtering', 'Regularly review access controls']"
unknown,0.9042692805633136,1,Unknown,[],[],0.9042692805633136,High,4521346.402816568,"['Enable Attack Surface Reduction (ASR) rules', 'Implement Local Administrator Password Solution (LAPS)', 'Ensure immutable and offline backups', 'Deploy Application Allowlisting', 'Isolate affected systems from network']"
unknown,0.9042692805633136,1,Unknown,[],[],0.9042692805633136,High,4521346.402816568,"['Enable Attack Surface Reduction (ASR) rules', 'Implement Local Administrator Password Solution (LAPS)', 'Ensure immutable and offline backups', 'Deploy Application Allowlisting', 'Isolate affected systems from network']"
unknown,0.0033104508115284,0,Unknown,[],[],0.0033104508115284,Low,16552.254057642,"['Maintain continuous security monitoring', 'Ensure robust security hygiene', 'Conduct employee security awareness training', 'Implement strong email filtering', 'Regularly review access controls']"
unknown,0.9042692805633136,1,Unknown,[],[],0.9042692805633136,High,4521346.402816568,"['Enable Attack Surface Reduction (ASR) rules', 'Implement Local Administrator Password Solution (LAPS)', 'Ensure immutable and offline backups', 'Deploy Application Allowlisting', 'Isolate affected systems from network']"
unknown,0.9042692805633136,1,Unknown,[],[],0.9042692805633136,High,4521346.402816568,"['Enable Attack Surface Reduction (ASR) rules', 'Implement Local Administrator Password Solution (LAPS)', 'Ensure immutable and offline backups', 'Deploy Application Allowlisting', 'Isolate affected systems from network']"
unknown,0.0033104491359077,0,Unknown,[],[],0.0033104491359077,Low,16552.2456795385,"['Maintain continuous security monitoring', 'Ensure robust security hygiene', 'Conduct employee security awareness training', 'Implement strong email filtering', 'Regularly review access controls']"
berbew,0.0033104508115333,0,Berbew,"['T1486', 'T1055', 'T1027']","['D3-BAC', 'D3-BDR', 'D3-SAW']",0.0033104508115333,Low,16552.2540576665,"['Maintain continuous security monitoring', 'Ensure robust security hygiene', 'Conduct employee security awareness training', 'Implement strong email filtering', 'Regularly review access controls']"
unknown,0.9042692805633136,1,Unknown,[],[],0.9042692805633136,High,4521346.402816568,"['Enable Attack Surface Reduction (ASR) rules', 'Implement Local Administrator Password Solution (LAPS)', 'Ensure immutable and offline backups', 'Deploy Application Allowlisting', 'Isolate affected systems from network']"
unknown,0.0033104508115869,0,Unknown,[],[],0.0033104508115869,Low,16552.2540579345,"['Maintain continuous security monitoring', 'Ensure robust security hygiene', 'Conduct employee security awareness training', 'Implement strong email filtering', 'Regularly review access controls']"
unknown,0.0033104508115037,0,Unknown,[],[],0.0033104508115037,Low,16552.2540575185,"['Maintain continuous security monitoring', 'Ensure robust security hygiene', 'Conduct employee security awareness training', 'Implement strong email filtering', 'Regularly review access controls']"
unknown,0.9042692805633136,0,Unknown,[],[],0.9042692805633136,High,4521346.402816568,"['Enable Attack Surface Reduction (ASR) rules', 'Implement Local Administrator Password Solution (LAPS)', 'Ensure immutable and offline backups', 'Deploy Application Allowlisting', 'Isolate affected systems from network']"
unknown,0.0033104508114935,0,Unknown,[],[],0.0033104508114935,Low,16552.2540574675,"['Maintain continuous security monitoring', 'Ensure robust security hygiene', 'Conduct employee security awareness training', 'Implement strong email filtering', 'Regularly review access controls']"
unknown,0.9042692805633136,0,Unknown,[],[],0.9042692805633136,High,4521346.402816568,"['Enable Attack Surface Reduction (ASR) rules', 'Implement Local Administrator Password Solution (LAPS)', 'Ensure immutable and offline backups', 'Deploy Application Allowlisting', 'Isolate affected systems from network']"
unknown,0.9042692805633136,1,Unknown,[],[],0.9042692805633136,High,4521346.402816568,"['Enable Attack Surface Reduction (ASR) rules', 'Implement Local Administrator Password Solution (LAPS)', 'Ensure immutable and offline backups', 'Deploy Application Allowlisting', 'Isolate affected systems from network']"
unknown,0.0033104508115225,0,Unknown,[],[],0.0033104508115225,Low,16552.2540576125,"['Maintain continuous security monitoring', 'Ensure robust security hygiene', 'Conduct employee security awareness training', 'Implement strong email filtering', 'Regularly review access controls']"
unknown,0.9042692805633136,1,Unknown,[],[],0.9042692805633136,High,4521346.402816568,"['Enable Attack Surface Reduction (ASR) rules', 'Implement Local Administrator Password Solution (LAPS)', 'Ensure immutable and offline backups', 'Deploy Application Allowlisting', 'Isolate affected systems from network']"
unknown,0.9042692805633136,1,Unknown,[],[],0.9042692805633136,High,4521346.402816568,"['Enable Attack Surface Reduction (ASR) rules', 'Implement Local Administrator Password Solution (LAPS)', 'Ensure immutable and offline backups', 'Deploy Application Allowlisting', 'Isolate affected systems from network']"
unknown,0.9042692805633136,0,Unknown,[],[],0.9042692805633136,High,4521346.402816568,"['Enable Attack Surface Reduction (ASR) rules', 'Implement Local Administrator Password Solution (LAPS)', 'Ensure immutable and offline backups', 'Deploy Application Allowlisting', 'Isolate affected systems from network']"
unknown,0.9042692805633136,0,Unknown,[],[],0.9042692805633136,High,4521346.402816568,"['Enable Attack Surface Reduction (ASR) rules', 'Implement Local Administrator Password Solution (LAPS)', 'Ensure immutable and offline backups', 'Deploy Application Allowlisting', 'Isolate affected systems from network']"
unknown,0.9042692805633136,1,Unknown,[],[],0.9042692805633136,High,4521346.402816568,"['Enable Attack Surface Reduction (ASR) rules', 'Implement Local Administrator Password Solution (LAPS)', 'Ensure immutable and offline backups', 'Deploy Application Allowlisting', 'Isolate affected systems from network']"
unknown,0.9042692805633136,0,Unknown,[],[],0.9042692805633136,High,4521346.402816568,"['Enable Attack Surface Reduction (ASR) rules', 'Implement Local Administrator Password Solution (LAPS)', 'Ensure immutable and offline backups', 'Deploy Application Allowlisting', 'Isolate affected systems from network']"
unknown,0.0033104508115333,0,Unknown,[],[],0.0033104508115333,Low,16552.2540576665,"['Maintain continuous security monitoring', 'Ensure robust security hygiene', 'Conduct employee security awareness training', 'Implement strong email filtering', 'Regularly review access controls']"
unknown,0.9042692805633136,1,Unknown,[],[],0.9042692805633136,High,4521346.402816568,"['Enable Attack Surface Reduction (ASR) rules', 'Implement Local Administrator Password Solution (LAPS)', 'Ensure immutable and offline backups', 'Deploy Application Allowlisting', 'Isolate affected systems from network']"
unknown,0.9042692805633136,1,Unknown,[],[],0.9042692805633136,High,4521346.402816568,"['Enable Attack Surface Reduction (ASR) rules', 'Implement Local Administrator Password Solution (LAPS)', 'Ensure immutable and offline backups', 'Deploy Application Allowlisting', 'Isolate affected systems from network']"
wacatac,0.0033104508115284,0,Wacatac,"['T1486', 'T1055', 'T1027']","['D3-BAC', 'D3-BDR', 'D3-SAW']",0.0033104508115284,Low,16552.254057642,"['Maintain continuous security monitoring', 'Ensure robust security hygiene', 'Conduct employee security awareness training', 'Implement strong email filtering', 'Regularly review access controls']"
berbew,0.0033104508115333,0,Berbew,"['T1486', 'T1055', 'T1027']","['D3-BAC', 'D3-BDR', 'D3-SAW']",0.0033104508115333,Low,16552.2540576665,"['Maintain continuous security monitoring', 'Ensure robust security hygiene', 'Conduct employee security awareness training', 'Implement strong email filtering', 'Regularly review access controls']"
unknown,0.0033104508115333,0,Unknown,[],[],0.0033104508115333,Low,16552.2540576665,"['Maintain continuous security monitoring', 'Ensure robust security hygiene', 'Conduct employee security awareness training', 'Implement strong email filtering', 'Regularly review access controls']"
unknown,0.0033104508115333,0,Unknown,[],[],0.0033104508115333,Low,16552.2540576665,"['Maintain continuous security monitoring', 'Ensure robust security hygiene', 'Conduct employee security awareness training', 'Implement strong email filtering', 'Regularly review access controls']"
unknown,0.0033104508115225,0,Unknown,[],[],0.0033104508115225,Low,16552.2540576125,"['Maintain continuous security monitoring', 'Ensure robust security hygiene', 'Conduct employee security awareness training', 'Implement strong email filtering', 'Regularly review access controls']"
unknown,0.0033104508115333,0,Unknown,[],[],0.0033104508115333,Low,16552.2540576665,"['Maintain continuous security monitoring', 'Ensure robust security hygiene', 'Conduct employee security awareness training', 'Implement strong email filtering', 'Regularly review access controls']"
berbew,0.0033104508115868,0,Berbew,"['T1486', 'T1055', 'T1027']","['D3-BAC', 'D3-BDR', 'D3-SAW']",0.0033104508115868,Low,16552.254057934,"['Maintain continuous security monitoring', 'Ensure robust security hygiene', 'Conduct employee security awareness training', 'Implement strong email filtering', 'Regularly review access controls']"
unknown,0.9042692805633136,1,Unknown,[],[],0.9042692805633136,High,4521346.402816568,"['Enable Attack Surface Reduction (ASR) rules', 'Implement Local Administrator Password Solution (LAPS)', 'Ensure immutable and offline backups', 'Deploy Application Allowlisting', 'Isolate affected systems from network']"
wacatac,0.0033104508114616,0,Wacatac,"['T1486', 'T1055', 'T1027']","['D3-BAC', 'D3-BDR', 'D3-SAW']",0.0033104508114616,Low,16552.254057308,"['Maintain continuous security monitoring', 'Ensure robust security hygiene', 'Conduct employee security awareness training', 'Implement strong email filtering', 'Regularly review access controls']"
unknown,0.0033104508115333,0,Unknown,[],[],0.0033104508115333,Low,16552.2540576665,"['Maintain continuous security monitoring', 'Ensure robust security hygiene', 'Conduct employee security awareness training', 'Implement strong email filtering', 'Regularly review access controls']"
unknown,0.9042692805633136,0,Unknown,[],[],0.9042692805633136,High,4521346.402816568,"['Enable Attack Surface Reduction (ASR) rules', 'Implement Local Administrator Password Solution (LAPS)', 'Ensure immutable and offline backups', 'Deploy Application Allowlisting', 'Isolate affected systems from network']"
unknown,0.9042692805633136,0,Unknown,[],[],0.9042692805633136,High,4521346.402816568,"['Enable Attack Surface Reduction (ASR) rules', 'Implement Local Administrator Password Solution (LAPS)', 'Ensure immutable and offline backups', 'Deploy Application Allowlisting', 'Isolate affected systems from network']"
unknown,0.9042692805633136,0,Unknown,[],[],0.9042692805633136,High,4521346.402816568,"['Enable Attack Surface Reduction (ASR) rules', 'Implement Local Administrator Password Solution (LAPS)', 'Ensure immutable and offline backups', 'Deploy Application Allowlisting', 'Isolate affected systems from network']"
unknown,0.9042692805633136,0,Unknown,[],[],0.9042692805633136,High,4521346.402816568,"['Enable Attack Surface Reduction (ASR) rules', 'Implement Local Administrator Password Solution (LAPS)', 'Ensure immutable and offline backups', 'Deploy Application Allowlisting', 'Isolate affected systems from network']"
unknown,0.9042692805633136,1,Unknown,[],[],0.9042692805633136,High,4521346.402816568,"['Enable Attack Surface Reduction (ASR) rules', 'Implement Local Administrator Password Solution (LAPS)', 'Ensure immutable and offline backups', 'Deploy Application Allowlisting', 'Isolate affected systems from network']"
eggnog,0.0033104508115333,0,Eggnog,"['T1486', 'T1055', 'T1027']","['D3-BAC', 'D3-BDR', 'D3-SAW']",0.0033104508115333,Low,16552.2540576665,"['Maintain continuous security monitoring', 'Ensure robust security hygiene', 'Conduct employee security awareness training', 'Implement strong email filtering', 'Regularly review access controls']"
unknown,0.9042692805633136,0,Unknown,[],[],0.9042692805633136,High,4521346.402816568,"['Enable Attack Surface Reduction (ASR) rules', 'Implement Local Administrator Password Solution (LAPS)', 'Ensure immutable and offline backups', 'Deploy Application Allowlisting', 'Isolate affected systems from network']"
xmrig,0.0033104508115333,0,XMRig,"['T1055', 'T1027', 'T1059']","['D3-AL', 'D3-CR', 'D3-SAW']",0.0033104508115333,Low,16552.2540576665,"['Maintain continuous security monitoring', 'Ensure robust security hygiene', 'Conduct employee security awareness training', 'Implement strong email filtering', 'Regularly review access controls']"
unknown,0.9042692805633136,0,Unknown,[],[],0.9042692805633136,High,4521346.402816568,"['Enable Attack Surface Reduction (ASR) rules', 'Implement Local Administrator Password Solution (LAPS)', 'Ensure immutable and offline backups', 'Deploy Application Allowlisting', 'Isolate affected systems from network']"
unknown,0.9042692805633136,0,Unknown,[],[],0.9042692805633136,High,4521346.402816568,"['Enable Attack Surface Reduction (ASR) rules', 'Implement Local Administrator Password Solution (LAPS)', 'Ensure immutable and offline backups', 'Deploy Application Allowlisting', 'Isolate affected systems from network']"
unknown,0.0033104508115333,0,Unknown,[],[],0.0033104508115333,Low,16552.2540576665,"['Maintain continuous security monitoring', 'Ensure robust security hygiene', 'Conduct employee security awareness training', 'Implement strong email filtering', 'Regularly review access controls']"
unknown,0.9042692805633136,0,Unknown,[],[],0.9042692805633136,High,4521346.402816568,"['Enable Attack Surface Reduction (ASR) rules', 'Implement Local Administrator Password Solution (LAPS)', 'Ensure immutable and offline backups', 'Deploy Application Allowlisting', 'Isolate affected systems from network']"
xmrig,0.0033104508115333,0,XMRig,"['T1055', 'T1027', 'T1059']","['D3-AL', 'D3-CR', 'D3-SAW']",0.0033104508115333,Low,16552.2540576665,"['Maintain continuous security monitoring', 'Ensure robust security hygiene', 'Conduct employee security awareness training', 'Implement strong email filtering', 'Regularly review access controls']"
unknown,0.9042692805633136,1,Unknown,[],[],0.9042692805633136,High,4521346.402816568,"['Enable Attack Surface Reduction (ASR) rules', 'Implement Local Administrator Password Solution (LAPS)', 'Ensure immutable and offline backups', 'Deploy Application Allowlisting', 'Isolate affected systems from network']"
unknown,0.0033104508115333,0,Unknown,[],[],0.0033104508115333,Low,16552.2540576665,"['Maintain continuous security monitoring', 'Ensure robust security hygiene', 'Conduct employee security awareness training', 'Implement strong email filtering', 'Regularly review access controls']"
unknown,0.9042692805633136,1,Unknown,[],[],0.9042692805633136,High,4521346.402816568,"['Enable Attack Surface Reduction (ASR) rules', 'Implement Local Administrator Password Solution (LAPS)', 'Ensure immutable and offline backups', 'Deploy Application Allowlisting', 'Isolate affected systems from network']"
unknown,0.9042692805633136,1,Unknown,[],[],0.9042692805633136,High,4521346.402816568,"['Enable Attack Surface Reduction (ASR) rules', 'Implement Local Administrator Password Solution (LAPS)', 'Ensure immutable and offline backups', 'Deploy Application Allowlisting', 'Isolate affected systems from network']"
unknown,0.9042692805633136,1,Unknown,[],[],0.9042692805633136,High,4521346.402816568,"['Enable Attack Surface Reduction (ASR) rules', 'Implement Local Administrator Password Solution (LAPS)', 'Ensure immutable and offline backups', 'Deploy Application Allowlisting', 'Isolate affected systems from network']"
unknown,0.0033104508115333,0,Unknown,[],[],0.0033104508115333,Low,16552.2540576665,"['Maintain continuous security monitoring', 'Ensure robust security hygiene', 'Conduct employee security awareness training', 'Implement strong email filtering', 'Regularly review access controls']"
phonzy,0.0033104508115309,0,GenericMalware,"['T1486', 'T1055', 'T1027']","['D3-BAC', 'D3-BDR', 'D3-SAW']",0.0033104508115309,Low,16552.2540576545,"['Maintain continuous security monitoring', 'Ensure robust security hygiene', 'Conduct employee security awareness training', 'Implement strong email filtering', 'Regularly review access controls']"
unknown,0.0033104508115333,0,Unknown,[],[],0.0033104508115333,Low,16552.2540576665,"['Maintain continuous security monitoring', 'Ensure robust security hygiene', 'Conduct employee security awareness training', 'Implement strong email filtering', 'Regularly review access controls']"
berbew,0.0033104508115309,0,Berbew,"['T1486', 'T1055', 'T1027']","['D3-BAC', 'D3-BDR', 'D3-SAW']",0.0033104508115309,Low,16552.2540576545,"['Maintain continuous security monitoring', 'Ensure robust security hygiene', 'Conduct employee security awareness training', 'Implement strong email filtering', 'Regularly review access controls']"
unknown,0.9042692805633136,0,Unknown,[],[],0.9042692805633136,High,4521346.402816568,"['Enable Attack Surface Reduction (ASR) rules', 'Implement Local Administrator Password Solution (LAPS)', 'Ensure immutable and offline backups', 'Deploy Application Allowlisting', 'Isolate affected systems from network']"
unknown,0.9042692805633136,1,Unknown,[],[],0.9042692805633136,High,4521346.402816568,"['Enable Attack Surface Reduction (ASR) rules', 'Implement Local Administrator Password Solution (LAPS)', 'Ensure immutable and offline backups', 'Deploy Application Allowlisting', 'Isolate affected systems from network']"
unknown,0.003310450811489,0,Unknown,[],[],0.003310450811489,Low,16552.254057445,"['Maintain continuous security monitoring', 'Ensure robust security hygiene', 'Conduct employee security awareness training', 'Implement strong email filtering', 'Regularly review access controls']"
unknown,0.9042692805633136,0,Unknown,[],[],0.9042692805633136,High,4521346.402816568,"['Enable Attack Surface Reduction (ASR) rules', 'Implement Local Administrator Password Solution (LAPS)', 'Ensure immutable and offline backups', 'Deploy Application Allowlisting', 'Isolate affected systems from network']"
unknown,0.9042692805633136,1,Unknown,[],[],0.9042692805633136,High,4521346.402816568,"['Enable Attack Surface Reduction (ASR) rules', 'Implement Local Administrator Password Solution (LAPS)', 'Ensure immutable and offline backups', 'Deploy Application Allowlisting', 'Isolate affected systems from network']"
unknown,0.9042692805633136,1,Unknown,[],[],0.9042692805633136,High,4521346.402816568,"['Enable Attack Surface Reduction (ASR) rules', 'Implement Local Administrator Password Solution (LAPS)', 'Ensure immutable and offline backups', 'Deploy Application Allowlisting', 'Isolate affected systems from network']"
unknown,0.9042692805633136,0,Unknown,[],[],0.9042692805633136,High,4521346.402816568,"['Enable Attack Surface Reduction (ASR) rules', 'Implement Local Administrator Password Solution (LAPS)', 'Ensure immutable and offline backups', 'Deploy Application Allowlisting', 'Isolate affected systems from network']"
unknown,0.9042692805633136,1,Unknown,[],[],0.9042692805633136,High,4521346.402816568,"['Enable Attack Surface Reduction (ASR) rules', 'Implement Local Administrator Password Solution (LAPS)', 'Ensure immutable and offline backups', 'Deploy Application Allowlisting', 'Isolate affected systems from network']"
unknown,0.0033104508115225,0,Unknown,[],[],0.0033104508115225,Low,16552.2540576125,"['Maintain continuous security monitoring', 'Ensure robust security hygiene', 'Conduct employee security awareness training', 'Implement strong email filtering', 'Regularly review access controls']"
unknown,0.9042692805633136,0,Unknown,[],[],0.9042692805633136,High,4521346.402816568,"['Enable Attack Surface Reduction (ASR) rules', 'Implement Local Administrator Password Solution (LAPS)', 'Ensure immutable and offline backups', 'Deploy Application Allowlisting', 'Isolate affected systems from network']"
unknown,0.9042692805633136,0,Unknown,[],[],0.9042692805633136,High,4521346.402816568,"['Enable Attack Surface Reduction (ASR) rules', 'Implement Local Administrator Password Solution (LAPS)', 'Ensure immutable and offline backups', 'Deploy Application Allowlisting', 'Isolate affected systems from network']"
unknown,0.9042692805633136,1,Unknown,[],[],0.9042692805633136,High,4521346.402816568,"['Enable Attack Surface Reduction (ASR) rules', 'Implement Local Administrator Password Solution (LAPS)', 'Ensure immutable and offline backups', 'Deploy Application Allowlisting', 'Isolate affected systems from network']"
unknown,0.9042692805633136,0,Unknown,[],[],0.9042692805633136,High,4521346.402816568,"['Enable Attack Surface Reduction (ASR) rules', 'Implement Local Administrator Password Solution (LAPS)', 'Ensure immutable and offline backups', 'Deploy Application Allowlisting', 'Isolate affected systems from network']"
unknown,0.9042692805633136,0,Unknown,[],[],0.9042692805633136,High,4521346.402816568,"['Enable Attack Surface Reduction (ASR) rules', 'Implement Local Administrator Password Solution (LAPS)', 'Ensure immutable and offline backups', 'Deploy Application Allowlisting', 'Isolate affected systems from network']"
unknown,0.0033104508115333,0,Unknown,[],[],0.0033104508115333,Low,16552.2540576665,"['Maintain continuous security monitoring', 'Ensure robust security hygiene', 'Conduct employee security awareness training', 'Implement strong email filtering', 'Regularly review access controls']"
unknown,0.0033104508114933,0,Unknown,[],[],0.0033104508114933,Low,16552.2540574665,"['Maintain continuous security monitoring', 'Ensure robust security hygiene', 'Conduct employee security awareness training', 'Implement strong email filtering', 'Regularly review access controls']"
ursap,0.0034876895568891,0,GenericMalware,"['T1486', 'T1055', 'T1027']","['D3-BAC', 'D3-BDR', 'D3-SAW']",0.0034876895568891,Low,17438.4477844455,"['Maintain continuous security monitoring', 'Ensure robust security hygiene', 'Conduct employee security awareness training', 'Implement strong email filtering', 'Regularly review access controls']"
bedep,0.0033104500031795,0,Bedep,"['T1486', 'T1055', 'T1027']","['D3-BAC', 'D3-BDR', 'D3-SAW']",0.0033104500031795,Low,16552.2500158975,"['Maintain continuous security monitoring', 'Ensure robust security hygiene', 'Conduct employee security awareness training', 'Implement strong email filtering', 'Regularly review access controls']"
unknown,0.9042692805633136,0,Unknown,[],[],0.9042692805633136,High,4521346.402816568,"['Enable Attack Surface Reduction (ASR) rules', 'Implement Local Administrator Password Solution (LAPS)', 'Ensure immutable and offline backups', 'Deploy Application Allowlisting', 'Isolate affected systems from network']"
wacatac,0.0033104508115333,0,Wacatac,"['T1486', 'T1055', 'T1027']","['D3-BAC', 'D3-BDR', 'D3-SAW']",0.0033104508115333,Low,16552.2540576665,"['Maintain continuous security monitoring', 'Ensure robust security hygiene', 'Conduct employee security awareness training', 'Implement strong email filtering', 'Regularly review access controls']"
unknown,0.9042692805633136,1,Unknown,[],[],0.9042692805633136,High,4521346.402816568,"['Enable Attack Surface Reduction (ASR) rules', 'Implement Local Administrator Password Solution (LAPS)', 'Ensure immutable and offline backups', 'Deploy Application Allowlisting', 'Isolate affected systems from network']"
unknown,0.9042692805633136,1,Unknown,[],[],0.9042692805633136,High,4521346.402816568,"['Enable Attack Surface Reduction (ASR) rules', 'Implement Local Administrator Password Solution (LAPS)', 'Ensure immutable and offline backups', 'Deploy Application Allowlisting', 'Isolate affected systems from network']"
trollav,0.0033104508115784,0,TrollAv,"['T1486', 'T1055', 'T1027']","['D3-BAC', 'D3-BDR', 'D3-SAW']",0.0033104508115784,Low,16552.254057891998,"['Maintain continuous security monitoring', 'Ensure robust security hygiene', 'Conduct employee security awareness training', 'Implement strong email filtering', 'Regularly review access controls']"
gator,0.0033104508115333,0,GenericMalware,"['T1486', 'T1055', 'T1027']","['D3-BAC', 'D3-BDR', 'D3-SAW']",0.0033104508115333,Low,16552.2540576665,"['Maintain continuous security monitoring', 'Ensure robust security hygiene', 'Conduct employee security awareness training', 'Implement strong email filtering', 'Regularly review access controls']"
unknown,0.9042692805633136,0,Unknown,[],[],0.9042692805633136,High,4521346.402816568,"['Enable Attack Surface Reduction (ASR) rules', 'Implement Local Administrator Password Solution (LAPS)', 'Ensure immutable and offline backups', 'Deploy Application Allowlisting', 'Isolate affected systems from network']"
alien,0.0033104508115843,0,Alien,"['T1486', 'T1055', 'T1027']","['D3-BAC', 'D3-BDR', 'D3-SAW']",0.0033104508115843,Low,16552.254057921502,"['Maintain continuous security monitoring', 'Ensure robust security hygiene', 'Conduct employee security awareness training', 'Implement strong email filtering', 'Regularly review access controls']"
unknown,0.9042692805633136,0,Unknown,[],[],0.9042692805633136,High,4521346.402816568,"['Enable Attack Surface Reduction (ASR) rules', 'Implement Local Administrator Password Solution (LAPS)', 'Ensure immutable and offline backups', 'Deploy Application Allowlisting', 'Isolate affected systems from network']"
unknown,0.9042692805633136,0,Unknown,[],[],0.9042692805633136,High,4521346.402816568,"['Enable Attack Surface Reduction (ASR) rules', 'Implement Local Administrator Password Solution (LAPS)', 'Ensure immutable and offline backups', 'Deploy Application Allowlisting', 'Isolate affected systems from network']"
unknown,0.003345489346825,0,Unknown,[],[],0.003345489346825,Low,16727.446734125,"['Maintain continuous security monitoring', 'Ensure robust security hygiene', 'Conduct employee security awareness training', 'Implement strong email filtering', 'Regularly review access controls']"
expiro,0.0033104508115046,0,Expiro,"['T1486', 'T1055', 'T1027']","['D3-BAC', 'D3-BDR', 'D3-SAW']",0.0033104508115046,Low,16552.254057523,"['Maintain continuous security monitoring', 'Ensure robust security hygiene', 'Conduct employee security awareness training', 'Implement strong email filtering', 'Regularly review access controls']"
unknown,0.9042692805633136,1,Unknown,[],[],0.9042692805633136,High,4521346.402816568,"['Enable Attack Surface Reduction (ASR) rules', 'Implement Local Administrator Password Solution (LAPS)', 'Ensure immutable and offline backups', 'Deploy Application Allowlisting', 'Isolate affected systems from network']"
unknown,0.9042692805633136,1,Unknown,[],[],0.9042692805633136,High,4521346.402816568,"['Enable Attack Surface Reduction (ASR) rules', 'Implement Local Administrator Password Solution (LAPS)', 'Ensure immutable and offline backups', 'Deploy Application Allowlisting', 'Isolate affected systems from network']"
unknown,0.0033104508115333,0,Unknown,[],[],0.0033104508115333,Low,16552.2540576665,"['Maintain continuous security monitoring', 'Ensure robust security hygiene', 'Conduct employee security awareness training', 'Implement strong email filtering', 'Regularly review access controls']"
expiro,0.0033104508115333,0,Expiro,"['T1486', 'T1055', 'T1027']","['D3-BAC', 'D3-BDR', 'D3-SAW']",0.0033104508115333,Low,16552.2540576665,"['Maintain continuous security monitoring', 'Ensure robust security hygiene', 'Conduct employee security awareness training', 'Implement strong email filtering', 'Regularly review access controls']"
cosmu,0.0033104508115309,0,Cosmu,"['T1486', 'T1055', 'T1027']","['D3-BAC', 'D3-BDR', 'D3-SAW']",0.0033104508115309,Low,16552.2540576545,"['Maintain continuous security monitoring', 'Ensure robust security hygiene', 'Conduct employee security awareness training', 'Implement strong email filtering', 'Regularly review access controls']"
unknown,0.9042692805633136,1,Unknown,[],[],0.9042692805633136,High,4521346.402816568,"['Enable Attack Surface Reduction (ASR) rules', 'Implement Local Administrator Password Solution (LAPS)', 'Ensure immutable and offline backups', 'Deploy Application Allowlisting', 'Isolate affected systems from network']"
unknown,0.9042692805633136,1,Unknown,[],[],0.9042692805633136,High,4521346.402816568,"['Enable Attack Surface Reduction (ASR) rules', 'Implement Local Administrator Password Solution (LAPS)', 'Ensure immutable and offline backups', 'Deploy Application Allowlisting', 'Isolate affected systems from network']"
unknown,0.9042692805633136,0,Unknown,[],[],0.9042692805633136,High,4521346.402816568,"['Enable Attack Surface Reduction (ASR) rules', 'Implement Local Administrator Password Solution (LAPS)', 'Ensure immutable and offline backups', 'Deploy Application Allowlisting', 'Isolate affected systems from network']"
unknown,0.9042692805633136,0,Unknown,[],[],0.9042692805633136,High,4521346.402816568,"['Enable Attack Surface Reduction (ASR) rules', 'Implement Local Administrator Password Solution (LAPS)', 'Ensure immutable and offline backups', 'Deploy Application Allowlisting', 'Isolate affected systems from network']"
unknown,0.9042692805633136,0,Unknown,[],[],0.9042692805633136,High,4521346.402816568,"['Enable Attack Surface Reduction (ASR) rules', 'Implement Local Administrator Password Solution (LAPS)', 'Ensure immutable and offline backups', 'Deploy Application Allowlisting', 'Isolate affected systems from network']"
wacatac,0.0033104508115205,0,Wacatac,"['T1486', 'T1055', 'T1027']","['D3-BAC', 'D3-BDR', 'D3-SAW']",0.0033104508115205,Low,16552.2540576025,"['Maintain continuous security monitoring', 'Ensure robust security hygiene', 'Conduct employee security awareness training', 'Implement strong email filtering', 'Regularly review access controls']"
unknown,0.9042692805633136,0,Unknown,[],[],0.9042692805633136,High,4521346.402816568,"['Enable Attack Surface Reduction (ASR) rules', 'Implement Local Administrator Password Solution (LAPS)', 'Ensure immutable and offline backups', 'Deploy Application Allowlisting', 'Isolate affected systems from network']"
unknown,0.0033104508115333,0,Unknown,[],[],0.0033104508115333,Low,16552.2540576665,"['Maintain continuous security monitoring', 'Ensure robust security hygiene', 'Conduct employee security awareness training', 'Implement strong email filtering', 'Regularly review access controls']"
floxif,0.0033104508115309,0,GenericMalware,"['T1486', 'T1055', 'T1027']","['D3-BAC', 'D3-BDR', 'D3-SAW']",0.0033104508115309,Low,16552.2540576545,"['Maintain continuous security monitoring', 'Ensure robust security hygiene', 'Conduct employee security awareness training', 'Implement strong email filtering', 'Regularly review access controls']"
meduza,0.0033104508115318,0,GenericMalware,"['T1486', 'T1055', 'T1027']","['D3-BAC', 'D3-BDR', 'D3-SAW']",0.0033104508115318,Low,16552.254057659,"['Maintain continuous security monitoring', 'Ensure robust security hygiene', 'Conduct employee security awareness training', 'Implement strong email filtering', 'Regularly review access controls']"
unknown,0.9042692805633136,1,Unknown,[],[],0.9042692805633136,High,4521346.402816568,"['Enable Attack Surface Reduction (ASR) rules', 'Implement Local Administrator Password Solution (LAPS)', 'Ensure immutable and offline backups', 'Deploy Application Allowlisting', 'Isolate affected systems from network']"
unknown,0.9042692805633136,0,Unknown,[],[],0.9042692805633136,High,4521346.402816568,"['Enable Attack Surface Reduction (ASR) rules', 'Implement Local Administrator Password Solution (LAPS)', 'Ensure immutable and offline backups', 'Deploy Application Allowlisting', 'Isolate affected systems from network']"
unknown,0.9042692805633136,0,Unknown,[],[],0.9042692805633136,High,4521346.402816568,"['Enable Attack Surface Reduction (ASR) rules', 'Implement Local Administrator Password Solution (LAPS)', 'Ensure immutable and offline backups', 'Deploy Application Allowlisting', 'Isolate affected systems from network']"
unknown,0.0033104508115868,0,Unknown,[],[],0.0033104508115868,Low,16552.254057934,"['Maintain continuous security monitoring', 'Ensure robust security hygiene', 'Conduct employee security awareness training', 'Implement strong email filtering', 'Regularly review access controls']"
unknown,0.9042692805633136,0,Unknown,[],[],0.9042692805633136,High,4521346.402816568,"['Enable Attack Surface Reduction (ASR) rules', 'Implement Local Administrator Password Solution (LAPS)', 'Ensure immutable and offline backups', 'Deploy Application Allowlisting', 'Isolate affected systems from network']"
unknown,0.0033454389820513,0,Unknown,[],[],0.0033454389820513,Low,16727.1949102565,"['Maintain continuous security monitoring', 'Ensure robust security hygiene', 'Conduct employee security awareness training', 'Implement strong email filtering', 'Regularly review access controls']"
unknown,0.9042692805633136,1,Unknown,[],[],0.9042692805633136,High,4521346.402816568,"['Enable Attack Surface Reduction (ASR) rules', 'Implement Local Administrator Password Solution (LAPS)', 'Ensure immutable and offline backups', 'Deploy Application Allowlisting', 'Isolate affected systems from network']"
unknown,0.0033104508115333,0,Unknown,[],[],0.0033104508115333,Low,16552.2540576665,"['Maintain continuous security monitoring', 'Ensure robust security hygiene', 'Conduct employee security awareness training', 'Implement strong email filtering', 'Regularly review access controls']"
unknown,0.0033104508115294,0,Unknown,[],[],0.0033104508115294,Low,16552.254057647002,"['Maintain continuous security monitoring', 'Ensure robust security hygiene', 'Conduct employee security awareness training', 'Implement strong email filtering', 'Regularly review access controls']"
unknown,0.0033104508115333,0,Unknown,[],[],0.0033104508115333,Low,16552.2540576665,"['Maintain continuous security monitoring', 'Ensure robust security hygiene', 'Conduct employee security awareness training', 'Implement strong email filtering', 'Regularly review access controls']"
unknown,0.9042692805633136,1,Unknown,[],[],0.9042692805633136,High,4521346.402816568,"['Enable Attack Surface Reduction (ASR) rules', 'Implement Local Administrator Password Solution (LAPS)', 'Ensure immutable and offline backups', 'Deploy Application Allowlisting', 'Isolate affected systems from network']"
grandoreiro,0.0033104508115869,0,Grandoreiro,"['T1486', 'T1055', 'T1027']","['D3-BAC', 'D3-BDR', 'D3-SAW']",0.0033104508115869,Low,16552.2540579345,"['Maintain continuous security monitoring', 'Ensure robust security hygiene', 'Conduct employee security awareness training', 'Implement strong email filtering', 'Regularly review access controls']"
unknown,0.9042692805633136,0,Unknown,[],[],0.9042692805633136,High,4521346.402816568,"['Enable Attack Surface Reduction (ASR) rules', 'Implement Local Administrator Password Solution (LAPS)', 'Ensure immutable and offline backups', 'Deploy Application Allowlisting', 'Isolate affected systems from network']"
unknown,0.0033104508114552,0,Unknown,[],[],0.0033104508114552,Low,16552.254057276,"['Maintain continuous security monitoring', 'Ensure robust security hygiene', 'Conduct employee security awareness training', 'Implement strong email filtering', 'Regularly review access controls']"
unknown,0.0033104473248358,0,Unknown,[],[],0.0033104473248358,Low,16552.236624179,"['Maintain continuous security monitoring', 'Ensure robust security hygiene', 'Conduct employee security awareness training', 'Implement strong email filtering', 'Regularly review access controls']"
unknown,0.0033104508115333,0,Unknown,[],[],0.0033104508115333,Low,16552.2540576665,"['Maintain continuous security monitoring', 'Ensure robust security hygiene', 'Conduct employee security awareness training', 'Implement strong email filtering', 'Regularly review access controls']"
unknown,0.9042692805633136,0,Unknown,[],[],0.9042692805633136,High,4521346.402816568,"['Enable Attack Surface Reduction (ASR) rules', 'Implement Local Administrator Password Solution (LAPS)', 'Ensure immutable and offline backups', 'Deploy Application Allowlisting', 'Isolate affected systems from network']"
almanahe,0.0033104508115333,0,GenericMalware,"['T1486', 'T1055', 'T1027']","['D3-BAC', 'D3-BDR', 'D3-SAW']",0.0033104508115333,Low,16552.2540576665,"['Maintain continuous security monitoring', 'Ensure robust security hygiene', 'Conduct employee security awareness training', 'Implement strong email filtering', 'Regularly review access controls']"
almanahe,0.0033104508115318,0,GenericMalware,"['T1486', 'T1055', 'T1027']","['D3-BAC', 'D3-BDR', 'D3-SAW']",0.0033104508115318,Low,16552.254057659,"['Maintain continuous security monitoring', 'Ensure robust security hygiene', 'Conduct employee security awareness training', 'Implement strong email filtering', 'Regularly review access controls']"
unknown,0.9042692805633136,0,Unknown,[],[],0.9042692805633136,High,4521346.402816568,"['Enable Attack Surface Reduction (ASR) rules', 'Implement Local Administrator Password Solution (LAPS)', 'Ensure immutable and offline backups', 'Deploy Application Allowlisting', 'Isolate affected systems from network']"
unknown,0.0033104508115333,0,Unknown,[],[],0.0033104508115333,Low,16552.2540576665,"['Maintain continuous security monitoring', 'Ensure robust security hygiene', 'Conduct employee security awareness training', 'Implement strong email filtering', 'Regularly review access controls']"
unknown,0.9042692805633136,0,Unknown,[],[],0.9042692805633136,High,4521346.402816568,"['Enable Attack Surface Reduction (ASR) rules', 'Implement Local Administrator Password Solution (LAPS)', 'Ensure immutable and offline backups', 'Deploy Application Allowlisting', 'Isolate affected systems from network']"
unknown,0.9042692805633136,0,Unknown,[],[],0.9042692805633136,High,4521346.402816568,"['Enable Attack Surface Reduction (ASR) rules', 'Implement Local Administrator Password Solution (LAPS)', 'Ensure immutable and offline backups', 'Deploy Application Allowlisting', 'Isolate affected systems from network']"
unknown,0.0033104508115333,0,Unknown,[],[],0.0033104508115333,Low,16552.2540576665,"['Maintain continuous security monitoring', 'Ensure robust security hygiene', 'Conduct employee security awareness training', 'Implement strong email filtering', 'Regularly review access controls']"
unknown,0.0033104508115294,0,Unknown,[],[],0.0033104508115294,Low,16552.254057647002,"['Maintain continuous security monitoring', 'Ensure robust security hygiene', 'Conduct employee security awareness training', 'Implement strong email filtering', 'Regularly review access controls']"
berbew,0.0033104508115333,0,Berbew,"['T1486', 'T1055', 'T1027']","['D3-BAC', 'D3-BDR', 'D3-SAW']",0.0033104508115333,Low,16552.2540576665,"['Maintain continuous security monitoring', 'Ensure robust security hygiene', 'Conduct employee security awareness training', 'Implement strong email filtering', 'Regularly review access controls']"
unknown,0.0033104508114933,0,Unknown,[],[],0.0033104508114933,Low,16552.2540574665,"['Maintain continuous security monitoring', 'Ensure robust security hygiene', 'Conduct employee security awareness training', 'Implement strong email filtering', 'Regularly review access controls']"
unknown,0.0033104508115333,0,Unknown,[],[],0.0033104508115333,Low,16552.2540576665,"['Maintain continuous security monitoring', 'Ensure robust security hygiene', 'Conduct employee security awareness training', 'Implement strong email filtering', 'Regularly review access controls']"
unknown,0.9042692805633136,0,Unknown,[],[],0.9042692805633136,High,4521346.402816568,"['Enable Attack Surface Reduction (ASR) rules', 'Implement Local Administrator Password Solution (LAPS)', 'Ensure immutable and offline backups', 'Deploy Application Allowlisting', 'Isolate affected systems from network']"
unknown,0.9042692805633136,1,Unknown,[],[],0.9042692805633136,High,4521346.402816568,"['Enable Attack Surface Reduction (ASR) rules', 'Implement Local Administrator Password Solution (LAPS)', 'Ensure immutable and offline backups', 'Deploy Application Allowlisting', 'Isolate affected systems from network']"
unknown,0.0033104508115333,0,Unknown,[],[],0.0033104508115333,Low,16552.2540576665,"['Maintain continuous security monitoring', 'Ensure robust security hygiene', 'Conduct employee security awareness training', 'Implement strong email filtering', 'Regularly review access controls']"
shelm,0.0033104508115333,0,Shelm,"['T1486', 'T1055', 'T1027']","['D3-BAC', 'D3-BDR', 'D3-SAW']",0.0033104508115333,Low,16552.2540576665,"['Maintain continuous security monitoring', 'Ensure robust security hygiene', 'Conduct employee security awareness training', 'Implement strong email filtering', 'Regularly review access controls']"
unknown,0.9042692805633136,0,Unknown,[],[],0.9042692805633136,High,4521346.402816568,"['Enable Attack Surface Reduction (ASR) rules', 'Implement Local Administrator Password Solution (LAPS)', 'Ensure immutable and offline backups', 'Deploy Application Allowlisting', 'Isolate affected systems from network']"
unknown,0.9042692805633136,1,Unknown,[],[],0.9042692805633136,High,4521346.402816568,"['Enable Attack Surface Reduction (ASR) rules', 'Implement Local Administrator Password Solution (LAPS)', 'Ensure immutable and offline backups', 'Deploy Application Allowlisting', 'Isolate affected systems from network']"
unknown,0.9042692805633136,0,Unknown,[],[],0.9042692805633136,High,4521346.402816568,"['Enable Attack Surface Reduction (ASR) rules', 'Implement Local Administrator Password Solution (LAPS)', 'Ensure immutable and offline backups', 'Deploy Application Allowlisting', 'Isolate affected systems from network']"
unknown,0.9042692805633136,1,Unknown,[],[],0.9042692805633136,High,4521346.402816568,"['Enable Attack Surface Reduction (ASR) rules', 'Implement Local Administrator Password Solution (LAPS)', 'Ensure immutable and offline backups', 'Deploy Application Allowlisting', 'Isolate affected systems from network']"
unknown,0.0033104508115293,0,Unknown,[],[],0.0033104508115293,Low,16552.2540576465,"['Maintain continuous security monitoring', 'Ensure robust security hygiene', 'Conduct employee security awareness training', 'Implement strong email filtering', 'Regularly review access controls']"
vigorf,0.0033104508115333,0,GenericMalware,"['T1486', 'T1055', 'T1027']","['D3-BAC', 'D3-BDR', 'D3-SAW']",0.0033104508115333,Low,16552.2540576665,"['Maintain continuous security monitoring', 'Ensure robust security hygiene', 'Conduct employee security awareness training', 'Implement strong email filtering', 'Regularly review access controls']"
unknown,0.9042692805633136,1,Unknown,[],[],0.9042692805633136,High,4521346.402816568,"['Enable Attack Surface Reduction (ASR) rules', 'Implement Local Administrator Password Solution (LAPS)', 'Ensure immutable and offline backups', 'Deploy Application Allowlisting', 'Isolate affected systems from network']"
unknown,0.9042692805633136,0,Unknown,[],[],0.9042692805633136,High,4521346.402816568,"['Enable Attack Surface Reduction (ASR) rules', 'Implement Local Administrator Password Solution (LAPS)', 'Ensure immutable and offline backups', 'Deploy Application Allowlisting', 'Isolate affected systems from network']"
berbew,0.0033104508115333,0,Berbew,"['T1486', 'T1055', 'T1027']","['D3-BAC', 'D3-BDR', 'D3-SAW']",0.0033104508115333,Low,16552.2540576665,"['Maintain continuous security monitoring', 'Ensure robust security hygiene', 'Conduct employee security awareness training', 'Implement strong email filtering', 'Regularly review access controls']"
unknown,0.0033104508115333,0,Unknown,[],[],0.0033104508115333,Low,16552.2540576665,"['Maintain continuous security monitoring', 'Ensure robust security hygiene', 'Conduct employee security awareness training', 'Implement strong email filtering', 'Regularly review access controls']"
unknown,0.0033104508115333,0,Unknown,[],[],0.0033104508115333,Low,16552.2540576665,"['Maintain continuous security monitoring', 'Ensure robust security hygiene', 'Conduct employee security awareness training', 'Implement strong email filtering', 'Regularly review access controls']"
unknown,0.0033104508115333,0,Unknown,[],[],0.0033104508115333,Low,16552.2540576665,"['Maintain continuous security monitoring', 'Ensure robust security hygiene', 'Conduct employee security awareness training', 'Implement strong email filtering', 'Regularly review access controls']"
unknown,0.9042692805633136,0,Unknown,[],[],0.9042692805633136,High,4521346.402816568,"['Enable Attack Surface Reduction (ASR) rules', 'Implement Local Administrator Password Solution (LAPS)', 'Ensure immutable and offline backups', 'Deploy Application Allowlisting', 'Isolate affected systems from network']"
unknown,0.9042692805633136,0,Unknown,[],[],0.9042692805633136,High,4521346.402816568,"['Enable Attack Surface Reduction (ASR) rules', 'Implement Local Administrator Password Solution (LAPS)', 'Ensure immutable and offline backups', 'Deploy Application Allowlisting', 'Isolate affected systems from network']"
unknown,0.0033104508115186,0,Unknown,[],[],0.0033104508115186,Low,16552.254057593,"['Maintain continuous security monitoring', 'Ensure robust security hygiene', 'Conduct employee security awareness training', 'Implement strong email filtering', 'Regularly review access controls']"
unknown,0.0033104508115333,0,Unknown,[],[],0.0033104508115333,Low,16552.2540576665,"['Maintain continuous security monitoring', 'Ensure robust security hygiene', 'Conduct employee security awareness training', 'Implement strong email filtering', 'Regularly review access controls']"
glider,0.0033104508114616,0,GenericMalware,"['T1486', 'T1055', 'T1027']","['D3-BAC', 'D3-BDR', 'D3-SAW']",0.0033104508114616,Low,16552.254057308,"['Maintain continuous security monitoring', 'Ensure robust security hygiene', 'Conduct employee security awareness training', 'Implement strong email filtering', 'Regularly review access controls']"
eggnog,0.0033104508115333,0,Eggnog,"['T1486', 'T1055', 'T1027']","['D3-BAC', 'D3-BDR', 'D3-SAW']",0.0033104508115333,Low,16552.2540576665,"['Maintain continuous security monitoring', 'Ensure robust security hygiene', 'Conduct employee security awareness training', 'Implement strong email filtering', 'Regularly review access controls']"
unknown,0.9042692805633136,0,Unknown,[],[],0.9042692805633136,High,4521346.402816568,"['Enable Attack Surface Reduction (ASR) rules', 'Implement Local Administrator Password Solution (LAPS)', 'Ensure immutable and offline backups', 'Deploy Application Allowlisting', 'Isolate affected systems from network']"
shelm,0.003310450811489,0,Shelm,"['T1486', 'T1055', 'T1027']","['D3-BAC', 'D3-BDR', 'D3-SAW']",0.003310450811489,Low,16552.254057445,"['Maintain continuous security monitoring', 'Ensure robust security hygiene', 'Conduct employee security awareness training', 'Implement strong email filtering', 'Regularly review access controls']"
unknown,0.0033104508115869,0,Unknown,[],[],0.0033104508115869,Low,16552.2540579345,"['Maintain continuous security monitoring', 'Ensure robust security hygiene', 'Conduct employee security awareness training', 'Implement strong email filtering', 'Regularly review access controls']"
unknown,0.9042692805633136,1,Unknown,[],[],0.9042692805633136,High,4521346.402816568,"['Enable Attack Surface Reduction (ASR) rules', 'Implement Local Administrator Password Solution (LAPS)', 'Ensure immutable and offline backups', 'Deploy Application Allowlisting', 'Isolate affected systems from network']"
unknown,0.0033104508115097,0,Unknown,[],[],0.0033104508115097,Low,16552.2540575485,"['Maintain continuous security monitoring', 'Ensure robust security hygiene', 'Conduct employee security awareness training', 'Implement strong email filtering', 'Regularly review access controls']"
unknown,0.9042692805633136,1,Unknown,[],[],0.9042692805633136,High,4521346.402816568,"['Enable Attack Surface Reduction (ASR) rules', 'Implement Local Administrator Password Solution (LAPS)', 'Ensure immutable and offline backups', 'Deploy Application Allowlisting', 'Isolate affected systems from network']"
agenttesla,0.0033104468656574,0,GenericMalware,"['T1486', 'T1055', 'T1027']","['D3-BAC', 'D3-BDR', 'D3-SAW']",0.0033104468656574,Low,16552.234328287,"['Maintain continuous security monitoring', 'Ensure robust security hygiene', 'Conduct employee security awareness training', 'Implement strong email filtering', 'Regularly review access controls']"
unknown,0.9042692805633136,1,Unknown,[],[],0.9042692805633136,High,4521346.402816568,"['Enable Attack Surface Reduction (ASR) rules', 'Implement Local Administrator Password Solution (LAPS)', 'Ensure immutable and offline backups', 'Deploy Application Allowlisting', 'Isolate affected systems from network']"
unknown,0.0033104508115097,0,Unknown,[],[],0.0033104508115097,Low,16552.2540575485,"['Maintain continuous security monitoring', 'Ensure robust security hygiene', 'Conduct employee security awareness training', 'Implement strong email filtering', 'Regularly review access controls']"
unknown,0.0033104508115333,0,Unknown,[],[],0.0033104508115333,Low,16552.2540576665,"['Maintain continuous security monitoring', 'Ensure robust security hygiene', 'Conduct employee security awareness training', 'Implement strong email filtering', 'Regularly review access controls']"
unknown,0.9042692805633136,1,Unknown,[],[],0.9042692805633136,High,4521346.402816568,"['Enable Attack Surface Reduction (ASR) rules', 'Implement Local Administrator Password Solution (LAPS)', 'Ensure immutable and offline backups', 'Deploy Application Allowlisting', 'Isolate affected systems from network']"
unknown,0.9042692805633136,1,Unknown,[],[],0.9042692805633136,High,4521346.402816568,"['Enable Attack Surface Reduction (ASR) rules', 'Implement Local Administrator Password Solution (LAPS)', 'Ensure immutable and offline backups', 'Deploy Application Allowlisting', 'Isolate affected systems from network']"
unknown,0.0033104508115061,0,Unknown,[],[],0.0033104508115061,Low,16552.2540575305,"['Maintain continuous security monitoring', 'Ensure robust security hygiene', 'Conduct employee security awareness training', 'Implement strong email filtering', 'Regularly review access controls']"
unknown,0.0033104508115333,0,Unknown,[],[],0.0033104508115333,Low,16552.2540576665,"['Maintain continuous security monitoring', 'Ensure robust security hygiene', 'Conduct employee security awareness training', 'Implement strong email filtering', 'Regularly review access controls']"
unknown,0.9042692805633136,0,Unknown,[],[],0.9042692805633136,High,4521346.402816568,"['Enable Attack Surface Reduction (ASR) rules', 'Implement Local Administrator Password Solution (LAPS)', 'Ensure immutable and offline backups', 'Deploy Application Allowlisting', 'Isolate affected systems from network']"
unknown,0.0033104508114508,0,Unknown,[],[],0.0033104508114508,Low,16552.254057254002,"['Maintain continuous security monitoring', 'Ensure robust security hygiene', 'Conduct employee security awareness training', 'Implement strong email filtering', 'Regularly review access controls']"
unknown,0.9042692805633136,0,Unknown,[],[],0.9042692805633136,High,4521346.402816568,"['Enable Attack Surface Reduction (ASR) rules', 'Implement Local Administrator Password Solution (LAPS)', 'Ensure immutable and offline backups', 'Deploy Application Allowlisting', 'Isolate affected systems from network']"
unknown,0.9042692805633136,0,Unknown,[],[],0.9042692805633136,High,4521346.402816568,"['Enable Attack Surface Reduction (ASR) rules', 'Implement Local Administrator Password Solution (LAPS)', 'Ensure immutable and offline backups', 'Deploy Application Allowlisting', 'Isolate affected systems from network']"
sfone,0.0033104508115333,0,SFOne,"['T1486', 'T1055', 'T1027']","['D3-BAC', 'D3-BDR', 'D3-SAW']",0.0033104508115333,Low,16552.2540576665,"['Maintain continuous security monitoring', 'Ensure robust security hygiene', 'Conduct employee security awareness training', 'Implement strong email filtering', 'Regularly review access controls']"
unknown,0.0033104508115333,0,Unknown,[],[],0.0033104508115333,Low,16552.2540576665,"['Maintain continuous security monitoring', 'Ensure robust security hygiene', 'Conduct employee security awareness training', 'Implement strong email filtering', 'Regularly review access controls']"
unknown,0.9042692805633136,0,Unknown,[],[],0.9042692805633136,High,4521346.402816568,"['Enable Attack Surface Reduction (ASR) rules', 'Implement Local Administrator Password Solution (LAPS)', 'Ensure immutable and offline backups', 'Deploy Application Allowlisting', 'Isolate affected systems from network']"
unknown,0.9042692805633136,1,Unknown,[],[],0.9042692805633136,High,4521346.402816568,"['Enable Attack Surface Reduction (ASR) rules', 'Implement Local Administrator Password Solution (LAPS)', 'Ensure immutable and offline backups', 'Deploy Application Allowlisting', 'Isolate affected systems from network']"
unknown,0.9042692805633136,1,Unknown,[],[],0.9042692805633136,High,4521346.402816568,"['Enable Attack Surface Reduction (ASR) rules', 'Implement Local Administrator Password Solution (LAPS)', 'Ensure immutable and offline backups', 'Deploy Application Allowlisting', 'Isolate affected systems from network']"
unknown,0.9042692805633136,0,Unknown,[],[],0.9042692805633136,High,4521346.402816568,"['Enable Attack Surface Reduction (ASR) rules', 'Implement Local Administrator Password Solution (LAPS)', 'Ensure immutable and offline backups', 'Deploy Application Allowlisting', 'Isolate affected systems from network']"
berbew,0.0033104508115868,0,Berbew,"['T1486', 'T1055', 'T1027']","['D3-BAC', 'D3-BDR', 'D3-SAW']",0.0033104508115868,Low,16552.254057934,"['Maintain continuous security monitoring', 'Ensure robust security hygiene', 'Conduct employee security awareness training', 'Implement strong email filtering', 'Regularly review access controls']"
unknown,0.9042692805633136,0,Unknown,[],[],0.9042692805633136,High,4521346.402816568,"['Enable Attack Surface Reduction (ASR) rules', 'Implement Local Administrator Password Solution (LAPS)', 'Ensure immutable and offline backups', 'Deploy Application Allowlisting', 'Isolate affected systems from network']"
unknown,0.0033104508115333,0,Unknown,[],[],0.0033104508115333,Low,16552.2540576665,"['Maintain continuous security monitoring', 'Ensure robust security hygiene', 'Conduct employee security awareness training', 'Implement strong email filtering', 'Regularly review access controls']"
unknown,0.9042692805633136,1,Unknown,[],[],0.9042692805633136,High,4521346.402816568,"['Enable Attack Surface Reduction (ASR) rules', 'Implement Local Administrator Password Solution (LAPS)', 'Ensure immutable and offline backups', 'Deploy Application Allowlisting', 'Isolate affected systems from network']"
unknown,0.0033104508115333,0,Unknown,[],[],0.0033104508115333,Low,16552.2540576665,"['Maintain continuous security monitoring', 'Ensure robust security hygiene', 'Conduct employee security awareness training', 'Implement strong email filtering', 'Regularly review access controls']"
unknown,0.9042692805633136,0,Unknown,[],[],0.9042692805633136,High,4521346.402816568,"['Enable Attack Surface Reduction (ASR) rules', 'Implement Local Administrator Password Solution (LAPS)', 'Ensure immutable and offline backups', 'Deploy Application Allowlisting', 'Isolate affected systems from network']"
unknown,0.0033104508115196,0,Unknown,[],[],0.0033104508115196,Low,16552.254057598002,"['Maintain continuous security monitoring', 'Ensure robust security hygiene', 'Conduct employee security awareness training', 'Implement strong email filtering', 'Regularly review access controls']"
unknown,0.9042692805633136,0,Unknown,[],[],0.9042692805633136,High,4521346.402816568,"['Enable Attack Surface Reduction (ASR) rules', 'Implement Local Administrator Password Solution (LAPS)', 'Ensure immutable and offline backups', 'Deploy Application Allowlisting', 'Isolate affected systems from network']"
unknown,0.9042692805633136,1,Unknown,[],[],0.9042692805633136,High,4521346.402816568,"['Enable Attack Surface Reduction (ASR) rules', 'Implement Local Administrator Password Solution (LAPS)', 'Ensure immutable and offline backups', 'Deploy Application Allowlisting', 'Isolate affected systems from network']"
unknown,0.9042692805633136,1,Unknown,[],[],0.9042692805633136,High,4521346.402816568,"['Enable Attack Surface Reduction (ASR) rules', 'Implement Local Administrator Password Solution (LAPS)', 'Ensure immutable and offline backups', 'Deploy Application Allowlisting', 'Isolate affected systems from network']"
caynamer,0.0033104508115205,0,GenericMalware,"['T1486', 'T1055', 'T1027']","['D3-BAC', 'D3-BDR', 'D3-SAW']",0.0033104508115205,Low,16552.2540576025,"['Maintain continuous security monitoring', 'Ensure robust security hygiene', 'Conduct employee security awareness training', 'Implement strong email filtering', 'Regularly review access controls']"
wacatac,0.0033104508114618,0,Wacatac,"['T1486', 'T1055', 'T1027']","['D3-BAC', 'D3-BDR', 'D3-SAW']",0.0033104508114618,Low,16552.254057309,"['Maintain continuous security monitoring', 'Ensure robust security hygiene', 'Conduct employee security awareness training', 'Implement strong email filtering', 'Regularly review access controls']"
unknown,0.9042692805633136,0,Unknown,[],[],0.9042692805633136,High,4521346.402816568,"['Enable Attack Surface Reduction (ASR) rules', 'Implement Local Administrator Password Solution (LAPS)', 'Ensure immutable and offline backups', 'Deploy Application Allowlisting', 'Isolate affected systems from network']"
unknown,0.0033104508115333,0,Unknown,[],[],0.0033104508115333,Low,16552.2540576665,"['Maintain continuous security monitoring', 'Ensure robust security hygiene', 'Conduct employee security awareness training', 'Implement strong email filtering', 'Regularly review access controls']"
unknown,0.9042692805633136,1,Unknown,[],[],0.9042692805633136,High,4521346.402816568,"['Enable Attack Surface Reduction (ASR) rules', 'Implement Local Administrator Password Solution (LAPS)', 'Ensure immutable and offline backups', 'Deploy Application Allowlisting', 'Isolate affected systems from network']"
unknown,0.0033104508114618,0,Unknown,[],[],0.0033104508114618,Low,16552.254057309,"['Maintain continuous security monitoring', 'Ensure robust security hygiene', 'Conduct employee security awareness training', 'Implement strong email filtering', 'Regularly review access controls']"
unknown,0.9042692805633136,1,Unknown,[],[],0.9042692805633136,High,4521346.402816568,"['Enable Attack Surface Reduction (ASR) rules', 'Implement Local Administrator Password Solution (LAPS)', 'Ensure immutable and offline backups', 'Deploy Application Allowlisting', 'Isolate affected systems from network']"
unknown,0.9042692805633136,0,Unknown,[],[],0.9042692805633136,High,4521346.402816568,"['Enable Attack Surface Reduction (ASR) rules', 'Implement Local Administrator Password Solution (LAPS)', 'Ensure immutable and offline backups', 'Deploy Application Allowlisting', 'Isolate affected systems from network']"
wacatac,0.003310450811489,0,Wacatac,"['T1486', 'T1055', 'T1027']","['D3-BAC', 'D3-BDR', 'D3-SAW']",0.003310450811489,Low,16552.254057445,"['Maintain continuous security monitoring', 'Ensure robust security hygiene', 'Conduct employee security awareness training', 'Implement strong email filtering', 'Regularly review access controls']"
unknown,0.9042692805633136,0,Unknown,[],[],0.9042692805633136,High,4521346.402816568,"['Enable Attack Surface Reduction (ASR) rules', 'Implement Local Administrator Password Solution (LAPS)', 'Ensure immutable and offline backups', 'Deploy Application Allowlisting', 'Isolate affected systems from network']"
redline,0.0033104508115333,0,RedLine,"['T1486', 'T1055', 'T1027']","['D3-BAC', 'D3-BDR', 'D3-SAW']",0.0033104508115333,Low,16552.2540576665,"['Maintain continuous security monitoring', 'Ensure robust security hygiene', 'Conduct employee security awareness training', 'Implement strong email filtering', 'Regularly review access controls']"
unknown,0.0033104508115333,0,Unknown,[],[],0.0033104508115333,Low,16552.2540576665,"['Maintain continuous security monitoring', 'Ensure robust security hygiene', 'Conduct employee security awareness training', 'Implement strong email filtering', 'Regularly review access controls']"
unknown,0.0033104508115309,0,Unknown,[],[],0.0033104508115309,Low,16552.2540576545,"['Maintain continuous security monitoring', 'Ensure robust security hygiene', 'Conduct employee security awareness training', 'Implement strong email filtering', 'Regularly review access controls']"
unknown,0.9042692805633136,1,Unknown,[],[],0.9042692805633136,High,4521346.402816568,"['Enable Attack Surface Reduction (ASR) rules', 'Implement Local Administrator Password Solution (LAPS)', 'Ensure immutable and offline backups', 'Deploy Application Allowlisting', 'Isolate affected systems from network']"
unknown,0.0033104508115333,0,Unknown,[],[],0.0033104508115333,Low,16552.2540576665,"['Maintain continuous security monitoring', 'Ensure robust security hygiene', 'Conduct employee security awareness training', 'Implement strong email filtering', 'Regularly review access controls']"
unknown,0.9042692805633136,0,Unknown,[],[],0.9042692805633136,High,4521346.402816568,"['Enable Attack Surface Reduction (ASR) rules', 'Implement Local Administrator Password Solution (LAPS)', 'Ensure immutable and offline backups', 'Deploy Application Allowlisting', 'Isolate affected systems from network']"
unknown,0.9042692805633136,1,Unknown,[],[],0.9042692805633136,High,4521346.402816568,"['Enable Attack Surface Reduction (ASR) rules', 'Implement Local Administrator Password Solution (LAPS)', 'Ensure immutable and offline backups', 'Deploy Application Allowlisting', 'Isolate affected systems from network']"
unknown,0.0033104508115333,0,Unknown,[],[],0.0033104508115333,Low,16552.2540576665,"['Maintain continuous security monitoring', 'Ensure robust security hygiene', 'Conduct employee security awareness training', 'Implement strong email filtering', 'Regularly review access controls']"
amadey,0.0033104508115333,0,GenericMalware,"['T1486', 'T1055', 'T1027']","['D3-BAC', 'D3-BDR', 'D3-SAW']",0.0033104508115333,Low,16552.2540576665,"['Maintain continuous security monitoring', 'Ensure robust security hygiene', 'Conduct employee security awareness training', 'Implement strong email filtering', 'Regularly review access controls']"
unknown,0.9042692805633136,1,Unknown,[],[],0.9042692805633136,High,4521346.402816568,"['Enable Attack Surface Reduction (ASR) rules', 'Implement Local Administrator Password Solution (LAPS)', 'Ensure immutable and offline backups', 'Deploy Application Allowlisting', 'Isolate affected systems from network']"
unknown,0.9042692805633136,1,Unknown,[],[],0.9042692805633136,High,4521346.402816568,"['Enable Attack Surface Reduction (ASR) rules', 'Implement Local Administrator Password Solution (LAPS)', 'Ensure immutable and offline backups', 'Deploy Application Allowlisting', 'Isolate affected systems from network']"
unknown,0.0033104508115012,0,Unknown,[],[],0.0033104508115012,Low,16552.254057506,"['Maintain continuous security monitoring', 'Ensure robust security hygiene', 'Conduct employee security awareness training', 'Implement strong email filtering', 'Regularly review access controls']"
unknown,0.9042692805633136,1,Unknown,[],[],0.9042692805633136,High,4521346.402816568,"['Enable Attack Surface Reduction (ASR) rules', 'Implement Local Administrator Password Solution (LAPS)', 'Ensure immutable and offline backups', 'Deploy Application Allowlisting', 'Isolate affected systems from network']"
unknown,0.0033104508114935,0,Unknown,[],[],0.0033104508114935,Low,16552.2540574675,"['Maintain continuous security monitoring', 'Ensure robust security hygiene', 'Conduct employee security awareness training', 'Implement strong email filtering', 'Regularly review access controls']"
unknown,0.0033104508114933,0,Unknown,[],[],0.0033104508114933,Low,16552.2540574665,"['Maintain continuous security monitoring', 'Ensure robust security hygiene', 'Conduct employee security awareness training', 'Implement strong email filtering', 'Regularly review access controls']"
njrat,0.0033104508114616,0,GenericMalware,"['T1486', 'T1055', 'T1027']","['D3-BAC', 'D3-BDR', 'D3-SAW']",0.0033104508114616,Low,16552.254057308,"['Maintain continuous security monitoring', 'Ensure robust security hygiene', 'Conduct employee security awareness training', 'Implement strong email filtering', 'Regularly review access controls']"
unknown,0.9042692805633136,0,Unknown,[],[],0.9042692805633136,High,4521346.402816568,"['Enable Attack Surface Reduction (ASR) rules', 'Implement Local Administrator Password Solution (LAPS)', 'Ensure immutable and offline backups', 'Deploy Application Allowlisting', 'Isolate affected systems from network']"
unknown,0.9042692805633136,1,Unknown,[],[],0.9042692805633136,High,4521346.402816568,"['Enable Attack Surface Reduction (ASR) rules', 'Implement Local Administrator Password Solution (LAPS)', 'Ensure immutable and offline backups', 'Deploy Application Allowlisting', 'Isolate affected systems from network']"
unknown,0.9042692805633136,1,Unknown,[],[],0.9042692805633136,High,4521346.402816568,"['Enable Attack Surface Reduction (ASR) rules', 'Implement Local Administrator Password Solution (LAPS)', 'Ensure immutable and offline backups', 'Deploy Application Allowlisting', 'Isolate affected systems from network']"
xmrig,0.0033104481083634,0,XMRig,"['T1055', 'T1027', 'T1059']","['D3-AL', 'D3-CR', 'D3-SAW']",0.0033104481083634,Low,16552.240541817,"['Maintain continuous security monitoring', 'Ensure robust security hygiene', 'Conduct employee security awareness training', 'Implement strong email filtering', 'Regularly review access controls']"
unknown,0.9042692805633136,0,Unknown,[],[],0.9042692805633136,High,4521346.402816568,"['Enable Attack Surface Reduction (ASR) rules', 'Implement Local Administrator Password Solution (LAPS)', 'Ensure immutable and offline backups', 'Deploy Application Allowlisting', 'Isolate affected systems from network']"
unknown,0.9042692805633136,1,Unknown,[],[],0.9042692805633136,High,4521346.402816568,"['Enable Attack Surface Reduction (ASR) rules', 'Implement Local Administrator Password Solution (LAPS)', 'Ensure immutable and offline backups', 'Deploy Application Allowlisting', 'Isolate affected systems from network']"
unknown,0.0033104508115333,0,Unknown,[],[],0.0033104508115333,Low,16552.2540576665,"['Maintain continuous security monitoring', 'Ensure robust security hygiene', 'Conduct employee security awareness training', 'Implement strong email filtering', 'Regularly review access controls']"
unknown,0.0033104508115333,0,Unknown,[],[],0.0033104508115333,Low,16552.2540576665,"['Maintain continuous security monitoring', 'Ensure robust security hygiene', 'Conduct employee security awareness training', 'Implement strong email filtering', 'Regularly review access controls']"
reflo,0.003310450811489,0,Reflo,"['T1486', 'T1055', 'T1027']","['D3-BAC', 'D3-BDR', 'D3-SAW']",0.003310450811489,Low,16552.254057445,"['Maintain continuous security monitoring', 'Ensure robust security hygiene', 'Conduct employee security awareness training', 'Implement strong email filtering', 'Regularly review access controls']"
wacatac,0.0033104508115309,0,Wacatac,"['T1486', 'T1055', 'T1027']","['D3-BAC', 'D3-BDR', 'D3-SAW']",0.0033104508115309,Low,16552.2540576545,"['Maintain continuous security monitoring', 'Ensure robust security hygiene', 'Conduct employee security awareness training', 'Implement strong email filtering', 'Regularly review access controls']"
unknown,0.0033104508115333,0,Unknown,[],[],0.0033104508115333,Low,16552.2540576665,"['Maintain continuous security monitoring', 'Ensure robust security hygiene', 'Conduct employee security awareness training', 'Implement strong email filtering', 'Regularly review access controls']"
unknown,0.9042692805633136,0,Unknown,[],[],0.9042692805633136,High,4521346.402816568,"['Enable Attack Surface Reduction (ASR) rules', 'Implement Local Administrator Password Solution (LAPS)', 'Ensure immutable and offline backups', 'Deploy Application Allowlisting', 'Isolate affected systems from network']"
xmrig,0.0033104508115333,0,XMRig,"['T1055', 'T1027', 'T1059']","['D3-AL', 'D3-CR', 'D3-SAW']",0.0033104508115333,Low,16552.2540576665,"['Maintain continuous security monitoring', 'Ensure robust security hygiene', 'Conduct employee security awareness training', 'Implement strong email filtering', 'Regularly review access controls']"
unknown,0.9042692805633136,1,Unknown,[],[],0.9042692805633136,High,4521346.402816568,"['Enable Attack Surface Reduction (ASR) rules', 'Implement Local Administrator Password Solution (LAPS)', 'Ensure immutable and offline backups', 'Deploy Application Allowlisting', 'Isolate affected systems from network']"
unknown,0.0033104508115333,0,Unknown,[],[],0.0033104508115333,Low,16552.2540576665,"['Maintain continuous security monitoring', 'Ensure robust security hygiene', 'Conduct employee security awareness training', 'Implement strong email filtering', 'Regularly review access controls']"
unknown,0.9042692805633136,0,Unknown,[],[],0.9042692805633136,High,4521346.402816568,"['Enable Attack Surface Reduction (ASR) rules', 'Implement Local Administrator Password Solution (LAPS)', 'Ensure immutable and offline backups', 'Deploy Application Allowlisting', 'Isolate affected systems from network']"
almi,0.0033104508114889,0,GenericMalware,"['T1486', 'T1055', 'T1027']","['D3-BAC', 'D3-BDR', 'D3-SAW']",0.0033104508114889,Low,16552.2540574445,"['Maintain continuous security monitoring', 'Ensure robust security hygiene', 'Conduct employee security awareness training', 'Implement strong email filtering', 'Regularly review access controls']"
diple,0.0033104508115868,0,GenericMalware,"['T1486', 'T1055', 'T1027']","['D3-BAC', 'D3-BDR', 'D3-SAW']",0.0033104508115868,Low,16552.254057934,"['Maintain continuous security monitoring', 'Ensure robust security hygiene', 'Conduct employee security awareness training', 'Implement strong email filtering', 'Regularly review access controls']"
unknown,0.9042692805633136,1,Unknown,[],[],0.9042692805633136,High,4521346.402816568,"['Enable Attack Surface Reduction (ASR) rules', 'Implement Local Administrator Password Solution (LAPS)', 'Ensure immutable and offline backups', 'Deploy Application Allowlisting', 'Isolate affected systems from network']"
unknown,0.0033104508115225,0,Unknown,[],[],0.0033104508115225,Low,16552.2540576125,"['Maintain continuous security monitoring', 'Ensure robust security hygiene', 'Conduct employee security awareness training', 'Implement strong email filtering', 'Regularly review access controls']"
unknown,0.9042692805633136,0,Unknown,[],[],0.9042692805633136,High,4521346.402816568,"['Enable Attack Surface Reduction (ASR) rules', 'Implement Local Administrator Password Solution (LAPS)', 'Ensure immutable and offline backups', 'Deploy Application Allowlisting', 'Isolate affected systems from network']"
unknown,0.0033104508114508,0,Unknown,[],[],0.0033104508114508,Low,16552.254057254002,"['Maintain continuous security monitoring', 'Ensure robust security hygiene', 'Conduct employee security awareness training', 'Implement strong email filtering', 'Regularly review access controls']"
unknown,0.9042692805633136,1,Unknown,[],[],0.9042692805633136,High,4521346.402816568,"['Enable Attack Surface Reduction (ASR) rules', 'Implement Local Administrator Password Solution (LAPS)', 'Ensure immutable and offline backups', 'Deploy Application Allowlisting', 'Isolate affected systems from network']"
juched,0.0033104508115333,0,GenericMalware,"['T1486', 'T1055', 'T1027']","['D3-BAC', 'D3-BDR', 'D3-SAW']",0.0033104508115333,Low,16552.2540576665,"['Maintain continuous security monitoring', 'Ensure robust security hygiene', 'Conduct employee security awareness training', 'Implement strong email filtering', 'Regularly review access controls']"
unknown,0.9042692805633136,0,Unknown,[],[],0.9042692805633136,High,4521346.402816568,"['Enable Attack Surface Reduction (ASR) rules', 'Implement Local Administrator Password Solution (LAPS)', 'Ensure immutable and offline backups', 'Deploy Application Allowlisting', 'Isolate affected systems from network']"
unknown,0.0033104508115333,0,Unknown,[],[],0.0033104508115333,Low,16552.2540576665,"['Maintain continuous security monitoring', 'Ensure robust security hygiene', 'Conduct employee security awareness training', 'Implement strong email filtering', 'Regularly review access controls']"
unknown,0.0033104508115869,0,Unknown,[],[],0.0033104508115869,Low,16552.2540579345,"['Maintain continuous security monitoring', 'Ensure robust security hygiene', 'Conduct employee security awareness training', 'Implement strong email filtering', 'Regularly review access controls']"
unknown,0.9042692805633136,0,Unknown,[],[],0.9042692805633136,High,4521346.402816568,"['Enable Attack Surface Reduction (ASR) rules', 'Implement Local Administrator Password Solution (LAPS)', 'Ensure immutable and offline backups', 'Deploy Application Allowlisting', 'Isolate affected systems from network']"
unknown,0.9042692805633136,0,Unknown,[],[],0.9042692805633136,High,4521346.402816568,"['Enable Attack Surface Reduction (ASR) rules', 'Implement Local Administrator Password Solution (LAPS)', 'Ensure immutable and offline backups', 'Deploy Application Allowlisting', 'Isolate affected systems from network']"
unknown,0.0033104508114618,0,Unknown,[],[],0.0033104508114618,Low,16552.254057309,"['Maintain continuous security monitoring', 'Ensure robust security hygiene', 'Conduct employee security awareness training', 'Implement strong email filtering', 'Regularly review access controls']"
scarletflash,0.0033104508114552,0,ScarletFlash,"['T1486', 'T1055', 'T1027']","['D3-BAC', 'D3-BDR', 'D3-SAW']",0.0033104508114552,Low,16552.254057276,"['Maintain continuous security monitoring', 'Ensure robust security hygiene', 'Conduct employee security awareness training', 'Implement strong email filtering', 'Regularly review access controls']"
unknown,0.9042692805633136,1,Unknown,[],[],0.9042692805633136,High,4521346.402816568,"['Enable Attack Surface Reduction (ASR) rules', 'Implement Local Administrator Password Solution (LAPS)', 'Ensure immutable and offline backups', 'Deploy Application Allowlisting', 'Isolate affected systems from network']"
unknown,0.0033104508115333,0,Unknown,[],[],0.0033104508115333,Low,16552.2540576665,"['Maintain continuous security monitoring', 'Ensure robust security hygiene', 'Conduct employee security awareness training', 'Implement strong email filtering', 'Regularly review access controls']"
unknown,0.0033104508115333,0,Unknown,[],[],0.0033104508115333,Low,16552.2540576665,"['Maintain continuous security monitoring', 'Ensure robust security hygiene', 'Conduct employee security awareness training', 'Implement strong email filtering', 'Regularly review access controls']"
unknown,0.9042692805633136,1,Unknown,[],[],0.9042692805633136,High,4521346.402816568,"['Enable Attack Surface Reduction (ASR) rules', 'Implement Local Administrator Password Solution (LAPS)', 'Ensure immutable and offline backups', 'Deploy Application Allowlisting', 'Isolate affected systems from network']"
unknown,0.0033104508115333,0,Unknown,[],[],0.0033104508115333,Low,16552.2540576665,"['Maintain continuous security monitoring', 'Ensure robust security hygiene', 'Conduct employee security awareness training', 'Implement strong email filtering', 'Regularly review access controls']"
unknown,0.9042692805633136,1,Unknown,[],[],0.9042692805633136,High,4521346.402816568,"['Enable Attack Surface Reduction (ASR) rules', 'Implement Local Administrator Password Solution (LAPS)', 'Ensure immutable and offline backups', 'Deploy Application Allowlisting', 'Isolate affected systems from network']"
danglo,0.0033104508115333,0,GenericMalware,"['T1486', 'T1055', 'T1027']","['D3-BAC', 'D3-BDR', 'D3-SAW']",0.0033104508115333,Low,16552.2540576665,"['Maintain continuous security monitoring', 'Ensure robust security hygiene', 'Conduct employee security awareness training', 'Implement strong email filtering', 'Regularly review access controls']"
unknown,0.9042692805633136,0,Unknown,[],[],0.9042692805633136,High,4521346.402816568,"['Enable Attack Surface Reduction (ASR) rules', 'Implement Local Administrator Password Solution (LAPS)', 'Ensure immutable and offline backups', 'Deploy Application Allowlisting', 'Isolate affected systems from network']"
unknown,0.9042692805633136,0,Unknown,[],[],0.9042692805633136,High,4521346.402816568,"['Enable Attack Surface Reduction (ASR) rules', 'Implement Local Administrator Password Solution (LAPS)', 'Ensure immutable and offline backups', 'Deploy Application Allowlisting', 'Isolate affected systems from network']"
unknown,0.0033104508115333,0,Unknown,[],[],0.0033104508115333,Low,16552.2540576665,"['Maintain continuous security monitoring', 'Ensure robust security hygiene', 'Conduct employee security awareness training', 'Implement strong email filtering', 'Regularly review access controls']"
berbew,0.0033104508115333,0,Berbew,"['T1486', 'T1055', 'T1027']","['D3-BAC', 'D3-BDR', 'D3-SAW']",0.0033104508115333,Low,16552.2540576665,"['Maintain continuous security monitoring', 'Ensure robust security hygiene', 'Conduct employee security awareness training', 'Implement strong email filtering', 'Regularly review access controls']"
unknown,0.0033104508115099,0,Unknown,[],[],0.0033104508115099,Low,16552.2540575495,"['Maintain continuous security monitoring', 'Ensure robust security hygiene', 'Conduct employee security awareness training', 'Implement strong email filtering', 'Regularly review access controls']"
unknown,0.9042692805633136,0,Unknown,[],[],0.9042692805633136,High,4521346.402816568,"['Enable Attack Surface Reduction (ASR) rules', 'Implement Local Administrator Password Solution (LAPS)', 'Ensure immutable and offline backups', 'Deploy Application Allowlisting', 'Isolate affected systems from network']"
unknown,0.9042692805633136,0,Unknown,[],[],0.9042692805633136,High,4521346.402816568,"['Enable Attack Surface Reduction (ASR) rules', 'Implement Local Administrator Password Solution (LAPS)', 'Ensure immutable and offline backups', 'Deploy Application Allowlisting', 'Isolate affected systems from network']"
unknown,0.0033104508115333,0,Unknown,[],[],0.0033104508115333,Low,16552.2540576665,"['Maintain continuous security monitoring', 'Ensure robust security hygiene', 'Conduct employee security awareness training', 'Implement strong email filtering', 'Regularly review access controls']"
unknown,0.9042692805633136,1,Unknown,[],[],0.9042692805633136,High,4521346.402816568,"['Enable Attack Surface Reduction (ASR) rules', 'Implement Local Administrator Password Solution (LAPS)', 'Ensure immutable and offline backups', 'Deploy Application Allowlisting', 'Isolate affected systems from network']"
unknown,0.0033104508115294,0,Unknown,[],[],0.0033104508115294,Low,16552.254057647002,"['Maintain continuous security monitoring', 'Ensure robust security hygiene', 'Conduct employee security awareness training', 'Implement strong email filtering', 'Regularly review access controls']"
unknown,0.0033104464221243,0,Unknown,[],[],0.0033104464221243,Low,16552.2321106215,"['Maintain continuous security monitoring', 'Ensure robust security hygiene', 'Conduct employee security awareness training', 'Implement strong email filtering', 'Regularly review access controls']"
unknown,0.0033104508115293,0,Unknown,[],[],0.0033104508115293,Low,16552.2540576465,"['Maintain continuous security monitoring', 'Ensure robust security hygiene', 'Conduct employee security awareness training', 'Implement strong email filtering', 'Regularly review access controls']"
unknown,0.9042692805633136,1,Unknown,[],[],0.9042692805633136,High,4521346.402816568,"['Enable Attack Surface Reduction (ASR) rules', 'Implement Local Administrator Password Solution (LAPS)', 'Ensure immutable and offline backups', 'Deploy Application Allowlisting', 'Isolate affected systems from network']"
unknown,0.9042692805633136,1,Unknown,[],[],0.9042692805633136,High,4521346.402816568,"['Enable Attack Surface Reduction (ASR) rules', 'Implement Local Administrator Password Solution (LAPS)', 'Ensure immutable and offline backups', 'Deploy Application Allowlisting', 'Isolate affected systems from network']"
wabot,0.0033104508115333,0,Wabot,"['T1486', 'T1055', 'T1027']","['D3-BAC', 'D3-BDR', 'D3-SAW']",0.0033104508115333,Low,16552.2540576665,"['Maintain continuous security monitoring', 'Ensure robust security hygiene', 'Conduct employee security awareness training', 'Implement strong email filtering', 'Regularly review access controls']"
unknown,0.0033104508115333,0,Unknown,[],[],0.0033104508115333,Low,16552.2540576665,"['Maintain continuous security monitoring', 'Ensure robust security hygiene', 'Conduct employee security awareness training', 'Implement strong email filtering', 'Regularly review access controls']"
unknown,0.9042692805633136,1,Unknown,[],[],0.9042692805633136,High,4521346.402816568,"['Enable Attack Surface Reduction (ASR) rules', 'Implement Local Administrator Password Solution (LAPS)', 'Ensure immutable and offline backups', 'Deploy Application Allowlisting', 'Isolate affected systems from network']"
unknown,0.9042692805633136,1,Unknown,[],[],0.9042692805633136,High,4521346.402816568,"['Enable Attack Surface Reduction (ASR) rules', 'Implement Local Administrator Password Solution (LAPS)', 'Ensure immutable and offline backups', 'Deploy Application Allowlisting', 'Isolate affected systems from network']"
unknown,0.0033454389816956,0,Unknown,[],[],0.0033454389816956,Low,16727.194908478,"['Maintain continuous security monitoring', 'Ensure robust security hygiene', 'Conduct employee security awareness training', 'Implement strong email filtering', 'Regularly review access controls']"
unknown,0.9042692805633136,0,Unknown,[],[],0.9042692805633136,High,4521346.402816568,"['Enable Attack Surface Reduction (ASR) rules', 'Implement Local Administrator Password Solution (LAPS)', 'Ensure immutable and offline backups', 'Deploy Application Allowlisting', 'Isolate affected systems from network']"
ramnit,0.0033104508115333,0,Ramnit,"['T1486', 'T1055', 'T1027']","['D3-BAC', 'D3-BDR', 'D3-SAW']",0.0033104508115333,Low,16552.2540576665,"['Maintain continuous security monitoring', 'Ensure robust security hygiene', 'Conduct employee security awareness training', 'Implement strong email filtering', 'Regularly review access controls']"
unknown,0.9042692805633136,1,Unknown,[],[],0.9042692805633136,High,4521346.402816568,"['Enable Attack Surface Reduction (ASR) rules', 'Implement Local Administrator Password Solution (LAPS)', 'Ensure immutable and offline backups', 'Deploy Application Allowlisting', 'Isolate affected systems from network']"
unknown,0.0033104508115225,0,Unknown,[],[],0.0033104508115225,Low,16552.2540576125,"['Maintain continuous security monitoring', 'Ensure robust security hygiene', 'Conduct employee security awareness training', 'Implement strong email filtering', 'Regularly review access controls']"
unknown,0.9042692805633136,0,Unknown,[],[],0.9042692805633136,High,4521346.402816568,"['Enable Attack Surface Reduction (ASR) rules', 'Implement Local Administrator Password Solution (LAPS)', 'Ensure immutable and offline backups', 'Deploy Application Allowlisting', 'Isolate affected systems from network']"
unknown,0.9042692805633136,1,Unknown,[],[],0.9042692805633136,High,4521346.402816568,"['Enable Attack Surface Reduction (ASR) rules', 'Implement Local Administrator Password Solution (LAPS)', 'Ensure immutable and offline backups', 'Deploy Application Allowlisting', 'Isolate affected systems from network']"
unknown,0.0033104508115333,0,Unknown,[],[],0.0033104508115333,Low,16552.2540576665,"['Maintain continuous security monitoring', 'Ensure robust security hygiene', 'Conduct employee security awareness training', 'Implement strong email filtering', 'Regularly review access controls']"
unknown,0.0033104508114893,0,Unknown,[],[],0.0033104508114893,Low,16552.254057446502,"['Maintain continuous security monitoring', 'Ensure robust security hygiene', 'Conduct employee security awareness training', 'Implement strong email filtering', 'Regularly review access controls']"
unknown,0.0033104508115333,0,Unknown,[],[],0.0033104508115333,Low,16552.2540576665,"['Maintain continuous security monitoring', 'Ensure robust security hygiene', 'Conduct employee security awareness training', 'Implement strong email filtering', 'Regularly review access controls']"
rubinurd,0.0033104508115869,0,GenericMalware,"['T1486', 'T1055', 'T1027']","['D3-BAC', 'D3-BDR', 'D3-SAW']",0.0033104508115869,Low,16552.2540579345,"['Maintain continuous security monitoring', 'Ensure robust security hygiene', 'Conduct employee security awareness training', 'Implement strong email filtering', 'Regularly review access controls']"
unknown,0.9042692805633136,1,Unknown,[],[],0.9042692805633136,High,4521346.402816568,"['Enable Attack Surface Reduction (ASR) rules', 'Implement Local Administrator Password Solution (LAPS)', 'Ensure immutable and offline backups', 'Deploy Application Allowlisting', 'Isolate affected systems from network']"
unknown,0.0033104508115061,0,Unknown,[],[],0.0033104508115061,Low,16552.2540575305,"['Maintain continuous security monitoring', 'Ensure robust security hygiene', 'Conduct employee security awareness training', 'Implement strong email filtering', 'Regularly review access controls']"
unknown,0.9042692805633136,0,Unknown,[],[],0.9042692805633136,High,4521346.402816568,"['Enable Attack Surface Reduction (ASR) rules', 'Implement Local Administrator Password Solution (LAPS)', 'Ensure immutable and offline backups', 'Deploy Application Allowlisting', 'Isolate affected systems from network']"
unknown,0.9042692805633136,0,Unknown,[],[],0.9042692805633136,High,4521346.402816568,"['Enable Attack Surface Reduction (ASR) rules', 'Implement Local Administrator Password Solution (LAPS)', 'Ensure immutable and offline backups', 'Deploy Application Allowlisting', 'Isolate affected systems from network']"
unknown,0.0033104508115333,0,Unknown,[],[],0.0033104508115333,Low,16552.2540576665,"['Maintain continuous security monitoring', 'Ensure robust security hygiene', 'Conduct employee security awareness training', 'Implement strong email filtering', 'Regularly review access controls']"
unknown,0.0033104508115293,0,Unknown,[],[],0.0033104508115293,Low,16552.2540576465,"['Maintain continuous security monitoring', 'Ensure robust security hygiene', 'Conduct employee security awareness training', 'Implement strong email filtering', 'Regularly review access controls']"
unknown,0.0033104508115333,0,Unknown,[],[],0.0033104508115333,Low,16552.2540576665,"['Maintain continuous security monitoring', 'Ensure robust security hygiene', 'Conduct employee security awareness training', 'Implement strong email filtering', 'Regularly review access controls']"
bodegun,0.0033104508115248,0,GenericMalware,"['T1486', 'T1055', 'T1027']","['D3-BAC', 'D3-BDR', 'D3-SAW']",0.0033104508115248,Low,16552.254057624,"['Maintain continuous security monitoring', 'Ensure robust security hygiene', 'Conduct employee security awareness training', 'Implement strong email filtering', 'Regularly review access controls']"
unknown,0.9042692805633136,1,Unknown,[],[],0.9042692805633136,High,4521346.402816568,"['Enable Attack Surface Reduction (ASR) rules', 'Implement Local Administrator Password Solution (LAPS)', 'Ensure immutable and offline backups', 'Deploy Application Allowlisting', 'Isolate affected systems from network']"
grandoreiro,0.0033104508115868,0,Grandoreiro,"['T1486', 'T1055', 'T1027']","['D3-BAC', 'D3-BDR', 'D3-SAW']",0.0033104508115868,Low,16552.254057934,"['Maintain continuous security monitoring', 'Ensure robust security hygiene', 'Conduct employee security awareness training', 'Implement strong email filtering', 'Regularly review access controls']"
unknown,0.0033104508115333,0,Unknown,[],[],0.0033104508115333,Low,16552.2540576665,"['Maintain continuous security monitoring', 'Ensure robust security hygiene', 'Conduct employee security awareness training', 'Implement strong email filtering', 'Regularly review access controls']"
unknown,0.9042692805633136,0,Unknown,[],[],0.9042692805633136,High,4521346.402816568,"['Enable Attack Surface Reduction (ASR) rules', 'Implement Local Administrator Password Solution (LAPS)', 'Ensure immutable and offline backups', 'Deploy Application Allowlisting', 'Isolate affected systems from network']"
xmrig,0.0033104508115333,0,XMRig,"['T1055', 'T1027', 'T1059']","['D3-AL', 'D3-CR', 'D3-SAW']",0.0033104508115333,Low,16552.2540576665,"['Maintain continuous security monitoring', 'Ensure robust security hygiene', 'Conduct employee security awareness training', 'Implement strong email filtering', 'Regularly review access controls']"
unknown,0.9042692805633136,0,Unknown,[],[],0.9042692805633136,High,4521346.402816568,"['Enable Attack Surface Reduction (ASR) rules', 'Implement Local Administrator Password Solution (LAPS)', 'Ensure immutable and offline backups', 'Deploy Application Allowlisting', 'Isolate affected systems from network']"
diple,0.0033104508115333,0,GenericMalware,"['T1486', 'T1055', 'T1027']","['D3-BAC', 'D3-BDR', 'D3-SAW']",0.0033104508115333,Low,16552.2540576665,"['Maintain continuous security monitoring', 'Ensure robust security hygiene', 'Conduct employee security awareness training', 'Implement strong email filtering', 'Regularly review access controls']"
emdup,0.0033104508115333,0,Emdup,"['T1486', 'T1055', 'T1027']","['D3-BAC', 'D3-BDR', 'D3-SAW']",0.0033104508115333,Low,16552.2540576665,"['Maintain continuous security monitoring', 'Ensure robust security hygiene', 'Conduct employee security awareness training', 'Implement strong email filtering', 'Regularly review access controls']"
unknown,0.0033104508115333,0,Unknown,[],[],0.0033104508115333,Low,16552.2540576665,"['Maintain continuous security monitoring', 'Ensure robust security hygiene', 'Conduct employee security awareness training', 'Implement strong email filtering', 'Regularly review access controls']"
flystudio,0.0033104508115018,0,FlyStudio,"['T1486', 'T1055', 'T1027']","['D3-BAC', 'D3-BDR', 'D3-SAW']",0.0033104508115018,Low,16552.254057509002,"['Maintain continuous security monitoring', 'Ensure robust security hygiene', 'Conduct employee security awareness training', 'Implement strong email filtering', 'Regularly review access controls']"
msposer,0.0033104508115294,0,GenericMalware,"['T1486', 'T1055', 'T1027']","['D3-BAC', 'D3-BDR', 'D3-SAW']",0.0033104508115294,Low,16552.254057647002,"['Maintain continuous security monitoring', 'Ensure robust security hygiene', 'Conduct employee security awareness training', 'Implement strong email filtering', 'Regularly review access controls']"
unknown,0.9042692805633136,1,Unknown,[],[],0.9042692805633136,High,4521346.402816568,"['Enable Attack Surface Reduction (ASR) rules', 'Implement Local Administrator Password Solution (LAPS)', 'Ensure immutable and offline backups', 'Deploy Application Allowlisting', 'Isolate affected systems from network']"
unknown,0.0033104508115869,0,Unknown,[],[],0.0033104508115869,Low,16552.2540579345,"['Maintain continuous security monitoring', 'Ensure robust security hygiene', 'Conduct employee security awareness training', 'Implement strong email filtering', 'Regularly review access controls']"
berbew,0.0033104508115333,0,Berbew,"['T1486', 'T1055', 'T1027']","['D3-BAC', 'D3-BDR', 'D3-SAW']",0.0033104508115333,Low,16552.2540576665,"['Maintain continuous security monitoring', 'Ensure robust security hygiene', 'Conduct employee security awareness training', 'Implement strong email filtering', 'Regularly review access controls']"
unknown,0.9042692805633136,0,Unknown,[],[],0.9042692805633136,High,4521346.402816568,"['Enable Attack Surface Reduction (ASR) rules', 'Implement Local Administrator Password Solution (LAPS)', 'Ensure immutable and offline backups', 'Deploy Application Allowlisting', 'Isolate affected systems from network']"
unknown,0.9042692805633136,0,Unknown,[],[],0.9042692805633136,High,4521346.402816568,"['Enable Attack Surface Reduction (ASR) rules', 'Implement Local Administrator Password Solution (LAPS)', 'Ensure immutable and offline backups', 'Deploy Application Allowlisting', 'Isolate affected systems from network']"
unknown,0.0033104508115333,0,Unknown,[],[],0.0033104508115333,Low,16552.2540576665,"['Maintain continuous security monitoring', 'Ensure robust security hygiene', 'Conduct employee security awareness training', 'Implement strong email filtering', 'Regularly review access controls']"
unknown,0.0033104508115333,0,Unknown,[],[],0.0033104508115333,Low,16552.2540576665,"['Maintain continuous security monitoring', 'Ensure robust security hygiene', 'Conduct employee security awareness training', 'Implement strong email filtering', 'Regularly review access controls']"
unknown,0.0033104508115309,0,Unknown,[],[],0.0033104508115309,Low,16552.2540576545,"['Maintain continuous security monitoring', 'Ensure robust security hygiene', 'Conduct employee security awareness training', 'Implement strong email filtering', 'Regularly review access controls']"
unknown,0.9042692805633136,1,Unknown,[],[],0.9042692805633136,High,4521346.402816568,"['Enable Attack Surface Reduction (ASR) rules', 'Implement Local Administrator Password Solution (LAPS)', 'Ensure immutable and offline backups', 'Deploy Application Allowlisting', 'Isolate affected systems from network']"
unknown,0.9042692805633136,1,Unknown,[],[],0.9042692805633136,High,4521346.402816568,"['Enable Attack Surface Reduction (ASR) rules', 'Implement Local Administrator Password Solution (LAPS)', 'Ensure immutable and offline backups', 'Deploy Application Allowlisting', 'Isolate affected systems from network']"
unknown,0.0033104508115333,0,Unknown,[],[],0.0033104508115333,Low,16552.2540576665,"['Maintain continuous security monitoring', 'Ensure robust security hygiene', 'Conduct employee security awareness training', 'Implement strong email filtering', 'Regularly review access controls']"
unknown,0.003310450811489,0,Unknown,[],[],0.003310450811489,Low,16552.254057445,"['Maintain continuous security monitoring', 'Ensure robust security hygiene', 'Conduct employee security awareness training', 'Implement strong email filtering', 'Regularly review access controls']"
unknown,0.9042692805633136,0,Unknown,[],[],0.9042692805633136,High,4521346.402816568,"['Enable Attack Surface Reduction (ASR) rules', 'Implement Local Administrator Password Solution (LAPS)', 'Ensure immutable and offline backups', 'Deploy Application Allowlisting', 'Isolate affected systems from network']"
unknown,0.0033104508129547,0,Unknown,[],[],0.0033104508129547,Low,16552.2540647735,"['Maintain continuous security monitoring', 'Ensure robust security hygiene', 'Conduct employee security awareness training', 'Implement strong email filtering', 'Regularly review access controls']"
unknown,0.0033104508115333,0,Unknown,[],[],0.0033104508115333,Low,16552.2540576665,"['Maintain continuous security monitoring', 'Ensure robust security hygiene', 'Conduct employee security awareness training', 'Implement strong email filtering', 'Regularly review access controls']"
unknown,0.9042692805633136,0,Unknown,[],[],0.9042692805633136,High,4521346.402816568,"['Enable Attack Surface Reduction (ASR) rules', 'Implement Local Administrator Password Solution (LAPS)', 'Ensure immutable and offline backups', 'Deploy Application Allowlisting', 'Isolate affected systems from network']"
unknown,0.9042692805633136,1,Unknown,[],[],0.9042692805633136,High,4521346.402816568,"['Enable Attack Surface Reduction (ASR) rules', 'Implement Local Administrator Password Solution (LAPS)', 'Ensure immutable and offline backups', 'Deploy Application Allowlisting', 'Isolate affected systems from network']"
unknown,0.0033104508115333,0,Unknown,[],[],0.0033104508115333,Low,16552.2540576665,"['Maintain continuous security monitoring', 'Ensure robust security hygiene', 'Conduct employee security awareness training', 'Implement strong email filtering', 'Regularly review access controls']"
conduit,0.0033104508115333,0,GenericMalware,"['T1486', 'T1055', 'T1027']","['D3-BAC', 'D3-BDR', 'D3-SAW']",0.0033104508115333,Low,16552.2540576665,"['Maintain continuous security monitoring', 'Ensure robust security hygiene', 'Conduct employee security awareness training', 'Implement strong email filtering', 'Regularly review access controls']"
wacatac,0.0033104508114856,0,Wacatac,"['T1486', 'T1055', 'T1027']","['D3-BAC', 'D3-BDR', 'D3-SAW']",0.0033104508114856,Low,16552.254057428,"['Maintain continuous security monitoring', 'Ensure robust security hygiene', 'Conduct employee security awareness training', 'Implement strong email filtering', 'Regularly review access controls']"
unknown,0.9042692805633136,0,Unknown,[],[],0.9042692805633136,High,4521346.402816568,"['Enable Attack Surface Reduction (ASR) rules', 'Implement Local Administrator Password Solution (LAPS)', 'Ensure immutable and offline backups', 'Deploy Application Allowlisting', 'Isolate affected systems from network']"
unknown,0.9042692805633136,0,Unknown,[],[],0.9042692805633136,High,4521346.402816568,"['Enable Attack Surface Reduction (ASR) rules', 'Implement Local Administrator Password Solution (LAPS)', 'Ensure immutable and offline backups', 'Deploy Application Allowlisting', 'Isolate affected systems from network']"
unknown,0.9042692805633136,1,Unknown,[],[],0.9042692805633136,High,4521346.402816568,"['Enable Attack Surface Reduction (ASR) rules', 'Implement Local Administrator Password Solution (LAPS)', 'Ensure immutable and offline backups', 'Deploy Application Allowlisting', 'Isolate affected systems from network']"
flystudio,0.0033104508115333,0,FlyStudio,"['T1486', 'T1055', 'T1027']","['D3-BAC', 'D3-BDR', 'D3-SAW']",0.0033104508115333,Low,16552.2540576665,"['Maintain continuous security monitoring', 'Ensure robust security hygiene', 'Conduct employee security awareness training', 'Implement strong email filtering', 'Regularly review access controls']"
unknown,0.9042692805633136,0,Unknown,[],[],0.9042692805633136,High,4521346.402816568,"['Enable Attack Surface Reduction (ASR) rules', 'Implement Local Administrator Password Solution (LAPS)', 'Ensure immutable and offline backups', 'Deploy Application Allowlisting', 'Isolate affected systems from network']"
unknown,0.0033104508114616,0,Unknown,[],[],0.0033104508114616,Low,16552.254057308,"['Maintain continuous security monitoring', 'Ensure robust security hygiene', 'Conduct employee security awareness training', 'Implement strong email filtering', 'Regularly review access controls']"
unknown,0.9042692805633136,1,Unknown,[],[],0.9042692805633136,High,4521346.402816568,"['Enable Attack Surface Reduction (ASR) rules', 'Implement Local Administrator Password Solution (LAPS)', 'Ensure immutable and offline backups', 'Deploy Application Allowlisting', 'Isolate affected systems from network']"
unknown,0.9042692805633136,0,Unknown,[],[],0.9042692805633136,High,4521346.402816568,"['Enable Attack Surface Reduction (ASR) rules', 'Implement Local Administrator Password Solution (LAPS)', 'Ensure immutable and offline backups', 'Deploy Application Allowlisting', 'Isolate affected systems from network']"
unknown,0.0033104508115333,0,Unknown,[],[],0.0033104508115333,Low,16552.2540576665,"['Maintain continuous security monitoring', 'Ensure robust security hygiene', 'Conduct employee security awareness training', 'Implement strong email filtering', 'Regularly review access controls']"
unknown,0.0033104508115186,0,Unknown,[],[],0.0033104508115186,Low,16552.254057593,"['Maintain continuous security monitoring', 'Ensure robust security hygiene', 'Conduct employee security awareness training', 'Implement strong email filtering', 'Regularly review access controls']"
unknown,0.0033104508115333,0,Unknown,[],[],0.0033104508115333,Low,16552.2540576665,"['Maintain continuous security monitoring', 'Ensure robust security hygiene', 'Conduct employee security awareness training', 'Implement strong email filtering', 'Regularly review access controls']"
unknown,0.0033104508115333,0,Unknown,[],[],0.0033104508115333,Low,16552.2540576665,"['Maintain continuous security monitoring', 'Ensure robust security hygiene', 'Conduct employee security awareness training', 'Implement strong email filtering', 'Regularly review access controls']"
upatre,0.0033104508122665,0,Upatre,"['T1486', 'T1055', 'T1027']","['D3-BAC', 'D3-BDR', 'D3-SAW']",0.0033104508122665,Low,16552.2540613325,"['Maintain continuous security monitoring', 'Ensure robust security hygiene', 'Conduct employee security awareness training', 'Implement strong email filtering', 'Regularly review access controls']"
unknown,0.9042692805633136,1,Unknown,[],[],0.9042692805633136,High,4521346.402816568,"['Enable Attack Surface Reduction (ASR) rules', 'Implement Local Administrator Password Solution (LAPS)', 'Ensure immutable and offline backups', 'Deploy Application Allowlisting', 'Isolate affected systems from network']"
unknown,0.9042692805633136,0,Unknown,[],[],0.9042692805633136,High,4521346.402816568,"['Enable Attack Surface Reduction (ASR) rules', 'Implement Local Administrator Password Solution (LAPS)', 'Ensure immutable and offline backups', 'Deploy Application Allowlisting', 'Isolate affected systems from network']"
unknown,0.9042692805633136,1,Unknown,[],[],0.9042692805633136,High,4521346.402816568,"['Enable Attack Surface Reduction (ASR) rules', 'Implement Local Administrator Password Solution (LAPS)', 'Ensure immutable and offline backups', 'Deploy Application Allowlisting', 'Isolate affected systems from network']"
unknown,0.9042692805633136,0,Unknown,[],[],0.9042692805633136,High,4521346.402816568,"['Enable Attack Surface Reduction (ASR) rules', 'Implement Local Administrator Password Solution (LAPS)', 'Ensure immutable and offline backups', 'Deploy Application Allowlisting', 'Isolate affected systems from network']"
quantloader,0.0033104508115333,0,GenericMalware,"['T1486', 'T1055', 'T1027']","['D3-BAC', 'D3-BDR', 'D3-SAW']",0.0033104508115333,Low,16552.2540576665,"['Maintain continuous security monitoring', 'Ensure robust security hygiene', 'Conduct employee security awareness training', 'Implement strong email filtering', 'Regularly review access controls']"
unknown,0.0033104508115097,0,Unknown,[],[],0.0033104508115097,Low,16552.2540575485,"['Maintain continuous security monitoring', 'Ensure robust security hygiene', 'Conduct employee security awareness training', 'Implement strong email filtering', 'Regularly review access controls']"
unknown,0.9042692805633136,1,Unknown,[],[],0.9042692805633136,High,4521346.402816568,"['Enable Attack Surface Reduction (ASR) rules', 'Implement Local Administrator Password Solution (LAPS)', 'Ensure immutable and offline backups', 'Deploy Application Allowlisting', 'Isolate affected systems from network']"
injurer,0.0033104508115309,0,GenericMalware,"['T1486', 'T1055', 'T1027']","['D3-BAC', 'D3-BDR', 'D3-SAW']",0.0033104508115309,Low,16552.2540576545,"['Maintain continuous security monitoring', 'Ensure robust security hygiene', 'Conduct employee security awareness training', 'Implement strong email filtering', 'Regularly review access controls']"
satana,0.0033104508115333,0,Satana,"['T1486', 'T1055', 'T1027']","['D3-BAC', 'D3-BDR', 'D3-SAW']",0.0033104508115333,Low,16552.2540576665,"['Maintain continuous security monitoring', 'Ensure robust security hygiene', 'Conduct employee security awareness training', 'Implement strong email filtering', 'Regularly review access controls']"
unknown,0.9042692805633136,0,Unknown,[],[],0.9042692805633136,High,4521346.402816568,"['Enable Attack Surface Reduction (ASR) rules', 'Implement Local Administrator Password Solution (LAPS)', 'Ensure immutable and offline backups', 'Deploy Application Allowlisting', 'Isolate affected systems from network']"
dinwod,0.0033104508115333,0,Dinwod,"['T1486', 'T1055', 'T1027']","['D3-BAC', 'D3-BDR', 'D3-SAW']",0.0033104508115333,Low,16552.2540576665,"['Maintain continuous security monitoring', 'Ensure robust security hygiene', 'Conduct employee security awareness training', 'Implement strong email filtering', 'Regularly review access controls']"
unknown,0.0033104508114785,0,Unknown,[],[],0.0033104508114785,Low,16552.2540573925,"['Maintain continuous security monitoring', 'Ensure robust security hygiene', 'Conduct employee security awareness training', 'Implement strong email filtering', 'Regularly review access controls']"
unknown,0.9042692805633136,0,Unknown,[],[],0.9042692805633136,High,4521346.402816568,"['Enable Attack Surface Reduction (ASR) rules', 'Implement Local Administrator Password Solution (LAPS)', 'Ensure immutable and offline backups', 'Deploy Application Allowlisting', 'Isolate affected systems from network']"
unknown,0.0033104508115333,0,Unknown,[],[],0.0033104508115333,Low,16552.2540576665,"['Maintain continuous security monitoring', 'Ensure robust security hygiene', 'Conduct employee security awareness training', 'Implement strong email filtering', 'Regularly review access controls']"
unknown,0.9042692805633136,0,Unknown,[],[],0.9042692805633136,High,4521346.402816568,"['Enable Attack Surface Reduction (ASR) rules', 'Implement Local Administrator Password Solution (LAPS)', 'Ensure immutable and offline backups', 'Deploy Application Allowlisting', 'Isolate affected systems from network']"
unknown,0.9042692805633136,0,Unknown,[],[],0.9042692805633136,High,4521346.402816568,"['Enable Attack Surface Reduction (ASR) rules', 'Implement Local Administrator Password Solution (LAPS)', 'Ensure immutable and offline backups', 'Deploy Application Allowlisting', 'Isolate affected systems from network']"
unknown,0.9042692805633136,0,Unknown,[],[],0.9042692805633136,High,4521346.402816568,"['Enable Attack Surface Reduction (ASR) rules', 'Implement Local Administrator Password Solution (LAPS)', 'Ensure immutable and offline backups', 'Deploy Application Allowlisting', 'Isolate affected systems from network']"
unknown,0.9042692805633136,0,Unknown,[],[],0.9042692805633136,High,4521346.402816568,"['Enable Attack Surface Reduction (ASR) rules', 'Implement Local Administrator Password Solution (LAPS)', 'Ensure immutable and offline backups', 'Deploy Application Allowlisting', 'Isolate affected systems from network']"
gepys,0.0033104508115333,0,Gepys,"['T1486', 'T1055', 'T1027']","['D3-BAC', 'D3-BDR', 'D3-SAW']",0.0033104508115333,Low,16552.2540576665,"['Maintain continuous security monitoring', 'Ensure robust security hygiene', 'Conduct employee security awareness training', 'Implement strong email filtering', 'Regularly review access controls']"
unknown,0.9042692805633136,0,Unknown,[],[],0.9042692805633136,High,4521346.402816568,"['Enable Attack Surface Reduction (ASR) rules', 'Implement Local Administrator Password Solution (LAPS)', 'Ensure immutable and offline backups', 'Deploy Application Allowlisting', 'Isolate affected systems from network']"
unknown,0.9042692805633136,1,Unknown,[],[],0.9042692805633136,High,4521346.402816568,"['Enable Attack Surface Reduction (ASR) rules', 'Implement Local Administrator Password Solution (LAPS)', 'Ensure immutable and offline backups', 'Deploy Application Allowlisting', 'Isolate affected systems from network']"
unknown,0.9042692805633136,1,Unknown,[],[],0.9042692805633136,High,4521346.402816568,"['Enable Attack Surface Reduction (ASR) rules', 'Implement Local Administrator Password Solution (LAPS)', 'Ensure immutable and offline backups', 'Deploy Application Allowlisting', 'Isolate affected systems from network']"
unknown,0.9042692805633136,0,Unknown,[],[],0.9042692805633136,High,4521346.402816568,"['Enable Attack Surface Reduction (ASR) rules', 'Implement Local Administrator Password Solution (LAPS)', 'Ensure immutable and offline backups', 'Deploy Application Allowlisting', 'Isolate affected systems from network']"
unknown,0.9042692805633136,1,Unknown,[],[],0.9042692805633136,High,4521346.402816568,"['Enable Attack Surface Reduction (ASR) rules', 'Implement Local Administrator Password Solution (LAPS)', 'Ensure immutable and offline backups', 'Deploy Application Allowlisting', 'Isolate affected systems from network']"
unknown,0.9042692805633136,1,Unknown,[],[],0.9042692805633136,High,4521346.402816568,"['Enable Attack Surface Reduction (ASR) rules', 'Implement Local Administrator Password Solution (LAPS)', 'Ensure immutable and offline backups', 'Deploy Application Allowlisting', 'Isolate affected systems from network']"
unknown,0.9042692805633136,0,Unknown,[],[],0.9042692805633136,High,4521346.402816568,"['Enable Attack Surface Reduction (ASR) rules', 'Implement Local Administrator Password Solution (LAPS)', 'Ensure immutable and offline backups', 'Deploy Application Allowlisting', 'Isolate affected systems from network']"
unknown,0.003310450812075,0,Unknown,[],[],0.003310450812075,Low,16552.254060375,"['Maintain continuous security monitoring', 'Ensure robust security hygiene', 'Conduct employee security awareness training', 'Implement strong email filtering', 'Regularly review access controls']"
unknown,0.0033104508115186,0,Unknown,[],[],0.0033104508115186,Low,16552.254057593,"['Maintain continuous security monitoring', 'Ensure robust security hygiene', 'Conduct employee security awareness training', 'Implement strong email filtering', 'Regularly review access controls']"
unknown,0.9042692805633136,0,Unknown,[],[],0.9042692805633136,High,4521346.402816568,"['Enable Attack Surface Reduction (ASR) rules', 'Implement Local Administrator Password Solution (LAPS)', 'Ensure immutable and offline backups', 'Deploy Application Allowlisting', 'Isolate affected systems from network']"
unknown,0.003310448584853,0,Unknown,[],[],0.003310448584853,Low,16552.242924265,"['Maintain continuous security monitoring', 'Ensure robust security hygiene', 'Conduct employee security awareness training', 'Implement strong email filtering', 'Regularly review access controls']"
cerbu,0.0033104508115205,0,GenericMalware,"['T1486', 'T1055', 'T1027']","['D3-BAC', 'D3-BDR', 'D3-SAW']",0.0033104508115205,Low,16552.2540576025,"['Maintain continuous security monitoring', 'Ensure robust security hygiene', 'Conduct employee security awareness training', 'Implement strong email filtering', 'Regularly review access controls']"
unknown,0.0033104508115333,0,Unknown,[],[],0.0033104508115333,Low,16552.2540576665,"['Maintain continuous security monitoring', 'Ensure robust security hygiene', 'Conduct employee security awareness training', 'Implement strong email filtering', 'Regularly review access controls']"
doina,0.0033104508115333,0,Doina,"['T1486', 'T1055', 'T1027']","['D3-BAC', 'D3-BDR', 'D3-SAW']",0.0033104508115333,Low,16552.2540576665,"['Maintain continuous security monitoring', 'Ensure robust security hygiene', 'Conduct employee security awareness training', 'Implement strong email filtering', 'Regularly review access controls']"
unknown,0.9042692805633136,0,Unknown,[],[],0.9042692805633136,High,4521346.402816568,"['Enable Attack Surface Reduction (ASR) rules', 'Implement Local Administrator Password Solution (LAPS)', 'Ensure immutable and offline backups', 'Deploy Application Allowlisting', 'Isolate affected systems from network']"
redline,0.0033104508115309,0,RedLine,"['T1486', 'T1055', 'T1027']","['D3-BAC', 'D3-BDR', 'D3-SAW']",0.0033104508115309,Low,16552.2540576545,"['Maintain continuous security monitoring', 'Ensure robust security hygiene', 'Conduct employee security awareness training', 'Implement strong email filtering', 'Regularly review access controls']"
unknown,0.0033104508115294,0,Unknown,[],[],0.0033104508115294,Low,16552.254057647002,"['Maintain continuous security monitoring', 'Ensure robust security hygiene', 'Conduct employee security awareness training', 'Implement strong email filtering', 'Regularly review access controls']"
unknown,0.0033104508115333,0,Unknown,[],[],0.0033104508115333,Low,16552.2540576665,"['Maintain continuous security monitoring', 'Ensure robust security hygiene', 'Conduct employee security awareness training', 'Implement strong email filtering', 'Regularly review access controls']"
unknown,0.9042692805633136,0,Unknown,[],[],0.9042692805633136,High,4521346.402816568,"['Enable Attack Surface Reduction (ASR) rules', 'Implement Local Administrator Password Solution (LAPS)', 'Ensure immutable and offline backups', 'Deploy Application Allowlisting', 'Isolate affected systems from network']"
unknown,0.0033104508115309,0,Unknown,[],[],0.0033104508115309,Low,16552.2540576545,"['Maintain continuous security monitoring', 'Ensure robust security hygiene', 'Conduct employee security awareness training', 'Implement strong email filtering', 'Regularly review access controls']"
unknown,0.9042692805633136,0,Unknown,[],[],0.9042692805633136,High,4521346.402816568,"['Enable Attack Surface Reduction (ASR) rules', 'Implement Local Administrator Password Solution (LAPS)', 'Ensure immutable and offline backups', 'Deploy Application Allowlisting', 'Isolate affected systems from network']"
unknown,0.9042692805633136,0,Unknown,[],[],0.9042692805633136,High,4521346.402816568,"['Enable Attack Surface Reduction (ASR) rules', 'Implement Local Administrator Password Solution (LAPS)', 'Ensure immutable and offline backups', 'Deploy Application Allowlisting', 'Isolate affected systems from network']"
unknown,0.9042692805633136,0,Unknown,[],[],0.9042692805633136,High,4521346.402816568,"['Enable Attack Surface Reduction (ASR) rules', 'Implement Local Administrator Password Solution (LAPS)', 'Ensure immutable and offline backups', 'Deploy Application Allowlisting', 'Isolate affected systems from network']"
unknown,0.9042692805633136,1,Unknown,[],[],0.9042692805633136,High,4521346.402816568,"['Enable Attack Surface Reduction (ASR) rules', 'Implement Local Administrator Password Solution (LAPS)', 'Ensure immutable and offline backups', 'Deploy Application Allowlisting', 'Isolate affected systems from network']"
unknown,0.9042692805633136,0,Unknown,[],[],0.9042692805633136,High,4521346.402816568,"['Enable Attack Surface Reduction (ASR) rules', 'Implement Local Administrator Password Solution (LAPS)', 'Ensure immutable and offline backups', 'Deploy Application Allowlisting', 'Isolate affected systems from network']"
unknown,0.9042692805633136,1,Unknown,[],[],0.9042692805633136,High,4521346.402816568,"['Enable Attack Surface Reduction (ASR) rules', 'Implement Local Administrator Password Solution (LAPS)', 'Ensure immutable and offline backups', 'Deploy Application Allowlisting', 'Isolate affected systems from network']"
flystudio,0.0033104508115038,0,FlyStudio,"['T1486', 'T1055', 'T1027']","['D3-BAC', 'D3-BDR', 'D3-SAW']",0.0033104508115038,Low,16552.254057519,"['Maintain continuous security monitoring', 'Ensure robust security hygiene', 'Conduct employee security awareness training', 'Implement strong email filtering', 'Regularly review access controls']"
unknown,0.9042692805633136,0,Unknown,[],[],0.9042692805633136,High,4521346.402816568,"['Enable Attack Surface Reduction (ASR) rules', 'Implement Local Administrator Password Solution (LAPS)', 'Ensure immutable and offline backups', 'Deploy Application Allowlisting', 'Isolate affected systems from network']"
unknown,0.9042692805633136,1,Unknown,[],[],0.9042692805633136,High,4521346.402816568,"['Enable Attack Surface Reduction (ASR) rules', 'Implement Local Administrator Password Solution (LAPS)', 'Ensure immutable and offline backups', 'Deploy Application Allowlisting', 'Isolate affected systems from network']"
unknown,0.0033104508115309,0,Unknown,[],[],0.0033104508115309,Low,16552.2540576545,"['Maintain continuous security monitoring', 'Ensure robust security hygiene', 'Conduct employee security awareness training', 'Implement strong email filtering', 'Regularly review access controls']"
picsys,0.0033104508115333,0,GenericMalware,"['T1486', 'T1055', 'T1027']","['D3-BAC', 'D3-BDR', 'D3-SAW']",0.0033104508115333,Low,16552.2540576665,"['Maintain continuous security monitoring', 'Ensure robust security hygiene', 'Conduct employee security awareness training', 'Implement strong email filtering', 'Regularly review access controls']"
unknown,0.9042692805633136,1,Unknown,[],[],0.9042692805633136,High,4521346.402816568,"['Enable Attack Surface Reduction (ASR) rules', 'Implement Local Administrator Password Solution (LAPS)', 'Ensure immutable and offline backups', 'Deploy Application Allowlisting', 'Isolate affected systems from network']"
unknown,0.0033104508115333,0,Unknown,[],[],0.0033104508115333,Low,16552.2540576665,"['Maintain continuous security monitoring', 'Ensure robust security hygiene', 'Conduct employee security awareness training', 'Implement strong email filtering', 'Regularly review access controls']"
unknown,0.9042692805633136,0,Unknown,[],[],0.9042692805633136,High,4521346.402816568,"['Enable Attack Surface Reduction (ASR) rules', 'Implement Local Administrator Password Solution (LAPS)', 'Ensure immutable and offline backups', 'Deploy Application Allowlisting', 'Isolate affected systems from network']"
berbew,0.0033104508115333,0,Berbew,"['T1486', 'T1055', 'T1027']","['D3-BAC', 'D3-BDR', 'D3-SAW']",0.0033104508115333,Low,16552.2540576665,"['Maintain continuous security monitoring', 'Ensure robust security hygiene', 'Conduct employee security awareness training', 'Implement strong email filtering', 'Regularly review access controls']"
unknown,0.9042692805633136,1,Unknown,[],[],0.9042692805633136,High,4521346.402816568,"['Enable Attack Surface Reduction (ASR) rules', 'Implement Local Administrator Password Solution (LAPS)', 'Ensure immutable and offline backups', 'Deploy Application Allowlisting', 'Isolate affected systems from network']"
unknown,0.0033104508115333,0,Unknown,[],[],0.0033104508115333,Low,16552.2540576665,"['Maintain continuous security monitoring', 'Ensure robust security hygiene', 'Conduct employee security awareness training', 'Implement strong email filtering', 'Regularly review access controls']"
unknown,0.9042692805633136,1,Unknown,[],[],0.9042692805633136,High,4521346.402816568,"['Enable Attack Surface Reduction (ASR) rules', 'Implement Local Administrator Password Solution (LAPS)', 'Ensure immutable and offline backups', 'Deploy Application Allowlisting', 'Isolate affected systems from network']"
unknown,0.0033104508115333,0,Unknown,[],[],0.0033104508115333,Low,16552.2540576665,"['Maintain continuous security monitoring', 'Ensure robust security hygiene', 'Conduct employee security awareness training', 'Implement strong email filtering', 'Regularly review access controls']"
unknown,0.0033104508115333,0,Unknown,[],[],0.0033104508115333,Low,16552.2540576665,"['Maintain continuous security monitoring', 'Ensure robust security hygiene', 'Conduct employee security awareness training', 'Implement strong email filtering', 'Regularly review access controls']"
unknown,0.9042692805633136,0,Unknown,[],[],0.9042692805633136,High,4521346.402816568,"['Enable Attack Surface Reduction (ASR) rules', 'Implement Local Administrator Password Solution (LAPS)', 'Ensure immutable and offline backups', 'Deploy Application Allowlisting', 'Isolate affected systems from network']"
unknown,0.0033104508114508,0,Unknown,[],[],0.0033104508114508,Low,16552.254057254002,"['Maintain continuous security monitoring', 'Ensure robust security hygiene', 'Conduct employee security awareness training', 'Implement strong email filtering', 'Regularly review access controls']"
unknown,0.9042692805633136,0,Unknown,[],[],0.9042692805633136,High,4521346.402816568,"['Enable Attack Surface Reduction (ASR) rules', 'Implement Local Administrator Password Solution (LAPS)', 'Ensure immutable and offline backups', 'Deploy Application Allowlisting', 'Isolate affected systems from network']"
unknown,0.0033104508115293,0,Unknown,[],[],0.0033104508115293,Low,16552.2540576465,"['Maintain continuous security monitoring', 'Ensure robust security hygiene', 'Conduct employee security awareness training', 'Implement strong email filtering', 'Regularly review access controls']"
bedep,0.003310450811576,0,Bedep,"['T1486', 'T1055', 'T1027']","['D3-BAC', 'D3-BDR', 'D3-SAW']",0.003310450811576,Low,16552.25405788,"['Maintain continuous security monitoring', 'Ensure robust security hygiene', 'Conduct employee security awareness training', 'Implement strong email filtering', 'Regularly review access controls']"
wacatac,0.0033104508115333,0,Wacatac,"['T1486', 'T1055', 'T1027']","['D3-BAC', 'D3-BDR', 'D3-SAW']",0.0033104508115333,Low,16552.2540576665,"['Maintain continuous security monitoring', 'Ensure robust security hygiene', 'Conduct employee security awareness training', 'Implement strong email filtering', 'Regularly review access controls']"
unknown,0.0033104508115333,0,Unknown,[],[],0.0033104508115333,Low,16552.2540576665,"['Maintain continuous security monitoring', 'Ensure robust security hygiene', 'Conduct employee security awareness training', 'Implement strong email filtering', 'Regularly review access controls']"
unknown,0.9042692805633136,0,Unknown,[],[],0.9042692805633136,High,4521346.402816568,"['Enable Attack Surface Reduction (ASR) rules', 'Implement Local Administrator Password Solution (LAPS)', 'Ensure immutable and offline backups', 'Deploy Application Allowlisting', 'Isolate affected systems from network']"
unknown,0.0033104508115309,0,Unknown,[],[],0.0033104508115309,Low,16552.2540576545,"['Maintain continuous security monitoring', 'Ensure robust security hygiene', 'Conduct employee security awareness training', 'Implement strong email filtering', 'Regularly review access controls']"
unknown,0.9042692805633136,1,Unknown,[],[],0.9042692805633136,High,4521346.402816568,"['Enable Attack Surface Reduction (ASR) rules', 'Implement Local Administrator Password Solution (LAPS)', 'Ensure immutable and offline backups', 'Deploy Application Allowlisting', 'Isolate affected systems from network']"
wacatac,0.0033104508114785,0,Wacatac,"['T1486', 'T1055', 'T1027']","['D3-BAC', 'D3-BDR', 'D3-SAW']",0.0033104508114785,Low,16552.2540573925,"['Maintain continuous security monitoring', 'Ensure robust security hygiene', 'Conduct employee security awareness training', 'Implement strong email filtering', 'Regularly review access controls']"
unknown,0.9042692805633136,1,Unknown,[],[],0.9042692805633136,High,4521346.402816568,"['Enable Attack Surface Reduction (ASR) rules', 'Implement Local Administrator Password Solution (LAPS)', 'Ensure immutable and offline backups', 'Deploy Application Allowlisting', 'Isolate affected systems from network']"
unknown,0.9042692805633136,0,Unknown,[],[],0.9042692805633136,High,4521346.402816568,"['Enable Attack Surface Reduction (ASR) rules', 'Implement Local Administrator Password Solution (LAPS)', 'Ensure immutable and offline backups', 'Deploy Application Allowlisting', 'Isolate affected systems from network']"
unknown,0.9042692805633136,1,Unknown,[],[],0.9042692805633136,High,4521346.402816568,"['Enable Attack Surface Reduction (ASR) rules', 'Implement Local Administrator Password Solution (LAPS)', 'Ensure immutable and offline backups', 'Deploy Application Allowlisting', 'Isolate affected systems from network']"
redline,0.0033104508115333,0,RedLine,"['T1486', 'T1055', 'T1027']","['D3-BAC', 'D3-BDR', 'D3-SAW']",0.0033104508115333,Low,16552.2540576665,"['Maintain continuous security monitoring', 'Ensure robust security hygiene', 'Conduct employee security awareness training', 'Implement strong email filtering', 'Regularly review access controls']"
unknown,0.0033104508115333,0,Unknown,[],[],0.0033104508115333,Low,16552.2540576665,"['Maintain continuous security monitoring', 'Ensure robust security hygiene', 'Conduct employee security awareness training', 'Implement strong email filtering', 'Regularly review access controls']"
unknown,0.9042692805633136,0,Unknown,[],[],0.9042692805633136,High,4521346.402816568,"['Enable Attack Surface Reduction (ASR) rules', 'Implement Local Administrator Password Solution (LAPS)', 'Ensure immutable and offline backups', 'Deploy Application Allowlisting', 'Isolate affected systems from network']"
unknown,0.9042692805633136,1,Unknown,[],[],0.9042692805633136,High,4521346.402816568,"['Enable Attack Surface Reduction (ASR) rules', 'Implement Local Administrator Password Solution (LAPS)', 'Ensure immutable and offline backups', 'Deploy Application Allowlisting', 'Isolate affected systems from network']"
unknown,0.0033104508116792,0,Unknown,[],[],0.0033104508116792,Low,16552.254058396,"['Maintain continuous security monitoring', 'Ensure robust security hygiene', 'Conduct employee security awareness training', 'Implement strong email filtering', 'Regularly review access controls']"
unknown,0.0033104508115333,0,Unknown,[],[],0.0033104508115333,Low,16552.2540576665,"['Maintain continuous security monitoring', 'Ensure robust security hygiene', 'Conduct employee security awareness training', 'Implement strong email filtering', 'Regularly review access controls']"
unknown,0.0033104508115333,0,Unknown,[],[],0.0033104508115333,Low,16552.2540576665,"['Maintain continuous security monitoring', 'Ensure robust security hygiene', 'Conduct employee security awareness training', 'Implement strong email filtering', 'Regularly review access controls']"
unknown,0.9042692805633136,0,Unknown,[],[],0.9042692805633136,High,4521346.402816568,"['Enable Attack Surface Reduction (ASR) rules', 'Implement Local Administrator Password Solution (LAPS)', 'Ensure immutable and offline backups', 'Deploy Application Allowlisting', 'Isolate affected systems from network']"
unknown,0.0033104508115333,0,Unknown,[],[],0.0033104508115333,Low,16552.2540576665,"['Maintain continuous security monitoring', 'Ensure robust security hygiene', 'Conduct employee security awareness training', 'Implement strong email filtering', 'Regularly review access controls']"
unknown,0.9042692805633136,1,Unknown,[],[],0.9042692805633136,High,4521346.402816568,"['Enable Attack Surface Reduction (ASR) rules', 'Implement Local Administrator Password Solution (LAPS)', 'Ensure immutable and offline backups', 'Deploy Application Allowlisting', 'Isolate affected systems from network']"
expiro,0.0033104508115333,0,Expiro,"['T1486', 'T1055', 'T1027']","['D3-BAC', 'D3-BDR', 'D3-SAW']",0.0033104508115333,Low,16552.2540576665,"['Maintain continuous security monitoring', 'Ensure robust security hygiene', 'Conduct employee security awareness training', 'Implement strong email filtering', 'Regularly review access controls']"
unknown,0.0033104508115309,0,Unknown,[],[],0.0033104508115309,Low,16552.2540576545,"['Maintain continuous security monitoring', 'Ensure robust security hygiene', 'Conduct employee security awareness training', 'Implement strong email filtering', 'Regularly review access controls']"
unknown,0.9042692805633136,0,Unknown,[],[],0.9042692805633136,High,4521346.402816568,"['Enable Attack Surface Reduction (ASR) rules', 'Implement Local Administrator Password Solution (LAPS)', 'Ensure immutable and offline backups', 'Deploy Application Allowlisting', 'Isolate affected systems from network']"
unknown,0.0033104508115225,0,Unknown,[],[],0.0033104508115225,Low,16552.2540576125,"['Maintain continuous security monitoring', 'Ensure robust security hygiene', 'Conduct employee security awareness training', 'Implement strong email filtering', 'Regularly review access controls']"
unknown,0.9042692805633136,1,Unknown,[],[],0.9042692805633136,High,4521346.402816568,"['Enable Attack Surface Reduction (ASR) rules', 'Implement Local Administrator Password Solution (LAPS)', 'Ensure immutable and offline backups', 'Deploy Application Allowlisting', 'Isolate affected systems from network']"
unknown,0.0034876895567274,0,Unknown,[],[],0.0034876895567274,Low,17438.447783637,"['Maintain continuous security monitoring', 'Ensure robust security hygiene', 'Conduct employee security awareness training', 'Implement strong email filtering', 'Regularly review access controls']"
scarletflash,0.0033104508115205,0,ScarletFlash,"['T1486', 'T1055', 'T1027']","['D3-BAC', 'D3-BDR', 'D3-SAW']",0.0033104508115205,Low,16552.2540576025,"['Maintain continuous security monitoring', 'Ensure robust security hygiene', 'Conduct employee security awareness training', 'Implement strong email filtering', 'Regularly review access controls']"
unknown,0.9042692805633136,1,Unknown,[],[],0.9042692805633136,High,4521346.402816568,"['Enable Attack Surface Reduction (ASR) rules', 'Implement Local Administrator Password Solution (LAPS)', 'Ensure immutable and offline backups', 'Deploy Application Allowlisting', 'Isolate affected systems from network']"
unknown,0.0033104508115186,0,Unknown,[],[],0.0033104508115186,Low,16552.254057593,"['Maintain continuous security monitoring', 'Ensure robust security hygiene', 'Conduct employee security awareness training', 'Implement strong email filtering', 'Regularly review access controls']"
unknown,0.0033104508115333,0,Unknown,[],[],0.0033104508115333,Low,16552.2540576665,"['Maintain continuous security monitoring', 'Ensure robust security hygiene', 'Conduct employee security awareness training', 'Implement strong email filtering', 'Regularly review access controls']"
unknown,0.0033104508115333,0,Unknown,[],[],0.0033104508115333,Low,16552.2540576665,"['Maintain continuous security monitoring', 'Ensure robust security hygiene', 'Conduct employee security awareness training', 'Implement strong email filtering', 'Regularly review access controls']"
unknown,0.0033104508114785,0,Unknown,[],[],0.0033104508114785,Low,16552.2540573925,"['Maintain continuous security monitoring', 'Ensure robust security hygiene', 'Conduct employee security awareness training', 'Implement strong email filtering', 'Regularly review access controls']"
unknown,0.0033104508115309,0,Unknown,[],[],0.0033104508115309,Low,16552.2540576545,"['Maintain continuous security monitoring', 'Ensure robust security hygiene', 'Conduct employee security awareness training', 'Implement strong email filtering', 'Regularly review access controls']"
unknown,0.9042692805633136,0,Unknown,[],[],0.9042692805633136,High,4521346.402816568,"['Enable Attack Surface Reduction (ASR) rules', 'Implement Local Administrator Password Solution (LAPS)', 'Ensure immutable and offline backups', 'Deploy Application Allowlisting', 'Isolate affected systems from network']"
expiro,0.0033104508115309,0,Expiro,"['T1486', 'T1055', 'T1027']","['D3-BAC', 'D3-BDR', 'D3-SAW']",0.0033104508115309,Low,16552.2540576545,"['Maintain continuous security monitoring', 'Ensure robust security hygiene', 'Conduct employee security awareness training', 'Implement strong email filtering', 'Regularly review access controls']"
virlock,0.0033104508115333,0,GenericMalware,"['T1486', 'T1055', 'T1027']","['D3-BAC', 'D3-BDR', 'D3-SAW']",0.0033104508115333,Low,16552.2540576665,"['Maintain continuous security monitoring', 'Ensure robust security hygiene', 'Conduct employee security awareness training', 'Implement strong email filtering', 'Regularly review access controls']"
unknown,0.0033104508115205,0,Unknown,[],[],0.0033104508115205,Low,16552.2540576025,"['Maintain continuous security monitoring', 'Ensure robust security hygiene', 'Conduct employee security awareness training', 'Implement strong email filtering', 'Regularly review access controls']"
xmrig,0.0033104508115333,0,XMRig,"['T1055', 'T1027', 'T1059']","['D3-AL', 'D3-CR', 'D3-SAW']",0.0033104508115333,Low,16552.2540576665,"['Maintain continuous security monitoring', 'Ensure robust security hygiene', 'Conduct employee security awareness training', 'Implement strong email filtering', 'Regularly review access controls']"
wacatac,0.0033104508115333,0,Wacatac,"['T1486', 'T1055', 'T1027']","['D3-BAC', 'D3-BDR', 'D3-SAW']",0.0033104508115333,Low,16552.2540576665,"['Maintain continuous security monitoring', 'Ensure robust security hygiene', 'Conduct employee security awareness training', 'Implement strong email filtering', 'Regularly review access controls']"
unknown,0.9042692805633136,1,Unknown,[],[],0.9042692805633136,High,4521346.402816568,"['Enable Attack Surface Reduction (ASR) rules', 'Implement Local Administrator Password Solution (LAPS)', 'Ensure immutable and offline backups', 'Deploy Application Allowlisting', 'Isolate affected systems from network']"
unknown,0.0033104508115333,0,Unknown,[],[],0.0033104508115333,Low,16552.2540576665,"['Maintain continuous security monitoring', 'Ensure robust security hygiene', 'Conduct employee security awareness training', 'Implement strong email filtering', 'Regularly review access controls']"
wacatac,0.0033104508115205,0,Wacatac,"['T1486', 'T1055', 'T1027']","['D3-BAC', 'D3-BDR', 'D3-SAW']",0.0033104508115205,Low,16552.2540576025,"['Maintain continuous security monitoring', 'Ensure robust security hygiene', 'Conduct employee security awareness training', 'Implement strong email filtering', 'Regularly review access controls']"
unknown,0.9042692805633136,1,Unknown,[],[],0.9042692805633136,High,4521346.402816568,"['Enable Attack Surface Reduction (ASR) rules', 'Implement Local Administrator Password Solution (LAPS)', 'Ensure immutable and offline backups', 'Deploy Application Allowlisting', 'Isolate affected systems from network']"
unknown,0.9042692805633136,0,Unknown,[],[],0.9042692805633136,High,4521346.402816568,"['Enable Attack Surface Reduction (ASR) rules', 'Implement Local Administrator Password Solution (LAPS)', 'Ensure immutable and offline backups', 'Deploy Application Allowlisting', 'Isolate affected systems from network']"
berbew,0.0033104508115333,0,Berbew,"['T1486', 'T1055', 'T1027']","['D3-BAC', 'D3-BDR', 'D3-SAW']",0.0033104508115333,Low,16552.2540576665,"['Maintain continuous security monitoring', 'Ensure robust security hygiene', 'Conduct employee security awareness training', 'Implement strong email filtering', 'Regularly review access controls']"
mbrlock,0.0033104508115333,0,GenericMalware,"['T1486', 'T1055', 'T1027']","['D3-BAC', 'D3-BDR', 'D3-SAW']",0.0033104508115333,Low,16552.2540576665,"['Maintain continuous security monitoring', 'Ensure robust security hygiene', 'Conduct employee security awareness training', 'Implement strong email filtering', 'Regularly review access controls']"
unknown,0.9042692805633136,0,Unknown,[],[],0.9042692805633136,High,4521346.402816568,"['Enable Attack Surface Reduction (ASR) rules', 'Implement Local Administrator Password Solution (LAPS)', 'Ensure immutable and offline backups', 'Deploy Application Allowlisting', 'Isolate affected systems from network']"
unknown,0.0033104508115333,0,Unknown,[],[],0.0033104508115333,Low,16552.2540576665,"['Maintain continuous security monitoring', 'Ensure robust security hygiene', 'Conduct employee security awareness training', 'Implement strong email filtering', 'Regularly review access controls']"
unknown,0.0033104508114616,0,Unknown,[],[],0.0033104508114616,Low,16552.254057308,"['Maintain continuous security monitoring', 'Ensure robust security hygiene', 'Conduct employee security awareness training', 'Implement strong email filtering', 'Regularly review access controls']"
cardspy,0.0033104508115333,0,GenericMalware,"['T1486', 'T1055', 'T1027']","['D3-BAC', 'D3-BDR', 'D3-SAW']",0.0033104508115333,Low,16552.2540576665,"['Maintain continuous security monitoring', 'Ensure robust security hygiene', 'Conduct employee security awareness training', 'Implement strong email filtering', 'Regularly review access controls']"
unknown,0.0033104508114618,0,Unknown,[],[],0.0033104508114618,Low,16552.254057309,"['Maintain continuous security monitoring', 'Ensure robust security hygiene', 'Conduct employee security awareness training', 'Implement strong email filtering', 'Regularly review access controls']"
unknown,0.0033104508115333,0,Unknown,[],[],0.0033104508115333,Low,16552.2540576665,"['Maintain continuous security monitoring', 'Ensure robust security hygiene', 'Conduct employee security awareness training', 'Implement strong email filtering', 'Regularly review access controls']"
unknown,0.9042692805633136,1,Unknown,[],[],0.9042692805633136,High,4521346.402816568,"['Enable Attack Surface Reduction (ASR) rules', 'Implement Local Administrator Password Solution (LAPS)', 'Ensure immutable and offline backups', 'Deploy Application Allowlisting', 'Isolate affected systems from network']"
unknown,0.0033804806987569,0,Unknown,[],[],0.0033804806987569,Low,16902.4034937845,"['Maintain continuous security monitoring', 'Ensure robust security hygiene', 'Conduct employee security awareness training', 'Implement strong email filtering', 'Regularly review access controls']"
unknown,0.0033104508115287,0,Unknown,[],[],0.0033104508115287,Low,16552.254057643502,"['Maintain continuous security monitoring', 'Ensure robust security hygiene', 'Conduct employee security awareness training', 'Implement strong email filtering', 'Regularly review access controls']"
unknown,0.9042692805633136,0,Unknown,[],[],0.9042692805633136,High,4521346.402816568,"['Enable Attack Surface Reduction (ASR) rules', 'Implement Local Administrator Password Solution (LAPS)', 'Ensure immutable and offline backups', 'Deploy Application Allowlisting', 'Isolate affected systems from network']"
unknown,0.0033104508115099,0,Unknown,[],[],0.0033104508115099,Low,16552.2540575495,"['Maintain continuous security monitoring', 'Ensure robust security hygiene', 'Conduct employee security awareness training', 'Implement strong email filtering', 'Regularly review access controls']"
unknown,0.9042692805633136,0,Unknown,[],[],0.9042692805633136,High,4521346.402816568,"['Enable Attack Surface Reduction (ASR) rules', 'Implement Local Administrator Password Solution (LAPS)', 'Ensure immutable and offline backups', 'Deploy Application Allowlisting', 'Isolate affected systems from network']"
unknown,0.9042692805633136,1,Unknown,[],[],0.9042692805633136,High,4521346.402816568,"['Enable Attack Surface Reduction (ASR) rules', 'Implement Local Administrator Password Solution (LAPS)', 'Ensure immutable and offline backups', 'Deploy Application Allowlisting', 'Isolate affected systems from network']"
unknown,0.9042692805633136,1,Unknown,[],[],0.9042692805633136,High,4521346.402816568,"['Enable Attack Surface Reduction (ASR) rules', 'Implement Local Administrator Password Solution (LAPS)', 'Ensure immutable and offline backups', 'Deploy Application Allowlisting', 'Isolate affected systems from network']"
unknown,0.9042692805633136,0,Unknown,[],[],0.9042692805633136,High,4521346.402816568,"['Enable Attack Surface Reduction (ASR) rules', 'Implement Local Administrator Password Solution (LAPS)', 'Ensure immutable and offline backups', 'Deploy Application Allowlisting', 'Isolate affected systems from network']"
growtopia,0.0033104508115333,0,GenericMalware,"['T1486', 'T1055', 'T1027']","['D3-BAC', 'D3-BDR', 'D3-SAW']",0.0033104508115333,Low,16552.2540576665,"['Maintain continuous security monitoring', 'Ensure robust security hygiene', 'Conduct employee security awareness training', 'Implement strong email filtering', 'Regularly review access controls']"
unknown,0.0033104508115333,0,Unknown,[],[],0.0033104508115333,Low,16552.2540576665,"['Maintain continuous security monitoring', 'Ensure robust security hygiene', 'Conduct employee security awareness training', 'Implement strong email filtering', 'Regularly review access controls']"
unknown,0.0033104508115333,0,Unknown,[],[],0.0033104508115333,Low,16552.2540576665,"['Maintain continuous security monitoring', 'Ensure robust security hygiene', 'Conduct employee security awareness training', 'Implement strong email filtering', 'Regularly review access controls']"
unknown,0.0033104508115333,0,Unknown,[],[],0.0033104508115333,Low,16552.2540576665,"['Maintain continuous security monitoring', 'Ensure robust security hygiene', 'Conduct employee security awareness training', 'Implement strong email filtering', 'Regularly review access controls']"
unknown,0.9042692805633136,1,Unknown,[],[],0.9042692805633136,High,4521346.402816568,"['Enable Attack Surface Reduction (ASR) rules', 'Implement Local Administrator Password Solution (LAPS)', 'Ensure immutable and offline backups', 'Deploy Application Allowlisting', 'Isolate affected systems from network']"
unknown,0.9042692805633136,1,Unknown,[],[],0.9042692805633136,High,4521346.402816568,"['Enable Attack Surface Reduction (ASR) rules', 'Implement Local Administrator Password Solution (LAPS)', 'Ensure immutable and offline backups', 'Deploy Application Allowlisting', 'Isolate affected systems from network']"
unknown,0.9042692805633136,1,Unknown,[],[],0.9042692805633136,High,4521346.402816568,"['Enable Attack Surface Reduction (ASR) rules', 'Implement Local Administrator Password Solution (LAPS)', 'Ensure immutable and offline backups', 'Deploy Application Allowlisting', 'Isolate affected systems from network']"
unknown,0.9042692805633136,1,Unknown,[],[],0.9042692805633136,High,4521346.402816568,"['Enable Attack Surface Reduction (ASR) rules', 'Implement Local Administrator Password Solution (LAPS)', 'Ensure immutable and offline backups', 'Deploy Application Allowlisting', 'Isolate affected systems from network']"
flystudio,0.0033104508115333,0,FlyStudio,"['T1486', 'T1055', 'T1027']","['D3-BAC', 'D3-BDR', 'D3-SAW']",0.0033104508115333,Low,16552.2540576665,"['Maintain continuous security monitoring', 'Ensure robust security hygiene', 'Conduct employee security awareness training', 'Implement strong email filtering', 'Regularly review access controls']"
unknown,0.9042692805633136,0,Unknown,[],[],0.9042692805633136,High,4521346.402816568,"['Enable Attack Surface Reduction (ASR) rules', 'Implement Local Administrator Password Solution (LAPS)', 'Ensure immutable and offline backups', 'Deploy Application Allowlisting', 'Isolate affected systems from network']"
unknown,0.9042692805633136,0,Unknown,[],[],0.9042692805633136,High,4521346.402816568,"['Enable Attack Surface Reduction (ASR) rules', 'Implement Local Administrator Password Solution (LAPS)', 'Ensure immutable and offline backups', 'Deploy Application Allowlisting', 'Isolate affected systems from network']"
unknown,0.9042692805633136,1,Unknown,[],[],0.9042692805633136,High,4521346.402816568,"['Enable Attack Surface Reduction (ASR) rules', 'Implement Local Administrator Password Solution (LAPS)', 'Ensure immutable and offline backups', 'Deploy Application Allowlisting', 'Isolate affected systems from network']"
unknown,0.9042692805633136,0,Unknown,[],[],0.9042692805633136,High,4521346.402816568,"['Enable Attack Surface Reduction (ASR) rules', 'Implement Local Administrator Password Solution (LAPS)', 'Ensure immutable and offline backups', 'Deploy Application Allowlisting', 'Isolate affected systems from network']"
unknown,0.0033104508115333,0,Unknown,[],[],0.0033104508115333,Low,16552.2540576665,"['Maintain continuous security monitoring', 'Ensure robust security hygiene', 'Conduct employee security awareness training', 'Implement strong email filtering', 'Regularly review access controls']"
flystudio,0.0033104508115201,0,FlyStudio,"['T1486', 'T1055', 'T1027']","['D3-BAC', 'D3-BDR', 'D3-SAW']",0.0033104508115201,Low,16552.2540576005,"['Maintain continuous security monitoring', 'Ensure robust security hygiene', 'Conduct employee security awareness training', 'Implement strong email filtering', 'Regularly review access controls']"
xmrig,0.003310450811466,0,XMRig,"['T1055', 'T1027', 'T1059']","['D3-AL', 'D3-CR', 'D3-SAW']",0.003310450811466,Low,16552.25405733,"['Maintain continuous security monitoring', 'Ensure robust security hygiene', 'Conduct employee security awareness training', 'Implement strong email filtering', 'Regularly review access controls']"
crifi,0.0033104508115333,0,GenericMalware,"['T1486', 'T1055', 'T1027']","['D3-BAC', 'D3-BDR', 'D3-SAW']",0.0033104508115333,Low,16552.2540576665,"['Maintain continuous security monitoring', 'Ensure robust security hygiene', 'Conduct employee security awareness training', 'Implement strong email filtering', 'Regularly review access controls']"
unknown,0.0033104508115333,0,Unknown,[],[],0.0033104508115333,Low,16552.2540576665,"['Maintain continuous security monitoring', 'Ensure robust security hygiene', 'Conduct employee security awareness training', 'Implement strong email filtering', 'Regularly review access controls']"
maener,0.0033104508115333,0,GenericMalware,"['T1486', 'T1055', 'T1027']","['D3-BAC', 'D3-BDR', 'D3-SAW']",0.0033104508115333,Low,16552.2540576665,"['Maintain continuous security monitoring', 'Ensure robust security hygiene', 'Conduct employee security awareness training', 'Implement strong email filtering', 'Regularly review access controls']"
unknown,0.0033104508115333,0,Unknown,[],[],0.0033104508115333,Low,16552.2540576665,"['Maintain continuous security monitoring', 'Ensure robust security hygiene', 'Conduct employee security awareness training', 'Implement strong email filtering', 'Regularly review access controls']"
vindor,0.0033804668626575,0,Vindor,"['T1486', 'T1055', 'T1027']","['D3-BAC', 'D3-BDR', 'D3-SAW']",0.0033804668626575,Low,16902.3343132875,"['Maintain continuous security monitoring', 'Ensure robust security hygiene', 'Conduct employee security awareness training', 'Implement strong email filtering', 'Regularly review access controls']"
unknown,0.9042692805633136,0,Unknown,[],[],0.9042692805633136,High,4521346.402816568,"['Enable Attack Surface Reduction (ASR) rules', 'Implement Local Administrator Password Solution (LAPS)', 'Ensure immutable and offline backups', 'Deploy Application Allowlisting', 'Isolate affected systems from network']"
