asset_id,risk_score,predicted_label,true_label,technique_id
asset_0000,0.0033804806999925,0,0,T1486
asset_0001,0.9042692805633136,1,0,T1486
asset_0002,0.0033104508115333,0,0,T1486
asset_0003,0.9042692805633136,1,0,T1486
asset_0004,0.003310450811489,0,0,T1486
asset_0005,0.0033104508115294,0,1,T1486
asset_0006,0.9042692805633136,1,0,T1486
asset_0007,0.0033104508115333,0,1,T1486
asset_0008,0.0033104508114552,0,0,T1486
asset_0009,0.9042692805633136,1,1,T1486
asset_0010,0.0033104508115869,0,0,T1486
asset_0011,0.9042692805633136,1,0,T1486
asset_0012,0.0033104508115333,0,0,T1486
asset_0013,0.0033104508115333,0,1,T1486
asset_0014,0.0033104508115021,0,0,T1486
asset_0015,0.9042692805633136,1,1,T1486
asset_0016,0.0033104508115333,0,0,T1486
asset_0017,0.9042692805633136,1,1,T1486
asset_0018,0.0033104508115061,0,0,T1486
asset_0019,0.9042692805633136,1,0,T1486
asset_0020,0.9042692805633136,1,1,T1486
asset_0021,0.9042692805633136,1,1,T1486
asset_0022,0.0033104508115169,0,0,T1486
asset_0023,0.9042692805633136,1,0,T1486
asset_0024,0.9042692805633136,1,1,T1486
asset_0025,0.0033104477866214,0,1,T1486
asset_0026,0.9042692805633136,1,1,T1486
asset_0027,0.9042692805633136,1,0,T1486
asset_0028,0.0033104508115333,0,0,T1486
asset_0029,0.9042692805633136,1,0,T1486
asset_0030,0.0033104508115333,0,0,T1486
asset_0031,0.9042692805633136,1,0,T1486
asset_0032,0.9042692805633136,1,1,T1486
asset_0033,0.9042692805633136,1,0,T1486
asset_0034,0.0033104508115333,0,0,T1486
asset_0035,0.0033104508115758,0,0,T1486
asset_0036,0.9042692805633136,1,1,T1486
asset_0037,0.0033104508114935,0,1,T1486
asset_0038,0.9042692805633136,1,0,T1486
asset_0039,0.0033104508115333,0,1,T1486
asset_0040,0.0033104508115309,0,0,T1486
asset_0041,0.9042692805633136,1,0,T1486
asset_0042,0.0033104508115196,0,0,T1486
asset_0043,0.9042692805633136,1,1,T1486
asset_0044,0.0033104508115309,0,1,T1486
asset_0045,0.0033104508114785,0,0,T1486
asset_0046,0.0033104508115333,0,0,T1486
asset_0047,0.0033104508115333,0,0,T1486
asset_0048,0.0033104499674126,0,0,T1486
asset_0049,0.9042692805633136,1,0,T1486
asset_0050,0.0033104499674126,0,1,T1486
asset_0051,0.9042692805633136,1,1,T1486
asset_0052,0.0033104508115038,0,1,T1486
asset_0053,0.9042692805633136,1,1,T1486
asset_0054,0.0033104508115333,0,1,T1486
asset_0055,0.0033104508115309,0,1,T1486
asset_0056,0.9042692805633136,1,1,T1486
asset_0057,0.9042692805633136,1,1,T1486
asset_0058,0.0033104508114787,0,0,T1486
asset_0059,0.9042692805633136,1,1,T1486
asset_0060,0.9042692805633136,1,1,T1486
asset_0061,0.9042692805633136,1,1,T1486
asset_0062,0.9042692805633136,1,0,T1486
asset_0063,0.0033104508115333,0,0,T1486
asset_0064,0.9042692805633136,1,1,T1486
asset_0065,0.0033104508115333,0,0,T1486
asset_0066,0.0033104490932545,0,1,T1486
asset_0067,0.9042692805633136,1,1,T1486
asset_0068,0.0033104508115333,0,0,T1486
asset_0069,0.9042692805633136,1,0,T1486
asset_0070,0.9042692805633136,1,1,T1486
asset_0071,0.0033104508115225,0,1,T1486
asset_0072,0.0033104508114785,0,0,T1486
asset_0073,0.0033104508115309,0,1,T1486
asset_0074,0.9042692805633136,1,1,T1486
asset_0075,0.0033104508115185,0,1,T1486
asset_0076,0.0033104508115333,0,0,T1486
asset_0077,0.9042692805633136,1,1,T1486
asset_0078,0.0033104508115293,0,0,T1486
asset_0079,0.9042692805633136,1,0,T1486
asset_0080,0.9042692805633136,1,0,T1486
asset_0081,0.0033104508115099,0,1,T1486
asset_0082,0.0033104508115333,0,0,T1486
asset_0083,0.9042692805633136,1,0,T1486
asset_0084,0.9042692805633136,1,0,T1486
asset_0085,0.9042692805633136,1,0,T1486
asset_0086,0.0033104508115333,0,1,T1486
asset_0087,0.9042692805633136,1,0,T1486
asset_0088,0.9042692805633136,1,0,T1486
asset_0089,0.0033104508115333,0,1,T1486
asset_0090,0.0033104508115333,0,1,T1486
asset_0091,0.9042692805633136,1,1,T1486
asset_0092,0.0033104508115333,0,1,T1486
asset_0093,0.0033104508115061,0,0,T1486
asset_0094,0.0033104508115333,0,0,T1486
asset_0095,0.0033104508115225,0,1,T1486
asset_0096,0.9042692805633136,1,0,T1486
asset_0097,0.0033104508115021,0,0,T1486
asset_0098,0.9042692805633136,1,0,T1486
asset_0099,0.0033104508115309,0,0,T1486
asset_0100,0.0033104508115309,0,0,T1486
asset_0101,0.0033104508115309,0,1,T1486
asset_0102,0.9042692805633136,1,0,T1486
asset_0103,0.9042692805633136,1,0,T1486
asset_0104,0.0033104508115333,0,0,T1486
asset_0105,0.0033104508115333,0,1,T1486
asset_0106,0.9042692805633136,1,0,T1486
asset_0107,0.0033104508115333,0,0,T1486
asset_0108,0.9042692805633136,1,0,T1486
asset_0109,0.9042692805633136,1,1,T1486
asset_0110,0.9042692805633136,1,0,T1486
asset_0111,0.0033104508115333,0,1,T1486
asset_0112,0.9042692805633136,1,0,T1486
asset_0113,0.9042692805633136,1,0,T1486
asset_0114,0.9042692805633136,1,0,T1486
asset_0115,0.9042692805633136,1,1,T1486
asset_0116,0.0033104508115333,0,0,T1486
asset_0117,0.9042692805633136,1,0,T1486
asset_0118,0.9042692805633136,1,0,T1486
asset_0119,0.0033104508115333,0,1,T1486
asset_0120,0.9042692805633136,1,0,T1486
asset_0121,0.9042692805633136,1,0,T1486
asset_0122,0.9042692805633136,1,1,T1486
asset_0123,0.0033104508115869,0,0,T1486
asset_0124,0.0033104508115186,0,1,T1486
asset_0125,0.9042692805633136,1,0,T1486
asset_0126,0.0033104508115333,0,0,T1486
asset_0127,0.0033104508114935,0,1,T1486
asset_0128,0.0033104508115248,0,0,T1486
asset_0129,0.9042692805633136,1,0,T1486
asset_0130,0.0033104508115333,0,0,T1486
asset_0131,0.0033104508115333,0,1,T1486
asset_0132,0.9042692805633136,1,0,T1486
asset_0133,0.9042692805633136,1,1,T1486
asset_0134,0.9042692805633136,1,0,T1486
asset_0135,0.003310450812075,0,1,T1486
asset_0136,0.0033104508115333,0,0,T1486
asset_0137,0.0033104508115333,0,1,T1486
asset_0138,0.0033104508115333,0,1,T1486
asset_0139,0.9042692805633136,1,1,T1486
asset_0140,0.0033104508114616,0,1,T1486
asset_0141,0.9042692805633136,1,0,T1486
asset_0142,0.0033104508115333,0,0,T1486
asset_0143,0.0033104508115333,0,1,T1486
asset_0144,0.9042692805633136,1,0,T1486
asset_0145,0.9042692805633136,1,0,T1486
asset_0146,0.0033104508115318,0,0,T1486
asset_0147,0.9042692805633136,1,1,T1486
asset_0148,0.0033104508115333,0,1,T1486
asset_0149,0.0033104490923377,0,0,T1486
asset_0150,0.0033104508115333,0,1,T1486
asset_0151,0.9042692805633136,1,1,T1486
asset_0152,0.9042692805633136,1,1,T1486
asset_0153,0.0033104508115333,0,0,T1486
asset_0154,0.9042692805633136,1,0,T1486
asset_0155,0.0033104508115333,0,1,T1486
asset_0156,0.9042692805633136,1,0,T1486
asset_0157,0.0033104508115309,0,1,T1486
asset_0158,0.9042692805633136,1,0,T1486
asset_0159,0.9042692805633136,1,0,T1486
asset_0160,0.9042692805633136,1,1,T1486
asset_0161,0.9042692805633136,1,0,T1486
asset_0162,0.9042692805633136,1,0,T1486
asset_0163,0.0033104508115333,0,0,T1486
asset_0164,0.9042692805633136,1,1,T1486
asset_0165,0.9042692805633136,1,1,T1486
asset_0166,0.0033104500031795,0,0,T1486
asset_0167,0.0033104508114889,0,0,T1486
asset_0168,0.0033104508115333,0,1,T1486
asset_0169,0.9042692805633136,1,0,T1486
asset_0170,0.0033104508115309,0,0,T1486
asset_0171,0.9042692805633136,1,1,T1486
asset_0172,0.9042692805633136,1,1,T1486
asset_0173,0.0033104508115333,0,1,T1486
asset_0174,0.0033104508115333,0,1,T1486
asset_0175,0.9042692805633136,1,0,T1486
asset_0176,0.0033104508115208,0,1,T1486
asset_0177,0.0033104508115333,0,1,T1486
asset_0178,0.0033104508115333,0,0,T1486
asset_0179,0.9042692805633136,1,0,T1486
asset_0180,0.9042692805633136,1,0,T1486
asset_0181,0.0033104508115333,0,0,T1486
asset_0182,0.9042692805633136,1,0,T1486
asset_0183,0.9042692805633136,1,0,T1486
asset_0184,0.0033104508115333,0,0,T1486
asset_0185,0.0033104508115333,0,1,T1486
asset_0186,0.0033104508115868,0,1,T1486
asset_0187,0.9042692805633136,1,1,T1486
asset_0188,0.9042692805633136,1,0,T1486
asset_0189,0.0033104508115333,0,0,T1486
asset_0190,0.9042692805633136,1,1,T1486
asset_0191,0.0033104508115186,0,0,T1486
asset_0192,0.0033104508115309,0,1,T1486
asset_0193,0.0033104508115309,0,0,T1486
asset_0194,0.9042692805633136,1,0,T1486
asset_0195,0.0033104508114618,0,1,T1486
asset_0196,0.9042692805633136,1,1,T1486
asset_0197,0.9042692805633136,1,1,T1486
asset_0198,0.0033104508115333,0,1,T1486
asset_0199,0.9042692805633136,1,0,T1486
asset_0200,0.9042692805633136,1,1,T1486
asset_0201,0.0033104508115333,0,1,T1486
asset_0202,0.9042692805633136,1,0,T1486
asset_0203,0.0033104508114785,0,1,T1486
asset_0204,0.9042692805633136,1,0,T1486
asset_0205,0.0033104508115333,0,0,T1486
asset_0206,0.0033104508115097,0,0,T1486
asset_0207,0.0033104508115333,0,1,T1486
asset_0208,0.9042692805633136,1,1,T1486
asset_0209,0.9042692805633136,1,0,T1486
asset_0210,0.0033104508115333,0,1,T1486
asset_0211,0.0033104508115333,0,0,T1486
asset_0212,0.9042692805633136,1,1,T1486
asset_0213,0.9042692805633136,1,0,T1486
asset_0214,0.9042692805633136,1,0,T1486
asset_0215,0.0033104508115333,0,1,T1486
asset_0216,0.9042692805633136,1,0,T1486
asset_0217,0.0033104508115333,0,1,T1486
asset_0218,0.0033104508115333,0,0,T1486
asset_0219,0.0033104508115018,0,0,T1486
asset_0220,0.0033104508115333,0,1,T1486
asset_0221,0.9042692805633136,1,1,T1486
asset_0222,0.0033104508115333,0,0,T1486
asset_0223,0.0033104500031795,0,1,T1486
asset_0224,0.9042692805633136,1,1,T1486
asset_0225,0.9042692805633136,1,1,T1486
asset_0226,0.0033104508115333,0,0,T1486
asset_0227,0.9042692805633136,1,1,T1486
asset_0228,0.9042692805633136,1,0,T1486
asset_0229,0.0033104508115318,0,0,T1486
asset_0230,0.0033104508115309,0,1,T1486
asset_0231,0.9042692805633136,1,0,T1486
asset_0232,0.9042692805633136,1,0,T1486
asset_0233,0.0033104508115333,0,0,T1486
asset_0234,0.9042692805633136,1,0,T1486
asset_0235,0.9042692805633136,1,0,T1486
asset_0236,0.0033104491359077,0,1,T1486
asset_0237,0.9042692805633136,1,0,T1486
asset_0238,0.0033104508114508,0,1,T1486
asset_0239,0.9042692805633136,1,1,T1486
asset_0240,0.0033104508115333,0,1,T1486
asset_0241,0.0033104472641503,0,0,T1486
asset_0242,0.0033104508115333,0,0,T1486
asset_0243,0.0033104508115309,0,1,T1486
asset_0244,0.9042692805633136,1,0,T1486
asset_0245,0.0033104508115333,0,1,T1486
asset_0246,0.9042692805633136,1,0,T1486
asset_0247,0.0033104508115176,0,1,T1486
asset_0248,0.0037873349811709,0,1,T1486
asset_0249,0.0033104508115333,0,1,T1486
asset_0250,0.9042692805633136,1,1,T1486
asset_0251,0.0033104508115307,0,1,T1486
asset_0252,0.0033104508115869,0,0,T1486
asset_0253,0.9042692805633136,1,0,T1486
asset_0254,0.9042692805633136,1,0,T1486
asset_0255,0.9042692805633136,1,0,T1486
asset_0256,0.0033104508115225,0,1,T1486
asset_0257,0.9042692805633136,1,1,T1486
asset_0258,0.0033104472641503,0,0,T1486
asset_0259,0.9042692805633136,1,1,T1486
asset_0260,0.0033104508115333,0,0,T1486
asset_0261,0.0033104508115309,0,1,T1486
asset_0262,0.9042692805633136,1,1,T1486
asset_0263,0.0033804668626575,0,1,T1486
asset_0264,0.0033104508115186,0,1,T1486
asset_0265,0.9042692805633136,1,0,T1486
asset_0266,0.9042692805633136,1,0,T1486
asset_0267,0.9042692805633136,1,0,T1486
asset_0268,0.9042692805633136,1,0,T1486
asset_0269,0.0033104508115333,0,0,T1486
asset_0270,0.9042692805633136,1,1,T1486
asset_0271,0.0033104508115333,0,1,T1486
asset_0272,0.0033104508122665,0,0,T1486
asset_0273,0.9042692805633136,1,1,T1486
asset_0274,0.9042692805633136,1,0,T1486
asset_0275,0.9042692805633136,1,1,T1486
asset_0276,0.9042692805633136,1,1,T1486
asset_0277,0.0033104508115037,0,0,T1486
asset_0278,0.9042692805633136,1,1,T1486
asset_0279,0.0033104508115293,0,0,T1486
asset_0280,0.003345437170895,0,0,T1486
asset_0281,0.0033104508115333,0,1,T1486
asset_0282,0.0033104508115869,0,1,T1486
asset_0283,0.0033104508115333,0,0,T1486
asset_0284,0.0033104508115333,0,1,T1486
asset_0285,0.9042692805633136,1,1,T1486
asset_0286,0.0033104508115201,0,0,T1486
asset_0287,0.0033104508115868,0,0,T1486
asset_0288,0.0033104508115333,0,1,T1486
asset_0289,0.9042692805633136,1,1,T1486
asset_0290,0.0033104508115333,0,0,T1486
asset_0291,0.9042692805633136,1,1,T1486
asset_0292,0.9042692805633136,1,1,T1486
asset_0293,0.9042692805633136,1,0,T1486
asset_0294,0.0033104472641503,0,1,T1486
asset_0295,0.9042692805633136,1,1,T1486
asset_0296,0.0033104508115333,0,0,T1486
asset_0297,0.0033104508115293,0,0,T1486
asset_0298,0.9042692805633136,1,1,T1486
asset_0299,0.9042692805633136,1,0,T1486
asset_0300,0.9042692805633136,1,1,T1486
asset_0301,0.0033104508115309,0,1,T1486
asset_0302,0.9042692805633136,1,0,T1486
asset_0303,0.0033104508114933,0,0,T1486
asset_0304,0.9042692805633136,1,1,T1486
asset_0305,0.0033104508115333,0,0,T1486
asset_0306,0.0033104508115167,0,0,T1486
asset_0307,0.0033104508115333,0,0,T1486
asset_0308,0.0033104508115221,0,0,T1486
asset_0309,0.0033104508115333,0,0,T1486
asset_0310,0.0033104508115333,0,1,T1486
asset_0311,0.0033104508115333,0,0,T1486
asset_0312,0.0033104508115333,0,0,T1486
asset_0313,0.9042692805633136,1,1,T1486
asset_0314,0.0033104508115333,0,1,T1486
asset_0315,0.9042692805633136,1,0,T1486
asset_0316,0.9042692805633136,1,0,T1486
asset_0317,0.0033104508115294,0,1,T1486
asset_0318,0.0033104508115333,0,0,T1486
asset_0319,0.0033104508115333,0,0,T1486
asset_0320,0.9042692805633136,1,0,T1486
asset_0321,0.9042692805633136,1,1,T1486
asset_0322,0.9042692805633136,1,0,T1486
asset_0323,0.9042692805633136,1,1,T1486
asset_0324,0.0033104508115333,0,1,T1486
asset_0325,0.9042692805633136,1,0,T1486
asset_0326,0.9042692805633136,1,1,T1486
asset_0327,0.0033104508115318,0,0,T1486
asset_0328,0.0033104508115333,0,1,T1486
asset_0329,0.9042692805633136,1,1,T1486
asset_0330,0.9042692805633136,1,0,T1486
asset_0331,0.9042692805633136,1,1,T1486
asset_0332,0.0033104508115169,0,0,T1486
asset_0333,0.0033104508115333,0,0,T1486
asset_0334,0.0033104508114552,0,1,T1486
asset_0335,0.0033104508115333,0,0,T1486
asset_0336,0.9042692805633136,1,0,T1486
asset_0337,0.0033104508115225,0,1,T1486
asset_0338,0.0033104508115333,0,0,T1486
asset_0339,0.9042692805633136,1,1,T1486
asset_0340,0.9042692805633136,1,1,T1486
asset_0341,0.9042692805633136,1,1,T1486
asset_0342,0.9042692805633136,1,0,T1486
asset_0343,0.0033104508114616,0,0,T1486
asset_0344,0.9042692805633136,1,1,T1486
asset_0345,0.0033104508115333,0,1,T1486
asset_0346,0.0033104508115333,0,0,T1486
asset_0347,0.9042692805633136,1,0,T1486
asset_0348,0.9042692805633136,1,0,T1486
asset_0349,0.9042692805633136,1,1,T1486
asset_0350,0.9042692805633136,1,1,T1486
asset_0351,0.9042692805633136,1,0,T1486
asset_0352,0.0033104508115309,0,0,T1486
asset_0353,0.9042692805633136,1,1,T1486
asset_0354,0.9042692805633136,1,0,T1486
asset_0355,0.0033104508115309,0,0,T1486
asset_0356,0.9042692805633136,1,1,T1486
asset_0357,0.0033104508115333,0,1,T1486
asset_0358,0.0033104508115333,0,0,T1486
asset_0359,0.0033104508115333,0,0,T1486
asset_0360,0.0033104508115333,0,0,T1486
asset_0361,0.0033454371183524,0,1,T1486
asset_0362,0.0033104508115333,0,1,T1486
asset_0363,0.9042692805633136,1,0,T1486
asset_0364,0.9042692805633136,1,0,T1486
asset_0365,0.0033104508114618,0,0,T1486
asset_0366,0.9042692805633136,1,0,T1486
asset_0367,0.0033104508114933,0,1,T1486
asset_0368,0.9042692805633136,1,0,T1486
asset_0369,0.0033104508115333,0,1,T1486
asset_0370,0.9042692805633136,1,1,T1486
asset_0371,0.0033104508115205,0,0,T1486
asset_0372,0.0033104508115333,0,0,T1486
asset_0373,0.9042692805633136,1,1,T1486
asset_0374,0.00331045081212,0,0,T1486
asset_0375,0.0033104508115309,0,0,T1486
asset_0376,0.9042692805633136,1,1,T1486
asset_0377,0.0033104508115271,0,1,T1486
asset_0378,0.0033104508115333,0,1,T1486
asset_0379,0.0033104508115333,0,0,T1486
asset_0380,0.9042692805633136,1,1,T1486
asset_0381,0.9042692805633136,1,1,T1486
asset_0382,0.9042692805633136,1,0,T1486
asset_0383,0.0033104508115333,0,0,T1486
asset_0384,0.9042692805633136,1,1,T1486
asset_0385,0.0038345488388173,0,1,T1486
asset_0386,0.9042692805633136,1,1,T1486
asset_0387,0.0033104508120232,0,0,T1486
asset_0388,0.0033104508115333,0,1,T1486
asset_0389,0.9042692805633136,1,1,T1486
asset_0390,0.0033104508115205,0,0,T1486
asset_0391,0.0033104508115176,0,1,T1486
asset_0392,0.9042692805633136,1,0,T1486
asset_0393,0.0033104508115333,0,1,T1486
asset_0394,0.0033104508115333,0,1,T1486
asset_0395,0.0033104508115097,0,1,T1486
asset_0396,0.0033104508115333,0,0,T1486
asset_0397,0.9042692805633136,1,1,T1486
asset_0398,0.9042692805633136,1,1,T1486
asset_0399,0.0033104508115333,0,1,T1486
asset_0400,0.0033104508115333,0,0,T1486
asset_0401,0.0033104508115333,0,1,T1486
asset_0402,0.9042692805633136,1,1,T1486
asset_0403,0.0033104508114508,0,0,T1486
asset_0404,0.9042692805633136,1,0,T1486
asset_0405,0.0033104508115333,0,0,T1486
asset_0406,0.0033104508115205,0,0,T1486
asset_0407,0.9042692805633136,1,1,T1486
asset_0408,0.0033104508115333,0,0,T1486
asset_0409,0.0033104508115333,0,0,T1486
asset_0410,0.9042692805633136,1,0,T1486
asset_0411,0.9042692805633136,1,0,T1486
asset_0412,0.0033104508115869,0,0,T1486
asset_0413,0.0033104508115333,0,1,T1486
asset_0414,0.003310450811489,0,0,T1486
asset_0415,0.9042692805633136,1,1,T1486
asset_0416,0.9042692805633136,1,0,T1486
asset_0417,0.0033104508115097,0,1,T1486
asset_0418,0.0033104508115333,0,0,T1486
asset_0419,0.0033104508115333,0,1,T1486
asset_0420,0.0033104508115333,0,0,T1486
asset_0421,0.0033104508115868,0,1,T1486
asset_0422,0.9042692805633136,1,0,T1486
asset_0423,0.9042692805633136,1,0,T1486
asset_0424,0.9042692805633136,1,0,T1486
asset_0425,0.0033104508115333,0,0,T1486
asset_0426,0.9042692805633136,1,1,T1486
asset_0427,0.003310449967819,0,0,T1486
asset_0428,0.9042692805633136,1,1,T1486
asset_0429,0.0033104508115333,0,1,T1486
asset_0430,0.9042692805633136,1,0,T1486
asset_0431,0.9042692805633136,1,0,T1486
asset_0432,0.9042692805633136,1,0,T1486
asset_0433,0.9042692805633136,1,0,T1486
asset_0434,0.0033104508114552,0,0,T1486
asset_0435,0.9042692805633136,1,1,T1486
asset_0436,0.0033104508115333,0,0,T1486
asset_0437,0.0033104508115333,0,1,T1486
asset_0438,0.0033104508115869,0,0,T1486
asset_0439,0.0033104499683465,0,0,T1486
asset_0440,0.0033104508115333,0,0,T1486
asset_0441,0.0033104508115333,0,1,T1486
asset_0442,0.9042692805633136,1,0,T1486
asset_0443,0.9042692805633136,1,0,T1486
asset_0444,0.9042692805633136,1,1,T1486
asset_0445,0.0033104508115843,0,1,T1486
asset_0446,0.0033104508114893,0,0,T1486
asset_0447,0.9042692805633136,1,1,T1486
asset_0448,0.0033104508115333,0,0,T1486
asset_0449,0.9042692805633136,1,0,T1486
asset_0450,0.0033104508115868,0,0,T1486
asset_0451,0.0033104508115333,0,1,T1486
asset_0452,0.0033104508115333,0,1,T1486
asset_0453,0.0033104508115333,0,1,T1486
asset_0454,0.9042692805633136,1,0,T1486
asset_0455,0.0033104508115333,0,1,T1486
asset_0456,0.0033104508115333,0,1,T1486
asset_0457,0.00331045081212,0,1,T1486
asset_0458,0.0033104508115271,0,0,T1486
asset_0459,0.0033104508115333,0,0,T1486
asset_0460,0.9042692805633136,1,0,T1486
asset_0461,0.9042692805633136,1,0,T1486
asset_0462,0.9042692805633136,1,0,T1486
asset_0463,0.0033104508115333,0,1,T1486
asset_0464,0.0033104508115333,0,1,T1486
asset_0465,0.9042692805633136,1,1,T1486
asset_0466,0.0033104508114935,0,1,T1486
asset_0467,0.9042692805633136,1,1,T1486
asset_0468,0.9042692805633136,1,1,T1486
asset_0469,0.9042692805633136,1,0,T1486
asset_0470,0.9042692805633136,1,1,T1486
asset_0471,0.0033104508115333,0,1,T1486
asset_0472,0.9042692805633136,1,1,T1486
asset_0473,0.9042692805633136,1,0,T1486
asset_0474,0.9042692805633136,1,1,T1486
asset_0475,0.9042692805633136,1,1,T1486
asset_0476,0.9042692805633136,1,1,T1486
asset_0477,0.0033104508115333,0,0,T1486
asset_0478,0.0033104508115309,0,1,T1486
asset_0479,0.0033104508115333,0,0,T1486
asset_0480,0.9042692805633136,1,1,T1486
asset_0481,0.9042692805633136,1,0,T1486
asset_0482,0.003310450811466,0,1,T1486
asset_0483,0.9042692805633136,1,1,T1486
asset_0484,0.0033104508115333,0,1,T1486
asset_0485,0.9042692805633136,1,1,T1486
asset_0486,0.0033104508115309,0,0,T1486
asset_0487,0.9042692805633136,1,1,T1486
asset_0488,0.0033104508115333,0,1,T1486
asset_0489,0.0033104508115333,0,0,T1486
asset_0490,0.0033104508115758,0,0,T1486
asset_0491,0.0033104508115333,0,1,T1486
asset_0492,0.0033104508115333,0,1,T1486
asset_0493,0.9042692805633136,1,1,T1486
asset_0494,0.0033104508115333,0,1,T1486
asset_0495,0.9042692805633136,1,1,T1486
asset_0496,0.9042692805633136,1,1,T1486
asset_0497,0.9042692805633136,1,0,T1486
asset_0498,0.0033104508115333,0,1,T1486
asset_0499,0.0033104508115333,0,1,T1486
asset_0500,0.0033104508115061,0,0,T1486
asset_0501,0.0033104508115333,0,0,T1486
asset_0502,0.9042692805633136,1,1,T1486
asset_0503,0.9042692805633136,1,0,T1486
asset_0504,0.0033104508115333,0,0,T1486
asset_0505,0.9042692805633136,1,1,T1486
asset_0506,0.9042692805633136,1,1,T1486
asset_0507,0.9042692805633136,1,1,T1486
asset_0508,0.0033104508115333,0,0,T1486
asset_0509,0.0033104508115225,0,1,T1486
asset_0510,0.9042692805633136,1,0,T1486
asset_0511,0.9042692805633136,1,0,T1486
asset_0512,0.0033104508115333,0,0,T1486
asset_0513,0.0033104508115333,0,0,T1486
asset_0514,0.9042692805633136,1,1,T1486
asset_0515,0.0033104508115293,0,0,T1486
asset_0516,0.9042692805633136,1,0,T1486
asset_0517,0.9042692805633136,1,0,T1486
asset_0518,0.0033104508115333,0,0,T1486
asset_0519,0.9042692805633136,1,0,T1486
asset_0520,0.0033104508129547,0,0,T1486
asset_0521,0.0033104508115294,0,0,T1486
asset_0522,0.9042692805633136,1,0,T1486
asset_0523,0.9042692805633136,1,0,T1486
asset_0524,0.0033104508115021,0,1,T1486
asset_0525,0.0033104508115196,0,0,T1486
asset_0526,0.9042692805633136,1,0,T1486
asset_0527,0.9042692805633136,1,1,T1486
asset_0528,0.0033104508115333,0,0,T1486
asset_0529,0.9042692805633136,1,0,T1486
asset_0530,0.9042692805633136,1,1,T1486
asset_0531,0.0033104482481914,0,0,T1486
asset_0532,0.9042692805633136,1,0,T1486
asset_0533,0.9042692805633136,1,0,T1486
asset_0534,0.0033104491359077,0,1,T1486
asset_0535,0.9042692805633136,1,1,T1486
asset_0536,0.9042692805633136,1,0,T1486
asset_0537,0.9042692805633136,1,0,T1486
asset_0538,0.9042692805633136,1,0,T1486
asset_0539,0.0033104508115333,0,1,T1486
asset_0540,0.9042692805633136,1,1,T1486
asset_0541,0.0033104508114893,0,1,T1486
asset_0542,0.9042692805633136,1,1,T1486
asset_0543,0.0033104508115205,0,0,T1486
asset_0544,0.9042692805633136,1,0,T1486
asset_0545,0.0033104508115309,0,0,T1486
asset_0546,0.9042692805633136,1,0,T1486
asset_0547,0.0033104508115333,0,0,T1486
asset_0548,0.9042692805633136,1,1,T1486
asset_0549,0.0033104508115201,0,0,T1486
asset_0550,0.9042692805633136,1,0,T1486
asset_0551,0.9042692805633136,1,0,T1486
asset_0552,0.0033104508115333,0,0,T1486
asset_0553,0.9042692805633136,1,0,T1486
asset_0554,0.9042692805633136,1,1,T1486
asset_0555,0.0033104508115225,0,0,T1486
asset_0556,0.0033104508115333,0,0,T1486
asset_0557,0.0033104508115333,0,0,T1486
asset_0558,0.0033104508115309,0,0,T1486
asset_0559,0.003310450811489,0,0,T1486
asset_0560,0.9042692805633136,1,0,T1486
asset_0561,0.9042692805633136,1,0,T1486
asset_0562,0.9042692805633136,1,0,T1486
asset_0563,0.0033104508115333,0,0,T1486
asset_0564,0.0033104508115333,0,1,T1486
asset_0565,0.9042692805633136,1,0,T1486
asset_0566,0.9042692805633136,1,0,T1486
asset_0567,0.9042692805633136,1,1,T1486
asset_0568,0.9042692805633136,1,0,T1486
asset_0569,0.9042692805633136,1,1,T1486
asset_0570,0.0033104508115333,0,1,T1486
asset_0571,0.0033104508114616,0,0,T1486
asset_0572,0.9042692805633136,1,0,T1486
asset_0573,0.9042692805633136,1,0,T1486
asset_0574,0.0033104508115208,0,0,T1486
asset_0575,0.9042692805633136,1,0,T1486
asset_0576,0.9042692805633136,1,0,T1486
asset_0577,0.9042692805633136,1,0,T1486
asset_0578,0.0033104508114933,0,0,T1486
asset_0579,0.9042692805633136,1,0,T1486
asset_0580,0.0033104508115318,0,1,T1486
asset_0581,0.9042692805633136,1,0,T1486
asset_0582,0.0033804806999925,0,0,T1486
asset_0583,0.0033104508115058,0,1,T1486
asset_0584,0.9042692805633136,1,0,T1486
asset_0585,0.0033104508115333,0,1,T1486
asset_0586,0.9042692805633136,1,1,T1486
asset_0587,0.9042692805633136,1,1,T1486
asset_0588,0.9042692805633136,1,1,T1486
asset_0589,0.0033104508115294,0,1,T1486
asset_0590,0.0033104508115333,0,1,T1486
asset_0591,0.9042692805633136,1,0,T1486
asset_0592,0.0033454389836629,0,1,T1486
asset_0593,0.9042692805633136,1,1,T1486
asset_0594,0.9042692805633136,1,0,T1486
asset_0595,0.003310450811521,0,0,T1486
asset_0596,0.9042692805633136,1,0,T1486
asset_0597,0.9042692805633136,1,1,T1486
asset_0598,0.0033104508115333,0,1,T1486
asset_0599,0.0033104508115333,0,0,T1486
asset_0600,0.9042692805633136,1,0,T1486
asset_0601,0.0033104508115309,0,1,T1486
asset_0602,0.9042692805633136,1,1,T1486
asset_0603,0.9042692805633136,1,1,T1486
asset_0604,0.9042692805633136,1,1,T1486
asset_0605,0.9042692805633136,1,0,T1486
asset_0606,0.0033104508115333,0,1,T1486
asset_0607,0.9042692805633136,1,0,T1486
asset_0608,0.0033104508115225,0,0,T1486
asset_0609,0.0033104508115868,0,0,T1486
asset_0610,0.003310450811489,0,1,T1486
asset_0611,0.9042692805633136,1,1,T1486
asset_0612,0.0033104508122665,0,1,T1486
asset_0613,0.9042692805633136,1,0,T1486
asset_0614,0.9042692805633136,1,1,T1486
asset_0615,0.9042692805633136,1,0,T1486
asset_0616,0.0033104508116792,0,1,T1486
asset_0617,0.9042692805633136,1,0,T1486
asset_0618,0.9042692805633136,1,1,T1486
asset_0619,0.0033104508115333,0,0,T1486
asset_0620,0.9042692805633136,1,0,T1486
asset_0621,0.9042692805633136,1,1,T1486
asset_0622,0.9042692805633136,1,0,T1486
asset_0623,0.003310450811489,0,1,T1486
asset_0624,0.0033104508115333,0,0,T1486
asset_0625,0.0033104508115293,0,0,T1486
asset_0626,0.9042692805633136,1,0,T1486
asset_0627,0.9042692805633136,1,0,T1486
asset_0628,0.0033104508115318,0,1,T1486
asset_0629,0.9042692805633136,1,1,T1486
asset_0630,0.9042692805633136,1,0,T1486
asset_0631,0.9042692805633136,1,0,T1486
asset_0632,0.9042692805633136,1,0,T1486
asset_0633,0.0033104508115333,0,1,T1486
asset_0634,0.0033104508115333,0,0,T1486
asset_0635,0.9042692805633136,1,1,T1486
asset_0636,0.9042692805633136,1,0,T1486
asset_0637,0.0033104508115333,0,1,T1486
asset_0638,0.003345430014826,0,1,T1486
asset_0639,0.0033104508115333,0,1,T1486
asset_0640,0.0033104508115333,0,0,T1486
asset_0641,0.0033104508115333,0,0,T1486
asset_0642,0.0033104508115333,0,1,T1486
asset_0643,0.9042692805633136,1,1,T1486
asset_0644,0.0033104508115097,0,0,T1486
asset_0645,0.9042692805633136,1,1,T1486
asset_0646,0.0033104508115333,0,0,T1486
asset_0647,0.0033104508115333,0,0,T1486
asset_0648,0.0033104508115205,0,0,T1486
asset_0649,0.0033104508117248,0,0,T1486
asset_0650,0.0033104508115333,0,1,T1486
asset_0651,0.9042692805633136,1,1,T1486
asset_0652,0.9042692805633136,1,1,T1486
asset_0653,0.9042692805633136,1,0,T1486
asset_0654,0.9042692805633136,1,1,T1486
asset_0655,0.9042692805633136,1,0,T1486
asset_0656,0.9042692805633136,1,1,T1486
asset_0657,0.0033104499674126,0,0,T1486
asset_0658,0.9042692805633136,1,0,T1486
asset_0659,0.00331045081212,0,1,T1486
asset_0660,0.0033104508115333,0,1,T1486
asset_0661,0.0033104508115333,0,1,T1486
asset_0662,0.0033104508115333,0,0,T1486
asset_0663,0.9042692805633136,1,1,T1486
asset_0664,0.9042692805633136,1,1,T1486
asset_0665,0.9042692805633136,1,1,T1486
asset_0666,0.9042692805633136,1,0,T1486
asset_0667,0.9042692805633136,1,1,T1486
asset_0668,0.9042692805633136,1,1,T1486
asset_0669,0.0033104508115333,0,0,T1486
asset_0670,0.9042692805633136,1,0,T1486
asset_0671,0.9042692805633136,1,0,T1486
asset_0672,0.9042692805633136,1,0,T1486
asset_0673,0.9042692805633136,1,1,T1486
asset_0674,0.003310450811466,0,0,T1486
asset_0675,0.9042692805633136,1,1,T1486
asset_0676,0.9042692805633136,1,1,T1486
asset_0677,0.0033104508115333,0,0,T1486
asset_0678,0.003310450811489,0,1,T1486
asset_0679,0.9042692805633136,1,1,T1486
asset_0680,0.0033104508115333,0,0,T1486
asset_0681,0.9042692805633136,1,0,T1486
asset_0682,0.0033104508115333,0,1,T1486
asset_0683,0.9042692805633136,1,1,T1486
asset_0684,0.9042692805633136,1,0,T1486
asset_0685,0.9042692805633136,1,0,T1486
asset_0686,0.0033104508115333,0,1,T1486
asset_0687,0.9042692805633136,1,1,T1486
asset_0688,0.9042692805633136,1,0,T1486
asset_0689,0.9042692805633136,1,0,T1486
asset_0690,0.9042692805633136,1,0,T1486
asset_0691,0.0033104508115869,0,1,T1486
asset_0692,0.0033104508115333,0,0,T1486
asset_0693,0.0033104508115294,0,0,T1486
asset_0694,0.0033104508114895,0,0,T1486
asset_0695,0.9042692805633136,1,1,T1486
asset_0696,0.0033104508115333,0,0,T1486
asset_0697,0.0033104508115333,0,1,T1486
asset_0698,0.9042692805633136,1,0,T1486
asset_0699,0.0033104508115333,0,0,T1486
asset_0700,0.0033104508115061,0,0,T1486
asset_0701,0.0033104508116792,0,0,T1486
asset_0702,0.9042692805633136,1,0,T1486
asset_0703,0.9042692805633136,1,0,T1486
asset_0704,0.0033104508115248,0,1,T1486
asset_0705,0.0033104508115333,0,0,T1486
asset_0706,0.0033104508115333,0,1,T1486
asset_0707,0.9042692805633136,1,1,T1486
asset_0708,0.9042692805633136,1,1,T1486
asset_0709,0.0033104508114785,0,0,T1486
asset_0710,0.0033104508115869,0,0,T1486
asset_0711,0.9042692805633136,1,1,T1486
asset_0712,0.0033104508115333,0,0,T1486
asset_0713,0.9042692805633136,1,1,T1486
asset_0714,0.0033104464221243,0,0,T1486
asset_0715,0.9042692805633136,1,1,T1486
asset_0716,0.0033104508114785,0,0,T1486
asset_0717,0.9042692805633136,1,1,T1486
asset_0718,0.0033104508115309,0,0,T1486
asset_0719,0.003310450811489,0,0,T1486
asset_0720,0.0033104508115333,0,0,T1486
asset_0721,0.0033104508115225,0,0,T1486
asset_0722,0.0033454389820513,0,0,T1486
asset_0723,0.0033104508115333,0,1,T1486
asset_0724,0.0033104508115309,0,1,T1486
asset_0725,0.0033104508115333,0,1,T1486
asset_0726,0.0033104508115333,0,0,T1486
asset_0727,0.9042692805633136,1,0,T1486
asset_0728,0.9042692805633136,1,0,T1486
asset_0729,0.9042692805633136,1,1,T1486
asset_0730,0.0033104508115225,0,1,T1486
asset_0731,0.0033104508114933,0,1,T1486
asset_0732,0.0033104508115099,0,1,T1486
asset_0733,0.0033104508115333,0,0,T1486
asset_0734,0.0033104508115186,0,0,T1486
asset_0735,0.9042692805633136,1,0,T1486
asset_0736,0.9042692805633136,1,0,T1486
asset_0737,0.9042692805633136,1,0,T1486
asset_0738,0.9042692805633136,1,1,T1486
asset_0739,0.0033104508114933,0,1,T1486
asset_0740,0.0033454925291896,0,0,T1486
asset_0741,0.9042692805633136,1,0,T1486
asset_0742,0.0033104508115058,0,0,T1486
asset_0743,0.0033104508115294,0,1,T1486
asset_0744,0.9042692805633136,1,1,T1486
asset_0745,0.0033104508115294,0,1,T1486
asset_0746,0.9042692805633136,1,1,T1486
asset_0747,0.0033104508115333,0,0,T1486
asset_0748,0.9042692805633136,1,1,T1486
asset_0749,0.9042692805633136,1,1,T1486
asset_0750,0.0033104508115097,0,1,T1486
asset_0751,0.9042692805633136,1,1,T1486
asset_0752,0.0033104508115868,0,0,T1486
asset_0753,0.0033104508115333,0,1,T1486
asset_0754,0.0033104508115333,0,0,T1486
asset_0755,0.9042692805633136,1,0,T1486
asset_0756,0.9042692805633136,1,0,T1486
asset_0757,0.0033104508115309,0,0,T1486
asset_0758,0.0033104508115868,0,0,T1486
asset_0759,0.0033104508115333,0,0,T1486
asset_0760,0.0033104508115333,0,1,T1486
asset_0761,0.9042692805633136,1,0,T1486
asset_0762,0.0033104508115333,0,0,T1486
asset_0763,0.9042692805633136,1,1,T1486
asset_0764,0.9042692805633136,1,1,T1486
asset_0765,0.0033104508115333,0,1,T1486
asset_0766,0.9042692805633136,1,0,T1486
asset_0767,0.9042692805633136,1,1,T1486
asset_0768,0.0033104508115061,0,0,T1486
asset_0769,0.0033104508115333,0,1,T1486
asset_0770,0.9042692805633136,1,1,T1486
asset_0771,0.9042692805633136,1,1,T1486
asset_0772,0.9042692805633136,1,1,T1486
asset_0773,0.0033104508115061,0,0,T1486
asset_0774,0.0033104508115316,0,0,T1486
asset_0775,0.9042692805633136,1,0,T1486
asset_0776,0.0033104508115284,0,0,T1486
asset_0777,0.0033104508114618,0,0,T1486
asset_0778,0.9042692805633136,1,0,T1486
asset_0779,0.0033104508115333,0,1,T1486
asset_0780,0.9042692805633136,1,0,T1486
asset_0781,0.9042692805633136,1,1,T1486
asset_0782,0.9042692805633136,1,1,T1486
asset_0783,0.9042692805633136,1,0,T1486
asset_0784,0.9042692805633136,1,1,T1486
asset_0785,0.9042692805633136,1,0,T1486
asset_0786,0.0033104508115333,0,1,T1486
asset_0787,0.9042692805633136,1,0,T1486
asset_0788,0.9042692805633136,1,0,T1486
asset_0789,0.0033104508115333,0,1,T1486
asset_0790,0.0033104508115201,0,1,T1486
asset_0791,0.9042692805633136,1,1,T1486
asset_0792,0.0033104508114677,0,0,T1486
asset_0793,0.9042692805633136,1,1,T1486
asset_0794,0.9042692805633136,1,1,T1486
asset_0795,0.9042692805633136,1,1,T1486
asset_0796,0.0033104508115333,0,0,T1486
asset_0797,0.0033104508115309,0,1,T1486
asset_0798,0.9042692805633136,1,1,T1486
asset_0799,0.9042692805633136,1,1,T1486
asset_0800,0.9042692805633136,1,0,T1486
asset_0801,0.0033104508115018,0,0,T1486
asset_0802,0.9042692805633136,1,0,T1486
asset_0803,0.0033104508114785,0,1,T1486
asset_0804,0.9042692805633136,1,1,T1486
asset_0805,0.9042692805633136,1,1,T1486
asset_0806,0.0033454389816955,0,0,T1486
asset_0807,0.0033104491359077,0,1,T1486
asset_0808,0.0033104508115333,0,0,T1486
asset_0809,0.9042692805633136,1,0,T1486
asset_0810,0.9042692805633136,1,0,T1486
asset_0811,0.9042692805633136,1,0,T1486
asset_0812,0.9042692805633136,1,0,T1486
asset_0813,0.9042692805633136,1,0,T1486
asset_0814,0.0033104508115333,0,1,T1486
asset_0815,0.9042692805633136,1,1,T1486
asset_0816,0.9042692805633136,1,0,T1486
asset_0817,0.9042692805633136,1,0,T1486
asset_0818,0.9042692805633136,1,0,T1486
asset_0819,0.0033104508115225,0,1,T1486
asset_0820,0.9042692805633136,1,1,T1486
asset_0821,0.0033104508115333,0,1,T1486
asset_0822,0.9042692805633136,1,0,T1486
asset_0823,0.9042692805633136,1,1,T1486
asset_0824,0.0033104508115333,0,1,T1486
asset_0825,0.9042692805633136,1,1,T1486
asset_0826,0.0033104508115333,0,1,T1486
asset_0827,0.9042692805633136,1,0,T1486
asset_0828,0.0033104508115333,0,0,T1486
asset_0829,0.0033104508115333,0,0,T1486
asset_0830,0.0033104508115333,0,1,T1486
asset_0831,0.9042692805633136,1,1,T1486
asset_0832,0.0033104508115333,0,0,T1486
asset_0833,0.0033104508115333,0,0,T1486
asset_0834,0.9042692805633136,1,0,T1486
asset_0835,0.0033104508115205,0,0,T1486
asset_0836,0.0033104508118171,0,0,T1486
asset_0837,0.9042692805633136,1,1,T1486
asset_0838,0.9042692805633136,1,1,T1486
asset_0839,0.9042692805633136,1,1,T1486
asset_0840,0.9042692805633136,1,1,T1486
asset_0841,0.0033104508115333,0,1,T1486
asset_0842,0.9042692805633136,1,0,T1486
asset_0843,0.9042692805633136,1,1,T1486
asset_0844,0.0033104508115333,0,0,T1486
asset_0845,0.0033104508115333,0,0,T1486
asset_0846,0.0033104508115333,0,0,T1486
asset_0847,0.9042692805633136,1,1,T1486
asset_0848,0.9042692805633136,1,1,T1486
asset_0849,0.0033104508115309,0,0,T1486
asset_0850,0.003310450811489,0,0,T1486
asset_0851,0.9042692805633136,1,0,T1486
asset_0852,0.9042692805633136,1,1,T1486
asset_0853,0.9042692805633136,1,0,T1486
asset_0854,0.9042692805633136,1,1,T1486
asset_0855,0.9042692805633136,1,0,T1486
asset_0856,0.9042692805633136,1,0,T1486
asset_0857,0.0033104508114552,0,1,T1486
asset_0858,0.9042692805633136,1,0,T1486
asset_0859,0.0033104508115333,0,0,T1486
asset_0860,0.0033104508115333,0,1,T1486
asset_0861,0.0033104508115333,0,0,T1486
asset_0862,0.0033104508115333,0,1,T1486
asset_0863,0.0033104508115186,0,1,T1486
asset_0864,0.0033104508115333,0,0,T1486
asset_0865,0.9042692805633136,1,1,T1486
asset_0866,0.9042692805633136,1,0,T1486
asset_0867,0.9042692805633136,1,1,T1486
asset_0868,0.0033104508115333,0,0,T1486
asset_0869,0.9042692805633136,1,0,T1486
asset_0870,0.9042692805633136,1,1,T1486
asset_0871,0.0033104508115333,0,1,T1486
asset_0872,0.9042692805633136,1,1,T1486
asset_0873,0.0033104508115333,0,0,T1486
asset_0874,0.0033104508116791,0,0,T1486
asset_0875,0.0033104508115333,0,0,T1486
asset_0876,0.9042692805633136,1,0,T1486
asset_0877,0.9042692805633136,1,1,T1486
asset_0878,0.0033104508115333,0,0,T1486
asset_0879,0.9042692805633136,1,1,T1486
asset_0880,0.9042692805633136,1,0,T1486
asset_0881,0.9042692805633136,1,0,T1486
asset_0882,0.9042692805633136,1,0,T1486
asset_0883,0.0033104508115333,0,1,T1486
asset_0884,0.9042692805633136,1,1,T1486
asset_0885,0.9042692805633136,1,0,T1486
asset_0886,0.0033104508115186,0,0,T1486
asset_0887,0.0033104508115868,0,1,T1486
asset_0888,0.9042692805633136,1,0,T1486
asset_0889,0.0033104508115225,0,0,T1486
asset_0890,0.0033104508115205,0,1,T1486
asset_0891,0.9042692805633136,1,0,T1486
asset_0892,0.0033104508114786,0,0,T1486
asset_0893,0.9042692805633136,1,0,T1486
asset_0894,0.9042692805633136,1,1,T1486
asset_0895,0.0033104508115293,0,1,T1486
asset_0896,0.0033104508115333,0,1,T1486
asset_0897,0.0033104508115097,0,0,T1486
asset_0898,0.9042692805633136,1,1,T1486
asset_0899,0.9042692805633136,1,0,T1486
asset_0900,0.9042692805633136,1,1,T1486
asset_0901,0.0033104508114616,0,0,T1486
asset_0902,0.0033104508115205,0,1,T1486
asset_0903,0.0033104508115205,0,1,T1486
asset_0904,0.9042692805633136,1,1,T1486
asset_0905,0.9042692805633136,1,0,T1486
asset_0906,0.0033104508115333,0,1,T1486
asset_0907,0.0033104508115146,0,0,T1486
asset_0908,0.0033104508115333,0,1,T1486
asset_0909,0.0033104508115333,0,1,T1486
asset_0910,0.0033454389830932,0,1,T1486
asset_0911,0.9042692805633136,1,1,T1486
asset_0912,0.0033104508115316,0,1,T1486
asset_0913,0.9042692805633136,1,0,T1486
asset_0914,0.9042692805633136,1,1,T1486
asset_0915,0.0033104508115333,0,0,T1486
asset_0916,0.0033104508115309,0,0,T1486
asset_0917,0.9042692805633136,1,1,T1486
asset_0918,0.9042692805633136,1,0,T1486
asset_0919,0.0033104508115293,0,1,T1486
asset_0920,0.0033104508115309,0,1,T1486
asset_0921,0.9042692805633136,1,0,T1486
asset_0922,0.9042692805633136,1,1,T1486
asset_0923,0.9042692805633136,1,1,T1486
asset_0924,0.0033104508115333,0,1,T1486
asset_0925,0.9042692805633136,1,0,T1486
asset_0926,0.9042692805633136,1,0,T1486
asset_0927,0.0033104497484606,0,0,T1486
asset_0928,0.0033104508115333,0,1,T1486
asset_0929,0.0033104508115333,0,1,T1486
asset_0930,0.0033104508115221,0,1,T1486
asset_0931,0.0033104508115333,0,1,T1486
asset_0932,0.0033104508115333,0,0,T1486
asset_0933,0.0033104508115868,0,1,T1486
asset_0934,0.0033104508115333,0,0,T1486
asset_0935,0.9042692805633136,1,1,T1486
asset_0936,0.9042692805633136,1,1,T1486
asset_0937,0.9042692805633136,1,0,T1486
asset_0938,0.0033104508115869,0,1,T1486
asset_0939,0.0033104508115294,0,1,T1486
asset_0940,0.0033104508115333,0,0,T1486
asset_0941,0.0033104508115318,0,0,T1486
asset_0942,0.0033104508115333,0,0,T1486
asset_0943,0.9042692805633136,1,0,T1486
asset_0944,0.0033104508115333,0,0,T1486
asset_0945,0.9042692805633136,1,0,T1486
asset_0946,0.9042692805633136,1,1,T1486
asset_0947,0.9042692805633136,1,1,T1486
asset_0948,0.0033104508115333,0,0,T1486
asset_0949,0.9042692805633136,1,0,T1486
asset_0950,0.9042692805633136,1,1,T1486
asset_0951,0.0033104508115333,0,0,T1486
asset_0952,0.9042692805633136,1,0,T1486
asset_0953,0.9042692805633136,1,1,T1486
asset_0954,0.9042692805633136,1,0,T1486
asset_0955,0.0033104508121311,0,1,T1486
asset_0956,0.9042692805633136,1,1,T1486
asset_0957,0.0033104508115333,0,0,T1486
asset_0958,0.9042692805633136,1,0,T1486
asset_0959,0.9042692805633136,1,1,T1486
asset_0960,0.0033104508115309,0,0,T1486
asset_0961,0.9042692805633136,1,1,T1486
asset_0962,0.9042692805633136,1,1,T1486
asset_0963,0.0033104508115333,0,0,T1486
asset_0964,0.0033104499672667,0,1,T1486
asset_0965,0.9042692805633136,1,0,T1486
asset_0966,0.9042692805633136,1,1,T1486
asset_0967,0.9042692805633136,1,1,T1486
asset_0968,0.0033104508114933,0,1,T1486
asset_0969,0.0033104508115186,0,0,T1486
asset_0970,0.9042692805633136,1,1,T1486
asset_0971,0.0033104508115333,0,0,T1486
asset_0972,0.0033104508115333,0,1,T1486
asset_0973,0.0033104508115163,0,1,T1486
asset_0974,0.0033104508115225,0,1,T1486
asset_0975,0.9042692805633136,1,1,T1486
asset_0976,0.0033104508115333,0,0,T1486
asset_0977,0.0033104508115868,0,1,T1486
asset_0978,0.0033104508115333,0,1,T1486
asset_0979,0.0033104508115333,0,0,T1486
asset_0980,0.9042692805633136,1,0,T1486
asset_0981,0.0033104508115293,0,1,T1486
asset_0982,0.0033104508114508,0,0,T1486
asset_0983,0.9042692805633136,1,0,T1486
asset_0984,0.0033104508115333,0,0,T1486
asset_0985,0.0033104508115333,0,1,T1486
asset_0986,0.9042692805633136,1,0,T1486
asset_0987,0.0033104508115225,0,0,T1486
asset_0988,0.9042692805633136,1,0,T1486
asset_0989,0.0033104508115309,0,0,T1486
asset_0990,0.0033104508115186,0,0,T1486
asset_0991,0.9042692805633136,1,0,T1486
asset_0992,0.0033104508115333,0,0,T1486
asset_0993,0.0033104508115333,0,1,T1486
asset_0994,0.9042692805633136,1,1,T1486
asset_0995,0.9042692805633136,1,0,T1486
asset_0996,0.0033104508115333,0,0,T1486
asset_0997,0.9042692805633136,1,0,T1486
asset_0998,0.0033104508115225,0,0,T1486
asset_0999,0.0033104508115333,0,1,T1486
asset_1000,0.9042692805633136,1,1,T1486
asset_1001,0.9042692805633136,1,1,T1486
asset_1002,0.9042692805633136,1,0,T1486
asset_1003,0.9042692805633136,1,0,T1486
asset_1004,0.0033104508115333,0,1,T1486
asset_1005,0.9042692805633136,1,0,T1486
asset_1006,0.0033104508115061,0,0,T1486
asset_1007,0.0033104508115333,0,0,T1486
asset_1008,0.0033104508115333,0,0,T1486
asset_1009,0.9042692805633136,1,0,T1486
asset_1010,0.9042692805633136,1,0,T1486
asset_1011,0.9042692805633136,1,1,T1486
asset_1012,0.9042692805633136,1,0,T1486
asset_1013,0.9042692805633136,1,1,T1486
asset_1014,0.9042692805633136,1,1,T1486
asset_1015,0.9042692805633136,1,0,T1486
asset_1016,0.0033104508115333,0,1,T1486
asset_1017,0.0033104508114677,0,1,T1486
asset_1018,0.9042692805633136,1,0,T1486
asset_1019,0.9042692805633136,1,1,T1486
asset_1020,0.0033104508115333,0,1,T1486
asset_1021,0.0033104508115186,0,1,T1486
asset_1022,0.9042692805633136,1,1,T1486
asset_1023,0.9042692805633136,1,0,T1486
asset_1024,0.0033104508115333,0,1,T1486
asset_1025,0.9042692805633136,1,0,T1486
asset_1026,0.0033104508115333,0,0,T1486
asset_1027,0.9042692805633136,1,0,T1486
asset_1028,0.0033104508115333,0,1,T1486
asset_1029,0.0033104508115294,0,1,T1486
asset_1030,0.0033104508115333,0,0,T1486
asset_1031,0.9042692805633136,1,1,T1486
asset_1032,0.9042692805633136,1,1,T1486
asset_1033,0.9042692805633136,1,1,T1486
asset_1034,0.0033104508115099,0,1,T1486
asset_1035,0.9042692805633136,1,1,T1486
asset_1036,0.9042692805633136,1,1,T1486
asset_1037,0.9042692805633136,1,0,T1486
asset_1038,0.0033104508115225,0,0,T1486
asset_1039,0.0033104508115333,0,0,T1486
asset_1040,0.0033104508115333,0,0,T1486
asset_1041,0.9042692805633136,1,0,T1486
asset_1042,0.0033104508115333,0,1,T1486
asset_1043,0.9042692805633136,1,1,T1486
asset_1044,0.9042692805633136,1,1,T1486
asset_1045,0.0033104508115333,0,0,T1486
asset_1046,0.0033104508115225,0,0,T1486
asset_1047,0.003310450811489,0,0,T1486
asset_1048,0.9042692805633136,1,0,T1486
asset_1049,0.9042692805633136,1,0,T1486
asset_1050,0.0033104508115309,0,1,T1486
asset_1051,0.0033104508114508,0,1,T1486
asset_1052,0.9042692805633136,1,0,T1486
asset_1053,0.0033104508114785,0,0,T1486
asset_1054,0.0033104508115868,0,0,T1486
asset_1055,0.9042692805633136,1,1,T1486
asset_1056,0.0033104508115225,0,0,T1486
asset_1057,0.0033104508115333,0,0,T1486
asset_1058,0.9042692805633136,1,1,T1486
asset_1059,0.0033104508115868,0,1,T1486
asset_1060,0.0033104508115225,0,0,T1486
asset_1061,0.0033104508115333,0,1,T1486
asset_1062,0.0033104508115309,0,1,T1486
asset_1063,0.9042692805633136,1,0,T1486
asset_1064,0.9042692805633136,1,1,T1486
asset_1065,0.0033104508115333,0,0,T1486
asset_1066,0.9042692805633136,1,0,T1486
asset_1067,0.9042692805633136,1,0,T1486
asset_1068,0.0033104508115333,0,0,T1486
asset_1069,0.0033104508115294,0,0,T1486
asset_1070,0.9042692805633136,1,1,T1486
asset_1071,0.9042692805633136,1,0,T1486
asset_1072,0.9042692805633136,1,0,T1486
asset_1073,0.0033104508115333,0,0,T1486
asset_1074,0.0033104508115843,0,1,T1486
asset_1075,0.0033104508115333,0,1,T1486
asset_1076,0.0033104508115333,0,1,T1486
asset_1077,0.0033104508114508,0,1,T1486
asset_1078,0.0033104508115333,0,1,T1486
asset_1079,0.9042692805633136,1,0,T1486
asset_1080,0.9042692805633136,1,1,T1486
asset_1081,0.0033104508114616,0,1,T1486
asset_1082,0.0033104508115868,0,1,T1486
asset_1083,0.9042692805633136,1,1,T1486
asset_1084,0.0033104508115225,0,0,T1486
asset_1085,0.9042692805633136,1,0,T1486
asset_1086,0.9042692805633136,1,0,T1486
asset_1087,0.9042692805633136,1,0,T1486
asset_1088,0.0033104508115333,0,0,T1486
asset_1089,0.0033104508114618,0,0,T1486
asset_1090,0.0033104508115333,0,0,T1486
asset_1091,0.9042692805633136,1,0,T1486
asset_1092,0.0033104508115333,0,1,T1486
asset_1093,0.0033104508115784,0,0,T1486
asset_1094,0.0033104508115333,0,0,T1486
asset_1095,0.9042692805633136,1,1,T1486
asset_1096,0.0033104508115333,0,0,T1486
asset_1097,0.0033104508115333,0,1,T1486
asset_1098,0.9042692805633136,1,1,T1486
asset_1099,0.9042692805633136,1,1,T1486
asset_1100,0.9042692805633136,1,1,T1486
asset_1101,0.0033104508115333,0,1,T1486
asset_1102,0.0033104508115333,0,1,T1486
asset_1103,0.0033104508115333,0,1,T1486
asset_1104,0.0033104508117248,0,0,T1486
asset_1105,0.9042692805633136,1,0,T1486
asset_1106,0.0033104508115333,0,1,T1486
asset_1107,0.9042692805633136,1,1,T1486
asset_1108,0.9042692805633136,1,1,T1486
asset_1109,0.0033104508115333,0,0,T1486
asset_1110,0.0033104508115333,0,0,T1486
asset_1111,0.9042692805633136,1,1,T1486
asset_1112,0.9042692805633136,1,1,T1486
asset_1113,0.9042692805633136,1,0,T1486
asset_1114,0.9042692805633136,1,0,T1486
asset_1115,0.0033104508115333,0,0,T1486
asset_1116,0.9042692805633136,1,0,T1486
asset_1117,0.0033104508115333,0,0,T1486
asset_1118,0.9042692805633136,1,1,T1486
asset_1119,0.0033104508115333,0,0,T1486
asset_1120,0.0033104508115271,0,0,T1486
asset_1121,0.0033104508115294,0,0,T1486
asset_1122,0.9042692805633136,1,0,T1486
asset_1123,0.0033104508115333,0,1,T1486
asset_1124,0.9042692805633136,1,0,T1486
asset_1125,0.0033104508115205,0,1,T1486
asset_1126,0.9042692805633136,1,0,T1486
asset_1127,0.9042692805633136,1,1,T1486
asset_1128,0.9042692805633136,1,0,T1486
asset_1129,0.0033104508115309,0,0,T1486
asset_1130,0.9042692805633136,1,1,T1486
asset_1131,0.9042692805633136,1,1,T1486
asset_1132,0.0033104508121311,0,1,T1486
asset_1133,0.9042692805633136,1,1,T1486
asset_1134,0.9042692805633136,1,0,T1486
asset_1135,0.9042692805633136,1,0,T1486
asset_1136,0.9042692805633136,1,0,T1486
asset_1137,0.9042692805633136,1,1,T1486
asset_1138,0.9042692805633136,1,0,T1486
asset_1139,0.9042692805633136,1,1,T1486
asset_1140,0.0033104508115333,0,0,T1486
asset_1141,0.0033104508115333,0,0,T1486
asset_1142,0.9042692805633136,1,1,T1486
asset_1143,0.0033104508115049,0,0,T1486
asset_1144,0.0033104508115333,0,1,T1486
asset_1145,0.9042692805633136,1,1,T1486
asset_1146,0.0033104508115333,0,0,T1486
asset_1147,0.0033104508115333,0,1,T1486
asset_1148,0.9042692805633136,1,0,T1486
asset_1149,0.9042692805633136,1,0,T1486
asset_1150,0.0033104508115333,0,1,T1486
asset_1151,0.9042692805633136,1,0,T1486
asset_1152,0.9042692805633136,1,0,T1486
asset_1153,0.0033104508115333,0,1,T1486
asset_1154,0.0033104508115333,0,1,T1486
asset_1155,0.0033104508115333,0,1,T1486
asset_1156,0.9042692805633136,1,1,T1486
asset_1157,0.0033104508115333,0,1,T1486
asset_1158,0.9042692805633136,1,0,T1486
asset_1159,0.9042692805633136,1,1,T1486
asset_1160,0.0033104508115333,0,1,T1486
asset_1161,0.9042692805633136,1,0,T1486
asset_1162,0.0033104508115333,0,1,T1486
asset_1163,0.9042692805633136,1,0,T1486
asset_1164,0.9042692805633136,1,0,T1486
asset_1165,0.9042692805633136,1,0,T1486
asset_1166,0.9042692805633136,1,0,T1486
asset_1167,0.0033104508115309,0,1,T1486
asset_1168,0.9042692805633136,1,0,T1486
asset_1169,0.9042692805633136,1,0,T1486
asset_1170,0.9042692805633136,1,1,T1486
asset_1171,0.9042692805633136,1,0,T1486
asset_1172,0.9042692805633136,1,0,T1486
asset_1173,0.0033104508115333,0,0,T1486
asset_1174,0.0033104508115333,0,0,T1486
asset_1175,0.0033104508115333,0,1,T1486
asset_1176,0.0033104508115333,0,0,T1486
asset_1177,0.0033104499674198,0,0,T1486
asset_1178,0.9042692805633136,1,0,T1486
asset_1179,0.9042692805633136,1,1,T1486
asset_1180,0.0033104508115333,0,0,T1486
asset_1181,0.0033104508115309,0,1,T1486
asset_1182,0.9042692805633136,1,1,T1486
asset_1183,0.9042692805633136,1,1,T1486
asset_1184,0.9042692805633136,1,1,T1486
asset_1185,0.9042692805633136,1,1,T1486
asset_1186,0.0033104508115333,0,1,T1486
asset_1187,0.9042692805633136,1,1,T1486
asset_1188,0.9042692805633136,1,1,T1486
asset_1189,0.9042692805633136,1,1,T1486
asset_1190,0.9042692805633136,1,1,T1486
asset_1191,0.0033104508115333,0,1,T1486
asset_1192,0.0033104508114785,0,0,T1486
asset_1193,0.9042692805633136,1,0,T1486
asset_1194,0.9042692805633136,1,0,T1486
asset_1195,0.0033104508115333,0,0,T1486
asset_1196,0.0033104508115333,0,1,T1486
asset_1197,0.9042692805633136,1,1,T1486
asset_1198,0.0033104508115333,0,1,T1486
asset_1199,0.0033104508115294,0,0,T1486
asset_1200,0.0033104508115333,0,0,T1486
asset_1201,0.9042692805633136,1,0,T1486
asset_1202,0.9042692805633136,1,1,T1486
asset_1203,0.9042692805633136,1,1,T1486
asset_1204,0.0033104508115333,0,0,T1486
asset_1205,0.9042692805633136,1,0,T1486
asset_1206,0.9042692805633136,1,0,T1486
asset_1207,0.0033104508115225,0,0,T1486
asset_1208,0.0034876895568891,0,0,T1486
asset_1209,0.9042692805633136,1,1,T1486
asset_1210,0.0033104508115333,0,0,T1486
asset_1211,0.0033104508115333,0,0,T1486
asset_1212,0.0033104508115333,0,1,T1486
asset_1213,0.0033104508115333,0,1,T1486
asset_1214,0.9042692805633136,1,1,T1486
asset_1215,0.0033104508115333,0,1,T1486
asset_1216,0.0033104508115333,0,1,T1486
asset_1217,0.9042692805633136,1,0,T1486
asset_1218,0.9042692805633136,1,1,T1486
asset_1219,0.9042692805633136,1,1,T1486
asset_1220,0.9042692805633136,1,0,T1486
asset_1221,0.0033104508115333,0,1,T1486
asset_1222,0.9042692805633136,1,0,T1486
asset_1223,0.0033104508114677,0,1,T1486
asset_1224,0.9042692805633136,1,0,T1486
asset_1225,0.0033104508115333,0,0,T1486
asset_1226,0.0033104508115869,0,1,T1486
asset_1227,0.9042692805633136,1,1,T1486
asset_1228,0.0033104508115293,0,0,T1486
asset_1229,0.9042692805633136,1,0,T1486
asset_1230,0.9042692805633136,1,1,T1486
asset_1231,0.0033104508114677,0,0,T1486
asset_1232,0.0033104508115201,0,1,T1486
asset_1233,0.0033104508115333,0,1,T1486
asset_1234,0.0033104508115333,0,0,T1486
asset_1235,0.9042692805633136,1,1,T1486
asset_1236,0.0033104508115201,0,1,T1486
asset_1237,0.9042692805633136,1,1,T1486
asset_1238,0.0033104508115333,0,1,T1486
asset_1239,0.0033104499683465,0,0,T1486
asset_1240,0.9042692805633136,1,1,T1486
asset_1241,0.9042692805633136,1,0,T1486
asset_1242,0.9042692805633136,1,1,T1486
asset_1243,0.9042692805633136,1,1,T1486
asset_1244,0.0033104491359077,0,1,T1486
asset_1245,0.9042692805633136,1,0,T1486
asset_1246,0.9042692805633136,1,0,T1486
asset_1247,0.9042692805633136,1,1,T1486
asset_1248,0.9042692805633136,1,0,T1486
asset_1249,0.0033104508115333,0,0,T1486
asset_1250,0.9042692805633136,1,1,T1486
asset_1251,0.0033104508115333,0,0,T1486
asset_1252,0.0033104508115333,0,0,T1486
asset_1253,0.9042692805633136,1,1,T1486
asset_1254,0.9042692805633136,1,1,T1486
asset_1255,0.9042692805633136,1,1,T1486
asset_1256,0.9042692805633136,1,1,T1486
asset_1257,0.9042692805633136,1,0,T1486
asset_1258,0.9042692805633136,1,0,T1486
asset_1259,0.003310450811489,0,1,T1486
asset_1260,0.0033104508115049,0,1,T1486
asset_1261,0.9042692805633136,1,0,T1486
asset_1262,0.9042692805633136,1,1,T1486
asset_1263,0.0034876895567868,0,1,T1486
asset_1264,0.0033104508115284,0,1,T1486
asset_1265,0.0033104508115333,0,1,T1486
asset_1266,0.9042692805633136,1,0,T1486
asset_1267,0.0033104508115333,0,1,T1486
asset_1268,0.9042692805633136,1,0,T1486
asset_1269,0.9042692805633136,1,1,T1486
asset_1270,0.0033104508115333,0,0,T1486
asset_1271,0.0033104508115333,0,1,T1486
asset_1272,0.9042692805633136,1,0,T1486
asset_1273,0.9042692805633136,1,1,T1486
asset_1274,0.0033104508115037,0,1,T1486
asset_1275,0.9042692805633136,1,1,T1486
asset_1276,0.0033104508115333,0,0,T1486
asset_1277,0.9042692805633136,1,0,T1486
asset_1278,0.9042692805633136,1,0,T1486
asset_1279,0.0033104508114893,0,1,T1486
asset_1280,0.9042692805633136,1,0,T1486
asset_1281,0.0033104508115316,0,1,T1486
asset_1282,0.9042692805633136,1,0,T1486
asset_1283,0.0033104508115333,0,0,T1486
asset_1284,0.0033104508115309,0,0,T1486
asset_1285,0.003310450811489,0,1,T1486
asset_1286,0.0033104508115208,0,0,T1486
asset_1287,0.9042692805633136,1,0,T1486
asset_1288,0.9042692805633136,1,1,T1486
asset_1289,0.0033104508115333,0,0,T1486
asset_1290,0.9042692805633136,1,0,T1486
asset_1291,0.0033104508115869,0,0,T1486
asset_1292,0.0033104508115333,0,1,T1486
asset_1293,0.9042692805633136,1,1,T1486
asset_1294,0.9042692805633136,1,0,T1486
asset_1295,0.0033104508115333,0,0,T1486
asset_1296,0.9042692805633136,1,1,T1486
asset_1297,0.0033104508114618,0,0,T1486
asset_1298,0.0033104508115309,0,1,T1486
asset_1299,0.9042692805633136,1,1,T1486
asset_1300,0.9042692805633136,1,0,T1486
asset_1301,0.9042692805633136,1,1,T1486
asset_1302,0.0033104508115333,0,0,T1486
asset_1303,0.0033104508114933,0,1,T1486
asset_1304,0.0033104508115843,0,1,T1486
asset_1305,0.0033104508115284,0,0,T1486
asset_1306,0.0033104508114618,0,1,T1486
asset_1307,0.9042692805633136,1,1,T1486
asset_1308,0.9042692805633136,1,0,T1486
asset_1309,0.9042692805633136,1,0,T1486
asset_1310,0.0033104508115333,0,0,T1486
asset_1311,0.0033104508122665,0,0,T1486
asset_1312,0.0033104508115333,0,1,T1486
asset_1313,0.0033454389820513,0,1,T1486
asset_1314,0.0033104508115061,0,0,T1486
asset_1315,0.9042692805633136,1,1,T1486
asset_1316,0.9042692805633136,1,0,T1486
asset_1317,0.9042692805633136,1,0,T1486
asset_1318,0.0033104508115205,0,1,T1486
asset_1319,0.0033104508115333,0,0,T1486
asset_1320,0.9042692805633136,1,0,T1486
asset_1321,0.9042692805633136,1,0,T1486
asset_1322,0.0033104508115333,0,0,T1486
asset_1323,0.9042692805633136,1,0,T1486
asset_1324,0.0033104508115333,0,1,T1486
asset_1325,0.0033104508115333,0,0,T1486
asset_1326,0.0033104508115205,0,1,T1486
asset_1327,0.9042692805633136,1,0,T1486
asset_1328,0.9042692805633136,1,0,T1486
asset_1329,0.9042692805633136,1,0,T1486
asset_1330,0.9042692805633136,1,1,T1486
asset_1331,0.9042692805633136,1,1,T1486
asset_1332,0.9042692805633136,1,1,T1486
asset_1333,0.0033104508115333,0,0,T1486
asset_1334,0.0033104508115333,0,1,T1486
asset_1335,0.9042692805633136,1,0,T1486
asset_1336,0.9042692805633136,1,1,T1486
asset_1337,0.9042692805633136,1,0,T1486
asset_1338,0.9042692805633136,1,0,T1486
asset_1339,0.0033104508119878,0,0,T1486
asset_1340,0.9042692805633136,1,0,T1486
asset_1341,0.9042692805633136,1,1,T1486
asset_1342,0.9042692805633136,1,1,T1486
asset_1343,0.0033104508115333,0,0,T1486
asset_1344,0.9042692805633136,1,1,T1486
asset_1345,0.0033104508115333,0,1,T1486
asset_1346,0.9042692805633136,1,0,T1486
asset_1347,0.9042692805633136,1,0,T1486
asset_1348,0.9042692805633136,1,1,T1486
asset_1349,0.0033104508115333,0,1,T1486
asset_1350,0.9042692805633136,1,0,T1486
asset_1351,0.0033104508115333,0,0,T1486
asset_1352,0.9042692805633136,1,1,T1486
asset_1353,0.0033104508115167,0,0,T1486
asset_1354,0.9042692805633136,1,1,T1486
asset_1355,0.9042692805633136,1,1,T1486
asset_1356,0.0033104508115333,0,0,T1486
asset_1357,0.0033104508115333,0,1,T1486
asset_1358,0.0033104508115868,0,1,T1486
asset_1359,0.0033104508115333,0,0,T1486
asset_1360,0.9042692805633136,1,1,T1486
asset_1361,0.0033104508115225,0,1,T1486
asset_1362,0.0033104508114933,0,1,T1486
asset_1363,0.9042692805633136,1,0,T1486
asset_1364,0.9042692805633136,1,1,T1486
asset_1365,0.9042692805633136,1,1,T1486
asset_1366,0.0033104508115309,0,1,T1486
asset_1367,0.003310450811576,0,1,T1486
asset_1368,0.9042692805633136,1,0,T1486
asset_1369,0.9042692805633136,1,0,T1486
asset_1370,0.9042692805633136,1,0,T1486
asset_1371,0.0033104508115294,0,1,T1486
asset_1372,0.0033104508115205,0,1,T1486
asset_1373,0.9042692805633136,1,0,T1486
asset_1374,0.9042692805633136,1,0,T1486
asset_1375,0.9042692805633136,1,0,T1486
asset_1376,0.9042692805633136,1,0,T1486
asset_1377,0.0033104508115869,0,1,T1486
asset_1378,0.0034876895567274,0,1,T1486
asset_1379,0.0033104508114616,0,1,T1486
asset_1380,0.0033104508115333,0,0,T1486
asset_1381,0.0033104508115309,0,1,T1486
asset_1382,0.9042692805633136,1,1,T1486
asset_1383,0.9042692805633136,1,1,T1486
asset_1384,0.0033104508115333,0,1,T1486
asset_1385,0.9042692805633136,1,0,T1486
asset_1386,0.9042692805633136,1,0,T1486
asset_1387,0.9042692805633136,1,1,T1486
asset_1388,0.0033104508115869,0,0,T1486
asset_1389,0.0033104508115333,0,0,T1486
asset_1390,0.9042692805633136,1,1,T1486
asset_1391,0.9042692805633136,1,1,T1486
asset_1392,0.0033104508115333,0,1,T1486
asset_1393,0.9042692805633136,1,1,T1486
asset_1394,0.0033104508115205,0,0,T1486
asset_1395,0.9042692805633136,1,0,T1486
asset_1396,0.0033104508115205,0,0,T1486
asset_1397,0.9042692805633136,1,0,T1486
asset_1398,0.0033104508115333,0,0,T1486
asset_1399,0.0033104508114856,0,1,T1486
asset_1400,0.9042692805633136,1,1,T1486
asset_1401,0.0033104508115225,0,0,T1486
asset_1402,0.0033104508115333,0,0,T1486
asset_1403,0.0033104508115868,0,0,T1486
asset_1404,0.9042692805633136,1,1,T1486
asset_1405,0.9042692805633136,1,0,T1486
asset_1406,0.9042692805633136,1,1,T1486
asset_1407,0.9042692805633136,1,1,T1486
asset_1408,0.0033104508115333,0,1,T1486
asset_1409,0.9042692805633136,1,1,T1486
asset_1410,0.0033104508115205,0,1,T1486
asset_1411,0.9042692805633136,1,0,T1486
asset_1412,0.0033104508115333,0,0,T1486
asset_1413,0.9042692805633136,1,0,T1486
asset_1414,0.0033104490933179,0,1,T1486
asset_1415,0.9042692805633136,1,0,T1486
asset_1416,0.0033104508115333,0,1,T1486
asset_1417,0.0033104508114933,0,0,T1486
asset_1418,0.9042692805633136,1,1,T1486
asset_1419,0.9042692805633136,1,0,T1486
asset_1420,0.9042692805633136,1,0,T1486
asset_1421,0.9042692805633136,1,1,T1486
asset_1422,0.9042692805633136,1,0,T1486
asset_1423,0.0033104508115333,0,0,T1486
asset_1424,0.9042692805633136,1,1,T1486
asset_1425,0.0033104508115333,0,0,T1486
asset_1426,0.0033104508115333,0,0,T1486
asset_1427,0.9042692805633136,1,1,T1486
asset_1428,0.9042692805633136,1,0,T1486
asset_1429,0.0033104508115333,0,1,T1486
asset_1430,0.9042692805633136,1,1,T1486
asset_1431,0.0033454389816955,0,1,T1486
asset_1432,0.9042692805633136,1,1,T1486
asset_1433,0.0033104508115869,0,1,T1486
asset_1434,0.0033104508115333,0,0,T1486
asset_1435,0.0033104508119878,0,1,T1486
asset_1436,0.9042692805633136,1,1,T1486
asset_1437,0.0033104490932545,0,0,T1486
asset_1438,0.0033104508115333,0,1,T1486
asset_1439,0.0033104508115333,0,0,T1486
asset_1440,0.0033104508115333,0,0,T1486
asset_1441,0.0033104508115309,0,0,T1486
asset_1442,0.0033104508115333,0,0,T1486
asset_1443,0.9042692805633136,1,1,T1486
asset_1444,0.0033104508115333,0,0,T1486
asset_1445,0.0033104508115294,0,0,T1486
asset_1446,0.0033104508115333,0,0,T1486
asset_1447,0.0033104508115309,0,0,T1486
asset_1448,0.0033104508114618,0,0,T1486
asset_1449,0.9042692805633136,1,0,T1486
asset_1450,0.9042692805633136,1,0,T1486
asset_1451,0.0033104508115309,0,1,T1486
asset_1452,0.9042692805633136,1,1,T1486
asset_1453,0.003310450811489,0,0,T1486
asset_1454,0.0033104462285538,0,0,T1486
asset_1455,0.9042692805633136,1,0,T1486
asset_1456,0.9042692805633136,1,0,T1486
asset_1457,0.0034876895567868,0,0,T1486
asset_1458,0.0033104472641503,0,0,T1486
asset_1459,0.0033104508115309,0,0,T1486
asset_1460,0.9042692805633136,1,0,T1486
asset_1461,0.9042692805633136,1,0,T1486
asset_1462,0.0033104508115333,0,0,T1486
asset_1463,0.9042692805633136,1,1,T1486
asset_1464,0.0033104473248358,0,0,T1486
asset_1465,0.9042692805633136,1,0,T1486
asset_1466,0.0033804806987569,0,0,T1486
asset_1467,0.9042692805633136,1,0,T1486
asset_1468,0.0033804806987569,0,0,T1486
asset_1469,0.0033104508115333,0,1,T1486
asset_1470,0.9042692805633136,1,0,T1486
asset_1471,0.0033104508115309,0,1,T1486
asset_1472,0.9042692805633136,1,0,T1486
asset_1473,0.0033104508115333,0,0,T1486
asset_1474,0.0033104508115333,0,1,T1486
asset_1475,0.0033104508115333,0,1,T1486
asset_1476,0.0033104508115333,0,1,T1486
asset_1477,0.0033104508115333,0,0,T1486
asset_1478,0.9042692805633136,1,0,T1486
asset_1479,0.9042692805633136,1,1,T1486
asset_1480,0.9042692805633136,1,0,T1486
asset_1481,0.9042692805633136,1,1,T1486
asset_1482,0.9042692805633136,1,0,T1486
asset_1483,0.9042692805633136,1,0,T1486
asset_1484,0.9042692805633136,1,1,T1486
asset_1485,0.9042692805633136,1,1,T1486
asset_1486,0.9042692805633136,1,0,T1486
asset_1487,0.0033104508115055,0,0,T1486
asset_1488,0.9042692805633136,1,0,T1486
asset_1489,0.0033104508115333,0,0,T1486
asset_1490,0.0033104508115333,0,1,T1486
asset_1491,0.0033104508115333,0,1,T1486
asset_1492,0.9042692805633136,1,0,T1486
asset_1493,0.9042692805633136,1,1,T1486
asset_1494,0.0033104490923377,0,0,T1486
asset_1495,0.0033104508115333,0,1,T1486
asset_1496,0.0033104508115333,0,0,T1486
asset_1497,0.0033104508115784,0,0,T1486
asset_1498,0.9042692805633136,1,0,T1486
asset_1499,0.0033104508115333,0,0,T1486
asset_1500,0.9042692805633136,1,0,T1486
asset_1501,0.9042692805633136,1,0,T1486
asset_1502,0.0033104508114785,0,1,T1486
asset_1503,0.9042692805633136,1,0,T1486
asset_1504,0.9042692805633136,1,1,T1486
asset_1505,0.9042692805633136,1,0,T1486
asset_1506,0.0033104508115333,0,1,T1486
asset_1507,0.00334543898181,0,1,T1486
asset_1508,0.9042692805633136,1,1,T1486
asset_1509,0.0033104508115037,0,1,T1486
asset_1510,0.9042692805633136,1,0,T1486
asset_1511,0.0033104508115333,0,1,T1486
asset_1512,0.9042692805633136,1,0,T1486
asset_1513,0.0033104508115333,0,0,T1486
asset_1514,0.9042692805633136,1,0,T1486
asset_1515,0.0033104508115333,0,1,T1486
asset_1516,0.0033104508115186,0,1,T1486
asset_1517,0.0033104508115333,0,0,T1486
asset_1518,0.0033104508115333,0,1,T1486
asset_1519,0.0033104508115294,0,0,T1486
asset_1520,0.9042692805633136,1,0,T1486
asset_1521,0.9042692805633136,1,1,T1486
asset_1522,0.9042692805633136,1,1,T1486
asset_1523,0.0033104508115333,0,1,T1486
asset_1524,0.9042692805633136,1,1,T1486
asset_1525,0.0033104508115333,0,1,T1486
asset_1526,0.9042692805633136,1,1,T1486
asset_1527,0.0033104508115333,0,0,T1486
asset_1528,0.0033104508115333,0,0,T1486
asset_1529,0.0033104508115333,0,0,T1486
asset_1530,0.9042692805633136,1,1,T1486
asset_1531,0.0033104508129547,0,1,T1486
asset_1532,0.9042692805633136,1,1,T1486
asset_1533,0.9042692805633136,1,0,T1486
asset_1534,0.0033104508115097,0,1,T1486
asset_1535,0.0033104508115205,0,1,T1486
asset_1536,0.0033104508115333,0,0,T1486
asset_1537,0.0033104508114785,0,0,T1486
asset_1538,0.9042692805633136,1,0,T1486
asset_1539,0.0033104508115055,0,1,T1486
asset_1540,0.0033104508115333,0,0,T1486
asset_1541,0.9042692805633136,1,0,T1486
asset_1542,0.9042692805633136,1,0,T1486
asset_1543,0.9042692805633136,1,1,T1486
asset_1544,0.9042692805633136,1,0,T1486
asset_1545,0.003310450811466,0,1,T1486
asset_1546,0.9042692805633136,1,0,T1486
asset_1547,0.9042692805633136,1,0,T1486
asset_1548,0.0033104508115333,0,1,T1486
asset_1549,0.0033104508115307,0,1,T1486
asset_1550,0.0033104473248358,0,0,T1486
asset_1551,0.0033104499674126,0,0,T1486
asset_1552,0.9042692805633136,1,0,T1486
asset_1553,0.0033104508115333,0,0,T1486
asset_1554,0.9042692805633136,1,0,T1486
asset_1555,0.9042692805633136,1,0,T1486
asset_1556,0.0033104473248358,0,0,T1486
asset_1557,0.9042692805633136,1,0,T1486
asset_1558,0.0033104508115333,0,0,T1486
asset_1559,0.9042692805633136,1,1,T1486
asset_1560,0.9042692805633136,1,0,T1486
asset_1561,0.9042692805633136,1,0,T1486
asset_1562,0.0033104508115225,0,0,T1486
asset_1563,0.9042692805633136,1,1,T1486
asset_1564,0.0033104508115333,0,0,T1486
asset_1565,0.0033104490923377,0,1,T1486
asset_1566,0.0033104508115309,0,1,T1486
asset_1567,0.9042692805633136,1,1,T1486
asset_1568,0.0033104508115333,0,0,T1486
asset_1569,0.0033104508115333,0,1,T1486
asset_1570,0.9042692805633136,1,0,T1486
asset_1571,0.9042692805633136,1,1,T1486
asset_1572,0.0033104508115869,0,0,T1486
asset_1573,0.0033104508115333,0,0,T1486
asset_1574,0.0033104508115333,0,1,T1486
asset_1575,0.9042692805633136,1,0,T1486
asset_1576,0.0033104508115333,0,1,T1486
asset_1577,0.9042692805633136,1,0,T1486
asset_1578,0.0033104508115333,0,1,T1486
asset_1579,0.0033104490933179,0,1,T1486
asset_1580,0.0033104508115333,0,1,T1486
asset_1581,0.0033104508115333,0,1,T1486
asset_1582,0.9042692805633136,1,1,T1486
asset_1583,0.0033104508115097,0,0,T1486
asset_1584,0.9042692805633136,1,0,T1486
asset_1585,0.9042692805633136,1,0,T1486
asset_1586,0.0033104508115869,0,0,T1486
asset_1587,0.9042692805633136,1,0,T1486
asset_1588,0.0033104508115225,0,1,T1486
asset_1589,0.0033104508115333,0,1,T1486
asset_1590,0.9042692805633136,1,0,T1486
asset_1591,0.9042692805633136,1,0,T1486
asset_1592,0.0033104508115333,0,0,T1486
asset_1593,0.9042692805633136,1,1,T1486
asset_1594,0.9042692805633136,1,0,T1486
asset_1595,0.9042692805633136,1,1,T1486
asset_1596,0.0033104508115099,0,0,T1486
asset_1597,0.9042692805633136,1,1,T1486
asset_1598,0.0033104508115333,0,1,T1486
asset_1599,0.0033454389836629,0,1,T1486
asset_1600,0.9042692805633136,1,1,T1486
asset_1601,0.9042692805633136,1,1,T1486
asset_1602,0.9042692805633136,1,0,T1486
asset_1603,0.0033104508115294,0,0,T1486
asset_1604,0.9042692805633136,1,0,T1486
asset_1605,0.9042692805633136,1,1,T1486
asset_1606,0.9042692805633136,1,0,T1486
asset_1607,0.9042692805633136,1,0,T1486
asset_1608,0.9042692805633136,1,0,T1486
asset_1609,0.9042692805633136,1,0,T1486
asset_1610,0.9042692805633136,1,0,T1486
asset_1611,0.9042692805633136,1,1,T1486
asset_1612,0.0033104508115333,0,0,T1486
asset_1613,0.003310450811489,0,0,T1486
asset_1614,0.9042692805633136,1,1,T1486
asset_1615,0.9042692805633136,1,0,T1486
asset_1616,0.9042692805633136,1,0,T1486
asset_1617,0.9042692805633136,1,1,T1486
asset_1618,0.9042692805633136,1,0,T1486
asset_1619,0.9042692805633136,1,1,T1486
asset_1620,0.9042692805633136,1,1,T1486
asset_1621,0.9042692805633136,1,0,T1486
asset_1622,0.0033104508115333,0,0,T1486
asset_1623,0.9042692805633136,1,0,T1486
asset_1624,0.003310450811521,0,1,T1486
asset_1625,0.0033104508115225,0,1,T1486
asset_1626,0.9042692805633136,1,0,T1486
asset_1627,0.0033104508115333,0,1,T1486
asset_1628,0.0033104508114552,0,0,T1486
asset_1629,0.9042692805633136,1,0,T1486
asset_1630,0.9042692805633136,1,1,T1486
asset_1631,0.0033104508115333,0,0,T1486
asset_1632,0.9042692805633136,1,1,T1486
asset_1633,0.9042692805633136,1,1,T1486
asset_1634,0.9042692805633136,1,1,T1486
asset_1635,0.9042692805633136,1,1,T1486
asset_1636,0.9042692805633136,1,0,T1486
asset_1637,0.0033104508115869,0,0,T1486
asset_1638,0.9042692805633136,1,1,T1486
asset_1639,0.9042692805633136,1,0,T1486
asset_1640,0.9042692805633136,1,1,T1486
asset_1641,0.0033104508114677,0,0,T1486
asset_1642,0.003310450811489,0,1,T1486
asset_1643,0.0033104508115186,0,0,T1486
asset_1644,0.9042692805633136,1,1,T1486
asset_1645,0.9042692805633136,1,0,T1486
asset_1646,0.9042692805633136,1,1,T1486
asset_1647,0.9042692805633136,1,1,T1486
asset_1648,0.0033104508115333,0,1,T1486
asset_1649,0.9042692805633136,1,1,T1486
asset_1650,0.9042692805633136,1,0,T1486
asset_1651,0.9042692805633136,1,1,T1486
asset_1652,0.0033104508115225,0,0,T1486
asset_1653,0.9042692805633136,1,0,T1486
asset_1654,0.0033104508115205,0,0,T1486
asset_1655,0.0033104508115333,0,1,T1486
asset_1656,0.0033804652151763,0,0,T1486
asset_1657,0.9042692805633136,1,1,T1486
asset_1658,0.0033104508114616,0,1,T1486
asset_1659,0.9042692805633136,1,0,T1486
asset_1660,0.0033104508115333,0,1,T1486
asset_1661,0.9042692805633136,1,0,T1486
asset_1662,0.9042692805633136,1,0,T1486
asset_1663,0.0033104508115333,0,1,T1486
asset_1664,0.0033104508115868,0,1,T1486
asset_1665,0.9042692805633136,1,0,T1486
asset_1666,0.9042692805633136,1,0,T1486
asset_1667,0.0033104508115205,0,0,T1486
asset_1668,0.0033104508115225,0,1,T1486
asset_1669,0.0033104508116689,0,1,T1486
asset_1670,0.9042692805633136,1,1,T1486
asset_1671,0.0033104508114508,0,0,T1486
asset_1672,0.0033104508115333,0,1,T1486
asset_1673,0.0033104508115333,0,0,T1486
asset_1674,0.9042692805633136,1,0,T1486
asset_1675,0.0033104508115333,0,1,T1486
asset_1676,0.9042692805633136,1,1,T1486
asset_1677,0.003310450811489,0,0,T1486
asset_1678,0.0033104508115318,0,0,T1486
asset_1679,0.9042692805633136,1,0,T1486
asset_1680,0.0033104508115021,0,0,T1486
asset_1681,0.0033104508115333,0,0,T1486
asset_1682,0.0033104508115333,0,0,T1486
asset_1683,0.0033104508115309,0,1,T1486
asset_1684,0.9042692805633136,1,0,T1486
asset_1685,0.9042692805633136,1,1,T1486
asset_1686,0.0033104508115333,0,1,T1486
asset_1687,0.0033104508115333,0,0,T1486
asset_1688,0.9042692805633136,1,1,T1486
asset_1689,0.9042692805633136,1,0,T1486
asset_1690,0.9042692805633136,1,1,T1486
asset_1691,0.9042692805633136,1,1,T1486
asset_1692,0.9042692805633136,1,1,T1486
asset_1693,0.0033104508115318,0,1,T1486
asset_1694,0.0033104508115333,0,0,T1486
asset_1695,0.0033104508115293,0,1,T1486
asset_1696,0.9042692805633136,1,0,T1486
asset_1697,0.0033104508115333,0,0,T1486
asset_1698,0.9042692805633136,1,0,T1486
asset_1699,0.9042692805633136,1,1,T1486
asset_1700,0.0033104508115333,0,1,T1486
asset_1701,0.9042692805633136,1,0,T1486
asset_1702,0.9042692805633136,1,1,T1486
asset_1703,0.0033104508115309,0,1,T1486
asset_1704,0.9042692805633136,1,0,T1486
asset_1705,0.9042692805633136,1,1,T1486
asset_1706,0.0033104508115333,0,0,T1486
asset_1707,0.0033104508115309,0,0,T1486
asset_1708,0.9042692805633136,1,1,T1486
asset_1709,0.9042692805633136,1,1,T1486
asset_1710,0.9042692805633136,1,0,T1486
asset_1711,0.9042692805633136,1,1,T1486
asset_1712,0.0033104508115333,0,0,T1486
asset_1713,0.9042692805633136,1,1,T1486
asset_1714,0.9042692805633136,1,1,T1486
asset_1715,0.9042692805633136,1,0,T1486
asset_1716,0.0033104508115333,0,0,T1486
asset_1717,0.0033104508115333,0,1,T1486
asset_1718,0.9042692805633136,1,1,T1486
asset_1719,0.9042692805633136,1,0,T1486
asset_1720,0.0033104499672667,0,0,T1486
asset_1721,0.9042692805633136,1,0,T1486
asset_1722,0.9042692805633136,1,0,T1486
asset_1723,0.9042692805633136,1,0,T1486
asset_1724,0.0033104508115333,0,0,T1486
asset_1725,0.9042692805633136,1,1,T1486
asset_1726,0.9042692805633136,1,0,T1486
asset_1727,0.0033104508115205,0,0,T1486
asset_1728,0.0033104508114616,0,1,T1486
asset_1729,0.0033104508115333,0,1,T1486
asset_1730,0.0033104508115333,0,1,T1486
asset_1731,0.0033104508115333,0,0,T1486
asset_1732,0.0033104508115309,0,0,T1486
asset_1733,0.0033104508115333,0,1,T1486
asset_1734,0.0033104508115333,0,1,T1486
asset_1735,0.9042692805633136,1,1,T1486
asset_1736,0.0033104508115309,0,1,T1486
asset_1737,0.9042692805633136,1,0,T1486
asset_1738,0.0033104508115293,0,1,T1486
asset_1739,0.0033104508115333,0,1,T1486
asset_1740,0.9042692805633136,1,1,T1486
asset_1741,0.9042692805633136,1,1,T1486
asset_1742,0.0033104508114785,0,1,T1486
asset_1743,0.9042692805633136,1,0,T1486
asset_1744,0.0033104508115333,0,1,T1486
asset_1745,0.9042692805633136,1,0,T1486
asset_1746,0.0033104508115333,0,1,T1486
asset_1747,0.0033104508115333,0,1,T1486
asset_1748,0.0033104508115333,0,0,T1486
asset_1749,0.0033104508115333,0,1,T1486
asset_1750,0.9042692805633136,1,0,T1486
asset_1751,0.9042692805633136,1,1,T1486
asset_1752,0.0033104508115333,0,1,T1486
asset_1753,0.9042692805633136,1,1,T1486
asset_1754,0.0033104508114785,0,1,T1486
asset_1755,0.9042692805633136,1,1,T1486
asset_1756,0.0033104508115342,0,1,T1486
asset_1757,0.9042692805633136,1,1,T1486
asset_1758,0.9042692805633136,1,1,T1486
asset_1759,0.9042692805633136,1,1,T1486
asset_1760,0.9042692805633136,1,0,T1486
asset_1761,0.0033104508115333,0,1,T1486
asset_1762,0.9042692805633136,1,0,T1486
asset_1763,0.9042692805633136,1,1,T1486
asset_1764,0.9042692805633136,1,0,T1486
asset_1765,0.9042692805633136,1,0,T1486
asset_1766,0.9042692805633136,1,1,T1486
asset_1767,0.9042692805633136,1,1,T1486
asset_1768,0.0033104508117248,0,0,T1486
asset_1769,0.0033104508115309,0,0,T1486
asset_1770,0.9042692805633136,1,0,T1486
asset_1771,0.9042692805633136,1,0,T1486
asset_1772,0.9042692805633136,1,1,T1486
asset_1773,0.9042692805633136,1,1,T1486
asset_1774,0.0033104508115225,0,1,T1486
asset_1775,0.9042692805633136,1,0,T1486
asset_1776,0.9042692805633136,1,1,T1486
asset_1777,0.0033104508115333,0,0,T1486
asset_1778,0.0033104508115046,0,1,T1486
asset_1779,0.0033104508115293,0,0,T1486
asset_1780,0.0033104508115333,0,0,T1486
asset_1781,0.0033104508115333,0,0,T1486
asset_1782,0.9042692805633136,1,0,T1486
asset_1783,0.9042692805633136,1,0,T1486
asset_1784,0.9042692805633136,1,1,T1486
asset_1785,0.0033104508115869,0,1,T1486
asset_1786,0.0033104508115333,0,0,T1486
asset_1787,0.0033104508115309,0,0,T1486
asset_1788,0.0033104508115333,0,0,T1486
asset_1789,0.9042692805633136,1,1,T1486
asset_1790,0.0033104508115333,0,1,T1486
asset_1791,0.0033104508115284,0,0,T1486
asset_1792,0.9042692805633136,1,1,T1486
asset_1793,0.9042692805633136,1,0,T1486
asset_1794,0.0033104508115333,0,0,T1486
asset_1795,0.0033104508115333,0,1,T1486
asset_1796,0.0033104491359077,0,0,T1486
asset_1797,0.0033104508115225,0,0,T1486
asset_1798,0.0033104508115333,0,1,T1486
asset_1799,0.9042692805633136,1,0,T1486
asset_1800,0.9042692805633136,1,0,T1486
asset_1801,0.9042692805633136,1,1,T1486
asset_1802,0.9042692805633136,1,0,T1486
asset_1803,0.0033104508115333,0,0,T1486
asset_1804,0.0033104508115868,0,0,T1486
asset_1805,0.9042692805633136,1,1,T1486
asset_1806,0.9042692805633136,1,1,T1486
asset_1807,0.9042692805633136,1,1,T1486
asset_1808,0.0033104508115271,0,0,T1486
asset_1809,0.0033104508115333,0,1,T1486
asset_1810,0.9042692805633136,1,1,T1486
asset_1811,0.9042692805633136,1,0,T1486
asset_1812,0.0033104508114677,0,0,T1486
asset_1813,0.0033104508115333,0,1,T1486
asset_1814,0.0033104508115333,0,1,T1486
asset_1815,0.9042692805633136,1,1,T1486
asset_1816,0.9042692805633136,1,0,T1486
asset_1817,0.003310450811489,0,1,T1486
asset_1818,0.0033104508115307,0,0,T1486
asset_1819,0.9042692805633136,1,1,T1486
asset_1820,0.9042692805633136,1,1,T1486
asset_1821,0.9042692805633136,1,0,T1486
asset_1822,0.9042692805633136,1,1,T1486
asset_1823,0.003310450811489,0,0,T1486
asset_1824,0.9042692805633136,1,1,T1486
asset_1825,0.9042692805633136,1,1,T1486
asset_1826,0.9042692805633136,1,1,T1486
asset_1827,0.0033104508115333,0,0,T1486
asset_1828,0.0033104508115868,0,1,T1486
asset_1829,0.0033104508115333,0,0,T1486
asset_1830,0.9042692805633136,1,1,T1486
asset_1831,0.0033104508115333,0,0,T1486
asset_1832,0.9042692805633136,1,0,T1486
asset_1833,0.9042692805633136,1,1,T1486
asset_1834,0.9042692805633136,1,1,T1486
asset_1835,0.9042692805633136,1,1,T1486
asset_1836,0.9042692805633136,1,1,T1486
asset_1837,0.9042692805633136,1,0,T1486
asset_1838,0.9042692805633136,1,1,T1486
asset_1839,0.0033104508115333,0,1,T1486
asset_1840,0.0033104508115309,0,1,T1486
asset_1841,0.9042692805633136,1,0,T1486
asset_1842,0.0033104508115309,0,0,T1486
asset_1843,0.9042692805633136,1,0,T1486
asset_1844,0.9042692805633136,1,1,T1486
asset_1845,0.0033104508115333,0,1,T1486
asset_1846,0.0033104508115333,0,0,T1486
asset_1847,0.9042692805633136,1,1,T1486
asset_1848,0.0033104508115333,0,1,T1486
asset_1849,0.0033104508115333,0,0,T1486
asset_1850,0.9042692805633136,1,0,T1486
asset_1851,0.0033104508114616,0,1,T1486
asset_1852,0.0033104508115333,0,0,T1486
asset_1853,0.9042692805633136,1,0,T1486
asset_1854,0.0033104508115333,0,1,T1486
asset_1855,0.0033104508115333,0,1,T1486
asset_1856,0.0033104508115333,0,1,T1486
asset_1857,0.9042692805633136,1,0,T1486
asset_1858,0.0033104508115333,0,1,T1486
asset_1859,0.9042692805633136,1,1,T1486
asset_1860,0.0033104508115333,0,1,T1486
asset_1861,0.9042692805633136,1,0,T1486
asset_1862,0.9042692805633136,1,1,T1486
asset_1863,0.0033104508115333,0,0,T1486
asset_1864,0.9042692805633136,1,0,T1486
asset_1865,0.9042692805633136,1,0,T1486
asset_1866,0.9042692805633136,1,0,T1486
asset_1867,0.0033104508115333,0,1,T1486
asset_1868,0.9042692805633136,1,0,T1486
asset_1869,0.9042692805633136,1,0,T1486
asset_1870,0.9042692805633136,1,1,T1486
asset_1871,0.9042692805633136,1,1,T1486
asset_1872,0.0033104508115333,0,0,T1486
asset_1873,0.0033104508115333,0,0,T1486
asset_1874,0.0033104508115271,0,0,T1486
asset_1875,0.9042692805633136,1,1,T1486
asset_1876,0.9042692805633136,1,0,T1486
asset_1877,0.9042692805633136,1,0,T1486
asset_1878,0.9042692805633136,1,0,T1486
asset_1879,0.9042692805633136,1,1,T1486
asset_1880,0.0033104508115333,0,0,T1486
asset_1881,0.9042692805633136,1,0,T1486
asset_1882,0.9042692805633136,1,1,T1486
asset_1883,0.0033104508115333,0,0,T1486
asset_1884,0.0033104508115784,0,1,T1486
asset_1885,0.9042692805633136,1,1,T1486
asset_1886,0.0033104490933179,0,0,T1486
asset_1887,0.0033104508115205,0,0,T1486
asset_1888,0.0033104508114935,0,1,T1486
asset_1889,0.9042692805633136,1,1,T1486
asset_1890,0.0033104508115333,0,1,T1486
asset_1891,0.0033104508115318,0,0,T1486
asset_1892,0.9042692805633136,1,0,T1486
asset_1893,0.0033104508115333,0,0,T1486
asset_1894,0.0033104508115333,0,0,T1486
asset_1895,0.0033104508115061,0,1,T1486
asset_1896,0.9042692805633136,1,0,T1486
asset_1897,0.9042692805633136,1,1,T1486
asset_1898,0.9042692805633136,1,1,T1486
asset_1899,0.9042692805633136,1,1,T1486
asset_1900,0.0033104508115333,0,1,T1486
asset_1901,0.9042692805633136,1,1,T1486
asset_1902,0.9042692805633136,1,1,T1486
asset_1903,0.0033104508115333,0,1,T1486
asset_1904,0.9042692805633136,1,0,T1486
asset_1905,0.9042692805633136,1,0,T1486
asset_1906,0.9042692805633136,1,0,T1486
asset_1907,0.9042692805633136,1,1,T1486
asset_1908,0.9042692805633136,1,1,T1486
asset_1909,0.9042692805633136,1,1,T1486
asset_1910,0.9042692805633136,1,1,T1486
asset_1911,0.0033104508115333,0,1,T1486
asset_1912,0.9042692805633136,1,1,T1486
asset_1913,0.0033104508115333,0,1,T1486
asset_1914,0.0033104499674126,0,0,T1486
asset_1915,0.0033104508115333,0,0,T1486
asset_1916,0.9042692805633136,1,1,T1486
asset_1917,0.0033104508115333,0,0,T1486
asset_1918,0.9042692805633136,1,1,T1486
asset_1919,0.9042692805633136,1,0,T1486
asset_1920,0.0033104508115333,0,0,T1486
asset_1921,0.9042692805633136,1,0,T1486
asset_1922,0.0033104508115097,0,0,T1486
asset_1923,0.0033104508115333,0,0,T1486
asset_1924,0.0033104508115333,0,1,T1486
asset_1925,0.0033104508115309,0,1,T1486
asset_1926,0.9042692805633136,1,0,T1486
asset_1927,0.9042692805633136,1,1,T1486
asset_1928,0.9042692805633136,1,0,T1486
asset_1929,0.0033104508115333,0,0,T1486
asset_1930,0.0033104473248358,0,0,T1486
asset_1931,0.9042692805633136,1,1,T1486
asset_1932,0.9042692805633136,1,0,T1486
asset_1933,0.9042692805633136,1,1,T1486
asset_1934,0.0033104508115333,0,0,T1486
asset_1935,0.9042692805633136,1,0,T1486
asset_1936,0.9042692805633136,1,1,T1486
asset_1937,0.0033104508115333,0,0,T1486
asset_1938,0.9042692805633136,1,1,T1486
asset_1939,0.0033104508115333,0,1,T1486
asset_1940,0.9042692805633136,1,1,T1486
asset_1941,0.9042692805633136,1,1,T1486
asset_1942,0.9042692805633136,1,1,T1486
asset_1943,0.9042692805633136,1,0,T1486
asset_1944,0.9042692805633136,1,0,T1486
asset_1945,0.0033104508115309,0,0,T1486
asset_1946,0.0033104508115869,0,0,T1486
asset_1947,0.0033104508115309,0,0,T1486
asset_1948,0.0033104508115333,0,1,T1486
asset_1949,0.9042692805633136,1,0,T1486
asset_1950,0.9042692805633136,1,1,T1486
asset_1951,0.0033104508115309,0,0,T1486
asset_1952,0.9042692805633136,1,0,T1486
asset_1953,0.9042692805633136,1,0,T1486
asset_1954,0.0033104508114616,0,0,T1486
asset_1955,0.9042692805633136,1,1,T1486
asset_1956,0.0033104508115333,0,0,T1486
asset_1957,0.0033104508115225,0,1,T1486
asset_1958,0.9042692805633136,1,1,T1486
asset_1959,0.9042692805633136,1,0,T1486
asset_1960,0.0033104508115333,0,1,T1486
asset_1961,0.0033104508115333,0,0,T1486
asset_1962,0.0033104508114893,0,0,T1486
asset_1963,0.9042692805633136,1,1,T1486
asset_1964,0.9042692805633136,1,0,T1486
asset_1965,0.9042692805633136,1,0,T1486
asset_1966,0.0033104508114787,0,1,T1486
asset_1967,0.9042692805633136,1,1,T1486
asset_1968,0.0033104508114785,0,0,T1486
asset_1969,0.0033104508115869,0,0,T1486
asset_1970,0.9042692805633136,1,1,T1486
asset_1971,0.9042692805633136,1,0,T1486
asset_1972,0.0033104508115333,0,0,T1486
asset_1973,0.0033104508115294,0,1,T1486
asset_1974,0.9042692805633136,1,0,T1486
asset_1975,0.9042692805633136,1,1,T1486
asset_1976,0.0033104508115333,0,0,T1486
asset_1977,0.0033104508115186,0,0,T1486
asset_1978,0.0033104508115333,0,1,T1486
asset_1979,0.9042692805633136,1,1,T1486
asset_1980,0.9042692805633136,1,1,T1486
asset_1981,0.0033104508115294,0,1,T1486
asset_1982,0.9042692805633136,1,1,T1486
asset_1983,0.9042692805633136,1,0,T1486
asset_1984,0.9042692805633136,1,1,T1486
asset_1985,0.9042692805633136,1,1,T1486
asset_1986,0.0033104508115333,0,0,T1486
asset_1987,0.0034876895567274,0,0,T1486
asset_1988,0.0033104508115333,0,0,T1486
asset_1989,0.0033104508115333,0,0,T1486
asset_1990,0.0033104508115333,0,1,T1486
asset_1991,0.9042692805633136,1,0,T1486
asset_1992,0.9042692805633136,1,1,T1486
asset_1993,0.9042692805633136,1,0,T1486
asset_1994,0.0033104508115309,0,1,T1486
asset_1995,0.0033104508115333,0,0,T1486
asset_1996,0.9042692805633136,1,0,T1486
asset_1997,0.0033104508115309,0,0,T1486
asset_1998,0.0033104508115333,0,0,T1486
asset_1999,0.9042692805633136,1,0,T1486
asset_2000,0.9042692805633136,1,0,T1486
asset_2001,0.9042692805633136,1,0,T1486
asset_2002,0.0033104508115333,0,1,T1486
asset_2003,0.9042692805633136,1,1,T1486
asset_2004,0.0033104508115021,0,0,T1486
asset_2005,0.9042692805633136,1,0,T1486
asset_2006,0.0033104508115333,0,0,T1486
asset_2007,0.0033104508115225,0,1,T1486
asset_2008,0.9042692805633136,1,0,T1486
asset_2009,0.0033104508115333,0,1,T1486
asset_2010,0.0033104508115333,0,0,T1486
asset_2011,0.0033104508115309,0,1,T1486
asset_2012,0.0033104508115333,0,1,T1486
asset_2013,0.9042692805633136,1,0,T1486
asset_2014,0.0033104508115333,0,1,T1486
asset_2015,0.9042692805633136,1,1,T1486
asset_2016,0.0033104508115333,0,1,T1486
asset_2017,0.00334543898181,0,1,T1486
asset_2018,0.0033104508115333,0,1,T1486
asset_2019,0.0033104508115333,0,0,T1486
asset_2020,0.0033104508114785,0,0,T1486
asset_2021,0.0033104508114935,0,0,T1486
asset_2022,0.9042692805633136,1,0,T1486
asset_2023,0.9042692805633136,1,0,T1486
asset_2024,0.9042692805633136,1,1,T1486
asset_2025,0.0033104508115333,0,1,T1486
asset_2026,0.0033104508115333,0,1,T1486
asset_2027,0.0033454389836629,0,1,T1486
asset_2028,0.9042692805633136,1,1,T1486
asset_2029,0.0041206952685782,0,0,T1486
asset_2030,0.0033104508115333,0,1,T1486
asset_2031,0.0033104508115333,0,1,T1486
asset_2032,0.9042692805633136,1,0,T1486
asset_2033,0.0033104508115333,0,1,T1486
asset_2034,0.0033104508115333,0,0,T1486
asset_2035,0.9042692805633136,1,0,T1486
asset_2036,0.9042692805633136,1,0,T1486
asset_2037,0.9042692805633136,1,0,T1486
asset_2038,0.0033104508115333,0,1,T1486
asset_2039,0.9042692805633136,1,0,T1486
asset_2040,0.0033104508115309,0,1,T1486
asset_2041,0.9042692805633136,1,1,T1486
asset_2042,0.9042692805633136,1,0,T1486
asset_2043,0.0033104508115333,0,1,T1486
asset_2044,0.9042692805633136,1,0,T1486
asset_2045,0.0033104508115333,0,0,T1486
asset_2046,0.0033104508115333,0,1,T1486
asset_2047,0.9042692805633136,1,0,T1486
asset_2048,0.0033104508115333,0,0,T1486
asset_2049,0.9042692805633136,1,1,T1486
asset_2050,0.9042692805633136,1,0,T1486
asset_2051,0.0033104508115333,0,0,T1486
asset_2052,0.9042692805633136,1,0,T1486
asset_2053,0.0033104508115333,0,1,T1486
asset_2054,0.0033104508115333,0,1,T1486
asset_2055,0.9042692805633136,1,0,T1486
asset_2056,0.9042692805633136,1,0,T1486
asset_2057,0.0033104508115205,0,1,T1486
asset_2058,0.9042692805633136,1,0,T1486
asset_2059,0.9042692805633136,1,1,T1486
asset_2060,0.9042692805633136,1,1,T1486
asset_2061,0.9042692805633136,1,1,T1486
asset_2062,0.0033104508114508,0,1,T1486
asset_2063,0.9042692805633136,1,1,T1486
asset_2064,0.9042692805633136,1,1,T1486
asset_2065,0.0033104508115333,0,1,T1486
asset_2066,0.0033104499674126,0,1,T1486
asset_2067,0.0033104508115333,0,1,T1486
asset_2068,0.0033104508115225,0,1,T1486
asset_2069,0.0033104508115223,0,1,T1486
asset_2070,0.9042692805633136,1,1,T1486
asset_2071,0.0033104508115205,0,1,T1486
asset_2072,0.0033104508115309,0,0,T1486
asset_2073,0.9042692805633136,1,1,T1486
asset_2074,0.9042692805633136,1,1,T1486
asset_2075,0.0033104508115333,0,0,T1486
asset_2076,0.003310450811466,0,0,T1486
asset_2077,0.9042692805633136,1,1,T1486
asset_2078,0.0033104508115333,0,0,T1486
asset_2079,0.9042692805633136,1,0,T1486
asset_2080,0.0033104508115307,0,1,T1486
asset_2081,0.0033104508114616,0,0,T1486
asset_2082,0.9042692805633136,1,0,T1486
asset_2083,0.0033104508115333,0,1,T1486
asset_2084,0.0033104508115333,0,1,T1486
asset_2085,0.003310450811489,0,1,T1486
asset_2086,0.9042692805633136,1,1,T1486
asset_2087,0.0033104508115205,0,0,T1486
asset_2088,0.9042692805633136,1,0,T1486
asset_2089,0.0033104508115333,0,1,T1486
asset_2090,0.9042692805633136,1,0,T1486
asset_2091,0.9042692805633136,1,0,T1486
asset_2092,0.0033104508115333,0,1,T1486
asset_2093,0.0033104508115225,0,1,T1486
asset_2094,0.0033104508115333,0,1,T1486
asset_2095,0.9042692805633136,1,1,T1486
asset_2096,0.9042692805633136,1,0,T1486
asset_2097,0.9042692805633136,1,0,T1486
asset_2098,0.0033804668626575,0,1,T1486
asset_2099,0.003310445788183,0,1,T1486
asset_2100,0.9042692805633136,1,0,T1486
asset_2101,0.9042692805633136,1,1,T1486
asset_2102,0.0033104508115333,0,1,T1486
asset_2103,0.0033104508115333,0,0,T1486
asset_2104,0.0033104508115333,0,0,T1486
asset_2105,0.9042692805633136,1,0,T1486
asset_2106,0.0033104508115318,0,1,T1486
asset_2107,0.0033104508115309,0,1,T1486
asset_2108,0.9042692805633136,1,1,T1486
asset_2109,0.0033104508115333,0,0,T1486
asset_2110,0.0033104508115333,0,0,T1486
asset_2111,0.0033104508115869,0,0,T1486
asset_2112,0.9042692805633136,1,1,T1486
asset_2113,0.9042692805633136,1,1,T1486
asset_2114,0.9042692805633136,1,0,T1486
asset_2115,0.0033104508115333,0,0,T1486
asset_2116,0.0033104508115333,0,0,T1486
asset_2117,0.0033104508115205,0,0,T1486
asset_2118,0.9042692805633136,1,1,T1486
asset_2119,0.9042692805633136,1,0,T1486
asset_2120,0.9042692805633136,1,1,T1486
asset_2121,0.9042692805633136,1,1,T1486
asset_2122,0.0033104508114616,0,1,T1486
asset_2123,0.9042692805633136,1,0,T1486
asset_2124,0.9042692805633136,1,0,T1486
asset_2125,0.0033104508115333,0,0,T1486
asset_2126,0.9042692805633136,1,0,T1486
asset_2127,0.0033104508115097,0,0,T1486
asset_2128,0.0033104508115205,0,0,T1486
asset_2129,0.9042692805633136,1,0,T1486
asset_2130,0.0033104508115061,0,1,T1486
asset_2131,0.9042692805633136,1,0,T1486
asset_2132,0.0033104508115333,0,1,T1486
asset_2133,0.9042692805633136,1,1,T1486
asset_2134,0.9042692805633136,1,1,T1486
asset_2135,0.0033104508121311,0,0,T1486
asset_2136,0.003310450811489,0,0,T1486
asset_2137,0.9042692805633136,1,1,T1486
asset_2138,0.9042692805633136,1,0,T1486
asset_2139,0.0033104508115333,0,0,T1486
asset_2140,0.9042692805633136,1,0,T1486
asset_2141,0.9042692805633136,1,1,T1486
asset_2142,0.0033104508114623,0,1,T1486
asset_2143,0.0033104508115205,0,0,T1486
asset_2144,0.0033104508115333,0,0,T1486
asset_2145,0.9042692805633136,1,0,T1486
asset_2146,0.9042692805633136,1,1,T1486
asset_2147,0.9042692805633136,1,1,T1486
asset_2148,0.0033104508120232,0,0,T1486
asset_2149,0.9042692805633136,1,1,T1486
asset_2150,0.9042692805633136,1,0,T1486
asset_2151,0.0033104508115333,0,1,T1486
asset_2152,0.9042692805633136,1,0,T1486
asset_2153,0.9042692805633136,1,1,T1486
asset_2154,0.0033104508115061,0,0,T1486
asset_2155,0.9042692805633136,1,1,T1486
asset_2156,0.0033104508115333,0,1,T1486
asset_2157,0.0034876895568891,0,0,T1486
asset_2158,0.0033104508114508,0,0,T1486
asset_2159,0.9042692805633136,1,1,T1486
asset_2160,0.0033104508115333,0,0,T1486
asset_2161,0.9042692805633136,1,1,T1486
asset_2162,0.9042692805633136,1,0,T1486
asset_2163,0.9042692805633136,1,1,T1486
asset_2164,0.0033104508114508,0,1,T1486
asset_2165,0.0033104508115333,0,0,T1486
asset_2166,0.003310450811489,0,0,T1486
asset_2167,0.0033104508115333,0,0,T1486
asset_2168,0.9042692805633136,1,1,T1486
asset_2169,0.9042692805633136,1,0,T1486
asset_2170,0.0033104508115333,0,0,T1486
asset_2171,0.9042692805633136,1,0,T1486
asset_2172,0.0033104508115294,0,0,T1486
asset_2173,0.0033104508115333,0,0,T1486
asset_2174,0.0033104508120334,0,0,T1486
asset_2175,0.0033104508115333,0,0,T1486
asset_2176,0.9042692805633136,1,1,T1486
asset_2177,0.0033104508115294,0,0,T1486
asset_2178,0.0033104490923378,0,0,T1486
asset_2179,0.0033104508115333,0,1,T1486
asset_2180,0.0033104508115333,0,0,T1486
asset_2181,0.9042692805633136,1,1,T1486
asset_2182,0.9042692805633136,1,1,T1486
asset_2183,0.0033104508115318,0,0,T1486
asset_2184,0.9042692805633136,1,0,T1486
asset_2185,0.0033104508115333,0,0,T1486
asset_2186,0.9042692805633136,1,1,T1486
asset_2187,0.9042692805633136,1,1,T1486
asset_2188,0.0033104508117248,0,1,T1486
asset_2189,0.9042692805633136,1,0,T1486
asset_2190,0.9042692805633136,1,0,T1486
asset_2191,0.0033104508115333,0,0,T1486
asset_2192,0.9042692805633136,1,0,T1486
asset_2193,0.0033104508115201,0,1,T1486
asset_2194,0.9042692805633136,1,0,T1486
asset_2195,0.0033104508115333,0,0,T1486
asset_2196,0.0033104508115333,0,1,T1486
asset_2197,0.0033104508114552,0,1,T1486
asset_2198,0.0033104508115284,0,0,T1486
asset_2199,0.9042692805633136,1,1,T1486
asset_2200,0.9042692805633136,1,1,T1486
asset_2201,0.0033104508114785,0,0,T1486
asset_2202,0.0033104508115333,0,1,T1486
asset_2203,0.0033104508115205,0,0,T1486
asset_2204,0.0033104508115061,0,0,T1486
asset_2205,0.9042692805633136,1,0,T1486
asset_2206,0.9042692805633136,1,0,T1486
asset_2207,0.9042692805633136,1,0,T1486
asset_2208,0.9042692805633136,1,1,T1486
asset_2209,0.9042692805633136,1,1,T1486
asset_2210,0.9042692805633136,1,1,T1486
asset_2211,0.0033104508115333,0,0,T1486
asset_2212,0.9042692805633136,1,0,T1486
asset_2213,0.0037873349811709,0,0,T1486
asset_2214,0.9042692805633136,1,0,T1486
asset_2215,0.9042692805633136,1,1,T1486
asset_2216,0.0037873349811709,0,1,T1486
asset_2217,0.9042692805633136,1,1,T1486
asset_2218,0.9042692805633136,1,0,T1486
asset_2219,0.9042692805633136,1,0,T1486
asset_2220,0.0033104508115333,0,0,T1486
asset_2221,0.9042692805633136,1,1,T1486
asset_2222,0.0033104508115225,0,0,T1486
asset_2223,0.0033104508115333,0,0,T1486
asset_2224,0.0033104508114933,0,0,T1486
asset_2225,0.9042692805633136,1,0,T1486
asset_2226,0.9042692805633136,1,0,T1486
asset_2227,0.9042692805633136,1,0,T1486
asset_2228,0.9042692805633136,1,0,T1486
asset_2229,0.0033104508115294,0,0,T1486
asset_2230,0.0033104508115201,0,1,T1486
asset_2231,0.9042692805633136,1,1,T1486
asset_2232,0.0033104508115333,0,1,T1486
asset_2233,0.0033104508115333,0,1,T1486
asset_2234,0.9042692805633136,1,1,T1486
asset_2235,0.9042692805633136,1,1,T1486
asset_2236,0.0033104508115333,0,0,T1486
asset_2237,0.9042692805633136,1,0,T1486
asset_2238,0.0033104508115333,0,1,T1486
asset_2239,0.9042692805633136,1,1,T1486
asset_2240,0.0033104508115185,0,0,T1486
asset_2241,0.0033104508115333,0,0,T1486
asset_2242,0.0033104508115333,0,1,T1486
asset_2243,0.0033104508115333,0,1,T1486
asset_2244,0.9042692805633136,1,0,T1486
asset_2245,0.9042692805633136,1,0,T1486
asset_2246,0.9042692805633136,1,1,T1486
asset_2247,0.9042692805633136,1,0,T1486
asset_2248,0.0033104508115333,0,1,T1486
asset_2249,0.9042692805633136,1,1,T1486
asset_2250,0.9042692805633136,1,1,T1486
asset_2251,0.0033104508115333,0,0,T1486
asset_2252,0.9042692805633136,1,0,T1486
asset_2253,0.0033104508115333,0,1,T1486
asset_2254,0.0033104508114508,0,1,T1486
asset_2255,0.9042692805633136,1,0,T1486
asset_2256,0.0033104508115309,0,0,T1486
asset_2257,0.9042692805633136,1,1,T1486
asset_2258,0.9042692805633136,1,0,T1486
asset_2259,0.0033104508115333,0,1,T1486
asset_2260,0.0033104508115333,0,1,T1486
asset_2261,0.0033104508115294,0,0,T1486
asset_2262,0.0033104508115333,0,0,T1486
asset_2263,0.0033104508115333,0,1,T1486
asset_2264,0.9042692805633136,1,1,T1486
asset_2265,0.9042692805633136,1,0,T1486
asset_2266,0.9042692805633136,1,1,T1486
asset_2267,0.9042692805633136,1,1,T1486
asset_2268,0.9042692805633136,1,0,T1486
asset_2269,0.9042692805633136,1,0,T1486
asset_2270,0.0033104508115333,0,0,T1486
asset_2271,0.9042692805633136,1,1,T1486
asset_2272,0.9042692805633136,1,0,T1486
asset_2273,0.9042692805633136,1,0,T1486
asset_2274,0.9042692805633136,1,0,T1486
asset_2275,0.0033104508115333,0,0,T1486
asset_2276,0.0033104508115333,0,0,T1486
asset_2277,0.9042692805633136,1,1,T1486
asset_2278,0.9042692805633136,1,0,T1486
asset_2279,0.0033104508115318,0,1,T1486
asset_2280,0.9042692805633136,1,1,T1486
asset_2281,0.9042692805633136,1,1,T1486
asset_2282,0.0033104508115284,0,0,T1486
asset_2283,0.9042692805633136,1,1,T1486
asset_2284,0.0033104508114508,0,1,T1486
asset_2285,0.0033104508115333,0,1,T1486
asset_2286,0.0033104508115333,0,0,T1486
asset_2287,0.9042692805633136,1,0,T1486
asset_2288,0.0033104508115333,0,1,T1486
asset_2289,0.0033104508115333,0,1,T1486
asset_2290,0.9042692805633136,1,0,T1486
asset_2291,0.0033104508115309,0,0,T1486
asset_2292,0.9042692805633136,1,1,T1486
asset_2293,0.9042692805633136,1,0,T1486
asset_2294,0.9042692805633136,1,1,T1486
asset_2295,0.0033104508115869,0,1,T1486
asset_2296,0.0033104508115225,0,1,T1486
asset_2297,0.0033104508115333,0,0,T1486
asset_2298,0.0033104508115869,0,0,T1486
asset_2299,0.0033104508115333,0,1,T1486
asset_2300,0.0033104508115293,0,1,T1486
asset_2301,0.9042692805633136,1,1,T1486
asset_2302,0.0033104508115333,0,1,T1486
asset_2303,0.9042692805633136,1,1,T1486
asset_2304,0.9042692805633136,1,1,T1486
asset_2305,0.9042692805633136,1,1,T1486
asset_2306,0.9042692805633136,1,0,T1486
asset_2307,0.9042692805633136,1,0,T1486
asset_2308,0.0033104508115309,0,0,T1486
asset_2309,0.9042692805633136,1,1,T1486
asset_2310,0.9042692805633136,1,1,T1486
asset_2311,0.0033104508115333,0,0,T1486
asset_2312,0.9042692805633136,1,0,T1486
asset_2313,0.0033104508115058,0,0,T1486
asset_2314,0.0033454904089115,0,1,T1486
asset_2315,0.9042692805633136,1,1,T1486
asset_2316,0.0033104508114664,0,1,T1486
asset_2317,0.9042692805633136,1,0,T1486
asset_2318,0.9042692805633136,1,1,T1486
asset_2319,0.0033104508115333,0,0,T1486
asset_2320,0.0033104508115333,0,1,T1486
asset_2321,0.0033104508115309,0,0,T1486
asset_2322,0.9042692805633136,1,1,T1486
asset_2323,0.0033104508115333,0,1,T1486
asset_2324,0.0033104508115333,0,0,T1486
asset_2325,0.9042692805633136,1,0,T1486
asset_2326,0.0033104508115333,0,1,T1486
asset_2327,0.9042692805633136,1,0,T1486
asset_2328,0.0033104508115333,0,0,T1486
asset_2329,0.9042692805633136,1,0,T1486
asset_2330,0.0033104508115333,0,0,T1486
asset_2331,0.0033104508115333,0,0,T1486
asset_2332,0.9042692805633136,1,0,T1486
asset_2333,0.003310450811489,0,1,T1486
asset_2334,0.9042692805633136,1,0,T1486
asset_2335,0.9042692805633136,1,0,T1486
asset_2336,0.003310450811489,0,0,T1486
asset_2337,0.0033104508114889,0,0,T1486
asset_2338,0.0033104508115868,0,0,T1486
asset_2339,0.9042692805633136,1,0,T1486
asset_2340,0.0033104508115333,0,0,T1486
asset_2341,0.9042692805633136,1,1,T1486
asset_2342,0.0033104508115333,0,0,T1486
asset_2343,0.9042692805633136,1,1,T1486
asset_2344,0.9042692805633136,1,1,T1486
asset_2345,0.0033104508115333,0,1,T1486
asset_2346,0.0033104508115333,0,0,T1486
asset_2347,0.9042692805633136,1,1,T1486
asset_2348,0.9042692805633136,1,1,T1486
asset_2349,0.9042692805633136,1,1,T1486
asset_2350,0.0033104508115333,0,0,T1486
asset_2351,0.0033104508115309,0,1,T1486
asset_2352,0.9042692805633136,1,1,T1486
asset_2353,0.9042692805633136,1,0,T1486
asset_2354,0.0033104508115333,0,0,T1486
asset_2355,0.9042692805633136,1,1,T1486
asset_2356,0.9042692805633136,1,1,T1486
asset_2357,0.9042692805633136,1,1,T1486
asset_2358,0.0033104508117248,0,0,T1486
asset_2359,0.0033104508117248,0,1,T1486
asset_2360,0.9042692805633136,1,0,T1486
asset_2361,0.9042692805633136,1,0,T1486
asset_2362,0.0033104508115333,0,1,T1486
asset_2363,0.9042692805633136,1,1,T1486
asset_2364,0.9042692805633136,1,0,T1486
asset_2365,0.9042692805633136,1,1,T1486
asset_2366,0.0033104508115271,0,0,T1486
asset_2367,0.9042692805633136,1,1,T1486
asset_2368,0.9042692805633136,1,0,T1486
asset_2369,0.0033104508115333,0,1,T1486
asset_2370,0.9042692805633136,1,0,T1486
asset_2371,0.0033104508115333,0,1,T1486
asset_2372,0.9042692805633136,1,0,T1486
asset_2373,0.0033104508114618,0,1,T1486
asset_2374,0.0033104508115146,0,1,T1486
asset_2375,0.9042692805633136,1,1,T1486
asset_2376,0.0033104508115869,0,1,T1486
asset_2377,0.0033104508115333,0,1,T1486
asset_2378,0.9042692805633136,1,1,T1486
asset_2379,0.0033104508115012,0,0,T1486
asset_2380,0.0033104508115225,0,1,T1486
asset_2381,0.0033104508115293,0,1,T1486
asset_2382,0.9042692805633136,1,1,T1486
asset_2383,0.9042692805633136,1,0,T1486
asset_2384,0.9042692805633136,1,1,T1486
asset_2385,0.0033104508115333,0,1,T1486
asset_2386,0.9042692805633136,1,0,T1486
asset_2387,0.9042692805633136,1,0,T1486
asset_2388,0.9042692805633136,1,0,T1486
asset_2389,0.9042692805633136,1,1,T1486
asset_2390,0.0033104508115333,0,1,T1486
asset_2391,0.0033104508115167,0,1,T1486
asset_2392,0.9042692805633136,1,1,T1486
asset_2393,0.9042692805633136,1,1,T1486
asset_2394,0.9042692805633136,1,1,T1486
asset_2395,0.9042692805633136,1,0,T1486
asset_2396,0.003345437170895,0,0,T1486
asset_2397,0.0033104508115333,0,1,T1486
asset_2398,0.0033104508115333,0,1,T1486
asset_2399,0.0033104508115333,0,1,T1486
asset_2400,0.9042692805633136,1,0,T1486
asset_2401,0.0033104508115309,0,0,T1486
asset_2402,0.0033104508115333,0,0,T1486
asset_2403,0.9042692805633136,1,0,T1486
asset_2404,0.0033104508115333,0,0,T1486
asset_2405,0.0033104508115333,0,0,T1486
asset_2406,0.9042692805633136,1,0,T1486
asset_2407,0.9042692805633136,1,1,T1486
asset_2408,0.9042692805633136,1,0,T1486
asset_2409,0.0033104508115869,0,1,T1486
asset_2410,0.9042692805633136,1,0,T1486
asset_2411,0.0033104508115248,0,0,T1486
asset_2412,0.9042692805633136,1,1,T1486
asset_2413,0.0033104508115333,0,0,T1486
asset_2414,0.0033104508115333,0,1,T1486
asset_2415,0.9042692805633136,1,1,T1486
asset_2416,0.9042692805633136,1,0,T1486
asset_2417,0.003345437918551,0,1,T1486
asset_2418,0.0033104508115843,0,0,T1486
asset_2419,0.0033104508115333,0,1,T1486
asset_2420,0.9042692805633136,1,0,T1486
asset_2421,0.0033104508115868,0,1,T1486
asset_2422,0.9042692805633136,1,1,T1486
asset_2423,0.9042692805633136,1,1,T1486
asset_2424,0.0033104508115333,0,0,T1486
asset_2425,0.9042692805633136,1,0,T1486
asset_2426,0.0033104508115205,0,1,T1486
asset_2427,0.9042692805633136,1,0,T1486
asset_2428,0.0033104508114895,0,1,T1486
asset_2429,0.9042692805633136,1,1,T1486
asset_2430,0.0033104508115333,0,1,T1486
asset_2431,0.0033104508115333,0,0,T1486
asset_2432,0.9042692805633136,1,1,T1486
asset_2433,0.9042692805633136,1,0,T1486
asset_2434,0.9042692805633136,1,0,T1486
asset_2435,0.0033104508115333,0,1,T1486
asset_2436,0.0033104508115333,0,0,T1486
asset_2437,0.0033104508115205,0,1,T1486
asset_2438,0.0033454904089115,0,0,T1486
asset_2439,0.9042692805633136,1,0,T1486
asset_2440,0.9042692805633136,1,0,T1486
asset_2441,0.9042692805633136,1,0,T1486
asset_2442,0.9042692805633136,1,0,T1486
asset_2443,0.9042692805633136,1,1,T1486
asset_2444,0.9042692805633136,1,0,T1486
asset_2445,0.9042692805633136,1,1,T1486
asset_2446,0.003310450811576,0,1,T1486
asset_2447,0.9042692805633136,1,0,T1486
asset_2448,0.9042692805633136,1,0,T1486
asset_2449,0.9042692805633136,1,0,T1486
asset_2450,0.0033104508115333,0,1,T1486
asset_2451,0.0033104508115333,0,1,T1486
asset_2452,0.0033104508114618,0,0,T1486
asset_2453,0.9042692805633136,1,0,T1486
asset_2454,0.9042692805633136,1,1,T1486
asset_2455,0.9042692805633136,1,0,T1486
asset_2456,0.9042692805633136,1,1,T1486
asset_2457,0.9042692805633136,1,0,T1486
asset_2458,0.9042692805633136,1,1,T1486
asset_2459,0.9042692805633136,1,1,T1486
asset_2460,0.9042692805633136,1,1,T1486
asset_2461,0.0033104508115333,0,1,T1486
asset_2462,0.9042692805633136,1,1,T1486
asset_2463,0.9042692805633136,1,1,T1486
asset_2464,0.0033104508115205,0,0,T1486
asset_2465,0.9042692805633136,1,0,T1486
asset_2466,0.0033104508115271,0,0,T1486
asset_2467,0.9042692805633136,1,0,T1486
asset_2468,0.0033104508115333,0,0,T1486
asset_2469,0.0033104508115333,0,0,T1486
asset_2470,0.9042692805633136,1,1,T1486
asset_2471,0.9042692805633136,1,0,T1486
asset_2472,0.9042692805633136,1,0,T1486
asset_2473,0.9042692805633136,1,0,T1486
asset_2474,0.0033104508115333,0,1,T1486
asset_2475,0.9042692805633136,1,0,T1486
asset_2476,0.9042692805633136,1,0,T1486
asset_2477,0.0033104508115205,0,0,T1486
asset_2478,0.0033104508115333,0,0,T1486
asset_2479,0.9042692805633136,1,0,T1486
asset_2480,0.0033104508115333,0,1,T1486
asset_2481,0.9042692805633136,1,0,T1486
asset_2482,0.0033104508114895,0,1,T1486
asset_2483,0.9042692805633136,1,1,T1486
asset_2484,0.9042692805633136,1,1,T1486
asset_2485,0.9042692805633136,1,0,T1486
asset_2486,0.0033104508114618,0,0,T1486
asset_2487,0.9042692805633136,1,0,T1486
asset_2488,0.0033104508115333,0,1,T1486
asset_2489,0.0033104508115333,0,1,T1486
asset_2490,0.9042692805633136,1,0,T1486
asset_2491,0.0033804806989038,0,1,T1486
asset_2492,0.9042692805633136,1,0,T1486
asset_2493,0.9042692805633136,1,0,T1486
asset_2494,0.9042692805633136,1,1,T1486
asset_2495,0.9042692805633136,1,1,T1486
asset_2496,0.0033104508115061,0,0,T1486
asset_2497,0.0033104508115333,0,0,T1486
asset_2498,0.0033104508115185,0,0,T1486
asset_2499,0.0033104508115097,0,0,T1486
asset_2500,0.003310450811523,0,1,T1486
asset_2501,0.9042692805633136,1,0,T1486
asset_2502,0.0033454389836629,0,1,T1486
asset_2503,0.0033104508115309,0,1,T1486
asset_2504,0.9042692805633136,1,0,T1486
asset_2505,0.0033104508115309,0,1,T1486
asset_2506,0.0033104508115333,0,1,T1486
asset_2507,0.0033104508115333,0,0,T1486
asset_2508,0.0033104508115333,0,0,T1486
asset_2509,0.0033104508115333,0,0,T1486
asset_2510,0.0033104508115333,0,1,T1486
asset_2511,0.0033104508115309,0,1,T1486
asset_2512,0.0033104508115333,0,1,T1486
asset_2513,0.9042692805633136,1,1,T1486
asset_2514,0.0033454389817491,0,1,T1486
asset_2515,0.9042692805633136,1,0,T1486
asset_2516,0.0033104508115333,0,1,T1486
asset_2517,0.0033804806999925,0,0,T1486
asset_2518,0.9042692805633136,1,1,T1486
asset_2519,0.0033104508115205,0,1,T1486
asset_2520,0.0033104508115868,0,1,T1486
asset_2521,0.0033104508114933,0,1,T1486
asset_2522,0.0033104508115205,0,1,T1486
asset_2523,0.9042692805633136,1,0,T1486
asset_2524,0.0033104462285538,0,0,T1486
asset_2525,0.9042692805633136,1,1,T1486
asset_2526,0.0033104508115097,0,0,T1486
asset_2527,0.0033104508115271,0,0,T1486
asset_2528,0.003310450811489,0,0,T1486
asset_2529,0.0033104508115318,0,0,T1486
asset_2530,0.9042692805633136,1,1,T1486
asset_2531,0.0033104508115333,0,0,T1486
asset_2532,0.9042692805633136,1,0,T1486
asset_2533,0.0033104508115333,0,0,T1486
asset_2534,0.9042692805633136,1,1,T1486
asset_2535,0.9042692805633136,1,0,T1486
asset_2536,0.0033104508115333,0,0,T1486
asset_2537,0.9042692805633136,1,1,T1486
asset_2538,0.0033104508115333,0,0,T1486
asset_2539,0.0033104508115307,0,1,T1486
asset_2540,0.0033104508115333,0,0,T1486
asset_2541,0.9042692805633136,1,1,T1486
asset_2542,0.9042692805633136,1,0,T1486
asset_2543,0.0033104508115318,0,0,T1486
asset_2544,0.0033104508114889,0,0,T1486
asset_2545,0.9042692805633136,1,0,T1486
asset_2546,0.9042692805633136,1,0,T1486
asset_2547,0.9042692805633136,1,0,T1486
asset_2548,0.003310448584853,0,0,T1486
asset_2549,0.9042692805633136,1,0,T1486
asset_2550,0.9042692805633136,1,0,T1486
asset_2551,0.9042692805633136,1,1,T1486
asset_2552,0.9042692805633136,1,1,T1486
asset_2553,0.0033104508115333,0,1,T1486
asset_2554,0.9042692805633136,1,1,T1486
asset_2555,0.9042692805633136,1,0,T1486
asset_2556,0.9042692805633136,1,1,T1486
asset_2557,0.9042692805633136,1,0,T1486
asset_2558,0.0033104508115333,0,1,T1486
asset_2559,0.9042692805633136,1,0,T1486
asset_2560,0.0033104508115333,0,0,T1486
asset_2561,0.9042692805633136,1,1,T1486
asset_2562,0.0033104508115333,0,1,T1486
asset_2563,0.0033104508115333,0,0,T1486
asset_2564,0.0033104508114616,0,0,T1486
asset_2565,0.9042692805633136,1,1,T1486
asset_2566,0.9042692805633136,1,0,T1486
asset_2567,0.9042692805633136,1,1,T1486
asset_2568,0.0033104508115333,0,1,T1486
asset_2569,0.0033104508115868,0,1,T1486
asset_2570,0.0033104508115333,0,0,T1486
asset_2571,0.9042692805633136,1,1,T1486
asset_2572,0.0033104508115333,0,1,T1486
asset_2573,0.9042692805633136,1,0,T1486
asset_2574,0.9042692805633136,1,0,T1486
asset_2575,0.9042692805633136,1,1,T1486
asset_2576,0.9042692805633136,1,1,T1486
asset_2577,0.0033104508115186,0,1,T1486
asset_2578,0.9042692805633136,1,1,T1486
asset_2579,0.0033104508115333,0,0,T1486
asset_2580,0.0033104508115333,0,0,T1486
asset_2581,0.9042692805633136,1,0,T1486
asset_2582,0.9042692805633136,1,0,T1486
asset_2583,0.9042692805633136,1,0,T1486
asset_2584,0.0033104499683465,0,1,T1486
asset_2585,0.9042692805633136,1,0,T1486
asset_2586,0.9042692805633136,1,0,T1486
asset_2587,0.0033104508115333,0,0,T1486
asset_2588,0.0033104508114508,0,0,T1486
asset_2589,0.9042692805633136,1,1,T1486
asset_2590,0.9042692805633136,1,0,T1486
asset_2591,0.0033104508114935,0,0,T1486
asset_2592,0.0033104508115333,0,0,T1486
asset_2593,0.9042692805633136,1,1,T1486
asset_2594,0.0033104508115333,0,0,T1486
asset_2595,0.9042692805633136,1,1,T1486
asset_2596,0.9042692805633136,1,1,T1486
asset_2597,0.9042692805633136,1,0,T1486
asset_2598,0.9042692805633136,1,0,T1486
asset_2599,0.9042692805633136,1,0,T1486
asset_2600,0.0033104508115333,0,1,T1486
asset_2601,0.9042692805633136,1,1,T1486
asset_2602,0.0033104508115201,0,1,T1486
asset_2603,0.9042692805633136,1,1,T1486
asset_2604,0.0033104508115309,0,0,T1486
asset_2605,0.0033104508115333,0,0,T1486
asset_2606,0.0033104508115333,0,1,T1486
asset_2607,0.9042692805633136,1,1,T1486
asset_2608,0.0033104508115333,0,1,T1486
asset_2609,0.9042692805633136,1,0,T1486
asset_2610,0.9042692805633136,1,0,T1486
asset_2611,0.9042692805633136,1,1,T1486
asset_2612,0.0033104508115099,0,1,T1486
asset_2613,0.9042692805633136,1,1,T1486
asset_2614,0.0033104508115784,0,0,T1486
asset_2615,0.0033104508115333,0,1,T1486
asset_2616,0.9042692805633136,1,1,T1486
asset_2617,0.9042692805633136,1,1,T1486
asset_2618,0.0033104508114856,0,1,T1486
asset_2619,0.9042692805633136,1,0,T1486
asset_2620,0.9042692805633136,1,0,T1486
asset_2621,0.0033104508115333,0,0,T1486
asset_2622,0.9042692805633136,1,0,T1486
asset_2623,0.9042692805633136,1,0,T1486
asset_2624,0.0033104361263645,0,0,T1486
asset_2625,0.0038345488388173,0,0,T1486
asset_2626,0.0033104508115333,0,0,T1486
asset_2627,0.9042692805633136,1,0,T1486
asset_2628,0.0033104508115225,0,0,T1486
asset_2629,0.0033104508115333,0,0,T1486
asset_2630,0.0033104508115293,0,0,T1486
asset_2631,0.0033104508115333,0,1,T1486
asset_2632,0.9042692805633136,1,0,T1486
asset_2633,0.9042692805633136,1,0,T1486
asset_2634,0.9042692805633136,1,0,T1486
asset_2635,0.0033104508115333,0,0,T1486
asset_2636,0.9042692805633136,1,1,T1486
asset_2637,0.0033104508115333,0,0,T1486
asset_2638,0.0033104508115333,0,1,T1486
asset_2639,0.9042692805633136,1,1,T1486
asset_2640,0.0033104508115868,0,0,T1486
asset_2641,0.9042692805633136,1,1,T1486
asset_2642,0.9042692805633136,1,0,T1486
asset_2643,0.0033104508114935,0,1,T1486
asset_2644,0.9042692805633136,1,0,T1486
asset_2645,0.0033104508115333,0,1,T1486
asset_2646,0.0033104508115309,0,1,T1486
asset_2647,0.0033104508115293,0,1,T1486
asset_2648,0.9042692805633136,1,1,T1486
asset_2649,0.9042692805633136,1,0,T1486
asset_2650,0.0033104508115318,0,1,T1486
asset_2651,0.0033104508115333,0,0,T1486
asset_2652,0.0033104508115333,0,0,T1486
asset_2653,0.9042692805633136,1,0,T1486
asset_2654,0.9042692805633136,1,0,T1486
asset_2655,0.9042692805633136,1,1,T1486
asset_2656,0.0033104508115333,0,1,T1486
asset_2657,0.9042692805633136,1,0,T1486
asset_2658,0.0033104508115333,0,1,T1486
asset_2659,0.9042692805633136,1,1,T1486
asset_2660,0.9042692805633136,1,0,T1486
asset_2661,0.9042692805633136,1,1,T1486
asset_2662,0.9042692805633136,1,0,T1486
asset_2663,0.9042692805633136,1,0,T1486
asset_2664,0.0033104508115333,0,0,T1486
asset_2665,0.0033104508115333,0,1,T1486
asset_2666,0.9042692805633136,1,0,T1486
asset_2667,0.9042692805633136,1,1,T1486
asset_2668,0.9042692805633136,1,0,T1486
asset_2669,0.9042692805633136,1,0,T1486
asset_2670,0.9042692805633136,1,0,T1486
asset_2671,0.0033104508115333,0,1,T1486
asset_2672,0.0033104508115333,0,0,T1486
asset_2673,0.9042692805633136,1,0,T1486
asset_2674,0.0033104508114677,0,1,T1486
asset_2675,0.9042692805633136,1,1,T1486
asset_2676,0.0033104508115333,0,0,T1486
asset_2677,0.9042692805633136,1,0,T1486
asset_2678,0.0033104508115225,0,0,T1486
asset_2679,0.9042692805633136,1,0,T1486
asset_2680,0.0033104508115333,0,0,T1486
asset_2681,0.0033104508115333,0,0,T1486
asset_2682,0.9042692805633136,1,0,T1486
asset_2683,0.0033104508115225,0,0,T1486
asset_2684,0.9042692805633136,1,1,T1486
asset_2685,0.0033104508115333,0,0,T1486
asset_2686,0.0033104508115333,0,0,T1486
asset_2687,0.9042692805633136,1,0,T1486
asset_2688,0.0033104508115333,0,1,T1486
asset_2689,0.9042692805633136,1,0,T1486
asset_2690,0.0033104508115333,0,0,T1486
asset_2691,0.9042692805633136,1,1,T1486
asset_2692,0.0033104508115333,0,0,T1486
asset_2693,0.9042692805633136,1,1,T1486
asset_2694,0.9042692805633136,1,1,T1486
asset_2695,0.0033104508114508,0,0,T1486
asset_2696,0.9042692805633136,1,1,T1486
asset_2697,0.003310450812075,0,0,T1486
asset_2698,0.0033104508115333,0,0,T1486
asset_2699,0.0033104508115333,0,0,T1486
asset_2700,0.0033104508115333,0,0,T1486
asset_2701,0.0033104508115333,0,0,T1486
asset_2702,0.0033104508115869,0,1,T1486
asset_2703,0.0033104508115333,0,1,T1486
asset_2704,0.0033104508115309,0,1,T1486
asset_2705,0.9042692805633136,1,0,T1486
asset_2706,0.9042692805633136,1,0,T1486
asset_2707,0.0033104508115868,0,1,T1486
asset_2708,0.0033104508114623,0,0,T1486
asset_2709,0.0033104508115333,0,1,T1486
asset_2710,0.9042692805633136,1,0,T1486
asset_2711,0.0033104508115333,0,1,T1486
asset_2712,0.0033104508115333,0,1,T1486
asset_2713,0.9042692805633136,1,0,T1486
asset_2714,0.0033104508115012,0,0,T1486
asset_2715,0.9042692805633136,1,1,T1486
asset_2716,0.9042692805633136,1,0,T1486
asset_2717,0.9042692805633136,1,0,T1486
asset_2718,0.003310450811466,0,0,T1486
asset_2719,0.0033104508115868,0,1,T1486
asset_2720,0.0033104508115869,0,1,T1486
asset_2721,0.9042692805633136,1,1,T1486
asset_2722,0.9042692805633136,1,1,T1486
asset_2723,0.0033104508115205,0,0,T1486
asset_2724,0.0033104508115333,0,0,T1486
asset_2725,0.9042692805633136,1,1,T1486
asset_2726,0.9042692805633136,1,0,T1486
asset_2727,0.0033104508114893,0,0,T1486
asset_2728,0.9042692805633136,1,1,T1486
asset_2729,0.0033104508115309,0,0,T1486
asset_2730,0.9042692805633136,1,0,T1486
asset_2731,0.9042692805633136,1,1,T1486
asset_2732,0.0033104508115333,0,1,T1486
asset_2733,0.0033104508115333,0,0,T1486
asset_2734,0.9042692805633136,1,1,T1486
asset_2735,0.0033104508115333,0,1,T1486
asset_2736,0.003310450811489,0,1,T1486
asset_2737,0.9042692805633136,1,0,T1486
asset_2738,0.9042692805633136,1,1,T1486
asset_2739,0.0033104508115333,0,1,T1486
asset_2740,0.9042692805633136,1,0,T1486
asset_2741,0.9042692805633136,1,1,T1486
asset_2742,0.9042692805633136,1,0,T1486
asset_2743,0.0033104508115333,0,0,T1486
asset_2744,0.0033104508115309,0,1,T1486
asset_2745,0.9042692805633136,1,0,T1486
asset_2746,0.9042692805633136,1,0,T1486
asset_2747,0.0033104508115333,0,0,T1486
asset_2748,0.0033104508115333,0,0,T1486
asset_2749,0.9042692805633136,1,0,T1486
asset_2750,0.0033104508114785,0,0,T1486
asset_2751,0.0033104508115061,0,0,T1486
asset_2752,0.9042692805633136,1,0,T1486
asset_2753,0.9042692805633136,1,1,T1486
asset_2754,0.0033104508115333,0,0,T1486
asset_2755,0.9042692805633136,1,1,T1486
asset_2756,0.0033104508115333,0,0,T1486
asset_2757,0.0033104508115294,0,1,T1486
asset_2758,0.9042692805633136,1,1,T1486
asset_2759,0.9042692805633136,1,1,T1486
asset_2760,0.0033104508115061,0,1,T1486
asset_2761,0.9042692805633136,1,0,T1486
asset_2762,0.9042692805633136,1,1,T1486
asset_2763,0.9042692805633136,1,0,T1486
asset_2764,0.0033104508115333,0,1,T1486
asset_2765,0.9042692805633136,1,0,T1486
asset_2766,0.0033104508115333,0,0,T1486
asset_2767,0.0033104508115333,0,0,T1486
asset_2768,0.0033104508115333,0,0,T1486
asset_2769,0.0033104508115309,0,1,T1486
asset_2770,0.9042692805633136,1,1,T1486
asset_2771,0.9042692805633136,1,1,T1486
asset_2772,0.9042692805633136,1,0,T1486
asset_2773,0.9042692805633136,1,0,T1486
asset_2774,0.9042692805633136,1,0,T1486
asset_2775,0.9042692805633136,1,1,T1486
asset_2776,0.9042692805633136,1,1,T1486
asset_2777,0.0033104508115333,0,0,T1486
asset_2778,0.9042692805633136,1,0,T1486
asset_2779,0.9042692805633136,1,1,T1486
asset_2780,0.9042692805633136,1,1,T1486
asset_2781,0.0033104508115061,0,0,T1486
asset_2782,0.0033104508129547,0,0,T1486
asset_2783,0.0033104508115049,0,1,T1486
asset_2784,0.9042692805633136,1,0,T1486
asset_2785,0.0033104508115333,0,1,T1486
asset_2786,0.0033104508115294,0,1,T1486
asset_2787,0.9042692805633136,1,0,T1486
asset_2788,0.9042692805633136,1,0,T1486
asset_2789,0.0033104508115333,0,1,T1486
asset_2790,0.0033104508115333,0,1,T1486
asset_2791,0.9042692805633136,1,0,T1486
asset_2792,0.0033104508115333,0,0,T1486
asset_2793,0.0033104508115333,0,0,T1486
asset_2794,0.0033104508115333,0,0,T1486
asset_2795,0.9042692805633136,1,0,T1486
asset_2796,0.9042692805633136,1,0,T1486
asset_2797,0.9042692805633136,1,1,T1486
asset_2798,0.0033104508115333,0,0,T1486
asset_2799,0.0033104508115869,0,1,T1486
asset_2800,0.0033104508115293,0,0,T1486
asset_2801,0.9042692805633136,1,1,T1486
asset_2802,0.0033104508115333,0,1,T1486
asset_2803,0.0033104508115333,0,0,T1486
asset_2804,0.9042692805633136,1,0,T1486
asset_2805,0.0033104508115333,0,0,T1486
asset_2806,0.0033104508115309,0,1,T1486
asset_2807,0.9042692805633136,1,1,T1486
asset_2808,0.0033104499672667,0,1,T1486
asset_2809,0.9042692805633136,1,1,T1486
asset_2810,0.9042692805633136,1,1,T1486
asset_2811,0.0033104508115271,0,0,T1486
asset_2812,0.0033104508114893,0,0,T1486
asset_2813,0.9042692805633136,1,0,T1486
asset_2814,0.9042692805633136,1,1,T1486
asset_2815,0.0033104499673624,0,0,T1486
asset_2816,0.9042692805633136,1,1,T1486
asset_2817,0.9042692805633136,1,0,T1486
asset_2818,0.9042692805633136,1,0,T1486
asset_2819,0.9042692805633136,1,0,T1486
asset_2820,0.9042692805633136,1,0,T1486
asset_2821,0.0033104508115294,0,1,T1486
asset_2822,0.9042692805633136,1,1,T1486
asset_2823,0.9042692805633136,1,0,T1486
asset_2824,0.9042692805633136,1,1,T1486
asset_2825,0.0033104508115333,0,1,T1486
asset_2826,0.003310450811466,0,1,T1486
asset_2827,0.0033104477866214,0,1,T1486
asset_2828,0.0033104508115293,0,1,T1486
asset_2829,0.0033104508114508,0,0,T1486
asset_2830,0.9042692805633136,1,0,T1486
asset_2831,0.0033104508115186,0,0,T1486
asset_2832,0.9042692805633136,1,1,T1486
asset_2833,0.0033104508115333,0,1,T1486
asset_2834,0.9042692805633136,1,0,T1486
asset_2835,0.9042692805633136,1,0,T1486
asset_2836,0.9042692805633136,1,0,T1486
asset_2837,0.9042692805633136,1,0,T1486
asset_2838,0.9042692805633136,1,0,T1486
asset_2839,0.9042692805633136,1,0,T1486
asset_2840,0.9042692805633136,1,1,T1486
asset_2841,0.0033104508115333,0,1,T1486
asset_2842,0.9042692805633136,1,1,T1486
asset_2843,0.9042692805633136,1,1,T1486
asset_2844,0.0033104508115333,0,0,T1486
asset_2845,0.9042692805633136,1,1,T1486
asset_2846,0.0033104508115869,0,0,T1486
asset_2847,0.9042692805633136,1,0,T1486
asset_2848,0.0033104508115205,0,1,T1486
asset_2849,0.9042692805633136,1,0,T1486
asset_2850,0.9042692805633136,1,1,T1486
asset_2851,0.9042692805633136,1,0,T1486
asset_2852,0.0033104508115333,0,1,T1486
asset_2853,0.9042692805633136,1,0,T1486
asset_2854,0.9042692805633136,1,1,T1486
asset_2855,0.9042692805633136,1,0,T1486
asset_2856,0.9042692805633136,1,1,T1486
asset_2857,0.9042692805633136,1,0,T1486
asset_2858,0.003310450811489,0,1,T1486
asset_2859,0.003345489346825,0,0,T1486
asset_2860,0.9042692805633136,1,0,T1486
asset_2861,0.9042692805633136,1,1,T1486
asset_2862,0.0033104508115294,0,1,T1486
asset_2863,0.9042692805633136,1,0,T1486
asset_2864,0.9042692805633136,1,1,T1486
asset_2865,0.003310445788183,0,1,T1486
asset_2866,0.0033104508115333,0,0,T1486
asset_2867,0.9042692805633136,1,0,T1486
asset_2868,0.00334543898181,0,1,T1486
asset_2869,0.0033104508115333,0,0,T1486
asset_2870,0.9042692805633136,1,0,T1486
asset_2871,0.9042692805633136,1,1,T1486
asset_2872,0.0033104508115294,0,1,T1486
asset_2873,0.9042692805633136,1,0,T1486
asset_2874,0.9042692805633136,1,0,T1486
asset_2875,0.003310450811489,0,1,T1486
asset_2876,0.0033104508115333,0,1,T1486
asset_2877,0.9042692805633136,1,1,T1486
asset_2878,0.0033104508115333,0,1,T1486
asset_2879,0.9042692805633136,1,1,T1486
asset_2880,0.9042692805633136,1,0,T1486
asset_2881,0.9042692805633136,1,0,T1486
asset_2882,0.0033104508115333,0,1,T1486
asset_2883,0.9042692805633136,1,0,T1486
asset_2884,0.9042692805633136,1,1,T1486
asset_2885,0.0033454389816955,0,0,T1486
asset_2886,0.9042692805633136,1,1,T1486
asset_2887,0.9042692805633136,1,0,T1486
asset_2888,0.9042692805633136,1,0,T1486
asset_2889,0.0033104508115333,0,0,T1486
asset_2890,0.0033104508115869,0,1,T1486
asset_2891,0.9042692805633136,1,0,T1486
asset_2892,0.0033104508115318,0,1,T1486
asset_2893,0.9042692805633136,1,1,T1486
asset_2894,0.9042692805633136,1,0,T1486
asset_2895,0.9042692805633136,1,0,T1486
asset_2896,0.0033104508115333,0,1,T1486
asset_2897,0.9042692805633136,1,0,T1486
asset_2898,0.0033104462285538,0,1,T1486
asset_2899,0.9042692805633136,1,0,T1486
asset_2900,0.0033104508115309,0,0,T1486
asset_2901,0.9042692805633136,1,0,T1486
asset_2902,0.0033104508115333,0,0,T1486
asset_2903,0.0033104508114508,0,1,T1486
asset_2904,0.0033104464221243,0,1,T1486
asset_2905,0.9042692805633136,1,0,T1486
asset_2906,0.9042692805633136,1,0,T1486
asset_2907,0.9042692805633136,1,0,T1486
asset_2908,0.9042692805633136,1,0,T1486
asset_2909,0.9042692805633136,1,0,T1486
asset_2910,0.9042692805633136,1,1,T1486
asset_2911,0.0033104490923378,0,0,T1486
asset_2912,0.0033104508115333,0,0,T1486
asset_2913,0.9042692805633136,1,0,T1486
asset_2914,0.0033104508115333,0,0,T1486
asset_2915,0.0033104508115146,0,0,T1486
asset_2916,0.0033104508115333,0,0,T1486
asset_2917,0.9042692805633136,1,0,T1486
asset_2918,0.9042692805633136,1,0,T1486
asset_2919,0.0033104508115333,0,1,T1486
asset_2920,0.0033104508115201,0,0,T1486
asset_2921,0.9042692805633136,1,0,T1486
asset_2922,0.0033104508115333,0,1,T1486
asset_2923,0.0033104508115205,0,0,T1486
asset_2924,0.9042692805633136,1,0,T1486
asset_2925,0.0033104508115333,0,1,T1486
asset_2926,0.9042692805633136,1,0,T1486
asset_2927,0.0033104508115333,0,0,T1486
asset_2928,0.0033104508115333,0,1,T1486
asset_2929,0.9042692805633136,1,1,T1486
asset_2930,0.0033104508115185,0,0,T1486
asset_2931,0.9042692805633136,1,0,T1486
asset_2932,0.0033104508115225,0,1,T1486
asset_2933,0.0033104508115333,0,1,T1486
asset_2934,0.9042692805633136,1,0,T1486
asset_2935,0.9042692805633136,1,0,T1486
asset_2936,0.0033104508114785,0,0,T1486
asset_2937,0.9042692805633136,1,1,T1486
asset_2938,0.9042692805633136,1,0,T1486
asset_2939,0.9042692805633136,1,1,T1486
asset_2940,0.9042692805633136,1,0,T1486
asset_2941,0.0033104508115342,0,0,T1486
asset_2942,0.0033104508115333,0,1,T1486
asset_2943,0.0033104508115333,0,0,T1486
asset_2944,0.9042692805633136,1,0,T1486
asset_2945,0.9042692805633136,1,1,T1486
asset_2946,0.0033104508115333,0,1,T1486
asset_2947,0.9042692805633136,1,0,T1486
asset_2948,0.0033104508115333,0,1,T1486
asset_2949,0.0033104508115333,0,0,T1486
asset_2950,0.9042692805633136,1,1,T1486
asset_2951,0.9042692805633136,1,1,T1486
asset_2952,0.9042692805633136,1,1,T1486
asset_2953,0.0033104508115271,0,1,T1486
asset_2954,0.0033104508115333,0,0,T1486
asset_2955,0.0033104508115333,0,1,T1486
asset_2956,0.9042692805633136,1,0,T1486
asset_2957,0.9042692805633136,1,1,T1486
asset_2958,0.9042692805633136,1,0,T1486
asset_2959,0.9042692805633136,1,1,T1486
asset_2960,0.0033104508115333,0,1,T1486
asset_2961,0.0033104508115333,0,1,T1486
asset_2962,0.0033104508115333,0,1,T1486
asset_2963,0.0033104508115333,0,1,T1486
asset_2964,0.9042692805633136,1,1,T1486
asset_2965,0.003310450811489,0,1,T1486
asset_2966,0.0033104508115307,0,1,T1486
asset_2967,0.0033104508115333,0,1,T1486
asset_2968,0.9042692805633136,1,0,T1486
asset_2969,0.9042692805633136,1,0,T1486
asset_2970,0.9042692805633136,1,1,T1486
asset_2971,0.0033104508115293,0,1,T1486
asset_2972,0.0033104508115333,0,1,T1486
asset_2973,0.0033104508115225,0,0,T1486
asset_2974,0.0033104508115333,0,1,T1486
asset_2975,0.9042692805633136,1,1,T1486
asset_2976,0.003310450811489,0,1,T1486
asset_2977,0.9042692805633136,1,0,T1486
asset_2978,0.9042692805633136,1,1,T1486
asset_2979,0.9042692805633136,1,0,T1486
asset_2980,0.9042692805633136,1,1,T1486
asset_2981,0.9042692805633136,1,0,T1486
asset_2982,0.0033104508115186,0,1,T1486
asset_2983,0.0033104508115333,0,0,T1486
asset_2984,0.0033104508115097,0,0,T1486
asset_2985,0.0033104508115097,0,1,T1486
asset_2986,0.9042692805633136,1,0,T1486
asset_2987,0.0033104468656574,0,0,T1486
asset_2988,0.0033104508115333,0,1,T1486
asset_2989,0.0033104508115333,0,1,T1486
asset_2990,0.9042692805633136,1,0,T1486
asset_2991,0.0033104508115333,0,0,T1486
asset_2992,0.0033104508114933,0,0,T1486
asset_2993,0.9042692805633136,1,1,T1486
asset_2994,0.0033104508115333,0,1,T1486
asset_2995,0.0033104508115333,0,0,T1486
asset_2996,0.9042692805633136,1,1,T1486
asset_2997,0.9042692805633136,1,1,T1486
asset_2998,0.0033104508115333,0,1,T1486
asset_2999,0.0033104508115046,0,1,T1486
asset_3000,0.9042692805633136,1,0,T1486
asset_3001,0.0033104508115186,0,0,T1486
asset_3002,0.0033104508115333,0,0,T1486
asset_3003,0.9042692805633136,1,1,T1486
asset_3004,0.0033104508115293,0,0,T1486
asset_3005,0.0033104508115201,0,1,T1486
asset_3006,0.9042692805633136,1,0,T1486
asset_3007,0.0033104508115333,0,1,T1486
asset_3008,0.9042692805633136,1,0,T1486
asset_3009,0.0034876736340132,0,1,T1486
asset_3010,0.0033104508115333,0,0,T1486
asset_3011,0.9042692805633136,1,1,T1486
asset_3012,0.9042692805633136,1,1,T1486
asset_3013,0.9042692805633136,1,0,T1486
asset_3014,0.0033104508115333,0,1,T1486
asset_3015,0.0033104508115333,0,1,T1486
asset_3016,0.9042692805633136,1,0,T1486
asset_3017,0.0033104508115333,0,1,T1486
asset_3018,0.9042692805633136,1,0,T1486
asset_3019,0.9042692805633136,1,1,T1486
asset_3020,0.9042692805633136,1,1,T1486
asset_3021,0.0033104508114959,0,1,T1486
asset_3022,0.9042692805633136,1,1,T1486
asset_3023,0.9042692805633136,1,0,T1486
asset_3024,0.0033104508115307,0,1,T1486
asset_3025,0.0033104508115271,0,1,T1486
asset_3026,0.9042692805633136,1,0,T1486
asset_3027,0.9042692805633136,1,0,T1486
asset_3028,0.0033104508115868,0,1,T1486
asset_3029,0.9042692805633136,1,1,T1486
asset_3030,0.9042692805633136,1,1,T1486
asset_3031,0.0033104508115333,0,0,T1486
asset_3032,0.0033104508115333,0,1,T1486
asset_3033,0.0033104508115333,0,0,T1486
asset_3034,0.0033104508115333,0,0,T1486
asset_3035,0.9042692805633136,1,1,T1486
asset_3036,0.9042692805633136,1,1,T1486
asset_3037,0.0033104508115333,0,1,T1486
asset_3038,0.0033104508115333,0,0,T1486
asset_3039,0.9042692805633136,1,1,T1486
asset_3040,0.9042692805633136,1,1,T1486
asset_3041,0.9042692805633136,1,0,T1486
asset_3042,0.9042692805633136,1,0,T1486
asset_3043,0.9042692805633136,1,0,T1486
asset_3044,0.9042692805633136,1,1,T1486
asset_3045,0.0033104508115185,0,0,T1486
asset_3046,0.9042692805633136,1,1,T1486
asset_3047,0.9042692805633136,1,1,T1486
asset_3048,0.0033104508115333,0,0,T1486
asset_3049,0.003310450811583,0,1,T1486
asset_3050,0.9042692805633136,1,0,T1486
asset_3051,0.9042692805633136,1,1,T1486
asset_3052,0.9042692805633136,1,0,T1486
asset_3053,0.003345437918551,0,1,T1486
asset_3054,0.0033104508114616,0,0,T1486
asset_3055,0.9042692805633136,1,0,T1486
asset_3056,0.0033104508114935,0,1,T1486
asset_3057,0.9042692805633136,1,0,T1486
asset_3058,0.9042692805633136,1,1,T1486
asset_3059,0.0033104508115868,0,0,T1486
asset_3060,0.003310450811466,0,0,T1486
asset_3061,0.9042692805633136,1,1,T1486
asset_3062,0.0033104508115333,0,0,T1486
asset_3063,0.9042692805633136,1,1,T1486
asset_3064,0.0033104508115333,0,1,T1486
asset_3065,0.9042692805633136,1,0,T1486
asset_3066,0.9042692805633136,1,0,T1486
asset_3067,0.9042692805633136,1,1,T1486
asset_3068,0.0033104508115333,0,0,T1486
asset_3069,0.0033104508115284,0,1,T1486
asset_3070,0.003310450811523,0,1,T1486
asset_3071,0.0033104508115333,0,1,T1486
asset_3072,0.9042692805633136,1,0,T1486
asset_3073,0.9042692805633136,1,0,T1486
asset_3074,0.9042692805633136,1,0,T1486
asset_3075,0.0033104508115333,0,1,T1486
asset_3076,0.9042692805633136,1,0,T1486
asset_3077,0.0033104508115333,0,1,T1486
asset_3078,0.0033104508115318,0,0,T1486
asset_3079,0.0033104508115293,0,1,T1486
asset_3080,0.9042692805633136,1,0,T1486
asset_3081,0.9042692805633136,1,0,T1486
asset_3082,0.0033104508115309,0,1,T1486
asset_3083,0.0033104508115294,0,1,T1486
asset_3084,0.0033104508115333,0,0,T1486
asset_3085,0.9042692805633136,1,0,T1486
asset_3086,0.9042692805633136,1,0,T1486
asset_3087,0.0033104508115205,0,1,T1486
asset_3088,0.0033104508115333,0,0,T1486
asset_3089,0.9042692805633136,1,0,T1486
asset_3090,0.0033104508115169,0,0,T1486
asset_3091,0.9042692805633136,1,1,T1486
asset_3092,0.0033104508115333,0,1,T1486
asset_3093,0.0033454371183524,0,0,T1486
asset_3094,0.0033104508115205,0,0,T1486
asset_3095,0.0033104468656574,0,0,T1486
asset_3096,0.0033104508115333,0,0,T1486
asset_3097,0.0033104508115309,0,1,T1486
asset_3098,0.9042692805633136,1,0,T1486
asset_3099,0.0033104508115333,0,0,T1486
asset_3100,0.0033104508114616,0,1,T1486
asset_3101,0.9042692805633136,1,0,T1486
asset_3102,0.0033104508115333,0,1,T1486
asset_3103,0.9042692805633136,1,1,T1486
asset_3104,0.0033104508115333,0,0,T1486
asset_3105,0.9042692805633136,1,0,T1486
asset_3106,0.0033104508115309,0,1,T1486
asset_3107,0.003310450811466,0,0,T1486
asset_3108,0.0033104508115868,0,0,T1486
asset_3109,0.0033104508115333,0,0,T1486
asset_3110,0.9042692805633136,1,1,T1486
asset_3111,0.9042692805633136,1,0,T1486
asset_3112,0.0033104508115333,0,0,T1486
asset_3113,0.0033104508115333,0,1,T1486
asset_3114,0.0033104508114616,0,1,T1486
asset_3115,0.0033104508115333,0,0,T1486
asset_3116,0.0033104508115333,0,0,T1486
asset_3117,0.9042692805633136,1,1,T1486
asset_3118,0.0033104508115333,0,1,T1486
asset_3119,0.0033104508114618,0,0,T1486
asset_3120,0.0033104508115333,0,1,T1486
asset_3121,0.0033104508115868,0,1,T1486
asset_3122,0.9042692805633136,1,0,T1486
asset_3123,0.0033104508115097,0,1,T1486
asset_3124,0.0033104508114616,0,0,T1486
asset_3125,0.0033104508115205,0,1,T1486
asset_3126,0.0033104508114508,0,0,T1486
asset_3127,0.9042692805633136,1,1,T1486
asset_3128,0.003310450811489,0,1,T1486
asset_3129,0.0033104508115333,0,1,T1486
asset_3130,0.9042692805633136,1,1,T1486
asset_3131,0.9042692805633136,1,0,T1486
asset_3132,0.0033104508115333,0,0,T1486
asset_3133,0.9042692805633136,1,0,T1486
asset_3134,0.0033104508115333,0,0,T1486
asset_3135,0.9042692805633136,1,1,T1486
asset_3136,0.9042692805633136,1,0,T1486
asset_3137,0.003310450811489,0,1,T1486
asset_3138,0.9042692805633136,1,0,T1486
asset_3139,0.0033104508115333,0,0,T1486
asset_3140,0.0033104508115784,0,0,T1486
asset_3141,0.0033104508115099,0,1,T1486
asset_3142,0.9042692805633136,1,1,T1486
asset_3143,0.9042692805633136,1,1,T1486
asset_3144,0.9042692805633136,1,1,T1486
asset_3145,0.9042692805633136,1,1,T1486
asset_3146,0.9042692805633136,1,1,T1486
asset_3147,0.0033104508115333,0,0,T1486
asset_3148,0.0033104508115333,0,1,T1486
asset_3149,0.0033104508115293,0,0,T1486
asset_3150,0.9042692805633136,1,1,T1486
asset_3151,0.0033104508114616,0,1,T1486
asset_3152,0.0033104508115309,0,0,T1486
asset_3153,0.9042692805633136,1,0,T1486
asset_3154,0.9042692805633136,1,0,T1486
asset_3155,0.9042692805633136,1,1,T1486
asset_3156,0.0033104508115169,0,0,T1486
asset_3157,0.0033104508115333,0,0,T1486
asset_3158,0.9042692805633136,1,1,T1486
asset_3159,0.0033104508115333,0,0,T1486
asset_3160,0.9042692805633136,1,1,T1486
asset_3161,0.9042692805633136,1,0,T1486
asset_3162,0.9042692805633136,1,0,T1486
asset_3163,0.0033454389817491,0,1,T1486
asset_3164,0.9042692805633136,1,0,T1486
asset_3165,0.9042692805633136,1,0,T1486
asset_3166,0.0033104508115333,0,1,T1486
asset_3167,0.0033104508115333,0,0,T1486
asset_3168,0.9042692805633136,1,0,T1486
asset_3169,0.00331045081212,0,0,T1486
asset_3170,0.9042692805633136,1,0,T1486
asset_3171,0.0033104508115021,0,1,T1486
asset_3172,0.0033104508115333,0,0,T1486
asset_3173,0.9042692805633136,1,0,T1486
asset_3174,0.9042692805633136,1,0,T1486
asset_3175,0.9042692805633136,1,1,T1486
asset_3176,0.0033104508115333,0,1,T1486
asset_3177,0.0033104508115294,0,0,T1486
asset_3178,0.9042692805633136,1,0,T1486
asset_3179,0.9042692805633136,1,1,T1486
asset_3180,0.9042692805633136,1,0,T1486
asset_3181,0.9042692805633136,1,0,T1486
asset_3182,0.0033104508115333,0,0,T1486
asset_3183,0.9042692805633136,1,1,T1486
asset_3184,0.0033104508115309,0,0,T1486
asset_3185,0.0033104508115333,0,1,T1486
asset_3186,0.0033104508116792,0,1,T1486
asset_3187,0.0033104508115186,0,1,T1486
asset_3188,0.9042692805633136,1,1,T1486
asset_3189,0.9042692805633136,1,1,T1486
asset_3190,0.0033104508115097,0,1,T1486
asset_3191,0.0033104508115333,0,1,T1486
asset_3192,0.9042692805633136,1,0,T1486
asset_3193,0.9042692805633136,1,0,T1486
asset_3194,0.0033104508115146,0,1,T1486
asset_3195,0.9042692805633136,1,0,T1486
asset_3196,0.9042692805633136,1,0,T1486
asset_3197,0.9042692805633136,1,0,T1486
asset_3198,0.9042692805633136,1,1,T1486
asset_3199,0.9042692805633136,1,1,T1486
asset_3200,0.0033104508115333,0,0,T1486
asset_3201,0.0033104508115333,0,1,T1486
asset_3202,0.9042692805633136,1,0,T1486
asset_3203,0.0033104508115333,0,1,T1486
asset_3204,0.0033104508115333,0,1,T1486
asset_3205,0.0033104508115784,0,0,T1486
asset_3206,0.9042692805633136,1,1,T1486
asset_3207,0.9042692805633136,1,0,T1486
asset_3208,0.9042692805633136,1,1,T1486
asset_3209,0.0033104508115333,0,0,T1486
asset_3210,0.9042692805633136,1,1,T1486
asset_3211,0.9042692805633136,1,1,T1486
asset_3212,0.0033104508115309,0,0,T1486
asset_3213,0.9042692805633136,1,1,T1486
asset_3214,0.9042692805633136,1,0,T1486
asset_3215,0.0033104508115333,0,0,T1486
asset_3216,0.9042692805633136,1,1,T1486
asset_3217,0.9042692805633136,1,1,T1486
asset_3218,0.0033104508115333,0,1,T1486
asset_3219,0.0033104508117248,0,0,T1486
asset_3220,0.9042692805633136,1,1,T1486
asset_3221,0.0033104508115869,0,1,T1486
asset_3222,0.0033104508115333,0,1,T1486
asset_3223,0.0033104508114616,0,1,T1486
asset_3224,0.9042692805633136,1,1,T1486
asset_3225,0.0033104508115293,0,0,T1486
asset_3226,0.9042692805633136,1,0,T1486
asset_3227,0.9042692805633136,1,0,T1486
asset_3228,0.9042692805633136,1,0,T1486
asset_3229,0.9042692805633136,1,0,T1486
asset_3230,0.0033104508115169,0,0,T1486
asset_3231,0.0033104508115333,0,1,T1486
asset_3232,0.0033104508115294,0,1,T1486
asset_3233,0.0033104508115309,0,0,T1486
asset_3234,0.9042692805633136,1,0,T1486
asset_3235,0.9042692805633136,1,1,T1486
asset_3236,0.9042692805633136,1,1,T1486
asset_3237,0.9042692805633136,1,0,T1486
asset_3238,0.0033104508115097,0,0,T1486
asset_3239,0.9042692805633136,1,1,T1486
asset_3240,0.0033104508115058,0,0,T1486
asset_3241,0.0033104499674198,0,0,T1486
asset_3242,0.9042692805633136,1,0,T1486
asset_3243,0.9042692805633136,1,1,T1486
asset_3244,0.0033104508115205,0,1,T1486
asset_3245,0.9042692805633136,1,0,T1486
asset_3246,0.0033104508115333,0,0,T1486
asset_3247,0.0033104462285538,0,0,T1486
asset_3248,0.0033104508114616,0,0,T1486
asset_3249,0.0033104508115333,0,0,T1486
asset_3250,0.9042692805633136,1,1,T1486
asset_3251,0.9042692805633136,1,0,T1486
asset_3252,0.9042692805633136,1,1,T1486
asset_3253,0.0033104508115225,0,0,T1486
asset_3254,0.0033104508115333,0,1,T1486
asset_3255,0.0033104508115333,0,0,T1486
asset_3256,0.9042692805633136,1,1,T1486
asset_3257,0.9042692805633136,1,1,T1486
asset_3258,0.9042692805633136,1,1,T1486
asset_3259,0.9042692805633136,1,0,T1486
asset_3260,0.0033104508115333,0,1,T1486
asset_3261,0.9042692805633136,1,0,T1486
asset_3262,0.9042692805633136,1,1,T1486
asset_3263,0.0033104508115333,0,0,T1486
asset_3264,0.0033104508115333,0,1,T1486
asset_3265,0.9042692805633136,1,1,T1486
asset_3266,0.9042692805633136,1,1,T1486
asset_3267,0.9042692805633136,1,1,T1486
asset_3268,0.9042692805633136,1,0,T1486
asset_3269,0.9042692805633136,1,1,T1486
asset_3270,0.0033104508115333,0,1,T1486
asset_3271,0.0033104508115097,0,0,T1486
asset_3272,0.9042692805633136,1,0,T1486
asset_3273,0.9042692805633136,1,1,T1486
asset_3274,0.9042692805633136,1,1,T1486
asset_3275,0.0033104508115333,0,0,T1486
asset_3276,0.9042692805633136,1,1,T1486
asset_3277,0.0033104508115333,0,1,T1486
asset_3278,0.0033104499673624,0,1,T1486
asset_3279,0.0033104499674198,0,1,T1486
asset_3280,0.9042692805633136,1,0,T1486
asset_3281,0.0033104508115868,0,1,T1486
asset_3282,0.0033454389816956,0,0,T1486
asset_3283,0.9042692805633136,1,0,T1486
asset_3284,0.9042692805633136,1,1,T1486
asset_3285,0.9042692805633136,1,0,T1486
asset_3286,0.9042692805633136,1,1,T1486
asset_3287,0.0033104508115758,0,0,T1486
asset_3288,0.0033104508115869,0,1,T1486
asset_3289,0.9042692805633136,1,0,T1486
asset_3290,0.9042692805633136,1,0,T1486
asset_3291,0.0033104508115333,0,0,T1486
asset_3292,0.9042692805633136,1,0,T1486
asset_3293,0.9042692805633136,1,1,T1486
asset_3294,0.0033104508115061,0,0,T1486
asset_3295,0.0033104508115333,0,1,T1486
asset_3296,0.0033104508115869,0,0,T1486
asset_3297,0.9042692805633136,1,0,T1486
asset_3298,0.0033104508115333,0,1,T1486
asset_3299,0.9042692805633136,1,0,T1486
asset_3300,0.0033104508115205,0,0,T1486
asset_3301,0.9042692805633136,1,1,T1486
asset_3302,0.9042692805633136,1,1,T1486
asset_3303,0.9042692805633136,1,0,T1486
asset_3304,0.0033104508115333,0,0,T1486
asset_3305,0.003310450811489,0,1,T1486
asset_3306,0.9042692805633136,1,0,T1486
asset_3307,0.0033104508115333,0,0,T1486
asset_3308,0.9042692805633136,1,0,T1486
asset_3309,0.9042692805633136,1,0,T1486
asset_3310,0.9042692805633136,1,1,T1486
asset_3311,0.0033104508115333,0,0,T1486
asset_3312,0.9042692805633136,1,1,T1486
asset_3313,0.0033104508115225,0,1,T1486
asset_3314,0.0033104508115333,0,0,T1486
asset_3315,0.9042692805633136,1,0,T1486
asset_3316,0.0033104508115333,0,1,T1486
asset_3317,0.9042692805633136,1,0,T1486
asset_3318,0.0033104508115333,0,0,T1486
asset_3319,0.9042692805633136,1,0,T1486
asset_3320,0.9042692805633136,1,1,T1486
asset_3321,0.0033104508115185,0,0,T1486
asset_3322,0.003310450811489,0,0,T1486
asset_3323,0.9042692805633136,1,0,T1486
asset_3324,0.9042692805633136,1,1,T1486
asset_3325,0.9042692805633136,1,1,T1486
asset_3326,0.0033104468656574,0,1,T1486
asset_3327,0.0033104508115333,0,1,T1486
asset_3328,0.0033104508115333,0,0,T1486
asset_3329,0.9042692805633136,1,0,T1486
asset_3330,0.9042692805633136,1,1,T1486
asset_3331,0.9042692805633136,1,0,T1486
asset_3332,0.0033104508115205,0,0,T1486
asset_3333,0.9042692805633136,1,0,T1486
asset_3334,0.0033104508115333,0,0,T1486
asset_3335,0.9042692805633136,1,1,T1486
asset_3336,0.003345437918551,0,0,T1486
asset_3337,0.0033104508115333,0,1,T1486
asset_3338,0.0033104508115869,0,0,T1486
asset_3339,0.0033104508115333,0,1,T1486
asset_3340,0.9042692805633136,1,1,T1486
asset_3341,0.9042692805633136,1,0,T1486
asset_3342,0.9042692805633136,1,0,T1486
asset_3343,0.0033104508115205,0,0,T1486
asset_3344,0.9042692805633136,1,0,T1486
asset_3345,0.9042692805633136,1,1,T1486
asset_3346,0.9042692805633136,1,0,T1486
asset_3347,0.9042692805633136,1,1,T1486
asset_3348,0.9042692805633136,1,1,T1486
asset_3349,0.9042692805633136,1,1,T1486
asset_3350,0.0033104508115333,0,0,T1486
asset_3351,0.9042692805633136,1,0,T1486
asset_3352,0.9042692805633136,1,1,T1486
asset_3353,0.9042692805633136,1,0,T1486
asset_3354,0.0033104508115868,0,0,T1486
asset_3355,0.0033104508115333,0,0,T1486
asset_3356,0.0033104508115309,0,0,T1486
asset_3357,0.0033104508115333,0,1,T1486
asset_3358,0.9042692805633136,1,1,T1486
asset_3359,0.0033104508115784,0,1,T1486
asset_3360,0.0033104508115333,0,1,T1486
asset_3361,0.9042692805633136,1,0,T1486
asset_3362,0.0033104508115333,0,1,T1486
asset_3363,0.0033104508115333,0,1,T1486
asset_3364,0.0033104508115333,0,1,T1486
asset_3365,0.0033454371183524,0,1,T1486
asset_3366,0.0033104457881829,0,1,T1486
asset_3367,0.0033104508115205,0,0,T1486
asset_3368,0.0033104508115333,0,0,T1486
asset_3369,0.0033104508115333,0,0,T1486
asset_3370,0.0033104508115333,0,1,T1486
asset_3371,0.0033104508115225,0,1,T1486
asset_3372,0.0033104508114552,0,0,T1486
asset_3373,0.9042692805633136,1,1,T1486
asset_3374,0.9042692805633136,1,0,T1486
asset_3375,0.9042692805633136,1,1,T1486
asset_3376,0.0033104508115307,0,1,T1486
asset_3377,0.0033104508115333,0,0,T1486
asset_3378,0.9042692805633136,1,1,T1486
asset_3379,0.9042692805633136,1,0,T1486
asset_3380,0.9042692805633136,1,1,T1486
asset_3381,0.9042692805633136,1,0,T1486
asset_3382,0.0033104508115333,0,0,T1486
asset_3383,0.9042692805633136,1,0,T1486
asset_3384,0.9042692805633136,1,0,T1486
asset_3385,0.9042692805633136,1,0,T1486
asset_3386,0.0033104508115333,0,0,T1486
asset_3387,0.0033104508114787,0,1,T1486
asset_3388,0.0033104508114933,0,1,T1486
asset_3389,0.0033104508115333,0,1,T1486
asset_3390,0.0033104500031795,0,0,T1486
asset_3391,0.0033104508115333,0,1,T1486
asset_3392,0.9042692805633136,1,1,T1486
asset_3393,0.0033454379976919,0,0,T1486
asset_3394,0.0033104508115333,0,1,T1486
asset_3395,0.0033104508115185,0,1,T1486
asset_3396,0.0033104508115333,0,1,T1486
asset_3397,0.0033104508115333,0,0,T1486
asset_3398,0.9042692805633136,1,1,T1486
asset_3399,0.0033104508114618,0,1,T1486
asset_3400,0.0033104508115784,0,0,T1486
asset_3401,0.0033104508115333,0,1,T1486
asset_3402,0.9042692805633136,1,0,T1486
asset_3403,0.9042692805633136,1,0,T1486
asset_3404,0.9042692805633136,1,0,T1486
asset_3405,0.0033104500031795,0,0,T1486
asset_3406,0.0033104508115225,0,0,T1486
asset_3407,0.0033104508115099,0,0,T1486
asset_3408,0.0033104508115294,0,1,T1486
asset_3409,0.0033104508114552,0,0,T1486
asset_3410,0.0033104508115309,0,0,T1486
asset_3411,0.9042692805633136,1,1,T1486
asset_3412,0.0033104508115309,0,0,T1486
asset_3413,0.9042692805633136,1,1,T1486
asset_3414,0.0033104508115333,0,1,T1486
asset_3415,0.0033104508115333,0,0,T1486
asset_3416,0.0033104508115333,0,0,T1486
asset_3417,0.0033104508115333,0,1,T1486
asset_3418,0.9042692805633136,1,1,T1486
asset_3419,0.9042692805633136,1,1,T1486
asset_3420,0.0033104508115294,0,0,T1486
asset_3421,0.9042692805633136,1,1,T1486
asset_3422,0.9042692805633136,1,0,T1486
asset_3423,0.0033104508115333,0,1,T1486
asset_3424,0.9042692805633136,1,1,T1486
asset_3425,0.9042692805633136,1,1,T1486
asset_3426,0.9042692805633136,1,1,T1486
asset_3427,0.9042692805633136,1,0,T1486
asset_3428,0.9042692805633136,1,1,T1486
asset_3429,0.0033104508115333,0,1,T1486
asset_3430,0.0033104508115333,0,1,T1486
asset_3431,0.9042692805633136,1,1,T1486
asset_3432,0.0033104508115309,0,1,T1486
asset_3433,0.9042692805633136,1,1,T1486
asset_3434,0.9042692805633136,1,1,T1486
asset_3435,0.0033104508115225,0,1,T1486
asset_3436,0.0033104508115333,0,0,T1486
asset_3437,0.0033454389816956,0,0,T1486
asset_3438,0.0041206952685782,0,1,T1486
asset_3439,0.0033104508115333,0,0,T1486
asset_3440,0.0033104508115333,0,1,T1486
asset_3441,0.9042692805633136,1,0,T1486
asset_3442,0.9042692805633136,1,0,T1486
asset_3443,0.9042692805633136,1,0,T1486
asset_3444,0.9042692805633136,1,1,T1486
asset_3445,0.0033104508114618,0,1,T1486
asset_3446,0.0033104508115333,0,0,T1486
asset_3447,0.9042692805633136,1,0,T1486
asset_3448,0.0033104508115333,0,1,T1486
asset_3449,0.0033104508115333,0,1,T1486
asset_3450,0.0033104508115333,0,1,T1486
asset_3451,0.0033104508114508,0,1,T1486
asset_3452,0.9042692805633136,1,0,T1486
asset_3453,0.0033104508114785,0,0,T1486
asset_3454,0.0033104508115333,0,0,T1486
asset_3455,0.0033104508115333,0,0,T1486
asset_3456,0.9042692805633136,1,1,T1486
asset_3457,0.0033104508115333,0,0,T1486
asset_3458,0.0033104508115333,0,1,T1486
asset_3459,0.9042692805633136,1,0,T1486
asset_3460,0.0033104508115333,0,0,T1486
asset_3461,0.0033104508115333,0,0,T1486
asset_3462,0.9042692805633136,1,1,T1486
asset_3463,0.0033104508115333,0,1,T1486
asset_3464,0.9042692805633136,1,0,T1486
asset_3465,0.003310450811489,0,1,T1486
asset_3466,0.9042692805633136,1,1,T1486
asset_3467,0.9042692805633136,1,0,T1486
asset_3468,0.9042692805633136,1,1,T1486
asset_3469,0.9042692805633136,1,0,T1486
asset_3470,0.0033104508115333,0,0,T1486
asset_3471,0.0033104508115333,0,1,T1486
asset_3472,0.9042692805633136,1,1,T1486
asset_3473,0.9042692805633136,1,1,T1486
asset_3474,0.0033104508115333,0,0,T1486
asset_3475,0.0033104508115333,0,0,T1486
asset_3476,0.9042692805633136,1,0,T1486
asset_3477,0.003310450811489,0,0,T1486
asset_3478,0.9042692805633136,1,0,T1486
asset_3479,0.0033104508115333,0,0,T1486
asset_3480,0.9042692805633136,1,0,T1486
asset_3481,0.003310450811489,0,1,T1486
asset_3482,0.0033104508115099,0,0,T1486
asset_3483,0.0033104508115333,0,1,T1486
asset_3484,0.9042692805633136,1,0,T1486
asset_3485,0.0033104508115333,0,0,T1486
asset_3486,0.9042692805633136,1,0,T1486
asset_3487,0.0033104508115333,0,1,T1486
asset_3488,0.9042692805633136,1,0,T1486
asset_3489,0.9042692805633136,1,0,T1486
asset_3490,0.9042692805633136,1,0,T1486
asset_3491,0.9042692805633136,1,1,T1486
asset_3492,0.9042692805633136,1,0,T1486
asset_3493,0.0033104508115869,0,0,T1486
asset_3494,0.0033104508115333,0,1,T1486
asset_3495,0.9042692805633136,1,0,T1486
asset_3496,0.9042692805633136,1,0,T1486
asset_3497,0.0033104508115309,0,1,T1486
asset_3498,0.9042692805633136,1,1,T1486
asset_3499,0.9042692805633136,1,1,T1486
asset_3500,0.0033104499672667,0,0,T1486
asset_3501,0.0033104508115294,0,1,T1486
asset_3502,0.9042692805633136,1,1,T1486
asset_3503,0.9042692805633136,1,1,T1486
asset_3504,0.9042692805633136,1,1,T1486
asset_3505,0.9042692805633136,1,0,T1486
asset_3506,0.0033104508115333,0,0,T1486
asset_3507,0.9042692805633136,1,0,T1486
asset_3508,0.9042692805633136,1,0,T1486
asset_3509,0.0033104482481914,0,1,T1486
asset_3510,0.9042692805633136,1,0,T1486
asset_3511,0.9042692805633136,1,1,T1486
asset_3512,0.0033104508115309,0,0,T1486
asset_3513,0.0033104508115333,0,0,T1486
asset_3514,0.0033804652151763,0,1,T1486
asset_3515,0.0033104508115333,0,1,T1486
asset_3516,0.9042692805633136,1,0,T1486
asset_3517,0.0033104508115333,0,0,T1486
asset_3518,0.9042692805633136,1,1,T1486
asset_3519,0.0033104508115843,0,0,T1486
asset_3520,0.0033104508114889,0,0,T1486
asset_3521,0.0033104508115333,0,0,T1486
asset_3522,0.0033104508115333,0,1,T1486
asset_3523,0.9042692805633136,1,1,T1486
asset_3524,0.9042692805633136,1,0,T1486
asset_3525,0.9042692805633136,1,1,T1486
asset_3526,0.0033104508115333,0,0,T1486
asset_3527,0.0033104508115163,0,1,T1486
asset_3528,0.9042692805633136,1,0,T1486
asset_3529,0.9042692805633136,1,1,T1486
asset_3530,0.9042692805633136,1,1,T1486
asset_3531,0.0033104508115333,0,0,T1486
asset_3532,0.9042692805633136,1,1,T1486
asset_3533,0.0033104508115333,0,0,T1486
asset_3534,0.9042692805633136,1,0,T1486
asset_3535,0.9042692805633136,1,0,T1486
asset_3536,0.9042692805633136,1,0,T1486
asset_3537,0.0033104508115309,0,1,T1486
asset_3538,0.9042692805633136,1,1,T1486
asset_3539,0.9042692805633136,1,1,T1486
asset_3540,0.9042692805633136,1,1,T1486
asset_3541,0.003310450811489,0,1,T1486
asset_3542,0.9042692805633136,1,0,T1486
asset_3543,0.0033104508115333,0,1,T1486
asset_3544,0.0033104508115333,0,0,T1486
asset_3545,0.0033104508115186,0,1,T1486
asset_3546,0.0033454389816956,0,0,T1486
asset_3547,0.0033104508115333,0,1,T1486
asset_3548,0.9042692805633136,1,1,T1486
asset_3549,0.0033104508115333,0,1,T1486
asset_3550,0.9042692805633136,1,0,T1486
asset_3551,0.9042692805633136,1,1,T1486
asset_3552,0.9042692805633136,1,1,T1486
asset_3553,0.0033104508115333,0,0,T1486
asset_3554,0.9042692805633136,1,1,T1486
asset_3555,0.0033104508115333,0,1,T1486
asset_3556,0.0033104508115293,0,1,T1486
asset_3557,0.0033104508115167,0,0,T1486
asset_3558,0.0033104508115333,0,1,T1486
asset_3559,0.0033104508115333,0,1,T1486
asset_3560,0.0033104508115333,0,1,T1486
asset_3561,0.9042692805633136,1,1,T1486
asset_3562,0.0033104508115333,0,1,T1486
asset_3563,0.0033104508115333,0,1,T1486
asset_3564,0.0033104508115333,0,0,T1486
asset_3565,0.0033104508115333,0,1,T1486
asset_3566,0.9042692805633136,1,0,T1486
asset_3567,0.0033104508115869,0,0,T1486
asset_3568,0.0033104508115784,0,0,T1486
asset_3569,0.0033104508115868,0,0,T1486
asset_3570,0.9042692805633136,1,1,T1486
asset_3571,0.9042692805633136,1,0,T1486
asset_3572,0.9042692805633136,1,0,T1486
asset_3573,0.0033104508115169,0,1,T1486
asset_3574,0.9042692805633136,1,1,T1486
asset_3575,0.9042692805633136,1,0,T1486
asset_3576,0.9042692805633136,1,1,T1486
asset_3577,0.0033104508115333,0,0,T1486
asset_3578,0.9042692805633136,1,1,T1486
asset_3579,0.0033104508115333,0,0,T1486
asset_3580,0.9042692805633136,1,0,T1486
asset_3581,0.9042692805633136,1,1,T1486
asset_3582,0.0033104508115309,0,0,T1486
asset_3583,0.0033104508115284,0,1,T1486
asset_3584,0.9042692805633136,1,1,T1486
asset_3585,0.003310450811466,0,0,T1486
asset_3586,0.9042692805633136,1,0,T1486
asset_3587,0.0033104508135067,0,1,T1486
asset_3588,0.0033454389836629,0,0,T1486
asset_3589,0.0033104508115869,0,1,T1486
asset_3590,0.0041206952685782,0,1,T1486
asset_3591,0.0033104508115201,0,1,T1486
asset_3592,0.0033104508115333,0,1,T1486
asset_3593,0.9042692805633136,1,0,T1486
asset_3594,0.0033104508115186,0,1,T1486
asset_3595,0.9042692805633136,1,1,T1486
asset_3596,0.0033104508115333,0,0,T1486
asset_3597,0.0033104508115333,0,1,T1486
asset_3598,0.0033104508115294,0,1,T1486
asset_3599,0.003345430014826,0,0,T1486
asset_3600,0.0033104508115333,0,1,T1486
asset_3601,0.9042692805633136,1,0,T1486
asset_3602,0.9042692805633136,1,1,T1486
asset_3603,0.9042692805633136,1,0,T1486
asset_3604,0.9042692805633136,1,0,T1486
asset_3605,0.0033104508115333,0,1,T1486
asset_3606,0.0033104508115868,0,0,T1486
asset_3607,0.0033104490923377,0,1,T1486
asset_3608,0.0033104508115225,0,1,T1486
asset_3609,0.9042692805633136,1,0,T1486
asset_3610,0.9042692805633136,1,1,T1486
asset_3611,0.9042692805633136,1,1,T1486
asset_3612,0.9042692805633136,1,0,T1486
asset_3613,0.9042692805633136,1,1,T1486
asset_3614,0.9042692805633136,1,0,T1486
asset_3615,0.9042692805633136,1,1,T1486
asset_3616,0.0033104508115333,0,1,T1486
asset_3617,0.9042692805633136,1,0,T1486
asset_3618,0.0033104508115333,0,1,T1486
asset_3619,0.0033104508115784,0,0,T1486
asset_3620,0.0033104508115309,0,0,T1486
asset_3621,0.9042692805633136,1,1,T1486
asset_3622,0.9042692805633136,1,0,T1486
asset_3623,0.0033104508115293,0,1,T1486
asset_3624,0.0033104508115333,0,1,T1486
asset_3625,0.003310450811466,0,0,T1486
asset_3626,0.9042692805633136,1,1,T1486
asset_3627,0.9042692805633136,1,0,T1486
asset_3628,0.9042692805633136,1,0,T1486
asset_3629,0.0033104508115333,0,1,T1486
asset_3630,0.0033104508115868,0,1,T1486
asset_3631,0.9042692805633136,1,0,T1486
asset_3632,0.0033104508115221,0,0,T1486
asset_3633,0.9042692805633136,1,0,T1486
asset_3634,0.0033104508115784,0,0,T1486
asset_3635,0.9042692805633136,1,1,T1486
asset_3636,0.0033104508118171,0,1,T1486
asset_3637,0.9042692805633136,1,0,T1486
asset_3638,0.0033104508115309,0,0,T1486
asset_3639,0.9042692805633136,1,0,T1486
asset_3640,0.0033104508115294,0,1,T1486
asset_3641,0.9042692805633136,1,1,T1486
asset_3642,0.0033104499674198,0,1,T1486
asset_3643,0.0033104508115169,0,1,T1486
asset_3644,0.0033104508115333,0,1,T1486
asset_3645,0.0033104508115294,0,1,T1486
asset_3646,0.9042692805633136,1,1,T1486
asset_3647,0.0033104508115333,0,0,T1486
asset_3648,0.9042692805633136,1,1,T1486
asset_3649,0.9042692805633136,1,1,T1486
asset_3650,0.0033454389820513,0,1,T1486
asset_3651,0.9042692805633136,1,0,T1486
asset_3652,0.0033104508115097,0,0,T1486
asset_3653,0.0033104508115021,0,0,T1486
asset_3654,0.0033104508115309,0,1,T1486
asset_3655,0.9042692805633136,1,0,T1486
asset_3656,0.9042692805633136,1,0,T1486
asset_3657,0.9042692805633136,1,0,T1486
asset_3658,0.9042692805633136,1,0,T1486
asset_3659,0.9042692805633136,1,1,T1486
asset_3660,0.0033104508115205,0,1,T1486
asset_3661,0.0033104508115333,0,1,T1486
asset_3662,0.9042692805633136,1,0,T1486
asset_3663,0.9042692805633136,1,1,T1486
asset_3664,0.9042692805633136,1,1,T1486
asset_3665,0.0033104508115333,0,1,T1486
asset_3666,0.9042692805633136,1,0,T1486
asset_3667,0.9042692805633136,1,0,T1486
asset_3668,0.0033104508115333,0,0,T1486
asset_3669,0.9042692805633136,1,1,T1486
asset_3670,0.9042692805633136,1,1,T1486
asset_3671,0.0033104508115333,0,0,T1486
asset_3672,0.003310450811489,0,0,T1486
asset_3673,0.0033104508115333,0,1,T1486
asset_3674,0.0033104508115333,0,1,T1486
asset_3675,0.0033104508115058,0,0,T1486
asset_3676,0.9042692805633136,1,0,T1486
asset_3677,0.9042692805633136,1,1,T1486
asset_3678,0.9042692805633136,1,0,T1486
asset_3679,0.0033104508115097,0,0,T1486
asset_3680,0.9042692805633136,1,1,T1486
asset_3681,0.9042692805633136,1,1,T1486
asset_3682,0.0033104508115038,0,0,T1486
asset_3683,0.0033104508115333,0,0,T1486
asset_3684,0.9042692805633136,1,1,T1486
asset_3685,0.0033104508115309,0,1,T1486
asset_3686,0.0033104508114785,0,1,T1486
asset_3687,0.9042692805633136,1,0,T1486
asset_3688,0.9042692805633136,1,0,T1486
asset_3689,0.9042692805633136,1,0,T1486
asset_3690,0.9042692805633136,1,1,T1486
asset_3691,0.0033104508115868,0,0,T1486
asset_3692,0.0033104508115294,0,0,T1486
asset_3693,0.9042692805633136,1,0,T1486
asset_3694,0.0033104508115309,0,1,T1486
asset_3695,0.9042692805633136,1,1,T1486
asset_3696,0.9042692805633136,1,0,T1486
asset_3697,0.0033104508115333,0,0,T1486
asset_3698,0.003310450811466,0,1,T1486
asset_3699,0.0033104508115333,0,0,T1486
asset_3700,0.0033104508115225,0,1,T1486
asset_3701,0.9042692805633136,1,1,T1486
asset_3702,0.0033104508114897,0,1,T1486
asset_3703,0.9042692805633136,1,0,T1486
asset_3704,0.9042692805633136,1,0,T1486
asset_3705,0.9042692805633136,1,0,T1486
asset_3706,0.9042692805633136,1,0,T1486
asset_3707,0.0033104508115333,0,0,T1486
asset_3708,0.9042692805633136,1,1,T1486
asset_3709,0.0033104508115784,0,0,T1486
asset_3710,0.0033104508115333,0,0,T1486
asset_3711,0.0033104508114677,0,0,T1486
asset_3712,0.0033104508115333,0,0,T1486
asset_3713,0.0033104508115061,0,1,T1486
asset_3714,0.9042692805633136,1,0,T1486
asset_3715,0.9042692805633136,1,0,T1486
asset_3716,0.0033104508115333,0,1,T1486
asset_3717,0.9042692805633136,1,0,T1486
asset_3718,0.0033104508115333,0,0,T1486
asset_3719,0.0033104508115293,0,1,T1486
asset_3720,0.9042692805633136,1,0,T1486
asset_3721,0.0033104508115309,0,0,T1486
asset_3722,0.0033104508115061,0,1,T1486
asset_3723,0.9042692805633136,1,1,T1486
asset_3724,0.0033104508115333,0,0,T1486
asset_3725,0.9042692805633136,1,0,T1486
asset_3726,0.0033104508115333,0,0,T1486
asset_3727,0.0033104508115271,0,0,T1486
asset_3728,0.9042692805633136,1,0,T1486
asset_3729,0.9042692805633136,1,1,T1486
asset_3730,0.9042692805633136,1,0,T1486
asset_3731,0.9042692805633136,1,0,T1486
asset_3732,0.9042692805633136,1,1,T1486
asset_3733,0.9042692805633136,1,1,T1486
asset_3734,0.9042692805633136,1,0,T1486
asset_3735,0.9042692805633136,1,0,T1486
asset_3736,0.0033104508116791,0,1,T1486
asset_3737,0.0033104508115061,0,1,T1486
asset_3738,0.9042692805633136,1,0,T1486
asset_3739,0.9042692805633136,1,1,T1486
asset_3740,0.9042692805633136,1,1,T1486
asset_3741,0.0033104508115333,0,1,T1486
asset_3742,0.0033104508115185,0,0,T1486
asset_3743,0.0033104508115309,0,1,T1486
asset_3744,0.0033104508114552,0,0,T1486
asset_3745,0.9042692805633136,1,1,T1486
asset_3746,0.0033104508115869,0,1,T1486
asset_3747,0.0033104508115868,0,0,T1486
asset_3748,0.0033104508115099,0,1,T1486
asset_3749,0.9042692805633136,1,0,T1486
asset_3750,0.0033104508115333,0,0,T1486
asset_3751,0.9042692805633136,1,1,T1486
asset_3752,0.0033104508115225,0,1,T1486
asset_3753,0.0033104508114935,0,1,T1486
asset_3754,0.0033104508115333,0,1,T1486
asset_3755,0.9042692805633136,1,1,T1486
asset_3756,0.0033104508115061,0,1,T1486
asset_3757,0.0033104508135067,0,0,T1486
asset_3758,0.9042692805633136,1,1,T1486
asset_3759,0.9042692805633136,1,1,T1486
asset_3760,0.9042692805633136,1,0,T1486
asset_3761,0.9042692805633136,1,1,T1486
asset_3762,0.0033104508114677,0,1,T1486
asset_3763,0.0033104508115225,0,0,T1486
asset_3764,0.0033104508114889,0,1,T1486
asset_3765,0.0033104508114618,0,0,T1486
asset_3766,0.0033104508115333,0,1,T1486
asset_3767,0.9042692805633136,1,0,T1486
asset_3768,0.0033104508115333,0,0,T1486
asset_3769,0.0033104508115333,0,0,T1486
asset_3770,0.9042692805633136,1,1,T1486
asset_3771,0.0033104508115333,0,1,T1486
asset_3772,0.0033104508115333,0,1,T1486
asset_3773,0.9042692805633136,1,1,T1486
asset_3774,0.9042692805633136,1,0,T1486
asset_3775,0.0033104508115333,0,0,T1486
asset_3776,0.9042692805633136,1,0,T1486
asset_3777,0.0033104508115309,0,1,T1486
asset_3778,0.0033104508115333,0,0,T1486
asset_3779,0.9042692805633136,1,1,T1486
asset_3780,0.0033104508115333,0,0,T1486
asset_3781,0.9042692805633136,1,1,T1486
asset_3782,0.0033104508114856,0,0,T1486
asset_3783,0.9042692805633136,1,0,T1486
asset_3784,0.9042692805633136,1,0,T1486
asset_3785,0.9042692805633136,1,1,T1486
asset_3786,0.9042692805633136,1,1,T1486
asset_3787,0.9042692805633136,1,1,T1486
asset_3788,0.0033104508115868,0,0,T1486
asset_3789,0.0033104508115333,0,1,T1486
asset_3790,0.0033104508115294,0,0,T1486
asset_3791,0.9042692805633136,1,0,T1486
asset_3792,0.0033104508115333,0,0,T1486
asset_3793,0.9042692805633136,1,1,T1486
asset_3794,0.0033104508115333,0,0,T1486
asset_3795,0.9042692805633136,1,0,T1486
asset_3796,0.0033104508115333,0,1,T1486
asset_3797,0.0033104508115333,0,1,T1486
asset_3798,0.9042692805633136,1,0,T1486
asset_3799,0.9042692805633136,1,1,T1486
asset_3800,0.0033104508115868,0,1,T1486
asset_3801,0.9042692805633136,1,0,T1486
asset_3802,0.0041206952685782,0,1,T1486
asset_3803,0.0033104508115868,0,0,T1486
asset_3804,0.9042692805633136,1,0,T1486
asset_3805,0.0033104508114616,0,0,T1486
asset_3806,0.9042692805633136,1,1,T1486
asset_3807,0.9042692805633136,1,1,T1486
asset_3808,0.0033104508114933,0,0,T1486
asset_3809,0.0033104508115333,0,1,T1486
asset_3810,0.9042692805633136,1,1,T1486
asset_3811,0.9042692805633136,1,0,T1486
asset_3812,0.9042692805633136,1,1,T1486
asset_3813,0.9042692805633136,1,0,T1486
asset_3814,0.9042692805633136,1,1,T1486
asset_3815,0.9042692805633136,1,0,T1486
asset_3816,0.0033104508115271,0,0,T1486
asset_3817,0.9042692805633136,1,0,T1486
asset_3818,0.9042692805633136,1,1,T1486
asset_3819,0.0033104508115097,0,1,T1486
asset_3820,0.0033104508115333,0,1,T1486
asset_3821,0.0033104508115333,0,1,T1486
asset_3822,0.0033104508115333,0,1,T1486
asset_3823,0.0033104508115169,0,1,T1486
asset_3824,0.0033104508115333,0,1,T1486
asset_3825,0.9042692805633136,1,1,T1486
asset_3826,0.9042692805633136,1,0,T1486
asset_3827,0.0033104508114933,0,1,T1486
asset_3828,0.003310450811489,0,1,T1486
asset_3829,0.0033104508115869,0,1,T1486
asset_3830,0.0033104508115333,0,0,T1486
asset_3831,0.9042692805633136,1,1,T1486
asset_3832,0.9042692805633136,1,1,T1486
asset_3833,0.0033104508115309,0,1,T1486
asset_3834,0.0033104508114677,0,0,T1486
asset_3835,0.0033104508115333,0,1,T1486
asset_3836,0.9042692805633136,1,1,T1486
asset_3837,0.9042692805633136,1,0,T1486
asset_3838,0.0033104508115333,0,1,T1486
asset_3839,0.0034876895568891,0,1,T1486
asset_3840,0.0033104508115309,0,1,T1486
asset_3841,0.003310450811583,0,0,T1486
asset_3842,0.9042692805633136,1,1,T1486
asset_3843,0.0037873349811709,0,0,T1486
asset_3844,0.0033104508115333,0,1,T1486
asset_3845,0.0033104508115333,0,1,T1486
asset_3846,0.0033104508115333,0,1,T1486
asset_3847,0.0033104508115333,0,1,T1486
asset_3848,0.9042692805633136,1,1,T1486
asset_3849,0.0033104508115869,0,1,T1486
asset_3850,0.0033104508115333,0,0,T1486
asset_3851,0.9042692805633136,1,0,T1486
asset_3852,0.9042692805633136,1,0,T1486
asset_3853,0.9042692805633136,1,0,T1486
asset_3854,0.0033104508115309,0,1,T1486
asset_3855,0.0033104508115333,0,1,T1486
asset_3856,0.0033104508115333,0,1,T1486
asset_3857,0.0033104508115333,0,0,T1486
asset_3858,0.9042692805633136,1,1,T1486
asset_3859,0.0033104508115333,0,1,T1486
asset_3860,0.9042692805633136,1,1,T1486
asset_3861,0.9042692805633136,1,1,T1486
asset_3862,0.9042692805633136,1,0,T1486
asset_3863,0.0033104464221243,0,0,T1486
asset_3864,0.9042692805633136,1,0,T1486
asset_3865,0.9042692805633136,1,1,T1486
asset_3866,0.9042692805633136,1,0,T1486
asset_3867,0.0033104508115869,0,1,T1486
asset_3868,0.9042692805633136,1,1,T1486
asset_3869,0.0033104508115843,0,1,T1486
asset_3870,0.9042692805633136,1,1,T1486
asset_3871,0.0033104508115333,0,0,T1486
asset_3872,0.9042692805633136,1,0,T1486
asset_3873,0.0033104508115333,0,0,T1486
asset_3874,0.0033104508115333,0,1,T1486
asset_3875,0.9042692805633136,1,1,T1486
asset_3876,0.0033104499673624,0,1,T1486
asset_3877,0.0033104508115309,0,1,T1486
asset_3878,0.0033104508115869,0,0,T1486
asset_3879,0.9042692805633136,1,0,T1486
asset_3880,0.9042692805633136,1,0,T1486
asset_3881,0.0033104508115309,0,1,T1486
asset_3882,0.9042692805633136,1,1,T1486
asset_3883,0.9042692805633136,1,0,T1486
asset_3884,0.0033104508115333,0,0,T1486
asset_3885,0.0033104508115333,0,1,T1486
asset_3886,0.0033104508115333,0,1,T1486
asset_3887,0.0033104508114935,0,0,T1486
asset_3888,0.9042692805633136,1,0,T1486
asset_3889,0.9042692805633136,1,0,T1486
asset_3890,0.9042692805633136,1,0,T1486
asset_3891,0.0033104508115061,0,0,T1486
asset_3892,0.0033104508115333,0,0,T1486
asset_3893,0.9042692805633136,1,0,T1486
asset_3894,0.9042692805633136,1,0,T1486
asset_3895,0.0033104508115333,0,1,T1486
asset_3896,0.9042692805633136,1,0,T1486
asset_3897,0.9042692805633136,1,1,T1486
asset_3898,0.0033104508115294,0,0,T1486
asset_3899,0.0033104508115333,0,1,T1486
asset_3900,0.9042692805633136,1,1,T1486
asset_3901,0.9042692805633136,1,1,T1486
asset_3902,0.9042692805633136,1,0,T1486
asset_3903,0.9042692805633136,1,0,T1486
asset_3904,0.9042692805633136,1,1,T1486
asset_3905,0.9042692805633136,1,1,T1486
asset_3906,0.9042692805633136,1,1,T1486
asset_3907,0.0033104508115333,0,1,T1486
asset_3908,0.0033104508115333,0,0,T1486
asset_3909,0.9042692805633136,1,0,T1486
asset_3910,0.0033104508115333,0,1,T1486
asset_3911,0.9042692805633136,1,1,T1486
asset_3912,0.9042692805633136,1,1,T1486
asset_3913,0.0033104508115868,0,1,T1486
asset_3914,0.9042692805633136,1,1,T1486
asset_3915,0.0033104389333239,0,0,T1486
asset_3916,0.0033104508115309,0,0,T1486
asset_3917,0.9042692805633136,1,1,T1486
asset_3918,0.9042692805633136,1,0,T1486
asset_3919,0.0033104508114889,0,0,T1486
asset_3920,0.0033104508115333,0,0,T1486
asset_3921,0.0033104508115333,0,1,T1486
asset_3922,0.9042692805633136,1,0,T1486
asset_3923,0.9042692805633136,1,1,T1486
asset_3924,0.9042692805633136,1,1,T1486
asset_3925,0.0033104508115333,0,0,T1486
asset_3926,0.9042692805633136,1,1,T1486
asset_3927,0.0033104508114616,0,0,T1486
asset_3928,0.0033104508115333,0,0,T1486
asset_3929,0.9042692805633136,1,1,T1486
asset_3930,0.0033104508115333,0,1,T1486
asset_3931,0.9042692805633136,1,0,T1486
asset_3932,0.9042692805633136,1,0,T1486
asset_3933,0.9042692805633136,1,0,T1486
asset_3934,0.0033104508115333,0,1,T1486
asset_3935,0.9042692805633136,1,1,T1486
asset_3936,0.0033104464221243,0,1,T1486
asset_3937,0.0033104508115293,0,1,T1486
asset_3938,0.9042692805633136,1,0,T1486
asset_3939,0.9042692805633136,1,0,T1486
asset_3940,0.9042692805633136,1,0,T1486
asset_3941,0.0033104508115342,0,1,T1486
asset_3942,0.0033104508114895,0,0,T1486
asset_3943,0.0033104508115225,0,1,T1486
asset_3944,0.0033104508115333,0,1,T1486
asset_3945,0.9042692805633136,1,0,T1486
asset_3946,0.0033104508115333,0,1,T1486
asset_3947,0.0033104508115333,0,1,T1486
asset_3948,0.0033104508115333,0,0,T1486
asset_3949,0.0033104508115309,0,0,T1486
asset_3950,0.9042692805633136,1,0,T1486
asset_3951,0.9042692805633136,1,1,T1486
asset_3952,0.0033104508115333,0,1,T1486
asset_3953,0.9042692805633136,1,1,T1486
asset_3954,0.9042692805633136,1,1,T1486
asset_3955,0.9042692805633136,1,0,T1486
asset_3956,0.9042692805633136,1,1,T1486
asset_3957,0.0033104508115333,0,0,T1486
asset_3958,0.9042692805633136,1,0,T1486
asset_3959,0.9042692805633136,1,1,T1486
asset_3960,0.9042692805633136,1,0,T1486
asset_3961,0.9042692805633136,1,1,T1486
asset_3962,0.0033104508115309,0,0,T1486
asset_3963,0.0033104508115333,0,0,T1486
asset_3964,0.003310450812075,0,0,T1486
asset_3965,0.9042692805633136,1,0,T1486
asset_3966,0.0033104508115869,0,1,T1486
asset_3967,0.0033104508116792,0,1,T1486
asset_3968,0.9042692805633136,1,1,T1486
asset_3969,0.003310450811489,0,1,T1486
asset_3970,0.0033104508115097,0,1,T1486
asset_3971,0.0033104508115333,0,1,T1486
asset_3972,0.0033104508115333,0,1,T1486
asset_3973,0.9042692805633136,1,0,T1486
asset_3974,0.0033104508114616,0,0,T1486
asset_3975,0.9042692805633136,1,1,T1486
asset_3976,0.9042692805633136,1,1,T1486
asset_3977,0.0033104508115868,0,1,T1486
asset_3978,0.0033104508115784,0,1,T1486
asset_3979,0.0033104508115271,0,0,T1486
asset_3980,0.0033104490923377,0,0,T1486
asset_3981,0.9042692805633136,1,1,T1486
asset_3982,0.0033104508115061,0,0,T1486
asset_3983,0.0034876895568891,0,0,T1486
asset_3984,0.9042692805633136,1,0,T1486
asset_3985,0.9042692805633136,1,1,T1486
asset_3986,0.0033104508115333,0,0,T1486
asset_3987,0.9042692805633136,1,0,T1486
asset_3988,0.9042692805633136,1,0,T1486
asset_3989,0.9042692805633136,1,1,T1486
asset_3990,0.9042692805633136,1,0,T1486
asset_3991,0.9042692805633136,1,0,T1486
asset_3992,0.0033104508114677,0,1,T1486
asset_3993,0.9042692805633136,1,1,T1486
asset_3994,0.0033104508115294,0,1,T1486
asset_3995,0.9042692805633136,1,1,T1486
asset_3996,0.0033104508115333,0,1,T1486
asset_3997,0.0033104508115333,0,1,T1486
asset_3998,0.0033104508115333,0,1,T1486
asset_3999,0.9042692805633136,1,1,T1486
asset_4000,0.0033104508115333,0,1,T1486
asset_4001,0.9042692805633136,1,0,T1486
asset_4002,0.9042692805633136,1,1,T1486
asset_4003,0.9042692805633136,1,1,T1486
asset_4004,0.0033104508115333,0,1,T1486
asset_4005,0.0033104508115333,0,0,T1486
asset_4006,0.0033104508115333,0,0,T1486
asset_4007,0.0033104508114897,0,0,T1486
asset_4008,0.0033104508115333,0,0,T1486
asset_4009,0.9042692805633136,1,1,T1486
asset_4010,0.0033104508115333,0,1,T1486
asset_4011,0.0033104508115333,0,0,T1486
asset_4012,0.9042692805633136,1,1,T1486
asset_4013,0.0033104508115333,0,0,T1486
asset_4014,0.9042692805633136,1,0,T1486
asset_4015,0.0033104508115333,0,0,T1486
asset_4016,0.9042692805633136,1,1,T1486
asset_4017,0.9042692805633136,1,0,T1486
asset_4018,0.9042692805633136,1,0,T1486
asset_4019,0.9042692805633136,1,0,T1486
asset_4020,0.0033104508115333,0,0,T1486
asset_4021,0.0033104508115333,0,0,T1486
asset_4022,0.0033104508114616,0,1,T1486
asset_4023,0.9042692805633136,1,0,T1486
asset_4024,0.0033104508115333,0,1,T1486
asset_4025,0.0033104508115333,0,1,T1486
asset_4026,0.9042692805633136,1,0,T1486
asset_4027,0.0033104508115333,0,1,T1486
asset_4028,0.0033104508115333,0,1,T1486
asset_4029,0.0033104508115333,0,1,T1486
asset_4030,0.9042692805633136,1,0,T1486
asset_4031,0.0033104508115333,0,1,T1486
asset_4032,0.0033104508115333,0,1,T1486
asset_4033,0.0033104508115185,0,0,T1486
asset_4034,0.9042692805633136,1,1,T1486
asset_4035,0.0033104508115201,0,0,T1486
asset_4036,0.9042692805633136,1,0,T1486
asset_4037,0.9042692805633136,1,0,T1486
asset_4038,0.9042692805633136,1,0,T1486
asset_4039,0.9042692805633136,1,1,T1486
asset_4040,0.9042692805633136,1,0,T1486
asset_4041,0.0033104508115333,0,0,T1486
asset_4042,0.0033104508115294,0,1,T1486
asset_4043,0.0033104508115333,0,0,T1486
asset_4044,0.0033104508115333,0,0,T1486
asset_4045,0.0033104508115176,0,1,T1486
asset_4046,0.9042692805633136,1,0,T1486
asset_4047,0.0033104508115868,0,1,T1486
asset_4048,0.0033104508115333,0,1,T1486
asset_4049,0.9042692805633136,1,1,T1486
asset_4050,0.9042692805633136,1,0,T1486
asset_4051,0.0033104508115293,0,1,T1486
asset_4052,0.0033104508115293,0,1,T1486
asset_4053,0.0033104508115018,0,0,T1486
asset_4054,0.0033104508115333,0,0,T1486
asset_4055,0.9042692805633136,1,1,T1486
asset_4056,0.9042692805633136,1,1,T1486
asset_4057,0.0033104508115333,0,1,T1486
asset_4058,0.9042692805633136,1,1,T1486
asset_4059,0.0033104464221243,0,0,T1486
asset_4060,0.0033104508115333,0,1,T1486
asset_4061,0.9042692805633136,1,1,T1486
asset_4062,0.0033104508115333,0,0,T1486
asset_4063,0.0033104508115309,0,0,T1486
asset_4064,0.0033104508115333,0,1,T1486
asset_4065,0.0033104508115309,0,0,T1486
asset_4066,0.9042692805633136,1,1,T1486
asset_4067,0.0033104508115333,0,0,T1486
asset_4068,0.9042692805633136,1,1,T1486
asset_4069,0.0033104490005228,0,0,T1486
asset_4070,0.9042692805633136,1,0,T1486
asset_4071,0.0033104508115333,0,0,T1486
asset_4072,0.0033104490932545,0,0,T1486
asset_4073,0.0033104508115333,0,1,T1486
asset_4074,0.0033104508115333,0,1,T1486
asset_4075,0.0033104508114785,0,0,T1486
asset_4076,0.0033104508115309,0,1,T1486
asset_4077,0.0033104508115225,0,0,T1486
asset_4078,0.9042692805633136,1,0,T1486
asset_4079,0.9042692805633136,1,0,T1486
asset_4080,0.9042692805633136,1,1,T1486
asset_4081,0.9042692805633136,1,0,T1486
asset_4082,0.0033104508115046,0,1,T1486
asset_4083,0.0033104508115333,0,0,T1486
asset_4084,0.0033104508115205,0,1,T1486
asset_4085,0.0033104508115333,0,1,T1486
asset_4086,0.9042692805633136,1,0,T1486
asset_4087,0.0033104508115333,0,1,T1486
asset_4088,0.9042692805633136,1,0,T1486
asset_4089,0.0033104508115333,0,0,T1486
asset_4090,0.0033104508115205,0,1,T1486
asset_4091,0.0033104508115294,0,0,T1486
asset_4092,0.9042692805633136,1,0,T1486
asset_4093,0.0033104508115333,0,0,T1486
asset_4094,0.9042692805633136,1,0,T1486
asset_4095,0.9042692805633136,1,0,T1486
asset_4096,0.0033104508114618,0,1,T1486
asset_4097,0.9042692805633136,1,0,T1486
asset_4098,0.9042692805633136,1,1,T1486
asset_4099,0.9042692805633136,1,0,T1486
asset_4100,0.0033104508115333,0,0,T1486
asset_4101,0.9042692805633136,1,1,T1486
asset_4102,0.9042692805633136,1,0,T1486
asset_4103,0.9042692805633136,1,1,T1486
asset_4104,0.9042692805633136,1,0,T1486
asset_4105,0.9042692805633136,1,0,T1486
asset_4106,0.9042692805633136,1,1,T1486
asset_4107,0.0033104508115333,0,1,T1486
asset_4108,0.9042692805633136,1,0,T1486
asset_4109,0.0033104508115333,0,1,T1486
asset_4110,0.0033104508115205,0,1,T1486
asset_4111,0.9042692805633136,1,0,T1486
asset_4112,0.0033104508115294,0,0,T1486
asset_4113,0.9042692805633136,1,1,T1486
asset_4114,0.0033104508115201,0,1,T1486
asset_4115,0.9042692805633136,1,0,T1486
asset_4116,0.0033104508115333,0,0,T1486
asset_4117,0.0033104508115333,0,0,T1486
asset_4118,0.9042692805633136,1,0,T1486
asset_4119,0.0033104508115271,0,0,T1486
asset_4120,0.0033104508115201,0,1,T1486
asset_4121,0.9042692805633136,1,1,T1486
asset_4122,0.0033104508115208,0,0,T1486
asset_4123,0.0033104508115333,0,0,T1486
asset_4124,0.9042692805633136,1,0,T1486
asset_4125,0.9042692805633136,1,0,T1486
asset_4126,0.0033104508115333,0,0,T1486
asset_4127,0.0033104508115208,0,1,T1486
asset_4128,0.9042692805633136,1,0,T1486
asset_4129,0.0033104508115225,0,1,T1486
asset_4130,0.9042692805633136,1,1,T1486
asset_4131,0.0033104508115843,0,1,T1486
asset_4132,0.9042692805633136,1,1,T1486
asset_4133,0.9042692805633136,1,0,T1486
asset_4134,0.0033104508115309,0,0,T1486
asset_4135,0.9042692805633136,1,0,T1486
asset_4136,0.9042692805633136,1,1,T1486
asset_4137,0.9042692805633136,1,1,T1486
asset_4138,0.9042692805633136,1,1,T1486
asset_4139,0.9042692805633136,1,0,T1486
asset_4140,0.9042692805633136,1,1,T1486
asset_4141,0.9042692805633136,1,0,T1486
asset_4142,0.003310450811489,0,1,T1486
asset_4143,0.0033104508115868,0,0,T1486
asset_4144,0.9042692805633136,1,0,T1486
asset_4145,0.9042692805633136,1,0,T1486
asset_4146,0.0033104508114616,0,0,T1486
asset_4147,0.9042692805633136,1,0,T1486
asset_4148,0.003310450811521,0,0,T1486
asset_4149,0.9042692805633136,1,0,T1486
asset_4150,0.0033104508115333,0,0,T1486
asset_4151,0.0033104508115333,0,1,T1486
asset_4152,0.9042692805633136,1,1,T1486
asset_4153,0.0033104491359077,0,1,T1486
asset_4154,0.0033104508115333,0,1,T1486
asset_4155,0.0033104508115333,0,0,T1486
asset_4156,0.0033104508115333,0,0,T1486
asset_4157,0.9042692805633136,1,1,T1486
asset_4158,0.0033104508115333,0,0,T1486
asset_4159,0.9042692805633136,1,1,T1486
asset_4160,0.9042692805633136,1,0,T1486
asset_4161,0.9042692805633136,1,1,T1486
asset_4162,0.0033104508115333,0,1,T1486
asset_4163,0.0033104508115333,0,1,T1486
asset_4164,0.0033104508115333,0,0,T1486
asset_4165,0.9042692805633136,1,1,T1486
asset_4166,0.9042692805633136,1,1,T1486
asset_4167,0.9042692805633136,1,0,T1486
asset_4168,0.0033104508115293,0,1,T1486
asset_4169,0.9042692805633136,1,1,T1486
asset_4170,0.9042692805633136,1,0,T1486
asset_4171,0.0033104508115333,0,0,T1486
asset_4172,0.0033104508115868,0,0,T1486
asset_4173,0.9042692805633136,1,0,T1486
asset_4174,0.0033104508115021,0,0,T1486
asset_4175,0.9042692805633136,1,1,T1486
asset_4176,0.0033104508115333,0,0,T1486
asset_4177,0.0033104508115205,0,0,T1486
asset_4178,0.0033104508115333,0,0,T1486
asset_4179,0.0033104508115333,0,1,T1486
asset_4180,0.9042692805633136,1,0,T1486
asset_4181,0.0033104508114933,0,0,T1486
asset_4182,0.9042692805633136,1,1,T1486
asset_4183,0.0033104508115309,0,0,T1486
asset_4184,0.0033104508115333,0,0,T1486
asset_4185,0.0033104508115333,0,1,T1486
asset_4186,0.9042692805633136,1,0,T1486
asset_4187,0.0033104508115333,0,0,T1486
asset_4188,0.0033104508115038,0,1,T1486
asset_4189,0.0033104508115868,0,0,T1486
asset_4190,0.9042692805633136,1,1,T1486
asset_4191,0.0033104508114889,0,1,T1486
asset_4192,0.0033104508115284,0,0,T1486
asset_4193,0.0033104508115333,0,0,T1486
asset_4194,0.9042692805633136,1,1,T1486
asset_4195,0.9042692805633136,1,0,T1486
asset_4196,0.9042692805633136,1,0,T1486
asset_4197,0.9042692805633136,1,1,T1486
asset_4198,0.9042692805633136,1,0,T1486
asset_4199,0.0033104508115868,0,1,T1486
asset_4200,0.9042692805633136,1,0,T1486
asset_4201,0.0033104464221243,0,0,T1486
asset_4202,0.9042692805633136,1,1,T1486
asset_4203,0.0033104508115333,0,1,T1486
asset_4204,0.0033104464221243,0,1,T1486
asset_4205,0.0033104508115333,0,1,T1486
asset_4206,0.9042692805633136,1,0,T1486
asset_4207,0.9042692805633136,1,0,T1486
asset_4208,0.9042692805633136,1,0,T1486
asset_4209,0.0033104508115333,0,1,T1486
asset_4210,0.9042692805633136,1,0,T1486
asset_4211,0.9042692805633136,1,0,T1486
asset_4212,0.9042692805633136,1,1,T1486
asset_4213,0.9042692805633136,1,1,T1486
asset_4214,0.0033104508115333,0,1,T1486
asset_4215,0.9042692805633136,1,1,T1486
asset_4216,0.0033104508114618,0,1,T1486
asset_4217,0.9042692805633136,1,0,T1486
asset_4218,0.0033104508115333,0,0,T1486
asset_4219,0.9042692805633136,1,0,T1486
asset_4220,0.0033104508135067,0,1,T1486
asset_4221,0.9042692805633136,1,0,T1486
asset_4222,0.0033104508114785,0,1,T1486
asset_4223,0.0033104508115333,0,0,T1486
asset_4224,0.9042692805633136,1,0,T1486
asset_4225,0.0033104508115333,0,1,T1486
asset_4226,0.9042692805633136,1,0,T1486
asset_4227,0.0033104499673624,0,0,T1486
asset_4228,0.0033104490923377,0,0,T1486
asset_4229,0.9042692805633136,1,0,T1486
asset_4230,0.9042692805633136,1,0,T1486
asset_4231,0.0033104508115309,0,0,T1486
asset_4232,0.0033104508115205,0,0,T1486
asset_4233,0.0033104508114897,0,0,T1486
asset_4234,0.9042692805633136,1,1,T1486
asset_4235,0.0033454389836629,0,0,T1486
asset_4236,0.9042692805633136,1,1,T1486
asset_4237,0.9042692805633136,1,1,T1486
asset_4238,0.9042692805633136,1,0,T1486
asset_4239,0.0033104508115205,0,1,T1486
asset_4240,0.9042692805633136,1,0,T1486
asset_4241,0.9042692805633136,1,0,T1486
asset_4242,0.0033104508115097,0,0,T1486
asset_4243,0.0033104508115333,0,1,T1486
asset_4244,0.0033104508115225,0,1,T1486
asset_4245,0.9042692805633136,1,1,T1486
asset_4246,0.0033104508115294,0,0,T1486
asset_4247,0.9042692805633136,1,0,T1486
asset_4248,0.9042692805633136,1,0,T1486
asset_4249,0.0033104508115333,0,1,T1486
asset_4250,0.0033104508115784,0,0,T1486
asset_4251,0.9042692805633136,1,1,T1486
asset_4252,0.9042692805633136,1,0,T1486
asset_4253,0.9042692805633136,1,0,T1486
asset_4254,0.0033104508115333,0,0,T1486
asset_4255,0.9042692805633136,1,0,T1486
asset_4256,0.0033104462285538,0,1,T1486
asset_4257,0.0033454389830932,0,1,T1486
asset_4258,0.9042692805633136,1,0,T1486
asset_4259,0.0033104508115333,0,1,T1486
asset_4260,0.9042692805633136,1,1,T1486
asset_4261,0.0033104508115333,0,1,T1486
asset_4262,0.9042692805633136,1,1,T1486
asset_4263,0.0033104508115333,0,0,T1486
asset_4264,0.0033104508115869,0,0,T1486
asset_4265,0.9042692805633136,1,0,T1486
asset_4266,0.9042692805633136,1,0,T1486
asset_4267,0.9042692805633136,1,0,T1486
asset_4268,0.9042692805633136,1,1,T1486
asset_4269,0.0033104508115333,0,0,T1486
asset_4270,0.0033104508115333,0,0,T1486
asset_4271,0.0033104508115294,0,0,T1486
asset_4272,0.0033104508115784,0,1,T1486
asset_4273,0.0033104508115333,0,0,T1486
asset_4274,0.9042692805633136,1,1,T1486
asset_4275,0.0033104508115333,0,1,T1486
asset_4276,0.0033104508115333,0,0,T1486
asset_4277,0.0033104508115061,0,1,T1486
asset_4278,0.0033104508115097,0,1,T1486
asset_4279,0.9042692805633136,1,0,T1486
asset_4280,0.0033104508115333,0,1,T1486
asset_4281,0.9042692805633136,1,1,T1486
asset_4282,0.9042692805633136,1,0,T1486
asset_4283,0.0033104490923377,0,1,T1486
asset_4284,0.0033104508115309,0,1,T1486
asset_4285,0.0033104508115055,0,1,T1486
asset_4286,0.0033104508115309,0,1,T1486
asset_4287,0.9042692805633136,1,0,T1486
asset_4288,0.9042692805633136,1,0,T1486
asset_4289,0.0033104508115333,0,1,T1486
asset_4290,0.9042692805633136,1,0,T1486
asset_4291,0.0033104508115333,0,0,T1486
asset_4292,0.9042692805633136,1,0,T1486
asset_4293,0.0033104508115333,0,0,T1486
asset_4294,0.9042692805633136,1,1,T1486
asset_4295,0.0033104508115333,0,0,T1486
asset_4296,0.9042692805633136,1,0,T1486
asset_4297,0.9042692805633136,1,0,T1486
asset_4298,0.9042692805633136,1,0,T1486
asset_4299,0.0033104508115868,0,1,T1486
asset_4300,0.9042692805633136,1,0,T1486
asset_4301,0.9042692805633136,1,0,T1486
asset_4302,0.9042692805633136,1,0,T1486
asset_4303,0.0033104508115333,0,1,T1486
asset_4304,0.9042692805633136,1,1,T1486
asset_4305,0.9042692805633136,1,1,T1486
asset_4306,0.0033104508114618,0,1,T1486
asset_4307,0.0033104508115309,0,1,T1486
asset_4308,0.0033104508115333,0,1,T1486
asset_4309,0.9042692805633136,1,1,T1486
asset_4310,0.0033104508115205,0,1,T1486
asset_4311,0.0033104508115333,0,0,T1486
asset_4312,0.0038348346312891,0,0,T1486
asset_4313,0.9042692805633136,1,0,T1486
asset_4314,0.0033104508115333,0,0,T1486
asset_4315,0.9042692805633136,1,1,T1486
asset_4316,0.9042692805633136,1,1,T1486
asset_4317,0.0033104508115333,0,1,T1486
asset_4318,0.0033104508115333,0,1,T1486
asset_4319,0.0033104508115333,0,0,T1486
asset_4320,0.0033104508115333,0,1,T1486
asset_4321,0.9042692805633136,1,1,T1486
asset_4322,0.9042692805633136,1,1,T1486
asset_4323,0.0033104508115333,0,0,T1486
asset_4324,0.9042692805633136,1,0,T1486
asset_4325,0.9042692805633136,1,0,T1486
asset_4326,0.9042692805633136,1,1,T1486
asset_4327,0.9042692805633136,1,0,T1486
asset_4328,0.9042692805633136,1,0,T1486
asset_4329,0.0033104508115333,0,1,T1486
asset_4330,0.0033104508115333,0,0,T1486
asset_4331,0.0033104508115309,0,0,T1486
asset_4332,0.9042692805633136,1,0,T1486
asset_4333,0.0033104508115333,0,0,T1486
asset_4334,0.9042692805633136,1,1,T1486
asset_4335,0.0033454389836629,0,0,T1486
asset_4336,0.0033104508115333,0,1,T1486
asset_4337,0.0033104508115333,0,0,T1486
asset_4338,0.9042692805633136,1,1,T1486
asset_4339,0.9042692805633136,1,0,T1486
asset_4340,0.003310450811523,0,0,T1486
asset_4341,0.9042692805633136,1,1,T1486
asset_4342,0.9042692805633136,1,0,T1486
asset_4343,0.0033104508115333,0,0,T1486
asset_4344,0.0033104508115869,0,0,T1486
asset_4345,0.0033104508115293,0,0,T1486
asset_4346,0.9042692805633136,1,1,T1486
asset_4347,0.9042692805633136,1,0,T1486
asset_4348,0.9042692805633136,1,0,T1486
asset_4349,0.0033104508115333,0,0,T1486
asset_4350,0.9042692805633136,1,1,T1486
asset_4351,0.9042692805633136,1,0,T1486
asset_4352,0.0033104508115333,0,0,T1486
asset_4353,0.9042692805633136,1,0,T1486
asset_4354,0.9042692805633136,1,0,T1486
asset_4355,0.0033104508115318,0,1,T1486
asset_4356,0.0033104508114893,0,0,T1486
asset_4357,0.9042692805633136,1,0,T1486
asset_4358,0.9042692805633136,1,0,T1486
asset_4359,0.9042692805633136,1,0,T1486
asset_4360,0.0033104508115333,0,0,T1486
asset_4361,0.9042692805633136,1,1,T1486
asset_4362,0.9042692805633136,1,1,T1486
asset_4363,0.0033104508115333,0,1,T1486
asset_4364,0.9042692805633136,1,0,T1486
asset_4365,0.0033104508115333,0,1,T1486
asset_4366,0.0033104508114935,0,0,T1486
asset_4367,0.9042692805633136,1,0,T1486
asset_4368,0.0033104508115333,0,0,T1486
asset_4369,0.9042692805633136,1,1,T1486
asset_4370,0.9042692805633136,1,1,T1486
asset_4371,0.9042692805633136,1,0,T1486
asset_4372,0.0033104508115333,0,1,T1486
asset_4373,0.9042692805633136,1,1,T1486
asset_4374,0.9042692805633136,1,1,T1486
asset_4375,0.9042692805633136,1,1,T1486
asset_4376,0.0033104508115333,0,0,T1486
asset_4377,0.003310450811489,0,1,T1486
asset_4378,0.9042692805633136,1,1,T1486
asset_4379,0.9042692805633136,1,0,T1486
asset_4380,0.9042692805633136,1,0,T1486
asset_4381,0.9042692805633136,1,0,T1486
asset_4382,0.9042692805633136,1,1,T1486
asset_4383,0.0033104508115205,0,0,T1486
asset_4384,0.9042692805633136,1,0,T1486
asset_4385,0.0033104508115309,0,0,T1486
asset_4386,0.0033104508115333,0,0,T1486
asset_4387,0.9042692805633136,1,1,T1486
asset_4388,0.0033104508115333,0,1,T1486
asset_4389,0.9042692805633136,1,1,T1486
asset_4390,0.9042692805633136,1,0,T1486
asset_4391,0.0033104508115333,0,0,T1486
asset_4392,0.0033104508115333,0,0,T1486
asset_4393,0.9042692805633136,1,0,T1486
asset_4394,0.9042692805633136,1,0,T1486
asset_4395,0.9042692805633136,1,0,T1486
asset_4396,0.0033104508115333,0,0,T1486
asset_4397,0.003310450811489,0,1,T1486
asset_4398,0.0033104508115333,0,0,T1486
asset_4399,0.9042692805633136,1,0,T1486
asset_4400,0.0033104499672667,0,0,T1486
asset_4401,0.0033104508115333,0,1,T1486
asset_4402,0.0033104508115333,0,1,T1486
asset_4403,0.9042692805633136,1,0,T1486
asset_4404,0.0033104508115309,0,1,T1486
asset_4405,0.9042692805633136,1,0,T1486
asset_4406,0.0033104508115843,0,0,T1486
asset_4407,0.9042692805633136,1,1,T1486
asset_4408,0.0033104508115333,0,0,T1486
asset_4409,0.9042692805633136,1,0,T1486
asset_4410,0.9042692805633136,1,0,T1486
asset_4411,0.9042692805633136,1,1,T1486
asset_4412,0.9042692805633136,1,0,T1486
asset_4413,0.0033104508115205,0,0,T1486
asset_4414,0.9042692805633136,1,1,T1486
asset_4415,0.0033104508115333,0,1,T1486
asset_4416,0.9042692805633136,1,1,T1486
asset_4417,0.9042692805633136,1,0,T1486
asset_4418,0.9042692805633136,1,1,T1486
asset_4419,0.9042692805633136,1,0,T1486
asset_4420,0.9042692805633136,1,1,T1486
asset_4421,0.0033104508115868,0,0,T1486
asset_4422,0.0033104508115333,0,0,T1486
asset_4423,0.9042692805633136,1,0,T1486
asset_4424,0.9042692805633136,1,0,T1486
asset_4425,0.9042692805633136,1,0,T1486
asset_4426,0.0033104508114616,0,1,T1486
asset_4427,0.0033104508115293,0,0,T1486
asset_4428,0.0033104508115146,0,1,T1486
asset_4429,0.0033104508115163,0,0,T1486
asset_4430,0.9042692805633136,1,0,T1486
asset_4431,0.9042692805633136,1,0,T1486
asset_4432,0.9042692805633136,1,1,T1486
asset_4433,0.0033104508115333,0,1,T1486
asset_4434,0.0033104508115309,0,1,T1486
asset_4435,0.0033104508115225,0,1,T1486
asset_4436,0.9042692805633136,1,0,T1486
asset_4437,0.9042692805633136,1,0,T1486
asset_4438,0.9042692805633136,1,1,T1486
asset_4439,0.003310450811521,0,1,T1486
asset_4440,0.9042692805633136,1,1,T1486
asset_4441,0.0033104508115205,0,0,T1486
asset_4442,0.9042692805633136,1,1,T1486
asset_4443,0.9042692805633136,1,1,T1486
asset_4444,0.0033104508115333,0,0,T1486
asset_4445,0.0033104508115333,0,1,T1486
asset_4446,0.9042692805633136,1,0,T1486
asset_4447,0.9042692805633136,1,0,T1486
asset_4448,0.0033104508115333,0,1,T1486
asset_4449,0.0033104508115333,0,0,T1486
asset_4450,0.9042692805633136,1,1,T1486
asset_4451,0.9042692805633136,1,0,T1486
asset_4452,0.9042692805633136,1,0,T1486
asset_4453,0.9042692805633136,1,1,T1486
asset_4454,0.0033104508115309,0,0,T1486
asset_4455,0.9042692805633136,1,0,T1486
asset_4456,0.0033104508115186,0,0,T1486
asset_4457,0.9042692805633136,1,1,T1486
asset_4458,0.0033104508115333,0,0,T1486
asset_4459,0.9042692805633136,1,0,T1486
asset_4460,0.0033104508115333,0,0,T1486
asset_4461,0.0033104508115205,0,0,T1486
asset_4462,0.9042692805633136,1,0,T1486
asset_4463,0.9042692805633136,1,1,T1486
asset_4464,0.9042692805633136,1,0,T1486
asset_4465,0.0033104508115333,0,0,T1486
asset_4466,0.0033104508115309,0,1,T1486
asset_4467,0.0033104508115309,0,1,T1486
asset_4468,0.9042692805633136,1,0,T1486
asset_4469,0.9042692805633136,1,1,T1486
asset_4470,0.9042692805633136,1,1,T1486
asset_4471,0.9042692805633136,1,1,T1486
asset_4472,0.9042692805633136,1,1,T1486
asset_4473,0.0033104508115333,0,1,T1486
asset_4474,0.0033104508114786,0,1,T1486
asset_4475,0.0033104508115868,0,0,T1486
asset_4476,0.0033104508115333,0,1,T1486
asset_4477,0.0033104464221243,0,0,T1486
asset_4478,0.0033104508115333,0,1,T1486
asset_4479,0.9042692805633136,1,0,T1486
asset_4480,0.9042692805633136,1,0,T1486
asset_4481,0.003310450811531,0,0,T1486
asset_4482,0.9042692805633136,1,1,T1486
asset_4483,0.0038345488388173,0,0,T1486
asset_4484,0.0033104508115309,0,0,T1486
asset_4485,0.9042692805633136,1,1,T1486
asset_4486,0.0033104508114677,0,1,T1486
asset_4487,0.9042692805633136,1,0,T1486
asset_4488,0.9042692805633136,1,0,T1486
asset_4489,0.0033104508115333,0,0,T1486
asset_4490,0.0033104508115333,0,0,T1486
asset_4491,0.9042692805633136,1,0,T1486
asset_4492,0.0033104508115225,0,0,T1486
asset_4493,0.0033104508115294,0,0,T1486
asset_4494,0.9042692805633136,1,0,T1486
asset_4495,0.9042692805633136,1,1,T1486
asset_4496,0.9042692805633136,1,0,T1486
asset_4497,0.0033104508115333,0,1,T1486
asset_4498,0.0033104508115333,0,0,T1486
asset_4499,0.0033104508115333,0,1,T1486
asset_4500,0.0033104508115333,0,0,T1486
asset_4501,0.9042692805633136,1,0,T1486
asset_4502,0.9042692805633136,1,1,T1486
asset_4503,0.0033104508115225,0,1,T1486
asset_4504,0.9042692805633136,1,1,T1486
asset_4505,0.0033104508115333,0,0,T1486
asset_4506,0.9042692805633136,1,1,T1486
asset_4507,0.0033104508115333,0,1,T1486
asset_4508,0.0033104508115205,0,1,T1486
asset_4509,0.0041206952685782,0,0,T1486
asset_4510,0.0033104508115333,0,1,T1486
asset_4511,0.9042692805633136,1,0,T1486
asset_4512,0.0033104508115333,0,1,T1486
asset_4513,0.0033104508115333,0,0,T1486
asset_4514,0.9042692805633136,1,0,T1486
asset_4515,0.0033104508115333,0,1,T1486
asset_4516,0.9042692805633136,1,1,T1486
asset_4517,0.0033104508115333,0,0,T1486
asset_4518,0.9042692805633136,1,0,T1486
asset_4519,0.0033104508115333,0,1,T1486
asset_4520,0.9042692805633136,1,0,T1486
asset_4521,0.9042692805633136,1,0,T1486
asset_4522,0.0033104508115225,0,1,T1486
asset_4523,0.9042692805633136,1,0,T1486
asset_4524,0.0033104508115318,0,0,T1486
asset_4525,0.0033104508115333,0,1,T1486
asset_4526,0.9042692805633136,1,1,T1486
asset_4527,0.9042692805633136,1,0,T1486
asset_4528,0.9042692805633136,1,0,T1486
asset_4529,0.9042692805633136,1,1,T1486
asset_4530,0.0033104508115868,0,0,T1486
asset_4531,0.9042692805633136,1,1,T1486
asset_4532,0.9042692805633136,1,0,T1486
asset_4533,0.9042692805633136,1,0,T1486
asset_4534,0.0033104508115333,0,1,T1486
asset_4535,0.0033104508115333,0,0,T1486
asset_4536,0.0033104508114677,0,1,T1486
asset_4537,0.9042692805633136,1,0,T1486
asset_4538,0.0033104508115318,0,0,T1486
asset_4539,0.0033104508115868,0,0,T1486
asset_4540,0.9042692805633136,1,0,T1486
asset_4541,0.9042692805633136,1,1,T1486
asset_4542,0.9042692805633136,1,0,T1486
asset_4543,0.9042692805633136,1,1,T1486
asset_4544,0.0033104508115333,0,1,T1486
asset_4545,0.9042692805633136,1,0,T1486
asset_4546,0.0033104508115333,0,1,T1486
asset_4547,0.0033104508115333,0,1,T1486
asset_4548,0.9042692805633136,1,0,T1486
asset_4549,0.9042692805633136,1,1,T1486
asset_4550,0.0033104508115333,0,0,T1486
asset_4551,0.0033104508114618,0,1,T1486
asset_4552,0.9042692805633136,1,1,T1486
asset_4553,0.9042692805633136,1,0,T1486
asset_4554,0.0033104468656574,0,0,T1486
asset_4555,0.9042692805633136,1,0,T1486
asset_4556,0.9042692805633136,1,1,T1486
asset_4557,0.0033104508115225,0,1,T1486
asset_4558,0.9042692805633136,1,1,T1486
asset_4559,0.9042692805633136,1,0,T1486
asset_4560,0.9042692805633136,1,1,T1486
asset_4561,0.9042692805633136,1,1,T1486
asset_4562,0.0033104508115333,0,0,T1486
asset_4563,0.9042692805633136,1,0,T1486
asset_4564,0.9042692805633136,1,1,T1486
asset_4565,0.0033104508115309,0,1,T1486
asset_4566,0.0033454389836629,0,1,T1486
asset_4567,0.9042692805633136,1,1,T1486
asset_4568,0.0033104508115333,0,1,T1486
asset_4569,0.0033104508115333,0,0,T1486
asset_4570,0.9042692805633136,1,1,T1486
asset_4571,0.0033104508115333,0,0,T1486
asset_4572,0.9042692805633136,1,1,T1486
asset_4573,0.0033104508115333,0,0,T1486
asset_4574,0.0033104508115333,0,1,T1486
asset_4575,0.0033104508115205,0,0,T1486
asset_4576,0.0033104508115333,0,0,T1486
asset_4577,0.0033104508115293,0,0,T1486
asset_4578,0.0033104508115294,0,0,T1486
asset_4579,0.0033104508115333,0,0,T1486
asset_4580,0.9042692805633136,1,1,T1486
asset_4581,0.9042692805633136,1,0,T1486
asset_4582,0.9042692805633136,1,0,T1486
asset_4583,0.9042692805633136,1,1,T1486
asset_4584,0.0033104508115333,0,1,T1486
asset_4585,0.0033104508115333,0,1,T1486
asset_4586,0.9042692805633136,1,0,T1486
asset_4587,0.0033104508115333,0,0,T1486
asset_4588,0.9042692805633136,1,1,T1486
asset_4589,0.9042692805633136,1,0,T1486
asset_4590,0.0033104508115333,0,0,T1486
asset_4591,0.0033104508115309,0,1,T1486
asset_4592,0.9042692805633136,1,1,T1486
asset_4593,0.0033104508115333,0,1,T1486
asset_4594,0.0033104508115333,0,1,T1486
asset_4595,0.9042692805633136,1,0,T1486
asset_4596,0.9042692805633136,1,1,T1486
asset_4597,0.0033104508115309,0,0,T1486
asset_4598,0.0033104508115333,0,0,T1486
asset_4599,0.9042692805633136,1,0,T1486
asset_4600,0.0033104508115868,0,0,T1486
asset_4601,0.0033104508115333,0,1,T1486
asset_4602,0.9042692805633136,1,0,T1486
asset_4603,0.0033104508115333,0,0,T1486
asset_4604,0.9042692805633136,1,1,T1486
asset_4605,0.0033104508115333,0,0,T1486
asset_4606,0.0033104508114895,0,1,T1486
asset_4607,0.9042692805633136,1,0,T1486
asset_4608,0.9042692805633136,1,0,T1486
asset_4609,0.9042692805633136,1,0,T1486
asset_4610,0.0033104508115333,0,1,T1486
asset_4611,0.0033104508118171,0,0,T1486
asset_4612,0.9042692805633136,1,1,T1486
asset_4613,0.9042692805633136,1,1,T1486
asset_4614,0.9042692805633136,1,1,T1486
asset_4615,0.0033804668626575,0,1,T1486
asset_4616,0.9042692805633136,1,0,T1486
asset_4617,0.9042692805633136,1,1,T1486
asset_4618,0.0033104508115333,0,0,T1486
asset_4619,0.0033104508119878,0,1,T1486
asset_4620,0.0033104464221243,0,0,T1486
asset_4621,0.9042692805633136,1,0,T1486
asset_4622,0.0033104508115333,0,1,T1486
asset_4623,0.9042692805633136,1,0,T1486
asset_4624,0.9042692805633136,1,0,T1486
asset_4625,0.9042692805633136,1,0,T1486
asset_4626,0.9042692805633136,1,0,T1486
asset_4627,0.9042692805633136,1,0,T1486
asset_4628,0.0033104508115018,0,1,T1486
asset_4629,0.0033104508115333,0,1,T1486
asset_4630,0.9042692805633136,1,0,T1486
asset_4631,0.003310450811489,0,0,T1486
asset_4632,0.0033104468656574,0,1,T1486
asset_4633,0.9042692805633136,1,0,T1486
asset_4634,0.9042692805633136,1,0,T1486
asset_4635,0.9042692805633136,1,1,T1486
asset_4636,0.9042692805633136,1,1,T1486
asset_4637,0.0033104508115097,0,0,T1486
asset_4638,0.9042692805633136,1,0,T1486
asset_4639,0.9042692805633136,1,1,T1486
asset_4640,0.0033104508115333,0,0,T1486
asset_4641,0.9042692805633136,1,1,T1486
asset_4642,0.0033104508115333,0,0,T1486
asset_4643,0.0033104508115294,0,1,T1486
asset_4644,0.0033104508115333,0,0,T1486
asset_4645,0.0033104508115205,0,0,T1486
asset_4646,0.9042692805633136,1,0,T1486
asset_4647,0.9042692805633136,1,1,T1486
asset_4648,0.9042692805633136,1,0,T1486
asset_4649,0.9042692805633136,1,0,T1486
asset_4650,0.0033104508115333,0,1,T1486
asset_4651,0.0033104508115333,0,1,T1486
asset_4652,0.9042692805633136,1,1,T1486
asset_4653,0.0033104508115333,0,0,T1486
asset_4654,0.0033104508115333,0,0,T1486
asset_4655,0.9042692805633136,1,0,T1486
asset_4656,0.9042692805633136,1,1,T1486
asset_4657,0.9042692805633136,1,1,T1486
asset_4658,0.9042692805633136,1,1,T1486
asset_4659,0.9042692805633136,1,1,T1486
asset_4660,0.0033104508115333,0,1,T1486
asset_4661,0.0033104508115333,0,0,T1486
asset_4662,0.0033104508115205,0,1,T1486
asset_4663,0.0033104490005228,0,0,T1486
asset_4664,0.9042692805633136,1,1,T1486
asset_4665,0.9042692805633136,1,1,T1486
asset_4666,0.9042692805633136,1,1,T1486
asset_4667,0.0033104508115333,0,0,T1486
asset_4668,0.9042692805633136,1,0,T1486
asset_4669,0.0033104508115058,0,0,T1486
asset_4670,0.9042692805633136,1,1,T1486
asset_4671,0.9042692805633136,1,1,T1486
asset_4672,0.9042692805633136,1,1,T1486
asset_4673,0.0033104508115294,0,1,T1486
asset_4674,0.9042692805633136,1,1,T1486
asset_4675,0.9042692805633136,1,1,T1486
asset_4676,0.9042692805633136,1,1,T1486
asset_4677,0.9042692805633136,1,0,T1486
asset_4678,0.9042692805633136,1,0,T1486
asset_4679,0.0033104508115205,0,0,T1486
asset_4680,0.9042692805633136,1,1,T1486
asset_4681,0.0033104508115205,0,0,T1486
asset_4682,0.0033104508114785,0,1,T1486
asset_4683,0.0033104508115309,0,1,T1486
asset_4684,0.0033104508115333,0,1,T1486
asset_4685,0.9042692805633136,1,0,T1486
asset_4686,0.0033104508115049,0,1,T1486
asset_4687,0.9042692805633136,1,0,T1486
asset_4688,0.9042692805633136,1,1,T1486
asset_4689,0.9042692805633136,1,1,T1486
asset_4690,0.9042692805633136,1,0,T1486
asset_4691,0.0033104508115333,0,1,T1486
asset_4692,0.0033104508115333,0,1,T1486
asset_4693,0.9042692805633136,1,0,T1486
asset_4694,0.9042692805633136,1,0,T1486
asset_4695,0.9042692805633136,1,1,T1486
asset_4696,0.0033104508114933,0,0,T1486
asset_4697,0.9042692805633136,1,1,T1486
asset_4698,0.0033104508115333,0,1,T1486
asset_4699,0.0033104508115205,0,0,T1486
asset_4700,0.9042692805633136,1,1,T1486
asset_4701,0.0033104508115333,0,1,T1486
asset_4702,0.0033104508115333,0,0,T1486
asset_4703,0.0033104508115333,0,0,T1486
asset_4704,0.9042692805633136,1,0,T1486
asset_4705,0.0033104508115333,0,0,T1486
asset_4706,0.9042692805633136,1,1,T1486
asset_4707,0.0033104508115333,0,1,T1486
asset_4708,0.9042692805633136,1,1,T1486
asset_4709,0.0033104508115333,0,0,T1486
asset_4710,0.9042692805633136,1,1,T1486
asset_4711,0.0033104508115784,0,1,T1486
asset_4712,0.9042692805633136,1,1,T1486
asset_4713,0.0033104508115333,0,0,T1486
asset_4714,0.0033104508115225,0,1,T1486
asset_4715,0.9042692805633136,1,1,T1486
asset_4716,0.9042692805633136,1,0,T1486
asset_4717,0.9042692805633136,1,0,T1486
asset_4718,0.9042692805633136,1,0,T1486
asset_4719,0.9042692805633136,1,0,T1486
asset_4720,0.0033104508115333,0,0,T1486
asset_4721,0.9042692805633136,1,0,T1486
asset_4722,0.9042692805633136,1,0,T1486
asset_4723,0.9042692805633136,1,0,T1486
asset_4724,0.0033104508115186,0,0,T1486
asset_4725,0.0033104508115333,0,0,T1486
asset_4726,0.9042692805633136,1,1,T1486
asset_4727,0.0033104508115223,0,0,T1486
asset_4728,0.0033104508115294,0,1,T1486
asset_4729,0.0033104508115333,0,0,T1486
asset_4730,0.0033104508115333,0,0,T1486
asset_4731,0.9042692805633136,1,1,T1486
asset_4732,0.0033104508115333,0,0,T1486
asset_4733,0.0033104508115333,0,1,T1486
asset_4734,0.9042692805633136,1,0,T1486
asset_4735,0.0033104508115333,0,1,T1486
asset_4736,0.0033104508115309,0,0,T1486
asset_4737,0.9042692805633136,1,0,T1486
asset_4738,0.0033104508115333,0,0,T1486
asset_4739,0.0033104508115333,0,0,T1486
asset_4740,0.9042692805633136,1,0,T1486
asset_4741,0.9042692805633136,1,0,T1486
asset_4742,0.9042692805633136,1,1,T1486
asset_4743,0.0033104508115309,0,0,T1486
asset_4744,0.9042692805633136,1,0,T1486
asset_4745,0.9042692805633136,1,1,T1486
asset_4746,0.0033104508115868,0,1,T1486
asset_4747,0.9042692805633136,1,0,T1486
asset_4748,0.9042692805633136,1,0,T1486
asset_4749,0.0033104508115333,0,1,T1486
asset_4750,0.9042692805633136,1,0,T1486
asset_4751,0.0033104508115333,0,0,T1486
asset_4752,0.9042692805633136,1,1,T1486
asset_4753,0.0033104508115225,0,0,T1486
asset_4754,0.9042692805633136,1,0,T1486
asset_4755,0.9042692805633136,1,0,T1486
asset_4756,0.9042692805633136,1,1,T1486
asset_4757,0.0033104508115333,0,1,T1486
asset_4758,0.9042692805633136,1,1,T1486
asset_4759,0.9042692805633136,1,1,T1486
asset_4760,0.0033104508115333,0,0,T1486
asset_4761,0.0033104508115333,0,0,T1486
asset_4762,0.9042692805633136,1,1,T1486
asset_4763,0.9042692805633136,1,1,T1486
asset_4764,0.9042692805633136,1,0,T1486
asset_4765,0.9042692805633136,1,1,T1486
asset_4766,0.0033104508115333,0,1,T1486
asset_4767,0.9042692805633136,1,0,T1486
asset_4768,0.0033104508115205,0,1,T1486
asset_4769,0.0033104508115309,0,1,T1486
asset_4770,0.9042692805633136,1,1,T1486
asset_4771,0.9042692805633136,1,1,T1486
asset_4772,0.0033104508115868,0,1,T1486
asset_4773,0.9042692805633136,1,1,T1486
asset_4774,0.0033104508115333,0,0,T1486
asset_4775,0.9042692805633136,1,0,T1486
asset_4776,0.9042692805633136,1,1,T1486
asset_4777,0.9042692805633136,1,0,T1486
asset_4778,0.9042692805633136,1,0,T1486
asset_4779,0.9042692805633136,1,0,T1486
asset_4780,0.0033104508114616,0,0,T1486
asset_4781,0.9042692805633136,1,1,T1486
asset_4782,0.9042692805633136,1,0,T1486
asset_4783,0.0033104508117222,0,1,T1486
asset_4784,0.0033104508115167,0,1,T1486
asset_4785,0.9042692805633136,1,0,T1486
asset_4786,0.0033104508115333,0,0,T1486
asset_4787,0.9042692805633136,1,0,T1486
asset_4788,0.9042692805633136,1,1,T1486
asset_4789,0.9042692805633136,1,0,T1486
asset_4790,0.9042692805633136,1,0,T1486
asset_4791,0.9042692805633136,1,1,T1486
asset_4792,0.0033104508115186,0,1,T1486
asset_4793,0.0033104508115058,0,0,T1486
asset_4794,0.9042692805633136,1,0,T1486
asset_4795,0.9042692805633136,1,1,T1486
asset_4796,0.0033104508115333,0,1,T1486
asset_4797,0.9042692805633136,1,1,T1486
asset_4798,0.9042692805633136,1,0,T1486
asset_4799,0.0033104508135067,0,0,T1486
asset_4800,0.9042692805633136,1,1,T1486
asset_4801,0.0033104508115333,0,0,T1486
asset_4802,0.9042692805633136,1,0,T1486
asset_4803,0.9042692805633136,1,0,T1486
asset_4804,0.9042692805633136,1,0,T1486
asset_4805,0.0033104508115293,0,0,T1486
asset_4806,0.0033104508115061,0,1,T1486
asset_4807,0.0033104508115333,0,0,T1486
asset_4808,0.9042692805633136,1,0,T1486
asset_4809,0.9042692805633136,1,1,T1486
asset_4810,0.0033104508115333,0,1,T1486
asset_4811,0.9042692805633136,1,1,T1486
asset_4812,0.9042692805633136,1,1,T1486
asset_4813,0.9042692805633136,1,0,T1486
asset_4814,0.9042692805633136,1,0,T1486
asset_4815,0.0033104508115309,0,0,T1486
asset_4816,0.0033104508115208,0,0,T1486
asset_4817,0.9042692805633136,1,1,T1486
asset_4818,0.0033104508115333,0,1,T1486
asset_4819,0.9042692805633136,1,0,T1486
asset_4820,0.0033104508115309,0,0,T1486
asset_4821,0.9042692805633136,1,0,T1486
asset_4822,0.9042692805633136,1,0,T1486
asset_4823,0.0033104508115294,0,0,T1486
asset_4824,0.0033104508115333,0,0,T1486
asset_4825,0.9042692805633136,1,0,T1486
asset_4826,0.9042692805633136,1,1,T1486
asset_4827,0.003310450811489,0,1,T1486
asset_4828,0.9042692805633136,1,0,T1486
asset_4829,0.0033104508115294,0,0,T1486
asset_4830,0.0033104508115333,0,0,T1486
asset_4831,0.9042692805633136,1,0,T1486
asset_4832,0.9042692805633136,1,1,T1486
asset_4833,0.0033104508115333,0,1,T1486
asset_4834,0.9042692805633136,1,0,T1486
asset_4835,0.9042692805633136,1,0,T1486
asset_4836,0.9042692805633136,1,1,T1486
asset_4837,0.0033104508115333,0,1,T1486
asset_4838,0.0033104508115061,0,1,T1486
asset_4839,0.9042692805633136,1,1,T1486
asset_4840,0.0033104508115309,0,0,T1486
asset_4841,0.9042692805633136,1,1,T1486
asset_4842,0.9042692805633136,1,1,T1486
asset_4843,0.0033104508115843,0,0,T1486
asset_4844,0.0033104508115225,0,1,T1486
asset_4845,0.0033104508115333,0,1,T1486
asset_4846,0.9042692805633136,1,1,T1486
asset_4847,0.9042692805633136,1,1,T1486
asset_4848,0.0033104508115205,0,0,T1486
asset_4849,0.0033104508114785,0,0,T1486
asset_4850,0.9042692805633136,1,0,T1486
asset_4851,0.9042692805633136,1,1,T1486
asset_4852,0.9042692805633136,1,0,T1486
asset_4853,0.0033104389333239,0,1,T1486
asset_4854,0.0033104508115046,0,1,T1486
asset_4855,0.0033104508114935,0,1,T1486
asset_4856,0.9042692805633136,1,0,T1486
asset_4857,0.0033104508114889,0,0,T1486
asset_4858,0.9042692805633136,1,0,T1486
asset_4859,0.9042692805633136,1,0,T1486
asset_4860,0.0033104464221243,0,0,T1486
asset_4861,0.0033104508115333,0,0,T1486
asset_4862,0.9042692805633136,1,0,T1486
asset_4863,0.9042692805633136,1,1,T1486
asset_4864,0.9042692805633136,1,0,T1486
asset_4865,0.0033104508115333,0,1,T1486
asset_4866,0.0033104508115333,0,0,T1486
asset_4867,0.9042692805633136,1,0,T1486
asset_4868,0.0033104508115333,0,1,T1486
asset_4869,0.0033104508115333,0,1,T1486
asset_4870,0.0033104508115099,0,0,T1486
asset_4871,0.0033104508114935,0,1,T1486
asset_4872,0.0033104508114618,0,0,T1486
asset_4873,0.9042692805633136,1,0,T1486
asset_4874,0.0033104508115146,0,0,T1486
asset_4875,0.0033104508115225,0,1,T1486
asset_4876,0.9042692805633136,1,0,T1486
asset_4877,0.9042692805633136,1,0,T1486
asset_4878,0.0033804806987569,0,0,T1486
asset_4879,0.0033104508114618,0,1,T1486
asset_4880,0.9042692805633136,1,1,T1486
asset_4881,0.9042692805633136,1,1,T1486
asset_4882,0.9042692805633136,1,1,T1486
asset_4883,0.9042692805633136,1,1,T1486
asset_4884,0.9042692805633136,1,0,T1486
asset_4885,0.0033104508115333,0,1,T1486
asset_4886,0.9042692805633136,1,0,T1486
asset_4887,0.0033104508115333,0,0,T1486
asset_4888,0.9042692805633136,1,1,T1486
asset_4889,0.0033454389817491,0,1,T1486
asset_4890,0.9042692805633136,1,1,T1486
asset_4891,0.0033104508115333,0,0,T1486
asset_4892,0.9042692805633136,1,1,T1486
asset_4893,0.9042692805633136,1,0,T1486
asset_4894,0.9042692805633136,1,1,T1486
asset_4895,0.9042692805633136,1,1,T1486
asset_4896,0.0033104508115333,0,1,T1486
asset_4897,0.9042692805633136,1,0,T1486
asset_4898,0.9042692805633136,1,1,T1486
asset_4899,0.9042692805633136,1,0,T1486
asset_4900,0.9042692805633136,1,1,T1486
asset_4901,0.9042692805633136,1,0,T1486
asset_4902,0.9042692805633136,1,0,T1486
asset_4903,0.9042692805633136,1,0,T1486
asset_4904,0.9042692805633136,1,1,T1486
asset_4905,0.0033104508115333,0,1,T1486
asset_4906,0.9042692805633136,1,1,T1486
asset_4907,0.0033104508115333,0,0,T1486
asset_4908,0.9042692805633136,1,1,T1486
asset_4909,0.9042692805633136,1,0,T1486
asset_4910,0.0033104508115333,0,0,T1486
asset_4911,0.0033104508115333,0,1,T1486
asset_4912,0.9042692805633136,1,0,T1486
asset_4913,0.0033104508115333,0,0,T1486
asset_4914,0.0033104508115333,0,0,T1486
asset_4915,0.0033104508115333,0,0,T1486
asset_4916,0.9042692805633136,1,1,T1486
asset_4917,0.0033104508115333,0,0,T1486
asset_4918,0.9042692805633136,1,0,T1486
asset_4919,0.9042692805633136,1,0,T1486
asset_4920,0.0033104508115049,0,1,T1486
asset_4921,0.0033104508115333,0,1,T1486
asset_4922,0.9042692805633136,1,1,T1486
asset_4923,0.0033104508115333,0,0,T1486
asset_4924,0.9042692805633136,1,1,T1486
asset_4925,0.9042692805633136,1,0,T1486
asset_4926,0.0033104508115061,0,1,T1486
asset_4927,0.0033104508115333,0,1,T1486
asset_4928,0.0033104508115333,0,1,T1486
asset_4929,0.0033104508115333,0,1,T1486
asset_4930,0.9042692805633136,1,0,T1486
asset_4931,0.9042692805633136,1,0,T1486
asset_4932,0.9042692805633136,1,1,T1486
asset_4933,0.0033104508115333,0,0,T1486
asset_4934,0.0033104508115333,0,0,T1486
asset_4935,0.0033104508115318,0,1,T1486
asset_4936,0.9042692805633136,1,1,T1486
asset_4937,0.9042692805633136,1,0,T1486
asset_4938,0.0033104508115868,0,0,T1486
asset_4939,0.9042692805633136,1,0,T1486
asset_4940,0.0033104508115333,0,0,T1486
asset_4941,0.0033104508115294,0,0,T1486
asset_4942,0.9042692805633136,1,1,T1486
asset_4943,0.0033104508115309,0,1,T1486
asset_4944,0.9042692805633136,1,1,T1486
asset_4945,0.0033104508115333,0,1,T1486
asset_4946,0.9042692805633136,1,1,T1486
asset_4947,0.0033104508115333,0,0,T1486
asset_4948,0.0033104508115225,0,0,T1486
asset_4949,0.9042692805633136,1,1,T1486
asset_4950,0.0033104508115333,0,1,T1486
asset_4951,0.0033104508115307,0,1,T1486
asset_4952,0.0033104508115333,0,1,T1486
asset_4953,0.0033104508114616,0,0,T1486
asset_4954,0.9042692805633136,1,0,T1486
asset_4955,0.0033104508114935,0,1,T1486
asset_4956,0.0033104508115333,0,1,T1486
asset_4957,0.9042692805633136,1,1,T1486
asset_4958,0.9042692805633136,1,0,T1486
asset_4959,0.0033104508115333,0,0,T1486
asset_4960,0.0033104508115868,0,0,T1486
asset_4961,0.0033104508115333,0,0,T1486
asset_4962,0.9042692805633136,1,1,T1486
asset_4963,0.9042692805633136,1,1,T1486
asset_4964,0.9042692805633136,1,1,T1486
asset_4965,0.9042692805633136,1,1,T1486
asset_4966,0.0033104508115333,0,0,T1486
asset_4967,0.003310450811489,0,0,T1486
asset_4968,0.9042692805633136,1,1,T1486
asset_4969,0.0033104508115333,0,1,T1486
asset_4970,0.9042692805633136,1,0,T1486
asset_4971,0.0033104508115333,0,0,T1486
asset_4972,0.0033104508115333,0,1,T1486
asset_4973,0.0033104499673624,0,0,T1486
asset_4974,0.0033104508115333,0,0,T1486
asset_4975,0.9042692805633136,1,1,T1486
asset_4976,0.9042692805633136,1,0,T1486
asset_4977,0.9042692805633136,1,1,T1486
asset_4978,0.9042692805633136,1,0,T1486
asset_4979,0.0033104508114935,0,1,T1486
asset_4980,0.0033104508115333,0,1,T1486
asset_4981,0.9042692805633136,1,1,T1486
asset_4982,0.9042692805633136,1,0,T1486
asset_4983,0.9042692805633136,1,0,T1486
asset_4984,0.0034876895568891,0,1,T1486
asset_4985,0.0033104508115309,0,0,T1486
asset_4986,0.0033104508115205,0,0,T1486
asset_4987,0.9042692805633136,1,1,T1486
asset_4988,0.0033104508115333,0,1,T1486
asset_4989,0.0033104508114897,0,0,T1486
asset_4990,0.0033454389836629,0,1,T1486
asset_4991,0.9042692805633136,1,0,T1486
asset_4992,0.9042692805633136,1,1,T1486
asset_4993,0.9042692805633136,1,1,T1486
asset_4994,0.9042692805633136,1,1,T1486
asset_4995,0.0033104508115333,0,1,T1486
asset_4996,0.0033104508115097,0,1,T1486
asset_4997,0.0033104499673624,0,1,T1486
asset_4998,0.9042692805633136,1,0,T1486
asset_4999,0.9042692805633136,1,0,T1486
asset_5000,0.9042692805633136,1,1,T1486
asset_5001,0.003310450811489,0,0,T1486
asset_5002,0.9042692805633136,1,1,T1486
asset_5003,0.9042692805633136,1,0,T1486
asset_5004,0.9042692805633136,1,0,T1486
asset_5005,0.9042692805633136,1,1,T1486
asset_5006,0.0033104508115333,0,0,T1486
asset_5007,0.9042692805633136,1,1,T1486
asset_5008,0.0033104508115318,0,0,T1486
asset_5009,0.0033104508115205,0,1,T1486
asset_5010,0.9042692805633136,1,0,T1486
asset_5011,0.9042692805633136,1,0,T1486
asset_5012,0.0033104508115146,0,0,T1486
asset_5013,0.0033104508115333,0,1,T1486
asset_5014,0.003310450811576,0,0,T1486
asset_5015,0.9042692805633136,1,1,T1486
asset_5016,0.9042692805633136,1,0,T1486
asset_5017,0.9042692805633136,1,1,T1486
asset_5018,0.0033104508115205,0,1,T1486
asset_5019,0.9042692805633136,1,1,T1486
asset_5020,0.0033104508115225,0,1,T1486
asset_5021,0.9042692805633136,1,1,T1486
asset_5022,0.9042692805633136,1,1,T1486
asset_5023,0.0033104508115333,0,0,T1486
asset_5024,0.0033104508115333,0,1,T1486
asset_5025,0.0033104508115333,0,0,T1486
asset_5026,0.9042692805633136,1,1,T1486
asset_5027,0.9042692805633136,1,1,T1486
asset_5028,0.0033104508114616,0,1,T1486
asset_5029,0.0033104508115333,0,0,T1486
asset_5030,0.9042692805633136,1,0,T1486
asset_5031,0.9042692805633136,1,1,T1486
asset_5032,0.9042692805633136,1,1,T1486
asset_5033,0.003310450811489,0,1,T1486
asset_5034,0.9042692805633136,1,0,T1486
asset_5035,0.9042692805633136,1,1,T1486
asset_5036,0.9042692805633136,1,0,T1486
asset_5037,0.0041206952685782,0,0,T1486
asset_5038,0.9042692805633136,1,0,T1486
asset_5039,0.0033104508115309,0,1,T1486
asset_5040,0.0033104508115333,0,0,T1486
asset_5041,0.9042692805633136,1,0,T1486
asset_5042,0.9042692805633136,1,0,T1486
asset_5043,0.9042692805633136,1,0,T1486
asset_5044,0.9042692805633136,1,1,T1486
asset_5045,0.9042692805633136,1,0,T1486
asset_5046,0.9042692805633136,1,1,T1486
asset_5047,0.0033104508115169,0,1,T1486
asset_5048,0.0033104508115333,0,0,T1486
asset_5049,0.0033104508115333,0,1,T1486
asset_5050,0.9042692805633136,1,1,T1486
asset_5051,0.0033104508115333,0,0,T1486
asset_5052,0.0033104508115309,0,1,T1486
asset_5053,0.9042692805633136,1,0,T1486
asset_5054,0.9042692805633136,1,1,T1486
asset_5055,0.0033104508115333,0,0,T1486
asset_5056,0.0033104482481914,0,1,T1486
asset_5057,0.9042692805633136,1,1,T1486
asset_5058,0.0033104508115869,0,1,T1486
asset_5059,0.0033104508115333,0,0,T1486
asset_5060,0.9042692805633136,1,1,T1486
asset_5061,0.9042692805633136,1,0,T1486
asset_5062,0.9042692805633136,1,0,T1486
asset_5063,0.0033104508115309,0,0,T1486
asset_5064,0.9042692805633136,1,1,T1486
asset_5065,0.0033104508115099,0,0,T1486
asset_5066,0.0033104499674198,0,0,T1486
asset_5067,0.9042692805633136,1,0,T1486
asset_5068,0.9042692805633136,1,0,T1486
asset_5069,0.9042692805633136,1,1,T1486
asset_5070,0.0033104508115333,0,1,T1486
asset_5071,0.9042692805633136,1,1,T1486
asset_5072,0.9042692805633136,1,1,T1486
asset_5073,0.0033104464221243,0,0,T1486
asset_5074,0.9042692805633136,1,0,T1486
asset_5075,0.0033104508115333,0,1,T1486
asset_5076,0.0033104508115333,0,1,T1486
asset_5077,0.9042692805633136,1,0,T1486
asset_5078,0.9042692805633136,1,0,T1486
asset_5079,0.9042692805633136,1,0,T1486
asset_5080,0.0033104508115309,0,1,T1486
asset_5081,0.9042692805633136,1,0,T1486
asset_5082,0.9042692805633136,1,1,T1486
asset_5083,0.9042692805633136,1,0,T1486
asset_5084,0.9042692805633136,1,1,T1486
asset_5085,0.0033104508115205,0,1,T1486
asset_5086,0.0033104508115185,0,0,T1486
asset_5087,0.0033104508115248,0,0,T1486
asset_5088,0.0033104508115333,0,1,T1486
asset_5089,0.0033104508115333,0,1,T1486
asset_5090,0.9042692805633136,1,1,T1486
asset_5091,0.9042692805633136,1,0,T1486
asset_5092,0.9042692805633136,1,1,T1486
asset_5093,0.9042692805633136,1,1,T1486
asset_5094,0.0033104508115333,0,1,T1486
asset_5095,0.0033104508114893,0,0,T1486
asset_5096,0.9042692805633136,1,0,T1486
asset_5097,0.9042692805633136,1,1,T1486
asset_5098,0.0033104508115333,0,0,T1486
asset_5099,0.9042692805633136,1,0,T1486
asset_5100,0.0033804806989038,0,0,T1486
asset_5101,0.9042692805633136,1,1,T1486
asset_5102,0.0033104508115333,0,0,T1486
asset_5103,0.9042692805633136,1,0,T1486
asset_5104,0.0033104508115333,0,1,T1486
asset_5105,0.9042692805633136,1,0,T1486
asset_5106,0.0033104508115333,0,1,T1486
asset_5107,0.0033104508115333,0,1,T1486
asset_5108,0.9042692805633136,1,1,T1486
asset_5109,0.0033104508115309,0,1,T1486
asset_5110,0.0033104508115333,0,1,T1486
asset_5111,0.9042692805633136,1,0,T1486
asset_5112,0.003310450811489,0,1,T1486
asset_5113,0.9042692805633136,1,1,T1486
asset_5114,0.9042692805633136,1,1,T1486
asset_5115,0.9042692805633136,1,0,T1486
asset_5116,0.9042692805633136,1,1,T1486
asset_5117,0.9042692805633136,1,1,T1486
asset_5118,0.0033104508115307,0,1,T1486
asset_5119,0.9042692805633136,1,1,T1486
asset_5120,0.0033104508114677,0,0,T1486
asset_5121,0.0033104508115333,0,0,T1486
asset_5122,0.0033104508114618,0,0,T1486
asset_5123,0.9042692805633136,1,1,T1486
asset_5124,0.0033104508115333,0,1,T1486
asset_5125,0.9042692805633136,1,0,T1486
asset_5126,0.0033104508115333,0,0,T1486
asset_5127,0.0033104508115333,0,1,T1486
asset_5128,0.0033104508115309,0,0,T1486
asset_5129,0.0033104508115333,0,0,T1486
asset_5130,0.0033104508115333,0,1,T1486
asset_5131,0.0033104508114785,0,1,T1486
asset_5132,0.0033104508115333,0,1,T1486
asset_5133,0.0033104508115333,0,0,T1486
asset_5134,0.0033104508115868,0,0,T1486
asset_5135,0.0033104508115333,0,1,T1486
asset_5136,0.9042692805633136,1,1,T1486
asset_5137,0.0033104508115333,0,0,T1486
asset_5138,0.9042692805633136,1,1,T1486
asset_5139,0.9042692805633136,1,1,T1486
asset_5140,0.9042692805633136,1,1,T1486
asset_5141,0.0033104508115225,0,1,T1486
asset_5142,0.0033104508118171,0,0,T1486
asset_5143,0.9042692805633136,1,0,T1486
asset_5144,0.9042692805633136,1,0,T1486
asset_5145,0.0033104508115333,0,1,T1486
asset_5146,0.9042692805633136,1,1,T1486
asset_5147,0.0033104508115038,0,1,T1486
asset_5148,0.9042692805633136,1,0,T1486
asset_5149,0.0033104508115333,0,1,T1486
asset_5150,0.9042692805633136,1,1,T1486
asset_5151,0.9042692805633136,1,0,T1486
asset_5152,0.9042692805633136,1,0,T1486
asset_5153,0.9042692805633136,1,0,T1486
asset_5154,0.9042692805633136,1,1,T1486
asset_5155,0.9042692805633136,1,0,T1486
asset_5156,0.9042692805633136,1,0,T1486
asset_5157,0.9042692805633136,1,0,T1486
asset_5158,0.9042692805633136,1,1,T1486
asset_5159,0.9042692805633136,1,0,T1486
asset_5160,0.9042692805633136,1,1,T1486
asset_5161,0.0033104508115196,0,0,T1486
asset_5162,0.0033104508115333,0,0,T1486
asset_5163,0.9042692805633136,1,0,T1486
asset_5164,0.9042692805633136,1,1,T1486
asset_5165,0.0033104508115205,0,1,T1486
asset_5166,0.0033104508115868,0,1,T1486
asset_5167,0.0033104508115163,0,1,T1486
asset_5168,0.0033104508115201,0,0,T1486
asset_5169,0.0033104508115333,0,1,T1486
asset_5170,0.9042692805633136,1,0,T1486
asset_5171,0.9042692805633136,1,1,T1486
asset_5172,0.0033104508115333,0,0,T1486
asset_5173,0.0033104468656574,0,0,T1486
asset_5174,0.0033454389816956,0,0,T1486
asset_5175,0.0033104508115333,0,1,T1486
asset_5176,0.0033104508115333,0,0,T1486
asset_5177,0.9042692805633136,1,1,T1486
asset_5178,0.9042692805633136,1,1,T1486
asset_5179,0.0033104508115309,0,0,T1486
asset_5180,0.0033104508115293,0,1,T1486
asset_5181,0.9042692805633136,1,0,T1486
asset_5182,0.0033104508115333,0,0,T1486
asset_5183,0.0033104508115868,0,1,T1486
asset_5184,0.0033104508115333,0,1,T1486
asset_5185,0.0033104508115333,0,0,T1486
asset_5186,0.9042692805633136,1,1,T1486
asset_5187,0.0033104508115309,0,0,T1486
asset_5188,0.0033104508115333,0,0,T1486
asset_5189,0.9042692805633136,1,1,T1486
asset_5190,0.0033104508115333,0,1,T1486
asset_5191,0.0033104508115205,0,1,T1486
asset_5192,0.0033104508115333,0,1,T1486
asset_5193,0.9042692805633136,1,0,T1486
asset_5194,0.0033104508115333,0,0,T1486
asset_5195,0.0033104508115333,0,0,T1486
asset_5196,0.0033104508115333,0,1,T1486
asset_5197,0.9042692805633136,1,0,T1486
asset_5198,0.9042692805633136,1,1,T1486
asset_5199,0.0033104508115333,0,0,T1486
asset_5200,0.9042692805633136,1,1,T1486
asset_5201,0.0033104508115333,0,0,T1486
asset_5202,0.0033104508114889,0,1,T1486
asset_5203,0.0033104508115099,0,1,T1486
asset_5204,0.9042692805633136,1,0,T1486
asset_5205,0.0033104508115333,0,0,T1486
asset_5206,0.0033104508115333,0,0,T1486
asset_5207,0.0033104508115201,0,0,T1486
asset_5208,0.9042692805633136,1,1,T1486
asset_5209,0.9042692805633136,1,0,T1486
asset_5210,0.9042692805633136,1,1,T1486
asset_5211,0.9042692805633136,1,0,T1486
asset_5212,0.0033104508115163,0,1,T1486
asset_5213,0.9042692805633136,1,0,T1486
asset_5214,0.0033104508115869,0,0,T1486
asset_5215,0.9042692805633136,1,1,T1486
asset_5216,0.9042692805633136,1,0,T1486
asset_5217,0.9042692805633136,1,0,T1486
asset_5218,0.0033104508114616,0,1,T1486
asset_5219,0.9042692805633136,1,1,T1486
asset_5220,0.0033104508118171,0,0,T1486
asset_5221,0.0033104508115333,0,0,T1486
asset_5222,0.0033104508115284,0,1,T1486
asset_5223,0.9042692805633136,1,1,T1486
asset_5224,0.0033104464221243,0,0,T1486
asset_5225,0.0033104508115333,0,0,T1486
asset_5226,0.0033104508120232,0,0,T1486
asset_5227,0.0033104508114616,0,0,T1486
asset_5228,0.0033104508114785,0,1,T1486
asset_5229,0.0033104508115309,0,1,T1486
asset_5230,0.0033104508115333,0,0,T1486
asset_5231,0.0033104508115333,0,0,T1486
asset_5232,0.0033104508115046,0,0,T1486
asset_5233,0.0033104508115309,0,0,T1486
asset_5234,0.0033104508115284,0,0,T1486
asset_5235,0.9042692805633136,1,1,T1486
asset_5236,0.9042692805633136,1,1,T1486
asset_5237,0.9042692805633136,1,1,T1486
asset_5238,0.0033104508115333,0,0,T1486
asset_5239,0.0033104508115333,0,1,T1486
asset_5240,0.9042692805633136,1,1,T1486
asset_5241,0.0033104508115333,0,0,T1486
asset_5242,0.0033104508115225,0,1,T1486
asset_5243,0.0033104508115869,0,0,T1486
asset_5244,0.9042692805633136,1,0,T1486
asset_5245,0.9042692805633136,1,1,T1486
asset_5246,0.9042692805633136,1,1,T1486
asset_5247,0.0033104508115333,0,0,T1486
asset_5248,0.9042692805633136,1,0,T1486
asset_5249,0.0033104508115061,0,1,T1486
asset_5250,0.9042692805633136,1,0,T1486
asset_5251,0.9042692805633136,1,1,T1486
asset_5252,0.9042692805633136,1,1,T1486
asset_5253,0.0033104508115333,0,0,T1486
asset_5254,0.003310450811466,0,0,T1486
asset_5255,0.9042692805633136,1,0,T1486
asset_5256,0.0033104508115868,0,0,T1486
asset_5257,0.0033104508115333,0,1,T1486
asset_5258,0.9042692805633136,1,1,T1486
asset_5259,0.9042692805633136,1,1,T1486
asset_5260,0.9042692805633136,1,0,T1486
asset_5261,0.9042692805633136,1,1,T1486
asset_5262,0.9042692805633136,1,0,T1486
asset_5263,0.0033104508115333,0,1,T1486
asset_5264,0.9042692805633136,1,0,T1486
asset_5265,0.0033104508115333,0,1,T1486
asset_5266,0.0033104508114618,0,1,T1486
asset_5267,0.0033104508115333,0,0,T1486
asset_5268,0.9042692805633136,1,0,T1486
asset_5269,0.9042692805633136,1,0,T1486
asset_5270,0.9042692805633136,1,0,T1486
asset_5271,0.0033104508115333,0,0,T1486
asset_5272,0.0033104508115333,0,0,T1486
asset_5273,0.9042692805633136,1,0,T1486
asset_5274,0.9042692805633136,1,0,T1486
asset_5275,0.0033104508115196,0,0,T1486
asset_5276,0.9042692805633136,1,1,T1486
asset_5277,0.9042692805633136,1,0,T1486
asset_5278,0.9042692805633136,1,1,T1486
asset_5279,0.0033104508115333,0,0,T1486
asset_5280,0.9042692805633136,1,0,T1486
asset_5281,0.0033104508115333,0,0,T1486
asset_5282,0.0033104508115333,0,1,T1486
asset_5283,0.9042692805633136,1,0,T1486
asset_5284,0.9042692805633136,1,1,T1486
asset_5285,0.9042692805633136,1,1,T1486
asset_5286,0.9042692805633136,1,0,T1486
asset_5287,0.9042692805633136,1,0,T1486
asset_5288,0.9042692805633136,1,1,T1486
asset_5289,0.9042692805633136,1,0,T1486
asset_5290,0.0033454379976919,0,0,T1486
asset_5291,0.9042692805633136,1,0,T1486
asset_5292,0.9042692805633136,1,1,T1486
asset_5293,0.0033104508115293,0,1,T1486
asset_5294,0.0033104508115225,0,0,T1486
asset_5295,0.0033104508115333,0,1,T1486
asset_5296,0.9042692805633136,1,0,T1486
asset_5297,0.9042692805633136,1,0,T1486
asset_5298,0.0033104508115333,0,0,T1486
asset_5299,0.0033104508114664,0,0,T1486
asset_5300,0.0037873349811709,0,1,T1486
asset_5301,0.9042692805633136,1,0,T1486
asset_5302,0.0033104508114889,0,1,T1486
asset_5303,0.9042692805633136,1,1,T1486
asset_5304,0.9042692805633136,1,0,T1486
asset_5305,0.0033104508115868,0,0,T1486
asset_5306,0.0033104508115333,0,0,T1486
asset_5307,0.0033104508115333,0,1,T1486
asset_5308,0.0033104508115099,0,0,T1486
asset_5309,0.0033104508115333,0,1,T1486
asset_5310,0.0033104508115333,0,0,T1486
asset_5311,0.9042692805633136,1,0,T1486
asset_5312,0.9042692805633136,1,0,T1486
asset_5313,0.9042692805633136,1,0,T1486
asset_5314,0.0033104508115309,0,0,T1486
asset_5315,0.9042692805633136,1,0,T1486
asset_5316,0.0033104508115309,0,0,T1486
asset_5317,0.0033104508115333,0,0,T1486
asset_5318,0.0033104508115294,0,1,T1486
asset_5319,0.9042692805633136,1,0,T1486
asset_5320,0.0033104508114785,0,1,T1486
asset_5321,0.0033104508115333,0,0,T1486
asset_5322,0.9042692805633136,1,0,T1486
asset_5323,0.0033104508115333,0,1,T1486
asset_5324,0.0033104508115284,0,1,T1486
asset_5325,0.0033104508115309,0,1,T1486
asset_5326,0.9042692805633136,1,1,T1486
asset_5327,0.0033104508115225,0,0,T1486
asset_5328,0.9042692805633136,1,0,T1486
asset_5329,0.0033104508115333,0,1,T1486
asset_5330,0.9042692805633136,1,0,T1486
asset_5331,0.9042692805633136,1,0,T1486
asset_5332,0.9042692805633136,1,1,T1486
asset_5333,0.9042692805633136,1,1,T1486
asset_5334,0.9042692805633136,1,1,T1486
asset_5335,0.9042692805633136,1,0,T1486
asset_5336,0.0033104508115333,0,0,T1486
asset_5337,0.0033104508115333,0,0,T1486
asset_5338,0.9042692805633136,1,0,T1486
asset_5339,0.0033104508115333,0,1,T1486
asset_5340,0.9042692805633136,1,1,T1486
asset_5341,0.9042692805633136,1,1,T1486
asset_5342,0.9042692805633136,1,1,T1486
asset_5343,0.9042692805633136,1,0,T1486
asset_5344,0.0033104508115333,0,0,T1486
asset_5345,0.0033104508115163,0,0,T1486
asset_5346,0.9042692805633136,1,0,T1486
asset_5347,0.0033104508115333,0,1,T1486
asset_5348,0.0033104508115225,0,1,T1486
asset_5349,0.0033104508115333,0,0,T1486
asset_5350,0.0033104508114824,0,0,T1486
asset_5351,0.9042692805633136,1,0,T1486
asset_5352,0.0033104508115869,0,1,T1486
asset_5353,0.9042692805633136,1,0,T1486
asset_5354,0.9042692805633136,1,1,T1486
asset_5355,0.0033104508115205,0,1,T1486
asset_5356,0.0033104508115333,0,0,T1486
asset_5357,0.9042692805633136,1,0,T1486
asset_5358,0.9042692805633136,1,1,T1486
asset_5359,0.0033104508115333,0,1,T1486
asset_5360,0.0033104508115293,0,0,T1486
asset_5361,0.0033104508115333,0,0,T1486
asset_5362,0.9042692805633136,1,1,T1486
asset_5363,0.9042692805633136,1,0,T1486
asset_5364,0.9042692805633136,1,0,T1486
asset_5365,0.9042692805633136,1,1,T1486
asset_5366,0.0033104508115201,0,0,T1486
asset_5367,0.0033104508115309,0,0,T1486
asset_5368,0.9042692805633136,1,1,T1486
asset_5369,0.9042692805633136,1,0,T1486
asset_5370,0.0033104508115333,0,1,T1486
asset_5371,0.0033104508115333,0,0,T1486
asset_5372,0.9042692805633136,1,0,T1486
asset_5373,0.9042692805633136,1,0,T1486
asset_5374,0.0033104508114618,0,0,T1486
asset_5375,0.9042692805633136,1,0,T1486
asset_5376,0.9042692805633136,1,0,T1486
asset_5377,0.0033104508115333,0,0,T1486
asset_5378,0.9042692805633136,1,1,T1486
asset_5379,0.0033104508115333,0,0,T1486
asset_5380,0.9042692805633136,1,1,T1486
asset_5381,0.9042692805633136,1,1,T1486
asset_5382,0.0033104508115333,0,1,T1486
asset_5383,0.0033104508115333,0,0,T1486
asset_5384,0.0033104508115333,0,0,T1486
asset_5385,0.9042692805633136,1,0,T1486
asset_5386,0.9042692805633136,1,0,T1486
asset_5387,0.0033104508115333,0,1,T1486
asset_5388,0.0033104508115333,0,0,T1486
asset_5389,0.9042692805633136,1,1,T1486
asset_5390,0.9042692805633136,1,1,T1486
asset_5391,0.9042692805633136,1,1,T1486
asset_5392,0.9042692805633136,1,0,T1486
asset_5393,0.9042692805633136,1,0,T1486
asset_5394,0.9042692805633136,1,0,T1486
asset_5395,0.9042692805633136,1,0,T1486
asset_5396,0.9042692805633136,1,0,T1486
asset_5397,0.9042692805633136,1,0,T1486
asset_5398,0.9042692805633136,1,1,T1486
asset_5399,0.0033104508115333,0,1,T1486
asset_5400,0.0033104508115869,0,1,T1486
asset_5401,0.9042692805633136,1,0,T1486
asset_5402,0.9042692805633136,1,0,T1486
asset_5403,0.0034876895568891,0,1,T1486
asset_5404,0.9042692805633136,1,0,T1486
asset_5405,0.0033104508115333,0,0,T1486
asset_5406,0.9042692805633136,1,1,T1486
asset_5407,0.00331045081212,0,1,T1486
asset_5408,0.0033104508115333,0,1,T1486
asset_5409,0.9042692805633136,1,0,T1486
asset_5410,0.0033104500031795,0,1,T1486
asset_5411,0.0033104508115784,0,1,T1486
asset_5412,0.9042692805633136,1,1,T1486
asset_5413,0.0033104508115333,0,0,T1486
asset_5414,0.0033104508115333,0,0,T1486
asset_5415,0.9042692805633136,1,1,T1486
asset_5416,0.003310450811466,0,0,T1486
asset_5417,0.0033104508115333,0,1,T1486
asset_5418,0.0033104508115333,0,1,T1486
asset_5419,0.9042692805633136,1,0,T1486
asset_5420,0.003310450811489,0,0,T1486
asset_5421,0.0033104508115225,0,0,T1486
asset_5422,0.9042692805633136,1,1,T1486
asset_5423,0.0033104457881829,0,0,T1486
asset_5424,0.9042692805633136,1,1,T1486
asset_5425,0.9042692805633136,1,0,T1486
asset_5426,0.9042692805633136,1,1,T1486
asset_5427,0.9042692805633136,1,0,T1486
asset_5428,0.0033104508114785,0,0,T1486
asset_5429,0.9042692805633136,1,1,T1486
asset_5430,0.0033104508115309,0,1,T1486
asset_5431,0.0033104508115333,0,1,T1486
asset_5432,0.0033104508115333,0,0,T1486
asset_5433,0.0033104508115225,0,0,T1486
asset_5434,0.003310450811583,0,1,T1486
asset_5435,0.9042692805633136,1,1,T1486
asset_5436,0.9042692805633136,1,0,T1486
asset_5437,0.9042692805633136,1,0,T1486
asset_5438,0.9042692805633136,1,0,T1486
asset_5439,0.0033104508115843,0,0,T1486
asset_5440,0.9042692805633136,1,1,T1486
asset_5441,0.0033104508115309,0,1,T1486
asset_5442,0.0033104508120334,0,1,T1486
asset_5443,0.0033104508115333,0,0,T1486
asset_5444,0.9042692805633136,1,0,T1486
asset_5445,0.9042692805633136,1,1,T1486
asset_5446,0.0033104508115333,0,1,T1486
asset_5447,0.9042692805633136,1,0,T1486
asset_5448,0.9042692805633136,1,0,T1486
asset_5449,0.0033104508114824,0,1,T1486
asset_5450,0.9042692805633136,1,0,T1486
asset_5451,0.9042692805633136,1,1,T1486
asset_5452,0.9042692805633136,1,0,T1486
asset_5453,0.0033104508115333,0,1,T1486
asset_5454,0.9042692805633136,1,1,T1486
asset_5455,0.0033104508115318,0,0,T1486
asset_5456,0.0033104508115333,0,1,T1486
asset_5457,0.9042692805633136,1,1,T1486
asset_5458,0.9042692805633136,1,0,T1486
asset_5459,0.0033104508115293,0,0,T1486
asset_5460,0.0033104508115333,0,0,T1486
asset_5461,0.9042692805633136,1,0,T1486
asset_5462,0.0033104508115333,0,0,T1486
asset_5463,0.0033104508115333,0,1,T1486
asset_5464,0.0033104508114785,0,0,T1486
asset_5465,0.0033104508115333,0,1,T1486
asset_5466,0.9042692805633136,1,0,T1486
asset_5467,0.0033104508115333,0,1,T1486
asset_5468,0.0033104508115333,0,1,T1486
asset_5469,0.9042692805633136,1,0,T1486
asset_5470,0.9042692805633136,1,0,T1486
asset_5471,0.9042692805633136,1,0,T1486
asset_5472,0.0033104508129547,0,0,T1486
asset_5473,0.0033104508115223,0,0,T1486
asset_5474,0.0033104508115333,0,1,T1486
asset_5475,0.9042692805633136,1,1,T1486
asset_5476,0.9042692805633136,1,1,T1486
asset_5477,0.0033104508115333,0,0,T1486
asset_5478,0.9042692805633136,1,1,T1486
asset_5479,0.0033104508115205,0,1,T1486
asset_5480,0.9042692805633136,1,0,T1486
asset_5481,0.0033104508115333,0,0,T1486
asset_5482,0.9042692805633136,1,0,T1486
asset_5483,0.9042692805633136,1,1,T1486
asset_5484,0.9042692805633136,1,1,T1486
asset_5485,0.9042692805633136,1,0,T1486
asset_5486,0.9042692805633136,1,0,T1486
asset_5487,0.0033104508114785,0,0,T1486
asset_5488,0.9042692805633136,1,1,T1486
asset_5489,0.9042692805633136,1,0,T1486
asset_5490,0.0033104508115318,0,0,T1486
asset_5491,0.9042692805633136,1,0,T1486
asset_5492,0.0033104508115309,0,0,T1486
asset_5493,0.9042692805633136,1,1,T1486
asset_5494,0.9042692805633136,1,1,T1486
asset_5495,0.9042692805633136,1,0,T1486
asset_5496,0.9042692805633136,1,1,T1486
asset_5497,0.0033104508115309,0,0,T1486
asset_5498,0.0033104508115309,0,1,T1486
asset_5499,0.9042692805633136,1,1,T1486
asset_5500,0.0033104508115333,0,0,T1486
asset_5501,0.9042692805633136,1,1,T1486
asset_5502,0.0033104508115869,0,1,T1486
asset_5503,0.0033104508114935,0,1,T1486
asset_5504,0.9042692805633136,1,1,T1486
asset_5505,0.0033104508115333,0,0,T1486
asset_5506,0.0033104508115333,0,0,T1486
asset_5507,0.003310450811466,0,0,T1486
asset_5508,0.0033104508114889,0,0,T1486
asset_5509,0.9042692805633136,1,1,T1486
asset_5510,0.0033104508115333,0,0,T1486
asset_5511,0.9042692805633136,1,0,T1486
asset_5512,0.9042692805633136,1,0,T1486
asset_5513,0.9042692805633136,1,1,T1486
asset_5514,0.9042692805633136,1,0,T1486
asset_5515,0.0033104508115342,0,1,T1486
asset_5516,0.9042692805633136,1,1,T1486
asset_5517,0.003345430014826,0,0,T1486
asset_5518,0.0033104508115208,0,1,T1486
asset_5519,0.9042692805633136,1,0,T1486
asset_5520,0.0033804806989038,0,1,T1486
asset_5521,0.0033104508115333,0,0,T1486
asset_5522,0.0033104508115205,0,0,T1486
asset_5523,0.0033104508115038,0,0,T1486
asset_5524,0.003310450811489,0,1,T1486
asset_5525,0.9042692805633136,1,1,T1486
asset_5526,0.9042692805633136,1,0,T1486
asset_5527,0.0033104508115868,0,0,T1486
asset_5528,0.0033104508115333,0,0,T1486
asset_5529,0.9042692805633136,1,1,T1486
asset_5530,0.0033104464221243,0,1,T1486
asset_5531,0.0033104508115333,0,0,T1486
asset_5532,0.0033104508115309,0,0,T1486
asset_5533,0.9042692805633136,1,0,T1486
asset_5534,0.9042692805633136,1,1,T1486
asset_5535,0.9042692805633136,1,1,T1486
asset_5536,0.9042692805633136,1,1,T1486
asset_5537,0.0033104490932545,0,1,T1486
asset_5538,0.0033104508115333,0,0,T1486
asset_5539,0.0033104508115868,0,0,T1486
asset_5540,0.0033104508115333,0,0,T1486
asset_5541,0.0033104508115333,0,0,T1486
asset_5542,0.9042692805633136,1,1,T1486
asset_5543,0.0038345488388173,0,0,T1486
asset_5544,0.0033104508115333,0,0,T1486
asset_5545,0.9042692805633136,1,0,T1486
asset_5546,0.9042692805633136,1,1,T1486
asset_5547,0.0033104508115333,0,0,T1486
asset_5548,0.0033104508115333,0,0,T1486
asset_5549,0.0033104508115307,0,0,T1486
asset_5550,0.9042692805633136,1,1,T1486
asset_5551,0.0033104508115186,0,0,T1486
asset_5552,0.9042692805633136,1,0,T1486
asset_5553,0.0033104508115309,0,1,T1486
asset_5554,0.0033104508115333,0,1,T1486
asset_5555,0.9042692805633136,1,0,T1486
asset_5556,0.0033454389817491,0,0,T1486
asset_5557,0.0033104508115333,0,0,T1486
asset_5558,0.9042692805633136,1,0,T1486
asset_5559,0.9042692805633136,1,0,T1486
asset_5560,0.9042692805633136,1,0,T1486
asset_5561,0.9042692805633136,1,1,T1486
asset_5562,0.0033104508115333,0,1,T1486
asset_5563,0.0033104508115293,0,0,T1486
asset_5564,0.9042692805633136,1,0,T1486
asset_5565,0.0033104508115333,0,0,T1486
asset_5566,0.9042692805633136,1,1,T1486
asset_5567,0.9042692805633136,1,1,T1486
asset_5568,0.9042692805633136,1,1,T1486
asset_5569,0.0033104508114933,0,0,T1486
asset_5570,0.9042692805633136,1,1,T1486
asset_5571,0.0033104508115333,0,1,T1486
asset_5572,0.9042692805633136,1,1,T1486
asset_5573,0.0033104481083634,0,1,T1486
asset_5574,0.0033104508115333,0,0,T1486
asset_5575,0.0033104508115333,0,1,T1486
asset_5576,0.9042692805633136,1,0,T1486
asset_5577,0.9042692805633136,1,0,T1486
asset_5578,0.0033104508115294,0,0,T1486
asset_5579,0.9042692805633136,1,1,T1486
asset_5580,0.9042692805633136,1,1,T1486
asset_5581,0.9042692805633136,1,1,T1486
asset_5582,0.9042692805633136,1,0,T1486
asset_5583,0.0033104508115333,0,1,T1486
asset_5584,0.9042692805633136,1,1,T1486
asset_5585,0.0033104508115205,0,0,T1486
asset_5586,0.0033104508115333,0,1,T1486
asset_5587,0.0033104508115225,0,0,T1486
asset_5588,0.0033104508115333,0,0,T1486
asset_5589,0.0033104508115058,0,1,T1486
asset_5590,0.9042692805633136,1,0,T1486
asset_5591,0.9042692805633136,1,1,T1486
asset_5592,0.9042692805633136,1,0,T1486
asset_5593,0.9042692805633136,1,1,T1486
asset_5594,0.9042692805633136,1,1,T1486
asset_5595,0.9042692805633136,1,1,T1486
asset_5596,0.9042692805633136,1,1,T1486
asset_5597,0.9042692805633136,1,1,T1486
asset_5598,0.0033104508115868,0,0,T1486
asset_5599,0.0033104508115309,0,1,T1486
asset_5600,0.0033104508114895,0,0,T1486
asset_5601,0.9042692805633136,1,0,T1486
asset_5602,0.0033104508115868,0,0,T1486
asset_5603,0.9042692805633136,1,1,T1486
asset_5604,0.0033104508115333,0,0,T1486
asset_5605,0.0033104508115333,0,0,T1486
asset_5606,0.0033104508115099,0,1,T1486
asset_5607,0.0033104508115333,0,1,T1486
asset_5608,0.9042692805633136,1,1,T1486
asset_5609,0.9042692805633136,1,0,T1486
asset_5610,0.0033104508115868,0,1,T1486
asset_5611,0.0033104508115167,0,0,T1486
asset_5612,0.0033104508115333,0,1,T1486
asset_5613,0.9042692805633136,1,0,T1486
asset_5614,0.0033104508115176,0,1,T1486
asset_5615,0.0033104508115868,0,1,T1486
asset_5616,0.0033104469826889,0,1,T1486
asset_5617,0.0033104508115333,0,0,T1486
asset_5618,0.9042692805633136,1,1,T1486
asset_5619,0.0033104508115333,0,0,T1486
asset_5620,0.9042692805633136,1,1,T1486
asset_5621,0.9042692805633136,1,0,T1486
asset_5622,0.0033104508115333,0,1,T1486
asset_5623,0.9042692805633136,1,1,T1486
asset_5624,0.0033104508115333,0,1,T1486
asset_5625,0.0033104508115333,0,0,T1486
asset_5626,0.9042692805633136,1,1,T1486
asset_5627,0.0033104508115333,0,1,T1486
asset_5628,0.0033104508115167,0,1,T1486
asset_5629,0.9042692805633136,1,1,T1486
asset_5630,0.9042692805633136,1,1,T1486
asset_5631,0.9042692805633136,1,1,T1486
asset_5632,0.9042692805633136,1,0,T1486
asset_5633,0.0033104508115333,0,1,T1486
asset_5634,0.0033104508115333,0,1,T1486
asset_5635,0.9042692805633136,1,1,T1486
asset_5636,0.9042692805633136,1,0,T1486
asset_5637,0.0033104508115201,0,1,T1486
asset_5638,0.9042692805633136,1,1,T1486
asset_5639,0.0033104508115333,0,0,T1486
asset_5640,0.0033104508115333,0,1,T1486
asset_5641,0.9042692805633136,1,0,T1486
asset_5642,0.9042692805633136,1,0,T1486
asset_5643,0.9042692805633136,1,1,T1486
asset_5644,0.0033104508115868,0,0,T1486
asset_5645,0.0033104508115333,0,0,T1486
asset_5646,0.9042692805633136,1,0,T1486
asset_5647,0.9042692805633136,1,0,T1486
asset_5648,0.0033104508115333,0,1,T1486
asset_5649,0.0033104508115333,0,1,T1486
asset_5650,0.0033104508115868,0,0,T1486
asset_5651,0.0033104508115333,0,0,T1486
asset_5652,0.0033104508115176,0,0,T1486
asset_5653,0.0033104508114618,0,1,T1486
asset_5654,0.0033104508115333,0,0,T1486
asset_5655,0.0033104508115333,0,0,T1486
asset_5656,0.9042692805633136,1,1,T1486
asset_5657,0.0033104508115333,0,0,T1486
asset_5658,0.9042692805633136,1,1,T1486
asset_5659,0.0033104508122665,0,1,T1486
asset_5660,0.9042692805633136,1,1,T1486
asset_5661,0.9042692805633136,1,1,T1486
asset_5662,0.0033104508115869,0,1,T1486
asset_5663,0.0033104508115293,0,1,T1486
asset_5664,0.0033104508115309,0,1,T1486
asset_5665,0.0033104508115061,0,1,T1486
asset_5666,0.0033104508115333,0,1,T1486
asset_5667,0.9042692805633136,1,1,T1486
asset_5668,0.9042692805633136,1,1,T1486
asset_5669,0.0033104508114616,0,1,T1486
asset_5670,0.0033104508115293,0,1,T1486
asset_5671,0.9042692805633136,1,0,T1486
asset_5672,0.0033104508114552,0,1,T1486
asset_5673,0.0033104508115333,0,1,T1486
asset_5674,0.9042692805633136,1,1,T1486
asset_5675,0.0033104508115333,0,0,T1486
asset_5676,0.9042692805633136,1,0,T1486
asset_5677,0.0033104508115225,0,1,T1486
asset_5678,0.0033104508115869,0,1,T1486
asset_5679,0.0033104508114618,0,1,T1486
asset_5680,0.0033104508114616,0,0,T1486
asset_5681,0.0033104508115333,0,0,T1486
asset_5682,0.9042692805633136,1,0,T1486
asset_5683,0.9042692805633136,1,1,T1486
asset_5684,0.9042692805633136,1,1,T1486
asset_5685,0.9042692805633136,1,0,T1486
asset_5686,0.9042692805633136,1,1,T1486
asset_5687,0.9042692805633136,1,0,T1486
asset_5688,0.9042692805633136,1,0,T1486
asset_5689,0.9042692805633136,1,0,T1486
asset_5690,0.0033104508115333,0,1,T1486
asset_5691,0.9042692805633136,1,0,T1486
asset_5692,0.0033104508115333,0,0,T1486
asset_5693,0.9042692805633136,1,1,T1486
asset_5694,0.0033104508115333,0,0,T1486
asset_5695,0.9042692805633136,1,1,T1486
asset_5696,0.9042692805633136,1,1,T1486
asset_5697,0.9042692805633136,1,1,T1486
asset_5698,0.0033104508115333,0,0,T1486
asset_5699,0.9042692805633136,1,1,T1486
asset_5700,0.0033804806987569,0,1,T1486
asset_5701,0.9042692805633136,1,0,T1486
asset_5702,0.9042692805633136,1,1,T1486
asset_5703,0.0033104508115293,0,1,T1486
asset_5704,0.9042692805633136,1,1,T1486
asset_5705,0.9042692805633136,1,0,T1486
asset_5706,0.9042692805633136,1,1,T1486
asset_5707,0.0033104508115333,0,0,T1486
asset_5708,0.9042692805633136,1,0,T1486
asset_5709,0.9042692805633136,1,0,T1486
asset_5710,0.0033104508115333,0,1,T1486
asset_5711,0.9042692805633136,1,1,T1486
asset_5712,0.0033104508115869,0,0,T1486
asset_5713,0.0033104508115294,0,0,T1486
asset_5714,0.9042692805633136,1,0,T1486
asset_5715,0.9042692805633136,1,0,T1486
asset_5716,0.0033104508115333,0,1,T1486
asset_5717,0.9042692805633136,1,1,T1486
asset_5718,0.0033104508115309,0,1,T1486
asset_5719,0.0033104508115333,0,1,T1486
asset_5720,0.0033104508115869,0,0,T1486
asset_5721,0.9042692805633136,1,1,T1486
asset_5722,0.9042692805633136,1,1,T1486
asset_5723,0.0033104508115333,0,0,T1486
asset_5724,0.9042692805633136,1,1,T1486
asset_5725,0.9042692805633136,1,0,T1486
asset_5726,0.0033104508115333,0,0,T1486
asset_5727,0.0033104508115333,0,0,T1486
asset_5728,0.0033104508115333,0,0,T1486
asset_5729,0.9042692805633136,1,1,T1486
asset_5730,0.0033104508115333,0,0,T1486
asset_5731,0.9042692805633136,1,1,T1486
asset_5732,0.9042692805633136,1,0,T1486
asset_5733,0.9042692805633136,1,0,T1486
asset_5734,0.0033104508115333,0,0,T1486
asset_5735,0.9042692805633136,1,1,T1486
asset_5736,0.0033104508115097,0,1,T1486
asset_5737,0.9042692805633136,1,0,T1486
asset_5738,0.0033104508115333,0,1,T1486
asset_5739,0.0033104508115058,0,1,T1486
asset_5740,0.0033104508115333,0,0,T1486
asset_5741,0.9042692805633136,1,0,T1486
asset_5742,0.9042692805633136,1,1,T1486
asset_5743,0.9042692805633136,1,1,T1486
asset_5744,0.9042692805633136,1,0,T1486
asset_5745,0.9042692805633136,1,1,T1486
asset_5746,0.9042692805633136,1,1,T1486
asset_5747,0.0033454389830932,0,1,T1486
asset_5748,0.0033104508115868,0,0,T1486
asset_5749,0.9042692805633136,1,0,T1486
asset_5750,0.0033104508115333,0,0,T1486
asset_5751,0.9042692805633136,1,1,T1486
asset_5752,0.0033104508115333,0,1,T1486
asset_5753,0.0033104508114616,0,1,T1486
asset_5754,0.9042692805633136,1,0,T1486
asset_5755,0.0033104508114552,0,0,T1486
asset_5756,0.9042692805633136,1,1,T1486
asset_5757,0.0033104508115333,0,0,T1486
asset_5758,0.0033104508115333,0,1,T1486
asset_5759,0.0033104508115333,0,1,T1486
asset_5760,0.0033104508114508,0,0,T1486
asset_5761,0.9042692805633136,1,0,T1486
asset_5762,0.9042692805633136,1,0,T1486
asset_5763,0.0033104508115309,0,0,T1486
asset_5764,0.9042692805633136,1,1,T1486
asset_5765,0.0033104508115333,0,1,T1486
asset_5766,0.0033104508115333,0,1,T1486
asset_5767,0.9042692805633136,1,0,T1486
asset_5768,0.0033104508115293,0,1,T1486
asset_5769,0.9042692805633136,1,1,T1486
asset_5770,0.9042692805633136,1,0,T1486
asset_5771,0.0033104508115293,0,0,T1486
asset_5772,0.9042692805633136,1,1,T1486
asset_5773,0.9042692805633136,1,1,T1486
asset_5774,0.0033104508115333,0,0,T1486
asset_5775,0.0033104508115097,0,1,T1486
asset_5776,0.0033104508115205,0,0,T1486
asset_5777,0.0033104389333239,0,1,T1486
asset_5778,0.9042692805633136,1,1,T1486
asset_5779,0.9042692805633136,1,0,T1486
asset_5780,0.9042692805633136,1,1,T1486
asset_5781,0.0033104508115223,0,1,T1486
asset_5782,0.0033104508115225,0,0,T1486
asset_5783,0.0033104508115333,0,1,T1486
asset_5784,0.9042692805633136,1,0,T1486
asset_5785,0.0033104508115333,0,1,T1486
asset_5786,0.0033104508115333,0,0,T1486
asset_5787,0.0033104508115333,0,1,T1486
asset_5788,0.9042692805633136,1,1,T1486
asset_5789,0.0033104508115333,0,0,T1486
asset_5790,0.0041206952685782,0,1,T1486
asset_5791,0.0033104508115333,0,0,T1486
asset_5792,0.9042692805633136,1,0,T1486
asset_5793,0.0033104508115333,0,1,T1486
asset_5794,0.0033104508115333,0,1,T1486
asset_5795,0.003310450811489,0,0,T1486
asset_5796,0.0033104508115333,0,0,T1486
asset_5797,0.0033104508115333,0,1,T1486
asset_5798,0.9042692805633136,1,1,T1486
asset_5799,0.9042692805633136,1,1,T1486
asset_5800,0.0033104508115333,0,0,T1486
asset_5801,0.9042692805633136,1,1,T1486
asset_5802,0.0033104508115333,0,0,T1486
asset_5803,0.0033104508115309,0,0,T1486
asset_5804,0.0033454389816955,0,1,T1486
asset_5805,0.9042692805633136,1,0,T1486
asset_5806,0.0033104508115333,0,1,T1486
asset_5807,0.0033104508115205,0,1,T1486
asset_5808,0.9042692805633136,1,1,T1486
asset_5809,0.0033104508115869,0,1,T1486
asset_5810,0.0033104508115294,0,0,T1486
asset_5811,0.9042692805633136,1,0,T1486
asset_5812,0.003310450811489,0,1,T1486
asset_5813,0.0033104508115333,0,1,T1486
asset_5814,0.0033104508115868,0,1,T1486
asset_5815,0.9042692805633136,1,0,T1486
asset_5816,0.0033104508114785,0,1,T1486
asset_5817,0.003310450811489,0,1,T1486
asset_5818,0.9042692805633136,1,1,T1486
asset_5819,0.0033104508115309,0,0,T1486
asset_5820,0.9042692805633136,1,0,T1486
asset_5821,0.9042692805633136,1,1,T1486
asset_5822,0.0033804806989038,0,1,T1486
asset_5823,0.9042692805633136,1,0,T1486
asset_5824,0.0033104508115333,0,1,T1486
asset_5825,0.9042692805633136,1,0,T1486
asset_5826,0.0033104508115333,0,1,T1486
asset_5827,0.0033104508115309,0,1,T1486
asset_5828,0.9042692805633136,1,1,T1486
asset_5829,0.9042692805633136,1,1,T1486
asset_5830,0.0033104508115333,0,0,T1486
asset_5831,0.9042692805633136,1,0,T1486
asset_5832,0.9042692805633136,1,1,T1486
asset_5833,0.9042692805633136,1,0,T1486
asset_5834,0.9042692805633136,1,0,T1486
asset_5835,0.9042692805633136,1,0,T1486
asset_5836,0.0033104508115333,0,0,T1486
asset_5837,0.9042692805633136,1,1,T1486
asset_5838,0.9042692805633136,1,0,T1486
asset_5839,0.0033104508114889,0,1,T1486
asset_5840,0.9042692805633136,1,0,T1486
asset_5841,0.9042692805633136,1,1,T1486
asset_5842,0.0033104508115333,0,0,T1486
asset_5843,0.9042692805633136,1,0,T1486
asset_5844,0.0033104508115294,0,0,T1486
asset_5845,0.0033104508115097,0,1,T1486
asset_5846,0.0033104508115333,0,1,T1486
asset_5847,0.0033104508115333,0,0,T1486
asset_5848,0.003310450811489,0,0,T1486
asset_5849,0.9042692805633136,1,0,T1486
asset_5850,0.9042692805633136,1,1,T1486
asset_5851,0.9042692805633136,1,0,T1486
asset_5852,0.0033104508115869,0,0,T1486
asset_5853,0.0033104508115333,0,0,T1486
asset_5854,0.9042692805633136,1,0,T1486
asset_5855,0.0033104508115333,0,0,T1486
asset_5856,0.0033454379976919,0,0,T1486
asset_5857,0.9042692805633136,1,0,T1486
asset_5858,0.9042692805633136,1,0,T1486
asset_5859,0.9042692805633136,1,0,T1486
asset_5860,0.0033104508115333,0,0,T1486
asset_5861,0.0033104508115294,0,0,T1486
asset_5862,0.0033104508115293,0,0,T1486
asset_5863,0.0033104508115271,0,1,T1486
asset_5864,0.0033104508115333,0,1,T1486
asset_5865,0.0033104508115333,0,1,T1486
asset_5866,0.9042692805633136,1,1,T1486
asset_5867,0.0033104508115333,0,0,T1486
asset_5868,0.9042692805633136,1,0,T1486
asset_5869,0.9042692805633136,1,0,T1486
asset_5870,0.9042692805633136,1,1,T1486
asset_5871,0.0033104508115868,0,1,T1486
asset_5872,0.9042692805633136,1,0,T1486
asset_5873,0.0033104508115225,0,0,T1486
asset_5874,0.0033104508115225,0,0,T1486
asset_5875,0.0033104508115333,0,0,T1486
asset_5876,0.9042692805633136,1,1,T1486
asset_5877,0.9042692805633136,1,1,T1486
asset_5878,0.0033104508115333,0,1,T1486
asset_5879,0.9042692805633136,1,1,T1486
asset_5880,0.9042692805633136,1,1,T1486
asset_5881,0.0033104508115333,0,1,T1486
asset_5882,0.9042692805633136,1,1,T1486
asset_5883,0.9042692805633136,1,0,T1486
asset_5884,0.0033104508115333,0,0,T1486
asset_5885,0.9042692805633136,1,0,T1486
asset_5886,0.9042692805633136,1,0,T1486
asset_5887,0.0033104508115333,0,1,T1486
asset_5888,0.0033104490923377,0,1,T1486
asset_5889,0.0033104508115309,0,1,T1486
asset_5890,0.9042692805633136,1,0,T1486
asset_5891,0.9042692805633136,1,0,T1486
asset_5892,0.003310450811583,0,1,T1486
asset_5893,0.0033104508115333,0,1,T1486
asset_5894,0.9042692805633136,1,0,T1486
asset_5895,0.0033104508115333,0,0,T1486
asset_5896,0.9042692805633136,1,0,T1486
asset_5897,0.0033104508115333,0,1,T1486
asset_5898,0.0033104508114508,0,0,T1486
asset_5899,0.0033104508115333,0,0,T1486
asset_5900,0.9042692805633136,1,0,T1486
asset_5901,0.9042692805633136,1,1,T1486
asset_5902,0.0033104508115333,0,0,T1486
asset_5903,0.0033104490923377,0,1,T1486
asset_5904,0.0033104508115205,0,1,T1486
asset_5905,0.9042692805633136,1,1,T1486
asset_5906,0.003310450811489,0,0,T1486
asset_5907,0.9042692805633136,1,0,T1486
asset_5908,0.0033104508115309,0,0,T1486
asset_5909,0.0033104508116689,0,1,T1486
asset_5910,0.0033104508115333,0,1,T1486
asset_5911,0.0033104508116689,0,0,T1486
asset_5912,0.0033104508115333,0,0,T1486
asset_5913,0.9042692805633136,1,0,T1486
asset_5914,0.9042692805633136,1,0,T1486
asset_5915,0.0033104508115021,0,0,T1486
asset_5916,0.0033104508115099,0,1,T1486
asset_5917,0.0038345488388173,0,1,T1486
asset_5918,0.9042692805633136,1,1,T1486
asset_5919,0.9042692805633136,1,1,T1486
asset_5920,0.9042692805633136,1,0,T1486
asset_5921,0.9042692805633136,1,1,T1486
asset_5922,0.9042692805633136,1,0,T1486
asset_5923,0.9042692805633136,1,1,T1486
asset_5924,0.9042692805633136,1,0,T1486
asset_5925,0.9042692805633136,1,0,T1486
asset_5926,0.0033104508115333,0,1,T1486
asset_5927,0.0033104500031795,0,1,T1486
asset_5928,0.9042692805633136,1,0,T1486
asset_5929,0.9042692805633136,1,0,T1486
asset_5930,0.9042692805633136,1,1,T1486
asset_5931,0.9042692805633136,1,0,T1486
asset_5932,0.9042692805633136,1,1,T1486
asset_5933,0.9042692805633136,1,0,T1486
asset_5934,0.9042692805633136,1,1,T1486
asset_5935,0.9042692805633136,1,0,T1486
asset_5936,0.9042692805633136,1,1,T1486
asset_5937,0.9042692805633136,1,0,T1486
asset_5938,0.9042692805633136,1,0,T1486
asset_5939,0.9042692805633136,1,1,T1486
asset_5940,0.003310450811489,0,1,T1486
asset_5941,0.9042692805633136,1,0,T1486
asset_5942,0.003310450811489,0,0,T1486
asset_5943,0.0033104508115333,0,1,T1486
asset_5944,0.0033104508115225,0,0,T1486
asset_5945,0.0033104508115333,0,0,T1486
asset_5946,0.0033104508115333,0,1,T1486
asset_5947,0.9042692805633136,1,1,T1486
asset_5948,0.9042692805633136,1,0,T1486
asset_5949,0.9042692805633136,1,1,T1486
asset_5950,0.9042692805633136,1,0,T1486
asset_5951,0.9042692805633136,1,0,T1486
asset_5952,0.9042692805633136,1,0,T1486
asset_5953,0.0033104508115333,0,1,T1486
asset_5954,0.0033104508115333,0,0,T1486
asset_5955,0.9042692805633136,1,0,T1486
asset_5956,0.9042692805633136,1,0,T1486
asset_5957,0.9042692805633136,1,0,T1486
asset_5958,0.9042692805633136,1,0,T1486
asset_5959,0.9042692805633136,1,0,T1486
asset_5960,0.0033104508115333,0,0,T1486
asset_5961,0.9042692805633136,1,0,T1486
asset_5962,0.0033104508115333,0,0,T1486
asset_5963,0.0033104508115333,0,1,T1486
asset_5964,0.0033104508115333,0,0,T1486
asset_5965,0.0033104508115097,0,0,T1486
asset_5966,0.9042692805633136,1,1,T1486
asset_5967,0.9042692805633136,1,0,T1486
asset_5968,0.9042692805633136,1,1,T1486
asset_5969,0.0033104508115333,0,1,T1486
asset_5970,0.9042692805633136,1,0,T1486
asset_5971,0.0033104508114889,0,0,T1486
asset_5972,0.0033804652151763,0,0,T1486
asset_5973,0.0033104508115333,0,1,T1486
asset_5974,0.9042692805633136,1,1,T1486
asset_5975,0.9042692805633136,1,0,T1486
asset_5976,0.9042692805633136,1,0,T1486
asset_5977,0.9042692805633136,1,1,T1486
asset_5978,0.9042692805633136,1,0,T1486
asset_5979,0.0033104477866214,0,1,T1486
asset_5980,0.9042692805633136,1,1,T1486
asset_5981,0.003310450811489,0,1,T1486
asset_5982,0.0033104508115333,0,1,T1486
asset_5983,0.0033104508115333,0,0,T1486
asset_5984,0.0033104508115333,0,0,T1486
asset_5985,0.0033104508115333,0,0,T1486
asset_5986,0.9042692805633136,1,0,T1486
asset_5987,0.0033104508115869,0,0,T1486
asset_5988,0.0033104508115097,0,1,T1486
asset_5989,0.0033104508114616,0,1,T1486
asset_5990,0.9042692805633136,1,0,T1486
asset_5991,0.9042692805633136,1,0,T1486
asset_5992,0.0033104508115333,0,0,T1486
asset_5993,0.0033104508115333,0,1,T1486
asset_5994,0.0033104508115333,0,0,T1486
asset_5995,0.9042692805633136,1,0,T1486
asset_5996,0.0033104508115309,0,0,T1486
asset_5997,0.0033104508115333,0,0,T1486
asset_5998,0.0033104508114895,0,1,T1486
asset_5999,0.9042692805633136,1,0,T1486
asset_6000,0.9042692805633136,1,0,T1486
asset_6001,0.9042692805633136,1,1,T1486
asset_6002,0.0033104508115333,0,0,T1486
asset_6003,0.0033104508115185,0,0,T1486
asset_6004,0.9042692805633136,1,1,T1486
asset_6005,0.9042692805633136,1,1,T1486
asset_6006,0.0033104508115225,0,0,T1486
asset_6007,0.9042692805633136,1,0,T1486
asset_6008,0.9042692805633136,1,1,T1486
asset_6009,0.9042692805633136,1,1,T1486
asset_6010,0.9042692805633136,1,0,T1486
asset_6011,0.9042692805633136,1,0,T1486
asset_6012,0.9042692805633136,1,0,T1486
asset_6013,0.0033104508115333,0,0,T1486
asset_6014,0.9042692805633136,1,1,T1486
asset_6015,0.9042692805633136,1,0,T1486
asset_6016,0.0033104508115333,0,0,T1486
asset_6017,0.0033104508115333,0,0,T1486
asset_6018,0.9042692805633136,1,0,T1486
asset_6019,0.0033104508115333,0,0,T1486
asset_6020,0.0033104508115333,0,1,T1486
asset_6021,0.9042692805633136,1,1,T1486
asset_6022,0.0033104508114623,0,0,T1486
asset_6023,0.0033104508115201,0,1,T1486
asset_6024,0.9042692805633136,1,0,T1486
asset_6025,0.9042692805633136,1,0,T1486
asset_6026,0.9042692805633136,1,0,T1486
asset_6027,0.0033104508115333,0,0,T1486
asset_6028,0.0033104508115309,0,0,T1486
asset_6029,0.9042692805633136,1,1,T1486
asset_6030,0.0033104508114616,0,1,T1486
asset_6031,0.0033104508115097,0,1,T1486
asset_6032,0.0033104508115333,0,0,T1486
asset_6033,0.9042692805633136,1,1,T1486
asset_6034,0.9042692805633136,1,0,T1486
asset_6035,0.0033104508115294,0,1,T1486
asset_6036,0.0033104508115333,0,1,T1486
asset_6037,0.0033104508115333,0,0,T1486
asset_6038,0.9042692805633136,1,0,T1486
asset_6039,0.9042692805633136,1,1,T1486
asset_6040,0.0033104508115205,0,1,T1486
asset_6041,0.0033104508115309,0,0,T1486
asset_6042,0.0033104508115333,0,0,T1486
asset_6043,0.9042692805633136,1,0,T1486
asset_6044,0.0033104508115333,0,0,T1486
asset_6045,0.0033104508120232,0,1,T1486
asset_6046,0.9042692805633136,1,0,T1486
asset_6047,0.0033104508115205,0,0,T1486
asset_6048,0.9042692805633136,1,0,T1486
asset_6049,0.0033104508115333,0,1,T1486
asset_6050,0.9042692805633136,1,0,T1486
asset_6051,0.9042692805633136,1,0,T1486
asset_6052,0.9042692805633136,1,1,T1486
asset_6053,0.0033104508115333,0,0,T1486
asset_6054,0.9042692805633136,1,0,T1486
asset_6055,0.9042692805633136,1,0,T1486
asset_6056,0.0033104508115333,0,0,T1486
asset_6057,0.0033104508115868,0,0,T1486
asset_6058,0.0033104508115333,0,0,T1486
asset_6059,0.0033104508115097,0,1,T1486
asset_6060,0.0033104508115333,0,1,T1486
asset_6061,0.0033104508115186,0,0,T1486
asset_6062,0.9042692805633136,1,1,T1486
asset_6063,0.0033104508115333,0,0,T1486
asset_6064,0.9042692805633136,1,1,T1486
asset_6065,0.0033104508115333,0,0,T1486
asset_6066,0.9042692805633136,1,1,T1486
asset_6067,0.003310450811466,0,0,T1486
asset_6068,0.0033104508115333,0,1,T1486
asset_6069,0.9042692805633136,1,1,T1486
asset_6070,0.9042692805633136,1,0,T1486
asset_6071,0.9042692805633136,1,1,T1486
asset_6072,0.9042692805633136,1,1,T1486
asset_6073,0.0033104508115333,0,1,T1486
asset_6074,0.9042692805633136,1,0,T1486
asset_6075,0.0033104508115309,0,0,T1486
asset_6076,0.9042692805633136,1,1,T1486
asset_6077,0.0033104508115333,0,1,T1486
asset_6078,0.0033104508115058,0,1,T1486
asset_6079,0.9042692805633136,1,0,T1486
asset_6080,0.9042692805633136,1,0,T1486
asset_6081,0.9042692805633136,1,0,T1486
asset_6082,0.0033104508115201,0,0,T1486
asset_6083,0.9042692805633136,1,0,T1486
asset_6084,0.9042692805633136,1,0,T1486
asset_6085,0.9042692805633136,1,0,T1486
asset_6086,0.9042692805633136,1,0,T1486
asset_6087,0.0033104508115225,0,1,T1486
asset_6088,0.0033104508115342,0,0,T1486
asset_6089,0.003310450811489,0,0,T1486
asset_6090,0.0033104508115333,0,0,T1486
asset_6091,0.0033104508115221,0,1,T1486
asset_6092,0.9042692805633136,1,0,T1486
asset_6093,0.9042692805633136,1,1,T1486
asset_6094,0.0033104508115333,0,0,T1486
asset_6095,0.0033104508122665,0,0,T1486
asset_6096,0.9042692805633136,1,0,T1486
asset_6097,0.9042692805633136,1,0,T1486
asset_6098,0.0033104508115333,0,0,T1486
asset_6099,0.0033104508115333,0,1,T1486
asset_6100,0.9042692805633136,1,0,T1486
asset_6101,0.9042692805633136,1,1,T1486
asset_6102,0.0033104508115205,0,0,T1486
asset_6103,0.0033104508115284,0,1,T1486
asset_6104,0.0033104508114616,0,1,T1486
asset_6105,0.0033104508115333,0,0,T1486
asset_6106,0.9042692805633136,1,1,T1486
asset_6107,0.9042692805633136,1,0,T1486
asset_6108,0.0033104508115309,0,1,T1486
asset_6109,0.0033104508115333,0,0,T1486
asset_6110,0.0033104508115333,0,1,T1486
asset_6111,0.9042692805633136,1,0,T1486
asset_6112,0.9042692805633136,1,1,T1486
asset_6113,0.9042692805633136,1,0,T1486
asset_6114,0.0033104508115205,0,0,T1486
asset_6115,0.9042692805633136,1,0,T1486
asset_6116,0.003310450811466,0,0,T1486
asset_6117,0.0033104508115293,0,1,T1486
asset_6118,0.9042692805633136,1,0,T1486
asset_6119,0.0033104508115271,0,1,T1486
asset_6120,0.0033104508115333,0,0,T1486
asset_6121,0.9042692805633136,1,1,T1486
asset_6122,0.9042692805633136,1,1,T1486
asset_6123,0.0033104508114893,0,1,T1486
asset_6124,0.9042692805633136,1,0,T1486
asset_6125,0.003310450811489,0,0,T1486
asset_6126,0.9042692805633136,1,0,T1486
asset_6127,0.0033104508115271,0,1,T1486
asset_6128,0.0033104508115333,0,0,T1486
asset_6129,0.9042692805633136,1,1,T1486
asset_6130,0.9042692805633136,1,0,T1486
asset_6131,0.0033104508115333,0,1,T1486
asset_6132,0.003310450812075,0,0,T1486
asset_6133,0.0033104508115318,0,0,T1486
asset_6134,0.0033104508115316,0,1,T1486
asset_6135,0.0033104508115333,0,1,T1486
asset_6136,0.9042692805633136,1,0,T1486
asset_6137,0.9042692805633136,1,1,T1486
asset_6138,0.003310450811489,0,1,T1486
asset_6139,0.0033104508115333,0,0,T1486
asset_6140,0.9042692805633136,1,1,T1486
asset_6141,0.9042692805633136,1,0,T1486
asset_6142,0.9042692805633136,1,1,T1486
asset_6143,0.0033104508115333,0,0,T1486
asset_6144,0.9042692805633136,1,1,T1486
asset_6145,0.0033104508115169,0,0,T1486
asset_6146,0.9042692805633136,1,0,T1486
asset_6147,0.9042692805633136,1,1,T1486
asset_6148,0.9042692805633136,1,0,T1486
asset_6149,0.0033104508115333,0,0,T1486
asset_6150,0.9042692805633136,1,0,T1486
asset_6151,0.0033104508114552,0,1,T1486
asset_6152,0.0033104508115293,0,1,T1486
asset_6153,0.9042692805633136,1,0,T1486
asset_6154,0.0033104508115294,0,1,T1486
asset_6155,0.9042692805633136,1,1,T1486
asset_6156,0.0033104508115333,0,1,T1486
asset_6157,0.0033104508115333,0,0,T1486
asset_6158,0.0033104508115333,0,0,T1486
asset_6159,0.0033104508115185,0,1,T1486
asset_6160,0.0033104508115333,0,0,T1486
asset_6161,0.0033104508115294,0,1,T1486
asset_6162,0.0033104508115186,0,1,T1486
asset_6163,0.9042692805633136,1,0,T1486
asset_6164,0.9042692805633136,1,0,T1486
asset_6165,0.0033104508115333,0,0,T1486
asset_6166,0.0033104508115309,0,1,T1486
asset_6167,0.9042692805633136,1,1,T1486
asset_6168,0.9042692805633136,1,0,T1486
asset_6169,0.9042692805633136,1,1,T1486
asset_6170,0.9042692805633136,1,0,T1486
asset_6171,0.9042692805633136,1,0,T1486
asset_6172,0.0033104508115309,0,1,T1486
asset_6173,0.0034876895568891,0,1,T1486
asset_6174,0.0033104508115333,0,1,T1486
asset_6175,0.0033104508115869,0,0,T1486
asset_6176,0.0033104508115021,0,0,T1486
asset_6177,0.0033104508115097,0,0,T1486
asset_6178,0.0033104508115318,0,0,T1486
asset_6179,0.0033104508115784,0,0,T1486
asset_6180,0.9042692805633136,1,1,T1486
asset_6181,0.9042692805633136,1,1,T1486
asset_6182,0.0033104508115201,0,0,T1486
asset_6183,0.0033104508115146,0,1,T1486
asset_6184,0.0033104508115309,0,1,T1486
asset_6185,0.0033104508115099,0,1,T1486
asset_6186,0.9042692805633136,1,0,T1486
asset_6187,0.0033104508115333,0,1,T1486
asset_6188,0.9042692805633136,1,0,T1486
asset_6189,0.9042692805633136,1,1,T1486
asset_6190,0.9042692805633136,1,1,T1486
asset_6191,0.0033104508115225,0,0,T1486
asset_6192,0.0033104508115309,0,1,T1486
asset_6193,0.9042692805633136,1,1,T1486
asset_6194,0.9042692805633136,1,1,T1486
asset_6195,0.9042692805633136,1,0,T1486
asset_6196,0.9042692805633136,1,1,T1486
asset_6197,0.9042692805633136,1,0,T1486
asset_6198,0.9042692805633136,1,0,T1486
asset_6199,0.0033104508115333,0,0,T1486
asset_6200,0.0033104508115333,0,1,T1486
asset_6201,0.9042692805633136,1,1,T1486
asset_6202,0.9042692805633136,1,0,T1486
asset_6203,0.9042692805633136,1,0,T1486
asset_6204,0.9042692805633136,1,0,T1486
asset_6205,0.0033104508115333,0,1,T1486
asset_6206,0.9042692805633136,1,0,T1486
asset_6207,0.9042692805633136,1,1,T1486
asset_6208,0.0033104508115333,0,1,T1486
asset_6209,0.0033104508115333,0,1,T1486
asset_6210,0.0033104508115205,0,0,T1486
asset_6211,0.9042692805633136,1,1,T1486
asset_6212,0.0033104508115201,0,1,T1486
asset_6213,0.0033104508115333,0,1,T1486
asset_6214,0.9042692805633136,1,0,T1486
asset_6215,0.0033104508115333,0,1,T1486
asset_6216,0.0033104508115333,0,0,T1486
asset_6217,0.9042692805633136,1,1,T1486
asset_6218,0.9042692805633136,1,1,T1486
asset_6219,0.9042692805633136,1,1,T1486
asset_6220,0.9042692805633136,1,1,T1486
asset_6221,0.9042692805633136,1,0,T1486
asset_6222,0.0033104508115333,0,0,T1486
asset_6223,0.0033104508115333,0,1,T1486
asset_6224,0.9042692805633136,1,1,T1486
asset_6225,0.9042692805633136,1,1,T1486
asset_6226,0.0033104508115309,0,1,T1486
asset_6227,0.9042692805633136,1,1,T1486
asset_6228,0.9042692805633136,1,1,T1486
asset_6229,0.9042692805633136,1,1,T1486
asset_6230,0.9042692805633136,1,0,T1486
asset_6231,0.0033104508115333,0,0,T1486
asset_6232,0.0033104508115333,0,0,T1486
asset_6233,0.0033104508114959,0,0,T1486
asset_6234,0.0033104508115333,0,1,T1486
asset_6235,0.9042692805633136,1,0,T1486
asset_6236,0.0033104508115333,0,1,T1486
asset_6237,0.0033104508115333,0,0,T1486
asset_6238,0.9042692805633136,1,0,T1486
asset_6239,0.0033104508115333,0,1,T1486
asset_6240,0.9042692805633136,1,0,T1486
asset_6241,0.0033104508115309,0,1,T1486
asset_6242,0.0033104508115333,0,0,T1486
asset_6243,0.9042692805633136,1,0,T1486
asset_6244,0.0033104508115333,0,0,T1486
asset_6245,0.0033104508115333,0,1,T1486
asset_6246,0.9042692805633136,1,1,T1486
asset_6247,0.9042692805633136,1,0,T1486
asset_6248,0.003310450811489,0,1,T1486
asset_6249,0.9042692805633136,1,1,T1486
asset_6250,0.0033104508115869,0,0,T1486
asset_6251,0.0033104508115333,0,0,T1486
asset_6252,0.9042692805633136,1,0,T1486
asset_6253,0.0033104508115333,0,0,T1486
asset_6254,0.9042692805633136,1,1,T1486
asset_6255,0.0033104508115333,0,1,T1486
asset_6256,0.9042692805633136,1,0,T1486
asset_6257,0.0033104508115333,0,0,T1486
asset_6258,0.0033104508115333,0,1,T1486
asset_6259,0.9042692805633136,1,0,T1486
asset_6260,0.0033104508114616,0,1,T1486
asset_6261,0.9042692805633136,1,0,T1486
asset_6262,0.0033104508115868,0,0,T1486
asset_6263,0.0033104508117248,0,1,T1486
asset_6264,0.0033104508115333,0,0,T1486
asset_6265,0.9042692805633136,1,1,T1486
asset_6266,0.0033104508115333,0,0,T1486
asset_6267,0.0033104508114786,0,1,T1486
asset_6268,0.9042692805633136,1,0,T1486
asset_6269,0.9042692805633136,1,1,T1486
asset_6270,0.0033104508115333,0,0,T1486
asset_6271,0.9042692805633136,1,1,T1486
asset_6272,0.9042692805633136,1,1,T1486
asset_6273,0.0034876895567274,0,1,T1486
asset_6274,0.0033104508115309,0,0,T1486
asset_6275,0.9042692805633136,1,1,T1486
asset_6276,0.0033104508115333,0,0,T1486
asset_6277,0.0033104473248358,0,0,T1486
asset_6278,0.0033104508115333,0,0,T1486
asset_6279,0.9042692805633136,1,1,T1486
asset_6280,0.0033104508115333,0,1,T1486
asset_6281,0.0033104508115333,0,1,T1486
asset_6282,0.0033104508114785,0,0,T1486
asset_6283,0.9042692805633136,1,0,T1486
asset_6284,0.9042692805633136,1,1,T1486
asset_6285,0.9042692805633136,1,1,T1486
asset_6286,0.0033104508115333,0,1,T1486
asset_6287,0.0033104490923377,0,1,T1486
asset_6288,0.0033104477866214,0,1,T1486
asset_6289,0.0033104508115271,0,0,T1486
asset_6290,0.9042692805633136,1,1,T1486
asset_6291,0.0033104508118171,0,0,T1486
asset_6292,0.9042692805633136,1,1,T1486
asset_6293,0.9042692805633136,1,1,T1486
asset_6294,0.0033104508115333,0,1,T1486
asset_6295,0.0033104508115146,0,0,T1486
asset_6296,0.9042692805633136,1,0,T1486
asset_6297,0.0033104508114616,0,0,T1486
asset_6298,0.0033104508115271,0,1,T1486
asset_6299,0.0033104508114933,0,0,T1486
asset_6300,0.9042692805633136,1,1,T1486
asset_6301,0.0033104508115333,0,0,T1486
asset_6302,0.9042692805633136,1,0,T1486
asset_6303,0.0033104508115333,0,1,T1486
asset_6304,0.0033104508115333,0,1,T1486
asset_6305,0.9042692805633136,1,1,T1486
asset_6306,0.9042692805633136,1,0,T1486
asset_6307,0.9042692805633136,1,0,T1486
asset_6308,0.0033104508115333,0,0,T1486
asset_6309,0.003310450811489,0,1,T1486
asset_6310,0.0033104508115333,0,0,T1486
asset_6311,0.9042692805633136,1,0,T1486
asset_6312,0.9042692805633136,1,1,T1486
asset_6313,0.0033104508115333,0,0,T1486
asset_6314,0.9042692805633136,1,0,T1486
asset_6315,0.0033104508115293,0,0,T1486
asset_6316,0.0033104508115309,0,0,T1486
asset_6317,0.0033104508115061,0,1,T1486
asset_6318,0.9042692805633136,1,1,T1486
asset_6319,0.9042692805633136,1,0,T1486
asset_6320,0.0033104508115869,0,1,T1486
asset_6321,0.0033104508115309,0,0,T1486
asset_6322,0.9042692805633136,1,0,T1486
asset_6323,0.9042692805633136,1,1,T1486
asset_6324,0.0033104499674126,0,0,T1486
asset_6325,0.0033104508115333,0,0,T1486
asset_6326,0.0033104508115333,0,1,T1486
asset_6327,0.9042692805633136,1,1,T1486
asset_6328,0.9042692805633136,1,0,T1486
asset_6329,0.9042692805633136,1,0,T1486
asset_6330,0.9042692805633136,1,1,T1486
asset_6331,0.0033104508115333,0,1,T1486
asset_6332,0.0033104508115309,0,0,T1486
asset_6333,0.0033104508114785,0,1,T1486
asset_6334,0.9042692805633136,1,0,T1486
asset_6335,0.9042692805633136,1,1,T1486
asset_6336,0.9042692805633136,1,0,T1486
asset_6337,0.0033104508115307,0,1,T1486
asset_6338,0.0033104508115333,0,1,T1486
asset_6339,0.9042692805633136,1,1,T1486
asset_6340,0.9042692805633136,1,0,T1486
asset_6341,0.9042692805633136,1,1,T1486
asset_6342,0.0033104508114618,0,0,T1486
asset_6343,0.9042692805633136,1,0,T1486
asset_6344,0.9042692805633136,1,1,T1486
asset_6345,0.9042692805633136,1,1,T1486
asset_6346,0.0033104508115333,0,0,T1486
asset_6347,0.0033104508115223,0,0,T1486
asset_6348,0.0033104508115309,0,1,T1486
asset_6349,0.0033104508115333,0,1,T1486
asset_6350,0.0033104508115309,0,1,T1486
asset_6351,0.0033104508115318,0,0,T1486
asset_6352,0.9042692805633136,1,1,T1486
asset_6353,0.9042692805633136,1,1,T1486
asset_6354,0.0033104508115333,0,1,T1486
asset_6355,0.9042692805633136,1,1,T1486
asset_6356,0.003310450811489,0,0,T1486
asset_6357,0.9042692805633136,1,1,T1486
asset_6358,0.9042692805633136,1,1,T1486
asset_6359,0.0033104508115333,0,0,T1486
asset_6360,0.9042692805633136,1,1,T1486
asset_6361,0.0033104508115205,0,1,T1486
asset_6362,0.9042692805633136,1,1,T1486
asset_6363,0.9042692805633136,1,0,T1486
asset_6364,0.9042692805633136,1,1,T1486
asset_6365,0.0033804806999925,0,0,T1486
asset_6366,0.9042692805633136,1,1,T1486
asset_6367,0.0033104508115309,0,0,T1486
asset_6368,0.0033104508115333,0,1,T1486
asset_6369,0.0033104500031795,0,1,T1486
asset_6370,0.9042692805633136,1,0,T1486
asset_6371,0.003310450811466,0,1,T1486
asset_6372,0.9042692805633136,1,0,T1486
asset_6373,0.0033104508115333,0,0,T1486
asset_6374,0.0033104508115333,0,1,T1486
asset_6375,0.003345437170895,0,1,T1486
asset_6376,0.0033104508115784,0,1,T1486
asset_6377,0.0033104508115333,0,1,T1486
asset_6378,0.0033104508115333,0,1,T1486
asset_6379,0.9042692805633136,1,0,T1486
asset_6380,0.9042692805633136,1,1,T1486
asset_6381,0.0033104508115333,0,0,T1486
asset_6382,0.0033104508115333,0,0,T1486
asset_6383,0.9042692805633136,1,1,T1486
asset_6384,0.9042692805633136,1,1,T1486
asset_6385,0.9042692805633136,1,1,T1486
asset_6386,0.0033104508115333,0,0,T1486
asset_6387,0.0033104508115333,0,1,T1486
asset_6388,0.9042692805633136,1,0,T1486
asset_6389,0.9042692805633136,1,0,T1486
asset_6390,0.0033104457881829,0,1,T1486
asset_6391,0.0033104508115333,0,0,T1486
asset_6392,0.9042692805633136,1,1,T1486
asset_6393,0.0033104508115333,0,0,T1486
asset_6394,0.003310450811489,0,0,T1486
asset_6395,0.0033104508115333,0,1,T1486
asset_6396,0.0033104508115333,0,0,T1486
asset_6397,0.9042692805633136,1,0,T1486
asset_6398,0.9042692805633136,1,1,T1486
asset_6399,0.0033104508115333,0,0,T1486
asset_6400,0.0033104508115869,0,0,T1486
asset_6401,0.9042692805633136,1,1,T1486
asset_6402,0.9042692805633136,1,0,T1486
asset_6403,0.0033104508115333,0,0,T1486
asset_6404,0.9042692805633136,1,0,T1486
asset_6405,0.9042692805633136,1,0,T1486
asset_6406,0.9042692805633136,1,0,T1486
asset_6407,0.9042692805633136,1,0,T1486
asset_6408,0.0033104508115333,0,0,T1486
asset_6409,0.0033104508115205,0,0,T1486
asset_6410,0.9042692805633136,1,1,T1486
asset_6411,0.9042692805633136,1,1,T1486
asset_6412,0.9042692805633136,1,0,T1486
asset_6413,0.0033104508115294,0,0,T1486
asset_6414,0.9042692805633136,1,1,T1486
asset_6415,0.9042692805633136,1,0,T1486
asset_6416,0.9042692805633136,1,0,T1486
asset_6417,0.9042692805633136,1,1,T1486
asset_6418,0.0033104508115869,0,0,T1486
asset_6419,0.9042692805633136,1,1,T1486
asset_6420,0.9042692805633136,1,0,T1486
asset_6421,0.9042692805633136,1,1,T1486
asset_6422,0.0033104508115186,0,1,T1486
asset_6423,0.0033104508115309,0,0,T1486
asset_6424,0.9042692805633136,1,0,T1486
asset_6425,0.0033104508114889,0,0,T1486
asset_6426,0.9042692805633136,1,1,T1486
asset_6427,0.9042692805633136,1,1,T1486
asset_6428,0.9042692805633136,1,1,T1486
asset_6429,0.9042692805633136,1,0,T1486
asset_6430,0.0033104508115333,0,0,T1486
asset_6431,0.0033104508115225,0,1,T1486
asset_6432,0.0033454389817491,0,0,T1486
asset_6433,0.9042692805633136,1,0,T1486
asset_6434,0.9042692805633136,1,1,T1486
asset_6435,0.9042692805633136,1,1,T1486
asset_6436,0.9042692805633136,1,1,T1486
asset_6437,0.9042692805633136,1,1,T1486
asset_6438,0.0033104508115225,0,0,T1486
asset_6439,0.0033104508115333,0,1,T1486
asset_6440,0.0033104508115309,0,1,T1486
asset_6441,0.0033104508115333,0,1,T1486
asset_6442,0.9042692805633136,1,0,T1486
asset_6443,0.0033104469826889,0,0,T1486
asset_6444,0.9042692805633136,1,1,T1486
asset_6445,0.9042692805633136,1,1,T1486
asset_6446,0.0033104508114508,0,1,T1486
asset_6447,0.9042692805633136,1,0,T1486
asset_6448,0.9042692805633136,1,1,T1486
asset_6449,0.003310450811489,0,0,T1486
asset_6450,0.003310450811489,0,0,T1486
asset_6451,0.9042692805633136,1,0,T1486
asset_6452,0.9042692805633136,1,1,T1486
asset_6453,0.0033104508115201,0,1,T1486
asset_6454,0.0033104508115868,0,0,T1486
asset_6455,0.9042692805633136,1,0,T1486
asset_6456,0.0033104508119878,0,0,T1486
asset_6457,0.0033104508115333,0,0,T1486
asset_6458,0.0033104508115333,0,0,T1486
asset_6459,0.0033104508114933,0,1,T1486
asset_6460,0.0033104508115333,0,0,T1486
asset_6461,0.9042692805633136,1,0,T1486
asset_6462,0.9042692805633136,1,0,T1486
asset_6463,0.0033104508115333,0,0,T1486
asset_6464,0.9042692805633136,1,0,T1486
asset_6465,0.9042692805633136,1,1,T1486
asset_6466,0.9042692805633136,1,1,T1486
asset_6467,0.0033104477866214,0,0,T1486
asset_6468,0.9042692805633136,1,0,T1486
asset_6469,0.0033104508115309,0,1,T1486
asset_6470,0.9042692805633136,1,0,T1486
asset_6471,0.0033104508115333,0,1,T1486
asset_6472,0.0033104508115333,0,0,T1486
asset_6473,0.0033104508115333,0,0,T1486
asset_6474,0.0033104508115146,0,0,T1486
asset_6475,0.9042692805633136,1,1,T1486
asset_6476,0.9042692805633136,1,1,T1486
asset_6477,0.9042692805633136,1,1,T1486
asset_6478,0.9042692805633136,1,1,T1486
asset_6479,0.9042692805633136,1,1,T1486
asset_6480,0.9042692805633136,1,1,T1486
asset_6481,0.0033104508115333,0,0,T1486
asset_6482,0.9042692805633136,1,0,T1486
asset_6483,0.0033104508115333,0,1,T1486
asset_6484,0.003310450811531,0,1,T1486
asset_6485,0.9042692805633136,1,1,T1486
asset_6486,0.9042692805633136,1,1,T1486
asset_6487,0.0033104508115333,0,1,T1486
asset_6488,0.0033104508115309,0,1,T1486
asset_6489,0.0033104508115333,0,1,T1486
asset_6490,0.9042692805633136,1,1,T1486
asset_6491,0.0033104508122665,0,0,T1486
asset_6492,0.9042692805633136,1,1,T1486
asset_6493,0.9042692805633136,1,0,T1486
asset_6494,0.9042692805633136,1,1,T1486
asset_6495,0.0033104508115333,0,1,T1486
asset_6496,0.0033104508115309,0,1,T1486
asset_6497,0.9042692805633136,1,0,T1486
asset_6498,0.0033104508115333,0,1,T1486
asset_6499,0.9042692805633136,1,0,T1486
asset_6500,0.0033104508115333,0,1,T1486
asset_6501,0.9042692805633136,1,1,T1486
asset_6502,0.9042692805633136,1,1,T1486
asset_6503,0.0033104508115333,0,0,T1486
asset_6504,0.9042692805633136,1,1,T1486
asset_6505,0.0033104508115201,0,0,T1486
asset_6506,0.0033104508115333,0,1,T1486
asset_6507,0.0033104508114616,0,1,T1486
asset_6508,0.0033104508115333,0,1,T1486
asset_6509,0.9042692805633136,1,0,T1486
asset_6510,0.0033104508115309,0,0,T1486
asset_6511,0.0033104508115333,0,0,T1486
asset_6512,0.0033104508115333,0,1,T1486
asset_6513,0.0033104508115333,0,0,T1486
asset_6514,0.9042692805633136,1,1,T1486
asset_6515,0.9042692805633136,1,0,T1486
asset_6516,0.0033104508115205,0,1,T1486
asset_6517,0.0033104508115333,0,0,T1486
asset_6518,0.0033104508115333,0,1,T1486
asset_6519,0.9042692805633136,1,1,T1486
asset_6520,0.0033104508115333,0,0,T1486
asset_6521,0.9042692805633136,1,0,T1486
asset_6522,0.0033104508114787,0,1,T1486
asset_6523,0.0033104508115333,0,0,T1486
asset_6524,0.0033104508115333,0,0,T1486
asset_6525,0.0033104500031795,0,1,T1486
asset_6526,0.9042692805633136,1,0,T1486
asset_6527,0.9042692805633136,1,0,T1486
asset_6528,0.0033104508115196,0,0,T1486
asset_6529,0.0033104508115333,0,0,T1486
asset_6530,0.9042692805633136,1,0,T1486
asset_6531,0.0033104508115333,0,0,T1486
asset_6532,0.0033104508120232,0,1,T1486
asset_6533,0.0033104508115333,0,0,T1486
asset_6534,0.9042692805633136,1,0,T1486
asset_6535,0.0033104508115294,0,0,T1486
asset_6536,0.0033104508115309,0,0,T1486
asset_6537,0.9042692805633136,1,0,T1486
asset_6538,0.9042692805633136,1,1,T1486
asset_6539,0.9042692805633136,1,0,T1486
asset_6540,0.0033104508114552,0,0,T1486
asset_6541,0.9042692805633136,1,1,T1486
asset_6542,0.9042692805633136,1,1,T1486
asset_6543,0.9042692805633136,1,0,T1486
asset_6544,0.0033104508114889,0,0,T1486
asset_6545,0.0033104508115309,0,0,T1486
asset_6546,0.9042692805633136,1,1,T1486
asset_6547,0.9042692805633136,1,0,T1486
asset_6548,0.0033104508115784,0,1,T1486
asset_6549,0.0033104508115333,0,0,T1486
asset_6550,0.9042692805633136,1,1,T1486
asset_6551,0.9042692805633136,1,0,T1486
asset_6552,0.9042692805633136,1,0,T1486
asset_6553,0.0033104508115333,0,0,T1486
asset_6554,0.9042692805633136,1,0,T1486
asset_6555,0.0033104508115333,0,0,T1486
asset_6556,0.9042692805633136,1,0,T1486
asset_6557,0.9042692805633136,1,0,T1486
asset_6558,0.9042692805633136,1,0,T1486
asset_6559,0.9042692805633136,1,1,T1486
asset_6560,0.9042692805633136,1,1,T1486
asset_6561,0.0033104508115316,0,1,T1486
asset_6562,0.0033104508115869,0,1,T1486
asset_6563,0.9042692805633136,1,0,T1486
asset_6564,0.9042692805633136,1,1,T1486
asset_6565,0.0033104508115333,0,1,T1486
asset_6566,0.9042692805633136,1,0,T1486
asset_6567,0.9042692805633136,1,0,T1486
asset_6568,0.9042692805633136,1,0,T1486
asset_6569,0.0033104508115333,0,1,T1486
asset_6570,0.9042692805633136,1,0,T1486
asset_6571,0.9042692805633136,1,1,T1486
asset_6572,0.9042692805633136,1,0,T1486
asset_6573,0.0033104508115225,0,0,T1486
asset_6574,0.9042692805633136,1,0,T1486
asset_6575,0.9042692805633136,1,1,T1486
asset_6576,0.0033104508115225,0,1,T1486
asset_6577,0.0033104508115333,0,0,T1486
asset_6578,0.0033104508115333,0,0,T1486
asset_6579,0.9042692805633136,1,1,T1486
asset_6580,0.9042692805633136,1,1,T1486
asset_6581,0.9042692805633136,1,1,T1486
asset_6582,0.9042692805633136,1,1,T1486
asset_6583,0.9042692805633136,1,1,T1486
asset_6584,0.0033104508115046,0,1,T1486
asset_6585,0.0033104508115333,0,1,T1486
asset_6586,0.9042692805633136,1,1,T1486
asset_6587,0.0033104508114785,0,0,T1486
asset_6588,0.0033104508115784,0,0,T1486
asset_6589,0.0033104508115333,0,1,T1486
asset_6590,0.9042692805633136,1,1,T1486
asset_6591,0.0033104508115333,0,1,T1486
asset_6592,0.0033104508115271,0,1,T1486
asset_6593,0.9042692805633136,1,0,T1486
asset_6594,0.9042692805633136,1,0,T1486
asset_6595,0.0033104508115309,0,1,T1486
asset_6596,0.0033104508114616,0,1,T1486
asset_6597,0.9042692805633136,1,1,T1486
asset_6598,0.0033104508115097,0,0,T1486
asset_6599,0.0033104508115333,0,0,T1486
asset_6600,0.0033104508115318,0,0,T1486
asset_6601,0.0033104508115333,0,1,T1486
asset_6602,0.9042692805633136,1,0,T1486
asset_6603,0.003310450811489,0,1,T1486
asset_6604,0.0033104508115309,0,0,T1486
asset_6605,0.9042692805633136,1,1,T1486
asset_6606,0.9042692805633136,1,0,T1486
asset_6607,0.0033104508115099,0,0,T1486
asset_6608,0.0033104508115333,0,0,T1486
asset_6609,0.9042692805633136,1,1,T1486
asset_6610,0.0033104508115309,0,1,T1486
asset_6611,0.9042692805633136,1,0,T1486
asset_6612,0.9042692805633136,1,0,T1486
asset_6613,0.0033104508115333,0,1,T1486
asset_6614,0.9042692805633136,1,0,T1486
asset_6615,0.9042692805633136,1,1,T1486
asset_6616,0.9042692805633136,1,1,T1486
asset_6617,0.9042692805633136,1,0,T1486
asset_6618,0.9042692805633136,1,0,T1486
asset_6619,0.0033104508115333,0,0,T1486
asset_6620,0.0033104508115843,0,0,T1486
asset_6621,0.9042692805633136,1,1,T1486
asset_6622,0.9042692805633136,1,0,T1486
asset_6623,0.0033104508115333,0,0,T1486
asset_6624,0.9042692805633136,1,0,T1486
asset_6625,0.0033104508114785,0,0,T1486
asset_6626,0.9042692805633136,1,0,T1486
asset_6627,0.9042692805633136,1,0,T1486
asset_6628,0.9042692805633136,1,0,T1486
asset_6629,0.9042692805633136,1,1,T1486
asset_6630,0.0033104508115333,0,0,T1486
asset_6631,0.0033104508115333,0,1,T1486
asset_6632,0.9042692805633136,1,1,T1486
asset_6633,0.0033104508115333,0,0,T1486
asset_6634,0.9042692805633136,1,0,T1486
asset_6635,0.9042692805633136,1,0,T1486
asset_6636,0.0033454389816956,0,0,T1486
asset_6637,0.9042692805633136,1,0,T1486
asset_6638,0.9042692805633136,1,0,T1486
asset_6639,0.0033104508115333,0,0,T1486
asset_6640,0.9042692805633136,1,0,T1486
asset_6641,0.9042692805633136,1,1,T1486
asset_6642,0.0033104508115225,0,1,T1486
asset_6643,0.9042692805633136,1,0,T1486
asset_6644,0.9042692805633136,1,1,T1486
asset_6645,0.9042692805633136,1,1,T1486
asset_6646,0.0033104508115333,0,0,T1486
asset_6647,0.9042692805633136,1,0,T1486
asset_6648,0.9042692805633136,1,0,T1486
asset_6649,0.0033104508115205,0,0,T1486
asset_6650,0.9042692805633136,1,0,T1486
asset_6651,0.9042692805633136,1,1,T1486
asset_6652,0.9042692805633136,1,0,T1486
asset_6653,0.9042692805633136,1,1,T1486
asset_6654,0.9042692805633136,1,0,T1486
asset_6655,0.0033104508115333,0,1,T1486
asset_6656,0.0033104508115758,0,0,T1486
asset_6657,0.9042692805633136,1,0,T1486
asset_6658,0.9042692805633136,1,0,T1486
asset_6659,0.9042692805633136,1,1,T1486
asset_6660,0.9042692805633136,1,0,T1486
asset_6661,0.9042692805633136,1,0,T1486
asset_6662,0.9042692805633136,1,1,T1486
asset_6663,0.9042692805633136,1,0,T1486
asset_6664,0.0033104508115333,0,1,T1486
asset_6665,0.0033104508114889,0,0,T1486
asset_6666,0.0033104508115333,0,0,T1486
asset_6667,0.0033104508115309,0,0,T1486
asset_6668,0.0033104508115333,0,1,T1486
asset_6669,0.0033104508115205,0,0,T1486
asset_6670,0.9042692805633136,1,1,T1486
asset_6671,0.9042692805633136,1,1,T1486
asset_6672,0.0033104508115784,0,0,T1486
asset_6673,0.9042692805633136,1,0,T1486
asset_6674,0.0033104508115333,0,0,T1486
asset_6675,0.0033104508115333,0,0,T1486
asset_6676,0.0033104508115333,0,1,T1486
asset_6677,0.0033104508115293,0,1,T1486
asset_6678,0.0033104508115333,0,1,T1486
asset_6679,0.9042692805633136,1,0,T1486
asset_6680,0.9042692805633136,1,1,T1486
asset_6681,0.0033104508115309,0,0,T1486
asset_6682,0.9042692805633136,1,1,T1486
asset_6683,0.0033104508115333,0,1,T1486
asset_6684,0.0033454389816956,0,1,T1486
asset_6685,0.9042692805633136,1,0,T1486
asset_6686,0.0033104508115333,0,1,T1486
asset_6687,0.9042692805633136,1,0,T1486
asset_6688,0.9042692805633136,1,1,T1486
asset_6689,0.9042692805633136,1,0,T1486
asset_6690,0.0033104508115225,0,1,T1486
asset_6691,0.9042692805633136,1,0,T1486
asset_6692,0.9042692805633136,1,0,T1486
asset_6693,0.0033104508115309,0,0,T1486
asset_6694,0.0033104508115333,0,1,T1486
asset_6695,0.9042692805633136,1,1,T1486
asset_6696,0.9042692805633136,1,0,T1486
asset_6697,0.0034876895568891,0,1,T1486
asset_6698,0.9042692805633136,1,1,T1486
asset_6699,0.9042692805633136,1,0,T1486
asset_6700,0.0033104508115333,0,0,T1486
asset_6701,0.0033104508115333,0,0,T1486
asset_6702,0.0033104508115333,0,1,T1486
asset_6703,0.0033104508115333,0,1,T1486
asset_6704,0.9042692805633136,1,0,T1486
asset_6705,0.0033104508115333,0,1,T1486
asset_6706,0.0033104508115333,0,1,T1486
asset_6707,0.9042692805633136,1,1,T1486
asset_6708,0.0033104508115333,0,1,T1486
asset_6709,0.9042692805633136,1,1,T1486
asset_6710,0.9042692805633136,1,1,T1486
asset_6711,0.0033104508115205,0,0,T1486
asset_6712,0.0033104508115058,0,0,T1486
asset_6713,0.0033104508115333,0,0,T1486
asset_6714,0.9042692805633136,1,1,T1486
asset_6715,0.0033104508114935,0,0,T1486
asset_6716,0.0033104508115163,0,1,T1486
asset_6717,0.0033104508114935,0,0,T1486
asset_6718,0.0033454389830932,0,1,T1486
asset_6719,0.9042692805633136,1,0,T1486
asset_6720,0.0033104508115333,0,0,T1486
asset_6721,0.9042692805633136,1,0,T1486
asset_6722,0.0033104508115333,0,0,T1486
asset_6723,0.9042692805633136,1,0,T1486
asset_6724,0.9042692805633136,1,1,T1486
asset_6725,0.0033104508114785,0,0,T1486
asset_6726,0.9042692805633136,1,0,T1486
asset_6727,0.0033104508115333,0,0,T1486
asset_6728,0.9042692805633136,1,0,T1486
asset_6729,0.9042692805633136,1,1,T1486
asset_6730,0.0033104508115333,0,0,T1486
asset_6731,0.9042692805633136,1,0,T1486
asset_6732,0.9042692805633136,1,1,T1486
asset_6733,0.0033104481083634,0,1,T1486
asset_6734,0.0033104508115333,0,1,T1486
asset_6735,0.9042692805633136,1,0,T1486
asset_6736,0.0033104508115333,0,0,T1486
asset_6737,0.9042692805633136,1,0,T1486
asset_6738,0.9042692805633136,1,1,T1486
asset_6739,0.9042692805633136,1,0,T1486
asset_6740,0.9042692805633136,1,0,T1486
asset_6741,0.0033104508115333,0,1,T1486
asset_6742,0.0033104490923377,0,0,T1486
asset_6743,0.0033104508115333,0,0,T1486
asset_6744,0.0033104508115333,0,1,T1486
asset_6745,0.0033104508115333,0,1,T1486
asset_6746,0.9042692805633136,1,0,T1486
asset_6747,0.0033104508115333,0,0,T1486
asset_6748,0.9042692805633136,1,0,T1486
asset_6749,0.0033104508114895,0,1,T1486
asset_6750,0.0033104508115333,0,1,T1486
asset_6751,0.9042692805633136,1,0,T1486
asset_6752,0.0033104508114935,0,1,T1486
asset_6753,0.9042692805633136,1,1,T1486
asset_6754,0.9042692805633136,1,1,T1486
asset_6755,0.9042692805633136,1,1,T1486
asset_6756,0.0033104508115333,0,1,T1486
asset_6757,0.9042692805633136,1,0,T1486
asset_6758,0.9042692805633136,1,1,T1486
asset_6759,0.0033104508115205,0,0,T1486
asset_6760,0.9042692805633136,1,1,T1486
asset_6761,0.0033104508115333,0,0,T1486
asset_6762,0.0033104508115309,0,0,T1486
asset_6763,0.9042692805633136,1,0,T1486
asset_6764,0.0033104508115294,0,1,T1486
asset_6765,0.0033104508115333,0,0,T1486
asset_6766,0.9042692805633136,1,1,T1486
asset_6767,0.0033104508115333,0,0,T1486
asset_6768,0.0033104508115099,0,0,T1486
asset_6769,0.9042692805633136,1,0,T1486
asset_6770,0.0033104508115271,0,1,T1486
asset_6771,0.9042692805633136,1,1,T1486
asset_6772,0.0033104508115843,0,0,T1486
asset_6773,0.9042692805633136,1,0,T1486
asset_6774,0.0033104508115333,0,0,T1486
asset_6775,0.9042692805633136,1,0,T1486
asset_6776,0.9042692805633136,1,0,T1486
asset_6777,0.0033104508115333,0,0,T1486
asset_6778,0.0033104508115333,0,1,T1486
asset_6779,0.9042692805633136,1,0,T1486
asset_6780,0.0033104508115309,0,1,T1486
asset_6781,0.9042692805633136,1,0,T1486
asset_6782,0.0033104508115333,0,0,T1486
asset_6783,0.9042692805633136,1,1,T1486
asset_6784,0.0033104490933179,0,0,T1486
asset_6785,0.9042692805633136,1,1,T1486
asset_6786,0.0033104508115333,0,1,T1486
asset_6787,0.9042692805633136,1,0,T1486
asset_6788,0.9042692805633136,1,0,T1486
asset_6789,0.9042692805633136,1,1,T1486
asset_6790,0.9042692805633136,1,1,T1486
asset_6791,0.0033104508115333,0,0,T1486
asset_6792,0.0033104508114933,0,0,T1486
asset_6793,0.9042692805633136,1,1,T1486
asset_6794,0.9042692805633136,1,0,T1486
asset_6795,0.0037873349811709,0,1,T1486
asset_6796,0.9042692805633136,1,0,T1486
asset_6797,0.0033104508115333,0,1,T1486
asset_6798,0.9042692805633136,1,0,T1486
asset_6799,0.0033104508114552,0,1,T1486
asset_6800,0.9042692805633136,1,0,T1486
asset_6801,0.0033104508115333,0,1,T1486
asset_6802,0.9042692805633136,1,0,T1486
asset_6803,0.9042692805633136,1,1,T1486
asset_6804,0.9042692805633136,1,0,T1486
asset_6805,0.0033104508115333,0,0,T1486
asset_6806,0.9042692805633136,1,0,T1486
asset_6807,0.9042692805633136,1,1,T1486
asset_6808,0.0033104508129547,0,0,T1486
asset_6809,0.0033104508114889,0,1,T1486
asset_6810,0.0033104508115169,0,1,T1486
asset_6811,0.0033104499672667,0,0,T1486
asset_6812,0.9042692805633136,1,0,T1486
asset_6813,0.0033104508115333,0,0,T1486
asset_6814,0.9042692805633136,1,1,T1486
asset_6815,0.0033104508115333,0,1,T1486
asset_6816,0.0033104508115309,0,0,T1486
asset_6817,0.9042692805633136,1,0,T1486
asset_6818,0.0033104508114616,0,0,T1486
asset_6819,0.0033104508115176,0,1,T1486
asset_6820,0.9042692805633136,1,1,T1486
asset_6821,0.0033104508115333,0,0,T1486
asset_6822,0.9042692805633136,1,1,T1486
asset_6823,0.9042692805633136,1,1,T1486
asset_6824,0.0033104508115333,0,1,T1486
asset_6825,0.0033454379976919,0,1,T1486
asset_6826,0.0033104508114785,0,0,T1486
asset_6827,0.0033104508115309,0,0,T1486
asset_6828,0.0033104508114552,0,0,T1486
asset_6829,0.0033104508115333,0,0,T1486
asset_6830,0.0033104508115333,0,1,T1486
asset_6831,0.0033104508115342,0,1,T1486
asset_6832,0.0033104508115333,0,0,T1486
asset_6833,0.0033104508115868,0,1,T1486
asset_6834,0.9042692805633136,1,0,T1486
asset_6835,0.0033104508115021,0,0,T1486
asset_6836,0.0033104508115333,0,0,T1486
asset_6837,0.9042692805633136,1,0,T1486
asset_6838,0.0033104508115333,0,0,T1486
asset_6839,0.0033104499673624,0,0,T1486
asset_6840,0.9042692805633136,1,1,T1486
asset_6841,0.9042692805633136,1,0,T1486
asset_6842,0.0033104508115309,0,0,T1486
asset_6843,0.0033104508115333,0,0,T1486
asset_6844,0.0033104508115333,0,0,T1486
asset_6845,0.9042692805633136,1,0,T1486
asset_6846,0.0033104508115333,0,1,T1486
asset_6847,0.0033104508115333,0,1,T1486
asset_6848,0.9042692805633136,1,1,T1486
asset_6849,0.9042692805633136,1,1,T1486
asset_6850,0.0033104508115784,0,1,T1486
asset_6851,0.0033104508115333,0,0,T1486
asset_6852,0.9042692805633136,1,0,T1486
asset_6853,0.9042692805633136,1,0,T1486
asset_6854,0.0033104508115843,0,0,T1486
asset_6855,0.0033104508115333,0,0,T1486
asset_6856,0.0033104508115248,0,0,T1486
asset_6857,0.9042692805633136,1,1,T1486
asset_6858,0.9042692805633136,1,1,T1486
asset_6859,0.9042692805633136,1,0,T1486
asset_6860,0.9042692805633136,1,0,T1486
asset_6861,0.9042692805633136,1,0,T1486
asset_6862,0.0033104508115333,0,0,T1486
asset_6863,0.0033104508115205,0,0,T1486
asset_6864,0.0033104508115196,0,0,T1486
asset_6865,0.9042692805633136,1,1,T1486
asset_6866,0.0033104508115309,0,0,T1486
asset_6867,0.0033104508115309,0,0,T1486
asset_6868,0.003310450811489,0,1,T1486
asset_6869,0.9042692805633136,1,0,T1486
asset_6870,0.9042692805633136,1,1,T1486
asset_6871,0.9042692805633136,1,1,T1486
asset_6872,0.0033104508115333,0,0,T1486
asset_6873,0.0033104508115333,0,0,T1486
asset_6874,0.0033104508115333,0,1,T1486
asset_6875,0.9042692805633136,1,1,T1486
asset_6876,0.9042692805633136,1,1,T1486
asset_6877,0.0033104508115333,0,1,T1486
asset_6878,0.003310450811583,0,1,T1486
asset_6879,0.0033104499673624,0,1,T1486
asset_6880,0.003310450811489,0,0,T1486
asset_6881,0.0033104508115333,0,1,T1486
asset_6882,0.0033104508115333,0,0,T1486
asset_6883,0.9042692805633136,1,1,T1486
asset_6884,0.9042692805633136,1,0,T1486
asset_6885,0.0033104508115333,0,1,T1486
asset_6886,0.9042692805633136,1,1,T1486
asset_6887,0.9042692805633136,1,0,T1486
asset_6888,0.0033104508115309,0,0,T1486
asset_6889,0.0033104508115293,0,1,T1486
asset_6890,0.0033104508115333,0,0,T1486
asset_6891,0.9042692805633136,1,1,T1486
asset_6892,0.0033104490933179,0,1,T1486
asset_6893,0.0033104508115868,0,1,T1486
asset_6894,0.0033104508115333,0,1,T1486
asset_6895,0.0034876895567274,0,1,T1486
asset_6896,0.0033104508115333,0,0,T1486
asset_6897,0.9042692805633136,1,1,T1486
asset_6898,0.0033104508115333,0,1,T1486
asset_6899,0.0033104508115333,0,1,T1486
asset_6900,0.9042692805633136,1,1,T1486
asset_6901,0.0033104457881829,0,0,T1486
asset_6902,0.9042692805633136,1,0,T1486
asset_6903,0.9042692805633136,1,0,T1486
asset_6904,0.003345437918551,0,0,T1486
asset_6905,0.0033104508115309,0,1,T1486
asset_6906,0.9042692805633136,1,0,T1486
asset_6907,0.0033104508115333,0,1,T1486
asset_6908,0.9042692805633136,1,1,T1486
asset_6909,0.0033104508115097,0,0,T1486
asset_6910,0.0033104508115333,0,0,T1486
asset_6911,0.9042692805633136,1,0,T1486
asset_6912,0.9042692805633136,1,1,T1486
asset_6913,0.9042692805633136,1,0,T1486
asset_6914,0.0033104508115333,0,0,T1486
asset_6915,0.0033104508115333,0,0,T1486
asset_6916,0.9042692805633136,1,1,T1486
asset_6917,0.0033104508115333,0,0,T1486
asset_6918,0.0033104508115333,0,0,T1486
asset_6919,0.9042692805633136,1,0,T1486
asset_6920,0.9042692805633136,1,1,T1486
asset_6921,0.9042692805633136,1,0,T1486
asset_6922,0.9042692805633136,1,1,T1486
asset_6923,0.0033104508115333,0,0,T1486
asset_6924,0.9042692805633136,1,0,T1486
asset_6925,0.9042692805633136,1,1,T1486
asset_6926,0.003345430014826,0,0,T1486
asset_6927,0.0033104508115333,0,0,T1486
asset_6928,0.9042692805633136,1,0,T1486
asset_6929,0.0033104508115333,0,0,T1486
asset_6930,0.0033104508115205,0,1,T1486
asset_6931,0.0033104508115333,0,0,T1486
asset_6932,0.9042692805633136,1,0,T1486
asset_6933,0.9042692805633136,1,1,T1486
asset_6934,0.00331045081212,0,0,T1486
asset_6935,0.0033104508115333,0,1,T1486
asset_6936,0.9042692805633136,1,1,T1486
asset_6937,0.0033104508115333,0,0,T1486
asset_6938,0.0033104508115309,0,1,T1486
asset_6939,0.0033104508115333,0,1,T1486
asset_6940,0.9042692805633136,1,1,T1486
asset_6941,0.0033104508115205,0,0,T1486
asset_6942,0.9042692805633136,1,0,T1486
asset_6943,0.9042692805633136,1,0,T1486
asset_6944,0.0033104508115333,0,1,T1486
asset_6945,0.0033104508115333,0,0,T1486
asset_6946,0.0033104508115333,0,1,T1486
asset_6947,0.9042692805633136,1,1,T1486
asset_6948,0.0033104508114508,0,0,T1486
asset_6949,0.9042692805633136,1,1,T1486
asset_6950,0.0033104508115333,0,0,T1486
asset_6951,0.0033104508114785,0,0,T1486
asset_6952,0.9042692805633136,1,0,T1486
asset_6953,0.9042692805633136,1,1,T1486
asset_6954,0.9042692805633136,1,1,T1486
asset_6955,0.0033104508115333,0,0,T1486
asset_6956,0.0033104508115097,0,1,T1486
asset_6957,0.9042692805633136,1,0,T1486
asset_6958,0.9042692805633136,1,0,T1486
asset_6959,0.9042692805633136,1,1,T1486
asset_6960,0.9042692805633136,1,0,T1486
asset_6961,0.003345430014826,0,1,T1486
asset_6962,0.0033104508115333,0,0,T1486
asset_6963,0.0033104508115294,0,0,T1486
asset_6964,0.9042692805633136,1,0,T1486
asset_6965,0.9042692805633136,1,1,T1486
asset_6966,0.9042692805633136,1,1,T1486
asset_6967,0.0033104508115309,0,0,T1486
asset_6968,0.0033454389836629,0,0,T1486
asset_6969,0.9042692805633136,1,1,T1486
asset_6970,0.0033104508115333,0,1,T1486
asset_6971,0.0033104508115097,0,0,T1486
asset_6972,0.9042692805633136,1,0,T1486
asset_6973,0.0033804668626575,0,0,T1486
asset_6974,0.9042692805633136,1,0,T1486
asset_6975,0.0033104508115284,0,0,T1486
asset_6976,0.0033104490005228,0,0,T1486
asset_6977,0.0033104508115284,0,1,T1486
asset_6978,0.0033104508115225,0,0,T1486
asset_6979,0.9042692805633136,1,1,T1486
asset_6980,0.9042692805633136,1,1,T1486
asset_6981,0.0033104508115201,0,1,T1486
asset_6982,0.0033104508115169,0,0,T1486
asset_6983,0.9042692805633136,1,0,T1486
asset_6984,0.0033104508115225,0,0,T1486
asset_6985,0.0033104508115333,0,0,T1486
asset_6986,0.9042692805633136,1,0,T1486
asset_6987,0.0033104508115294,0,1,T1486
asset_6988,0.003310450811489,0,0,T1486
asset_6989,0.9042692805633136,1,0,T1486
asset_6990,0.9042692805633136,1,1,T1486
asset_6991,0.0033104508115333,0,1,T1486
asset_6992,0.9042692805633136,1,1,T1486
asset_6993,0.9042692805633136,1,1,T1486
asset_6994,0.9042692805633136,1,0,T1486
asset_6995,0.9042692805633136,1,0,T1486
asset_6996,0.0033104508115333,0,0,T1486
asset_6997,0.0033104508115333,0,1,T1486
asset_6998,0.0033104508115333,0,1,T1486
asset_6999,0.0033104508115225,0,0,T1486
asset_7000,0.9042692805633136,1,0,T1486
asset_7001,0.0033104508115333,0,1,T1486
asset_7002,0.0033104508115333,0,1,T1486
asset_7003,0.9042692805633136,1,0,T1486
asset_7004,0.9042692805633136,1,0,T1486
asset_7005,0.0033104508115318,0,1,T1486
asset_7006,0.9042692805633136,1,1,T1486
asset_7007,0.9042692805633136,1,1,T1486
asset_7008,0.9042692805633136,1,0,T1486
asset_7009,0.9042692805633136,1,0,T1486
asset_7010,0.0033104508115333,0,1,T1486
asset_7011,0.0033104508115333,0,0,T1486
asset_7012,0.0033104508115225,0,0,T1486
asset_7013,0.0033104508115333,0,1,T1486
asset_7014,0.0033104508115333,0,0,T1486
asset_7015,0.9042692805633136,1,1,T1486
asset_7016,0.0033104508115333,0,0,T1486
asset_7017,0.9042692805633136,1,1,T1486
asset_7018,0.0033104508114935,0,0,T1486
asset_7019,0.0033104508115186,0,0,T1486
asset_7020,0.9042692805633136,1,0,T1486
asset_7021,0.0033454389820513,0,1,T1486
asset_7022,0.9042692805633136,1,0,T1486
asset_7023,0.0033104508116791,0,1,T1486
asset_7024,0.9042692805633136,1,0,T1486
asset_7025,0.0033104508115294,0,1,T1486
asset_7026,0.0033104508115333,0,1,T1486
asset_7027,0.0033104508115294,0,0,T1486
asset_7028,0.9042692805633136,1,0,T1486
asset_7029,0.0033104508115333,0,0,T1486
asset_7030,0.9042692805633136,1,1,T1486
asset_7031,0.0033454389830932,0,1,T1486
asset_7032,0.0033104508115333,0,1,T1486
asset_7033,0.9042692805633136,1,0,T1486
asset_7034,0.0033104508115333,0,0,T1486
asset_7035,0.0033104508115333,0,1,T1486
asset_7036,0.9042692805633136,1,1,T1486
asset_7037,0.0033104508115205,0,0,T1486
asset_7038,0.9042692805633136,1,1,T1486
asset_7039,0.0033104508115333,0,1,T1486
asset_7040,0.9042692805633136,1,1,T1486
asset_7041,0.0033104508115333,0,0,T1486
asset_7042,0.0033104508117248,0,0,T1486
asset_7043,0.9042692805633136,1,0,T1486
asset_7044,0.9042692805633136,1,1,T1486
asset_7045,0.0033104508115333,0,0,T1486
asset_7046,0.0033104508115333,0,1,T1486
asset_7047,0.9042692805633136,1,0,T1486
asset_7048,0.9042692805633136,1,0,T1486
asset_7049,0.0033104508115333,0,0,T1486
asset_7050,0.9042692805633136,1,1,T1486
asset_7051,0.0033104508122665,0,0,T1486
asset_7052,0.9042692805633136,1,1,T1486
asset_7053,0.0033104508115205,0,0,T1486
asset_7054,0.9042692805633136,1,0,T1486
asset_7055,0.9042692805633136,1,1,T1486
asset_7056,0.0033104508115333,0,0,T1486
asset_7057,0.0033104508115333,0,0,T1486
asset_7058,0.9042692805633136,1,0,T1486
asset_7059,0.0033454389816956,0,0,T1486
asset_7060,0.0033104508115201,0,1,T1486
asset_7061,0.0033104508115333,0,0,T1486
asset_7062,0.0033104508115333,0,0,T1486
asset_7063,0.0033104508115333,0,0,T1486
asset_7064,0.0033104508115869,0,1,T1486
asset_7065,0.0033104508115333,0,0,T1486
asset_7066,0.0033104508115333,0,0,T1486
asset_7067,0.9042692805633136,1,1,T1486
asset_7068,0.9042692805633136,1,0,T1486
asset_7069,0.0033104508115333,0,1,T1486
asset_7070,0.9042692805633136,1,1,T1486
asset_7071,0.9042692805633136,1,1,T1486
asset_7072,0.9042692805633136,1,1,T1486
asset_7073,0.0033104508115333,0,0,T1486
asset_7074,0.0033104508115333,0,0,T1486
asset_7075,0.9042692805633136,1,0,T1486
asset_7076,0.0033104508115333,0,1,T1486
asset_7077,0.9042692805633136,1,1,T1486
asset_7078,0.0033104508115333,0,1,T1486
asset_7079,0.9042692805633136,1,1,T1486
asset_7080,0.9042692805633136,1,1,T1486
asset_7081,0.0033104508115333,0,0,T1486
asset_7082,0.9042692805633136,1,0,T1486
asset_7083,0.9042692805633136,1,1,T1486
asset_7084,0.9042692805633136,1,0,T1486
asset_7085,0.9042692805633136,1,0,T1486
asset_7086,0.0033104508115294,0,1,T1486
asset_7087,0.0033104508115333,0,1,T1486
asset_7088,0.0033104508115333,0,1,T1486
asset_7089,0.0033104508115333,0,0,T1486
asset_7090,0.0033104508115868,0,0,T1486
asset_7091,0.9042692805633136,1,0,T1486
asset_7092,0.0033104508115099,0,1,T1486
asset_7093,0.9042692805633136,1,1,T1486
asset_7094,0.0033104508114616,0,1,T1486
asset_7095,0.9042692805633136,1,0,T1486
asset_7096,0.9042692805633136,1,1,T1486
asset_7097,0.0033104508115333,0,0,T1486
asset_7098,0.9042692805633136,1,1,T1486
asset_7099,0.0033104508115205,0,1,T1486
asset_7100,0.0033104508115333,0,0,T1486
asset_7101,0.9042692805633136,1,1,T1486
asset_7102,0.0033104508115225,0,0,T1486
asset_7103,0.0033104508115333,0,0,T1486
asset_7104,0.9042692805633136,1,0,T1486
asset_7105,0.0033104508115205,0,1,T1486
asset_7106,0.0033104508115205,0,0,T1486
asset_7107,0.0033104508114893,0,1,T1486
asset_7108,0.9042692805633136,1,1,T1486
asset_7109,0.003310450811489,0,0,T1486
asset_7110,0.0033104508115058,0,1,T1486
asset_7111,0.0033104508115201,0,0,T1486
asset_7112,0.9042692805633136,1,0,T1486
asset_7113,0.0033104508115205,0,0,T1486
asset_7114,0.0033104508115333,0,1,T1486
asset_7115,0.9042692805633136,1,0,T1486
asset_7116,0.9042692805633136,1,0,T1486
asset_7117,0.0033104508114508,0,1,T1486
asset_7118,0.9042692805633136,1,0,T1486
asset_7119,0.0033104508115333,0,0,T1486
asset_7120,0.0033104508115271,0,1,T1486
asset_7121,0.0033104508115333,0,0,T1486
asset_7122,0.0033104508115333,0,1,T1486
asset_7123,0.9042692805633136,1,0,T1486
asset_7124,0.9042692805633136,1,0,T1486
asset_7125,0.0033104508115333,0,0,T1486
asset_7126,0.0033104508115333,0,1,T1486
asset_7127,0.0033104508115868,0,0,T1486
asset_7128,0.9042692805633136,1,0,T1486
asset_7129,0.0033104508115333,0,1,T1486
asset_7130,0.9042692805633136,1,0,T1486
asset_7131,0.0033104508114508,0,0,T1486
asset_7132,0.9042692805633136,1,0,T1486
asset_7133,0.9042692805633136,1,0,T1486
asset_7134,0.0033104508115333,0,0,T1486
asset_7135,0.9042692805633136,1,1,T1486
asset_7136,0.0033104508115333,0,0,T1486
asset_7137,0.0033104508115333,0,1,T1486
asset_7138,0.9042692805633136,1,0,T1486
asset_7139,0.9042692805633136,1,0,T1486
asset_7140,0.9042692805633136,1,1,T1486
asset_7141,0.0033104508115225,0,0,T1486
asset_7142,0.0033454389836629,0,0,T1486
asset_7143,0.9042692805633136,1,0,T1486
asset_7144,0.0033104508115176,0,1,T1486
asset_7145,0.0033104462285538,0,0,T1486
asset_7146,0.9042692805633136,1,1,T1486
asset_7147,0.9042692805633136,1,1,T1486
asset_7148,0.9042692805633136,1,1,T1486
asset_7149,0.0033104508115333,0,0,T1486
asset_7150,0.0033104508115333,0,0,T1486
asset_7151,0.0033104508114785,0,1,T1486
asset_7152,0.0033104508115333,0,1,T1486
asset_7153,0.0033104508115869,0,0,T1486
asset_7154,0.9042692805633136,1,0,T1486
asset_7155,0.0033104508115333,0,1,T1486
asset_7156,0.0033104508115868,0,0,T1486
asset_7157,0.9042692805633136,1,0,T1486
asset_7158,0.0033104508115333,0,1,T1486
asset_7159,0.9042692805633136,1,0,T1486
asset_7160,0.003310450811489,0,1,T1486
asset_7161,0.0033104508115333,0,1,T1486
asset_7162,0.9042692805633136,1,0,T1486
asset_7163,0.0033104508115309,0,0,T1486
asset_7164,0.9042692805633136,1,0,T1486
asset_7165,0.9042692805633136,1,1,T1486
asset_7166,0.9042692805633136,1,1,T1486
asset_7167,0.003310450811489,0,1,T1486
asset_7168,0.0033104508115333,0,0,T1486
asset_7169,0.0033104508115333,0,1,T1486
asset_7170,0.0033104508115333,0,1,T1486
asset_7171,0.0033104508115333,0,0,T1486
asset_7172,0.0033104508115333,0,1,T1486
asset_7173,0.9042692805633136,1,0,T1486
asset_7174,0.0033104508115146,0,1,T1486
asset_7175,0.9042692805633136,1,1,T1486
asset_7176,0.9042692805633136,1,0,T1486
asset_7177,0.9042692805633136,1,0,T1486
asset_7178,0.9042692805633136,1,1,T1486
asset_7179,0.0033104508114508,0,0,T1486
asset_7180,0.9042692805633136,1,1,T1486
asset_7181,0.9042692805633136,1,0,T1486
asset_7182,0.0033104508115333,0,1,T1486
asset_7183,0.9042692805633136,1,1,T1486
asset_7184,0.9042692805633136,1,1,T1486
asset_7185,0.0033104508115333,0,0,T1486
asset_7186,0.9042692805633136,1,0,T1486
asset_7187,0.0033104508115333,0,0,T1486
asset_7188,0.9042692805633136,1,0,T1486
asset_7189,0.0033104508115333,0,0,T1486
asset_7190,0.9042692805633136,1,1,T1486
asset_7191,0.9042692805633136,1,1,T1486
asset_7192,0.0033104508135067,0,0,T1486
asset_7193,0.0033104508115333,0,0,T1486
asset_7194,0.9042692805633136,1,1,T1486
asset_7195,0.0033104508114623,0,0,T1486
asset_7196,0.0033104508115205,0,1,T1486
asset_7197,0.9042692805633136,1,0,T1486
asset_7198,0.9042692805633136,1,0,T1486
asset_7199,0.0033104508115868,0,0,T1486
asset_7200,0.0033104508115097,0,0,T1486
asset_7201,0.9042692805633136,1,1,T1486
asset_7202,0.9042692805633136,1,1,T1486
asset_7203,0.0033104508114616,0,0,T1486
asset_7204,0.9042692805633136,1,0,T1486
asset_7205,0.0033104508115333,0,1,T1486
asset_7206,0.9042692805633136,1,1,T1486
asset_7207,0.9042692805633136,1,1,T1486
asset_7208,0.0033104508115333,0,0,T1486
asset_7209,0.0033104508115333,0,0,T1486
asset_7210,0.0033104508115869,0,1,T1486
asset_7211,0.9042692805633136,1,1,T1486
asset_7212,0.0033104508115333,0,0,T1486
asset_7213,0.0033104508115333,0,1,T1486
asset_7214,0.0033104508115333,0,1,T1486
asset_7215,0.9042692805633136,1,1,T1486
asset_7216,0.9042692805633136,1,0,T1486
asset_7217,0.9042692805633136,1,0,T1486
asset_7218,0.9042692805633136,1,1,T1486
asset_7219,0.9042692805633136,1,1,T1486
asset_7220,0.9042692805633136,1,0,T1486
asset_7221,0.0033104508115333,0,0,T1486
asset_7222,0.0033104508115333,0,1,T1486
asset_7223,0.9042692805633136,1,0,T1486
asset_7224,0.9042692805633136,1,1,T1486
asset_7225,0.0033104508115868,0,0,T1486
asset_7226,0.9042692805633136,1,1,T1486
asset_7227,0.0033104508135067,0,0,T1486
asset_7228,0.0033104508115333,0,1,T1486
asset_7229,0.9042692805633136,1,0,T1486
asset_7230,0.9042692805633136,1,1,T1486
asset_7231,0.9042692805633136,1,0,T1486
asset_7232,0.9042692805633136,1,0,T1486
asset_7233,0.9042692805633136,1,0,T1486
asset_7234,0.9042692805633136,1,1,T1486
asset_7235,0.0033104508115225,0,1,T1486
asset_7236,0.9042692805633136,1,1,T1486
asset_7237,0.0033104508115333,0,1,T1486
asset_7238,0.0033104508115333,0,0,T1486
asset_7239,0.0033104508115333,0,1,T1486
asset_7240,0.9042692805633136,1,1,T1486
asset_7241,0.0033104508114677,0,0,T1486
asset_7242,0.0033104508115333,0,0,T1486
asset_7243,0.0033104508115868,0,1,T1486
asset_7244,0.0033104508115293,0,0,T1486
asset_7245,0.9042692805633136,1,1,T1486
asset_7246,0.0033104508115333,0,1,T1486
asset_7247,0.9042692805633136,1,1,T1486
asset_7248,0.9042692805633136,1,0,T1486
asset_7249,0.9042692805633136,1,1,T1486
asset_7250,0.9042692805633136,1,0,T1486
asset_7251,0.0033104508114889,0,0,T1486
asset_7252,0.0033104508115333,0,0,T1486
asset_7253,0.0033104508115309,0,0,T1486
asset_7254,0.0033104508115333,0,1,T1486
asset_7255,0.0033104508115309,0,0,T1486
asset_7256,0.9042692805633136,1,0,T1486
asset_7257,0.9042692805633136,1,1,T1486
asset_7258,0.9042692805633136,1,1,T1486
asset_7259,0.9042692805633136,1,1,T1486
asset_7260,0.9042692805633136,1,1,T1486
asset_7261,0.0033104508115333,0,0,T1486
asset_7262,0.9042692805633136,1,1,T1486
asset_7263,0.9042692805633136,1,0,T1486
asset_7264,0.0033104508115333,0,0,T1486
asset_7265,0.0033104508115333,0,0,T1486
asset_7266,0.9042692805633136,1,0,T1486
asset_7267,0.0033104508115333,0,0,T1486
asset_7268,0.0033104508115333,0,0,T1486
asset_7269,0.9042692805633136,1,1,T1486
asset_7270,0.9042692805633136,1,1,T1486
asset_7271,0.9042692805633136,1,0,T1486
asset_7272,0.0033104508115333,0,0,T1486
asset_7273,0.003310450811489,0,1,T1486
asset_7274,0.9042692805633136,1,1,T1486
asset_7275,0.9042692805633136,1,0,T1486
asset_7276,0.0033104508115333,0,0,T1486
asset_7277,0.9042692805633136,1,0,T1486
asset_7278,0.9042692805633136,1,0,T1486
asset_7279,0.0033104508115309,0,1,T1486
asset_7280,0.9042692805633136,1,0,T1486
asset_7281,0.0033104508115333,0,1,T1486
asset_7282,0.9042692805633136,1,1,T1486
asset_7283,0.9042692805633136,1,1,T1486
asset_7284,0.0033104508115333,0,0,T1486
asset_7285,0.0033104508115333,0,1,T1486
asset_7286,0.0033104508115333,0,1,T1486
asset_7287,0.9042692805633136,1,1,T1486
asset_7288,0.9042692805633136,1,1,T1486
asset_7289,0.9042692805633136,1,0,T1486
asset_7290,0.9042692805633136,1,1,T1486
asset_7291,0.003310450811489,0,1,T1486
asset_7292,0.0033104508115784,0,0,T1486
asset_7293,0.0033104508115868,0,0,T1486
asset_7294,0.0033104508115333,0,0,T1486
asset_7295,0.9042692805633136,1,0,T1486
asset_7296,0.9042692805633136,1,1,T1486
asset_7297,0.0033104508115333,0,0,T1486
asset_7298,0.0033104508115333,0,1,T1486
asset_7299,0.0033104508115333,0,1,T1486
asset_7300,0.0033454904089115,0,1,T1486
asset_7301,0.9042692805633136,1,0,T1486
asset_7302,0.9042692805633136,1,1,T1486
asset_7303,0.9042692805633136,1,1,T1486
asset_7304,0.9042692805633136,1,0,T1486
asset_7305,0.0033104508115333,0,1,T1486
asset_7306,0.9042692805633136,1,0,T1486
asset_7307,0.0033104508115333,0,1,T1486
asset_7308,0.9042692805633136,1,1,T1486
asset_7309,0.9042692805633136,1,1,T1486
asset_7310,0.9042692805633136,1,0,T1486
asset_7311,0.9042692805633136,1,1,T1486
asset_7312,0.0033104508115333,0,1,T1486
asset_7313,0.9042692805633136,1,1,T1486
asset_7314,0.0033104508115333,0,0,T1486
asset_7315,0.9042692805633136,1,1,T1486
asset_7316,0.0033104508115333,0,0,T1486
asset_7317,0.9042692805633136,1,0,T1486
asset_7318,0.0033104508115309,0,0,T1486
asset_7319,0.0033104508115333,0,1,T1486
asset_7320,0.0033104508114618,0,1,T1486
asset_7321,0.9042692805633136,1,0,T1486
asset_7322,0.9042692805633136,1,0,T1486
asset_7323,0.9042692805633136,1,0,T1486
asset_7324,0.0033104508115333,0,1,T1486
asset_7325,0.0033104508115333,0,1,T1486
asset_7326,0.9042692805633136,1,1,T1486
asset_7327,0.0033104508116791,0,1,T1486
asset_7328,0.9042692805633136,1,0,T1486
asset_7329,0.9042692805633136,1,1,T1486
asset_7330,0.0041206952685782,0,1,T1486
asset_7331,0.003310450811489,0,1,T1486
asset_7332,0.9042692805633136,1,1,T1486
asset_7333,0.9042692805633136,1,0,T1486
asset_7334,0.0033104508115318,0,0,T1486
asset_7335,0.9042692805633136,1,1,T1486
asset_7336,0.9042692805633136,1,1,T1486
asset_7337,0.9042692805633136,1,0,T1486
asset_7338,0.0033104508115333,0,0,T1486
asset_7339,0.0033104508115784,0,0,T1486
asset_7340,0.0033104508115333,0,1,T1486
asset_7341,0.0033104508115333,0,1,T1486
asset_7342,0.0033104508115333,0,0,T1486
asset_7343,0.0033104508115176,0,0,T1486
asset_7344,0.0033104508115333,0,0,T1486
asset_7345,0.9042692805633136,1,1,T1486
asset_7346,0.9042692805633136,1,0,T1486
asset_7347,0.0033104508115333,0,0,T1486
asset_7348,0.9042692805633136,1,1,T1486
asset_7349,0.9042692805633136,1,1,T1486
asset_7350,0.0033104508115333,0,0,T1486
asset_7351,0.9042692805633136,1,1,T1486
asset_7352,0.9042692805633136,1,1,T1486
asset_7353,0.0033104508115333,0,1,T1486
asset_7354,0.9042692805633136,1,0,T1486
asset_7355,0.0033104508114785,0,1,T1486
asset_7356,0.0033104508115333,0,0,T1486
asset_7357,0.0033104508115333,0,1,T1486
asset_7358,0.003310450811489,0,1,T1486
asset_7359,0.9042692805633136,1,0,T1486
asset_7360,0.0033804806989038,0,0,T1486
asset_7361,0.9042692805633136,1,1,T1486
asset_7362,0.9042692805633136,1,0,T1486
asset_7363,0.0033104508115333,0,0,T1486
asset_7364,0.9042692805633136,1,0,T1486
asset_7365,0.0033104508115333,0,0,T1486
asset_7366,0.0033104508115333,0,0,T1486
asset_7367,0.0033104508115333,0,1,T1486
asset_7368,0.9042692805633136,1,0,T1486
asset_7369,0.0033104508115333,0,1,T1486
asset_7370,0.9042692805633136,1,0,T1486
asset_7371,0.9042692805633136,1,1,T1486
asset_7372,0.9042692805633136,1,1,T1486
asset_7373,0.9042692805633136,1,0,T1486
asset_7374,0.9042692805633136,1,0,T1486
asset_7375,0.9042692805633136,1,0,T1486
asset_7376,0.9042692805633136,1,0,T1486
asset_7377,0.9042692805633136,1,1,T1486
asset_7378,0.0033104508115333,0,0,T1486
asset_7379,0.0033104508115333,0,1,T1486
asset_7380,0.9042692805633136,1,1,T1486
asset_7381,0.9042692805633136,1,1,T1486
asset_7382,0.0033104508115309,0,1,T1486
asset_7383,0.9042692805633136,1,0,T1486
asset_7384,0.9042692805633136,1,0,T1486
asset_7385,0.9042692805633136,1,1,T1486
asset_7386,0.9042692805633136,1,1,T1486
asset_7387,0.9042692805633136,1,1,T1486
asset_7388,0.0033104508115221,0,1,T1486
asset_7389,0.9042692805633136,1,1,T1486
asset_7390,0.0033104508115333,0,0,T1486
asset_7391,0.9042692805633136,1,0,T1486
asset_7392,0.9042692805633136,1,0,T1486
asset_7393,0.9042692805633136,1,0,T1486
asset_7394,0.9042692805633136,1,0,T1486
asset_7395,0.9042692805633136,1,1,T1486
asset_7396,0.0033104508115333,0,1,T1486
asset_7397,0.0033104508115333,0,0,T1486
asset_7398,0.9042692805633136,1,1,T1486
asset_7399,0.9042692805633136,1,0,T1486
asset_7400,0.0033104508115293,0,1,T1486
asset_7401,0.0033104508115205,0,0,T1486
asset_7402,0.9042692805633136,1,0,T1486
asset_7403,0.003310445788183,0,0,T1486
asset_7404,0.0033104508115333,0,0,T1486
asset_7405,0.9042692805633136,1,0,T1486
asset_7406,0.9042692805633136,1,0,T1486
asset_7407,0.0033104508115333,0,0,T1486
asset_7408,0.0033104508115333,0,0,T1486
asset_7409,0.0033104508115333,0,1,T1486
asset_7410,0.9042692805633136,1,1,T1486
asset_7411,0.9042692805633136,1,0,T1486
asset_7412,0.9042692805633136,1,1,T1486
asset_7413,0.9042692805633136,1,0,T1486
asset_7414,0.9042692805633136,1,0,T1486
asset_7415,0.0033104508115205,0,0,T1486
asset_7416,0.9042692805633136,1,1,T1486
asset_7417,0.0033104508115868,0,1,T1486
asset_7418,0.9042692805633136,1,1,T1486
asset_7419,0.0033104508115333,0,0,T1486
asset_7420,0.9042692805633136,1,0,T1486
asset_7421,0.0033104508115333,0,0,T1486
asset_7422,0.0033104508115333,0,0,T1486
asset_7423,0.9042692805633136,1,1,T1486
asset_7424,0.9042692805633136,1,1,T1486
asset_7425,0.0033104508115225,0,0,T1486
asset_7426,0.9042692805633136,1,0,T1486
asset_7427,0.0033104508115333,0,0,T1486
asset_7428,0.0033104508115868,0,0,T1486
asset_7429,0.0033104508115333,0,0,T1486
asset_7430,0.0033104508115333,0,1,T1486
asset_7431,0.9042692805633136,1,0,T1486
asset_7432,0.0033104508115333,0,0,T1486
asset_7433,0.9042692805633136,1,1,T1486
asset_7434,0.0033104508115333,0,0,T1486
asset_7435,0.0033104508115333,0,0,T1486
asset_7436,0.9042692805633136,1,1,T1486
asset_7437,0.9042692805633136,1,0,T1486
asset_7438,0.0033104508114935,0,1,T1486
asset_7439,0.9042692805633136,1,0,T1486
asset_7440,0.9042692805633136,1,1,T1486
asset_7441,0.0033104508115333,0,0,T1486
asset_7442,0.9042692805633136,1,0,T1486
asset_7443,0.0033104508115333,0,0,T1486
asset_7444,0.0033104508115869,0,1,T1486
asset_7445,0.9042692805633136,1,0,T1486
asset_7446,0.9042692805633136,1,1,T1486
asset_7447,0.9042692805633136,1,1,T1486
asset_7448,0.0033104508115333,0,1,T1486
asset_7449,0.0033454389830932,0,1,T1486
asset_7450,0.9042692805633136,1,1,T1486
asset_7451,0.9042692805633136,1,1,T1486
asset_7452,0.0033104508115333,0,0,T1486
asset_7453,0.0033104508115099,0,0,T1486
asset_7454,0.0033104508115333,0,1,T1486
asset_7455,0.9042692805633136,1,1,T1486
asset_7456,0.0033104508115333,0,1,T1486
asset_7457,0.9042692805633136,1,0,T1486
asset_7458,0.9042692805633136,1,0,T1486
asset_7459,0.9042692805633136,1,1,T1486
asset_7460,0.0033104508115333,0,1,T1486
asset_7461,0.9042692805633136,1,0,T1486
asset_7462,0.0033104508114618,0,1,T1486
asset_7463,0.0033104508115333,0,1,T1486
asset_7464,0.9042692805633136,1,1,T1486
asset_7465,0.0033104508114677,0,1,T1486
asset_7466,0.003310450811489,0,0,T1486
asset_7467,0.0033104508115309,0,0,T1486
asset_7468,0.9042692805633136,1,1,T1486
asset_7469,0.0033104508115225,0,0,T1486
asset_7470,0.9042692805633136,1,0,T1486
asset_7471,0.0033104508115333,0,1,T1486
asset_7472,0.9042692805633136,1,0,T1486
asset_7473,0.9042692805633136,1,1,T1486
asset_7474,0.9042692805633136,1,0,T1486
asset_7475,0.0033104508115843,0,0,T1486
asset_7476,0.0033104508115333,0,0,T1486
asset_7477,0.0033104508115333,0,0,T1486
asset_7478,0.9042692805633136,1,1,T1486
asset_7479,0.0033104508115333,0,0,T1486
asset_7480,0.0033104508115333,0,0,T1486
asset_7481,0.9042692805633136,1,0,T1486
asset_7482,0.0033104508115869,0,0,T1486
asset_7483,0.0033104508115333,0,1,T1486
asset_7484,0.003310450811521,0,0,T1486
asset_7485,0.0033104508115333,0,0,T1486
asset_7486,0.0033104508115333,0,0,T1486
asset_7487,0.9042692805633136,1,1,T1486
asset_7488,0.9042692805633136,1,1,T1486
asset_7489,0.0033104508115869,0,1,T1486
asset_7490,0.003345437918551,0,1,T1486
asset_7491,0.0033104508115205,0,1,T1486
asset_7492,0.0033104508114935,0,1,T1486
asset_7493,0.0033104508115333,0,0,T1486
asset_7494,0.0033104508115333,0,1,T1486
asset_7495,0.0033104508114856,0,1,T1486
asset_7496,0.9042692805633136,1,1,T1486
asset_7497,0.9042692805633136,1,0,T1486
asset_7498,0.0033104508115205,0,1,T1486
asset_7499,0.0033104508115205,0,1,T1486
asset_7500,0.0033104508115333,0,0,T1486
asset_7501,0.0033104508115333,0,0,T1486
asset_7502,0.9042692805633136,1,0,T1486
asset_7503,0.9042692805633136,1,1,T1486
asset_7504,0.9042692805633136,1,1,T1486
asset_7505,0.0033104508115869,0,0,T1486
asset_7506,0.0033104508115333,0,1,T1486
asset_7507,0.0033104508115333,0,0,T1486
asset_7508,0.9042692805633136,1,1,T1486
asset_7509,0.9042692805633136,1,1,T1486
asset_7510,0.0033104508115333,0,0,T1486
asset_7511,0.9042692805633136,1,0,T1486
asset_7512,0.0033104508115333,0,0,T1486
asset_7513,0.0033104508114677,0,1,T1486
asset_7514,0.0033104508115333,0,1,T1486
asset_7515,0.9042692805633136,1,0,T1486
asset_7516,0.9042692805633136,1,1,T1486
asset_7517,0.0033104508115869,0,0,T1486
asset_7518,0.9042692805633136,1,0,T1486
asset_7519,0.0033104508115271,0,1,T1486
asset_7520,0.0033104508115333,0,0,T1486
asset_7521,0.0033104508115333,0,0,T1486
asset_7522,0.003310450811489,0,0,T1486
asset_7523,0.9042692805633136,1,0,T1486
asset_7524,0.9042692805633136,1,1,T1486
asset_7525,0.9042692805633136,1,1,T1486
asset_7526,0.0033104508115333,0,0,T1486
asset_7527,0.0033104508115333,0,0,T1486
asset_7528,0.0033104508115333,0,0,T1486
asset_7529,0.0033104508115309,0,1,T1486
asset_7530,0.9042692805633136,1,1,T1486
asset_7531,0.9042692805633136,1,1,T1486
asset_7532,0.9042692805633136,1,1,T1486
asset_7533,0.0033104508115309,0,1,T1486
asset_7534,0.9042692805633136,1,0,T1486
asset_7535,0.9042692805633136,1,1,T1486
asset_7536,0.9042692805633136,1,1,T1486
asset_7537,0.9042692805633136,1,1,T1486
asset_7538,0.0033104508115205,0,0,T1486
asset_7539,0.0033104508115333,0,0,T1486
asset_7540,0.0033104508115333,0,0,T1486
asset_7541,0.0034876895567868,0,1,T1486
asset_7542,0.0033104508115333,0,0,T1486
asset_7543,0.9042692805633136,1,0,T1486
asset_7544,0.9042692805633136,1,1,T1486
asset_7545,0.9042692805633136,1,0,T1486
asset_7546,0.9042692805633136,1,1,T1486
asset_7547,0.0033104508115309,0,0,T1486
asset_7548,0.0033104508115333,0,1,T1486
asset_7549,0.0033104508115205,0,1,T1486
asset_7550,0.9042692805633136,1,1,T1486
asset_7551,0.0033104508115294,0,1,T1486
asset_7552,0.0033104508115333,0,0,T1486
asset_7553,0.0033104508115333,0,0,T1486
asset_7554,0.9042692805633136,1,0,T1486
asset_7555,0.9042692805633136,1,0,T1486
asset_7556,0.9042692805633136,1,1,T1486
asset_7557,0.9042692805633136,1,1,T1486
asset_7558,0.0033104508115097,0,0,T1486
asset_7559,0.9042692805633136,1,0,T1486
asset_7560,0.0033104508115318,0,0,T1486
asset_7561,0.003310450811489,0,0,T1486
asset_7562,0.0033104508115225,0,0,T1486
asset_7563,0.0033104508115333,0,0,T1486
asset_7564,0.9042692805633136,1,1,T1486
asset_7565,0.0033104508115333,0,1,T1486
asset_7566,0.9042692805633136,1,0,T1486
asset_7567,0.9042692805633136,1,0,T1486
asset_7568,0.9042692805633136,1,1,T1486
asset_7569,0.9042692805633136,1,1,T1486
asset_7570,0.9042692805633136,1,1,T1486
asset_7571,0.0033104508114552,0,0,T1486
asset_7572,0.0033104508115333,0,1,T1486
asset_7573,0.0033104508115333,0,1,T1486
asset_7574,0.0033104508115333,0,1,T1486
asset_7575,0.9042692805633136,1,1,T1486
asset_7576,0.0033104508115869,0,1,T1486
asset_7577,0.0033104508115333,0,0,T1486
asset_7578,0.003310450811466,0,0,T1486
asset_7579,0.0033104508115333,0,0,T1486
asset_7580,0.9042692805633136,1,1,T1486
asset_7581,0.0033104508115333,0,1,T1486
asset_7582,0.9042692805633136,1,0,T1486
asset_7583,0.9042692805633136,1,1,T1486
asset_7584,0.0033104508114893,0,1,T1486
asset_7585,0.9042692805633136,1,1,T1486
asset_7586,0.9042692805633136,1,1,T1486
asset_7587,0.9042692805633136,1,0,T1486
asset_7588,0.0033104508115333,0,1,T1486
asset_7589,0.9042692805633136,1,0,T1486
asset_7590,0.0033104508115333,0,1,T1486
asset_7591,0.9042692805633136,1,0,T1486
asset_7592,0.9042692805633136,1,1,T1486
asset_7593,0.0033104508114785,0,1,T1486
asset_7594,0.0033104508115333,0,1,T1486
asset_7595,0.9042692805633136,1,0,T1486
asset_7596,0.9042692805633136,1,1,T1486
asset_7597,0.9042692805633136,1,0,T1486
asset_7598,0.0033104508115333,0,0,T1486
asset_7599,0.9042692805633136,1,0,T1486
asset_7600,0.9042692805633136,1,0,T1486
asset_7601,0.0033104508115205,0,0,T1486
asset_7602,0.9042692805633136,1,1,T1486
asset_7603,0.9042692805633136,1,0,T1486
asset_7604,0.0033104508115294,0,1,T1486
asset_7605,0.003310450811466,0,1,T1486
asset_7606,0.0033104508115293,0,1,T1486
asset_7607,0.9042692805633136,1,0,T1486
asset_7608,0.0033104508115333,0,1,T1486
asset_7609,0.00331045081212,0,1,T1486
asset_7610,0.0033104508115333,0,1,T1486
asset_7611,0.9042692805633136,1,1,T1486
asset_7612,0.9042692805633136,1,1,T1486
asset_7613,0.9042692805633136,1,0,T1486
asset_7614,0.003310450811489,0,1,T1486
asset_7615,0.0033104508114785,0,1,T1486
asset_7616,0.0033104508115868,0,1,T1486
asset_7617,0.0033104457881829,0,1,T1486
asset_7618,0.0033104508115333,0,0,T1486
asset_7619,0.0033104508115205,0,0,T1486
asset_7620,0.0033104508115333,0,0,T1486
asset_7621,0.9042692805633136,1,1,T1486
asset_7622,0.9042692805633136,1,0,T1486
asset_7623,0.0033104508115333,0,0,T1486
asset_7624,0.0033104508115309,0,1,T1486
asset_7625,0.9042692805633136,1,1,T1486
asset_7626,0.0033104508115333,0,1,T1486
asset_7627,0.0033104508115868,0,0,T1486
asset_7628,0.0033104508114618,0,0,T1486
asset_7629,0.9042692805633136,1,0,T1486
asset_7630,0.0033104508115333,0,0,T1486
asset_7631,0.0033104508115333,0,0,T1486
asset_7632,0.0033104508114618,0,0,T1486
asset_7633,0.9042692805633136,1,0,T1486
asset_7634,0.0033104508114508,0,0,T1486
asset_7635,0.9042692805633136,1,1,T1486
asset_7636,0.9042692805633136,1,0,T1486
asset_7637,0.0033104508115333,0,0,T1486
asset_7638,0.0033104508115333,0,0,T1486
asset_7639,0.0033104508115333,0,0,T1486
asset_7640,0.9042692805633136,1,1,T1486
asset_7641,0.0033104508115333,0,1,T1486
asset_7642,0.0033104508115333,0,1,T1486
asset_7643,0.0033104508115293,0,0,T1486
asset_7644,0.9042692805633136,1,0,T1486
asset_7645,0.0033104508115225,0,1,T1486
asset_7646,0.9042692805633136,1,0,T1486
asset_7647,0.9042692805633136,1,1,T1486
asset_7648,0.9042692805633136,1,1,T1486
asset_7649,0.9042692805633136,1,1,T1486
asset_7650,0.9042692805633136,1,1,T1486
asset_7651,0.9042692805633136,1,1,T1486
asset_7652,0.9042692805633136,1,1,T1486
asset_7653,0.9042692805633136,1,1,T1486
asset_7654,0.0033104508115333,0,1,T1486
asset_7655,0.0033104508115294,0,1,T1486
asset_7656,0.9042692805633136,1,0,T1486
asset_7657,0.0033104508115333,0,1,T1486
asset_7658,0.9042692805633136,1,1,T1486
asset_7659,0.9042692805633136,1,0,T1486
asset_7660,0.0037873349811709,0,1,T1486
asset_7661,0.9042692805633136,1,1,T1486
asset_7662,0.0033104508115333,0,0,T1486
asset_7663,0.0033104508115225,0,0,T1486
asset_7664,0.9042692805633136,1,0,T1486
asset_7665,0.0033104508115333,0,0,T1486
asset_7666,0.9042692805633136,1,0,T1486
asset_7667,0.9042692805633136,1,0,T1486
asset_7668,0.003310450811489,0,1,T1486
asset_7669,0.0033104508115333,0,1,T1486
asset_7670,0.0033104508115333,0,0,T1486
asset_7671,0.0033104508115868,0,1,T1486
asset_7672,0.0033104508115333,0,1,T1486
asset_7673,0.0033104508115333,0,0,T1486
asset_7674,0.9042692805633136,1,0,T1486
asset_7675,0.0033104508115333,0,1,T1486
asset_7676,0.9042692805633136,1,1,T1486
asset_7677,0.9042692805633136,1,0,T1486
asset_7678,0.0033104508115333,0,0,T1486
asset_7679,0.9042692805633136,1,1,T1486
asset_7680,0.9042692805633136,1,0,T1486
asset_7681,0.9042692805633136,1,0,T1486
asset_7682,0.9042692805633136,1,1,T1486
asset_7683,0.0033104508115333,0,1,T1486
asset_7684,0.9042692805633136,1,1,T1486
asset_7685,0.9042692805633136,1,1,T1486
asset_7686,0.9042692805633136,1,1,T1486
asset_7687,0.0033104508115333,0,1,T1486
asset_7688,0.9042692805633136,1,1,T1486
asset_7689,0.0033104508115333,0,0,T1486
asset_7690,0.003310450811489,0,0,T1486
asset_7691,0.9042692805633136,1,1,T1486
asset_7692,0.0033104508115333,0,0,T1486
asset_7693,0.0033104508115046,0,0,T1486
asset_7694,0.9042692805633136,1,1,T1486
asset_7695,0.9042692805633136,1,0,T1486
asset_7696,0.9042692805633136,1,0,T1486
asset_7697,0.0033104508115333,0,1,T1486
asset_7698,0.9042692805633136,1,0,T1486
asset_7699,0.0033104508115333,0,0,T1486
asset_7700,0.9042692805633136,1,1,T1486
asset_7701,0.9042692805633136,1,1,T1486
asset_7702,0.9042692805633136,1,1,T1486
asset_7703,0.0033104508115333,0,1,T1486
asset_7704,0.9042692805633136,1,1,T1486
asset_7705,0.9042692805633136,1,0,T1486
asset_7706,0.0033454389817491,0,0,T1486
asset_7707,0.0033104508115225,0,0,T1486
asset_7708,0.0033104508115869,0,0,T1486
asset_7709,0.0033104508115869,0,1,T1486
asset_7710,0.9042692805633136,1,1,T1486
asset_7711,0.0033104508115333,0,1,T1486
asset_7712,0.9042692805633136,1,1,T1486
asset_7713,0.0033104508115205,0,1,T1486
asset_7714,0.0033104508115099,0,0,T1486
asset_7715,0.9042692805633136,1,0,T1486
asset_7716,0.9042692805633136,1,0,T1486
asset_7717,0.9042692805633136,1,0,T1486
asset_7718,0.9042692805633136,1,0,T1486
asset_7719,0.0033104508115309,0,0,T1486
asset_7720,0.0033104508115333,0,1,T1486
asset_7721,0.9042692805633136,1,0,T1486
asset_7722,0.0033104508115333,0,1,T1486
asset_7723,0.0033104508114895,0,1,T1486
asset_7724,0.9042692805633136,1,0,T1486
asset_7725,0.9042692805633136,1,0,T1486
asset_7726,0.0033104508115196,0,0,T1486
asset_7727,0.0033104508115333,0,0,T1486
asset_7728,0.0033104508120232,0,0,T1486
asset_7729,0.9042692805633136,1,1,T1486
asset_7730,0.9042692805633136,1,0,T1486
asset_7731,0.0033104508115333,0,1,T1486
asset_7732,0.0033104508115333,0,1,T1486
asset_7733,0.9042692805633136,1,1,T1486
asset_7734,0.0033104508115333,0,0,T1486
asset_7735,0.9042692805633136,1,0,T1486
asset_7736,0.9042692805633136,1,1,T1486
asset_7737,0.0033104508115318,0,1,T1486
asset_7738,0.0033104508115186,0,0,T1486
asset_7739,0.9042692805633136,1,1,T1486
asset_7740,0.9042692805633136,1,0,T1486
asset_7741,0.9042692805633136,1,0,T1486
asset_7742,0.0033104508115333,0,0,T1486
asset_7743,0.0033104508115333,0,0,T1486
asset_7744,0.9042692805633136,1,1,T1486
asset_7745,0.9042692805633136,1,1,T1486
asset_7746,0.9042692805633136,1,1,T1486
asset_7747,0.0034876736340132,0,0,T1486
asset_7748,0.9042692805633136,1,0,T1486
asset_7749,0.0033104508115333,0,0,T1486
asset_7750,0.9042692805633136,1,0,T1486
asset_7751,0.0033104508114785,0,0,T1486
asset_7752,0.0033104508115333,0,1,T1486
asset_7753,0.9042692805633136,1,1,T1486
asset_7754,0.9042692805633136,1,1,T1486
asset_7755,0.003310450811489,0,1,T1486
asset_7756,0.0033104508115333,0,0,T1486
asset_7757,0.0033104508115333,0,0,T1486
asset_7758,0.9042692805633136,1,0,T1486
asset_7759,0.0033104508115333,0,0,T1486
asset_7760,0.9042692805633136,1,1,T1486
asset_7761,0.9042692805633136,1,0,T1486
asset_7762,0.9042692805633136,1,0,T1486
asset_7763,0.0033104508115309,0,1,T1486
asset_7764,0.9042692805633136,1,1,T1486
asset_7765,0.0033104508114616,0,0,T1486
asset_7766,0.003310450811489,0,0,T1486
asset_7767,0.9042692805633136,1,0,T1486
asset_7768,0.0033104508115309,0,1,T1486
asset_7769,0.0033104508115225,0,0,T1486
asset_7770,0.0033104508115307,0,0,T1486
asset_7771,0.9042692805633136,1,0,T1486
asset_7772,0.0033104508115333,0,0,T1486
asset_7773,0.9042692805633136,1,0,T1486
asset_7774,0.0033104508115333,0,1,T1486
asset_7775,0.0033104508115758,0,1,T1486
asset_7776,0.0033104508115333,0,0,T1486
asset_7777,0.9042692805633136,1,0,T1486
asset_7778,0.0033104508115333,0,1,T1486
asset_7779,0.0033104508115333,0,1,T1486
asset_7780,0.9042692805633136,1,1,T1486
asset_7781,0.9042692805633136,1,1,T1486
asset_7782,0.0033104508114933,0,0,T1486
asset_7783,0.9042692805633136,1,1,T1486
asset_7784,0.0033104508115333,0,0,T1486
asset_7785,0.9042692805633136,1,0,T1486
asset_7786,0.9042692805633136,1,0,T1486
asset_7787,0.0033104508115205,0,0,T1486
asset_7788,0.9042692805633136,1,1,T1486
asset_7789,0.9042692805633136,1,0,T1486
asset_7790,0.0033104508115869,0,1,T1486
asset_7791,0.0033104508115333,0,1,T1486
asset_7792,0.9042692805633136,1,1,T1486
asset_7793,0.0033104508115205,0,1,T1486
asset_7794,0.9042692805633136,1,0,T1486
asset_7795,0.9042692805633136,1,0,T1486
asset_7796,0.0033104508115333,0,1,T1486
asset_7797,0.9042692805633136,1,1,T1486
asset_7798,0.9042692805633136,1,1,T1486
asset_7799,0.9042692805633136,1,1,T1486
asset_7800,0.9042692805633136,1,1,T1486
asset_7801,0.9042692805633136,1,0,T1486
asset_7802,0.9042692805633136,1,0,T1486
asset_7803,0.9042692805633136,1,0,T1486
asset_7804,0.0033104508115037,0,0,T1486
asset_7805,0.9042692805633136,1,0,T1486
asset_7806,0.0033104508114616,0,1,T1486
asset_7807,0.9042692805633136,1,1,T1486
asset_7808,0.9042692805633136,1,0,T1486
asset_7809,0.9042692805633136,1,0,T1486
asset_7810,0.0033104508115294,0,1,T1486
asset_7811,0.0033104508115333,0,0,T1486
asset_7812,0.0033104508115309,0,1,T1486
asset_7813,0.9042692805633136,1,1,T1486
asset_7814,0.0033104508115333,0,1,T1486
asset_7815,0.9042692805633136,1,0,T1486
asset_7816,0.9042692805633136,1,1,T1486
asset_7817,0.003310450811489,0,1,T1486
asset_7818,0.0033104508115097,0,1,T1486
asset_7819,0.9042692805633136,1,1,T1486
asset_7820,0.9042692805633136,1,1,T1486
asset_7821,0.9042692805633136,1,1,T1486
asset_7822,0.0033104508115333,0,0,T1486
asset_7823,0.0033104508115309,0,1,T1486
asset_7824,0.0033104508115333,0,1,T1486
asset_7825,0.9042692805633136,1,1,T1486
asset_7826,0.0033104508115333,0,0,T1486
asset_7827,0.9042692805633136,1,1,T1486
asset_7828,0.0033104508115309,0,1,T1486
asset_7829,0.0033104508114889,0,1,T1486
asset_7830,0.9042692805633136,1,0,T1486
asset_7831,0.0033104508115333,0,1,T1486
asset_7832,0.9042692805633136,1,0,T1486
asset_7833,0.9042692805633136,1,0,T1486
asset_7834,0.0033104508115333,0,1,T1486
asset_7835,0.9042692805633136,1,1,T1486
asset_7836,0.0033104508114786,0,0,T1486
asset_7837,0.0033104508114785,0,0,T1486
asset_7838,0.9042692805633136,1,0,T1486
asset_7839,0.0033104508115333,0,0,T1486
asset_7840,0.0033104469826889,0,0,T1486
asset_7841,0.9042692805633136,1,0,T1486
asset_7842,0.0033104508115309,0,1,T1486
asset_7843,0.9042692805633136,1,0,T1486
asset_7844,0.0033104508115287,0,0,T1486
asset_7845,0.0033104508115333,0,0,T1486
asset_7846,0.9042692805633136,1,0,T1486
asset_7847,0.9042692805633136,1,0,T1486
asset_7848,0.9042692805633136,1,1,T1486
asset_7849,0.9042692805633136,1,1,T1486
asset_7850,0.0033104508115309,0,0,T1486
asset_7851,0.9042692805633136,1,1,T1486
asset_7852,0.0033104389333239,0,1,T1486
asset_7853,0.0033104508115333,0,1,T1486
asset_7854,0.9042692805633136,1,0,T1486
asset_7855,0.0033104508115333,0,1,T1486
asset_7856,0.0033104508115205,0,0,T1486
asset_7857,0.0033804652151763,0,1,T1486
asset_7858,0.0033104508115333,0,0,T1486
asset_7859,0.9042692805633136,1,0,T1486
asset_7860,0.0033104508115333,0,1,T1486
asset_7861,0.9042692805633136,1,0,T1486
asset_7862,0.9042692805633136,1,1,T1486
asset_7863,0.9042692805633136,1,1,T1486
asset_7864,0.0033454904089115,0,0,T1486
asset_7865,0.9042692805633136,1,1,T1486
asset_7866,0.9042692805633136,1,1,T1486
asset_7867,0.9042692805633136,1,1,T1486
asset_7868,0.9042692805633136,1,1,T1486
asset_7869,0.9042692805633136,1,0,T1486
asset_7870,0.9042692805633136,1,1,T1486
asset_7871,0.0033104508115097,0,1,T1486
asset_7872,0.0033104508115333,0,0,T1486
asset_7873,0.9042692805633136,1,1,T1486
asset_7874,0.9042692805633136,1,0,T1486
asset_7875,0.9042692805633136,1,0,T1486
asset_7876,0.9042692805633136,1,0,T1486
asset_7877,0.9042692805633136,1,0,T1486
asset_7878,0.0033104508115294,0,1,T1486
asset_7879,0.0033454389820513,0,0,T1486
asset_7880,0.0033104508115309,0,1,T1486
asset_7881,0.0033104508120334,0,0,T1486
asset_7882,0.9042692805633136,1,1,T1486
asset_7883,0.9042692805633136,1,1,T1486
asset_7884,0.9042692805633136,1,0,T1486
asset_7885,0.00334543898181,0,1,T1486
asset_7886,0.0033104508115869,0,1,T1486
asset_7887,0.9042692805633136,1,1,T1486
asset_7888,0.0033104508115205,0,1,T1486
asset_7889,0.9042692805633136,1,1,T1486
asset_7890,0.0033104508115333,0,0,T1486
asset_7891,0.0033104508115333,0,0,T1486
asset_7892,0.0033104508115293,0,0,T1486
asset_7893,0.0033454389820513,0,1,T1486
asset_7894,0.0033104508115868,0,1,T1486
asset_7895,0.0033104508115333,0,0,T1486
asset_7896,0.9042692805633136,1,0,T1486
asset_7897,0.0033104508115318,0,0,T1486
asset_7898,0.0033104508115333,0,0,T1486
asset_7899,0.0033104508115225,0,0,T1486
asset_7900,0.0033104508115333,0,0,T1486
asset_7901,0.9042692805633136,1,1,T1486
asset_7902,0.9042692805633136,1,0,T1486
asset_7903,0.0033104508115333,0,1,T1486
asset_7904,0.9042692805633136,1,0,T1486
asset_7905,0.9042692805633136,1,0,T1486
asset_7906,0.0033104508115333,0,0,T1486
asset_7907,0.0033104508115333,0,1,T1486
asset_7908,0.9042692805633136,1,1,T1486
asset_7909,0.0033104508115223,0,0,T1486
asset_7910,0.0033104508115333,0,0,T1486
asset_7911,0.003310450811489,0,0,T1486
asset_7912,0.9042692805633136,1,0,T1486
asset_7913,0.9042692805633136,1,0,T1486
asset_7914,0.0033104508115333,0,0,T1486
asset_7915,0.0033104508115271,0,1,T1486
asset_7916,0.9042692805633136,1,1,T1486
asset_7917,0.9042692805633136,1,1,T1486
asset_7918,0.0033104508115333,0,1,T1486
asset_7919,0.0033104508115333,0,0,T1486
asset_7920,0.0033104508115309,0,0,T1486
asset_7921,0.9042692805633136,1,0,T1486
asset_7922,0.9042692805633136,1,0,T1486
asset_7923,0.0033104508115333,0,1,T1486
asset_7924,0.0033104508115309,0,1,T1486
asset_7925,0.0033104472641503,0,0,T1486
asset_7926,0.0033104508115333,0,1,T1486
asset_7927,0.9042692805633136,1,0,T1486
asset_7928,0.9042692805633136,1,0,T1486
asset_7929,0.9042692805633136,1,1,T1486
asset_7930,0.9042692805633136,1,1,T1486
asset_7931,0.0033104508115868,0,0,T1486
asset_7932,0.0033104508115294,0,1,T1486
asset_7933,0.9042692805633136,1,0,T1486
asset_7934,0.0033104508115293,0,1,T1486
asset_7935,0.9042692805633136,1,1,T1486
asset_7936,0.9042692805633136,1,0,T1486
asset_7937,0.0033104508115225,0,1,T1486
asset_7938,0.0033104508115333,0,1,T1486
asset_7939,0.9042692805633136,1,1,T1486
asset_7940,0.0033104508115333,0,0,T1486
asset_7941,0.0033104508115333,0,0,T1486
asset_7942,0.0033104490933179,0,0,T1486
asset_7943,0.0033104508115333,0,0,T1486
asset_7944,0.0033104508115333,0,1,T1486
asset_7945,0.9042692805633136,1,0,T1486
asset_7946,0.9042692805633136,1,0,T1486
asset_7947,0.9042692805633136,1,1,T1486
asset_7948,0.0033104508115225,0,0,T1486
asset_7949,0.9042692805633136,1,0,T1486
asset_7950,0.9042692805633136,1,0,T1486
asset_7951,0.9042692805633136,1,1,T1486
asset_7952,0.9042692805633136,1,1,T1486
asset_7953,0.9042692805633136,1,0,T1486
asset_7954,0.9042692805633136,1,0,T1486
asset_7955,0.0033104508114856,0,1,T1486
asset_7956,0.9042692805633136,1,0,T1486
asset_7957,0.0033104508115309,0,0,T1486
asset_7958,0.0033104508115333,0,1,T1486
asset_7959,0.9042692805633136,1,0,T1486
asset_7960,0.9042692805633136,1,0,T1486
asset_7961,0.9042692805633136,1,1,T1486
asset_7962,0.0033104508115333,0,1,T1486
asset_7963,0.0033104508115018,0,0,T1486
asset_7964,0.0033104508115333,0,1,T1486
asset_7965,0.0033104508115333,0,0,T1486
asset_7966,0.9042692805633136,1,0,T1486
asset_7967,0.9042692805633136,1,0,T1486
asset_7968,0.9042692805633136,1,1,T1486
asset_7969,0.0034876736340132,0,0,T1486
asset_7970,0.9042692805633136,1,1,T1486
asset_7971,0.0033104508115333,0,1,T1486
asset_7972,0.0033104508115294,0,0,T1486
asset_7973,0.9042692805633136,1,0,T1486
asset_7974,0.0033104508115205,0,1,T1486
asset_7975,0.9042692805633136,1,0,T1486
asset_7976,0.0033104508115333,0,0,T1486
asset_7977,0.9042692805633136,1,1,T1486
asset_7978,0.9042692805633136,1,0,T1486
asset_7979,0.9042692805633136,1,0,T1486
asset_7980,0.003310450811489,0,1,T1486
asset_7981,0.9042692805633136,1,1,T1486
asset_7982,0.0033104508115333,0,1,T1486
asset_7983,0.9042692805633136,1,0,T1486
asset_7984,0.9042692805633136,1,0,T1486
asset_7985,0.9042692805633136,1,0,T1486
asset_7986,0.9042692805633136,1,0,T1486
asset_7987,0.9042692805633136,1,0,T1486
asset_7988,0.0033104508115333,0,0,T1486
asset_7989,0.0033104508115333,0,1,T1486
asset_7990,0.9042692805633136,1,1,T1486
asset_7991,0.9042692805633136,1,1,T1486
asset_7992,0.003310450811489,0,1,T1486
asset_7993,0.0033104508115318,0,0,T1486
asset_7994,0.9042692805633136,1,0,T1486
asset_7995,0.0033104508115225,0,0,T1486
asset_7996,0.0033104508115309,0,1,T1486
asset_7997,0.0033104508115333,0,0,T1486
asset_7998,0.9042692805633136,1,1,T1486
asset_7999,0.0033104508115186,0,1,T1486
asset_8000,0.9042692805633136,1,0,T1486
asset_8001,0.003310450811466,0,1,T1486
asset_8002,0.9042692805633136,1,0,T1486
asset_8003,0.0033104508115333,0,1,T1486
asset_8004,0.0033104508115869,0,0,T1486
asset_8005,0.9042692805633136,1,0,T1486
asset_8006,0.9042692805633136,1,0,T1486
asset_8007,0.9042692805633136,1,0,T1486
asset_8008,0.0033104508115333,0,0,T1486
asset_8009,0.0033104508115333,0,1,T1486
asset_8010,0.9042692805633136,1,0,T1486
asset_8011,0.9042692805633136,1,0,T1486
asset_8012,0.9042692805633136,1,1,T1486
asset_8013,0.0033104508115868,0,1,T1486
asset_8014,0.9042692805633136,1,0,T1486
asset_8015,0.9042692805633136,1,1,T1486
asset_8016,0.0033104508115293,0,0,T1486
asset_8017,0.0033104508115333,0,1,T1486
asset_8018,0.9042692805633136,1,1,T1486
asset_8019,0.0033104508114785,0,1,T1486
asset_8020,0.0033104508114552,0,1,T1486
asset_8021,0.0033104508117248,0,0,T1486
asset_8022,0.9042692805633136,1,1,T1486
asset_8023,0.9042692805633136,1,0,T1486
asset_8024,0.0033104508115208,0,1,T1486
asset_8025,0.9042692805633136,1,0,T1486
asset_8026,0.9042692805633136,1,0,T1486
asset_8027,0.0033104508115333,0,0,T1486
asset_8028,0.0033104508115868,0,1,T1486
asset_8029,0.0033104508115333,0,0,T1486
asset_8030,0.9042692805633136,1,0,T1486
asset_8031,0.9042692805633136,1,1,T1486
asset_8032,0.0033104508115333,0,0,T1486
asset_8033,0.9042692805633136,1,1,T1486
asset_8034,0.0033104508115309,0,1,T1486
asset_8035,0.0033104468656574,0,1,T1486
asset_8036,0.0033104508114889,0,0,T1486
asset_8037,0.0033104508115333,0,0,T1486
asset_8038,0.0033104508115333,0,0,T1486
asset_8039,0.0033104508115333,0,0,T1486
asset_8040,0.0033104508115333,0,1,T1486
asset_8041,0.9042692805633136,1,0,T1486
asset_8042,0.0033104508114889,0,0,T1486
asset_8043,0.9042692805633136,1,1,T1486
asset_8044,0.9042692805633136,1,0,T1486
asset_8045,0.9042692805633136,1,0,T1486
asset_8046,0.0033104508115097,0,0,T1486
asset_8047,0.0033104508115869,0,0,T1486
asset_8048,0.9042692805633136,1,0,T1486
asset_8049,0.9042692805633136,1,1,T1486
asset_8050,0.0033104508115333,0,0,T1486
asset_8051,0.0033104508115333,0,0,T1486
asset_8052,0.9042692805633136,1,0,T1486
asset_8053,0.9042692805633136,1,0,T1486
asset_8054,0.9042692805633136,1,1,T1486
asset_8055,0.0033104508115333,0,0,T1486
asset_8056,0.0033104508115333,0,1,T1486
asset_8057,0.9042692805633136,1,1,T1486
asset_8058,0.9042692805633136,1,1,T1486
asset_8059,0.0033804652151763,0,1,T1486
asset_8060,0.0033104508115333,0,0,T1486
asset_8061,0.9042692805633136,1,1,T1486
asset_8062,0.9042692805633136,1,0,T1486
asset_8063,0.0033104508115333,0,0,T1486
asset_8064,0.0033104508115333,0,1,T1486
asset_8065,0.9042692805633136,1,0,T1486
asset_8066,0.0033104508115333,0,0,T1486
asset_8067,0.0033104508115333,0,1,T1486
asset_8068,0.0033104508115201,0,0,T1486
asset_8069,0.0033104508115309,0,0,T1486
asset_8070,0.9042692805633136,1,1,T1486
asset_8071,0.9042692805633136,1,0,T1486
asset_8072,0.9042692805633136,1,1,T1486
asset_8073,0.9042692805633136,1,0,T1486
asset_8074,0.0033104508115333,0,1,T1486
asset_8075,0.9042692805633136,1,0,T1486
asset_8076,0.0033104508115333,0,1,T1486
asset_8077,0.0033104508115869,0,1,T1486
asset_8078,0.9042692805633136,1,0,T1486
asset_8079,0.0033104508115333,0,1,T1486
asset_8080,0.0033104508115333,0,1,T1486
asset_8081,0.0033104508115333,0,1,T1486
asset_8082,0.0033104508115333,0,0,T1486
asset_8083,0.0033104508115205,0,0,T1486
asset_8084,0.9042692805633136,1,1,T1486
asset_8085,0.0033104508114616,0,1,T1486
asset_8086,0.9042692805633136,1,1,T1486
asset_8087,0.0033104508115333,0,0,T1486
asset_8088,0.0033104508115333,0,1,T1486
asset_8089,0.0033104508115309,0,0,T1486
asset_8090,0.9042692805633136,1,0,T1486
asset_8091,0.9042692805633136,1,0,T1486
asset_8092,0.0033104508115061,0,0,T1486
asset_8093,0.9042692805633136,1,0,T1486
asset_8094,0.9042692805633136,1,1,T1486
asset_8095,0.0033104508115333,0,0,T1486
asset_8096,0.9042692805633136,1,0,T1486
asset_8097,0.0033104508115333,0,0,T1486
asset_8098,0.0033104508115333,0,0,T1486
asset_8099,0.9042692805633136,1,1,T1486
asset_8100,0.9042692805633136,1,1,T1486
asset_8101,0.0033104508115294,0,1,T1486
asset_8102,0.0033104508115333,0,0,T1486
asset_8103,0.0033104508114508,0,0,T1486
asset_8104,0.9042692805633136,1,1,T1486
asset_8105,0.9042692805633136,1,0,T1486
asset_8106,0.9042692805633136,1,0,T1486
asset_8107,0.9042692805633136,1,0,T1486
asset_8108,0.9042692805633136,1,0,T1486
asset_8109,0.0033104508115333,0,1,T1486
asset_8110,0.9042692805633136,1,0,T1486
asset_8111,0.9042692805633136,1,1,T1486
asset_8112,0.9042692805633136,1,0,T1486
asset_8113,0.0033104508115309,0,1,T1486
asset_8114,0.0033104508115061,0,1,T1486
asset_8115,0.0033104508115099,0,1,T1486
asset_8116,0.0033104508115333,0,1,T1486
asset_8117,0.0033104508115309,0,1,T1486
asset_8118,0.0033454389836629,0,0,T1486
asset_8119,0.0033104508115333,0,1,T1486
asset_8120,0.0033104508115333,0,0,T1486
asset_8121,0.0033104508115333,0,0,T1486
asset_8122,0.9042692805633136,1,1,T1486
asset_8123,0.0033104508115333,0,0,T1486
asset_8124,0.9042692805633136,1,0,T1486
asset_8125,0.0033104508115294,0,0,T1486
asset_8126,0.9042692805633136,1,1,T1486
asset_8127,0.9042692805633136,1,1,T1486
asset_8128,0.9042692805633136,1,1,T1486
asset_8129,0.0033454389820513,0,1,T1486
asset_8130,0.9042692805633136,1,1,T1486
asset_8131,0.9042692805633136,1,1,T1486
asset_8132,0.0033104508115333,0,0,T1486
asset_8133,0.9042692805633136,1,1,T1486
asset_8134,0.0033104508115333,0,0,T1486
asset_8135,0.0033104508115333,0,1,T1486
asset_8136,0.0033104508115318,0,0,T1486
asset_8137,0.9042692805633136,1,1,T1486
asset_8138,0.0033104508115333,0,0,T1486
asset_8139,0.0033104508115309,0,0,T1486
asset_8140,0.0033104508115333,0,0,T1486
asset_8141,0.9042692805633136,1,0,T1486
asset_8142,0.9042692805633136,1,1,T1486
asset_8143,0.0033104508115333,0,0,T1486
asset_8144,0.9042692805633136,1,0,T1486
asset_8145,0.0033104508115205,0,1,T1486
asset_8146,0.0033104508115061,0,1,T1486
asset_8147,0.0033104508115333,0,1,T1486
asset_8148,0.0033104508115333,0,1,T1486
asset_8149,0.0033104508114785,0,1,T1486
asset_8150,0.0033104508120232,0,0,T1486
asset_8151,0.9042692805633136,1,0,T1486
asset_8152,0.0033104508115333,0,1,T1486
asset_8153,0.9042692805633136,1,1,T1486
asset_8154,0.9042692805633136,1,1,T1486
asset_8155,0.9042692805633136,1,0,T1486
asset_8156,0.0033104508115333,0,0,T1486
asset_8157,0.0033104508115309,0,0,T1486
asset_8158,0.0033104508115333,0,0,T1486
asset_8159,0.0033104508115293,0,0,T1486
asset_8160,0.9042692805633136,1,0,T1486
asset_8161,0.0033104508115058,0,1,T1486
asset_8162,0.9042692805633136,1,1,T1486
asset_8163,0.0033104508115333,0,0,T1486
asset_8164,0.9042692805633136,1,0,T1486
asset_8165,0.0033104508114785,0,0,T1486
asset_8166,0.0033104508115333,0,1,T1486
asset_8167,0.0033104508115333,0,0,T1486
asset_8168,0.0033104508115333,0,0,T1486
asset_8169,0.0033104508115333,0,1,T1486
asset_8170,0.0033104508115333,0,0,T1486
asset_8171,0.9042692805633136,1,0,T1486
asset_8172,0.9042692805633136,1,1,T1486
asset_8173,0.9042692805633136,1,0,T1486
asset_8174,0.0033104508114935,0,0,T1486
asset_8175,0.9042692805633136,1,1,T1486
asset_8176,0.0033104508115225,0,1,T1486
asset_8177,0.9042692805633136,1,1,T1486
asset_8178,0.0033104508115333,0,1,T1486
asset_8179,0.0033104508115333,0,1,T1486
asset_8180,0.9042692805633136,1,1,T1486
asset_8181,0.9042692805633136,1,1,T1486
asset_8182,0.0033104508115333,0,1,T1486
asset_8183,0.0033104508115333,0,0,T1486
asset_8184,0.9042692805633136,1,0,T1486
asset_8185,0.0033104508115225,0,1,T1486
asset_8186,0.0033104508115333,0,0,T1486
asset_8187,0.9042692805633136,1,0,T1486
asset_8188,0.9042692805633136,1,0,T1486
asset_8189,0.9042692805633136,1,0,T1486
asset_8190,0.9042692805633136,1,0,T1486
asset_8191,0.003310450811466,0,0,T1486
asset_8192,0.0033104508114786,0,0,T1486
asset_8193,0.0033104508115333,0,1,T1486
asset_8194,0.0033104508114935,0,0,T1486
asset_8195,0.9042692805633136,1,0,T1486
asset_8196,0.0033104508115333,0,0,T1486
asset_8197,0.9042692805633136,1,0,T1486
asset_8198,0.9042692805633136,1,1,T1486
asset_8199,0.9042692805633136,1,1,T1486
asset_8200,0.9042692805633136,1,0,T1486
asset_8201,0.0033104508115333,0,1,T1486
asset_8202,0.9042692805633136,1,0,T1486
asset_8203,0.9042692805633136,1,0,T1486
asset_8204,0.9042692805633136,1,0,T1486
asset_8205,0.0033104508115333,0,0,T1486
asset_8206,0.9042692805633136,1,1,T1486
asset_8207,0.9042692805633136,1,1,T1486
asset_8208,0.9042692805633136,1,1,T1486
asset_8209,0.0033104508115333,0,1,T1486
asset_8210,0.9042692805633136,1,1,T1486
asset_8211,0.0033104508115333,0,0,T1486
asset_8212,0.0034876895567274,0,1,T1486
asset_8213,0.0033104508115225,0,1,T1486
asset_8214,0.9042692805633136,1,1,T1486
asset_8215,0.0033104508115333,0,1,T1486
asset_8216,0.0033104508115309,0,1,T1486
asset_8217,0.0033104508115061,0,1,T1486
asset_8218,0.9042692805633136,1,0,T1486
asset_8219,0.9042692805633136,1,0,T1486
asset_8220,0.9042692805633136,1,0,T1486
asset_8221,0.9042692805633136,1,1,T1486
asset_8222,0.9042692805633136,1,1,T1486
asset_8223,0.9042692805633136,1,1,T1486
asset_8224,0.0033104508115784,0,1,T1486
asset_8225,0.9042692805633136,1,1,T1486
asset_8226,0.0033104508115333,0,1,T1486
asset_8227,0.9042692805633136,1,1,T1486
asset_8228,0.9042692805633136,1,0,T1486
asset_8229,0.0033104508115333,0,1,T1486
asset_8230,0.0033104508115333,0,1,T1486
asset_8231,0.9042692805633136,1,0,T1486
asset_8232,0.9042692805633136,1,0,T1486
asset_8233,0.0033104508115333,0,0,T1486
asset_8234,0.0033104508115333,0,1,T1486
asset_8235,0.0038348346312891,0,0,T1486
asset_8236,0.0033104508115333,0,0,T1486
asset_8237,0.9042692805633136,1,0,T1486
asset_8238,0.9042692805633136,1,0,T1486
asset_8239,0.0033104508115333,0,0,T1486
asset_8240,0.0033104508114552,0,0,T1486
asset_8241,0.0033104508115316,0,0,T1486
asset_8242,0.0033104508115333,0,0,T1486
asset_8243,0.9042692805633136,1,1,T1486
asset_8244,0.9042692805633136,1,0,T1486
asset_8245,0.0033104508115333,0,1,T1486
asset_8246,0.9042692805633136,1,1,T1486
asset_8247,0.0033104508115205,0,0,T1486
asset_8248,0.0033104508115333,0,1,T1486
asset_8249,0.9042692805633136,1,1,T1486
asset_8250,0.0033104508115333,0,1,T1486
asset_8251,0.0033104508115333,0,0,T1486
asset_8252,0.9042692805633136,1,1,T1486
asset_8253,0.0033454371183524,0,0,T1486
asset_8254,0.0033104508115333,0,0,T1486
asset_8255,0.0033104508117222,0,0,T1486
asset_8256,0.0033104508115333,0,1,T1486
asset_8257,0.9042692805633136,1,1,T1486
asset_8258,0.9042692805633136,1,1,T1486
asset_8259,0.0033104508116792,0,0,T1486
asset_8260,0.9042692805633136,1,1,T1486
asset_8261,0.9042692805633136,1,0,T1486
asset_8262,0.9042692805633136,1,0,T1486
asset_8263,0.9042692805633136,1,0,T1486
asset_8264,0.0033104508115333,0,1,T1486
asset_8265,0.9042692805633136,1,0,T1486
asset_8266,0.0033104508115333,0,1,T1486
asset_8267,0.0033104508115333,0,1,T1486
asset_8268,0.9042692805633136,1,1,T1486
asset_8269,0.0033104508115333,0,1,T1486
asset_8270,0.9042692805633136,1,0,T1486
asset_8271,0.9042692805633136,1,0,T1486
asset_8272,0.0033104508115333,0,0,T1486
asset_8273,0.9042692805633136,1,1,T1486
asset_8274,0.0033104490932545,0,0,T1486
asset_8275,0.0033104508115333,0,1,T1486
asset_8276,0.0033104508115333,0,1,T1486
asset_8277,0.9042692805633136,1,0,T1486
asset_8278,0.9042692805633136,1,1,T1486
asset_8279,0.0033454389817491,0,0,T1486
asset_8280,0.9042692805633136,1,1,T1486
asset_8281,0.9042692805633136,1,0,T1486
asset_8282,0.0033104508115333,0,1,T1486
asset_8283,0.9042692805633136,1,1,T1486
asset_8284,0.9042692805633136,1,0,T1486
asset_8285,0.9042692805633136,1,1,T1486
asset_8286,0.0033104508115843,0,0,T1486
asset_8287,0.9042692805633136,1,1,T1486
asset_8288,0.9042692805633136,1,0,T1486
asset_8289,0.9042692805633136,1,1,T1486
asset_8290,0.9042692805633136,1,0,T1486
asset_8291,0.9042692805633136,1,0,T1486
asset_8292,0.9042692805633136,1,1,T1486
asset_8293,0.9042692805633136,1,0,T1486
asset_8294,0.9042692805633136,1,1,T1486
asset_8295,0.0033104508115333,0,0,T1486
asset_8296,0.0033104508115061,0,0,T1486
asset_8297,0.9042692805633136,1,1,T1486
asset_8298,0.9042692805633136,1,0,T1486
asset_8299,0.9042692805633136,1,0,T1486
asset_8300,0.9042692805633136,1,0,T1486
asset_8301,0.0033104508114616,0,0,T1486
asset_8302,0.9042692805633136,1,1,T1486
asset_8303,0.9042692805633136,1,0,T1486
asset_8304,0.9042692805633136,1,1,T1486
asset_8305,0.0033104508115333,0,0,T1486
asset_8306,0.0033104508115868,0,0,T1486
asset_8307,0.9042692805633136,1,0,T1486
asset_8308,0.0033104508115333,0,0,T1486
asset_8309,0.0033104508115333,0,1,T1486
asset_8310,0.0033104508115146,0,1,T1486
asset_8311,0.0033104508135067,0,1,T1486
asset_8312,0.0033104508115333,0,0,T1486
asset_8313,0.9042692805633136,1,0,T1486
asset_8314,0.9042692805633136,1,1,T1486
asset_8315,0.0033104477866214,0,1,T1486
asset_8316,0.0033104508115333,0,0,T1486
asset_8317,0.0033104457881829,0,1,T1486
asset_8318,0.9042692805633136,1,0,T1486
asset_8319,0.0033104508115333,0,1,T1486
asset_8320,0.0033104508115333,0,0,T1486
asset_8321,0.9042692805633136,1,0,T1486
asset_8322,0.9042692805633136,1,0,T1486
asset_8323,0.9042692805633136,1,1,T1486
asset_8324,0.0033104508115294,0,1,T1486
asset_8325,0.9042692805633136,1,1,T1486
asset_8326,0.003310450811489,0,1,T1486
asset_8327,0.0033104508115868,0,1,T1486
asset_8328,0.0033104508115333,0,1,T1486
asset_8329,0.9042692805633136,1,1,T1486
asset_8330,0.9042692805633136,1,1,T1486
asset_8331,0.0033104508114623,0,1,T1486
asset_8332,0.9042692805633136,1,1,T1486
asset_8333,0.9042692805633136,1,1,T1486
asset_8334,0.0033104508115333,0,0,T1486
asset_8335,0.9042692805633136,1,0,T1486
asset_8336,0.9042692805633136,1,1,T1486
asset_8337,0.9042692805633136,1,0,T1486
asset_8338,0.9042692805633136,1,1,T1486
asset_8339,0.0033104508115333,0,1,T1486
asset_8340,0.0033104508115333,0,1,T1486
asset_8341,0.9042692805633136,1,1,T1486
asset_8342,0.9042692805633136,1,1,T1486
asset_8343,0.9042692805633136,1,0,T1486
asset_8344,0.0033104508115309,0,0,T1486
asset_8345,0.9042692805633136,1,1,T1486
asset_8346,0.9042692805633136,1,0,T1486
asset_8347,0.0033104508115333,0,0,T1486
asset_8348,0.0033104508115333,0,0,T1486
asset_8349,0.0033104508115333,0,0,T1486
asset_8350,0.0033104508114552,0,1,T1486
asset_8351,0.9042692805633136,1,1,T1486
asset_8352,0.003310450811523,0,0,T1486
asset_8353,0.9042692805633136,1,0,T1486
asset_8354,0.9042692805633136,1,0,T1486
asset_8355,0.9042692805633136,1,0,T1486
asset_8356,0.9042692805633136,1,0,T1486
asset_8357,0.9042692805633136,1,1,T1486
asset_8358,0.9042692805633136,1,1,T1486
asset_8359,0.0033104508115333,0,1,T1486
asset_8360,0.0033104508115333,0,1,T1486
asset_8361,0.0033104508115333,0,0,T1486
asset_8362,0.9042692805633136,1,0,T1486
asset_8363,0.0033104508115309,0,0,T1486
asset_8364,0.0033104508115333,0,0,T1486
asset_8365,0.9042692805633136,1,1,T1486
asset_8366,0.003310450811489,0,1,T1486
asset_8367,0.9042692805633136,1,0,T1486
asset_8368,0.0033104508115333,0,0,T1486
asset_8369,0.0033104508115868,0,1,T1486
asset_8370,0.0033104508115333,0,1,T1486
asset_8371,0.9042692805633136,1,0,T1486
asset_8372,0.9042692805633136,1,0,T1486
asset_8373,0.0033104508115333,0,1,T1486
asset_8374,0.0033104508115333,0,1,T1486
asset_8375,0.9042692805633136,1,0,T1486
asset_8376,0.9042692805633136,1,1,T1486
asset_8377,0.9042692805633136,1,1,T1486
asset_8378,0.9042692805633136,1,0,T1486
asset_8379,0.0033104508129547,0,1,T1486
asset_8380,0.9042692805633136,1,1,T1486
asset_8381,0.9042692805633136,1,1,T1486
asset_8382,0.9042692805633136,1,0,T1486
asset_8383,0.003310450811466,0,1,T1486
asset_8384,0.0033104468656574,0,0,T1486
asset_8385,0.9042692805633136,1,0,T1486
asset_8386,0.0033104508115333,0,1,T1486
asset_8387,0.9042692805633136,1,0,T1486
asset_8388,0.0033104508115333,0,0,T1486
asset_8389,0.9042692805633136,1,0,T1486
asset_8390,0.9042692805633136,1,1,T1486
asset_8391,0.9042692805633136,1,0,T1486
asset_8392,0.0033104508115333,0,1,T1486
asset_8393,0.0033104508115333,0,0,T1486
asset_8394,0.9042692805633136,1,0,T1486
asset_8395,0.9042692805633136,1,1,T1486
asset_8396,0.0033104508115225,0,1,T1486
asset_8397,0.9042692805633136,1,0,T1486
asset_8398,0.9042692805633136,1,0,T1486
asset_8399,0.9042692805633136,1,1,T1486
asset_8400,0.0033104508114618,0,1,T1486
asset_8401,0.9042692805633136,1,0,T1486
asset_8402,0.9042692805633136,1,0,T1486
asset_8403,0.0033104508115333,0,0,T1486
asset_8404,0.0033104508115294,0,0,T1486
asset_8405,0.0033104508115333,0,1,T1486
asset_8406,0.9042692805633136,1,1,T1486
asset_8407,0.0033104508115293,0,0,T1486
asset_8408,0.0033104508114897,0,0,T1486
asset_8409,0.9042692805633136,1,0,T1486
asset_8410,0.9042692805633136,1,1,T1486
asset_8411,0.9042692805633136,1,0,T1486
asset_8412,0.0033104508115333,0,0,T1486
asset_8413,0.0033104508115333,0,1,T1486
asset_8414,0.0033104508114824,0,0,T1486
asset_8415,0.9042692805633136,1,0,T1486
asset_8416,0.9042692805633136,1,1,T1486
asset_8417,0.0033104508115293,0,1,T1486
asset_8418,0.0033104508115758,0,1,T1486
asset_8419,0.0033104508115333,0,0,T1486
asset_8420,0.9042692805633136,1,1,T1486
asset_8421,0.9042692805633136,1,0,T1486
asset_8422,0.0033104508115186,0,0,T1486
asset_8423,0.9042692805633136,1,1,T1486
asset_8424,0.0033104508114824,0,0,T1486
asset_8425,0.0033104508115333,0,0,T1486
asset_8426,0.9042692805633136,1,1,T1486
asset_8427,0.0033104389333239,0,0,T1486
asset_8428,0.0033104508115309,0,0,T1486
asset_8429,0.9042692805633136,1,0,T1486
asset_8430,0.0033104508115061,0,0,T1486
asset_8431,0.0033104508115784,0,1,T1486
asset_8432,0.0033104508115333,0,0,T1486
asset_8433,0.9042692805633136,1,1,T1486
asset_8434,0.0033104508115333,0,1,T1486
asset_8435,0.0033104508115333,0,0,T1486
asset_8436,0.9042692805633136,1,0,T1486
asset_8437,0.9042692805633136,1,0,T1486
asset_8438,0.0033104508115333,0,0,T1486
asset_8439,0.0033104508115293,0,1,T1486
asset_8440,0.0033104508115333,0,0,T1486
asset_8441,0.9042692805633136,1,1,T1486
asset_8442,0.003310450811466,0,1,T1486
asset_8443,0.0033104508115333,0,1,T1486
asset_8444,0.9042692805633136,1,0,T1486
asset_8445,0.9042692805633136,1,1,T1486
asset_8446,0.9042692805633136,1,0,T1486
asset_8447,0.0033104508115333,0,1,T1486
asset_8448,0.0033104508115333,0,0,T1486
asset_8449,0.0033104508115333,0,0,T1486
asset_8450,0.9042692805633136,1,1,T1486
asset_8451,0.0033104508115099,0,1,T1486
asset_8452,0.9042692805633136,1,1,T1486
asset_8453,0.0033104508115294,0,1,T1486
asset_8454,0.9042692805633136,1,0,T1486
asset_8455,0.9042692805633136,1,0,T1486
asset_8456,0.0033104508115061,0,1,T1486
asset_8457,0.9042692805633136,1,0,T1486
asset_8458,0.9042692805633136,1,1,T1486
asset_8459,0.9042692805633136,1,0,T1486
asset_8460,0.0033104508115169,0,1,T1486
asset_8461,0.9042692805633136,1,1,T1486
asset_8462,0.0033104508115333,0,0,T1486
asset_8463,0.9042692805633136,1,1,T1486
asset_8464,0.0033104508115333,0,1,T1486
asset_8465,0.0033104508115099,0,1,T1486
asset_8466,0.0033104508115333,0,1,T1486
asset_8467,0.0033104508115205,0,1,T1486
asset_8468,0.003310449967819,0,0,T1486
asset_8469,0.9042692805633136,1,1,T1486
asset_8470,0.0033104508115333,0,1,T1486
asset_8471,0.9042692805633136,1,0,T1486
asset_8472,0.9042692805633136,1,1,T1486
asset_8473,0.0033104508115333,0,1,T1486
asset_8474,0.9042692805633136,1,1,T1486
asset_8475,0.0033104508115333,0,1,T1486
asset_8476,0.0033104508115333,0,1,T1486
asset_8477,0.0033104508115333,0,0,T1486
asset_8478,0.0033454389820513,0,0,T1486
asset_8479,0.0033104508115333,0,0,T1486
asset_8480,0.9042692805633136,1,0,T1486
asset_8481,0.0033104508120334,0,0,T1486
asset_8482,0.9042692805633136,1,1,T1486
asset_8483,0.9042692805633136,1,0,T1486
asset_8484,0.0033104508115058,0,1,T1486
asset_8485,0.9042692805633136,1,1,T1486
asset_8486,0.9042692805633136,1,1,T1486
asset_8487,0.0033104508115333,0,0,T1486
asset_8488,0.0033104508115333,0,0,T1486
asset_8489,0.0033104508115333,0,0,T1486
asset_8490,0.9042692805633136,1,1,T1486
asset_8491,0.9042692805633136,1,1,T1486
asset_8492,0.9042692805633136,1,1,T1486
asset_8493,0.0033104508115333,0,1,T1486
asset_8494,0.0033104508115333,0,0,T1486
asset_8495,0.9042692805633136,1,0,T1486
asset_8496,0.9042692805633136,1,1,T1486
asset_8497,0.9042692805633136,1,0,T1486
asset_8498,0.9042692805633136,1,1,T1486
asset_8499,0.9042692805633136,1,0,T1486
asset_8500,0.9042692805633136,1,0,T1486
asset_8501,0.0033104508115333,0,1,T1486
asset_8502,0.0033104508115333,0,1,T1486
asset_8503,0.9042692805633136,1,0,T1486
asset_8504,0.9042692805633136,1,1,T1486
asset_8505,0.9042692805633136,1,1,T1486
asset_8506,0.0033104508115333,0,1,T1486
asset_8507,0.9042692805633136,1,0,T1486
asset_8508,0.9042692805633136,1,1,T1486
asset_8509,0.0033104508115333,0,1,T1486
asset_8510,0.9042692805633136,1,0,T1486
asset_8511,0.9042692805633136,1,0,T1486
asset_8512,0.9042692805633136,1,0,T1486
asset_8513,0.9042692805633136,1,1,T1486
asset_8514,0.9042692805633136,1,0,T1486
asset_8515,0.9042692805633136,1,1,T1486
asset_8516,0.9042692805633136,1,0,T1486
asset_8517,0.0033104508115333,0,0,T1486
asset_8518,0.0033104508115309,0,0,T1486
asset_8519,0.9042692805633136,1,0,T1486
asset_8520,0.0033104508115333,0,1,T1486
asset_8521,0.0033104508115333,0,0,T1486
asset_8522,0.0033104508121311,0,0,T1486
asset_8523,0.0033104508115061,0,0,T1486
asset_8524,0.9042692805633136,1,1,T1486
asset_8525,0.9042692805633136,1,1,T1486
asset_8526,0.0033104508115333,0,1,T1486
asset_8527,0.9042692805633136,1,1,T1486
asset_8528,0.0033104508115309,0,0,T1486
asset_8529,0.0033104508115333,0,0,T1486
asset_8530,0.0033104508115309,0,0,T1486
asset_8531,0.003345437170895,0,0,T1486
asset_8532,0.0033104508115293,0,1,T1486
asset_8533,0.9042692805633136,1,0,T1486
asset_8534,0.0033104508115146,0,0,T1486
asset_8535,0.0033104508115333,0,1,T1486
asset_8536,0.0033104508114785,0,0,T1486
asset_8537,0.9042692805633136,1,1,T1486
asset_8538,0.9042692805633136,1,0,T1486
asset_8539,0.9042692805633136,1,0,T1486
asset_8540,0.9042692805633136,1,0,T1486
asset_8541,0.9042692805633136,1,1,T1486
asset_8542,0.9042692805633136,1,0,T1486
asset_8543,0.9042692805633136,1,0,T1486
asset_8544,0.9042692805633136,1,0,T1486
asset_8545,0.9042692805633136,1,0,T1486
asset_8546,0.9042692805633136,1,0,T1486
asset_8547,0.9042692805633136,1,1,T1486
asset_8548,0.9042692805633136,1,0,T1486
asset_8549,0.0033104508114616,0,1,T1486
asset_8550,0.9042692805633136,1,0,T1486
asset_8551,0.0033104508114785,0,0,T1486
asset_8552,0.0033104508114618,0,1,T1486
asset_8553,0.0033104508115333,0,0,T1486
asset_8554,0.0033104508115333,0,0,T1486
asset_8555,0.0033104508115333,0,1,T1486
asset_8556,0.003310450811531,0,0,T1486
asset_8557,0.9042692805633136,1,0,T1486
asset_8558,0.9042692805633136,1,1,T1486
asset_8559,0.9042692805633136,1,1,T1486
asset_8560,0.9042692805633136,1,0,T1486
asset_8561,0.0033104508115333,0,1,T1486
asset_8562,0.0033104508115333,0,0,T1486
asset_8563,0.0033104508115333,0,1,T1486
asset_8564,0.9042692805633136,1,1,T1486
asset_8565,0.9042692805633136,1,1,T1486
asset_8566,0.9042692805633136,1,1,T1486
asset_8567,0.0033104508115868,0,1,T1486
asset_8568,0.9042692805633136,1,1,T1486
asset_8569,0.9042692805633136,1,0,T1486
asset_8570,0.9042692805633136,1,1,T1486
asset_8571,0.9042692805633136,1,1,T1486
asset_8572,0.0033104508114895,0,0,T1486
asset_8573,0.9042692805633136,1,0,T1486
asset_8574,0.9042692805633136,1,1,T1486
asset_8575,0.0033104508115868,0,1,T1486
asset_8576,0.9042692805633136,1,1,T1486
asset_8577,0.0033104508115225,0,0,T1486
asset_8578,0.9042692805633136,1,1,T1486
asset_8579,0.9042692805633136,1,1,T1486
asset_8580,0.9042692805633136,1,1,T1486
asset_8581,0.0033104508115333,0,1,T1486
asset_8582,0.9042692805633136,1,0,T1486
asset_8583,0.0033104508115333,0,1,T1486
asset_8584,0.0033104508115316,0,1,T1486
asset_8585,0.9042692805633136,1,1,T1486
asset_8586,0.0033104508115225,0,0,T1486
asset_8587,0.9042692805633136,1,1,T1486
asset_8588,0.0033104508114935,0,0,T1486
asset_8589,0.0033104508115333,0,0,T1486
asset_8590,0.9042692805633136,1,0,T1486
asset_8591,0.0033104508115333,0,1,T1486
asset_8592,0.0033104508115333,0,0,T1486
asset_8593,0.9042692805633136,1,0,T1486
asset_8594,0.9042692805633136,1,1,T1486
asset_8595,0.9042692805633136,1,1,T1486
asset_8596,0.0033804806989038,0,0,T1486
asset_8597,0.0033104508115333,0,0,T1486
asset_8598,0.003310450811466,0,1,T1486
asset_8599,0.9042692805633136,1,0,T1486
asset_8600,0.0033104508115309,0,0,T1486
asset_8601,0.0033104508114785,0,0,T1486
asset_8602,0.0033104508115333,0,0,T1486
asset_8603,0.0033104508115333,0,0,T1486
asset_8604,0.9042692805633136,1,1,T1486
asset_8605,0.0033104508115205,0,1,T1486
asset_8606,0.0033104508115333,0,1,T1486
asset_8607,0.9042692805633136,1,0,T1486
asset_8608,0.0033104508115018,0,1,T1486
asset_8609,0.9042692805633136,1,0,T1486
asset_8610,0.9042692805633136,1,1,T1486
asset_8611,0.0033104508115205,0,1,T1486
asset_8612,0.9042692805633136,1,1,T1486
asset_8613,0.9042692805633136,1,1,T1486
asset_8614,0.0033104508115201,0,1,T1486
asset_8615,0.9042692805633136,1,1,T1486
asset_8616,0.9042692805633136,1,0,T1486
asset_8617,0.9042692805633136,1,0,T1486
asset_8618,0.9042692805633136,1,0,T1486
asset_8619,0.9042692805633136,1,0,T1486
asset_8620,0.0033104508115309,0,1,T1486
asset_8621,0.9042692805633136,1,1,T1486
asset_8622,0.9042692805633136,1,0,T1486
asset_8623,0.9042692805633136,1,0,T1486
asset_8624,0.0033104508115225,0,0,T1486
asset_8625,0.0033104508114616,0,1,T1486
asset_8626,0.0033104508115201,0,0,T1486
asset_8627,0.9042692805633136,1,0,T1486
asset_8628,0.0033104508115333,0,1,T1486
asset_8629,0.9042692805633136,1,0,T1486
asset_8630,0.9042692805633136,1,0,T1486
asset_8631,0.9042692805633136,1,1,T1486
asset_8632,0.9042692805633136,1,0,T1486
asset_8633,0.9042692805633136,1,1,T1486
asset_8634,0.9042692805633136,1,1,T1486
asset_8635,0.9042692805633136,1,1,T1486
asset_8636,0.9042692805633136,1,0,T1486
asset_8637,0.0033104508115333,0,0,T1486
asset_8638,0.0033104508115333,0,1,T1486
asset_8639,0.9042692805633136,1,1,T1486
asset_8640,0.9042692805633136,1,1,T1486
asset_8641,0.0033104508114935,0,1,T1486
asset_8642,0.9042692805633136,1,0,T1486
asset_8643,0.0033804652151763,0,1,T1486
asset_8644,0.9042692805633136,1,0,T1486
asset_8645,0.9042692805633136,1,1,T1486
asset_8646,0.9042692805633136,1,0,T1486
asset_8647,0.9042692805633136,1,1,T1486
asset_8648,0.0033104508114897,0,0,T1486
asset_8649,0.003310450811466,0,0,T1486
asset_8650,0.9042692805633136,1,0,T1486
asset_8651,0.0033104508115318,0,0,T1486
asset_8652,0.9042692805633136,1,0,T1486
asset_8653,0.9042692805633136,1,0,T1486
asset_8654,0.9042692805633136,1,0,T1486
asset_8655,0.9042692805633136,1,1,T1486
asset_8656,0.0037873349811709,0,1,T1486
asset_8657,0.9042692805633136,1,1,T1486
asset_8658,0.0033104508115058,0,0,T1486
asset_8659,0.0033104508115293,0,0,T1486
asset_8660,0.0033104508115333,0,0,T1486
asset_8661,0.0033104481083634,0,1,T1486
asset_8662,0.9042692805633136,1,0,T1486
asset_8663,0.9042692805633136,1,0,T1486
asset_8664,0.0033104508115333,0,1,T1486
asset_8665,0.9042692805633136,1,0,T1486
asset_8666,0.9042692805633136,1,0,T1486
asset_8667,0.0033104499683465,0,0,T1486
asset_8668,0.9042692805633136,1,0,T1486
asset_8669,0.9042692805633136,1,0,T1486
asset_8670,0.0033104508115333,0,1,T1486
asset_8671,0.9042692805633136,1,0,T1486
asset_8672,0.0033104508114889,0,1,T1486
asset_8673,0.0033104508115333,0,0,T1486
asset_8674,0.9042692805633136,1,0,T1486
asset_8675,0.9042692805633136,1,1,T1486
asset_8676,0.0033104508115333,0,0,T1486
asset_8677,0.0033104508115271,0,0,T1486
asset_8678,0.9042692805633136,1,1,T1486
asset_8679,0.9042692805633136,1,1,T1486
asset_8680,0.9042692805633136,1,0,T1486
asset_8681,0.9042692805633136,1,0,T1486
asset_8682,0.0038348346312891,0,0,T1486
asset_8683,0.9042692805633136,1,1,T1486
asset_8684,0.9042692805633136,1,0,T1486
asset_8685,0.9042692805633136,1,0,T1486
asset_8686,0.9042692805633136,1,0,T1486
asset_8687,0.003310448584853,0,0,T1486
asset_8688,0.0033104508115333,0,1,T1486
asset_8689,0.0033104508115201,0,1,T1486
asset_8690,0.9042692805633136,1,0,T1486
asset_8691,0.9042692805633136,1,1,T1486
asset_8692,0.0033104508115333,0,0,T1486
asset_8693,0.9042692805633136,1,0,T1486
asset_8694,0.9042692805633136,1,0,T1486
asset_8695,0.0033104508115758,0,0,T1486
asset_8696,0.0033104508115225,0,0,T1486
asset_8697,0.0033104508115333,0,0,T1486
asset_8698,0.0033104508115309,0,0,T1486
asset_8699,0.0033104508115333,0,0,T1486
asset_8700,0.0033104508115333,0,1,T1486
asset_8701,0.0033104508115294,0,1,T1486
asset_8702,0.0033104508115333,0,1,T1486
asset_8703,0.9042692805633136,1,0,T1486
asset_8704,0.9042692805633136,1,1,T1486
asset_8705,0.9042692805633136,1,0,T1486
asset_8706,0.9042692805633136,1,1,T1486
asset_8707,0.9042692805633136,1,0,T1486
asset_8708,0.0033104508115293,0,0,T1486
asset_8709,0.9042692805633136,1,0,T1486
asset_8710,0.0033104508115271,0,1,T1486
asset_8711,0.9042692805633136,1,0,T1486
asset_8712,0.9042692805633136,1,0,T1486
asset_8713,0.0033104508115333,0,1,T1486
asset_8714,0.0033104508115163,0,0,T1486
asset_8715,0.0033104508115333,0,0,T1486
asset_8716,0.9042692805633136,1,0,T1486
asset_8717,0.9042692805633136,1,0,T1486
asset_8718,0.9042692805633136,1,1,T1486
asset_8719,0.0033104508115333,0,0,T1486
asset_8720,0.0033104508115868,0,0,T1486
asset_8721,0.0033104508115333,0,0,T1486
asset_8722,0.9042692805633136,1,1,T1486
asset_8723,0.9042692805633136,1,0,T1486
asset_8724,0.9042692805633136,1,1,T1486
asset_8725,0.0033104508115333,0,1,T1486
asset_8726,0.9042692805633136,1,1,T1486
asset_8727,0.9042692805633136,1,0,T1486
asset_8728,0.9042692805633136,1,0,T1486
asset_8729,0.9042692805633136,1,0,T1486
asset_8730,0.9042692805633136,1,1,T1486
asset_8731,0.0033104508115333,0,1,T1486
asset_8732,0.9042692805633136,1,0,T1486
asset_8733,0.0033104508115309,0,1,T1486
asset_8734,0.9042692805633136,1,0,T1486
asset_8735,0.0033104508115333,0,0,T1486
asset_8736,0.9042692805633136,1,0,T1486
asset_8737,0.0033104508115333,0,0,T1486
asset_8738,0.9042692805633136,1,1,T1486
asset_8739,0.9042692805633136,1,1,T1486
asset_8740,0.0033104508115333,0,0,T1486
asset_8741,0.0033104508115333,0,0,T1486
asset_8742,0.0033104468656574,0,0,T1486
asset_8743,0.9042692805633136,1,1,T1486
asset_8744,0.9042692805633136,1,1,T1486
asset_8745,0.0033104472641503,0,1,T1486
asset_8746,0.0033104508115225,0,0,T1486
asset_8747,0.9042692805633136,1,0,T1486
asset_8748,0.0033104508115333,0,0,T1486
asset_8749,0.0033104508115333,0,1,T1486
asset_8750,0.9042692805633136,1,0,T1486
asset_8751,0.9042692805633136,1,1,T1486
asset_8752,0.9042692805633136,1,1,T1486
asset_8753,0.0033104499674198,0,1,T1486
asset_8754,0.9042692805633136,1,1,T1486
asset_8755,0.9042692805633136,1,1,T1486
asset_8756,0.9042692805633136,1,0,T1486
asset_8757,0.0033104508115293,0,0,T1486
asset_8758,0.9042692805633136,1,0,T1486
asset_8759,0.9042692805633136,1,1,T1486
asset_8760,0.003310449967819,0,1,T1486
asset_8761,0.9042692805633136,1,1,T1486
asset_8762,0.9042692805633136,1,0,T1486
asset_8763,0.0033104508114616,0,1,T1486
asset_8764,0.003310450811521,0,1,T1486
asset_8765,0.0033104508115333,0,0,T1486
asset_8766,0.0033104508115333,0,0,T1486
asset_8767,0.9042692805633136,1,0,T1486
asset_8768,0.0033104508115223,0,1,T1486
asset_8769,0.0033104508115333,0,0,T1486
asset_8770,0.9042692805633136,1,0,T1486
asset_8771,0.0033104508115869,0,1,T1486
asset_8772,0.9042692805633136,1,0,T1486
asset_8773,0.0033104508114824,0,0,T1486
asset_8774,0.0033104508115333,0,0,T1486
asset_8775,0.9042692805633136,1,0,T1486
asset_8776,0.9042692805633136,1,0,T1486
asset_8777,0.0033104508115333,0,1,T1486
asset_8778,0.0033104508115333,0,1,T1486
asset_8779,0.0033104508115333,0,1,T1486
asset_8780,0.0033104508115097,0,0,T1486
asset_8781,0.9042692805633136,1,0,T1486
asset_8782,0.9042692805633136,1,0,T1486
asset_8783,0.0033104508115333,0,1,T1486
asset_8784,0.9042692805633136,1,0,T1486
asset_8785,0.9042692805633136,1,1,T1486
asset_8786,0.0033104508115333,0,1,T1486
asset_8787,0.9042692805633136,1,0,T1486
asset_8788,0.9042692805633136,1,1,T1486
asset_8789,0.9042692805633136,1,0,T1486
asset_8790,0.0033104508115293,0,1,T1486
asset_8791,0.9042692805633136,1,0,T1486
asset_8792,0.0033104508115201,0,0,T1486
asset_8793,0.9042692805633136,1,1,T1486
asset_8794,0.9042692805633136,1,0,T1486
asset_8795,0.0033104508115333,0,1,T1486
asset_8796,0.0033104508115333,0,1,T1486
asset_8797,0.0033104508115055,0,1,T1486
asset_8798,0.9042692805633136,1,0,T1486
asset_8799,0.0033104508115333,0,1,T1486
asset_8800,0.0033104508115333,0,0,T1486
asset_8801,0.0033104508115869,0,1,T1486
asset_8802,0.9042692805633136,1,0,T1486
asset_8803,0.9042692805633136,1,0,T1486
asset_8804,0.0033104508115333,0,0,T1486
asset_8805,0.0033104508115284,0,0,T1486
asset_8806,0.9042692805633136,1,0,T1486
asset_8807,0.9042692805633136,1,1,T1486
asset_8808,0.0033104472641503,0,0,T1486
asset_8809,0.0033104508115061,0,0,T1486
asset_8810,0.0033104508115868,0,1,T1486
asset_8811,0.9042692805633136,1,0,T1486
asset_8812,0.9042692805633136,1,0,T1486
asset_8813,0.9042692805633136,1,0,T1486
asset_8814,0.0033104508115333,0,0,T1486
asset_8815,0.9042692805633136,1,1,T1486
asset_8816,0.9042692805633136,1,0,T1486
asset_8817,0.0033104508115333,0,1,T1486
asset_8818,0.9042692805633136,1,1,T1486
asset_8819,0.9042692805633136,1,0,T1486
asset_8820,0.0033104508115225,0,1,T1486
asset_8821,0.0033104508115333,0,0,T1486
asset_8822,0.9042692805633136,1,1,T1486
asset_8823,0.0033104508115333,0,0,T1486
asset_8824,0.0033104508115333,0,1,T1486
asset_8825,0.0033104508115225,0,0,T1486
asset_8826,0.0033104508115333,0,1,T1486
asset_8827,0.9042692805633136,1,0,T1486
asset_8828,0.9042692805633136,1,1,T1486
asset_8829,0.0033104508115333,0,0,T1486
asset_8830,0.0033104508115869,0,1,T1486
asset_8831,0.0033104469826889,0,1,T1486
asset_8832,0.0033104508115309,0,0,T1486
asset_8833,0.0034876895567274,0,1,T1486
asset_8834,0.0033104508115333,0,0,T1486
asset_8835,0.0033104508115333,0,0,T1486
asset_8836,0.0033104508115333,0,0,T1486
asset_8837,0.9042692805633136,1,1,T1486
asset_8838,0.9042692805633136,1,0,T1486
asset_8839,0.9042692805633136,1,1,T1486
asset_8840,0.9042692805633136,1,0,T1486
asset_8841,0.0033104508115333,0,0,T1486
asset_8842,0.0033104508115309,0,1,T1486
asset_8843,0.0033104508114616,0,0,T1486
asset_8844,0.9042692805633136,1,1,T1486
asset_8845,0.9042692805633136,1,0,T1486
asset_8846,0.9042692805633136,1,1,T1486
asset_8847,0.9042692805633136,1,0,T1486
asset_8848,0.0033104508115333,0,0,T1486
asset_8849,0.0033104508115869,0,1,T1486
asset_8850,0.9042692805633136,1,1,T1486
asset_8851,0.9042692805633136,1,1,T1486
asset_8852,0.0033104508115293,0,0,T1486
asset_8853,0.9042692805633136,1,0,T1486
asset_8854,0.9042692805633136,1,1,T1486
asset_8855,0.9042692805633136,1,1,T1486
asset_8856,0.9042692805633136,1,1,T1486
asset_8857,0.9042692805633136,1,0,T1486
asset_8858,0.9042692805633136,1,1,T1486
asset_8859,0.9042692805633136,1,1,T1486
asset_8860,0.0033104508115225,0,0,T1486
asset_8861,0.9042692805633136,1,0,T1486
asset_8862,0.9042692805633136,1,1,T1486
asset_8863,0.0033104508115333,0,0,T1486
asset_8864,0.0033104508115333,0,0,T1486
asset_8865,0.9042692805633136,1,1,T1486
asset_8866,0.0033104508115294,0,1,T1486
asset_8867,0.9042692805633136,1,1,T1486
asset_8868,0.0033104508115333,0,0,T1486
asset_8869,0.9042692805633136,1,1,T1486
asset_8870,0.9042692805633136,1,1,T1486
asset_8871,0.9042692805633136,1,1,T1486
asset_8872,0.0033104508115333,0,0,T1486
asset_8873,0.0033104508115333,0,0,T1486
asset_8874,0.0033104508115333,0,1,T1486
asset_8875,0.9042692805633136,1,1,T1486
asset_8876,0.9042692805633136,1,0,T1486
asset_8877,0.0033104508115333,0,1,T1486
asset_8878,0.9042692805633136,1,1,T1486
asset_8879,0.9042692805633136,1,1,T1486
asset_8880,0.0033104508115333,0,1,T1486
asset_8881,0.9042692805633136,1,0,T1486
asset_8882,0.9042692805633136,1,0,T1486
asset_8883,0.0033104508115333,0,0,T1486
asset_8884,0.9042692805633136,1,0,T1486
asset_8885,0.0033104508115309,0,1,T1486
asset_8886,0.0033104462285538,0,0,T1486
asset_8887,0.0033104508115333,0,0,T1486
asset_8888,0.0033104508115333,0,0,T1486
asset_8889,0.9042692805633136,1,0,T1486
asset_8890,0.9042692805633136,1,0,T1486
asset_8891,0.0033104508115333,0,0,T1486
asset_8892,0.0033104508115333,0,1,T1486
asset_8893,0.9042692805633136,1,0,T1486
asset_8894,0.0033104508115333,0,0,T1486
asset_8895,0.0033104468656574,0,1,T1486
asset_8896,0.9042692805633136,1,1,T1486
asset_8897,0.0033104508115333,0,1,T1486
asset_8898,0.0033104508115868,0,1,T1486
asset_8899,0.9042692805633136,1,0,T1486
asset_8900,0.9042692805633136,1,0,T1486
asset_8901,0.9042692805633136,1,1,T1486
asset_8902,0.9042692805633136,1,1,T1486
asset_8903,0.0033104508121311,0,1,T1486
asset_8904,0.0033104508115333,0,0,T1486
asset_8905,0.0033104508115333,0,0,T1486
asset_8906,0.0033454925291896,0,0,T1486
asset_8907,0.0033104499672667,0,0,T1486
asset_8908,0.9042692805633136,1,0,T1486
asset_8909,0.0033104508115333,0,1,T1486
asset_8910,0.0033104508115333,0,1,T1486
asset_8911,0.9042692805633136,1,1,T1486
asset_8912,0.0033104508115333,0,0,T1486
asset_8913,0.0033104508115333,0,0,T1486
asset_8914,0.0033104508115225,0,1,T1486
asset_8915,0.9042692805633136,1,1,T1486
asset_8916,0.0033104508115333,0,0,T1486
asset_8917,0.0033104508115333,0,0,T1486
asset_8918,0.0033104508115333,0,0,T1486
asset_8919,0.0033104508115869,0,0,T1486
asset_8920,0.0033104508115333,0,1,T1486
asset_8921,0.0033104508115333,0,0,T1486
asset_8922,0.0033104508115333,0,0,T1486
asset_8923,0.9042692805633136,1,0,T1486
asset_8924,0.0033104508114786,0,1,T1486
asset_8925,0.9042692805633136,1,1,T1486
asset_8926,0.0033104508115333,0,0,T1486
asset_8927,0.9042692805633136,1,0,T1486
asset_8928,0.9042692805633136,1,0,T1486
asset_8929,0.0033104508115097,0,1,T1486
asset_8930,0.0033104508115333,0,0,T1486
asset_8931,0.0033104508114895,0,0,T1486
asset_8932,0.9042692805633136,1,1,T1486
asset_8933,0.9042692805633136,1,0,T1486
asset_8934,0.9042692805633136,1,0,T1486
asset_8935,0.9042692805633136,1,0,T1486
asset_8936,0.9042692805633136,1,1,T1486
asset_8937,0.0033104508114552,0,0,T1486
asset_8938,0.0033104508115333,0,0,T1486
asset_8939,0.9042692805633136,1,0,T1486
asset_8940,0.0033104508115333,0,0,T1486
asset_8941,0.9042692805633136,1,0,T1486
asset_8942,0.9042692805633136,1,0,T1486
asset_8943,0.9042692805633136,1,1,T1486
asset_8944,0.9042692805633136,1,0,T1486
asset_8945,0.9042692805633136,1,1,T1486
asset_8946,0.0033104508115333,0,0,T1486
asset_8947,0.0033104508114785,0,0,T1486
asset_8948,0.0033104508115333,0,1,T1486
asset_8949,0.9042692805633136,1,0,T1486
asset_8950,0.0033104508115333,0,1,T1486
asset_8951,0.9042692805633136,1,1,T1486
asset_8952,0.9042692805633136,1,0,T1486
asset_8953,0.9042692805633136,1,0,T1486
asset_8954,0.9042692805633136,1,0,T1486
asset_8955,0.9042692805633136,1,1,T1486
asset_8956,0.9042692805633136,1,0,T1486
asset_8957,0.9042692805633136,1,0,T1486
asset_8958,0.9042692805633136,1,0,T1486
asset_8959,0.9042692805633136,1,1,T1486
asset_8960,0.0033104508115868,0,0,T1486
asset_8961,0.0033104508115225,0,1,T1486
asset_8962,0.0033104508115333,0,0,T1486
asset_8963,0.0033104508115333,0,0,T1486
asset_8964,0.0033104508115843,0,0,T1486
asset_8965,0.0033104508115012,0,1,T1486
asset_8966,0.9042692805633136,1,0,T1486
asset_8967,0.9042692805633136,1,0,T1486
asset_8968,0.9042692805633136,1,0,T1486
asset_8969,0.9042692805633136,1,0,T1486
asset_8970,0.0033104508115333,0,1,T1486
asset_8971,0.0033104508115333,0,1,T1486
asset_8972,0.0033104508115333,0,1,T1486
asset_8973,0.0033104508115333,0,1,T1486
asset_8974,0.9042692805633136,1,1,T1486
asset_8975,0.0033104508115333,0,0,T1486
asset_8976,0.0033104508115186,0,0,T1486
asset_8977,0.9042692805633136,1,1,T1486
asset_8978,0.9042692805633136,1,0,T1486
asset_8979,0.9042692805633136,1,1,T1486
asset_8980,0.0033104508115333,0,0,T1486
asset_8981,0.9042692805633136,1,1,T1486
asset_8982,0.9042692805633136,1,1,T1486
asset_8983,0.0033104508115869,0,1,T1486
asset_8984,0.0033104508115333,0,0,T1486
asset_8985,0.0033104508115205,0,1,T1486
asset_8986,0.9042692805633136,1,1,T1486
asset_8987,0.9042692805633136,1,1,T1486
asset_8988,0.9042692805633136,1,1,T1486
asset_8989,0.9042692805633136,1,0,T1486
asset_8990,0.9042692805633136,1,1,T1486
asset_8991,0.0033104508115333,0,1,T1486
asset_8992,0.0041206952685782,0,0,T1486
asset_8993,0.9042692805633136,1,0,T1486
asset_8994,0.9042692805633136,1,1,T1486
asset_8995,0.9042692805633136,1,0,T1486
asset_8996,0.0033104508115293,0,1,T1486
asset_8997,0.9042692805633136,1,0,T1486
asset_8998,0.9042692805633136,1,0,T1486
asset_8999,0.0033104508115333,0,0,T1486
asset_9000,0.0033104508115869,0,0,T1486
asset_9001,0.9042692805633136,1,1,T1486
asset_9002,0.0033104508115333,0,0,T1486
asset_9003,0.9042692805633136,1,1,T1486
asset_9004,0.9042692805633136,1,0,T1486
asset_9005,0.9042692805633136,1,1,T1486
asset_9006,0.0033104508114618,0,1,T1486
asset_9007,0.9042692805633136,1,1,T1486
asset_9008,0.0033104508115333,0,1,T1486
asset_9009,0.9042692805633136,1,1,T1486
asset_9010,0.9042692805633136,1,0,T1486
asset_9011,0.0033104508115333,0,1,T1486
asset_9012,0.0033104508115333,0,1,T1486
asset_9013,0.0033104508115309,0,1,T1486
asset_9014,0.9042692805633136,1,1,T1486
asset_9015,0.0033104508115333,0,0,T1486
asset_9016,0.9042692805633136,1,1,T1486
asset_9017,0.0037873349811709,0,1,T1486
asset_9018,0.9042692805633136,1,0,T1486
asset_9019,0.9042692805633136,1,1,T1486
asset_9020,0.0033104508115333,0,0,T1486
asset_9021,0.9042692805633136,1,0,T1486
asset_9022,0.9042692805633136,1,0,T1486
asset_9023,0.9042692805633136,1,0,T1486
asset_9024,0.9042692805633136,1,1,T1486
asset_9025,0.0033104508115205,0,1,T1486
asset_9026,0.9042692805633136,1,0,T1486
asset_9027,0.0033104508116689,0,1,T1486
asset_9028,0.9042692805633136,1,0,T1486
asset_9029,0.003310450811489,0,1,T1486
asset_9030,0.0033104508115225,0,1,T1486
asset_9031,0.9042692805633136,1,0,T1486
asset_9032,0.0033104508115333,0,0,T1486
asset_9033,0.0033104508115333,0,0,T1486
asset_9034,0.0033104508115333,0,1,T1486
asset_9035,0.0033104508115333,0,0,T1486
asset_9036,0.0033104508115333,0,1,T1486
asset_9037,0.9042692805633136,1,0,T1486
asset_9038,0.0033104508115309,0,0,T1486
asset_9039,0.9042692805633136,1,1,T1486
asset_9040,0.9042692805633136,1,0,T1486
asset_9041,0.9042692805633136,1,1,T1486
asset_9042,0.9042692805633136,1,0,T1486
asset_9043,0.0033104508115205,0,1,T1486
asset_9044,0.0033104508115333,0,0,T1486
asset_9045,0.0033104508115205,0,1,T1486
asset_9046,0.0033104508115333,0,0,T1486
asset_9047,0.0033104508115869,0,1,T1486
asset_9048,0.9042692805633136,1,1,T1486
asset_9049,0.9042692805633136,1,0,T1486
asset_9050,0.9042692805633136,1,0,T1486
asset_9051,0.9042692805633136,1,0,T1486
asset_9052,0.0033104508115061,0,0,T1486
asset_9053,0.0033104508115333,0,0,T1486
asset_9054,0.9042692805633136,1,1,T1486
asset_9055,0.9042692805633136,1,1,T1486
asset_9056,0.0033104508115333,0,0,T1486
asset_9057,0.9042692805633136,1,0,T1486
asset_9058,0.9042692805633136,1,1,T1486
asset_9059,0.0033104508115868,0,1,T1486
asset_9060,0.0033104508115333,0,1,T1486
asset_9061,0.9042692805633136,1,0,T1486
asset_9062,0.0033104508115333,0,0,T1486
asset_9063,0.0033104508115309,0,1,T1486
asset_9064,0.0033104508115333,0,0,T1486
asset_9065,0.0033104508115333,0,1,T1486
asset_9066,0.9042692805633136,1,1,T1486
asset_9067,0.9042692805633136,1,0,T1486
asset_9068,0.9042692805633136,1,0,T1486
asset_9069,0.0033104508115333,0,1,T1486
asset_9070,0.9042692805633136,1,1,T1486
asset_9071,0.0033104508115333,0,1,T1486
asset_9072,0.9042692805633136,1,1,T1486
asset_9073,0.9042692805633136,1,0,T1486
asset_9074,0.0033104508115333,0,1,T1486
asset_9075,0.9042692805633136,1,0,T1486
asset_9076,0.9042692805633136,1,1,T1486
asset_9077,0.9042692805633136,1,1,T1486
asset_9078,0.0033104508115294,0,1,T1486
asset_9079,0.9042692805633136,1,0,T1486
asset_9080,0.9042692805633136,1,0,T1486
asset_9081,0.0033104508115225,0,1,T1486
asset_9082,0.0033104508115225,0,1,T1486
asset_9083,0.9042692805633136,1,1,T1486
asset_9084,0.9042692805633136,1,1,T1486
asset_9085,0.9042692805633136,1,0,T1486
asset_9086,0.0033104508115333,0,0,T1486
asset_9087,0.0033104508115333,0,1,T1486
asset_9088,0.0033104508115333,0,0,T1486
asset_9089,0.0033104508115205,0,0,T1486
asset_9090,0.9042692805633136,1,1,T1486
asset_9091,0.0033104508115333,0,1,T1486
asset_9092,0.9042692805633136,1,1,T1486
asset_9093,0.0033104508115333,0,1,T1486
asset_9094,0.9042692805633136,1,0,T1486
asset_9095,0.003310450811489,0,0,T1486
asset_9096,0.9042692805633136,1,1,T1486
asset_9097,0.9042692805633136,1,0,T1486
asset_9098,0.9042692805633136,1,1,T1486
asset_9099,0.9042692805633136,1,0,T1486
asset_9100,0.9042692805633136,1,1,T1486
asset_9101,0.9042692805633136,1,0,T1486
asset_9102,0.9042692805633136,1,0,T1486
asset_9103,0.9042692805633136,1,1,T1486
asset_9104,0.9042692805633136,1,1,T1486
asset_9105,0.9042692805633136,1,1,T1486
asset_9106,0.003310450811489,0,1,T1486
asset_9107,0.9042692805633136,1,1,T1486
asset_9108,0.0033104508114618,0,0,T1486
asset_9109,0.0033104508115333,0,1,T1486
asset_9110,0.9042692805633136,1,0,T1486
asset_9111,0.0033454389817491,0,0,T1486
asset_9112,0.003310450811489,0,1,T1486
asset_9113,0.9042692805633136,1,0,T1486
asset_9114,0.0033104508115333,0,1,T1486
asset_9115,0.0033104508115333,0,0,T1486
asset_9116,0.0033104508115333,0,1,T1486
asset_9117,0.0033104508115333,0,0,T1486
asset_9118,0.0033104508115333,0,1,T1486
asset_9119,0.0033104508115333,0,1,T1486
asset_9120,0.0033104508115309,0,0,T1486
asset_9121,0.9042692805633136,1,1,T1486
asset_9122,0.0033104508114933,0,0,T1486
asset_9123,0.0033104508115333,0,0,T1486
asset_9124,0.9042692805633136,1,0,T1486
asset_9125,0.9042692805633136,1,0,T1486
asset_9126,0.9042692805633136,1,0,T1486
asset_9127,0.9042692805633136,1,0,T1486
asset_9128,0.9042692805633136,1,0,T1486
asset_9129,0.0033104508115333,0,1,T1486
asset_9130,0.0033104508115225,0,0,T1486
asset_9131,0.0033104508115843,0,1,T1486
asset_9132,0.9042692805633136,1,0,T1486
asset_9133,0.9042692805633136,1,1,T1486
asset_9134,0.0033104508115293,0,1,T1486
asset_9135,0.0033104508115333,0,1,T1486
asset_9136,0.0033104508115333,0,0,T1486
asset_9137,0.0033104508114893,0,1,T1486
asset_9138,0.0033104508115309,0,1,T1486
asset_9139,0.9042692805633136,1,1,T1486
asset_9140,0.9042692805633136,1,0,T1486
asset_9141,0.9042692805633136,1,0,T1486
asset_9142,0.0037873349811709,0,0,T1486
asset_9143,0.0033104508115205,0,0,T1486
asset_9144,0.0033104508115294,0,0,T1486
asset_9145,0.9042692805633136,1,0,T1486
asset_9146,0.9042692805633136,1,0,T1486
asset_9147,0.0033104508115309,0,0,T1486
asset_9148,0.9042692805633136,1,0,T1486
asset_9149,0.0033104508115309,0,1,T1486
asset_9150,0.0033104508115333,0,0,T1486
asset_9151,0.9042692805633136,1,1,T1486
asset_9152,0.0033104508115333,0,0,T1486
asset_9153,0.9042692805633136,1,0,T1486
asset_9154,0.9042692805633136,1,1,T1486
asset_9155,0.9042692805633136,1,1,T1486
asset_9156,0.9042692805633136,1,0,T1486
asset_9157,0.0033104508115333,0,0,T1486
asset_9158,0.0033104508115333,0,0,T1486
asset_9159,0.9042692805633136,1,0,T1486
asset_9160,0.9042692805633136,1,1,T1486
asset_9161,0.0033804806989038,0,1,T1486
asset_9162,0.9042692805633136,1,1,T1486
asset_9163,0.9042692805633136,1,0,T1486
asset_9164,0.9042692805633136,1,1,T1486
asset_9165,0.9042692805633136,1,0,T1486
asset_9166,0.9042692805633136,1,0,T1486
asset_9167,0.0033104508115021,0,0,T1486
asset_9168,0.9042692805633136,1,1,T1486
asset_9169,0.0033104508115333,0,1,T1486
asset_9170,0.0033104508115333,0,1,T1486
asset_9171,0.9042692805633136,1,0,T1486
asset_9172,0.0033104508115055,0,1,T1486
asset_9173,0.0033104508115333,0,0,T1486
asset_9174,0.0033104508115318,0,0,T1486
asset_9175,0.0033104508115333,0,0,T1486
asset_9176,0.9042692805633136,1,1,T1486
asset_9177,0.9042692805633136,1,0,T1486
asset_9178,0.9042692805633136,1,1,T1486
asset_9179,0.9042692805633136,1,1,T1486
asset_9180,0.0033104508115146,0,0,T1486
asset_9181,0.0033104508115318,0,0,T1486
asset_9182,0.9042692805633136,1,0,T1486
asset_9183,0.9042692805633136,1,1,T1486
asset_9184,0.0033104457881829,0,1,T1486
asset_9185,0.0033104508114616,0,0,T1486
asset_9186,0.0033104508115333,0,0,T1486
asset_9187,0.0033104508115333,0,0,T1486
asset_9188,0.9042692805633136,1,1,T1486
asset_9189,0.0033104508115869,0,0,T1486
asset_9190,0.9042692805633136,1,0,T1486
asset_9191,0.0033104508114787,0,1,T1486
asset_9192,0.0033104508115293,0,1,T1486
asset_9193,0.9042692805633136,1,0,T1486
asset_9194,0.9042692805633136,1,0,T1486
asset_9195,0.0033104508115333,0,1,T1486
asset_9196,0.9042692805633136,1,1,T1486
asset_9197,0.0033104508115333,0,1,T1486
asset_9198,0.9042692805633136,1,1,T1486
asset_9199,0.0033104508115333,0,0,T1486
asset_9200,0.9042692805633136,1,1,T1486
asset_9201,0.9042692805633136,1,0,T1486
asset_9202,0.0033104508115333,0,1,T1486
asset_9203,0.0033104508116791,0,0,T1486
asset_9204,0.0033104508115333,0,0,T1486
asset_9205,0.0033104508115205,0,0,T1486
asset_9206,0.9042692805633136,1,0,T1486
asset_9207,0.9042692805633136,1,0,T1486
asset_9208,0.0033104508115333,0,1,T1486
asset_9209,0.9042692805633136,1,0,T1486
asset_9210,0.0033104508115333,0,1,T1486
asset_9211,0.0033104508115333,0,0,T1486
asset_9212,0.9042692805633136,1,0,T1486
asset_9213,0.0033104508115097,0,0,T1486
asset_9214,0.9042692805633136,1,1,T1486
asset_9215,0.0033104508115333,0,0,T1486
asset_9216,0.9042692805633136,1,1,T1486
asset_9217,0.0033104508115333,0,0,T1486
asset_9218,0.0033104508115333,0,0,T1486
asset_9219,0.9042692805633136,1,0,T1486
asset_9220,0.9042692805633136,1,0,T1486
asset_9221,0.0033104508115225,0,1,T1486
asset_9222,0.0033104508115333,0,0,T1486
asset_9223,0.0033104508115333,0,1,T1486
asset_9224,0.9042692805633136,1,0,T1486
asset_9225,0.9042692805633136,1,1,T1486
asset_9226,0.9042692805633136,1,1,T1486
asset_9227,0.9042692805633136,1,0,T1486
asset_9228,0.9042692805633136,1,1,T1486
asset_9229,0.0033104508115309,0,0,T1486
asset_9230,0.0033104508115333,0,1,T1486
asset_9231,0.9042692805633136,1,1,T1486
asset_9232,0.0033104508115333,0,1,T1486
asset_9233,0.0033104508115333,0,0,T1486
asset_9234,0.9042692805633136,1,1,T1486
asset_9235,0.0033104508115333,0,0,T1486
asset_9236,0.0033104508115333,0,0,T1486
asset_9237,0.0033104508115333,0,0,T1486
asset_9238,0.0033104508115333,0,0,T1486
asset_9239,0.9042692805633136,1,0,T1486
asset_9240,0.0033104508115868,0,1,T1486
asset_9241,0.0033104508115333,0,1,T1486
asset_9242,0.0033104508114616,0,0,T1486
asset_9243,0.0033104508115333,0,1,T1486
asset_9244,0.9042692805633136,1,1,T1486
asset_9245,0.0033104508115333,0,0,T1486
asset_9246,0.0033104508116791,0,0,T1486
asset_9247,0.0033104508115333,0,0,T1486
asset_9248,0.0033104508115333,0,0,T1486
asset_9249,0.9042692805633136,1,0,T1486
asset_9250,0.9042692805633136,1,0,T1486
asset_9251,0.9042692805633136,1,0,T1486
asset_9252,0.0033104508115868,0,1,T1486
asset_9253,0.9042692805633136,1,0,T1486
asset_9254,0.0033104508115097,0,0,T1486
asset_9255,0.0033104508115333,0,1,T1486
asset_9256,0.0033104508115097,0,1,T1486
asset_9257,0.9042692805633136,1,0,T1486
asset_9258,0.0033104508115333,0,0,T1486
asset_9259,0.0033104508115037,0,0,T1486
asset_9260,0.0033104508115333,0,0,T1486
asset_9261,0.0033104508115843,0,0,T1486
asset_9262,0.0033104508115225,0,0,T1486
asset_9263,0.9042692805633136,1,1,T1486
asset_9264,0.003310450811489,0,1,T1486
asset_9265,0.0033104508115333,0,1,T1486
asset_9266,0.0033104508115333,0,1,T1486
asset_9267,0.0033104508115868,0,0,T1486
asset_9268,0.0033104508115333,0,0,T1486
asset_9269,0.9042692805633136,1,1,T1486
asset_9270,0.9042692805633136,1,1,T1486
asset_9271,0.9042692805633136,1,1,T1486
asset_9272,0.9042692805633136,1,0,T1486
asset_9273,0.9042692805633136,1,1,T1486
asset_9274,0.9042692805633136,1,1,T1486
asset_9275,0.0037873349811709,0,0,T1486
asset_9276,0.0033104508115868,0,1,T1486
asset_9277,0.0033104508115333,0,1,T1486
asset_9278,0.003310450811466,0,0,T1486
asset_9279,0.0033104508115318,0,0,T1486
asset_9280,0.0033104508115333,0,1,T1486
asset_9281,0.9042692805633136,1,1,T1486
asset_9282,0.9042692805633136,1,1,T1486
asset_9283,0.0033104508115225,0,0,T1486
asset_9284,0.9042692805633136,1,0,T1486
asset_9285,0.0033104508115333,0,1,T1486
asset_9286,0.9042692805633136,1,0,T1486
asset_9287,0.0033104508115333,0,0,T1486
asset_9288,0.9042692805633136,1,1,T1486
asset_9289,0.0033104508115333,0,0,T1486
asset_9290,0.9042692805633136,1,1,T1486
asset_9291,0.0033104508115294,0,1,T1486
asset_9292,0.9042692805633136,1,0,T1486
asset_9293,0.0033104508115333,0,1,T1486
asset_9294,0.003310450811489,0,0,T1486
asset_9295,0.9042692805633136,1,1,T1486
asset_9296,0.9042692805633136,1,1,T1486
asset_9297,0.9042692805633136,1,0,T1486
asset_9298,0.0033104508115333,0,0,T1486
asset_9299,0.0033104490933179,0,0,T1486
asset_9300,0.0033104389333239,0,0,T1486
asset_9301,0.0033104508115333,0,1,T1486
asset_9302,0.0033104491359077,0,1,T1486
asset_9303,0.0033104508115309,0,1,T1486
asset_9304,0.0033104508115201,0,0,T1486
asset_9305,0.003310450811489,0,1,T1486
asset_9306,0.0033104508114856,0,1,T1486
asset_9307,0.9042692805633136,1,1,T1486
asset_9308,0.0033104508115333,0,1,T1486
asset_9309,0.9042692805633136,1,1,T1486
asset_9310,0.0033104508115294,0,0,T1486
asset_9311,0.9042692805633136,1,1,T1486
asset_9312,0.9042692805633136,1,1,T1486
asset_9313,0.9042692805633136,1,1,T1486
asset_9314,0.0033104508115333,0,0,T1486
asset_9315,0.9042692805633136,1,0,T1486
asset_9316,0.9042692805633136,1,0,T1486
asset_9317,0.0033104508115333,0,0,T1486
asset_9318,0.0033104508115333,0,0,T1486
asset_9319,0.9042692805633136,1,0,T1486
asset_9320,0.0033104508115333,0,0,T1486
asset_9321,0.9042692805633136,1,0,T1486
asset_9322,0.9042692805633136,1,1,T1486
asset_9323,0.0033104508115333,0,0,T1486
asset_9324,0.0033104508115333,0,0,T1486
asset_9325,0.9042692805633136,1,0,T1486
asset_9326,0.0033104508115333,0,0,T1486
asset_9327,0.0033104508115333,0,0,T1486
asset_9328,0.9042692805633136,1,0,T1486
asset_9329,0.003310450811489,0,0,T1486
asset_9330,0.0033104508115333,0,0,T1486
asset_9331,0.0033104508115316,0,1,T1486
asset_9332,0.9042692805633136,1,0,T1486
asset_9333,0.9042692805633136,1,1,T1486
asset_9334,0.9042692805633136,1,0,T1486
asset_9335,0.9042692805633136,1,0,T1486
asset_9336,0.0033104508115309,0,1,T1486
asset_9337,0.0033104508115333,0,0,T1486
asset_9338,0.9042692805633136,1,0,T1486
asset_9339,0.0033104508115333,0,1,T1486
asset_9340,0.9042692805633136,1,0,T1486
asset_9341,0.0033104508115333,0,0,T1486
asset_9342,0.9042692805633136,1,1,T1486
asset_9343,0.0033104508119878,0,1,T1486
asset_9344,0.0033104508115333,0,0,T1486
asset_9345,0.0033104508115333,0,0,T1486
asset_9346,0.0033104508115333,0,1,T1486
asset_9347,0.9042692805633136,1,0,T1486
asset_9348,0.0033104508115333,0,0,T1486
asset_9349,0.0033104508115049,0,0,T1486
asset_9350,0.9042692805633136,1,1,T1486
asset_9351,0.9042692805633136,1,1,T1486
asset_9352,0.003310450811489,0,0,T1486
asset_9353,0.0033104508115333,0,0,T1486
asset_9354,0.0033104508115333,0,0,T1486
asset_9355,0.9042692805633136,1,1,T1486
asset_9356,0.9042692805633136,1,0,T1486
asset_9357,0.9042692805633136,1,1,T1486
asset_9358,0.9042692805633136,1,1,T1486
asset_9359,0.0033104508115309,0,1,T1486
asset_9360,0.0033104508115294,0,1,T1486
asset_9361,0.9042692805633136,1,0,T1486
asset_9362,0.0033104508135067,0,0,T1486
asset_9363,0.9042692805633136,1,1,T1486
asset_9364,0.0033104508115333,0,0,T1486
asset_9365,0.0033104508115333,0,0,T1486
asset_9366,0.0033104508115333,0,0,T1486
asset_9367,0.0033104508115784,0,0,T1486
asset_9368,0.0033104508115061,0,0,T1486
asset_9369,0.9042692805633136,1,0,T1486
asset_9370,0.9042692805633136,1,1,T1486
asset_9371,0.0033104508115333,0,0,T1486
asset_9372,0.9042692805633136,1,1,T1486
asset_9373,0.9042692805633136,1,1,T1486
asset_9374,0.0033104508115309,0,0,T1486
asset_9375,0.9042692805633136,1,0,T1486
asset_9376,0.9042692805633136,1,0,T1486
asset_9377,0.9042692805633136,1,0,T1486
asset_9378,0.0033104508115333,0,1,T1486
asset_9379,0.9042692805633136,1,1,T1486
asset_9380,0.0033104508115293,0,0,T1486
asset_9381,0.9042692805633136,1,0,T1486
asset_9382,0.9042692805633136,1,1,T1486
asset_9383,0.9042692805633136,1,0,T1486
asset_9384,0.0033104508115021,0,1,T1486
asset_9385,0.0033104508115869,0,1,T1486
asset_9386,0.9042692805633136,1,1,T1486
asset_9387,0.9042692805633136,1,1,T1486
asset_9388,0.9042692805633136,1,1,T1486
asset_9389,0.9042692805633136,1,0,T1486
asset_9390,0.0033104508115097,0,0,T1486
asset_9391,0.003310450811489,0,1,T1486
asset_9392,0.9042692805633136,1,1,T1486
asset_9393,0.0033104508115333,0,1,T1486
asset_9394,0.0033104508115333,0,1,T1486
asset_9395,0.0033104508114508,0,1,T1486
asset_9396,0.9042692805633136,1,0,T1486
asset_9397,0.0033104508114616,0,0,T1486
asset_9398,0.0033104508115333,0,1,T1486
asset_9399,0.9042692805633136,1,0,T1486
asset_9400,0.0033104508115333,0,1,T1486
asset_9401,0.0033104508115318,0,0,T1486
asset_9402,0.9042692805633136,1,1,T1486
asset_9403,0.9042692805633136,1,0,T1486
asset_9404,0.9042692805633136,1,0,T1486
asset_9405,0.0033104508115333,0,0,T1486
asset_9406,0.003310450811466,0,1,T1486
asset_9407,0.9042692805633136,1,1,T1486
asset_9408,0.0033104508115333,0,1,T1486
asset_9409,0.9042692805633136,1,0,T1486
asset_9410,0.9042692805633136,1,1,T1486
asset_9411,0.9042692805633136,1,1,T1486
asset_9412,0.9042692805633136,1,0,T1486
asset_9413,0.9042692805633136,1,1,T1486
asset_9414,0.0033104508115333,0,1,T1486
asset_9415,0.9042692805633136,1,0,T1486
asset_9416,0.9042692805633136,1,0,T1486
asset_9417,0.9042692805633136,1,1,T1486
asset_9418,0.9042692805633136,1,0,T1486
asset_9419,0.0033104508115333,0,0,T1486
asset_9420,0.0033104508115333,0,1,T1486
asset_9421,0.9042692805633136,1,1,T1486
asset_9422,0.0033104508115333,0,1,T1486
asset_9423,0.9042692805633136,1,1,T1486
asset_9424,0.0033104508115868,0,0,T1486
asset_9425,0.0033104508115333,0,1,T1486
asset_9426,0.9042692805633136,1,0,T1486
asset_9427,0.0033104508115333,0,0,T1486
asset_9428,0.9042692805633136,1,1,T1486
asset_9429,0.9042692805633136,1,0,T1486
asset_9430,0.0033104508115333,0,0,T1486
asset_9431,0.9042692805633136,1,1,T1486
asset_9432,0.0033104508115333,0,1,T1486
asset_9433,0.9042692805633136,1,0,T1486
asset_9434,0.0033104508115309,0,0,T1486
asset_9435,0.0033104508114889,0,0,T1486
asset_9436,0.0033104508115309,0,1,T1486
asset_9437,0.9042692805633136,1,0,T1486
asset_9438,0.9042692805633136,1,0,T1486
asset_9439,0.9042692805633136,1,1,T1486
asset_9440,0.0033104508115843,0,0,T1486
asset_9441,0.9042692805633136,1,1,T1486
asset_9442,0.9042692805633136,1,1,T1486
asset_9443,0.0033104508115333,0,1,T1486
asset_9444,0.9042692805633136,1,0,T1486
asset_9445,0.9042692805633136,1,1,T1486
asset_9446,0.0033104508115333,0,0,T1486
asset_9447,0.9042692805633136,1,0,T1486
asset_9448,0.9042692805633136,1,0,T1486
asset_9449,0.0033104508115333,0,0,T1486
asset_9450,0.9042692805633136,1,0,T1486
asset_9451,0.9042692805633136,1,1,T1486
asset_9452,0.0033104508115333,0,1,T1486
asset_9453,0.9042692805633136,1,0,T1486
asset_9454,0.9042692805633136,1,1,T1486
asset_9455,0.9042692805633136,1,1,T1486
asset_9456,0.0033104508115309,0,1,T1486
asset_9457,0.0033104508115333,0,0,T1486
asset_9458,0.9042692805633136,1,0,T1486
asset_9459,0.0033104508115333,0,0,T1486
asset_9460,0.0033104508114785,0,1,T1486
asset_9461,0.9042692805633136,1,1,T1486
asset_9462,0.0033104508115333,0,0,T1486
asset_9463,0.9042692805633136,1,0,T1486
asset_9464,0.9042692805633136,1,1,T1486
asset_9465,0.0033104508115225,0,0,T1486
asset_9466,0.9042692805633136,1,0,T1486
asset_9467,0.9042692805633136,1,0,T1486
asset_9468,0.0033104508115333,0,0,T1486
asset_9469,0.9042692805633136,1,0,T1486
asset_9470,0.9042692805633136,1,1,T1486
asset_9471,0.9042692805633136,1,1,T1486
asset_9472,0.0033104508115333,0,1,T1486
asset_9473,0.0033104508115333,0,0,T1486
asset_9474,0.9042692805633136,1,1,T1486
asset_9475,0.9042692805633136,1,1,T1486
asset_9476,0.9042692805633136,1,1,T1486
asset_9477,0.003310450811489,0,1,T1486
asset_9478,0.9042692805633136,1,0,T1486
asset_9479,0.0033104508114785,0,1,T1486
asset_9480,0.0033104508115185,0,0,T1486
asset_9481,0.0033104508115333,0,0,T1486
asset_9482,0.0033104508115333,0,0,T1486
asset_9483,0.0033104508115309,0,1,T1486
asset_9484,0.9042692805633136,1,1,T1486
asset_9485,0.9042692805633136,1,1,T1486
asset_9486,0.9042692805633136,1,0,T1486
asset_9487,0.0033104508115333,0,1,T1486
asset_9488,0.0033104508115333,0,1,T1486
asset_9489,0.9042692805633136,1,0,T1486
asset_9490,0.9042692805633136,1,1,T1486
asset_9491,0.9042692805633136,1,1,T1486
asset_9492,0.9042692805633136,1,0,T1486
asset_9493,0.9042692805633136,1,0,T1486
asset_9494,0.0033104508115333,0,0,T1486
asset_9495,0.0033104508115333,0,1,T1486
asset_9496,0.9042692805633136,1,0,T1486
asset_9497,0.9042692805633136,1,0,T1486
asset_9498,0.9042692805633136,1,1,T1486
asset_9499,0.0033454925291896,0,0,T1486
asset_9500,0.9042692805633136,1,1,T1486
asset_9501,0.0034876895568891,0,0,T1486
asset_9502,0.9042692805633136,1,0,T1486
asset_9503,0.9042692805633136,1,0,T1486
asset_9504,0.9042692805633136,1,1,T1486
asset_9505,0.9042692805633136,1,1,T1486
asset_9506,0.0033804806999925,0,1,T1486
asset_9507,0.9042692805633136,1,0,T1486
asset_9508,0.9042692805633136,1,0,T1486
asset_9509,0.0033104508114824,0,1,T1486
asset_9510,0.9042692805633136,1,1,T1486
asset_9511,0.9042692805633136,1,1,T1486
asset_9512,0.9042692805633136,1,1,T1486
asset_9513,0.9042692805633136,1,0,T1486
asset_9514,0.0033104508115049,0,1,T1486
asset_9515,0.9042692805633136,1,1,T1486
asset_9516,0.9042692805633136,1,0,T1486
asset_9517,0.0033104508115333,0,1,T1486
asset_9518,0.0033104508115333,0,1,T1486
asset_9519,0.0033104508115333,0,0,T1486
asset_9520,0.0033454389830932,0,1,T1486
asset_9521,0.0033104508115196,0,0,T1486
asset_9522,0.9042692805633136,1,0,T1486
asset_9523,0.9042692805633136,1,0,T1486
asset_9524,0.9042692805633136,1,0,T1486
asset_9525,0.0033104508115333,0,0,T1486
asset_9526,0.9042692805633136,1,1,T1486
asset_9527,0.9042692805633136,1,1,T1486
asset_9528,0.0033104508115333,0,0,T1486
asset_9529,0.0033104508115333,0,1,T1486
asset_9530,0.0033104508119878,0,0,T1486
asset_9531,0.0033104508115309,0,1,T1486
asset_9532,0.0033104508115333,0,0,T1486
asset_9533,0.0033104508115309,0,0,T1486
asset_9534,0.9042692805633136,1,0,T1486
asset_9535,0.0033104508115333,0,0,T1486
asset_9536,0.0033104508115318,0,0,T1486
asset_9537,0.9042692805633136,1,1,T1486
asset_9538,0.0033104508115333,0,1,T1486
asset_9539,0.0033104508115333,0,0,T1486
asset_9540,0.9042692805633136,1,1,T1486
asset_9541,0.0033104508115333,0,1,T1486
asset_9542,0.0033104508115293,0,1,T1486
asset_9543,0.0033104508115869,0,1,T1486
asset_9544,0.9042692805633136,1,1,T1486
asset_9545,0.9042692805633136,1,1,T1486
asset_9546,0.0033104508115318,0,0,T1486
asset_9547,0.9042692805633136,1,0,T1486
asset_9548,0.9042692805633136,1,1,T1486
asset_9549,0.9042692805633136,1,0,T1486
asset_9550,0.0033104508114935,0,1,T1486
asset_9551,0.9042692805633136,1,0,T1486
asset_9552,0.9042692805633136,1,1,T1486
asset_9553,0.9042692805633136,1,0,T1486
asset_9554,0.0033104508115333,0,1,T1486
asset_9555,0.0033104508115333,0,1,T1486
asset_9556,0.9042692805633136,1,0,T1486
asset_9557,0.9042692805633136,1,0,T1486
asset_9558,0.9042692805633136,1,0,T1486
asset_9559,0.0033104508115333,0,1,T1486
asset_9560,0.9042692805633136,1,1,T1486
asset_9561,0.0033104508115205,0,0,T1486
asset_9562,0.0033104508115333,0,1,T1486
asset_9563,0.9042692805633136,1,1,T1486
asset_9564,0.9042692805633136,1,1,T1486
asset_9565,0.0033104508115309,0,1,T1486
asset_9566,0.0033104508115843,0,0,T1486
asset_9567,0.0033104508115333,0,0,T1486
asset_9568,0.0033104508115333,0,0,T1486
asset_9569,0.0033104508115309,0,0,T1486
asset_9570,0.003310450811489,0,1,T1486
asset_9571,0.0033104508115333,0,0,T1486
asset_9572,0.9042692805633136,1,1,T1486
asset_9573,0.9042692805633136,1,0,T1486
asset_9574,0.9042692805633136,1,1,T1486
asset_9575,0.0033804806989038,0,0,T1486
asset_9576,0.9042692805633136,1,0,T1486
asset_9577,0.9042692805633136,1,1,T1486
asset_9578,0.0033104508115333,0,0,T1486
asset_9579,0.0033104508115167,0,1,T1486
asset_9580,0.0033104508115333,0,1,T1486
asset_9581,0.9042692805633136,1,0,T1486
asset_9582,0.9042692805633136,1,0,T1486
asset_9583,0.0033104508115333,0,1,T1486
asset_9584,0.003310450811489,0,1,T1486
asset_9585,0.9042692805633136,1,0,T1486
asset_9586,0.9042692805633136,1,1,T1486
asset_9587,0.9042692805633136,1,0,T1486
asset_9588,0.0033104481083634,0,0,T1486
asset_9589,0.9042692805633136,1,0,T1486
asset_9590,0.9042692805633136,1,1,T1486
asset_9591,0.0033104508115333,0,0,T1486
asset_9592,0.0033104508114935,0,0,T1486
asset_9593,0.0033104508115309,0,0,T1486
asset_9594,0.9042692805633136,1,0,T1486
asset_9595,0.9042692805633136,1,0,T1486
asset_9596,0.9042692805633136,1,1,T1486
asset_9597,0.0033104508115333,0,0,T1486
asset_9598,0.0033104508115333,0,0,T1486
asset_9599,0.0033104508115309,0,0,T1486
asset_9600,0.9042692805633136,1,1,T1486
asset_9601,0.0033104508115333,0,0,T1486
asset_9602,0.9042692805633136,1,1,T1486
asset_9603,0.0033104508115333,0,1,T1486
asset_9604,0.9042692805633136,1,0,T1486
asset_9605,0.0033104508115225,0,0,T1486
asset_9606,0.0033104508115097,0,0,T1486
asset_9607,0.9042692805633136,1,1,T1486
asset_9608,0.0033104508115333,0,0,T1486
asset_9609,0.9042692805633136,1,0,T1486
asset_9610,0.0033104508114785,0,1,T1486
asset_9611,0.9042692805633136,1,1,T1486
asset_9612,0.0033104508115333,0,1,T1486
asset_9613,0.9042692805633136,1,1,T1486
asset_9614,0.9042692805633136,1,1,T1486
asset_9615,0.9042692805633136,1,0,T1486
asset_9616,0.0033104508115333,0,0,T1486
asset_9617,0.9042692805633136,1,0,T1486
asset_9618,0.9042692805633136,1,0,T1486
asset_9619,0.0033104508115318,0,0,T1486
asset_9620,0.9042692805633136,1,0,T1486
asset_9621,0.9042692805633136,1,1,T1486
asset_9622,0.0033104508115225,0,0,T1486
asset_9623,0.0033104508115333,0,0,T1486
asset_9624,0.0033104508115333,0,0,T1486
asset_9625,0.0033104508115318,0,1,T1486
asset_9626,0.0033104508115333,0,0,T1486
asset_9627,0.0033104508115333,0,0,T1486
asset_9628,0.9042692805633136,1,0,T1486
asset_9629,0.9042692805633136,1,0,T1486
asset_9630,0.0033104508115287,0,1,T1486
asset_9631,0.9042692805633136,1,0,T1486
asset_9632,0.9042692805633136,1,0,T1486
asset_9633,0.0033104508115185,0,0,T1486
asset_9634,0.9042692805633136,1,1,T1486
asset_9635,0.0033104508115205,0,1,T1486
asset_9636,0.0033104508115185,0,1,T1486
asset_9637,0.0033104508115333,0,0,T1486
asset_9638,0.9042692805633136,1,0,T1486
asset_9639,0.9042692805633136,1,0,T1486
asset_9640,0.9042692805633136,1,0,T1486
asset_9641,0.9042692805633136,1,0,T1486
asset_9642,0.9042692805633136,1,0,T1486
asset_9643,0.0033104508115196,0,1,T1486
asset_9644,0.9042692805633136,1,0,T1486
asset_9645,0.0033104508135067,0,0,T1486
asset_9646,0.0033104508115333,0,0,T1486
asset_9647,0.9042692805633136,1,1,T1486
asset_9648,0.0033104508114677,0,0,T1486
asset_9649,0.0033104508115333,0,1,T1486
asset_9650,0.9042692805633136,1,0,T1486
asset_9651,0.9042692805633136,1,0,T1486
asset_9652,0.9042692805633136,1,1,T1486
asset_9653,0.9042692805633136,1,0,T1486
asset_9654,0.9042692805633136,1,0,T1486
asset_9655,0.9042692805633136,1,0,T1486
asset_9656,0.9042692805633136,1,1,T1486
asset_9657,0.9042692805633136,1,1,T1486
asset_9658,0.9042692805633136,1,0,T1486
asset_9659,0.9042692805633136,1,0,T1486
asset_9660,0.9042692805633136,1,1,T1486
asset_9661,0.9042692805633136,1,1,T1486
asset_9662,0.0033104508115333,0,1,T1486
asset_9663,0.9042692805633136,1,0,T1486
asset_9664,0.003310450811466,0,0,T1486
asset_9665,0.9042692805633136,1,0,T1486
asset_9666,0.0033104508115333,0,1,T1486
asset_9667,0.0033104482481914,0,1,T1486
asset_9668,0.0033104508115333,0,0,T1486
asset_9669,0.0033104508115869,0,0,T1486
asset_9670,0.0033104508122665,0,0,T1486
asset_9671,0.9042692805633136,1,1,T1486
asset_9672,0.0033104508115333,0,1,T1486
asset_9673,0.9042692805633136,1,0,T1486
asset_9674,0.0033104508115333,0,1,T1486
asset_9675,0.9042692805633136,1,1,T1486
asset_9676,0.9042692805633136,1,1,T1486
asset_9677,0.9042692805633136,1,1,T1486
asset_9678,0.9042692805633136,1,0,T1486
asset_9679,0.9042692805633136,1,0,T1486
asset_9680,0.0033104508115333,0,0,T1486
asset_9681,0.9042692805633136,1,1,T1486
asset_9682,0.9042692805633136,1,0,T1486
asset_9683,0.0033104508115333,0,0,T1486
asset_9684,0.0033104508115333,0,0,T1486
asset_9685,0.0033804652151763,0,1,T1486
asset_9686,0.0033104508115333,0,1,T1486
asset_9687,0.0033104508115333,0,0,T1486
asset_9688,0.0033104508115333,0,1,T1486
asset_9689,0.9042692805633136,1,1,T1486
asset_9690,0.0033104508115333,0,1,T1486
asset_9691,0.9042692805633136,1,0,T1486
asset_9692,0.0033104508114933,0,0,T1486
asset_9693,0.9042692805633136,1,0,T1486
asset_9694,0.0033104508114895,0,0,T1486
asset_9695,0.9042692805633136,1,1,T1486
asset_9696,0.9042692805633136,1,0,T1486
asset_9697,0.0033104508115333,0,0,T1486
asset_9698,0.0033104508114623,0,0,T1486
asset_9699,0.9042692805633136,1,1,T1486
asset_9700,0.9042692805633136,1,0,T1486
asset_9701,0.0033104508115333,0,1,T1486
asset_9702,0.9042692805633136,1,1,T1486
asset_9703,0.9042692805633136,1,0,T1486
asset_9704,0.0033104508115333,0,0,T1486
asset_9705,0.0033104508115186,0,0,T1486
asset_9706,0.9042692805633136,1,1,T1486
asset_9707,0.9042692805633136,1,0,T1486
asset_9708,0.0033104508115333,0,0,T1486
asset_9709,0.0033104508114785,0,0,T1486
asset_9710,0.0033104508115333,0,0,T1486
asset_9711,0.9042692805633136,1,0,T1486
asset_9712,0.9042692805633136,1,1,T1486
asset_9713,0.0033104508115309,0,0,T1486
asset_9714,0.9042692805633136,1,0,T1486
asset_9715,0.0033104508115333,0,0,T1486
asset_9716,0.9042692805633136,1,0,T1486
asset_9717,0.0033104508115333,0,0,T1486
asset_9718,0.0033104508114889,0,0,T1486
asset_9719,0.9042692805633136,1,1,T1486
asset_9720,0.0033104508115333,0,1,T1486
asset_9721,0.9042692805633136,1,1,T1486
asset_9722,0.9042692805633136,1,0,T1486
asset_9723,0.9042692805633136,1,0,T1486
asset_9724,0.0033104508115333,0,0,T1486
asset_9725,0.0033104508115333,0,1,T1486
asset_9726,0.0033104508115333,0,0,T1486
asset_9727,0.9042692805633136,1,0,T1486
asset_9728,0.9042692805633136,1,0,T1486
asset_9729,0.0033104508115333,0,1,T1486
asset_9730,0.0033104508115333,0,0,T1486
asset_9731,0.9042692805633136,1,1,T1486
asset_9732,0.0033104508115225,0,0,T1486
asset_9733,0.9042692805633136,1,1,T1486
asset_9734,0.9042692805633136,1,0,T1486
asset_9735,0.0033104508115333,0,0,T1486
asset_9736,0.0033104508115333,0,1,T1486
asset_9737,0.9042692805633136,1,1,T1486
asset_9738,0.0033104508115333,0,0,T1486
asset_9739,0.0033104508115333,0,1,T1486
asset_9740,0.9042692805633136,1,0,T1486
asset_9741,0.9042692805633136,1,0,T1486
asset_9742,0.9042692805633136,1,1,T1486
asset_9743,0.0033104508115309,0,1,T1486
asset_9744,0.0033104508115205,0,0,T1486
asset_9745,0.9042692805633136,1,0,T1486
asset_9746,0.9042692805633136,1,0,T1486
asset_9747,0.0033104508115333,0,1,T1486
asset_9748,0.9042692805633136,1,0,T1486
asset_9749,0.0033104508114935,0,1,T1486
asset_9750,0.9042692805633136,1,0,T1486
asset_9751,0.0033104508115869,0,1,T1486
asset_9752,0.0033104508115333,0,1,T1486
asset_9753,0.0033104508115293,0,1,T1486
asset_9754,0.0033104508115333,0,1,T1486
asset_9755,0.0033104508115309,0,0,T1486
asset_9756,0.0033104508115869,0,0,T1486
asset_9757,0.9042692805633136,1,0,T1486
asset_9758,0.0033104508115333,0,0,T1486
asset_9759,0.0033104508115333,0,0,T1486
asset_9760,0.0033104508115333,0,0,T1486
asset_9761,0.9042692805633136,1,0,T1486
asset_9762,0.9042692805633136,1,0,T1486
asset_9763,0.9042692805633136,1,1,T1486
asset_9764,0.9042692805633136,1,1,T1486
asset_9765,0.003310450811489,0,0,T1486
asset_9766,0.0033104508115333,0,0,T1486
asset_9767,0.9042692805633136,1,1,T1486
asset_9768,0.9042692805633136,1,1,T1486
asset_9769,0.9042692805633136,1,0,T1486
asset_9770,0.0033104508115333,0,1,T1486
asset_9771,0.0033104508115333,0,1,T1486
asset_9772,0.0033104508115333,0,0,T1486
asset_9773,0.9042692805633136,1,1,T1486
asset_9774,0.9042692805633136,1,0,T1486
asset_9775,0.9042692805633136,1,1,T1486
asset_9776,0.0033104508115167,0,1,T1486
asset_9777,0.9042692805633136,1,1,T1486
asset_9778,0.0033104508114785,0,1,T1486
asset_9779,0.9042692805633136,1,0,T1486
asset_9780,0.9042692805633136,1,1,T1486
asset_9781,0.9042692805633136,1,0,T1486
asset_9782,0.9042692805633136,1,0,T1486
asset_9783,0.9042692805633136,1,0,T1486
asset_9784,0.9042692805633136,1,1,T1486
asset_9785,0.9042692805633136,1,0,T1486
asset_9786,0.0033104462285538,0,1,T1486
asset_9787,0.0033104508115333,0,1,T1486
asset_9788,0.003345437170895,0,1,T1486
asset_9789,0.0033104508115333,0,1,T1486
asset_9790,0.0033104508115333,0,0,T1486
asset_9791,0.9042692805633136,1,0,T1486
asset_9792,0.9042692805633136,1,1,T1486
asset_9793,0.9042692805633136,1,0,T1486
asset_9794,0.0033104508115333,0,0,T1486
asset_9795,0.9042692805633136,1,0,T1486
asset_9796,0.003345437170895,0,1,T1486
asset_9797,0.9042692805633136,1,0,T1486
asset_9798,0.9042692805633136,1,0,T1486
asset_9799,0.9042692805633136,1,1,T1486
asset_9800,0.0033104508115185,0,1,T1486
asset_9801,0.0033104508115099,0,0,T1486
asset_9802,0.0033104508115333,0,1,T1486
asset_9803,0.9042692805633136,1,1,T1486
asset_9804,0.0033804806989038,0,1,T1486
asset_9805,0.0033104490923378,0,0,T1486
asset_9806,0.9042692805633136,1,1,T1486
asset_9807,0.9042692805633136,1,0,T1486
asset_9808,0.9042692805633136,1,1,T1486
asset_9809,0.0033104508115333,0,0,T1486
asset_9810,0.9042692805633136,1,1,T1486
asset_9811,0.0033104508115333,0,0,T1486
asset_9812,0.0033104508115333,0,0,T1486
asset_9813,0.0033104508115333,0,0,T1486
asset_9814,0.0033104508115284,0,0,T1486
asset_9815,0.9042692805633136,1,1,T1486
asset_9816,0.9042692805633136,1,1,T1486
asset_9817,0.9042692805633136,1,0,T1486
asset_9818,0.9042692805633136,1,1,T1486
asset_9819,0.0033104508115333,0,0,T1486
asset_9820,0.0033104508115333,0,1,T1486
asset_9821,0.9042692805633136,1,0,T1486
asset_9822,0.9042692805633136,1,0,T1486
asset_9823,0.9042692805633136,1,0,T1486
asset_9824,0.003310450811466,0,1,T1486
asset_9825,0.9042692805633136,1,0,T1486
asset_9826,0.9042692805633136,1,0,T1486
asset_9827,0.9042692805633136,1,0,T1486
asset_9828,0.0033104508115333,0,1,T1486
asset_9829,0.0033104499674126,0,1,T1486
asset_9830,0.0033104508115333,0,0,T1486
asset_9831,0.0033104508115333,0,0,T1486
asset_9832,0.9042692805633136,1,1,T1486
asset_9833,0.9042692805633136,1,1,T1486
asset_9834,0.0033104508115868,0,0,T1486
asset_9835,0.9042692805633136,1,1,T1486
asset_9836,0.9042692805633136,1,1,T1486
asset_9837,0.0033104508115309,0,1,T1486
asset_9838,0.9042692805633136,1,1,T1486
asset_9839,0.0033104508115097,0,0,T1486
asset_9840,0.9042692805633136,1,0,T1486
asset_9841,0.9042692805633136,1,0,T1486
asset_9842,0.0033104508115333,0,1,T1486
asset_9843,0.0033104508116791,0,0,T1486
asset_9844,0.9042692805633136,1,1,T1486
asset_9845,0.0033104508115333,0,0,T1486
asset_9846,0.0033104508115333,0,1,T1486
asset_9847,0.9042692805633136,1,1,T1486
asset_9848,0.9042692805633136,1,0,T1486
asset_9849,0.9042692805633136,1,0,T1486
asset_9850,0.9042692805633136,1,1,T1486
asset_9851,0.9042692805633136,1,1,T1486
asset_9852,0.9042692805633136,1,0,T1486
asset_9853,0.0033104508115318,0,1,T1486
asset_9854,0.0033104508115333,0,1,T1486
asset_9855,0.9042692805633136,1,0,T1486
asset_9856,0.0033104490923378,0,1,T1486
asset_9857,0.9042692805633136,1,1,T1486
asset_9858,0.9042692805633136,1,1,T1486
asset_9859,0.0033104508114616,0,0,T1486
asset_9860,0.9042692805633136,1,1,T1486
asset_9861,0.9042692805633136,1,0,T1486
asset_9862,0.0033104508115333,0,0,T1486
asset_9863,0.9042692805633136,1,1,T1486
asset_9864,0.9042692805633136,1,1,T1486
asset_9865,0.0033104508115333,0,1,T1486
asset_9866,0.9042692805633136,1,1,T1486
asset_9867,0.9042692805633136,1,0,T1486
asset_9868,0.0033104508115868,0,1,T1486
asset_9869,0.0033104508115333,0,1,T1486
asset_9870,0.0033104508115333,0,1,T1486
asset_9871,0.9042692805633136,1,1,T1486
asset_9872,0.0033104508115333,0,1,T1486
asset_9873,0.0033104499672667,0,0,T1486
asset_9874,0.0033104508115333,0,0,T1486
asset_9875,0.0033104508115333,0,1,T1486
asset_9876,0.0033104508115868,0,1,T1486
asset_9877,0.9042692805633136,1,0,T1486
asset_9878,0.0033104508115758,0,0,T1486
asset_9879,0.0033104508115333,0,0,T1486
asset_9880,0.9042692805633136,1,0,T1486
asset_9881,0.9042692805633136,1,1,T1486
asset_9882,0.0033104508115099,0,0,T1486
asset_9883,0.0033104508115333,0,0,T1486
asset_9884,0.0033104508115225,0,0,T1486
asset_9885,0.0033104508115333,0,0,T1486
asset_9886,0.0033104508115868,0,1,T1486
asset_9887,0.0033104508115333,0,0,T1486
asset_9888,0.9042692805633136,1,1,T1486
asset_9889,0.0033104490005228,0,1,T1486
asset_9890,0.0033104508115061,0,1,T1486
asset_9891,0.0033104508115333,0,0,T1486
asset_9892,0.9042692805633136,1,1,T1486
asset_9893,0.0033104508115309,0,1,T1486
asset_9894,0.0033104508115333,0,0,T1486
asset_9895,0.9042692805633136,1,0,T1486
asset_9896,0.0033104508115333,0,0,T1486
asset_9897,0.0033104508115333,0,0,T1486
asset_9898,0.9042692805633136,1,0,T1486
asset_9899,0.9042692805633136,1,1,T1486
asset_9900,0.9042692805633136,1,1,T1486
asset_9901,0.0033104508115309,0,0,T1486
asset_9902,0.9042692805633136,1,1,T1486
asset_9903,0.9042692805633136,1,1,T1486
asset_9904,0.0033104508114785,0,1,T1486
asset_9905,0.0033104508115333,0,0,T1486
asset_9906,0.0033104508115333,0,1,T1486
asset_9907,0.0033104508115333,0,0,T1486
asset_9908,0.0033104508115333,0,1,T1486
asset_9909,0.9042692805633136,1,0,T1486
asset_9910,0.0033104508115333,0,0,T1486
asset_9911,0.9042692805633136,1,1,T1486
asset_9912,0.9042692805633136,1,1,T1486
asset_9913,0.0033104508115333,0,1,T1486
asset_9914,0.9042692805633136,1,0,T1486
asset_9915,0.9042692805633136,1,0,T1486
asset_9916,0.0033104508115333,0,0,T1486
asset_9917,0.9042692805633136,1,0,T1486
asset_9918,0.0033104508115225,0,0,T1486
asset_9919,0.0033104508115333,0,1,T1486
asset_9920,0.0033104508115333,0,1,T1486
asset_9921,0.9042692805633136,1,0,T1486
asset_9922,0.9042692805633136,1,0,T1486
asset_9923,0.0033104508115293,0,0,T1486
asset_9924,0.9042692805633136,1,0,T1486
asset_9925,0.0033104508115333,0,1,T1486
asset_9926,0.0033104508115333,0,0,T1486
asset_9927,0.9042692805633136,1,1,T1486
asset_9928,0.9042692805633136,1,0,T1486
asset_9929,0.0033104508115225,0,0,T1486
asset_9930,0.9042692805633136,1,0,T1486
asset_9931,0.9042692805633136,1,1,T1486
asset_9932,0.0033104508115309,0,0,T1486
asset_9933,0.0033104508115333,0,1,T1486
asset_9934,0.0033104508115333,0,1,T1486
asset_9935,0.0033104508115333,0,1,T1486
asset_9936,0.9042692805633136,1,1,T1486
asset_9937,0.0033104508115046,0,0,T1486
asset_9938,0.0033104508115333,0,0,T1486
asset_9939,0.9042692805633136,1,1,T1486
asset_9940,0.9042692805633136,1,1,T1486
asset_9941,0.0033104508115333,0,1,T1486
asset_9942,0.0033104508115309,0,0,T1486
asset_9943,0.9042692805633136,1,0,T1486
asset_9944,0.0033104508115333,0,0,T1486
asset_9945,0.9042692805633136,1,1,T1486
asset_9946,0.9042692805633136,1,1,T1486
asset_9947,0.9042692805633136,1,1,T1486
asset_9948,0.0033104508117248,0,0,T1486
asset_9949,0.9042692805633136,1,1,T1486
asset_9950,0.003310450811489,0,1,T1486
asset_9951,0.9042692805633136,1,0,T1486
asset_9952,0.003310450811576,0,0,T1486
asset_9953,0.0033104508115333,0,1,T1486
asset_9954,0.0033104508115333,0,1,T1486
asset_9955,0.0033104508115869,0,0,T1486
asset_9956,0.0033104508115333,0,0,T1486
asset_9957,0.9042692805633136,1,0,T1486
asset_9958,0.9042692805633136,1,0,T1486
asset_9959,0.0033104490923377,0,0,T1486
asset_9960,0.0033104508115333,0,1,T1486
asset_9961,0.0033104508114895,0,1,T1486
asset_9962,0.9042692805633136,1,1,T1486
asset_9963,0.9042692805633136,1,1,T1486
asset_9964,0.0033104508115333,0,1,T1486
asset_9965,0.0033104508115333,0,0,T1486
asset_9966,0.0033104508115284,0,1,T1486
asset_9967,0.9042692805633136,1,0,T1486
asset_9968,0.0033104508115333,0,0,T1486
asset_9969,0.9042692805633136,1,1,T1486
asset_9970,0.0033104508115333,0,0,T1486
asset_9971,0.0033104508115333,0,0,T1486
asset_9972,0.9042692805633136,1,1,T1486
asset_9973,0.0033104508115309,0,1,T1486
asset_9974,0.0033104508115333,0,1,T1486
asset_9975,0.9042692805633136,1,1,T1486
asset_9976,0.0033104508115021,0,1,T1486
asset_9977,0.9042692805633136,1,1,T1486
asset_9978,0.0033104508115293,0,1,T1486
asset_9979,0.0033104508115333,0,1,T1486
asset_9980,0.9042692805633136,1,0,T1486
asset_9981,0.9042692805633136,1,1,T1486
asset_9982,0.0033104508115333,0,0,T1486
asset_9983,0.0033104508115333,0,0,T1486
asset_9984,0.0033104508115333,0,0,T1486
asset_9985,0.0033104508114677,0,1,T1486
asset_9986,0.9042692805633136,1,0,T1486
asset_9987,0.9042692805633136,1,0,T1486
asset_9988,0.9042692805633136,1,1,T1486
asset_9989,0.9042692805633136,1,0,T1486
asset_9990,0.0033104508115333,0,1,T1486
asset_9991,0.9042692805633136,1,0,T1486
asset_9992,0.9042692805633136,1,1,T1486
asset_9993,0.9042692805633136,1,1,T1486
asset_9994,0.0033104508115333,0,1,T1486
asset_9995,0.0033104508115318,0,1,T1486
asset_9996,0.0033104508115097,0,0,T1486
asset_9997,0.0033104508115333,0,0,T1486
asset_9998,0.9042692805633136,1,1,T1486
asset_9999,0.0033104508115333,0,0,T1486
asset_10000,0.0033104508115868,0,1,T1486
asset_10001,0.9042692805633136,1,0,T1486
asset_10002,0.0038348346312891,0,0,T1486
asset_10003,0.9042692805633136,1,1,T1486
asset_10004,0.9042692805633136,1,1,T1486
asset_10005,0.0033104508115061,0,0,T1486
asset_10006,0.0033104508115061,0,0,T1486
asset_10007,0.003310450811489,0,0,T1486
asset_10008,0.9042692805633136,1,1,T1486
asset_10009,0.0033104508115333,0,0,T1486
asset_10010,0.0033104508115869,0,0,T1486
asset_10011,0.9042692805633136,1,0,T1486
asset_10012,0.0033104508115333,0,1,T1486
asset_10013,0.9042692805633136,1,0,T1486
asset_10014,0.0033104508115333,0,0,T1486
asset_10015,0.0033104508115333,0,1,T1486
asset_10016,0.9042692805633136,1,0,T1486
asset_10017,0.9042692805633136,1,1,T1486
asset_10018,0.9042692805633136,1,0,T1486
asset_10019,0.0033104508115333,0,1,T1486
asset_10020,0.0033104477866214,0,1,T1486
asset_10021,0.9042692805633136,1,1,T1486
asset_10022,0.9042692805633136,1,0,T1486
asset_10023,0.0033104508115293,0,0,T1486
asset_10024,0.0033104508115294,0,1,T1486
asset_10025,0.9042692805633136,1,1,T1486
asset_10026,0.0033104508114933,0,1,T1486
asset_10027,0.0033104508115294,0,1,T1486
asset_10028,0.9042692805633136,1,0,T1486
asset_10029,0.9042692805633136,1,0,T1486
asset_10030,0.0033104508115868,0,1,T1486
asset_10031,0.0033104508115333,0,1,T1486
asset_10032,0.9042692805633136,1,0,T1486
asset_10033,0.0033104508115309,0,1,T1486
asset_10034,0.9042692805633136,1,0,T1486
asset_10035,0.0033104508115333,0,1,T1486
asset_10036,0.9042692805633136,1,0,T1486
asset_10037,0.9042692805633136,1,1,T1486
asset_10038,0.9042692805633136,1,0,T1486
asset_10039,0.0033104508115333,0,0,T1486
asset_10040,0.0033104508115333,0,0,T1486
asset_10041,0.0033104508115309,0,1,T1486
asset_10042,0.0033104508115333,0,0,T1486
asset_10043,0.9042692805633136,1,0,T1486
asset_10044,0.0033104508115333,0,1,T1486
asset_10045,0.9042692805633136,1,0,T1486
asset_10046,0.9042692805633136,1,0,T1486
asset_10047,0.9042692805633136,1,1,T1486
asset_10048,0.9042692805633136,1,1,T1486
asset_10049,0.0033104508115333,0,1,T1486
asset_10050,0.0033104508115333,0,1,T1486
asset_10051,0.9042692805633136,1,1,T1486
asset_10052,0.0033454389836629,0,0,T1486
asset_10053,0.0033104508115333,0,1,T1486
asset_10054,0.9042692805633136,1,1,T1486
asset_10055,0.0033104508115333,0,0,T1486
asset_10056,0.0033104508115309,0,1,T1486
asset_10057,0.9042692805633136,1,1,T1486
asset_10058,0.0033104508115333,0,1,T1486
asset_10059,0.0033104508115309,0,1,T1486
asset_10060,0.9042692805633136,1,0,T1486
asset_10061,0.0033104508115333,0,0,T1486
asset_10062,0.0033104508121311,0,0,T1486
asset_10063,0.9042692805633136,1,0,T1486
asset_10064,0.0033104508115294,0,0,T1486
asset_10065,0.9042692805633136,1,0,T1486
asset_10066,0.9042692805633136,1,1,T1486
asset_10067,0.0033104508115843,0,1,T1486
asset_10068,0.0033104508115333,0,0,T1486
asset_10069,0.0033104508115333,0,1,T1486
asset_10070,0.0033104508114959,0,0,T1486
asset_10071,0.0033104508115099,0,1,T1486
asset_10072,0.9042692805633136,1,0,T1486
asset_10073,0.0033104508115333,0,0,T1486
asset_10074,0.9042692805633136,1,0,T1486
asset_10075,0.0033104508115333,0,1,T1486
asset_10076,0.9042692805633136,1,1,T1486
asset_10077,0.9042692805633136,1,0,T1486
asset_10078,0.9042692805633136,1,1,T1486
asset_10079,0.9042692805633136,1,0,T1486
asset_10080,0.0033104508115333,0,0,T1486
asset_10081,0.9042692805633136,1,1,T1486
asset_10082,0.9042692805633136,1,1,T1486
asset_10083,0.0033104508115869,0,1,T1486
asset_10084,0.0033104508115333,0,0,T1486
asset_10085,0.9042692805633136,1,0,T1486
asset_10086,0.0033104508115205,0,1,T1486
asset_10087,0.0033104508115318,0,0,T1486
asset_10088,0.0033104508115205,0,0,T1486
asset_10089,0.9042692805633136,1,0,T1486
asset_10090,0.9042692805633136,1,1,T1486
asset_10091,0.9042692805633136,1,1,T1486
asset_10092,0.9042692805633136,1,0,T1486
asset_10093,0.9042692805633136,1,0,T1486
asset_10094,0.9042692805633136,1,0,T1486
asset_10095,0.9042692805633136,1,1,T1486
asset_10096,0.9042692805633136,1,1,T1486
asset_10097,0.9042692805633136,1,1,T1486
asset_10098,0.0033104508115097,0,1,T1486
asset_10099,0.0033104508115333,0,0,T1486
asset_10100,0.9042692805633136,1,1,T1486
asset_10101,0.9042692805633136,1,1,T1486
asset_10102,0.0033104508115333,0,0,T1486
asset_10103,0.9042692805633136,1,1,T1486
asset_10104,0.0033104508115333,0,0,T1486
asset_10105,0.0033104508115225,0,0,T1486
asset_10106,0.0033104508115333,0,1,T1486
asset_10107,0.9042692805633136,1,0,T1486
asset_10108,0.9042692805633136,1,0,T1486
asset_10109,0.0033104508115294,0,1,T1486
asset_10110,0.0033104508115333,0,0,T1486
asset_10111,0.9042692805633136,1,1,T1486
asset_10112,0.9042692805633136,1,1,T1486
asset_10113,0.0033104508115868,0,0,T1486
asset_10114,0.9042692805633136,1,0,T1486
asset_10115,0.9042692805633136,1,0,T1486
asset_10116,0.0033104508116792,0,0,T1486
asset_10117,0.9042692805633136,1,0,T1486
asset_10118,0.9042692805633136,1,0,T1486
asset_10119,0.9042692805633136,1,0,T1486
asset_10120,0.0033104508115225,0,0,T1486
asset_10121,0.0033104508115333,0,0,T1486
asset_10122,0.9042692805633136,1,0,T1486
asset_10123,0.9042692805633136,1,1,T1486
asset_10124,0.9042692805633136,1,1,T1486
asset_10125,0.9042692805633136,1,0,T1486
asset_10126,0.0033104508114889,0,0,T1486
asset_10127,0.9042692805633136,1,1,T1486
asset_10128,0.003310450811489,0,0,T1486
asset_10129,0.0033104508115333,0,1,T1486
asset_10130,0.0033104508115333,0,0,T1486
asset_10131,0.9042692805633136,1,0,T1486
asset_10132,0.0033104508115333,0,0,T1486
asset_10133,0.0033104508115333,0,0,T1486
asset_10134,0.0033104508115333,0,0,T1486
asset_10135,0.0033104508115284,0,1,T1486
asset_10136,0.9042692805633136,1,0,T1486
asset_10137,0.0033104508115333,0,1,T1486
asset_10138,0.0033104508115294,0,0,T1486
asset_10139,0.9042692805633136,1,1,T1486
asset_10140,0.003310450811489,0,0,T1486
asset_10141,0.0033104508115333,0,0,T1486
asset_10142,0.0033104508115333,0,1,T1486
asset_10143,0.0033104508115333,0,1,T1486
asset_10144,0.0033104508115333,0,0,T1486
asset_10145,0.9042692805633136,1,0,T1486
asset_10146,0.0033104508115167,0,0,T1486
asset_10147,0.0033104508115868,0,1,T1486
asset_10148,0.0033104508115333,0,0,T1486
asset_10149,0.003310450811489,0,0,T1486
asset_10150,0.9042692805633136,1,1,T1486
asset_10151,0.9042692805633136,1,1,T1486
asset_10152,0.9042692805633136,1,1,T1486
asset_10153,0.9042692805633136,1,1,T1486
asset_10154,0.0033104508115333,0,0,T1486
asset_10155,0.9042692805633136,1,0,T1486
asset_10156,0.0033104508115046,0,0,T1486
asset_10157,0.9042692805633136,1,1,T1486
asset_10158,0.003310450811466,0,1,T1486
asset_10159,0.0033104508115333,0,1,T1486
asset_10160,0.9042692805633136,1,1,T1486
asset_10161,0.9042692805633136,1,0,T1486
asset_10162,0.9042692805633136,1,0,T1486
asset_10163,0.0033104469826889,0,0,T1486
asset_10164,0.9042692805633136,1,0,T1486
asset_10165,0.9042692805633136,1,1,T1486
asset_10166,0.9042692805633136,1,1,T1486
asset_10167,0.003310450811466,0,0,T1486
asset_10168,0.9042692805633136,1,0,T1486
asset_10169,0.9042692805633136,1,1,T1486
asset_10170,0.9042692805633136,1,1,T1486
asset_10171,0.9042692805633136,1,0,T1486
asset_10172,0.0033104508115333,0,0,T1486
asset_10173,0.0033104508115333,0,1,T1486
asset_10174,0.0033104508115333,0,1,T1486
asset_10175,0.003310450811489,0,1,T1486
asset_10176,0.0033104508116689,0,0,T1486
asset_10177,0.0033104508115309,0,1,T1486
asset_10178,0.0033104508115294,0,0,T1486
asset_10179,0.0033104508115097,0,1,T1486
asset_10180,0.9042692805633136,1,0,T1486
asset_10181,0.0033104508115333,0,0,T1486
asset_10182,0.9042692805633136,1,1,T1486
asset_10183,0.9042692805633136,1,0,T1486
asset_10184,0.9042692805633136,1,0,T1486
asset_10185,0.9042692805633136,1,0,T1486
asset_10186,0.0033104508115333,0,1,T1486
asset_10187,0.0033104508115333,0,0,T1486
asset_10188,0.0033104508115037,0,1,T1486
asset_10189,0.0033104508115333,0,1,T1486
asset_10190,0.0033104508115333,0,1,T1486
asset_10191,0.9042692805633136,1,0,T1486
asset_10192,0.0033104508115333,0,1,T1486
asset_10193,0.0033104508115333,0,1,T1486
asset_10194,0.9042692805633136,1,0,T1486
asset_10195,0.0033104508115205,0,0,T1486
asset_10196,0.0033104508114895,0,0,T1486
asset_10197,0.0033104508115333,0,1,T1486
asset_10198,0.9042692805633136,1,0,T1486
asset_10199,0.9042692805633136,1,0,T1486
asset_10200,0.0033104508115784,0,1,T1486
asset_10201,0.9042692805633136,1,1,T1486
asset_10202,0.9042692805633136,1,1,T1486
asset_10203,0.0033104508115333,0,0,T1486
asset_10204,0.9042692805633136,1,1,T1486
asset_10205,0.0033104508114933,0,1,T1486
asset_10206,0.9042692805633136,1,0,T1486
asset_10207,0.9042692805633136,1,1,T1486
asset_10208,0.0033104508115333,0,0,T1486
asset_10209,0.9042692805633136,1,0,T1486
asset_10210,0.0033104508114616,0,0,T1486
asset_10211,0.9042692805633136,1,1,T1486
asset_10212,0.9042692805633136,1,0,T1486
asset_10213,0.0033104508115333,0,0,T1486
asset_10214,0.003310450811489,0,0,T1486
asset_10215,0.0033104508115333,0,0,T1486
asset_10216,0.9042692805633136,1,1,T1486
asset_10217,0.9042692805633136,1,0,T1486
asset_10218,0.0033104508115333,0,1,T1486
asset_10219,0.0033104508115205,0,1,T1486
asset_10220,0.0033104508115333,0,0,T1486
asset_10221,0.9042692805633136,1,1,T1486
asset_10222,0.0033104508115205,0,0,T1486
asset_10223,0.0033104508114824,0,1,T1486
asset_10224,0.0033104508115333,0,0,T1486
asset_10225,0.0033104508115333,0,1,T1486
asset_10226,0.9042692805633136,1,0,T1486
asset_10227,0.0033104508115333,0,1,T1486
asset_10228,0.0033104508114889,0,1,T1486
asset_10229,0.0033104508116791,0,0,T1486
asset_10230,0.0033104508115333,0,0,T1486
asset_10231,0.0033104508115868,0,0,T1486
asset_10232,0.0033104508115294,0,0,T1486
asset_10233,0.0033104508115167,0,1,T1486
asset_10234,0.0033104508114895,0,1,T1486
asset_10235,0.0033104508116689,0,0,T1486
asset_10236,0.0033104508115309,0,1,T1486
asset_10237,0.9042692805633136,1,1,T1486
asset_10238,0.0033104508115333,0,0,T1486
asset_10239,0.0033104508115333,0,1,T1486
asset_10240,0.0033104508115333,0,1,T1486
asset_10241,0.9042692805633136,1,0,T1486
asset_10242,0.9042692805633136,1,0,T1486
asset_10243,0.0033104508115333,0,0,T1486
asset_10244,0.0033104508115333,0,0,T1486
asset_10245,0.0033104508115333,0,0,T1486
asset_10246,0.9042692805633136,1,0,T1486
asset_10247,0.9042692805633136,1,1,T1486
asset_10248,0.0033104508115333,0,0,T1486
asset_10249,0.0033104508129547,0,1,T1486
asset_10250,0.0033104508115294,0,0,T1486
asset_10251,0.9042692805633136,1,0,T1486
asset_10252,0.0033104508114889,0,1,T1486
asset_10253,0.0033104508115333,0,1,T1486
asset_10254,0.0033104508115248,0,0,T1486
asset_10255,0.9042692805633136,1,1,T1486
asset_10256,0.0033104457881829,0,0,T1486
asset_10257,0.0033104508115205,0,0,T1486
asset_10258,0.0033104508115333,0,0,T1486
asset_10259,0.9042692805633136,1,0,T1486
asset_10260,0.9042692805633136,1,0,T1486
asset_10261,0.9042692805633136,1,0,T1486
asset_10262,0.9042692805633136,1,1,T1486
asset_10263,0.9042692805633136,1,1,T1486
asset_10264,0.0033104508115333,0,1,T1486
asset_10265,0.9042692805633136,1,1,T1486
asset_10266,0.9042692805633136,1,0,T1486
asset_10267,0.0033104508115333,0,1,T1486
asset_10268,0.0033104508115097,0,0,T1486
asset_10269,0.0033104508115333,0,0,T1486
asset_10270,0.9042692805633136,1,0,T1486
asset_10271,0.0033104508115316,0,0,T1486
asset_10272,0.0033104508115225,0,1,T1486
asset_10273,0.9042692805633136,1,1,T1486
asset_10274,0.9042692805633136,1,0,T1486
asset_10275,0.9042692805633136,1,0,T1486
asset_10276,0.9042692805633136,1,0,T1486
asset_10277,0.9042692805633136,1,1,T1486
asset_10278,0.9042692805633136,1,0,T1486
asset_10279,0.9042692805633136,1,1,T1486
asset_10280,0.9042692805633136,1,0,T1486
asset_10281,0.9042692805633136,1,0,T1486
asset_10282,0.9042692805633136,1,1,T1486
asset_10283,0.9042692805633136,1,1,T1486
asset_10284,0.0033104508115333,0,1,T1486
asset_10285,0.0033104508115309,0,0,T1486
asset_10286,0.0033104508115333,0,0,T1486
asset_10287,0.0033104508115309,0,1,T1486
asset_10288,0.9042692805633136,1,0,T1486
asset_10289,0.9042692805633136,1,0,T1486
asset_10290,0.9042692805633136,1,0,T1486
asset_10291,0.9042692805633136,1,1,T1486
asset_10292,0.0033104508115333,0,0,T1486
asset_10293,0.0033104508115333,0,0,T1486
asset_10294,0.9042692805633136,1,0,T1486
asset_10295,0.0033104508115333,0,1,T1486
asset_10296,0.9042692805633136,1,1,T1486
asset_10297,0.9042692805633136,1,0,T1486
asset_10298,0.0033804668626575,0,0,T1486
asset_10299,0.0033104508114508,0,1,T1486
asset_10300,0.9042692805633136,1,0,T1486
asset_10301,0.9042692805633136,1,1,T1486
asset_10302,0.0033104508115225,0,1,T1486
asset_10303,0.9042692805633136,1,1,T1486
asset_10304,0.0033104508115333,0,1,T1486
asset_10305,0.9042692805633136,1,0,T1486
asset_10306,0.0033104508115869,0,0,T1486
asset_10307,0.9042692805633136,1,1,T1486
asset_10308,0.9042692805633136,1,1,T1486
asset_10309,0.9042692805633136,1,0,T1486
asset_10310,0.9042692805633136,1,1,T1486
asset_10311,0.9042692805633136,1,1,T1486
asset_10312,0.9042692805633136,1,1,T1486
asset_10313,0.0033104508115333,0,1,T1486
asset_10314,0.9042692805633136,1,0,T1486
asset_10315,0.9042692805633136,1,0,T1486
asset_10316,0.9042692805633136,1,0,T1486
asset_10317,0.0033104508115293,0,1,T1486
asset_10318,0.003310450811489,0,0,T1486
asset_10319,0.9042692805633136,1,0,T1486
asset_10320,0.0033104508120334,0,1,T1486
asset_10321,0.0033104508115333,0,1,T1486
asset_10322,0.9042692805633136,1,1,T1486
asset_10323,0.9042692805633136,1,0,T1486
asset_10324,0.0033104508115333,0,0,T1486
asset_10325,0.9042692805633136,1,1,T1486
asset_10326,0.9042692805633136,1,0,T1486
asset_10327,0.9042692805633136,1,1,T1486
asset_10328,0.9042692805633136,1,1,T1486
asset_10329,0.0033104508115333,0,0,T1486
asset_10330,0.0033104508115333,0,0,T1486
asset_10331,0.0033104508115333,0,1,T1486
asset_10332,0.00331045081212,0,1,T1486
asset_10333,0.9042692805633136,1,1,T1486
asset_10334,0.0033104508115333,0,1,T1486
asset_10335,0.0033104508115333,0,0,T1486
asset_10336,0.0033104499673624,0,1,T1486
asset_10337,0.0033104508115205,0,1,T1486
asset_10338,0.0033104508115333,0,1,T1486
asset_10339,0.9042692805633136,1,0,T1486
asset_10340,0.9042692805633136,1,1,T1486
asset_10341,0.0033104508115318,0,1,T1486
asset_10342,0.0033104508115294,0,0,T1486
asset_10343,0.9042692805633136,1,1,T1486
asset_10344,0.9042692805633136,1,0,T1486
asset_10345,0.9042692805633136,1,0,T1486
asset_10346,0.0033104508114785,0,1,T1486
asset_10347,0.9042692805633136,1,0,T1486
asset_10348,0.0033104508115333,0,0,T1486
asset_10349,0.9042692805633136,1,1,T1486
asset_10350,0.0033104464221243,0,0,T1486
asset_10351,0.0033104508115333,0,1,T1486
asset_10352,0.0033104508114508,0,0,T1486
asset_10353,0.9042692805633136,1,1,T1486
asset_10354,0.0033104508115333,0,1,T1486
asset_10355,0.0033104508115205,0,0,T1486
asset_10356,0.0033104500031795,0,0,T1486
asset_10357,0.0033104508115333,0,0,T1486
asset_10358,0.9042692805633136,1,0,T1486
asset_10359,0.0033104508115333,0,0,T1486
asset_10360,0.0033104490933179,0,0,T1486
asset_10361,0.0033104508115333,0,0,T1486
asset_10362,0.0033104508115333,0,1,T1486
asset_10363,0.9042692805633136,1,0,T1486
asset_10364,0.9042692805633136,1,0,T1486
asset_10365,0.9042692805633136,1,1,T1486
asset_10366,0.0033104508115333,0,1,T1486
asset_10367,0.9042692805633136,1,1,T1486
asset_10368,0.003310450811489,0,1,T1486
asset_10369,0.9042692805633136,1,0,T1486
asset_10370,0.9042692805633136,1,1,T1486
asset_10371,0.0033104508115333,0,1,T1486
asset_10372,0.9042692805633136,1,0,T1486
asset_10373,0.0033104469826889,0,0,T1486
asset_10374,0.0033104508115333,0,1,T1486
asset_10375,0.0033104508115333,0,0,T1486
asset_10376,0.0033104508115333,0,1,T1486
asset_10377,0.0033104508115333,0,1,T1486
asset_10378,0.0033104508115318,0,1,T1486
asset_10379,0.0033104508115333,0,1,T1486
asset_10380,0.0033104508115333,0,1,T1486
asset_10381,0.9042692805633136,1,1,T1486
asset_10382,0.9042692805633136,1,0,T1486
asset_10383,0.9042692805633136,1,0,T1486
asset_10384,0.0033104508115333,0,1,T1486
asset_10385,0.9042692805633136,1,1,T1486
asset_10386,0.0033104508115097,0,1,T1486
asset_10387,0.0033104508114616,0,0,T1486
asset_10388,0.0033104508115185,0,1,T1486
asset_10389,0.0033104508115333,0,1,T1486
asset_10390,0.0033104497484606,0,0,T1486
asset_10391,0.9042692805633136,1,0,T1486
asset_10392,0.9042692805633136,1,0,T1486
asset_10393,0.0033104508115333,0,1,T1486
asset_10394,0.0033104508115333,0,1,T1486
asset_10395,0.0033454904089115,0,1,T1486
asset_10396,0.9042692805633136,1,0,T1486
asset_10397,0.9042692805633136,1,0,T1486
asset_10398,0.9042692805633136,1,0,T1486
asset_10399,0.9042692805633136,1,0,T1486
asset_10400,0.9042692805633136,1,0,T1486
asset_10401,0.0033104508115333,0,0,T1486
asset_10402,0.0033104508115333,0,1,T1486
asset_10403,0.0033104508115333,0,1,T1486
asset_10404,0.0033104508115333,0,0,T1486
asset_10405,0.0033104508114933,0,0,T1486
asset_10406,0.0033104508115333,0,1,T1486
asset_10407,0.0033104508115868,0,0,T1486
asset_10408,0.0033104508115333,0,0,T1486
asset_10409,0.9042692805633136,1,1,T1486
asset_10410,0.0033104508115309,0,1,T1486
asset_10411,0.0033104508115294,0,1,T1486
asset_10412,0.9042692805633136,1,1,T1486
asset_10413,0.003345437170895,0,0,T1486
asset_10414,0.0033104508115333,0,0,T1486
asset_10415,0.0033104508115333,0,0,T1486
asset_10416,0.0033104508115333,0,1,T1486
asset_10417,0.0033104508115333,0,0,T1486
asset_10418,0.0033104508115333,0,1,T1486
asset_10419,0.9042692805633136,1,0,T1486
asset_10420,0.9042692805633136,1,0,T1486
asset_10421,0.9042692805633136,1,0,T1486
asset_10422,0.9042692805633136,1,0,T1486
asset_10423,0.0033104508115333,0,1,T1486
asset_10424,0.9042692805633136,1,1,T1486
asset_10425,0.9042692805633136,1,1,T1486
asset_10426,0.0033104508115309,0,0,T1486
asset_10427,0.0033104508115333,0,1,T1486
asset_10428,0.0033104508115294,0,1,T1486
asset_10429,0.0033104508115333,0,0,T1486
asset_10430,0.9042692805633136,1,1,T1486
asset_10431,0.0033104508115333,0,0,T1486
asset_10432,0.9042692805633136,1,1,T1486
asset_10433,0.9042692805633136,1,1,T1486
asset_10434,0.0033104508115333,0,0,T1486
asset_10435,0.0037873349811709,0,1,T1486
asset_10436,0.9042692805633136,1,1,T1486
asset_10437,0.0033104508115333,0,1,T1486
asset_10438,0.9042692805633136,1,0,T1486
asset_10439,0.0033104508115225,0,1,T1486
asset_10440,0.9042692805633136,1,0,T1486
asset_10441,0.9042692805633136,1,0,T1486
asset_10442,0.0033104508115309,0,1,T1486
asset_10443,0.9042692805633136,1,0,T1486
asset_10444,0.9042692805633136,1,0,T1486
asset_10445,0.9042692805633136,1,1,T1486
asset_10446,0.9042692805633136,1,0,T1486
asset_10447,0.9042692805633136,1,1,T1486
asset_10448,0.0033104508115309,0,0,T1486
asset_10449,0.9042692805633136,1,0,T1486
asset_10450,0.9042692805633136,1,0,T1486
asset_10451,0.9042692805633136,1,1,T1486
asset_10452,0.0033104508115333,0,0,T1486
asset_10453,0.0033104508115309,0,1,T1486
asset_10454,0.9042692805633136,1,0,T1486
asset_10455,0.9042692805633136,1,1,T1486
asset_10456,0.0033104508114895,0,0,T1486
asset_10457,0.003310450811489,0,0,T1486
asset_10458,0.0033104508119878,0,0,T1486
asset_10459,0.9042692805633136,1,1,T1486
asset_10460,0.9042692805633136,1,0,T1486
asset_10461,0.0033104508115225,0,0,T1486
asset_10462,0.9042692805633136,1,1,T1486
asset_10463,0.9042692805633136,1,0,T1486
asset_10464,0.0033104499674198,0,0,T1486
asset_10465,0.9042692805633136,1,0,T1486
asset_10466,0.0033104508115333,0,1,T1486
asset_10467,0.9042692805633136,1,0,T1486
asset_10468,0.9042692805633136,1,1,T1486
asset_10469,0.9042692805633136,1,0,T1486
asset_10470,0.9042692805633136,1,1,T1486
asset_10471,0.9042692805633136,1,0,T1486
asset_10472,0.0033104508115868,0,0,T1486
asset_10473,0.9042692805633136,1,0,T1486
asset_10474,0.0033104508115333,0,1,T1486
asset_10475,0.9042692805633136,1,0,T1486
asset_10476,0.0033104508114935,0,0,T1486
asset_10477,0.0033104508115333,0,0,T1486
asset_10478,0.9042692805633136,1,0,T1486
asset_10479,0.0033104508115333,0,0,T1486
asset_10480,0.003310450811489,0,0,T1486
asset_10481,0.003310450811489,0,0,T1486
asset_10482,0.0033104508115201,0,0,T1486
asset_10483,0.0033104508115333,0,0,T1486
asset_10484,0.9042692805633136,1,1,T1486
asset_10485,0.0033104508115061,0,0,T1486
asset_10486,0.0033104508115333,0,0,T1486
asset_10487,0.9042692805633136,1,0,T1486
asset_10488,0.9042692805633136,1,0,T1486
asset_10489,0.0033104508115333,0,0,T1486
asset_10490,0.0033104508115333,0,0,T1486
asset_10491,0.0033104508115333,0,0,T1486
asset_10492,0.9042692805633136,1,1,T1486
asset_10493,0.9042692805633136,1,1,T1486
asset_10494,0.9042692805633136,1,0,T1486
asset_10495,0.0033104508115333,0,1,T1486
asset_10496,0.9042692805633136,1,0,T1486
asset_10497,0.0033104481083634,0,0,T1486
asset_10498,0.0033104508115333,0,0,T1486
asset_10499,0.9042692805633136,1,1,T1486
asset_10500,0.9042692805633136,1,0,T1486
asset_10501,0.0033104508115309,0,1,T1486
asset_10502,0.0033104508115333,0,0,T1486
asset_10503,0.9042692805633136,1,1,T1486
asset_10504,0.9042692805633136,1,1,T1486
asset_10505,0.0033104508115333,0,0,T1486
asset_10506,0.9042692805633136,1,0,T1486
asset_10507,0.0033104508115333,0,0,T1486
asset_10508,0.0033104508115333,0,0,T1486
asset_10509,0.0033104508115333,0,0,T1486
asset_10510,0.0033104508115333,0,0,T1486
asset_10511,0.0033104508115333,0,0,T1486
asset_10512,0.9042692805633136,1,0,T1486
asset_10513,0.9042692805633136,1,0,T1486
asset_10514,0.9042692805633136,1,0,T1486
asset_10515,0.0033104508115333,0,0,T1486
asset_10516,0.0033104508115097,0,0,T1486
asset_10517,0.0033104508115333,0,1,T1486
asset_10518,0.9042692805633136,1,1,T1486
asset_10519,0.0033104508115333,0,0,T1486
asset_10520,0.0033104508115333,0,1,T1486
asset_10521,0.0033104508115309,0,1,T1486
asset_10522,0.0033104508115333,0,0,T1486
asset_10523,0.9042692805633136,1,1,T1486
asset_10524,0.0033104508115333,0,1,T1486
asset_10525,0.0033104508115186,0,1,T1486
asset_10526,0.0033104508115333,0,1,T1486
asset_10527,0.0033104499674126,0,0,T1486
asset_10528,0.9042692805633136,1,1,T1486
asset_10529,0.0033104508115309,0,1,T1486
asset_10530,0.0033104508115225,0,1,T1486
asset_10531,0.9042692805633136,1,1,T1486
asset_10532,0.0033104508115333,0,1,T1486
asset_10533,0.0033104508114616,0,1,T1486
asset_10534,0.0033104508115309,0,1,T1486
asset_10535,0.9042692805633136,1,0,T1486
asset_10536,0.9042692805633136,1,0,T1486
asset_10537,0.9042692805633136,1,0,T1486
asset_10538,0.0033104490005228,0,0,T1486
asset_10539,0.0033104508115333,0,1,T1486
asset_10540,0.0033104508115333,0,1,T1486
asset_10541,0.9042692805633136,1,0,T1486
asset_10542,0.003310450811489,0,0,T1486
asset_10543,0.9042692805633136,1,0,T1486
asset_10544,0.0033104508115869,0,0,T1486
asset_10545,0.0033104508115333,0,0,T1486
asset_10546,0.9042692805633136,1,1,T1486
asset_10547,0.9042692805633136,1,1,T1486
asset_10548,0.0033104508115333,0,1,T1486
asset_10549,0.9042692805633136,1,0,T1486
asset_10550,0.0033104508115869,0,1,T1486
asset_10551,0.9042692805633136,1,0,T1486
asset_10552,0.9042692805633136,1,0,T1486
asset_10553,0.0033104508115333,0,0,T1486
asset_10554,0.9042692805633136,1,0,T1486
asset_10555,0.9042692805633136,1,0,T1486
asset_10556,0.0033104508115333,0,0,T1486
asset_10557,0.003310450811489,0,0,T1486
asset_10558,0.9042692805633136,1,0,T1486
asset_10559,0.0033104508115333,0,0,T1486
asset_10560,0.0033104508115333,0,1,T1486
asset_10561,0.0033104508115333,0,1,T1486
asset_10562,0.9042692805633136,1,1,T1486
asset_10563,0.9042692805633136,1,0,T1486
asset_10564,0.9042692805633136,1,0,T1486
asset_10565,0.9042692805633136,1,1,T1486
asset_10566,0.9042692805633136,1,1,T1486
asset_10567,0.0033104508115868,0,0,T1486
asset_10568,0.0033104508115333,0,0,T1486
asset_10569,0.9042692805633136,1,1,T1486
asset_10570,0.0033104508115333,0,1,T1486
asset_10571,0.9042692805633136,1,1,T1486
asset_10572,0.9042692805633136,1,1,T1486
asset_10573,0.0033104508115333,0,1,T1486
asset_10574,0.9042692805633136,1,0,T1486
asset_10575,0.0033104508118171,0,1,T1486
asset_10576,0.9042692805633136,1,1,T1486
asset_10577,0.0033104508114889,0,0,T1486
asset_10578,0.00334543898181,0,0,T1486
asset_10579,0.9042692805633136,1,0,T1486
asset_10580,0.9042692805633136,1,0,T1486
asset_10581,0.0038345488388173,0,1,T1486
asset_10582,0.9042692805633136,1,0,T1486
asset_10583,0.9042692805633136,1,0,T1486
asset_10584,0.9042692805633136,1,1,T1486
asset_10585,0.9042692805633136,1,1,T1486
asset_10586,0.9042692805633136,1,0,T1486
asset_10587,0.0033104508115021,0,0,T1486
asset_10588,0.9042692805633136,1,1,T1486
asset_10589,0.0033104508115225,0,1,T1486
asset_10590,0.003310449967819,0,1,T1486
asset_10591,0.0033104508115333,0,1,T1486
asset_10592,0.9042692805633136,1,0,T1486
asset_10593,0.0033104508115333,0,0,T1486
asset_10594,0.0033104508115294,0,1,T1486
asset_10595,0.9042692805633136,1,0,T1486
asset_10596,0.0033104508115318,0,0,T1486
asset_10597,0.0033104508115205,0,1,T1486
asset_10598,0.0033104508115196,0,0,T1486
asset_10599,0.0033104499673624,0,0,T1486
asset_10600,0.0033104508115248,0,0,T1486
asset_10601,0.9042692805633136,1,1,T1486
asset_10602,0.9042692805633136,1,1,T1486
asset_10603,0.9042692805633136,1,0,T1486
asset_10604,0.9042692805633136,1,1,T1486
asset_10605,0.9042692805633136,1,1,T1486
asset_10606,0.9042692805633136,1,0,T1486
asset_10607,0.0033104508115225,0,1,T1486
asset_10608,0.0033104508115333,0,1,T1486
asset_10609,0.9042692805633136,1,1,T1486
asset_10610,0.9042692805633136,1,0,T1486
asset_10611,0.0033104508115058,0,1,T1486
asset_10612,0.0033104508115868,0,0,T1486
asset_10613,0.0033104508115225,0,0,T1486
asset_10614,0.9042692805633136,1,0,T1486
asset_10615,0.0033104508115333,0,1,T1486
asset_10616,0.9042692805633136,1,1,T1486
asset_10617,0.9042692805633136,1,1,T1486
asset_10618,0.0033104508115333,0,1,T1486
asset_10619,0.9042692805633136,1,0,T1486
asset_10620,0.0033104508115869,0,1,T1486
asset_10621,0.9042692805633136,1,0,T1486
asset_10622,0.0033104508115205,0,1,T1486
asset_10623,0.9042692805633136,1,0,T1486
asset_10624,0.0033104508115333,0,1,T1486
asset_10625,0.0033104508115333,0,0,T1486
asset_10626,0.003310450811576,0,0,T1486
asset_10627,0.9042692805633136,1,1,T1486
asset_10628,0.9042692805633136,1,0,T1486
asset_10629,0.0033104508115333,0,0,T1486
asset_10630,0.0033104508114785,0,0,T1486
asset_10631,0.9042692805633136,1,1,T1486
asset_10632,0.9042692805633136,1,1,T1486
asset_10633,0.9042692805633136,1,1,T1486
asset_10634,0.9042692805633136,1,0,T1486
asset_10635,0.0033104508115333,0,1,T1486
asset_10636,0.9042692805633136,1,1,T1486
asset_10637,0.9042692805633136,1,0,T1486
asset_10638,0.9042692805633136,1,0,T1486
asset_10639,0.0033104508115333,0,0,T1486
asset_10640,0.9042692805633136,1,0,T1486
asset_10641,0.0033104508115784,0,1,T1486
asset_10642,0.9042692805633136,1,0,T1486
asset_10643,0.9042692805633136,1,0,T1486
asset_10644,0.0033104457881829,0,1,T1486
asset_10645,0.9042692805633136,1,0,T1486
asset_10646,0.0033104508115309,0,1,T1486
asset_10647,0.9042692805633136,1,1,T1486
asset_10648,0.9042692805633136,1,1,T1486
asset_10649,0.9042692805633136,1,1,T1486
asset_10650,0.9042692805633136,1,1,T1486
asset_10651,0.0033104508115868,0,1,T1486
asset_10652,0.0033104508115225,0,1,T1486
asset_10653,0.9042692805633136,1,0,T1486
asset_10654,0.9042692805633136,1,1,T1486
asset_10655,0.0033104508115225,0,0,T1486
asset_10656,0.9042692805633136,1,0,T1486
asset_10657,0.9042692805633136,1,0,T1486
asset_10658,0.9042692805633136,1,1,T1486
asset_10659,0.0033104508115333,0,1,T1486
asset_10660,0.9042692805633136,1,0,T1486
asset_10661,0.003310450811466,0,0,T1486
asset_10662,0.0033104508115333,0,0,T1486
asset_10663,0.0033104508115225,0,0,T1486
asset_10664,0.0033104508115868,0,0,T1486
asset_10665,0.0033104508115333,0,1,T1486
asset_10666,0.0033104508115333,0,1,T1486
asset_10667,0.9042692805633136,1,0,T1486
asset_10668,0.0033104508115205,0,1,T1486
asset_10669,0.9042692805633136,1,0,T1486
asset_10670,0.9042692805633136,1,0,T1486
asset_10671,0.0033104508114552,0,1,T1486
asset_10672,0.9042692805633136,1,1,T1486
asset_10673,0.0033104508115205,0,0,T1486
asset_10674,0.9042692805633136,1,0,T1486
asset_10675,0.9042692805633136,1,1,T1486
asset_10676,0.9042692805633136,1,0,T1486
asset_10677,0.9042692805633136,1,0,T1486
asset_10678,0.9042692805633136,1,0,T1486
asset_10679,0.9042692805633136,1,1,T1486
asset_10680,0.9042692805633136,1,0,T1486
asset_10681,0.0033104508115333,0,1,T1486
asset_10682,0.9042692805633136,1,1,T1486
asset_10683,0.0033104508114785,0,0,T1486
asset_10684,0.0033104508115309,0,0,T1486
asset_10685,0.0033104490933179,0,1,T1486
asset_10686,0.9042692805633136,1,0,T1486
asset_10687,0.9042692805633136,1,0,T1486
asset_10688,0.9042692805633136,1,1,T1486
asset_10689,0.9042692805633136,1,1,T1486
asset_10690,0.0033104508115205,0,1,T1486
asset_10691,0.0033104508115309,0,1,T1486
asset_10692,0.9042692805633136,1,0,T1486
asset_10693,0.0033104508115333,0,1,T1486
asset_10694,0.0033104508115097,0,1,T1486
asset_10695,0.0033104508115333,0,0,T1486
asset_10696,0.9042692805633136,1,0,T1486
asset_10697,0.9042692805633136,1,1,T1486
asset_10698,0.0033104508115333,0,0,T1486
asset_10699,0.0033104508115169,0,0,T1486
asset_10700,0.0033104508115293,0,0,T1486
asset_10701,0.0033104508115333,0,1,T1486
asset_10702,0.003310450811489,0,1,T1486
asset_10703,0.0033104508115333,0,0,T1486
asset_10704,0.9042692805633136,1,1,T1486
asset_10705,0.9042692805633136,1,1,T1486
asset_10706,0.003310450811466,0,1,T1486
asset_10707,0.9042692805633136,1,1,T1486
asset_10708,0.0033104508115309,0,1,T1486
asset_10709,0.0033104508115333,0,0,T1486
asset_10710,0.003310450811489,0,1,T1486
asset_10711,0.9042692805633136,1,1,T1486
asset_10712,0.9042692805633136,1,0,T1486
asset_10713,0.0033104508115333,0,0,T1486
asset_10714,0.0033104508115205,0,0,T1486
asset_10715,0.9042692805633136,1,1,T1486
asset_10716,0.9042692805633136,1,1,T1486
asset_10717,0.003310450811489,0,0,T1486
asset_10718,0.9042692805633136,1,0,T1486
asset_10719,0.0033104508115167,0,0,T1486
asset_10720,0.0033104508114552,0,1,T1486
asset_10721,0.9042692805633136,1,0,T1486
asset_10722,0.9042692805633136,1,1,T1486
asset_10723,0.003310450811489,0,0,T1486
asset_10724,0.9042692805633136,1,1,T1486
asset_10725,0.9042692805633136,1,0,T1486
asset_10726,0.9042692805633136,1,1,T1486
asset_10727,0.9042692805633136,1,0,T1486
asset_10728,0.0033104508115284,0,1,T1486
asset_10729,0.0033104508115333,0,0,T1486
asset_10730,0.9042692805633136,1,0,T1486
asset_10731,0.0033104508115333,0,1,T1486
asset_10732,0.0033104508115333,0,0,T1486
asset_10733,0.0033104508115201,0,1,T1486
asset_10734,0.0033104508115333,0,0,T1486
asset_10735,0.0033104508115333,0,0,T1486
asset_10736,0.9042692805633136,1,0,T1486
asset_10737,0.9042692805633136,1,0,T1486
asset_10738,0.0033104508115333,0,0,T1486
asset_10739,0.0033104508115205,0,1,T1486
asset_10740,0.0033104508115333,0,1,T1486
asset_10741,0.9042692805633136,1,0,T1486
asset_10742,0.0033104508115309,0,0,T1486
asset_10743,0.9042692805633136,1,1,T1486
asset_10744,0.003310450811576,0,1,T1486
asset_10745,0.9042692805633136,1,0,T1486
asset_10746,0.9042692805633136,1,0,T1486
asset_10747,0.9042692805633136,1,0,T1486
asset_10748,0.9042692805633136,1,1,T1486
asset_10749,0.9042692805633136,1,0,T1486
asset_10750,0.0033104508115333,0,1,T1486
asset_10751,0.9042692805633136,1,0,T1486
asset_10752,0.0033104508115784,0,1,T1486
asset_10753,0.9042692805633136,1,1,T1486
asset_10754,0.9042692805633136,1,1,T1486
asset_10755,0.9042692805633136,1,1,T1486
asset_10756,0.9042692805633136,1,1,T1486
asset_10757,0.9042692805633136,1,0,T1486
asset_10758,0.0033104508114897,0,1,T1486
asset_10759,0.9042692805633136,1,1,T1486
asset_10760,0.003310450811489,0,0,T1486
asset_10761,0.9042692805633136,1,0,T1486
asset_10762,0.9042692805633136,1,1,T1486
asset_10763,0.0033104508115333,0,0,T1486
asset_10764,0.0033104508115205,0,1,T1486
asset_10765,0.0033104508117248,0,1,T1486
asset_10766,0.9042692805633136,1,1,T1486
asset_10767,0.9042692805633136,1,0,T1486
asset_10768,0.9042692805633136,1,0,T1486
asset_10769,0.9042692805633136,1,1,T1486
asset_10770,0.9042692805633136,1,0,T1486
asset_10771,0.9042692805633136,1,1,T1486
asset_10772,0.9042692805633136,1,0,T1486
asset_10773,0.9042692805633136,1,0,T1486
asset_10774,0.9042692805633136,1,0,T1486
asset_10775,0.9042692805633136,1,0,T1486
asset_10776,0.0033104508115293,0,1,T1486
asset_10777,0.0034876895567274,0,1,T1486
asset_10778,0.9042692805633136,1,1,T1486
asset_10779,0.0033104499683465,0,0,T1486
asset_10780,0.9042692805633136,1,0,T1486
asset_10781,0.0033104508115205,0,1,T1486
asset_10782,0.9042692805633136,1,0,T1486
asset_10783,0.9042692805633136,1,0,T1486
asset_10784,0.9042692805633136,1,0,T1486
asset_10785,0.0033104508115318,0,1,T1486
asset_10786,0.0033104508115333,0,0,T1486
asset_10787,0.0033104508115333,0,1,T1486
asset_10788,0.0033104508115309,0,0,T1486
asset_10789,0.0033104508115205,0,1,T1486
asset_10790,0.9042692805633136,1,1,T1486
asset_10791,0.9042692805633136,1,0,T1486
asset_10792,0.0033104464221243,0,1,T1486
asset_10793,0.9042692805633136,1,1,T1486
asset_10794,0.9042692805633136,1,1,T1486
asset_10795,0.9042692805633136,1,1,T1486
asset_10796,0.0033104508115294,0,0,T1486
asset_10797,0.0033104508115333,0,1,T1486
asset_10798,0.9042692805633136,1,1,T1486
asset_10799,0.0033104508115333,0,0,T1486
asset_10800,0.9042692805633136,1,0,T1486
asset_10801,0.0033104508115205,0,0,T1486
asset_10802,0.9042692805633136,1,0,T1486
asset_10803,0.0033104508115333,0,0,T1486
asset_10804,0.0033104508115309,0,0,T1486
asset_10805,0.9042692805633136,1,0,T1486
asset_10806,0.9042692805633136,1,1,T1486
asset_10807,0.0033104508115333,0,1,T1486
asset_10808,0.0033104508115309,0,0,T1486
asset_10809,0.0033104508115309,0,1,T1486
asset_10810,0.0033104508115309,0,0,T1486
asset_10811,0.9042692805633136,1,0,T1486
asset_10812,0.9042692805633136,1,1,T1486
asset_10813,0.9042692805633136,1,1,T1486
asset_10814,0.9042692805633136,1,1,T1486
asset_10815,0.9042692805633136,1,0,T1486
asset_10816,0.9042692805633136,1,1,T1486
asset_10817,0.0033104508115333,0,0,T1486
asset_10818,0.0033104508115333,0,0,T1486
asset_10819,0.0033104508115869,0,0,T1486
asset_10820,0.0033104499673624,0,1,T1486
asset_10821,0.9042692805633136,1,1,T1486
asset_10822,0.0033104508115294,0,1,T1486
asset_10823,0.9042692805633136,1,1,T1486
asset_10824,0.9042692805633136,1,0,T1486
asset_10825,0.0033104508115333,0,1,T1486
asset_10826,0.0033104508115333,0,0,T1486
asset_10827,0.9042692805633136,1,0,T1486
asset_10828,0.9042692805633136,1,1,T1486
asset_10829,0.0033104508115186,0,0,T1486
asset_10830,0.9042692805633136,1,0,T1486
asset_10831,0.0033104508115333,0,1,T1486
asset_10832,0.0033104508115201,0,1,T1486
asset_10833,0.9042692805633136,1,0,T1486
asset_10834,0.0033104508115333,0,0,T1486
asset_10835,0.0033104508115333,0,1,T1486
asset_10836,0.0033104508115169,0,0,T1486
asset_10837,0.9042692805633136,1,1,T1486
asset_10838,0.0033104508115333,0,0,T1486
asset_10839,0.9042692805633136,1,0,T1486
asset_10840,0.0033104508115333,0,1,T1486
asset_10841,0.9042692805633136,1,0,T1486
asset_10842,0.9042692805633136,1,0,T1486
asset_10843,0.9042692805633136,1,0,T1486
asset_10844,0.0033104508115186,0,0,T1486
asset_10845,0.9042692805633136,1,1,T1486
asset_10846,0.9042692805633136,1,1,T1486
asset_10847,0.0033104508115333,0,1,T1486
asset_10848,0.003310450811489,0,1,T1486
asset_10849,0.0033104508114785,0,1,T1486
asset_10850,0.0033104508115333,0,1,T1486
asset_10851,0.0033104508115055,0,0,T1486
asset_10852,0.00331045081212,0,0,T1486
asset_10853,0.0033104508115333,0,1,T1486
asset_10854,0.0033104508115318,0,0,T1486
asset_10855,0.0033104508117248,0,1,T1486
asset_10856,0.0033104508115225,0,0,T1486
asset_10857,0.9042692805633136,1,1,T1486
asset_10858,0.9042692805633136,1,0,T1486
asset_10859,0.9042692805633136,1,1,T1486
asset_10860,0.9042692805633136,1,0,T1486
asset_10861,0.9042692805633136,1,1,T1486
asset_10862,0.9042692805633136,1,0,T1486
asset_10863,0.0033104508115333,0,1,T1486
asset_10864,0.0033104508115333,0,0,T1486
asset_10865,0.0033104508115333,0,0,T1486
asset_10866,0.9042692805633136,1,0,T1486
asset_10867,0.0033104508115333,0,1,T1486
asset_10868,0.9042692805633136,1,0,T1486
asset_10869,0.9042692805633136,1,0,T1486
asset_10870,0.9042692805633136,1,0,T1486
asset_10871,0.9042692805633136,1,0,T1486
asset_10872,0.9042692805633136,1,1,T1486
asset_10873,0.0033104508115201,0,1,T1486
asset_10874,0.9042692805633136,1,1,T1486
asset_10875,0.0033104508115309,0,1,T1486
asset_10876,0.0033104508115333,0,1,T1486
asset_10877,0.9042692805633136,1,0,T1486
asset_10878,0.9042692805633136,1,1,T1486
asset_10879,0.0033104508115333,0,0,T1486
asset_10880,0.9042692805633136,1,1,T1486
asset_10881,0.0033104508115333,0,1,T1486
asset_10882,0.0033104508115293,0,0,T1486
asset_10883,0.9042692805633136,1,0,T1486
asset_10884,0.9042692805633136,1,0,T1486
asset_10885,0.9042692805633136,1,0,T1486
asset_10886,0.9042692805633136,1,1,T1486
asset_10887,0.0033104508114785,0,1,T1486
asset_10888,0.9042692805633136,1,1,T1486
asset_10889,0.9042692805633136,1,1,T1486
asset_10890,0.0033104508115333,0,1,T1486
asset_10891,0.9042692805633136,1,0,T1486
asset_10892,0.0033104508115333,0,0,T1486
asset_10893,0.0033104508115333,0,0,T1486
asset_10894,0.0033104508115058,0,1,T1486
asset_10895,0.9042692805633136,1,0,T1486
asset_10896,0.0033104508115333,0,0,T1486
asset_10897,0.9042692805633136,1,0,T1486
asset_10898,0.9042692805633136,1,1,T1486
asset_10899,0.9042692805633136,1,0,T1486
asset_10900,0.9042692805633136,1,0,T1486
asset_10901,0.9042692805633136,1,0,T1486
asset_10902,0.9042692805633136,1,0,T1486
asset_10903,0.0033104508115333,0,0,T1486
asset_10904,0.9042692805633136,1,1,T1486
asset_10905,0.9042692805633136,1,0,T1486
asset_10906,0.9042692805633136,1,0,T1486
asset_10907,0.0033104508115205,0,1,T1486
asset_10908,0.9042692805633136,1,1,T1486
asset_10909,0.0033104508115333,0,0,T1486
asset_10910,0.9042692805633136,1,1,T1486
asset_10911,0.0033104508115333,0,1,T1486
asset_10912,0.0033104508115309,0,1,T1486
asset_10913,0.0033104508115333,0,0,T1486
asset_10914,0.0033104508115049,0,0,T1486
asset_10915,0.0033104508115333,0,1,T1486
asset_10916,0.0033104508115869,0,1,T1486
asset_10917,0.0033104508115333,0,1,T1486
asset_10918,0.9042692805633136,1,1,T1486
asset_10919,0.0033104508115333,0,1,T1486
asset_10920,0.9042692805633136,1,0,T1486
asset_10921,0.0033104508114895,0,1,T1486
asset_10922,0.0033104508115205,0,1,T1486
asset_10923,0.9042692805633136,1,0,T1486
asset_10924,0.9042692805633136,1,1,T1486
asset_10925,0.0033104508115333,0,0,T1486
asset_10926,0.0033104508115333,0,1,T1486
asset_10927,0.9042692805633136,1,0,T1486
asset_10928,0.9042692805633136,1,1,T1486
asset_10929,0.0033104508115333,0,0,T1486
asset_10930,0.9042692805633136,1,0,T1486
asset_10931,0.9042692805633136,1,1,T1486
asset_10932,0.9042692805633136,1,1,T1486
asset_10933,0.0033104464221243,0,0,T1486
asset_10934,0.9042692805633136,1,1,T1486
asset_10935,0.9042692805633136,1,0,T1486
asset_10936,0.0033104508115225,0,0,T1486
asset_10937,0.0033104508115333,0,0,T1486
asset_10938,0.9042692805633136,1,0,T1486
asset_10939,0.9042692805633136,1,0,T1486
asset_10940,0.9042692805633136,1,0,T1486
asset_10941,0.0033104508115333,0,0,T1486
asset_10942,0.0033104508115333,0,0,T1486
asset_10943,0.9042692805633136,1,0,T1486
asset_10944,0.0033104508115333,0,0,T1486
asset_10945,0.0033104508115225,0,1,T1486
asset_10946,0.9042692805633136,1,0,T1486
asset_10947,0.9042692805633136,1,0,T1486
asset_10948,0.0033104508115868,0,0,T1486
asset_10949,0.0033104508115333,0,1,T1486
asset_10950,0.9042692805633136,1,0,T1486
asset_10951,0.0033104508115333,0,0,T1486
asset_10952,0.9042692805633136,1,0,T1486
asset_10953,0.9042692805633136,1,0,T1486
asset_10954,0.0033104508115333,0,0,T1486
asset_10955,0.9042692805633136,1,0,T1486
asset_10956,0.0033104508115333,0,0,T1486
asset_10957,0.0033104508115097,0,0,T1486
asset_10958,0.0033104508115333,0,0,T1486
asset_10959,0.0033104508115205,0,0,T1486
asset_10960,0.9042692805633136,1,0,T1486
asset_10961,0.0033104508115294,0,1,T1486
asset_10962,0.9042692805633136,1,0,T1486
asset_10963,0.9042692805633136,1,0,T1486
asset_10964,0.0033104490923377,0,1,T1486
asset_10965,0.0033104508115333,0,0,T1486
asset_10966,0.9042692805633136,1,1,T1486
asset_10967,0.0033104508115061,0,0,T1486
asset_10968,0.0033104508115784,0,0,T1486
asset_10969,0.9042692805633136,1,1,T1486
asset_10970,0.0033104508115843,0,0,T1486
asset_10971,0.0033104508115333,0,1,T1486
asset_10972,0.0033104508115333,0,1,T1486
asset_10973,0.0033104508114824,0,1,T1486
asset_10974,0.0033104508115309,0,1,T1486
asset_10975,0.0033104508122665,0,1,T1486
asset_10976,0.9042692805633136,1,0,T1486
asset_10977,0.0033104508115309,0,0,T1486
asset_10978,0.9042692805633136,1,1,T1486
asset_10979,0.9042692805633136,1,1,T1486
asset_10980,0.9042692805633136,1,1,T1486
asset_10981,0.0033104508115099,0,0,T1486
asset_10982,0.0033104508115333,0,0,T1486
asset_10983,0.0033104508115333,0,0,T1486
asset_10984,0.0033104508115869,0,1,T1486
asset_10985,0.0033104508115309,0,0,T1486
asset_10986,0.9042692805633136,1,0,T1486
asset_10987,0.9042692805633136,1,1,T1486
asset_10988,0.0033104508115333,0,0,T1486
asset_10989,0.0033104508115333,0,1,T1486
asset_10990,0.9042692805633136,1,0,T1486
asset_10991,0.9042692805633136,1,0,T1486
asset_10992,0.9042692805633136,1,0,T1486
asset_10993,0.0033104508115333,0,1,T1486
asset_10994,0.9042692805633136,1,0,T1486
asset_10995,0.9042692805633136,1,0,T1486
asset_10996,0.9042692805633136,1,0,T1486
asset_10997,0.0033104508115333,0,1,T1486
asset_10998,0.0033104508115333,0,1,T1486
asset_10999,0.9042692805633136,1,0,T1486
asset_11000,0.9042692805633136,1,1,T1486
asset_11001,0.0033104508115333,0,0,T1486
asset_11002,0.0033104508115333,0,1,T1486
asset_11003,0.0033104508115333,0,1,T1486
asset_11004,0.9042692805633136,1,1,T1486
asset_11005,0.9042692805633136,1,0,T1486
asset_11006,0.9042692805633136,1,0,T1486
asset_11007,0.9042692805633136,1,1,T1486
asset_11008,0.0033104508115294,0,1,T1486
asset_11009,0.9042692805633136,1,0,T1486
asset_11010,0.9042692805633136,1,1,T1486
asset_11011,0.0033104508115333,0,1,T1486
asset_11012,0.9042692805633136,1,1,T1486
asset_11013,0.9042692805633136,1,1,T1486
asset_11014,0.0033104508115333,0,1,T1486
asset_11015,0.0033104508115333,0,1,T1486
asset_11016,0.9042692805633136,1,0,T1486
asset_11017,0.9042692805633136,1,1,T1486
asset_11018,0.0033104508115097,0,1,T1486
asset_11019,0.0033104508114895,0,1,T1486
asset_11020,0.0033104508115333,0,1,T1486
asset_11021,0.0033104457881829,0,1,T1486
asset_11022,0.0033104508115333,0,0,T1486
asset_11023,0.0033104508115333,0,1,T1486
asset_11024,0.0033104508115309,0,0,T1486
asset_11025,0.9042692805633136,1,1,T1486
asset_11026,0.9042692805633136,1,0,T1486
asset_11027,0.0033104508115333,0,0,T1486
asset_11028,0.0033104508115333,0,0,T1486
asset_11029,0.0033104508115333,0,0,T1486
asset_11030,0.0033104508115333,0,1,T1486
asset_11031,0.9042692805633136,1,1,T1486
asset_11032,0.0033104508115333,0,0,T1486
asset_11033,0.0033104508115333,0,0,T1486
asset_11034,0.9042692805633136,1,0,T1486
asset_11035,0.9042692805633136,1,0,T1486
asset_11036,0.0033104508115333,0,0,T1486
asset_11037,0.0033104508115333,0,1,T1486
asset_11038,0.9042692805633136,1,1,T1486
asset_11039,0.9042692805633136,1,1,T1486
asset_11040,0.0033804806987569,0,1,T1486
asset_11041,0.0033104508114856,0,0,T1486
asset_11042,0.0033104508115333,0,0,T1486
asset_11043,0.0033104508115318,0,0,T1486
asset_11044,0.9042692805633136,1,0,T1486
asset_11045,0.0033104508115333,0,0,T1486
asset_11046,0.9042692805633136,1,0,T1486
asset_11047,0.9042692805633136,1,1,T1486
asset_11048,0.9042692805633136,1,0,T1486
asset_11049,0.0033104508115333,0,1,T1486
asset_11050,0.9042692805633136,1,0,T1486
asset_11051,0.0033104508115333,0,1,T1486
asset_11052,0.9042692805633136,1,0,T1486
asset_11053,0.9042692805633136,1,1,T1486
asset_11054,0.9042692805633136,1,1,T1486
asset_11055,0.0033104508115333,0,0,T1486
asset_11056,0.9042692805633136,1,1,T1486
asset_11057,0.9042692805633136,1,0,T1486
asset_11058,0.9042692805633136,1,1,T1486
asset_11059,0.0033104508115333,0,1,T1486
asset_11060,0.9042692805633136,1,0,T1486
asset_11061,0.9042692805633136,1,1,T1486
asset_11062,0.9042692805633136,1,0,T1486
asset_11063,0.0033104508115333,0,0,T1486
asset_11064,0.0033104508115333,0,0,T1486
asset_11065,0.0033104508115333,0,1,T1486
asset_11066,0.9042692805633136,1,0,T1486
asset_11067,0.9042692805633136,1,0,T1486
asset_11068,0.003310450811489,0,1,T1486
asset_11069,0.9042692805633136,1,0,T1486
asset_11070,0.9042692805633136,1,0,T1486
asset_11071,0.0033104508115205,0,0,T1486
asset_11072,0.0033104508115333,0,1,T1486
asset_11073,0.0033104508115333,0,0,T1486
asset_11074,0.0033104508115333,0,0,T1486
asset_11075,0.0033104508114785,0,0,T1486
asset_11076,0.9042692805633136,1,0,T1486
asset_11077,0.0033104508115294,0,0,T1486
asset_11078,0.0033104508114623,0,0,T1486
asset_11079,0.9042692805633136,1,1,T1486
asset_11080,0.0033104508115333,0,0,T1486
asset_11081,0.0033104508115333,0,1,T1486
asset_11082,0.9042692805633136,1,0,T1486
asset_11083,0.9042692805633136,1,1,T1486
asset_11084,0.0033104508115333,0,1,T1486
asset_11085,0.0038345488388173,0,0,T1486
asset_11086,0.0033804806999925,0,1,T1486
asset_11087,0.9042692805633136,1,0,T1486
asset_11088,0.0033104508115333,0,1,T1486
asset_11089,0.0033104508115333,0,0,T1486
asset_11090,0.0033104508115333,0,0,T1486
asset_11091,0.9042692805633136,1,1,T1486
asset_11092,0.9042692805633136,1,1,T1486
asset_11093,0.9042692805633136,1,0,T1486
asset_11094,0.9042692805633136,1,1,T1486
asset_11095,0.9042692805633136,1,1,T1486
asset_11096,0.0033104508115176,0,1,T1486
asset_11097,0.9042692805633136,1,1,T1486
asset_11098,0.9042692805633136,1,1,T1486
asset_11099,0.0033104508115333,0,0,T1486
asset_11100,0.9042692805633136,1,0,T1486
asset_11101,0.9042692805633136,1,0,T1486
asset_11102,0.9042692805633136,1,0,T1486
asset_11103,0.9042692805633136,1,0,T1486
asset_11104,0.9042692805633136,1,0,T1486
asset_11105,0.9042692805633136,1,1,T1486
asset_11106,0.0033104508115333,0,1,T1486
asset_11107,0.0033104508115333,0,0,T1486
asset_11108,0.9042692805633136,1,0,T1486
asset_11109,0.9042692805633136,1,1,T1486
asset_11110,0.0033104508115186,0,0,T1486
asset_11111,0.0033104508115294,0,0,T1486
asset_11112,0.0033104508115309,0,1,T1486
asset_11113,0.9042692805633136,1,0,T1486
asset_11114,0.9042692805633136,1,0,T1486
asset_11115,0.9042692805633136,1,0,T1486
asset_11116,0.0033104508115333,0,0,T1486
asset_11117,0.9042692805633136,1,1,T1486
asset_11118,0.0033104508115163,0,0,T1486
asset_11119,0.9042692805633136,1,1,T1486
asset_11120,0.9042692805633136,1,1,T1486
asset_11121,0.0033104508115333,0,0,T1486
asset_11122,0.0033104508115333,0,1,T1486
asset_11123,0.0033104508115333,0,0,T1486
asset_11124,0.0033104508115099,0,0,T1486
asset_11125,0.0033104508115784,0,1,T1486
asset_11126,0.0033104508115333,0,1,T1486
asset_11127,0.9042692805633136,1,1,T1486
asset_11128,0.0033104508115333,0,0,T1486
asset_11129,0.9042692805633136,1,1,T1486
asset_11130,0.9042692805633136,1,0,T1486
asset_11131,0.9042692805633136,1,1,T1486
asset_11132,0.9042692805633136,1,1,T1486
asset_11133,0.0033104508114933,0,0,T1486
asset_11134,0.0033104508115333,0,0,T1486
asset_11135,0.0033104508115333,0,1,T1486
asset_11136,0.9042692805633136,1,1,T1486
asset_11137,0.9042692805633136,1,1,T1486
asset_11138,0.0033104508115333,0,1,T1486
asset_11139,0.0033104508115333,0,1,T1486
asset_11140,0.0033104508115333,0,0,T1486
asset_11141,0.0033104508115333,0,0,T1486
asset_11142,0.9042692805633136,1,1,T1486
asset_11143,0.0033804806999925,0,1,T1486
asset_11144,0.0033104508115201,0,0,T1486
asset_11145,0.0033104508115333,0,1,T1486
asset_11146,0.0033104508115205,0,0,T1486
asset_11147,0.9042692805633136,1,0,T1486
asset_11148,0.9042692805633136,1,1,T1486
asset_11149,0.9042692805633136,1,1,T1486
asset_11150,0.9042692805633136,1,0,T1486
asset_11151,0.0033104508115205,0,1,T1486
asset_11152,0.9042692805633136,1,0,T1486
asset_11153,0.9042692805633136,1,0,T1486
asset_11154,0.0033104464221243,0,1,T1486
asset_11155,0.9042692805633136,1,1,T1486
asset_11156,0.0033104508115097,0,0,T1486
asset_11157,0.0033104508115309,0,1,T1486
asset_11158,0.9042692805633136,1,1,T1486
asset_11159,0.0033104508115309,0,0,T1486
asset_11160,0.0033104508115333,0,0,T1486
asset_11161,0.9042692805633136,1,0,T1486
asset_11162,0.0033104508115333,0,1,T1486
asset_11163,0.9042692805633136,1,1,T1486
asset_11164,0.0033104508115309,0,0,T1486
asset_11165,0.0033104508115333,0,1,T1486
asset_11166,0.0033104508115333,0,1,T1486
asset_11167,0.9042692805633136,1,1,T1486
asset_11168,0.0033104508115333,0,0,T1486
asset_11169,0.9042692805633136,1,1,T1486
asset_11170,0.0033104508115333,0,0,T1486
asset_11171,0.9042692805633136,1,1,T1486
asset_11172,0.9042692805633136,1,0,T1486
asset_11173,0.9042692805633136,1,0,T1486
asset_11174,0.9042692805633136,1,0,T1486
asset_11175,0.0033104508115333,0,0,T1486
asset_11176,0.0033104508115333,0,1,T1486
asset_11177,0.0033104508115333,0,0,T1486
asset_11178,0.9042692805633136,1,0,T1486
asset_11179,0.0033104508115061,0,0,T1486
asset_11180,0.9042692805633136,1,1,T1486
asset_11181,0.9042692805633136,1,1,T1486
asset_11182,0.0033104508115868,0,0,T1486
asset_11183,0.9042692805633136,1,0,T1486
asset_11184,0.0033104508115333,0,0,T1486
asset_11185,0.0033104508115333,0,1,T1486
asset_11186,0.9042692805633136,1,0,T1486
asset_11187,0.9042692805633136,1,1,T1486
asset_11188,0.9042692805633136,1,1,T1486
asset_11189,0.9042692805633136,1,0,T1486
asset_11190,0.0033104508115333,0,1,T1486
asset_11191,0.0033104508114889,0,0,T1486
asset_11192,0.9042692805633136,1,0,T1486
asset_11193,0.0033104508115868,0,0,T1486
asset_11194,0.0033104508115333,0,1,T1486
asset_11195,0.9042692805633136,1,0,T1486
asset_11196,0.9042692805633136,1,0,T1486
asset_11197,0.9042692805633136,1,1,T1486
asset_11198,0.0033104508115868,0,0,T1486
asset_11199,0.9042692805633136,1,0,T1486
asset_11200,0.9042692805633136,1,0,T1486
asset_11201,0.9042692805633136,1,0,T1486
asset_11202,0.9042692805633136,1,1,T1486
asset_11203,0.0033104499674198,0,1,T1486
asset_11204,0.9042692805633136,1,0,T1486
asset_11205,0.9042692805633136,1,1,T1486
asset_11206,0.9042692805633136,1,0,T1486
asset_11207,0.9042692805633136,1,1,T1486
asset_11208,0.0033104508115333,0,0,T1486
asset_11209,0.0033104508115333,0,0,T1486
asset_11210,0.0033104508115333,0,1,T1486
asset_11211,0.9042692805633136,1,0,T1486
asset_11212,0.0033104508115869,0,0,T1486
asset_11213,0.0033104508115333,0,1,T1486
asset_11214,0.0033104508114552,0,0,T1486
asset_11215,0.003310450811489,0,0,T1486
asset_11216,0.9042692805633136,1,0,T1486
asset_11217,0.0033104508117248,0,1,T1486
asset_11218,0.0033104508115869,0,0,T1486
asset_11219,0.0033104508114677,0,0,T1486
asset_11220,0.0033104508115205,0,1,T1486
asset_11221,0.9042692805633136,1,1,T1486
asset_11222,0.0033104508115333,0,0,T1486
asset_11223,0.9042692805633136,1,0,T1486
asset_11224,0.9042692805633136,1,0,T1486
asset_11225,0.0033104508115333,0,1,T1486
asset_11226,0.0033104508115333,0,1,T1486
asset_11227,0.0033104508115333,0,1,T1486
asset_11228,0.0033104508115333,0,1,T1486
asset_11229,0.0033104508115333,0,0,T1486
asset_11230,0.9042692805633136,1,0,T1486
asset_11231,0.9042692805633136,1,1,T1486
asset_11232,0.9042692805633136,1,0,T1486
asset_11233,0.9042692805633136,1,1,T1486
asset_11234,0.9042692805633136,1,0,T1486
asset_11235,0.9042692805633136,1,0,T1486
asset_11236,0.0033104508115309,0,0,T1486
asset_11237,0.0033104508115309,0,1,T1486
asset_11238,0.9042692805633136,1,1,T1486
asset_11239,0.9042692805633136,1,1,T1486
asset_11240,0.0033104508115868,0,0,T1486
asset_11241,0.9042692805633136,1,1,T1486
asset_11242,0.9042692805633136,1,0,T1486
asset_11243,0.9042692805633136,1,0,T1486
asset_11244,0.9042692805633136,1,0,T1486
asset_11245,0.0033104508115333,0,1,T1486
asset_11246,0.0033104508115333,0,0,T1486
asset_11247,0.9042692805633136,1,0,T1486
asset_11248,0.0033104508115205,0,0,T1486
asset_11249,0.0033104508115333,0,0,T1486
asset_11250,0.9042692805633136,1,1,T1486
asset_11251,0.0033104508115097,0,0,T1486
asset_11252,0.0033104508115333,0,0,T1486
asset_11253,0.0033104508115333,0,1,T1486
asset_11254,0.0033104508115333,0,1,T1486
asset_11255,0.9042692805633136,1,0,T1486
asset_11256,0.9042692805633136,1,1,T1486
asset_11257,0.0033104508115294,0,1,T1486
asset_11258,0.9042692805633136,1,0,T1486
asset_11259,0.0033104508115333,0,0,T1486
asset_11260,0.9042692805633136,1,0,T1486
asset_11261,0.0033104508115333,0,1,T1486
asset_11262,0.0033104508114623,0,1,T1486
asset_11263,0.0033104508115333,0,0,T1486
asset_11264,0.0033104508115333,0,0,T1486
asset_11265,0.9042692805633136,1,0,T1486
asset_11266,0.0033104508115333,0,1,T1486
asset_11267,0.0033104508115333,0,1,T1486
asset_11268,0.9042692805633136,1,1,T1486
asset_11269,0.9042692805633136,1,0,T1486
asset_11270,0.9042692805633136,1,1,T1486
asset_11271,0.0033104508115333,0,0,T1486
asset_11272,0.0033104508115333,0,0,T1486
asset_11273,0.0033104508115333,0,1,T1486
asset_11274,0.9042692805633136,1,0,T1486
asset_11275,0.0033104468656574,0,0,T1486
asset_11276,0.0033104508115333,0,0,T1486
asset_11277,0.0033104500031795,0,1,T1486
asset_11278,0.0033104508115205,0,1,T1486
asset_11279,0.9042692805633136,1,0,T1486
asset_11280,0.0033104508115293,0,0,T1486
asset_11281,0.9042692805633136,1,0,T1486
asset_11282,0.0033104508115333,0,0,T1486
asset_11283,0.9042692805633136,1,1,T1486
asset_11284,0.9042692805633136,1,0,T1486
asset_11285,0.9042692805633136,1,1,T1486
asset_11286,0.0033104508115333,0,1,T1486
asset_11287,0.9042692805633136,1,0,T1486
asset_11288,0.9042692805633136,1,1,T1486
asset_11289,0.0033104508115309,0,1,T1486
asset_11290,0.0033104508115205,0,1,T1486
asset_11291,0.9042692805633136,1,1,T1486
asset_11292,0.9042692805633136,1,1,T1486
asset_11293,0.9042692805633136,1,1,T1486
asset_11294,0.9042692805633136,1,0,T1486
asset_11295,0.0033104508115333,0,1,T1486
asset_11296,0.9042692805633136,1,0,T1486
asset_11297,0.9042692805633136,1,0,T1486
asset_11298,0.9042692805633136,1,1,T1486
asset_11299,0.9042692805633136,1,1,T1486
asset_11300,0.003310450811489,0,0,T1486
asset_11301,0.9042692805633136,1,1,T1486
asset_11302,0.9042692805633136,1,0,T1486
asset_11303,0.9042692805633136,1,0,T1486
asset_11304,0.0033104508115868,0,1,T1486
asset_11305,0.9042692805633136,1,1,T1486
asset_11306,0.9042692805633136,1,1,T1486
asset_11307,0.9042692805633136,1,1,T1486
asset_11308,0.0033104508115868,0,1,T1486
asset_11309,0.0033104508115333,0,0,T1486
asset_11310,0.9042692805633136,1,0,T1486
asset_11311,0.9042692805633136,1,1,T1486
asset_11312,0.9042692805633136,1,1,T1486
asset_11313,0.0033104508115333,0,1,T1486
asset_11314,0.9042692805633136,1,0,T1486
asset_11315,0.0033104508115333,0,1,T1486
asset_11316,0.9042692805633136,1,0,T1486
asset_11317,0.0033104508115333,0,0,T1486
asset_11318,0.9042692805633136,1,1,T1486
asset_11319,0.9042692805633136,1,1,T1486
asset_11320,0.0033104508115271,0,1,T1486
asset_11321,0.0033104508115333,0,0,T1486
asset_11322,0.0033104508115309,0,0,T1486
asset_11323,0.0033104508115201,0,1,T1486
asset_11324,0.9042692805633136,1,0,T1486
asset_11325,0.0033104508115309,0,0,T1486
asset_11326,0.9042692805633136,1,0,T1486
asset_11327,0.9042692805633136,1,0,T1486
asset_11328,0.9042692805633136,1,1,T1486
asset_11329,0.0033104508115868,0,0,T1486
asset_11330,0.9042692805633136,1,1,T1486
asset_11331,0.9042692805633136,1,0,T1486
asset_11332,0.9042692805633136,1,0,T1486
asset_11333,0.0033104508115333,0,0,T1486
asset_11334,0.0033104508115333,0,1,T1486
asset_11335,0.9042692805633136,1,1,T1486
asset_11336,0.0033104508115333,0,0,T1486
asset_11337,0.9042692805633136,1,0,T1486
asset_11338,0.9042692805633136,1,1,T1486
asset_11339,0.0033104508115293,0,1,T1486
asset_11340,0.0033104508115309,0,0,T1486
asset_11341,0.0033104508115294,0,0,T1486
asset_11342,0.0033104508115293,0,1,T1486
asset_11343,0.9042692805633136,1,0,T1486
asset_11344,0.9042692805633136,1,1,T1486
asset_11345,0.9042692805633136,1,1,T1486
asset_11346,0.9042692805633136,1,1,T1486
asset_11347,0.0033104508115205,0,1,T1486
asset_11348,0.0033104508115758,0,0,T1486
asset_11349,0.9042692805633136,1,0,T1486
asset_11350,0.0033104508115333,0,0,T1486
asset_11351,0.0033104508115186,0,0,T1486
asset_11352,0.9042692805633136,1,1,T1486
asset_11353,0.9042692805633136,1,0,T1486
asset_11354,0.9042692805633136,1,1,T1486
asset_11355,0.0033104508115843,0,1,T1486
asset_11356,0.0033104508120334,0,1,T1486
asset_11357,0.9042692805633136,1,1,T1486
asset_11358,0.0033104508114618,0,1,T1486
asset_11359,0.0033104508115205,0,0,T1486
asset_11360,0.0033104508115333,0,0,T1486
asset_11361,0.9042692805633136,1,1,T1486
asset_11362,0.0033104508115869,0,0,T1486
asset_11363,0.9042692805633136,1,0,T1486
asset_11364,0.0033104508115333,0,1,T1486
asset_11365,0.9042692805633136,1,1,T1486
asset_11366,0.0033104508115333,0,0,T1486
asset_11367,0.0033104508115333,0,0,T1486
asset_11368,0.9042692805633136,1,1,T1486
asset_11369,0.9042692805633136,1,0,T1486
asset_11370,0.0033104508115333,0,1,T1486
asset_11371,0.0033104508115333,0,0,T1486
asset_11372,0.9042692805633136,1,1,T1486
asset_11373,0.0033104508115294,0,0,T1486
asset_11374,0.0033104508115333,0,1,T1486
asset_11375,0.0033104508115309,0,0,T1486
asset_11376,0.0033104508115333,0,0,T1486
asset_11377,0.9042692805633136,1,1,T1486
asset_11378,0.0033104508115333,0,0,T1486
asset_11379,0.9042692805633136,1,0,T1486
asset_11380,0.0033104508115293,0,0,T1486
asset_11381,0.0033104508115333,0,1,T1486
asset_11382,0.9042692805633136,1,0,T1486
asset_11383,0.0033104508121311,0,1,T1486
asset_11384,0.0033104508115333,0,0,T1486
asset_11385,0.9042692805633136,1,1,T1486
asset_11386,0.0033104508115333,0,0,T1486
asset_11387,0.0033104508115309,0,1,T1486
asset_11388,0.9042692805633136,1,0,T1486
asset_11389,0.0033104508115333,0,1,T1486
asset_11390,0.0033104508115333,0,1,T1486
asset_11391,0.0033104508115333,0,0,T1486
asset_11392,0.9042692805633136,1,1,T1486
asset_11393,0.9042692805633136,1,1,T1486
asset_11394,0.0033104508115333,0,0,T1486
asset_11395,0.9042692805633136,1,1,T1486
asset_11396,0.0033104508115333,0,0,T1486
asset_11397,0.0033104508115333,0,0,T1486
asset_11398,0.0033104508115225,0,0,T1486
asset_11399,0.0033104508115205,0,0,T1486
asset_11400,0.9042692805633136,1,1,T1486
asset_11401,0.0033104508115049,0,1,T1486
asset_11402,0.9042692805633136,1,1,T1486
asset_11403,0.0033104508115225,0,0,T1486
asset_11404,0.9042692805633136,1,1,T1486
asset_11405,0.0033104508115333,0,0,T1486
asset_11406,0.0033104508114935,0,0,T1486
asset_11407,0.9042692805633136,1,1,T1486
asset_11408,0.0033104508114856,0,1,T1486
asset_11409,0.0033104508115196,0,0,T1486
asset_11410,0.0033104508114889,0,0,T1486
asset_11411,0.9042692805633136,1,0,T1486
asset_11412,0.9042692805633136,1,1,T1486
asset_11413,0.9042692805633136,1,1,T1486
asset_11414,0.9042692805633136,1,0,T1486
asset_11415,0.9042692805633136,1,0,T1486
asset_11416,0.9042692805633136,1,1,T1486
asset_11417,0.9042692805633136,1,1,T1486
asset_11418,0.0033104508115333,0,0,T1486
asset_11419,0.9042692805633136,1,1,T1486
asset_11420,0.0033104508115294,0,1,T1486
asset_11421,0.9042692805633136,1,0,T1486
asset_11422,0.9042692805633136,1,0,T1486
asset_11423,0.9042692805633136,1,1,T1486
asset_11424,0.9042692805633136,1,0,T1486
asset_11425,0.9042692805633136,1,0,T1486
asset_11426,0.9042692805633136,1,1,T1486
asset_11427,0.0033104508115294,0,1,T1486
asset_11428,0.0033104508115333,0,1,T1486
asset_11429,0.9042692805633136,1,1,T1486
asset_11430,0.0033104508115333,0,1,T1486
asset_11431,0.0033104508115309,0,0,T1486
asset_11432,0.0033104508115294,0,1,T1486
asset_11433,0.9042692805633136,1,1,T1486
asset_11434,0.0033104508115294,0,0,T1486
asset_11435,0.9042692805633136,1,1,T1486
asset_11436,0.9042692805633136,1,0,T1486
asset_11437,0.0033104508115333,0,0,T1486
asset_11438,0.9042692805633136,1,0,T1486
asset_11439,0.9042692805633136,1,1,T1486
asset_11440,0.9042692805633136,1,0,T1486
asset_11441,0.9042692805633136,1,0,T1486
asset_11442,0.0038348346312891,0,1,T1486
asset_11443,0.9042692805633136,1,0,T1486
asset_11444,0.9042692805633136,1,0,T1486
asset_11445,0.9042692805633136,1,1,T1486
asset_11446,0.0033104508115333,0,0,T1486
asset_11447,0.0033104508115205,0,1,T1486
asset_11448,0.9042692805633136,1,1,T1486
asset_11449,0.9042692805633136,1,0,T1486
asset_11450,0.9042692805633136,1,1,T1486
asset_11451,0.0033104508115333,0,0,T1486
asset_11452,0.0033104508115205,0,1,T1486
asset_11453,0.0033104508115333,0,0,T1486
asset_11454,0.9042692805633136,1,1,T1486
asset_11455,0.9042692805633136,1,0,T1486
asset_11456,0.0033104508115333,0,1,T1486
asset_11457,0.9042692805633136,1,0,T1486
asset_11458,0.9042692805633136,1,0,T1486
asset_11459,0.9042692805633136,1,1,T1486
asset_11460,0.0033104508115333,0,1,T1486
asset_11461,0.0033104508115333,0,0,T1486
asset_11462,0.0033104508115333,0,0,T1486
asset_11463,0.9042692805633136,1,0,T1486
asset_11464,0.0033104508115333,0,1,T1486
asset_11465,0.0033104508115333,0,1,T1486
asset_11466,0.9042692805633136,1,0,T1486
asset_11467,0.0033104508115333,0,1,T1486
asset_11468,0.9042692805633136,1,1,T1486
asset_11469,0.9042692805633136,1,1,T1486
asset_11470,0.9042692805633136,1,0,T1486
asset_11471,0.9042692805633136,1,1,T1486
asset_11472,0.9042692805633136,1,0,T1486
asset_11473,0.0033104508115294,0,1,T1486
asset_11474,0.0033104508115333,0,1,T1486
asset_11475,0.0033104508115097,0,0,T1486
asset_11476,0.0033104508115225,0,1,T1486
asset_11477,0.9042692805633136,1,1,T1486
asset_11478,0.0033104508115309,0,1,T1486
asset_11479,0.0033104508115333,0,1,T1486
asset_11480,0.0033104508115333,0,1,T1486
asset_11481,0.9042692805633136,1,0,T1486
asset_11482,0.0033104508115309,0,1,T1486
asset_11483,0.0033104508114785,0,1,T1486
asset_11484,0.003310450811521,0,1,T1486
asset_11485,0.9042692805633136,1,0,T1486
asset_11486,0.003310450811523,0,1,T1486
asset_11487,0.0033104508115333,0,0,T1486
asset_11488,0.9042692805633136,1,0,T1486
asset_11489,0.0033104508115309,0,1,T1486
asset_11490,0.0033104508115333,0,1,T1486
asset_11491,0.9042692805633136,1,1,T1486
asset_11492,0.0033104508115099,0,1,T1486
asset_11493,0.9042692805633136,1,1,T1486
asset_11494,0.0033104508115333,0,1,T1486
asset_11495,0.0033104508115333,0,0,T1486
asset_11496,0.0033104508115333,0,1,T1486
asset_11497,0.9042692805633136,1,1,T1486
asset_11498,0.9042692805633136,1,1,T1486
asset_11499,0.0033104508115333,0,0,T1486
asset_11500,0.9042692805633136,1,1,T1486
asset_11501,0.9042692805633136,1,1,T1486
asset_11502,0.9042692805633136,1,1,T1486
asset_11503,0.9042692805633136,1,1,T1486
asset_11504,0.9042692805633136,1,1,T1486
asset_11505,0.0033104508115309,0,1,T1486
asset_11506,0.0033104508115316,0,0,T1486
asset_11507,0.0033104508115333,0,0,T1486
asset_11508,0.0033104508115309,0,1,T1486
asset_11509,0.003310450811583,0,1,T1486
asset_11510,0.9042692805633136,1,0,T1486
asset_11511,0.0033104508115097,0,0,T1486
asset_11512,0.9042692805633136,1,0,T1486
asset_11513,0.9042692805633136,1,0,T1486
asset_11514,0.0033104508115333,0,0,T1486
asset_11515,0.0033104508114895,0,0,T1486
asset_11516,0.0033104508115294,0,1,T1486
asset_11517,0.0033104508115318,0,1,T1486
asset_11518,0.0033104508115333,0,0,T1486
asset_11519,0.0033104508115333,0,1,T1486
asset_11520,0.0033104508115294,0,0,T1486
asset_11521,0.9042692805633136,1,0,T1486
asset_11522,0.0033104508114785,0,1,T1486
asset_11523,0.9042692805633136,1,1,T1486
asset_11524,0.0033104508115333,0,1,T1486
asset_11525,0.0033104508115333,0,0,T1486
asset_11526,0.9042692805633136,1,1,T1486
asset_11527,0.9042692805633136,1,1,T1486
asset_11528,0.9042692805633136,1,0,T1486
asset_11529,0.9042692805633136,1,0,T1486
asset_11530,0.0033104508115205,0,1,T1486
asset_11531,0.9042692805633136,1,0,T1486
asset_11532,0.9042692805633136,1,0,T1486
asset_11533,0.0033104508115333,0,0,T1486
asset_11534,0.9042692805633136,1,0,T1486
asset_11535,0.9042692805633136,1,1,T1486
asset_11536,0.9042692805633136,1,1,T1486
asset_11537,0.0033104508115342,0,1,T1486
asset_11538,0.9042692805633136,1,0,T1486
asset_11539,0.9042692805633136,1,1,T1486
asset_11540,0.9042692805633136,1,0,T1486
asset_11541,0.0033104490932545,0,1,T1486
asset_11542,0.0033104508114786,0,1,T1486
asset_11543,0.9042692805633136,1,1,T1486
asset_11544,0.0033104508115333,0,1,T1486
asset_11545,0.9042692805633136,1,1,T1486
asset_11546,0.9042692805633136,1,0,T1486
asset_11547,0.9042692805633136,1,1,T1486
asset_11548,0.0033104508115333,0,0,T1486
asset_11549,0.9042692805633136,1,1,T1486
asset_11550,0.0033104508115333,0,0,T1486
asset_11551,0.9042692805633136,1,1,T1486
asset_11552,0.0033104508115309,0,1,T1486
asset_11553,0.9042692805633136,1,0,T1486
asset_11554,0.9042692805633136,1,1,T1486
asset_11555,0.9042692805633136,1,0,T1486
asset_11556,0.0033104508115333,0,0,T1486
asset_11557,0.9042692805633136,1,0,T1486
asset_11558,0.9042692805633136,1,0,T1486
asset_11559,0.9042692805633136,1,0,T1486
asset_11560,0.0033104508114552,0,1,T1486
asset_11561,0.9042692805633136,1,1,T1486
asset_11562,0.0033104508115046,0,0,T1486
asset_11563,0.0033104508115333,0,0,T1486
asset_11564,0.0033104508115333,0,1,T1486
asset_11565,0.9042692805633136,1,0,T1486
asset_11566,0.9042692805633136,1,1,T1486
asset_11567,0.9042692805633136,1,0,T1486
asset_11568,0.9042692805633136,1,0,T1486
asset_11569,0.9042692805633136,1,1,T1486
asset_11570,0.0033104508115333,0,0,T1486
asset_11571,0.9042692805633136,1,0,T1486
asset_11572,0.9042692805633136,1,0,T1486
asset_11573,0.0033104508115333,0,0,T1486
asset_11574,0.0033104508115333,0,1,T1486
asset_11575,0.0033104508115333,0,1,T1486
asset_11576,0.9042692805633136,1,1,T1486
asset_11577,0.9042692805633136,1,0,T1486
asset_11578,0.9042692805633136,1,0,T1486
asset_11579,0.0033104508115058,0,1,T1486
asset_11580,0.9042692805633136,1,1,T1486
asset_11581,0.0033104508115333,0,1,T1486
asset_11582,0.9042692805633136,1,1,T1486
asset_11583,0.0033104508115309,0,1,T1486
asset_11584,0.9042692805633136,1,1,T1486
asset_11585,0.9042692805633136,1,1,T1486
asset_11586,0.9042692805633136,1,1,T1486
asset_11587,0.9042692805633136,1,0,T1486
asset_11588,0.0033104508115333,0,0,T1486
asset_11589,0.9042692805633136,1,0,T1486
asset_11590,0.9042692805633136,1,0,T1486
asset_11591,0.0033104508115225,0,1,T1486
asset_11592,0.0033104508115333,0,1,T1486
asset_11593,0.9042692805633136,1,0,T1486
asset_11594,0.9042692805633136,1,0,T1486
asset_11595,0.9042692805633136,1,0,T1486
asset_11596,0.003310450811489,0,1,T1486
asset_11597,0.0033104508115342,0,0,T1486
asset_11598,0.9042692805633136,1,0,T1486
asset_11599,0.9042692805633136,1,0,T1486
asset_11600,0.9042692805633136,1,0,T1486
asset_11601,0.9042692805633136,1,1,T1486
asset_11602,0.9042692805633136,1,0,T1486
asset_11603,0.0033104508115284,0,1,T1486
asset_11604,0.0033104508115333,0,1,T1486
asset_11605,0.0033104508115309,0,1,T1486
asset_11606,0.0033104508115333,0,1,T1486
asset_11607,0.0033104499673624,0,1,T1486
asset_11608,0.9042692805633136,1,0,T1486
asset_11609,0.9042692805633136,1,0,T1486
asset_11610,0.0033104508115333,0,0,T1486
asset_11611,0.9042692805633136,1,1,T1486
asset_11612,0.9042692805633136,1,0,T1486
asset_11613,0.0033104508115333,0,0,T1486
asset_11614,0.0033104508115225,0,1,T1486
asset_11615,0.003310450811489,0,0,T1486
asset_11616,0.0033104508114785,0,1,T1486
asset_11617,0.0033104508115333,0,0,T1486
asset_11618,0.0033104508115333,0,1,T1486
asset_11619,0.9042692805633136,1,1,T1486
asset_11620,0.0033104508115309,0,0,T1486
asset_11621,0.0033104508115333,0,1,T1486
asset_11622,0.0033104508115169,0,1,T1486
asset_11623,0.0033104508115061,0,1,T1486
asset_11624,0.9042692805633136,1,0,T1486
asset_11625,0.9042692805633136,1,1,T1486
asset_11626,0.9042692805633136,1,0,T1486
asset_11627,0.9042692805633136,1,0,T1486
asset_11628,0.9042692805633136,1,1,T1486
asset_11629,0.9042692805633136,1,0,T1486
asset_11630,0.0033104508115333,0,1,T1486
asset_11631,0.9042692805633136,1,0,T1486
asset_11632,0.9042692805633136,1,0,T1486
asset_11633,0.0033104508114623,0,0,T1486
asset_11634,0.9042692805633136,1,0,T1486
asset_11635,0.0033454389816956,0,1,T1486
asset_11636,0.9042692805633136,1,0,T1486
asset_11637,0.0033104508115205,0,0,T1486
asset_11638,0.9042692805633136,1,1,T1486
asset_11639,0.9042692805633136,1,1,T1486
asset_11640,0.9042692805633136,1,0,T1486
asset_11641,0.9042692805633136,1,0,T1486
asset_11642,0.9042692805633136,1,1,T1486
asset_11643,0.0033104508115333,0,0,T1486
asset_11644,0.9042692805633136,1,1,T1486
asset_11645,0.9042692805633136,1,0,T1486
asset_11646,0.0033104508115333,0,0,T1486
asset_11647,0.9042692805633136,1,1,T1486
asset_11648,0.0033104508115333,0,0,T1486
asset_11649,0.9042692805633136,1,0,T1486
asset_11650,0.9042692805633136,1,0,T1486
asset_11651,0.9042692805633136,1,1,T1486
asset_11652,0.0033104508114959,0,1,T1486
asset_11653,0.0033104508115333,0,1,T1486
asset_11654,0.0033104508115333,0,0,T1486
asset_11655,0.0033104508115271,0,0,T1486
asset_11656,0.0033104508115201,0,0,T1486
asset_11657,0.9042692805633136,1,1,T1486
asset_11658,0.9042692805633136,1,0,T1486
asset_11659,0.0033104508115333,0,0,T1486
asset_11660,0.9042692805633136,1,0,T1486
asset_11661,0.0033104508115309,0,0,T1486
asset_11662,0.9042692805633136,1,1,T1486
asset_11663,0.0033104508115333,0,0,T1486
asset_11664,0.0033104508115293,0,0,T1486
asset_11665,0.0033104508114623,0,0,T1486
asset_11666,0.9042692805633136,1,1,T1486
asset_11667,0.0033104508115205,0,1,T1486
asset_11668,0.9042692805633136,1,1,T1486
asset_11669,0.0033104508115333,0,0,T1486
asset_11670,0.9042692805633136,1,1,T1486
asset_11671,0.9042692805633136,1,1,T1486
asset_11672,0.0033104508115333,0,0,T1486
asset_11673,0.003310450811466,0,1,T1486
asset_11674,0.9042692805633136,1,1,T1486
asset_11675,0.0033104508116689,0,1,T1486
asset_11676,0.9042692805633136,1,0,T1486
asset_11677,0.9042692805633136,1,1,T1486
asset_11678,0.9042692805633136,1,1,T1486
asset_11679,0.9042692805633136,1,1,T1486
asset_11680,0.0033104508115333,0,1,T1486
asset_11681,0.9042692805633136,1,0,T1486
asset_11682,0.9042692805633136,1,1,T1486
asset_11683,0.0033104508115333,0,1,T1486
asset_11684,0.9042692805633136,1,0,T1486
asset_11685,0.9042692805633136,1,1,T1486
asset_11686,0.003310450811489,0,1,T1486
asset_11687,0.9042692805633136,1,1,T1486
asset_11688,0.003310450811523,0,1,T1486
asset_11689,0.9042692805633136,1,0,T1486
asset_11690,0.9042692805633136,1,1,T1486
asset_11691,0.0033104508115309,0,1,T1486
asset_11692,0.9042692805633136,1,0,T1486
asset_11693,0.0033104508114933,0,1,T1486
asset_11694,0.0033104508115333,0,1,T1486
asset_11695,0.0033104508115333,0,1,T1486
asset_11696,0.9042692805633136,1,1,T1486
asset_11697,0.9042692805633136,1,0,T1486
asset_11698,0.9042692805633136,1,1,T1486
asset_11699,0.0033104508115309,0,0,T1486
asset_11700,0.9042692805633136,1,1,T1486
asset_11701,0.0033454925291896,0,0,T1486
asset_11702,0.0033104508114895,0,1,T1486
asset_11703,0.9042692805633136,1,1,T1486
asset_11704,0.0033104508115333,0,0,T1486
asset_11705,0.0033104508115868,0,0,T1486
asset_11706,0.9042692805633136,1,1,T1486
asset_11707,0.0033104508114616,0,0,T1486
asset_11708,0.0033104508115333,0,0,T1486
asset_11709,0.9042692805633136,1,0,T1486
asset_11710,0.9042692805633136,1,0,T1486
asset_11711,0.9042692805633136,1,0,T1486
asset_11712,0.9042692805633136,1,1,T1486
asset_11713,0.0033104508115333,0,0,T1486
asset_11714,0.0033104508115061,0,1,T1486
asset_11715,0.0033104508115333,0,0,T1486
asset_11716,0.0033104508115333,0,1,T1486
asset_11717,0.0033104508115333,0,0,T1486
asset_11718,0.0033104508115169,0,1,T1486
asset_11719,0.9042692805633136,1,1,T1486
asset_11720,0.0033104508115293,0,0,T1486
asset_11721,0.0033104508115333,0,0,T1486
asset_11722,0.0033104508115333,0,1,T1486
asset_11723,0.0033104508115333,0,0,T1486
asset_11724,0.9042692805633136,1,0,T1486
asset_11725,0.9042692805633136,1,0,T1486
asset_11726,0.9042692805633136,1,0,T1486
asset_11727,0.9042692805633136,1,0,T1486
asset_11728,0.9042692805633136,1,0,T1486
asset_11729,0.9042692805633136,1,0,T1486
asset_11730,0.9042692805633136,1,1,T1486
asset_11731,0.9042692805633136,1,0,T1486
asset_11732,0.9042692805633136,1,0,T1486
asset_11733,0.0033104508116792,0,0,T1486
asset_11734,0.9042692805633136,1,0,T1486
asset_11735,0.9042692805633136,1,1,T1486
asset_11736,0.9042692805633136,1,0,T1486
asset_11737,0.0033104508115333,0,1,T1486
asset_11738,0.9042692805633136,1,0,T1486
asset_11739,0.9042692805633136,1,0,T1486
asset_11740,0.9042692805633136,1,0,T1486
asset_11741,0.0033104508115869,0,0,T1486
asset_11742,0.9042692805633136,1,0,T1486
asset_11743,0.9042692805633136,1,0,T1486
asset_11744,0.9042692805633136,1,0,T1486
asset_11745,0.0033104508115205,0,1,T1486
asset_11746,0.9042692805633136,1,1,T1486
asset_11747,0.0033104508114889,0,0,T1486
asset_11748,0.9042692805633136,1,1,T1486
asset_11749,0.9042692805633136,1,1,T1486
asset_11750,0.9042692805633136,1,0,T1486
asset_11751,0.9042692805633136,1,1,T1486
asset_11752,0.0033104508115333,0,1,T1486
asset_11753,0.9042692805633136,1,1,T1486
asset_11754,0.9042692805633136,1,1,T1486
asset_11755,0.9042692805633136,1,0,T1486
asset_11756,0.9042692805633136,1,1,T1486
asset_11757,0.9042692805633136,1,1,T1486
asset_11758,0.0033104508115333,0,1,T1486
asset_11759,0.0033104508115333,0,0,T1486
asset_11760,0.9042692805633136,1,1,T1486
asset_11761,0.9042692805633136,1,1,T1486
asset_11762,0.0033104508115333,0,0,T1486
asset_11763,0.0033104508115333,0,0,T1486
asset_11764,0.9042692805633136,1,0,T1486
asset_11765,0.9042692805633136,1,1,T1486
asset_11766,0.9042692805633136,1,0,T1486
asset_11767,0.0033104508115868,0,0,T1486
asset_11768,0.9042692805633136,1,1,T1486
asset_11769,0.9042692805633136,1,0,T1486
asset_11770,0.0033104508115318,0,1,T1486
asset_11771,0.9042692805633136,1,0,T1486
asset_11772,0.9042692805633136,1,0,T1486
asset_11773,0.9042692805633136,1,1,T1486
asset_11774,0.9042692805633136,1,1,T1486
asset_11775,0.003310450811489,0,0,T1486
asset_11776,0.9042692805633136,1,0,T1486
asset_11777,0.9042692805633136,1,1,T1486
asset_11778,0.9042692805633136,1,0,T1486
asset_11779,0.9042692805633136,1,1,T1486
asset_11780,0.9042692805633136,1,1,T1486
asset_11781,0.9042692805633136,1,1,T1486
asset_11782,0.0033104508115333,0,0,T1486
asset_11783,0.9042692805633136,1,0,T1486
asset_11784,0.9042692805633136,1,0,T1486
asset_11785,0.0033104508115333,0,1,T1486
asset_11786,0.0033104508115309,0,0,T1486
asset_11787,0.9042692805633136,1,1,T1486
asset_11788,0.9042692805633136,1,1,T1486
asset_11789,0.9042692805633136,1,0,T1486
asset_11790,0.0033104508115333,0,1,T1486
asset_11791,0.0033104508115333,0,1,T1486
asset_11792,0.9042692805633136,1,0,T1486
asset_11793,0.9042692805633136,1,1,T1486
asset_11794,0.9042692805633136,1,0,T1486
asset_11795,0.9042692805633136,1,0,T1486
asset_11796,0.0033104508115333,0,1,T1486
asset_11797,0.0033104508121311,0,0,T1486
asset_11798,0.9042692805633136,1,1,T1486
asset_11799,0.0033104508115333,0,0,T1486
asset_11800,0.0033104508115318,0,0,T1486
asset_11801,0.9042692805633136,1,0,T1486
asset_11802,0.0033104508115333,0,1,T1486
asset_11803,0.9042692805633136,1,0,T1486
asset_11804,0.0033104508114824,0,0,T1486
asset_11805,0.00331045081212,0,0,T1486
asset_11806,0.0033104508115333,0,0,T1486
asset_11807,0.9042692805633136,1,1,T1486
asset_11808,0.0033104508115333,0,1,T1486
asset_11809,0.0033104508115333,0,0,T1486
asset_11810,0.0033104508115201,0,0,T1486
asset_11811,0.9042692805633136,1,1,T1486
asset_11812,0.9042692805633136,1,0,T1486
asset_11813,0.9042692805633136,1,0,T1486
asset_11814,0.9042692805633136,1,0,T1486
asset_11815,0.0033104508115868,0,0,T1486
asset_11816,0.0033104508115225,0,1,T1486
asset_11817,0.0033104508115333,0,0,T1486
asset_11818,0.9042692805633136,1,0,T1486
asset_11819,0.9042692805633136,1,0,T1486
asset_11820,0.0033104508115333,0,0,T1486
asset_11821,0.0033104508115333,0,1,T1486
asset_11822,0.9042692805633136,1,1,T1486
asset_11823,0.9042692805633136,1,0,T1486
asset_11824,0.9042692805633136,1,0,T1486
asset_11825,0.9042692805633136,1,0,T1486
asset_11826,0.0033104508115333,0,0,T1486
asset_11827,0.0033104508115333,0,0,T1486
asset_11828,0.9042692805633136,1,0,T1486
asset_11829,0.9042692805633136,1,0,T1486
asset_11830,0.9042692805633136,1,1,T1486
asset_11831,0.9042692805633136,1,0,T1486
asset_11832,0.0033104508115307,0,1,T1486
asset_11833,0.9042692805633136,1,0,T1486
asset_11834,0.9042692805633136,1,1,T1486
asset_11835,0.0033104508115333,0,0,T1486
asset_11836,0.9042692805633136,1,0,T1486
asset_11837,0.9042692805633136,1,0,T1486
asset_11838,0.9042692805633136,1,0,T1486
asset_11839,0.0033104508115333,0,1,T1486
asset_11840,0.9042692805633136,1,1,T1486
asset_11841,0.9042692805633136,1,0,T1486
asset_11842,0.0033104508115333,0,0,T1486
asset_11843,0.0033104508115333,0,0,T1486
asset_11844,0.0033104508115333,0,1,T1486
asset_11845,0.0033104508115309,0,0,T1486
asset_11846,0.9042692805633136,1,1,T1486
asset_11847,0.0033104508115099,0,0,T1486
asset_11848,0.9042692805633136,1,0,T1486
asset_11849,0.0033104508115868,0,1,T1486
asset_11850,0.0033104508115333,0,1,T1486
asset_11851,0.9042692805633136,1,1,T1486
asset_11852,0.0033104508115333,0,0,T1486
asset_11853,0.0033104508115333,0,1,T1486
asset_11854,0.0033104508115208,0,0,T1486
asset_11855,0.9042692805633136,1,1,T1486
asset_11856,0.9042692805633136,1,1,T1486
asset_11857,0.9042692805633136,1,1,T1486
asset_11858,0.9042692805633136,1,0,T1486
asset_11859,0.0033104508115333,0,0,T1486
asset_11860,0.9042692805633136,1,1,T1486
asset_11861,0.9042692805633136,1,0,T1486
asset_11862,0.9042692805633136,1,0,T1486
asset_11863,0.9042692805633136,1,0,T1486
asset_11864,0.9042692805633136,1,0,T1486
asset_11865,0.0033104508115333,0,0,T1486
asset_11866,0.9042692805633136,1,1,T1486
asset_11867,0.9042692805633136,1,1,T1486
asset_11868,0.0033104508115333,0,0,T1486
asset_11869,0.9042692805633136,1,1,T1486
asset_11870,0.0033104508115309,0,0,T1486
asset_11871,0.9042692805633136,1,0,T1486
asset_11872,0.9042692805633136,1,0,T1486
asset_11873,0.9042692805633136,1,1,T1486
asset_11874,0.0033104508115333,0,1,T1486
asset_11875,0.9042692805633136,1,0,T1486
asset_11876,0.9042692805633136,1,0,T1486
asset_11877,0.0033104508115333,0,0,T1486
asset_11878,0.0033104508115309,0,0,T1486
asset_11879,0.9042692805633136,1,0,T1486
asset_11880,0.9042692805633136,1,0,T1486
asset_11881,0.0033104508115333,0,1,T1486
asset_11882,0.9042692805633136,1,1,T1486
asset_11883,0.9042692805633136,1,1,T1486
asset_11884,0.0033104508115333,0,1,T1486
asset_11885,0.0033104508115037,0,0,T1486
asset_11886,0.0033104508115225,0,0,T1486
asset_11887,0.0033104508115333,0,1,T1486
asset_11888,0.9042692805633136,1,1,T1486
asset_11889,0.9042692805633136,1,0,T1486
asset_11890,0.0033104508115333,0,1,T1486
asset_11891,0.9042692805633136,1,1,T1486
asset_11892,0.0038345488388173,0,1,T1486
asset_11893,0.0033104508115333,0,0,T1486
asset_11894,0.0033104508114897,0,1,T1486
asset_11895,0.0033104508115333,0,1,T1486
asset_11896,0.9042692805633136,1,1,T1486
asset_11897,0.9042692805633136,1,0,T1486
asset_11898,0.9042692805633136,1,0,T1486
asset_11899,0.0033104508115309,0,0,T1486
asset_11900,0.0033104508115205,0,0,T1486
asset_11901,0.9042692805633136,1,0,T1486
asset_11902,0.9042692805633136,1,0,T1486
asset_11903,0.9042692805633136,1,1,T1486
asset_11904,0.9042692805633136,1,0,T1486
asset_11905,0.0033104508115333,0,0,T1486
asset_11906,0.9042692805633136,1,0,T1486
asset_11907,0.9042692805633136,1,0,T1486
asset_11908,0.9042692805633136,1,1,T1486
asset_11909,0.9042692805633136,1,1,T1486
asset_11910,0.9042692805633136,1,1,T1486
asset_11911,0.9042692805633136,1,1,T1486
asset_11912,0.9042692805633136,1,0,T1486
asset_11913,0.0033104508115333,0,0,T1486
asset_11914,0.0033104508115333,0,1,T1486
asset_11915,0.0033104508115333,0,0,T1486
asset_11916,0.0033104508114623,0,1,T1486
asset_11917,0.9042692805633136,1,1,T1486
asset_11918,0.0033104508114616,0,1,T1486
asset_11919,0.9042692805633136,1,0,T1486
asset_11920,0.0033104508115333,0,0,T1486
asset_11921,0.9042692805633136,1,1,T1486
asset_11922,0.9042692805633136,1,1,T1486
asset_11923,0.9042692805633136,1,0,T1486
asset_11924,0.9042692805633136,1,0,T1486
asset_11925,0.0033104508115294,0,1,T1486
asset_11926,0.0033104508115294,0,1,T1486
asset_11927,0.9042692805633136,1,0,T1486
asset_11928,0.0033104508135067,0,1,T1486
asset_11929,0.0033104508115333,0,0,T1486
asset_11930,0.9042692805633136,1,1,T1486
asset_11931,0.0033104508115097,0,1,T1486
asset_11932,0.0033104508115333,0,1,T1486
asset_11933,0.0033104508115333,0,1,T1486
asset_11934,0.9042692805633136,1,1,T1486
asset_11935,0.9042692805633136,1,0,T1486
asset_11936,0.0033104508115868,0,0,T1486
asset_11937,0.0033104508115333,0,0,T1486
asset_11938,0.9042692805633136,1,0,T1486
asset_11939,0.9042692805633136,1,0,T1486
asset_11940,0.9042692805633136,1,1,T1486
asset_11941,0.0033104508115333,0,0,T1486
asset_11942,0.0033104508115333,0,1,T1486
asset_11943,0.0033104508114933,0,1,T1486
asset_11944,0.9042692805633136,1,0,T1486
asset_11945,0.9042692805633136,1,0,T1486
asset_11946,0.0033104508115333,0,1,T1486
asset_11947,0.0033104508115309,0,1,T1486
asset_11948,0.0033104508115333,0,1,T1486
asset_11949,0.0033104508115309,0,0,T1486
asset_11950,0.0033104508115333,0,0,T1486
asset_11951,0.0033104508115333,0,0,T1486
asset_11952,0.9042692805633136,1,0,T1486
asset_11953,0.9042692805633136,1,1,T1486
asset_11954,0.0033454904089115,0,0,T1486
asset_11955,0.9042692805633136,1,1,T1486
asset_11956,0.9042692805633136,1,0,T1486
asset_11957,0.9042692805633136,1,0,T1486
asset_11958,0.9042692805633136,1,0,T1486
asset_11959,0.0033104508115333,0,1,T1486
asset_11960,0.0033104508115333,0,1,T1486
asset_11961,0.9042692805633136,1,0,T1486
asset_11962,0.0033104508115333,0,0,T1486
asset_11963,0.9042692805633136,1,0,T1486
asset_11964,0.9042692805633136,1,1,T1486
asset_11965,0.9042692805633136,1,0,T1486
asset_11966,0.0033104508115869,0,1,T1486
asset_11967,0.0033104508115333,0,0,T1486
asset_11968,0.0033104508115333,0,0,T1486
asset_11969,0.0033104508115333,0,0,T1486
asset_11970,0.9042692805633136,1,1,T1486
asset_11971,0.0033104508115225,0,1,T1486
asset_11972,0.9042692805633136,1,0,T1486
asset_11973,0.9042692805633136,1,1,T1486
asset_11974,0.9042692805633136,1,1,T1486
asset_11975,0.0033104508115333,0,0,T1486
asset_11976,0.0033104508115333,0,1,T1486
asset_11977,0.0033104508115333,0,1,T1486
asset_11978,0.0033104508115869,0,1,T1486
asset_11979,0.003310450811489,0,0,T1486
asset_11980,0.9042692805633136,1,1,T1486
asset_11981,0.0033104508115333,0,0,T1486
asset_11982,0.0033104508115294,0,1,T1486
asset_11983,0.0033104508115333,0,1,T1486
asset_11984,0.0033104508115186,0,1,T1486
asset_11985,0.0033104508115333,0,1,T1486
asset_11986,0.9042692805633136,1,1,T1486
asset_11987,0.0033104508115167,0,0,T1486
asset_11988,0.9042692805633136,1,0,T1486
asset_11989,0.9042692805633136,1,1,T1486
asset_11990,0.0033104508115333,0,1,T1486
asset_11991,0.9042692805633136,1,1,T1486
asset_11992,0.0033104508115333,0,1,T1486
asset_11993,0.0033104508115205,0,1,T1486
asset_11994,0.0033104508115333,0,0,T1486
asset_11995,0.0033104508115868,0,0,T1486
asset_11996,0.9042692805633136,1,1,T1486
asset_11997,0.0033104508115333,0,0,T1486
asset_11998,0.9042692805633136,1,1,T1486
asset_11999,0.0033104508115333,0,0,T1486
asset_12000,0.9042692805633136,1,0,T1486
asset_12001,0.9042692805633136,1,1,T1486
asset_12002,0.0033104508115333,0,0,T1486
asset_12003,0.0033104508115186,0,1,T1486
asset_12004,0.9042692805633136,1,1,T1486
asset_12005,0.0033104508115333,0,0,T1486
asset_12006,0.0033104508115333,0,1,T1486
asset_12007,0.9042692805633136,1,1,T1486
asset_12008,0.9042692805633136,1,0,T1486
asset_12009,0.9042692805633136,1,0,T1486
asset_12010,0.0033104508115293,0,0,T1486
asset_12011,0.0033104508115333,0,1,T1486
asset_12012,0.0033104508115333,0,1,T1486
asset_12013,0.9042692805633136,1,1,T1486
asset_12014,0.0033104508115333,0,1,T1486
asset_12015,0.9042692805633136,1,0,T1486
asset_12016,0.9042692805633136,1,1,T1486
asset_12017,0.0033104508115333,0,0,T1486
asset_12018,0.9042692805633136,1,0,T1486
asset_12019,0.9042692805633136,1,1,T1486
asset_12020,0.0033104508115333,0,1,T1486
asset_12021,0.9042692805633136,1,0,T1486
asset_12022,0.0033104508115333,0,1,T1486
asset_12023,0.0033104508114785,0,0,T1486
asset_12024,0.0033104508115333,0,1,T1486
asset_12025,0.9042692805633136,1,0,T1486
asset_12026,0.9042692805633136,1,0,T1486
asset_12027,0.0033104508115318,0,1,T1486
asset_12028,0.0033104508115333,0,0,T1486
asset_12029,0.9042692805633136,1,0,T1486
asset_12030,0.9042692805633136,1,0,T1486
asset_12031,0.0033104508115333,0,1,T1486
asset_12032,0.9042692805633136,1,0,T1486
asset_12033,0.9042692805633136,1,0,T1486
asset_12034,0.9042692805633136,1,1,T1486
asset_12035,0.0033104508115333,0,0,T1486
asset_12036,0.9042692805633136,1,0,T1486
asset_12037,0.0033104508115333,0,1,T1486
asset_12038,0.9042692805633136,1,1,T1486
asset_12039,0.9042692805633136,1,0,T1486
asset_12040,0.0033104508115333,0,1,T1486
asset_12041,0.9042692805633136,1,0,T1486
asset_12042,0.0033104508115205,0,0,T1486
asset_12043,0.9042692805633136,1,0,T1486
asset_12044,0.0033104508115333,0,1,T1486
asset_12045,0.9042692805633136,1,0,T1486
asset_12046,0.0033104508115333,0,0,T1486
asset_12047,0.0033104508115333,0,0,T1486
asset_12048,0.0033104508115333,0,0,T1486
asset_12049,0.0033104508115333,0,0,T1486
asset_12050,0.0033104508115205,0,1,T1486
asset_12051,0.9042692805633136,1,0,T1486
asset_12052,0.9042692805633136,1,0,T1486
asset_12053,0.9042692805633136,1,0,T1486
asset_12054,0.0033104468656574,0,0,T1486
asset_12055,0.0033104508115309,0,1,T1486
asset_12056,0.9042692805633136,1,0,T1486
asset_12057,0.0033104508115333,0,1,T1486
asset_12058,0.9042692805633136,1,1,T1486
asset_12059,0.9042692805633136,1,0,T1486
asset_12060,0.0033104508115225,0,1,T1486
asset_12061,0.9042692805633136,1,1,T1486
asset_12062,0.0033104508115333,0,0,T1486
asset_12063,0.9042692805633136,1,1,T1486
asset_12064,0.9042692805633136,1,1,T1486
asset_12065,0.9042692805633136,1,1,T1486
asset_12066,0.9042692805633136,1,0,T1486
asset_12067,0.9042692805633136,1,1,T1486
asset_12068,0.9042692805633136,1,1,T1486
asset_12069,0.9042692805633136,1,1,T1486
asset_12070,0.9042692805633136,1,1,T1486
asset_12071,0.9042692805633136,1,0,T1486
asset_12072,0.9042692805633136,1,0,T1486
asset_12073,0.0033104508115169,0,1,T1486
asset_12074,0.0033104508115333,0,0,T1486
asset_12075,0.9042692805633136,1,1,T1486
asset_12076,0.0033104508115309,0,0,T1486
asset_12077,0.0033104508115333,0,1,T1486
asset_12078,0.9042692805633136,1,0,T1486
asset_12079,0.9042692805633136,1,1,T1486
asset_12080,0.9042692805633136,1,0,T1486
asset_12081,0.9042692805633136,1,0,T1486
asset_12082,0.9042692805633136,1,0,T1486
asset_12083,0.003310450811489,0,0,T1486
asset_12084,0.9042692805633136,1,1,T1486
asset_12085,0.9042692805633136,1,0,T1486
asset_12086,0.9042692805633136,1,0,T1486
asset_12087,0.0033104508115333,0,0,T1486
asset_12088,0.0033104508115333,0,1,T1486
asset_12089,0.0033104508115333,0,0,T1486
asset_12090,0.0033104508115333,0,1,T1486
asset_12091,0.9042692805633136,1,0,T1486
asset_12092,0.9042692805633136,1,1,T1486
asset_12093,0.9042692805633136,1,1,T1486
asset_12094,0.9042692805633136,1,1,T1486
asset_12095,0.0033104508115333,0,1,T1486
asset_12096,0.0033104508115333,0,1,T1486
asset_12097,0.0033104508115333,0,0,T1486
asset_12098,0.9042692805633136,1,0,T1486
asset_12099,0.9042692805633136,1,1,T1486
asset_12100,0.0033104508115333,0,0,T1486
asset_12101,0.9042692805633136,1,1,T1486
asset_12102,0.0033104508114785,0,1,T1486
asset_12103,0.0033104481083634,0,1,T1486
asset_12104,0.9042692805633136,1,1,T1486
asset_12105,0.0033104508115333,0,0,T1486
asset_12106,0.9042692805633136,1,0,T1486
asset_12107,0.9042692805633136,1,0,T1486
asset_12108,0.0033104508115333,0,0,T1486
asset_12109,0.9042692805633136,1,0,T1486
asset_12110,0.9042692805633136,1,1,T1486
asset_12111,0.9042692805633136,1,0,T1486
asset_12112,0.9042692805633136,1,1,T1486
asset_12113,0.9042692805633136,1,0,T1486
asset_12114,0.9042692805633136,1,0,T1486
asset_12115,0.0033104508115248,0,0,T1486
asset_12116,0.9042692805633136,1,1,T1486
asset_12117,0.0034876895567274,0,1,T1486
asset_12118,0.9042692805633136,1,0,T1486
asset_12119,0.9042692805633136,1,1,T1486
asset_12120,0.0033104508115333,0,0,T1486
asset_12121,0.0033104508115333,0,1,T1486
asset_12122,0.0033104508115869,0,1,T1486
asset_12123,0.0033454389817491,0,0,T1486
asset_12124,0.0033104508115333,0,0,T1486
asset_12125,0.0033104508115333,0,1,T1486
asset_12126,0.0033104508115018,0,0,T1486
asset_12127,0.0033104508115333,0,0,T1486
asset_12128,0.0033104508115333,0,0,T1486
asset_12129,0.9042692805633136,1,0,T1486
asset_12130,0.0033104508115333,0,0,T1486
asset_12131,0.9042692805633136,1,1,T1486
asset_12132,0.0033104508115333,0,1,T1486
asset_12133,0.0033104508115186,0,1,T1486
asset_12134,0.0033104508115294,0,0,T1486
asset_12135,0.0033104508115333,0,0,T1486
asset_12136,0.9042692805633136,1,1,T1486
asset_12137,0.9042692805633136,1,0,T1486
asset_12138,0.9042692805633136,1,0,T1486
asset_12139,0.0033104508114785,0,1,T1486
asset_12140,0.9042692805633136,1,0,T1486
asset_12141,0.9042692805633136,1,1,T1486
asset_12142,0.0033104508115869,0,0,T1486
asset_12143,0.9042692805633136,1,0,T1486
asset_12144,0.0033104508115318,0,1,T1486
asset_12145,0.9042692805633136,1,0,T1486
asset_12146,0.0033104508115333,0,0,T1486
asset_12147,0.0033104508115205,0,0,T1486
asset_12148,0.0033804806999925,0,1,T1486
asset_12149,0.0033104508115186,0,0,T1486
asset_12150,0.9042692805633136,1,0,T1486
asset_12151,0.0033104508115333,0,1,T1486
asset_12152,0.9042692805633136,1,0,T1486
asset_12153,0.9042692805633136,1,1,T1486
asset_12154,0.0033104508117248,0,0,T1486
asset_12155,0.9042692805633136,1,1,T1486
asset_12156,0.9042692805633136,1,0,T1486
asset_12157,0.0033454389836629,0,0,T1486
asset_12158,0.0033104508115201,0,0,T1486
asset_12159,0.0033104508115205,0,0,T1486
asset_12160,0.9042692805633136,1,1,T1486
asset_12161,0.9042692805633136,1,0,T1486
asset_12162,0.9042692805633136,1,0,T1486
asset_12163,0.9042692805633136,1,0,T1486
asset_12164,0.0033104508115333,0,0,T1486
asset_12165,0.0033104508115333,0,0,T1486
asset_12166,0.9042692805633136,1,1,T1486
asset_12167,0.9042692805633136,1,1,T1486
asset_12168,0.0033104508115333,0,0,T1486
asset_12169,0.9042692805633136,1,1,T1486
asset_12170,0.0033104508115333,0,0,T1486
asset_12171,0.0033104508115333,0,0,T1486
asset_12172,0.9042692805633136,1,1,T1486
asset_12173,0.9042692805633136,1,0,T1486
asset_12174,0.0033104508114552,0,1,T1486
asset_12175,0.9042692805633136,1,0,T1486
asset_12176,0.9042692805633136,1,0,T1486
asset_12177,0.9042692805633136,1,1,T1486
asset_12178,0.9042692805633136,1,0,T1486
asset_12179,0.0033104508115333,0,0,T1486
asset_12180,0.9042692805633136,1,0,T1486
asset_12181,0.0033104508115333,0,1,T1486
asset_12182,0.9042692805633136,1,1,T1486
asset_12183,0.9042692805633136,1,0,T1486
asset_12184,0.9042692805633136,1,0,T1486
asset_12185,0.9042692805633136,1,0,T1486
asset_12186,0.0033104508115248,0,1,T1486
asset_12187,0.9042692805633136,1,0,T1486
asset_12188,0.9042692805633136,1,0,T1486
asset_12189,0.9042692805633136,1,0,T1486
asset_12190,0.9042692805633136,1,1,T1486
asset_12191,0.9042692805633136,1,1,T1486
asset_12192,0.0033104508115333,0,1,T1486
asset_12193,0.9042692805633136,1,1,T1486
asset_12194,0.9042692805633136,1,0,T1486
asset_12195,0.0033104508115843,0,0,T1486
asset_12196,0.9042692805633136,1,0,T1486
asset_12197,0.9042692805633136,1,1,T1486
asset_12198,0.9042692805633136,1,1,T1486
asset_12199,0.0033104508115293,0,0,T1486
asset_12200,0.0033104508115333,0,1,T1486
asset_12201,0.0033104508115205,0,0,T1486
asset_12202,0.9042692805633136,1,0,T1486
asset_12203,0.0033104508115333,0,1,T1486
asset_12204,0.0033104508115333,0,0,T1486
asset_12205,0.9042692805633136,1,1,T1486
asset_12206,0.9042692805633136,1,1,T1486
asset_12207,0.0033104508115333,0,1,T1486
asset_12208,0.9042692805633136,1,0,T1486
asset_12209,0.0033104508115333,0,1,T1486
asset_12210,0.0033104508115333,0,1,T1486
asset_12211,0.0033104508115318,0,1,T1486
asset_12212,0.9042692805633136,1,0,T1486
asset_12213,0.0033104508115333,0,0,T1486
asset_12214,0.9042692805633136,1,0,T1486
asset_12215,0.0033104508115333,0,1,T1486
asset_12216,0.0033104508115309,0,1,T1486
asset_12217,0.0033104508115333,0,1,T1486
asset_12218,0.9042692805633136,1,0,T1486
asset_12219,0.0033104473248358,0,0,T1486
asset_12220,0.9042692805633136,1,0,T1486
asset_12221,0.0033454389830932,0,0,T1486
asset_12222,0.9042692805633136,1,1,T1486
asset_12223,0.9042692805633136,1,1,T1486
asset_12224,0.9042692805633136,1,1,T1486
asset_12225,0.9042692805633136,1,1,T1486
asset_12226,0.0033104508115333,0,0,T1486
asset_12227,0.0033104508115294,0,1,T1486
asset_12228,0.9042692805633136,1,1,T1486
asset_12229,0.0033104508115333,0,1,T1486
asset_12230,0.0033104508115333,0,0,T1486
asset_12231,0.9042692805633136,1,0,T1486
asset_12232,0.9042692805633136,1,0,T1486
asset_12233,0.0033104508115333,0,0,T1486
asset_12234,0.9042692805633136,1,0,T1486
asset_12235,0.0033104508115869,0,0,T1486
asset_12236,0.9042692805633136,1,1,T1486
asset_12237,0.0033104508115309,0,1,T1486
asset_12238,0.0033104508115333,0,1,T1486
asset_12239,0.0033104499674198,0,0,T1486
asset_12240,0.0033104508115333,0,0,T1486
asset_12241,0.9042692805633136,1,0,T1486
asset_12242,0.0033104508115169,0,0,T1486
asset_12243,0.0033104508114889,0,1,T1486
asset_12244,0.9042692805633136,1,1,T1486
asset_12245,0.9042692805633136,1,1,T1486
asset_12246,0.0033104508115333,0,0,T1486
asset_12247,0.9042692805633136,1,0,T1486
asset_12248,0.9042692805633136,1,1,T1486
asset_12249,0.9042692805633136,1,0,T1486
asset_12250,0.0033104508115333,0,1,T1486
asset_12251,0.9042692805633136,1,1,T1486
asset_12252,0.0033104508115333,0,1,T1486
asset_12253,0.0033104508115333,0,1,T1486
asset_12254,0.0033104508115333,0,0,T1486
asset_12255,0.0033104508115333,0,1,T1486
asset_12256,0.9042692805633136,1,1,T1486
asset_12257,0.0033104508115333,0,0,T1486
asset_12258,0.9042692805633136,1,0,T1486
asset_12259,0.0033104508117248,0,1,T1486
asset_12260,0.0033104508115868,0,1,T1486
asset_12261,0.0041206952685782,0,1,T1486
asset_12262,0.9042692805633136,1,0,T1486
asset_12263,0.0033104508115309,0,0,T1486
asset_12264,0.9042692805633136,1,1,T1486
asset_12265,0.9042692805633136,1,1,T1486
asset_12266,0.0033104508115309,0,0,T1486
asset_12267,0.9042692805633136,1,0,T1486
asset_12268,0.0033104508115333,0,1,T1486
asset_12269,0.9042692805633136,1,0,T1486
asset_12270,0.9042692805633136,1,0,T1486
asset_12271,0.9042692805633136,1,0,T1486
asset_12272,0.9042692805633136,1,0,T1486
asset_12273,0.0033104508115309,0,0,T1486
asset_12274,0.9042692805633136,1,0,T1486
asset_12275,0.0033104508115333,0,1,T1486
asset_12276,0.0033104508115333,0,0,T1486
asset_12277,0.0033104508118171,0,1,T1486
asset_12278,0.0033104508115333,0,1,T1486
asset_12279,0.0033104490923377,0,1,T1486
asset_12280,0.9042692805633136,1,0,T1486
asset_12281,0.9042692805633136,1,1,T1486
asset_12282,0.0033104508115333,0,0,T1486
asset_12283,0.0033104508115225,0,1,T1486
asset_12284,0.9042692805633136,1,1,T1486
asset_12285,0.9042692805633136,1,0,T1486
asset_12286,0.0033104508115099,0,0,T1486
asset_12287,0.9042692805633136,1,1,T1486
asset_12288,0.0034876736340132,0,1,T1486
asset_12289,0.0033104508115294,0,0,T1486
asset_12290,0.0033104508115309,0,1,T1486
asset_12291,0.9042692805633136,1,0,T1486
asset_12292,0.9042692805633136,1,0,T1486
asset_12293,0.0033104508115205,0,0,T1486
asset_12294,0.0033104508115099,0,1,T1486
asset_12295,0.0033104508115869,0,1,T1486
asset_12296,0.9042692805633136,1,1,T1486
asset_12297,0.9042692805633136,1,0,T1486
asset_12298,0.0033104508115061,0,0,T1486
asset_12299,0.9042692805633136,1,0,T1486
asset_12300,0.0033104508115099,0,1,T1486
asset_12301,0.003310450811489,0,1,T1486
asset_12302,0.9042692805633136,1,1,T1486
asset_12303,0.0033104508115333,0,0,T1486
asset_12304,0.9042692805633136,1,1,T1486
asset_12305,0.9042692805633136,1,1,T1486
asset_12306,0.9042692805633136,1,1,T1486
asset_12307,0.9042692805633136,1,0,T1486
asset_12308,0.0033104508115333,0,0,T1486
asset_12309,0.9042692805633136,1,1,T1486
asset_12310,0.0033104508115333,0,1,T1486
asset_12311,0.9042692805633136,1,1,T1486
asset_12312,0.0033104499672667,0,1,T1486
asset_12313,0.9042692805633136,1,0,T1486
asset_12314,0.0033104508118171,0,1,T1486
asset_12315,0.0033104508115869,0,0,T1486
asset_12316,0.0033104508115333,0,1,T1486
asset_12317,0.0033104508115333,0,1,T1486
asset_12318,0.0033104508115333,0,0,T1486
asset_12319,0.003310450811531,0,0,T1486
asset_12320,0.0033104508115869,0,1,T1486
asset_12321,0.9042692805633136,1,1,T1486
asset_12322,0.0033104508115225,0,1,T1486
asset_12323,0.0033104508115146,0,1,T1486
asset_12324,0.0033104508115333,0,0,T1486
asset_12325,0.9042692805633136,1,1,T1486
asset_12326,0.9042692805633136,1,1,T1486
asset_12327,0.0033104508115225,0,1,T1486
asset_12328,0.9042692805633136,1,0,T1486
asset_12329,0.0033104508115333,0,1,T1486
asset_12330,0.0033104508135067,0,0,T1486
asset_12331,0.9042692805633136,1,1,T1486
asset_12332,0.0033104508114618,0,1,T1486
asset_12333,0.9042692805633136,1,0,T1486
asset_12334,0.0033104508115333,0,0,T1486
asset_12335,0.9042692805633136,1,0,T1486
asset_12336,0.0033104508114785,0,1,T1486
asset_12337,0.0033104508115205,0,1,T1486
asset_12338,0.0033104508115333,0,1,T1486
asset_12339,0.9042692805633136,1,0,T1486
asset_12340,0.9042692805633136,1,1,T1486
asset_12341,0.0033104508115333,0,1,T1486
asset_12342,0.9042692805633136,1,0,T1486
asset_12343,0.0033104508115099,0,0,T1486
asset_12344,0.0033104508115309,0,0,T1486
asset_12345,0.9042692805633136,1,0,T1486
asset_12346,0.9042692805633136,1,0,T1486
asset_12347,0.9042692805633136,1,1,T1486
asset_12348,0.9042692805633136,1,1,T1486
asset_12349,0.0033104464221243,0,0,T1486
asset_12350,0.0033104508114933,0,0,T1486
asset_12351,0.0033104508115333,0,0,T1486
asset_12352,0.003310450811489,0,0,T1486
asset_12353,0.9042692805633136,1,0,T1486
asset_12354,0.9042692805633136,1,1,T1486
asset_12355,0.9042692805633136,1,0,T1486
asset_12356,0.9042692805633136,1,0,T1486
asset_12357,0.003310450811466,0,0,T1486
asset_12358,0.9042692805633136,1,1,T1486
asset_12359,0.0033104508115333,0,0,T1486
asset_12360,0.0033104508115294,0,0,T1486
asset_12361,0.0033104508115309,0,0,T1486
asset_12362,0.0033104508115333,0,1,T1486
asset_12363,0.9042692805633136,1,1,T1486
asset_12364,0.0033104508115333,0,0,T1486
asset_12365,0.9042692805633136,1,1,T1486
asset_12366,0.9042692805633136,1,1,T1486
asset_12367,0.9042692805633136,1,1,T1486
asset_12368,0.0033104508115333,0,0,T1486
asset_12369,0.0033104508114677,0,1,T1486
asset_12370,0.9042692805633136,1,1,T1486
asset_12371,0.9042692805633136,1,0,T1486
asset_12372,0.0033104508115333,0,0,T1486
asset_12373,0.9042692805633136,1,0,T1486
asset_12374,0.9042692805633136,1,1,T1486
asset_12375,0.9042692805633136,1,1,T1486
asset_12376,0.0033104508115333,0,1,T1486
asset_12377,0.0033104508115333,0,0,T1486
asset_12378,0.0033104508115333,0,1,T1486
asset_12379,0.0033104508115333,0,0,T1486
asset_12380,0.9042692805633136,1,0,T1486
asset_12381,0.9042692805633136,1,0,T1486
asset_12382,0.9042692805633136,1,1,T1486
asset_12383,0.0033104508115333,0,1,T1486
asset_12384,0.0033104508115333,0,0,T1486
asset_12385,0.9042692805633136,1,0,T1486
asset_12386,0.0033104508115333,0,1,T1486
asset_12387,0.0033104508115333,0,0,T1486
asset_12388,0.9042692805633136,1,1,T1486
asset_12389,0.9042692805633136,1,0,T1486
asset_12390,0.9042692805633136,1,1,T1486
asset_12391,0.0033104508115294,0,1,T1486
asset_12392,0.9042692805633136,1,1,T1486
asset_12393,0.0033104508115333,0,0,T1486
asset_12394,0.9042692805633136,1,0,T1486
asset_12395,0.9042692805633136,1,0,T1486
asset_12396,0.9042692805633136,1,1,T1486
asset_12397,0.9042692805633136,1,1,T1486
asset_12398,0.9042692805633136,1,0,T1486
asset_12399,0.0033104457881829,0,1,T1486
asset_12400,0.9042692805633136,1,1,T1486
asset_12401,0.0033104508115333,0,0,T1486
asset_12402,0.0033104508115021,0,1,T1486
asset_12403,0.9042692805633136,1,0,T1486
asset_12404,0.9042692805633136,1,1,T1486
asset_12405,0.0033104508115333,0,0,T1486
asset_12406,0.9042692805633136,1,1,T1486
asset_12407,0.0033104457881829,0,0,T1486
asset_12408,0.0033104508115333,0,1,T1486
asset_12409,0.9042692805633136,1,0,T1486
asset_12410,0.0033804806999925,0,0,T1486
asset_12411,0.9042692805633136,1,1,T1486
asset_12412,0.9042692805633136,1,1,T1486
asset_12413,0.9042692805633136,1,0,T1486
asset_12414,0.9042692805633136,1,1,T1486
asset_12415,0.9042692805633136,1,1,T1486
asset_12416,0.0033104508115333,0,1,T1486
asset_12417,0.0033104508115868,0,1,T1486
asset_12418,0.0033104508119878,0,1,T1486
asset_12419,0.0033104508115284,0,0,T1486
asset_12420,0.0033104508114933,0,1,T1486
asset_12421,0.9042692805633136,1,0,T1486
asset_12422,0.0033104508115868,0,0,T1486
asset_12423,0.0033104508115333,0,0,T1486
asset_12424,0.9042692805633136,1,1,T1486
asset_12425,0.0033104508115333,0,1,T1486
asset_12426,0.9042692805633136,1,0,T1486
asset_12427,0.9042692805633136,1,0,T1486
asset_12428,0.0033104508115333,0,0,T1486
asset_12429,0.0033104508115333,0,0,T1486
asset_12430,0.9042692805633136,1,0,T1486
asset_12431,0.9042692805633136,1,0,T1486
asset_12432,0.9042692805633136,1,0,T1486
asset_12433,0.0033104508115309,0,0,T1486
asset_12434,0.0033104508115333,0,1,T1486
asset_12435,0.0033104508115307,0,1,T1486
asset_12436,0.0033104508115333,0,1,T1486
asset_12437,0.0033104457881829,0,0,T1486
asset_12438,0.9042692805633136,1,1,T1486
asset_12439,0.0033104508115333,0,1,T1486
asset_12440,0.0033104508115333,0,1,T1486
asset_12441,0.0033104508115333,0,1,T1486
asset_12442,0.9042692805633136,1,0,T1486
asset_12443,0.0033104508115333,0,1,T1486
asset_12444,0.0033104508115333,0,1,T1486
asset_12445,0.9042692805633136,1,1,T1486
asset_12446,0.0033104508115333,0,1,T1486
asset_12447,0.9042692805633136,1,0,T1486
asset_12448,0.0033104508115196,0,1,T1486
asset_12449,0.9042692805633136,1,0,T1486
asset_12450,0.9042692805633136,1,0,T1486
asset_12451,0.9042692805633136,1,0,T1486
asset_12452,0.9042692805633136,1,0,T1486
asset_12453,0.0033104508115333,0,1,T1486
asset_12454,0.9042692805633136,1,1,T1486
asset_12455,0.0033104508115333,0,0,T1486
asset_12456,0.003310450811489,0,1,T1486
asset_12457,0.9042692805633136,1,0,T1486
asset_12458,0.9042692805633136,1,0,T1486
asset_12459,0.9042692805633136,1,1,T1486
asset_12460,0.0033104508115271,0,0,T1486
asset_12461,0.9042692805633136,1,1,T1486
asset_12462,0.0033104508115333,0,0,T1486
asset_12463,0.0033104508115333,0,1,T1486
asset_12464,0.0033104508114618,0,1,T1486
asset_12465,0.0033104508115284,0,0,T1486
asset_12466,0.9042692805633136,1,0,T1486
asset_12467,0.9042692805633136,1,0,T1486
asset_12468,0.0033104508115869,0,1,T1486
asset_12469,0.9042692805633136,1,0,T1486
asset_12470,0.003310450811489,0,0,T1486
asset_12471,0.9042692805633136,1,1,T1486
asset_12472,0.0033104508115333,0,1,T1486
asset_12473,0.003310450812075,0,0,T1486
asset_12474,0.9042692805633136,1,1,T1486
asset_12475,0.9042692805633136,1,0,T1486
asset_12476,0.0033104508115294,0,1,T1486
asset_12477,0.9042692805633136,1,1,T1486
asset_12478,0.9042692805633136,1,0,T1486
asset_12479,0.9042692805633136,1,1,T1486
asset_12480,0.0033104508115784,0,0,T1486
asset_12481,0.9042692805633136,1,1,T1486
asset_12482,0.0033104508115868,0,1,T1486
asset_12483,0.9042692805633136,1,0,T1486
asset_12484,0.0033104508115333,0,1,T1486
asset_12485,0.9042692805633136,1,0,T1486
asset_12486,0.9042692805633136,1,1,T1486
asset_12487,0.0033104508115784,0,0,T1486
asset_12488,0.0033104508115293,0,1,T1486
asset_12489,0.0033104508115318,0,0,T1486
asset_12490,0.9042692805633136,1,1,T1486
asset_12491,0.9042692805633136,1,1,T1486
asset_12492,0.9042692805633136,1,0,T1486
asset_12493,0.9042692805633136,1,0,T1486
asset_12494,0.9042692805633136,1,1,T1486
asset_12495,0.0033104508115196,0,0,T1486
asset_12496,0.0033104508115333,0,1,T1486
asset_12497,0.0033104508115333,0,0,T1486
asset_12498,0.9042692805633136,1,1,T1486
asset_12499,0.0033104508115293,0,0,T1486
asset_12500,0.0033104508114508,0,1,T1486
asset_12501,0.9042692805633136,1,1,T1486
asset_12502,0.003310450811531,0,1,T1486
asset_12503,0.0033104508115097,0,1,T1486
asset_12504,0.9042692805633136,1,1,T1486
asset_12505,0.0033104508114959,0,0,T1486
asset_12506,0.9042692805633136,1,0,T1486
asset_12507,0.9042692805633136,1,1,T1486
asset_12508,0.0033104508115333,0,1,T1486
asset_12509,0.9042692805633136,1,0,T1486
asset_12510,0.0033104508115333,0,0,T1486
asset_12511,0.0033104508115021,0,0,T1486
asset_12512,0.9042692805633136,1,1,T1486
asset_12513,0.0033104508115333,0,0,T1486
asset_12514,0.0033104508115333,0,1,T1486
asset_12515,0.0033104508114508,0,1,T1486
asset_12516,0.9042692805633136,1,1,T1486
asset_12517,0.0033104508115868,0,1,T1486
asset_12518,0.9042692805633136,1,1,T1486
asset_12519,0.9042692805633136,1,1,T1486
asset_12520,0.0033104508115333,0,1,T1486
asset_12521,0.9042692805633136,1,1,T1486
asset_12522,0.9042692805633136,1,1,T1486
asset_12523,0.0033104508115868,0,0,T1486
asset_12524,0.0033104508115333,0,0,T1486
asset_12525,0.0033454925291896,0,0,T1486
asset_12526,0.9042692805633136,1,1,T1486
asset_12527,0.9042692805633136,1,1,T1486
asset_12528,0.9042692805633136,1,0,T1486
asset_12529,0.0033104508115333,0,1,T1486
asset_12530,0.0033104508115205,0,1,T1486
asset_12531,0.9042692805633136,1,0,T1486
asset_12532,0.9042692805633136,1,1,T1486
asset_12533,0.0033104508115333,0,1,T1486
asset_12534,0.0033104508115333,0,0,T1486
asset_12535,0.003310445788183,0,0,T1486
asset_12536,0.0033104508115205,0,1,T1486
asset_12537,0.0033104508115333,0,0,T1486
asset_12538,0.9042692805633136,1,0,T1486
asset_12539,0.9042692805633136,1,0,T1486
asset_12540,0.9042692805633136,1,1,T1486
asset_12541,0.003310450812075,0,0,T1486
asset_12542,0.0033804806999925,0,1,T1486
asset_12543,0.0033104508115309,0,1,T1486
asset_12544,0.0033104508114785,0,0,T1486
asset_12545,0.9042692805633136,1,0,T1486
asset_12546,0.9042692805633136,1,0,T1486
asset_12547,0.9042692805633136,1,0,T1486
asset_12548,0.0033104508115868,0,1,T1486
asset_12549,0.0033104508114785,0,1,T1486
asset_12550,0.0033454389817491,0,1,T1486
asset_12551,0.0033104508115333,0,0,T1486
asset_12552,0.9042692805633136,1,1,T1486
asset_12553,0.9042692805633136,1,0,T1486
asset_12554,0.9042692805633136,1,1,T1486
asset_12555,0.0033104508115333,0,1,T1486
asset_12556,0.9042692805633136,1,1,T1486
asset_12557,0.9042692805633136,1,0,T1486
asset_12558,0.0033104508115333,0,0,T1486
asset_12559,0.0033104508115097,0,0,T1486
asset_12560,0.9042692805633136,1,1,T1486
asset_12561,0.003310450812075,0,0,T1486
asset_12562,0.9042692805633136,1,1,T1486
asset_12563,0.9042692805633136,1,1,T1486
asset_12564,0.0033104508115186,0,0,T1486
asset_12565,0.9042692805633136,1,1,T1486
asset_12566,0.0033104508115333,0,1,T1486
asset_12567,0.0033104508115333,0,0,T1486
asset_12568,0.0033104508115333,0,1,T1486
asset_12569,0.0033104508115333,0,1,T1486
asset_12570,0.0033104508115333,0,1,T1486
asset_12571,0.9042692805633136,1,1,T1486
asset_12572,0.9042692805633136,1,0,T1486
asset_12573,0.9042692805633136,1,1,T1486
asset_12574,0.0033104389333239,0,0,T1486
asset_12575,0.9042692805633136,1,1,T1486
asset_12576,0.9042692805633136,1,1,T1486
asset_12577,0.9042692805633136,1,1,T1486
asset_12578,0.9042692805633136,1,1,T1486
asset_12579,0.9042692805633136,1,1,T1486
asset_12580,0.9042692805633136,1,1,T1486
asset_12581,0.0033104469826889,0,0,T1486
asset_12582,0.0033104508114785,0,1,T1486
asset_12583,0.9042692805633136,1,1,T1486
asset_12584,0.9042692805633136,1,0,T1486
asset_12585,0.9042692805633136,1,0,T1486
asset_12586,0.0033104508115333,0,1,T1486
asset_12587,0.9042692805633136,1,0,T1486
asset_12588,0.9042692805633136,1,0,T1486
asset_12589,0.9042692805633136,1,0,T1486
asset_12590,0.9042692805633136,1,1,T1486
asset_12591,0.9042692805633136,1,1,T1486
asset_12592,0.9042692805633136,1,1,T1486
asset_12593,0.9042692805633136,1,1,T1486
asset_12594,0.9042692805633136,1,1,T1486
asset_12595,0.9042692805633136,1,1,T1486
asset_12596,0.9042692805633136,1,1,T1486
asset_12597,0.0033104508115333,0,1,T1486
asset_12598,0.9042692805633136,1,1,T1486
asset_12599,0.0033104508115097,0,0,T1486
asset_12600,0.0033104508115869,0,0,T1486
asset_12601,0.9042692805633136,1,0,T1486
asset_12602,0.0033104508114616,0,1,T1486
asset_12603,0.9042692805633136,1,0,T1486
asset_12604,0.9042692805633136,1,0,T1486
asset_12605,0.9042692805633136,1,0,T1486
asset_12606,0.9042692805633136,1,1,T1486
asset_12607,0.9042692805633136,1,0,T1486
asset_12608,0.0033104508115868,0,0,T1486
asset_12609,0.9042692805633136,1,0,T1486
asset_12610,0.0033104508115225,0,1,T1486
asset_12611,0.9042692805633136,1,0,T1486
asset_12612,0.9042692805633136,1,1,T1486
asset_12613,0.9042692805633136,1,0,T1486
asset_12614,0.9042692805633136,1,0,T1486
asset_12615,0.9042692805633136,1,0,T1486
asset_12616,0.0033104508115868,0,0,T1486
asset_12617,0.0033104508115333,0,0,T1486
asset_12618,0.9042692805633136,1,1,T1486
asset_12619,0.0033104508115333,0,0,T1486
asset_12620,0.0033104508115333,0,0,T1486
asset_12621,0.0033104508115293,0,1,T1486
asset_12622,0.0033104508115333,0,0,T1486
asset_12623,0.0033104508115309,0,1,T1486
asset_12624,0.9042692805633136,1,0,T1486
asset_12625,0.9042692805633136,1,1,T1486
asset_12626,0.9042692805633136,1,0,T1486
asset_12627,0.0033104508115333,0,1,T1486
asset_12628,0.0033104508115333,0,1,T1486
asset_12629,0.9042692805633136,1,1,T1486
asset_12630,0.0033104508115333,0,0,T1486
asset_12631,0.0033104508115333,0,1,T1486
asset_12632,0.9042692805633136,1,0,T1486
asset_12633,0.0033104508115333,0,1,T1486
asset_12634,0.9042692805633136,1,0,T1486
asset_12635,0.0033104508115333,0,1,T1486
asset_12636,0.0033104508115097,0,1,T1486
asset_12637,0.9042692805633136,1,1,T1486
asset_12638,0.0033104508122665,0,0,T1486
asset_12639,0.9042692805633136,1,1,T1486
asset_12640,0.0033104508114677,0,1,T1486
asset_12641,0.0033104508115037,0,1,T1486
asset_12642,0.0033104508115333,0,1,T1486
asset_12643,0.9042692805633136,1,0,T1486
asset_12644,0.9042692805633136,1,1,T1486
asset_12645,0.0033104508115333,0,0,T1486
asset_12646,0.0033104508115293,0,1,T1486
asset_12647,0.9042692805633136,1,1,T1486
asset_12648,0.9042692805633136,1,1,T1486
asset_12649,0.0033104508115333,0,1,T1486
asset_12650,0.9042692805633136,1,1,T1486
asset_12651,0.9042692805633136,1,0,T1486
asset_12652,0.9042692805633136,1,1,T1486
asset_12653,0.0033104508115333,0,0,T1486
asset_12654,0.9042692805633136,1,0,T1486
asset_12655,0.9042692805633136,1,1,T1486
asset_12656,0.0033104508115333,0,1,T1486
asset_12657,0.9042692805633136,1,1,T1486
asset_12658,0.0033104508115099,0,0,T1486
asset_12659,0.9042692805633136,1,0,T1486
asset_12660,0.0033104508115333,0,1,T1486
asset_12661,0.0033104508115333,0,1,T1486
asset_12662,0.9042692805633136,1,1,T1486
asset_12663,0.9042692805633136,1,1,T1486
asset_12664,0.9042692805633136,1,1,T1486
asset_12665,0.9042692805633136,1,0,T1486
asset_12666,0.0033104508115333,0,1,T1486
asset_12667,0.9042692805633136,1,1,T1486
asset_12668,0.0033104508115309,0,1,T1486
asset_12669,0.9042692805633136,1,0,T1486
asset_12670,0.9042692805633136,1,0,T1486
asset_12671,0.0033104508115333,0,1,T1486
asset_12672,0.9042692805633136,1,0,T1486
asset_12673,0.9042692805633136,1,0,T1486
asset_12674,0.9042692805633136,1,1,T1486
asset_12675,0.9042692805633136,1,1,T1486
asset_12676,0.0033104508115342,0,1,T1486
asset_12677,0.0033104508115333,0,0,T1486
asset_12678,0.0033104508115333,0,0,T1486
asset_12679,0.0033104508114935,0,1,T1486
asset_12680,0.0033104508115333,0,0,T1486
asset_12681,0.9042692805633136,1,0,T1486
asset_12682,0.9042692805633136,1,1,T1486
asset_12683,0.0033104508115333,0,1,T1486
asset_12684,0.0033104508115225,0,0,T1486
asset_12685,0.9042692805633136,1,0,T1486
asset_12686,0.0033104508115333,0,0,T1486
asset_12687,0.9042692805633136,1,1,T1486
asset_12688,0.9042692805633136,1,0,T1486
asset_12689,0.0033104464221243,0,0,T1486
asset_12690,0.0033104508115868,0,0,T1486
asset_12691,0.003310450811489,0,1,T1486
asset_12692,0.0033104508115225,0,1,T1486
asset_12693,0.0033104508114933,0,0,T1486
asset_12694,0.9042692805633136,1,0,T1486
asset_12695,0.9042692805633136,1,0,T1486
asset_12696,0.9042692805633136,1,1,T1486
asset_12697,0.9042692805633136,1,0,T1486
asset_12698,0.9042692805633136,1,1,T1486
asset_12699,0.0033104508115333,0,0,T1486
asset_12700,0.9042692805633136,1,1,T1486
asset_12701,0.0033104508115333,0,1,T1486
asset_12702,0.9042692805633136,1,0,T1486
asset_12703,0.0033104508115868,0,0,T1486
asset_12704,0.0033104508115333,0,1,T1486
asset_12705,0.9042692805633136,1,1,T1486
asset_12706,0.9042692805633136,1,0,T1486
asset_12707,0.9042692805633136,1,0,T1486
asset_12708,0.0033104508115205,0,1,T1486
asset_12709,0.0033104508115333,0,1,T1486
asset_12710,0.9042692805633136,1,0,T1486
asset_12711,0.9042692805633136,1,0,T1486
asset_12712,0.9042692805633136,1,0,T1486
asset_12713,0.9042692805633136,1,0,T1486
asset_12714,0.9042692805633136,1,0,T1486
asset_12715,0.9042692805633136,1,0,T1486
asset_12716,0.0033104508115205,0,1,T1486
asset_12717,0.0033104508114786,0,0,T1486
asset_12718,0.9042692805633136,1,0,T1486
asset_12719,0.0033104508115333,0,0,T1486
asset_12720,0.0033104508115333,0,1,T1486
asset_12721,0.0033104508115205,0,1,T1486
asset_12722,0.9042692805633136,1,0,T1486
asset_12723,0.0033104457881829,0,0,T1486
asset_12724,0.0033104508115205,0,1,T1486
asset_12725,0.9042692805633136,1,0,T1486
asset_12726,0.9042692805633136,1,0,T1486
asset_12727,0.0033104508115293,0,0,T1486
asset_12728,0.9042692805633136,1,1,T1486
asset_12729,0.0033104508115333,0,1,T1486
asset_12730,0.0033104508115333,0,1,T1486
asset_12731,0.0033104508115333,0,0,T1486
asset_12732,0.9042692805633136,1,0,T1486
asset_12733,0.0033104508115186,0,0,T1486
asset_12734,0.9042692805633136,1,0,T1486
asset_12735,0.0033104508115309,0,0,T1486
asset_12736,0.0033104508115307,0,0,T1486
asset_12737,0.9042692805633136,1,1,T1486
asset_12738,0.9042692805633136,1,1,T1486
asset_12739,0.9042692805633136,1,0,T1486
asset_12740,0.9042692805633136,1,0,T1486
asset_12741,0.9042692805633136,1,0,T1486
asset_12742,0.0033104508115333,0,1,T1486
asset_12743,0.9042692805633136,1,0,T1486
asset_12744,0.0033104508115333,0,0,T1486
asset_12745,0.9042692805633136,1,0,T1486
asset_12746,0.0033104508115333,0,0,T1486
asset_12747,0.0033104508115333,0,1,T1486
asset_12748,0.0033104508115333,0,0,T1486
asset_12749,0.0033104508115333,0,0,T1486
asset_12750,0.0033104508115333,0,1,T1486
asset_12751,0.9042692805633136,1,0,T1486
asset_12752,0.9042692805633136,1,0,T1486
asset_12753,0.9042692805633136,1,0,T1486
asset_12754,0.9042692805633136,1,1,T1486
asset_12755,0.0033104508115868,0,0,T1486
asset_12756,0.9042692805633136,1,1,T1486
asset_12757,0.9042692805633136,1,0,T1486
asset_12758,0.0033104508115333,0,0,T1486
asset_12759,0.9042692805633136,1,0,T1486
asset_12760,0.0033104508115333,0,1,T1486
asset_12761,0.9042692805633136,1,1,T1486
asset_12762,0.0033104508115333,0,1,T1486
asset_12763,0.0033104508115037,0,0,T1486
asset_12764,0.0033104508115333,0,1,T1486
asset_12765,0.9042692805633136,1,0,T1486
asset_12766,0.9042692805633136,1,0,T1486
asset_12767,0.9042692805633136,1,0,T1486
asset_12768,0.9042692805633136,1,0,T1486
asset_12769,0.9042692805633136,1,1,T1486
asset_12770,0.0033104508115333,0,0,T1486
asset_12771,0.9042692805633136,1,1,T1486
asset_12772,0.9042692805633136,1,1,T1486
asset_12773,0.9042692805633136,1,0,T1486
asset_12774,0.0033104508115333,0,0,T1486
asset_12775,0.0033104508117222,0,1,T1486
asset_12776,0.9042692805633136,1,0,T1486
asset_12777,0.9042692805633136,1,1,T1486
asset_12778,0.9042692805633136,1,0,T1486
asset_12779,0.0033104508115309,0,1,T1486
asset_12780,0.0033104508115333,0,1,T1486
asset_12781,0.0033104508115333,0,1,T1486
asset_12782,0.9042692805633136,1,1,T1486
asset_12783,0.9042692805633136,1,1,T1486
asset_12784,0.0034876895568891,0,0,T1486
asset_12785,0.9042692805633136,1,0,T1486
asset_12786,0.0033104508115333,0,1,T1486
asset_12787,0.9042692805633136,1,1,T1486
asset_12788,0.0033104508115201,0,1,T1486
asset_12789,0.9042692805633136,1,0,T1486
asset_12790,0.0033104508115333,0,0,T1486
asset_12791,0.9042692805633136,1,0,T1486
asset_12792,0.0033104508115309,0,0,T1486
asset_12793,0.9042692805633136,1,1,T1486
asset_12794,0.9042692805633136,1,0,T1486
asset_12795,0.9042692805633136,1,1,T1486
asset_12796,0.9042692805633136,1,0,T1486
asset_12797,0.0033104508115185,0,1,T1486
asset_12798,0.9042692805633136,1,1,T1486
asset_12799,0.0033104508114616,0,1,T1486
asset_12800,0.0033104508115309,0,0,T1486
asset_12801,0.9042692805633136,1,1,T1486
asset_12802,0.9042692805633136,1,1,T1486
asset_12803,0.0033104508114616,0,0,T1486
asset_12804,0.9042692805633136,1,0,T1486
asset_12805,0.9042692805633136,1,1,T1486
asset_12806,0.0033104508115012,0,1,T1486
asset_12807,0.0033104508115333,0,0,T1486
asset_12808,0.9042692805633136,1,0,T1486
asset_12809,0.9042692805633136,1,1,T1486
asset_12810,0.0033104508115333,0,0,T1486
asset_12811,0.0033104508115333,0,1,T1486
asset_12812,0.0033104508115333,0,1,T1486
asset_12813,0.9042692805633136,1,0,T1486
asset_12814,0.0033104508115333,0,0,T1486
asset_12815,0.9042692805633136,1,0,T1486
asset_12816,0.0033104508115333,0,0,T1486
asset_12817,0.9042692805633136,1,0,T1486
asset_12818,0.9042692805633136,1,1,T1486
asset_12819,0.0033104508115309,0,1,T1486
asset_12820,0.0033104508115784,0,1,T1486
asset_12821,0.0033104508115869,0,1,T1486
asset_12822,0.9042692805633136,1,0,T1486
asset_12823,0.9042692805633136,1,0,T1486
asset_12824,0.0033104508115284,0,1,T1486
asset_12825,0.9042692805633136,1,1,T1486
asset_12826,0.9042692805633136,1,1,T1486
asset_12827,0.0033104508115225,0,1,T1486
asset_12828,0.0033104508115868,0,1,T1486
asset_12829,0.0033104508115333,0,0,T1486
asset_12830,0.0033104508115333,0,1,T1486
asset_12831,0.0033104508115333,0,1,T1486
asset_12832,0.0033104508115868,0,1,T1486
asset_12833,0.9042692805633136,1,0,T1486
asset_12834,0.0033104508114787,0,0,T1486
asset_12835,0.0033104490932545,0,0,T1486
asset_12836,0.9042692805633136,1,0,T1486
asset_12837,0.9042692805633136,1,0,T1486
asset_12838,0.9042692805633136,1,0,T1486
asset_12839,0.9042692805633136,1,0,T1486
asset_12840,0.0033104508115097,0,1,T1486
asset_12841,0.9042692805633136,1,0,T1486
asset_12842,0.9042692805633136,1,1,T1486
asset_12843,0.0033104508115037,0,0,T1486
asset_12844,0.0033104508115225,0,1,T1486
asset_12845,0.0033104508115784,0,0,T1486
asset_12846,0.9042692805633136,1,0,T1486
asset_12847,0.0033104508115333,0,1,T1486
asset_12848,0.9042692805633136,1,0,T1486
asset_12849,0.0033104508115293,0,0,T1486
asset_12850,0.0033104508115333,0,1,T1486
asset_12851,0.9042692805633136,1,1,T1486
asset_12852,0.9042692805633136,1,0,T1486
asset_12853,0.9042692805633136,1,1,T1486
asset_12854,0.9042692805633136,1,0,T1486
asset_12855,0.0033104508115333,0,1,T1486
asset_12856,0.9042692805633136,1,0,T1486
asset_12857,0.0033104508114508,0,0,T1486
asset_12858,0.0033104508115309,0,1,T1486
asset_12859,0.0033104508115333,0,0,T1486
asset_12860,0.0033104508114897,0,0,T1486
asset_12861,0.0033104508115225,0,0,T1486
asset_12862,0.0033104508115784,0,1,T1486
asset_12863,0.9042692805633136,1,0,T1486
asset_12864,0.9042692805633136,1,0,T1486
asset_12865,0.9042692805633136,1,1,T1486
asset_12866,0.0033104508115309,0,1,T1486
asset_12867,0.0033104508115868,0,1,T1486
asset_12868,0.9042692805633136,1,0,T1486
asset_12869,0.0033104508115307,0,1,T1486
asset_12870,0.9042692805633136,1,1,T1486
asset_12871,0.9042692805633136,1,0,T1486
asset_12872,0.0033104508115309,0,0,T1486
asset_12873,0.9042692805633136,1,1,T1486
asset_12874,0.0033104508115333,0,1,T1486
asset_12875,0.003310450811466,0,1,T1486
asset_12876,0.9042692805633136,1,0,T1486
asset_12877,0.9042692805633136,1,1,T1486
asset_12878,0.0033104508115333,0,0,T1486
asset_12879,0.0033104508115333,0,0,T1486
asset_12880,0.9042692805633136,1,1,T1486
asset_12881,0.9042692805633136,1,0,T1486
asset_12882,0.9042692805633136,1,0,T1486
asset_12883,0.0033104508115316,0,1,T1486
asset_12884,0.9042692805633136,1,1,T1486
asset_12885,0.0033104508115333,0,1,T1486
asset_12886,0.9042692805633136,1,0,T1486
asset_12887,0.9042692805633136,1,1,T1486
asset_12888,0.0033104508115333,0,1,T1486
asset_12889,0.0033104508115225,0,1,T1486
asset_12890,0.9042692805633136,1,1,T1486
asset_12891,0.9042692805633136,1,1,T1486
asset_12892,0.0033104508115333,0,1,T1486
asset_12893,0.0033104508115333,0,1,T1486
asset_12894,0.0033104508115333,0,1,T1486
asset_12895,0.9042692805633136,1,1,T1486
asset_12896,0.0033104508114677,0,0,T1486
asset_12897,0.9042692805633136,1,1,T1486
asset_12898,0.9042692805633136,1,0,T1486
asset_12899,0.9042692805633136,1,1,T1486
asset_12900,0.9042692805633136,1,1,T1486
asset_12901,0.9042692805633136,1,0,T1486
asset_12902,0.0033104508115221,0,0,T1486
asset_12903,0.0033104508115333,0,1,T1486
asset_12904,0.0033104508115333,0,1,T1486
asset_12905,0.0033104508117248,0,0,T1486
asset_12906,0.9042692805633136,1,0,T1486
asset_12907,0.0033104508121311,0,0,T1486
asset_12908,0.9042692805633136,1,0,T1486
asset_12909,0.0033104508115309,0,1,T1486
asset_12910,0.9042692805633136,1,0,T1486
asset_12911,0.9042692805633136,1,0,T1486
asset_12912,0.0033104508115333,0,0,T1486
asset_12913,0.0033104508115309,0,0,T1486
asset_12914,0.9042692805633136,1,0,T1486
asset_12915,0.0033104508115271,0,1,T1486
asset_12916,0.9042692805633136,1,0,T1486
asset_12917,0.0033104508115333,0,0,T1486
asset_12918,0.9042692805633136,1,0,T1486
asset_12919,0.0033104508115333,0,0,T1486
asset_12920,0.9042692805633136,1,1,T1486
asset_12921,0.0033104508115333,0,1,T1486
asset_12922,0.9042692805633136,1,1,T1486
asset_12923,0.9042692805633136,1,0,T1486
asset_12924,0.9042692805633136,1,0,T1486
asset_12925,0.9042692805633136,1,1,T1486
asset_12926,0.0033104508115869,0,0,T1486
asset_12927,0.9042692805633136,1,0,T1486
asset_12928,0.0033104508115309,0,0,T1486
asset_12929,0.0033104508115333,0,0,T1486
asset_12930,0.9042692805633136,1,1,T1486
asset_12931,0.0033104508115225,0,1,T1486
asset_12932,0.9042692805633136,1,1,T1486
asset_12933,0.0033104508115333,0,0,T1486
asset_12934,0.0033104508115333,0,0,T1486
asset_12935,0.0033104508114889,0,0,T1486
asset_12936,0.9042692805633136,1,0,T1486
asset_12937,0.0033104508115293,0,0,T1486
asset_12938,0.0033104508115758,0,1,T1486
asset_12939,0.9042692805633136,1,1,T1486
asset_12940,0.9042692805633136,1,0,T1486
asset_12941,0.9042692805633136,1,1,T1486
asset_12942,0.0033104508115333,0,1,T1486
asset_12943,0.0033104508115294,0,1,T1486
asset_12944,0.0033104508115333,0,0,T1486
asset_12945,0.003310450811466,0,1,T1486
asset_12946,0.9042692805633136,1,1,T1486
asset_12947,0.9042692805633136,1,1,T1486
asset_12948,0.0033104508114889,0,0,T1486
asset_12949,0.0033104508115333,0,1,T1486
asset_12950,0.9042692805633136,1,0,T1486
asset_12951,0.9042692805633136,1,1,T1486
asset_12952,0.0033104508115333,0,1,T1486
asset_12953,0.9042692805633136,1,1,T1486
asset_12954,0.9042692805633136,1,1,T1486
asset_12955,0.0033104508115293,0,1,T1486
asset_12956,0.0033104508115333,0,1,T1486
asset_12957,0.0033104508115333,0,0,T1486
asset_12958,0.9042692805633136,1,1,T1486
asset_12959,0.0033104508115869,0,1,T1486
asset_12960,0.9042692805633136,1,0,T1486
asset_12961,0.0033104508115205,0,1,T1486
asset_12962,0.9042692805633136,1,0,T1486
asset_12963,0.0033104508114895,0,1,T1486
asset_12964,0.0033104508115333,0,0,T1486
asset_12965,0.9042692805633136,1,0,T1486
asset_12966,0.0033104508115061,0,1,T1486
asset_12967,0.0033104508115333,0,0,T1486
asset_12968,0.9042692805633136,1,0,T1486
asset_12969,0.0033104508115333,0,1,T1486
asset_12970,0.0033104508114616,0,0,T1486
asset_12971,0.0033104508115333,0,1,T1486
asset_12972,0.0033104508115869,0,0,T1486
asset_12973,0.0033104508115309,0,1,T1486
asset_12974,0.9042692805633136,1,1,T1486
asset_12975,0.9042692805633136,1,0,T1486
asset_12976,0.9042692805633136,1,0,T1486
asset_12977,0.9042692805633136,1,0,T1486
asset_12978,0.0033104508115333,0,0,T1486
asset_12979,0.0033104508115333,0,0,T1486
asset_12980,0.0033104508115333,0,0,T1486
asset_12981,0.9042692805633136,1,0,T1486
asset_12982,0.9042692805633136,1,0,T1486
asset_12983,0.9042692805633136,1,0,T1486
asset_12984,0.0033104508115293,0,0,T1486
asset_12985,0.0033104508115333,0,1,T1486
asset_12986,0.9042692805633136,1,1,T1486
asset_12987,0.0033104508115176,0,1,T1486
asset_12988,0.9042692805633136,1,0,T1486
asset_12989,0.0033104508115225,0,0,T1486
asset_12990,0.0033104508115333,0,0,T1486
asset_12991,0.0033104508115333,0,1,T1486
asset_12992,0.0033104508115333,0,0,T1486
asset_12993,0.9042692805633136,1,0,T1486
asset_12994,0.9042692805633136,1,0,T1486
asset_12995,0.003310450811489,0,0,T1486
asset_12996,0.9042692805633136,1,1,T1486
asset_12997,0.0033104508115333,0,1,T1486
asset_12998,0.9042692805633136,1,0,T1486
asset_12999,0.0033104508115333,0,1,T1486
asset_13000,0.0033104508115333,0,1,T1486
asset_13001,0.9042692805633136,1,0,T1486
asset_13002,0.9042692805633136,1,0,T1486
asset_13003,0.9042692805633136,1,1,T1486
asset_13004,0.0033104508115167,0,0,T1486
asset_13005,0.9042692805633136,1,1,T1486
asset_13006,0.9042692805633136,1,0,T1486
asset_13007,0.9042692805633136,1,0,T1486
asset_13008,0.9042692805633136,1,0,T1486
asset_13009,0.0033104508115333,0,1,T1486
asset_13010,0.0033104508115333,0,0,T1486
asset_13011,0.0033104508115196,0,1,T1486
asset_13012,0.9042692805633136,1,1,T1486
asset_13013,0.0033104508115333,0,1,T1486
asset_13014,0.9042692805633136,1,1,T1486
asset_13015,0.9042692805633136,1,0,T1486
asset_13016,0.9042692805633136,1,0,T1486
asset_13017,0.0033104508115333,0,1,T1486
asset_13018,0.0033104508115869,0,1,T1486
asset_13019,0.0033104508115309,0,0,T1486
asset_13020,0.0033104508115333,0,0,T1486
asset_13021,0.9042692805633136,1,1,T1486
asset_13022,0.0034876895568891,0,1,T1486
asset_13023,0.0033104508115333,0,1,T1486
asset_13024,0.0033104508115784,0,0,T1486
asset_13025,0.0033104508115021,0,0,T1486
asset_13026,0.9042692805633136,1,0,T1486
asset_13027,0.0033104508115333,0,0,T1486
asset_13028,0.9042692805633136,1,1,T1486
asset_13029,0.003345430014826,0,0,T1486
asset_13030,0.9042692805633136,1,1,T1486
asset_13031,0.9042692805633136,1,1,T1486
asset_13032,0.9042692805633136,1,1,T1486
asset_13033,0.0033104508115333,0,0,T1486
asset_13034,0.0033104508115293,0,0,T1486
asset_13035,0.9042692805633136,1,0,T1486
asset_13036,0.9042692805633136,1,1,T1486
asset_13037,0.003310450811489,0,0,T1486
asset_13038,0.0033104508115333,0,1,T1486
asset_13039,0.9042692805633136,1,0,T1486
asset_13040,0.0033104481083634,0,0,T1486
asset_13041,0.0033104361263645,0,1,T1486
asset_13042,0.9042692805633136,1,1,T1486
asset_13043,0.0033104508115333,0,0,T1486
asset_13044,0.9042692805633136,1,1,T1486
asset_13045,0.9042692805633136,1,0,T1486
asset_13046,0.9042692805633136,1,0,T1486
asset_13047,0.9042692805633136,1,1,T1486
asset_13048,0.9042692805633136,1,0,T1486
asset_13049,0.9042692805633136,1,1,T1486
asset_13050,0.0033104508115843,0,1,T1486
asset_13051,0.9042692805633136,1,1,T1486
asset_13052,0.9042692805633136,1,0,T1486
asset_13053,0.0033104508115333,0,1,T1486
asset_13054,0.9042692805633136,1,1,T1486
asset_13055,0.9042692805633136,1,1,T1486
asset_13056,0.9042692805633136,1,0,T1486
asset_13057,0.9042692805633136,1,0,T1486
asset_13058,0.9042692805633136,1,1,T1486
asset_13059,0.9042692805633136,1,0,T1486
asset_13060,0.0033104508115333,0,1,T1486
asset_13061,0.0033104508129547,0,0,T1486
asset_13062,0.9042692805633136,1,1,T1486
asset_13063,0.0033104508115333,0,1,T1486
asset_13064,0.0033104508115225,0,1,T1486
asset_13065,0.0033104508115309,0,1,T1486
asset_13066,0.9042692805633136,1,1,T1486
asset_13067,0.0033104508115333,0,1,T1486
asset_13068,0.9042692805633136,1,0,T1486
asset_13069,0.0033104508115333,0,0,T1486
asset_13070,0.0033104508117248,0,0,T1486
asset_13071,0.0033104508115333,0,0,T1486
asset_13072,0.9042692805633136,1,1,T1486
asset_13073,0.0033104508115225,0,0,T1486
asset_13074,0.0033104508115333,0,1,T1486
asset_13075,0.9042692805633136,1,1,T1486
asset_13076,0.0033104508114889,0,0,T1486
asset_13077,0.9042692805633136,1,1,T1486
asset_13078,0.0033104508115333,0,1,T1486
asset_13079,0.0033104508115333,0,1,T1486
asset_13080,0.9042692805633136,1,0,T1486
asset_13081,0.0033104508115309,0,1,T1486
asset_13082,0.9042692805633136,1,1,T1486
asset_13083,0.9042692805633136,1,1,T1486
asset_13084,0.0033104508115205,0,0,T1486
asset_13085,0.9042692805633136,1,0,T1486
asset_13086,0.9042692805633136,1,1,T1486
asset_13087,0.0033104508115333,0,0,T1486
asset_13088,0.0033104508115333,0,1,T1486
asset_13089,0.9042692805633136,1,1,T1486
asset_13090,0.0033104508115097,0,1,T1486
asset_13091,0.9042692805633136,1,1,T1486
asset_13092,0.0033104508115225,0,1,T1486
asset_13093,0.9042692805633136,1,1,T1486
asset_13094,0.9042692805633136,1,1,T1486
asset_13095,0.0033104508115333,0,1,T1486
asset_13096,0.9042692805633136,1,1,T1486
asset_13097,0.0033104508115333,0,0,T1486
asset_13098,0.9042692805633136,1,0,T1486
asset_13099,0.9042692805633136,1,0,T1486
asset_13100,0.0033104508115333,0,1,T1486
asset_13101,0.003310450811489,0,0,T1486
asset_13102,0.0033104508115333,0,0,T1486
asset_13103,0.9042692805633136,1,0,T1486
asset_13104,0.9042692805633136,1,0,T1486
asset_13105,0.003310445788183,0,0,T1486
asset_13106,0.0033104508114616,0,0,T1486
asset_13107,0.0033104508115225,0,1,T1486
asset_13108,0.9042692805633136,1,1,T1486
asset_13109,0.9042692805633136,1,1,T1486
asset_13110,0.9042692805633136,1,0,T1486
asset_13111,0.9042692805633136,1,1,T1486
asset_13112,0.0033104508115333,0,1,T1486
asset_13113,0.9042692805633136,1,1,T1486
asset_13114,0.0033104508115333,0,0,T1486
asset_13115,0.0033104508115333,0,0,T1486
asset_13116,0.9042692805633136,1,1,T1486
asset_13117,0.9042692805633136,1,1,T1486
asset_13118,0.0033104508114889,0,1,T1486
asset_13119,0.0033104508115868,0,1,T1486
asset_13120,0.0033104508115225,0,1,T1486
asset_13121,0.0033104508114616,0,1,T1486
asset_13122,0.9042692805633136,1,1,T1486
asset_13123,0.0033104508115333,0,0,T1486
asset_13124,0.0033104508115333,0,0,T1486
asset_13125,0.0033104508115333,0,1,T1486
asset_13126,0.9042692805633136,1,1,T1486
asset_13127,0.9042692805633136,1,0,T1486
asset_13128,0.9042692805633136,1,1,T1486
asset_13129,0.9042692805633136,1,1,T1486
asset_13130,0.00331045081212,0,1,T1486
asset_13131,0.0033104508115333,0,1,T1486
asset_13132,0.9042692805633136,1,1,T1486
asset_13133,0.0033104508115333,0,0,T1486
asset_13134,0.0033104508115333,0,1,T1486
asset_13135,0.9042692805633136,1,0,T1486
asset_13136,0.9042692805633136,1,1,T1486
asset_13137,0.9042692805633136,1,0,T1486
asset_13138,0.9042692805633136,1,0,T1486
asset_13139,0.0033104508115333,0,1,T1486
asset_13140,0.0033104508115333,0,1,T1486
asset_13141,0.0033104508115309,0,0,T1486
asset_13142,0.9042692805633136,1,0,T1486
asset_13143,0.0033104508119878,0,0,T1486
asset_13144,0.9042692805633136,1,0,T1486
asset_13145,0.9042692805633136,1,0,T1486
asset_13146,0.0033104508115333,0,0,T1486
asset_13147,0.003310450811523,0,1,T1486
asset_13148,0.9042692805633136,1,0,T1486
asset_13149,0.0033104508115333,0,1,T1486
asset_13150,0.9042692805633136,1,1,T1486
asset_13151,0.9042692805633136,1,1,T1486
asset_13152,0.0033104508115309,0,1,T1486
asset_13153,0.9042692805633136,1,0,T1486
asset_13154,0.9042692805633136,1,1,T1486
asset_13155,0.0033104508115333,0,0,T1486
asset_13156,0.9042692805633136,1,0,T1486
asset_13157,0.0033104508115333,0,1,T1486
asset_13158,0.9042692805633136,1,0,T1486
asset_13159,0.0033104508115333,0,1,T1486
asset_13160,0.9042692805633136,1,0,T1486
asset_13161,0.0033104508115333,0,0,T1486
asset_13162,0.0033104508115333,0,0,T1486
asset_13163,0.0033104508115318,0,1,T1486
asset_13164,0.0033104508115333,0,0,T1486
asset_13165,0.0033104508115869,0,0,T1486
asset_13166,0.0033104508115333,0,1,T1486
asset_13167,0.9042692805633136,1,1,T1486
asset_13168,0.9042692805633136,1,0,T1486
asset_13169,0.9042692805633136,1,0,T1486
asset_13170,0.0033104508115333,0,1,T1486
asset_13171,0.9042692805633136,1,1,T1486
asset_13172,0.9042692805633136,1,0,T1486
asset_13173,0.9042692805633136,1,1,T1486
asset_13174,0.0033104508115163,0,1,T1486
asset_13175,0.0033104508115333,0,1,T1486
asset_13176,0.9042692805633136,1,0,T1486
asset_13177,0.9042692805633136,1,1,T1486
asset_13178,0.0033104508115333,0,1,T1486
asset_13179,0.9042692805633136,1,1,T1486
asset_13180,0.0033104508115333,0,1,T1486
asset_13181,0.0033104508115333,0,1,T1486
asset_13182,0.9042692805633136,1,0,T1486
asset_13183,0.0033104508115309,0,1,T1486
asset_13184,0.9042692805633136,1,1,T1486
asset_13185,0.0033104508115333,0,1,T1486
asset_13186,0.0033104508115205,0,0,T1486
asset_13187,0.9042692805633136,1,0,T1486
asset_13188,0.0033104508115333,0,1,T1486
asset_13189,0.0033104491359077,0,1,T1486
asset_13190,0.0033104508115333,0,0,T1486
asset_13191,0.9042692805633136,1,1,T1486
asset_13192,0.9042692805633136,1,0,T1486
asset_13193,0.9042692805633136,1,1,T1486
asset_13194,0.0033104508115333,0,0,T1486
asset_13195,0.9042692805633136,1,1,T1486
asset_13196,0.0033104508115333,0,1,T1486
asset_13197,0.0033104508115868,0,1,T1486
asset_13198,0.003310450811489,0,0,T1486
asset_13199,0.9042692805633136,1,1,T1486
asset_13200,0.0033104508115333,0,1,T1486
asset_13201,0.9042692805633136,1,0,T1486
asset_13202,0.9042692805633136,1,0,T1486
asset_13203,0.9042692805633136,1,0,T1486
asset_13204,0.0033454389830932,0,0,T1486
asset_13205,0.0033104508115333,0,0,T1486
asset_13206,0.0033104508115333,0,0,T1486
asset_13207,0.9042692805633136,1,1,T1486
asset_13208,0.0033104508114856,0,0,T1486
asset_13209,0.0033104508115333,0,0,T1486
asset_13210,0.9042692805633136,1,0,T1486
asset_13211,0.0033104508115309,0,1,T1486
asset_13212,0.0033104389333239,0,1,T1486
asset_13213,0.0033104508115309,0,1,T1486
asset_13214,0.0033104508115333,0,1,T1486
asset_13215,0.9042692805633136,1,1,T1486
asset_13216,0.0033104508115333,0,1,T1486
asset_13217,0.9042692805633136,1,1,T1486
asset_13218,0.9042692805633136,1,1,T1486
asset_13219,0.0033104508115333,0,0,T1486
asset_13220,0.0033104508115333,0,1,T1486
asset_13221,0.9042692805633136,1,1,T1486
asset_13222,0.0033104508115097,0,1,T1486
asset_13223,0.9042692805633136,1,0,T1486
asset_13224,0.9042692805633136,1,0,T1486
asset_13225,0.9042692805633136,1,0,T1486
asset_13226,0.9042692805633136,1,0,T1486
asset_13227,0.9042692805633136,1,1,T1486
asset_13228,0.9042692805633136,1,1,T1486
asset_13229,0.0033104508115205,0,0,T1486
asset_13230,0.9042692805633136,1,1,T1486
asset_13231,0.9042692805633136,1,0,T1486
asset_13232,0.9042692805633136,1,1,T1486
asset_13233,0.9042692805633136,1,1,T1486
asset_13234,0.0033104508115333,0,0,T1486
asset_13235,0.0033104508114889,0,0,T1486
asset_13236,0.0033104508114785,0,0,T1486
asset_13237,0.9042692805633136,1,0,T1486
asset_13238,0.9042692805633136,1,0,T1486
asset_13239,0.0033104508114552,0,0,T1486
asset_13240,0.9042692805633136,1,0,T1486
asset_13241,0.9042692805633136,1,0,T1486
asset_13242,0.9042692805633136,1,1,T1486
asset_13243,0.9042692805633136,1,1,T1486
asset_13244,0.9042692805633136,1,0,T1486
asset_13245,0.0033104508115333,0,0,T1486
asset_13246,0.0033104508115333,0,0,T1486
asset_13247,0.9042692805633136,1,0,T1486
asset_13248,0.0033104508115333,0,1,T1486
asset_13249,0.9042692805633136,1,1,T1486
asset_13250,0.0033104508115333,0,1,T1486
asset_13251,0.9042692805633136,1,0,T1486
asset_13252,0.0033104508115333,0,0,T1486
asset_13253,0.9042692805633136,1,0,T1486
asset_13254,0.0033104508114935,0,1,T1486
asset_13255,0.0033104508115333,0,0,T1486
asset_13256,0.9042692805633136,1,0,T1486
asset_13257,0.0033104508115225,0,0,T1486
asset_13258,0.9042692805633136,1,1,T1486
asset_13259,0.0033104508115333,0,0,T1486
asset_13260,0.9042692805633136,1,1,T1486
asset_13261,0.0033104508115248,0,0,T1486
asset_13262,0.0033104508115333,0,0,T1486
asset_13263,0.0033104508114618,0,0,T1486
asset_13264,0.0033104508115333,0,0,T1486
asset_13265,0.9042692805633136,1,0,T1486
asset_13266,0.0033104508115333,0,0,T1486
asset_13267,0.9042692805633136,1,1,T1486
asset_13268,0.0033104508115333,0,1,T1486
asset_13269,0.003310450811489,0,1,T1486
asset_13270,0.9042692805633136,1,0,T1486
asset_13271,0.9042692805633136,1,0,T1486
asset_13272,0.0033104508115225,0,1,T1486
asset_13273,0.9042692805633136,1,0,T1486
asset_13274,0.0033104508115333,0,0,T1486
asset_13275,0.9042692805633136,1,0,T1486
asset_13276,0.9042692805633136,1,1,T1486
asset_13277,0.0033104508115333,0,0,T1486
asset_13278,0.0033104508115163,0,0,T1486
asset_13279,0.0033104508114785,0,0,T1486
asset_13280,0.9042692805633136,1,1,T1486
asset_13281,0.0033104508115333,0,0,T1486
asset_13282,0.0033104508115333,0,1,T1486
asset_13283,0.9042692805633136,1,0,T1486
asset_13284,0.9042692805633136,1,0,T1486
asset_13285,0.0033104508115316,0,0,T1486
asset_13286,0.0033104508115294,0,1,T1486
asset_13287,0.0033104508115186,0,0,T1486
asset_13288,0.0033104508115333,0,1,T1486
asset_13289,0.0033104508115333,0,0,T1486
asset_13290,0.0033104508115018,0,0,T1486
asset_13291,0.9042692805633136,1,0,T1486
asset_13292,0.9042692805633136,1,1,T1486
asset_13293,0.9042692805633136,1,1,T1486
asset_13294,0.9042692805633136,1,0,T1486
asset_13295,0.0033104508115333,0,1,T1486
asset_13296,0.9042692805633136,1,0,T1486
asset_13297,0.9042692805633136,1,0,T1486
asset_13298,0.9042692805633136,1,0,T1486
asset_13299,0.9042692805633136,1,1,T1486
asset_13300,0.0033104508115868,0,1,T1486
asset_13301,0.003310450811466,0,0,T1486
asset_13302,0.9042692805633136,1,1,T1486
asset_13303,0.9042692805633136,1,0,T1486
asset_13304,0.0033104508115868,0,0,T1486
asset_13305,0.9042692805633136,1,1,T1486
asset_13306,0.9042692805633136,1,1,T1486
asset_13307,0.0033104508115225,0,1,T1486
asset_13308,0.0033104508115869,0,1,T1486
asset_13309,0.0033104508115333,0,1,T1486
asset_13310,0.0033104508115333,0,1,T1486
asset_13311,0.9042692805633136,1,0,T1486
asset_13312,0.0033104508115333,0,1,T1486
asset_13313,0.0033104508115061,0,1,T1486
asset_13314,0.9042692805633136,1,1,T1486
asset_13315,0.0033104508115294,0,1,T1486
asset_13316,0.9042692805633136,1,1,T1486
asset_13317,0.9042692805633136,1,0,T1486
asset_13318,0.9042692805633136,1,1,T1486
asset_13319,0.0033104508116791,0,0,T1486
asset_13320,0.9042692805633136,1,1,T1486
asset_13321,0.0033104508114616,0,0,T1486
asset_13322,0.9042692805633136,1,1,T1486
asset_13323,0.9042692805633136,1,1,T1486
asset_13324,0.003345437170895,0,1,T1486
asset_13325,0.9042692805633136,1,0,T1486
asset_13326,0.0033104508115333,0,1,T1486
asset_13327,0.9042692805633136,1,1,T1486
asset_13328,0.9042692805633136,1,1,T1486
asset_13329,0.9042692805633136,1,0,T1486
asset_13330,0.003310450811489,0,0,T1486
asset_13331,0.9042692805633136,1,1,T1486
asset_13332,0.0033104508115046,0,0,T1486
asset_13333,0.9042692805633136,1,0,T1486
asset_13334,0.9042692805633136,1,0,T1486
asset_13335,0.0033104508115309,0,1,T1486
asset_13336,0.0033104508115099,0,0,T1486
asset_13337,0.9042692805633136,1,1,T1486
asset_13338,0.0033104508115333,0,0,T1486
asset_13339,0.9042692805633136,1,1,T1486
asset_13340,0.9042692805633136,1,1,T1486
asset_13341,0.0033104508115333,0,1,T1486
asset_13342,0.0033104508115333,0,0,T1486
asset_13343,0.9042692805633136,1,0,T1486
asset_13344,0.0033104508115225,0,0,T1486
asset_13345,0.0033104508115333,0,0,T1486
asset_13346,0.9042692805633136,1,0,T1486
asset_13347,0.9042692805633136,1,1,T1486
asset_13348,0.0033104508115333,0,1,T1486
asset_13349,0.0033104508115333,0,0,T1486
asset_13350,0.0033104508115333,0,0,T1486
asset_13351,0.0033104508115333,0,1,T1486
asset_13352,0.9042692805633136,1,0,T1486
asset_13353,0.9042692805633136,1,0,T1486
asset_13354,0.0033104508121311,0,1,T1486
asset_13355,0.9042692805633136,1,0,T1486
asset_13356,0.9042692805633136,1,0,T1486
asset_13357,0.9042692805633136,1,1,T1486
asset_13358,0.9042692805633136,1,0,T1486
asset_13359,0.0033104508115205,0,1,T1486
asset_13360,0.9042692805633136,1,1,T1486
asset_13361,0.0033104508115333,0,1,T1486
asset_13362,0.0033104508115333,0,1,T1486
asset_13363,0.0033104508115225,0,1,T1486
asset_13364,0.9042692805633136,1,0,T1486
asset_13365,0.9042692805633136,1,0,T1486
asset_13366,0.003310450811489,0,0,T1486
asset_13367,0.9042692805633136,1,1,T1486
asset_13368,0.9042692805633136,1,0,T1486
asset_13369,0.0033104508115205,0,1,T1486
asset_13370,0.0033104508115333,0,0,T1486
asset_13371,0.9042692805633136,1,0,T1486
asset_13372,0.0033104508115185,0,0,T1486
asset_13373,0.0033104508115309,0,1,T1486
asset_13374,0.9042692805633136,1,0,T1486
asset_13375,0.0033104508115333,0,0,T1486
asset_13376,0.9042692805633136,1,0,T1486
asset_13377,0.0033104508115333,0,0,T1486
asset_13378,0.0033104508115309,0,1,T1486
asset_13379,0.9042692805633136,1,1,T1486
asset_13380,0.0033104508115201,0,1,T1486
asset_13381,0.0033104508115333,0,1,T1486
asset_13382,0.9042692805633136,1,1,T1486
asset_13383,0.0033104508115333,0,1,T1486
asset_13384,0.9042692805633136,1,1,T1486
asset_13385,0.9042692805633136,1,0,T1486
asset_13386,0.0033104508114677,0,1,T1486
asset_13387,0.9042692805633136,1,0,T1486
asset_13388,0.0033104508115333,0,1,T1486
asset_13389,0.0033104508115307,0,0,T1486
asset_13390,0.0034876895567868,0,1,T1486
asset_13391,0.0033104508115309,0,1,T1486
asset_13392,0.9042692805633136,1,1,T1486
asset_13393,0.0033104508115333,0,1,T1486
asset_13394,0.9042692805633136,1,0,T1486
asset_13395,0.0033104508115309,0,1,T1486
asset_13396,0.9042692805633136,1,1,T1486
asset_13397,0.0033104508115333,0,1,T1486
asset_13398,0.9042692805633136,1,0,T1486
asset_13399,0.9042692805633136,1,0,T1486
asset_13400,0.0033104477866214,0,1,T1486
asset_13401,0.9042692805633136,1,0,T1486
asset_13402,0.9042692805633136,1,1,T1486
asset_13403,0.0033104508115333,0,0,T1486
asset_13404,0.0033104508115333,0,0,T1486
asset_13405,0.0033104508114616,0,1,T1486
asset_13406,0.9042692805633136,1,1,T1486
asset_13407,0.9042692805633136,1,0,T1486
asset_13408,0.9042692805633136,1,0,T1486
asset_13409,0.9042692805633136,1,0,T1486
asset_13410,0.9042692805633136,1,0,T1486
asset_13411,0.0033104508115333,0,0,T1486
asset_13412,0.9042692805633136,1,0,T1486
asset_13413,0.0033104508115333,0,1,T1486
asset_13414,0.9042692805633136,1,0,T1486
asset_13415,0.9042692805633136,1,0,T1486
asset_13416,0.9042692805633136,1,1,T1486
asset_13417,0.9042692805633136,1,1,T1486
asset_13418,0.9042692805633136,1,1,T1486
asset_13419,0.9042692805633136,1,1,T1486
asset_13420,0.9042692805633136,1,1,T1486
asset_13421,0.9042692805633136,1,0,T1486
asset_13422,0.003345489346825,0,0,T1486
asset_13423,0.9042692805633136,1,0,T1486
asset_13424,0.0033104508115333,0,1,T1486
asset_13425,0.0033104508115205,0,0,T1486
asset_13426,0.9042692805633136,1,1,T1486
asset_13427,0.0037873349811709,0,0,T1486
asset_13428,0.9042692805633136,1,1,T1486
asset_13429,0.9042692805633136,1,0,T1486
asset_13430,0.9042692805633136,1,1,T1486
asset_13431,0.9042692805633136,1,1,T1486
asset_13432,0.0033104508115333,0,1,T1486
asset_13433,0.9042692805633136,1,0,T1486
asset_13434,0.0033104508115333,0,0,T1486
asset_13435,0.0033104508115201,0,0,T1486
asset_13436,0.0033104508115333,0,0,T1486
asset_13437,0.9042692805633136,1,0,T1486
asset_13438,0.9042692805633136,1,1,T1486
asset_13439,0.0033104508115333,0,1,T1486
asset_13440,0.0033104508114889,0,1,T1486
asset_13441,0.0033104508115293,0,1,T1486
asset_13442,0.0033104508115333,0,0,T1486
asset_13443,0.9042692805633136,1,0,T1486
asset_13444,0.9042692805633136,1,1,T1486
asset_13445,0.0033104508115333,0,0,T1486
asset_13446,0.9042692805633136,1,0,T1486
asset_13447,0.9042692805633136,1,1,T1486
asset_13448,0.9042692805633136,1,1,T1486
asset_13449,0.0033104508116791,0,0,T1486
asset_13450,0.0033104508115333,0,1,T1486
asset_13451,0.9042692805633136,1,1,T1486
asset_13452,0.0033104508115309,0,0,T1486
asset_13453,0.9042692805633136,1,0,T1486
asset_13454,0.9042692805633136,1,0,T1486
asset_13455,0.9042692805633136,1,0,T1486
asset_13456,0.9042692805633136,1,1,T1486
asset_13457,0.9042692805633136,1,0,T1486
asset_13458,0.9042692805633136,1,1,T1486
asset_13459,0.0033104508115333,0,1,T1486
asset_13460,0.9042692805633136,1,1,T1486
asset_13461,0.9042692805633136,1,0,T1486
asset_13462,0.9042692805633136,1,0,T1486
asset_13463,0.9042692805633136,1,1,T1486
asset_13464,0.0033104508115333,0,1,T1486
asset_13465,0.9042692805633136,1,1,T1486
asset_13466,0.0033104508115333,0,0,T1486
asset_13467,0.0033104508117248,0,0,T1486
asset_13468,0.9042692805633136,1,1,T1486
asset_13469,0.0033104508115333,0,1,T1486
asset_13470,0.9042692805633136,1,1,T1486
asset_13471,0.003310450811489,0,0,T1486
asset_13472,0.9042692805633136,1,0,T1486
asset_13473,0.0033104508115333,0,0,T1486
asset_13474,0.0033104508115061,0,0,T1486
asset_13475,0.0033104508115333,0,1,T1486
asset_13476,0.0033104508115333,0,1,T1486
asset_13477,0.9042692805633136,1,0,T1486
asset_13478,0.0033104508115196,0,0,T1486
asset_13479,0.9042692805633136,1,1,T1486
asset_13480,0.0033104508115333,0,0,T1486
asset_13481,0.9042692805633136,1,1,T1486
asset_13482,0.0033104477866214,0,1,T1486
asset_13483,0.003310450811489,0,1,T1486
asset_13484,0.9042692805633136,1,0,T1486
asset_13485,0.0033104508115758,0,0,T1486
asset_13486,0.0033104508115333,0,0,T1486
asset_13487,0.9042692805633136,1,0,T1486
asset_13488,0.9042692805633136,1,0,T1486
asset_13489,0.003310450811531,0,1,T1486
asset_13490,0.0033104508115333,0,1,T1486
asset_13491,0.003310450811489,0,0,T1486
asset_13492,0.0033104508115333,0,1,T1486
asset_13493,0.9042692805633136,1,0,T1486
asset_13494,0.0033104508115225,0,0,T1486
asset_13495,0.0033104508114935,0,1,T1486
asset_13496,0.0033104508115037,0,1,T1486
asset_13497,0.0033104508115333,0,0,T1486
asset_13498,0.0033104508115869,0,0,T1486
asset_13499,0.0033104508115333,0,1,T1486
asset_13500,0.0033104508115333,0,0,T1486
asset_13501,0.9042692805633136,1,1,T1486
asset_13502,0.0033104508115333,0,0,T1486
asset_13503,0.9042692805633136,1,0,T1486
asset_13504,0.0033104508115333,0,1,T1486
asset_13505,0.9042692805633136,1,0,T1486
asset_13506,0.0033104508115333,0,0,T1486
asset_13507,0.9042692805633136,1,1,T1486
asset_13508,0.9042692805633136,1,1,T1486
asset_13509,0.9042692805633136,1,1,T1486
asset_13510,0.0033104508114618,0,0,T1486
asset_13511,0.0033104508115061,0,1,T1486
asset_13512,0.0033104508115333,0,0,T1486
asset_13513,0.9042692805633136,1,1,T1486
asset_13514,0.0033104508114616,0,0,T1486
asset_13515,0.0033104508115868,0,0,T1486
asset_13516,0.0033104508114508,0,0,T1486
asset_13517,0.0033104508115309,0,1,T1486
asset_13518,0.9042692805633136,1,1,T1486
asset_13519,0.0033104508115293,0,1,T1486
asset_13520,0.9042692805633136,1,1,T1486
asset_13521,0.9042692805633136,1,0,T1486
asset_13522,0.9042692805633136,1,0,T1486
asset_13523,0.9042692805633136,1,1,T1486
asset_13524,0.0033104508115333,0,0,T1486
asset_13525,0.9042692805633136,1,1,T1486
asset_13526,0.0033104508115294,0,0,T1486
asset_13527,0.0033104508115333,0,0,T1486
asset_13528,0.0033104508115333,0,1,T1486
asset_13529,0.0033104508115333,0,1,T1486
asset_13530,0.0033104508115167,0,0,T1486
asset_13531,0.0033104508115058,0,1,T1486
asset_13532,0.9042692805633136,1,1,T1486
asset_13533,0.0033104508115333,0,0,T1486
asset_13534,0.0033104508115333,0,1,T1486
asset_13535,0.9042692805633136,1,0,T1486
asset_13536,0.0033104508115333,0,1,T1486
asset_13537,0.0033104508115333,0,1,T1486
asset_13538,0.9042692805633136,1,0,T1486
asset_13539,0.9042692805633136,1,0,T1486
asset_13540,0.0033104508115333,0,0,T1486
asset_13541,0.0033104508115333,0,1,T1486
asset_13542,0.9042692805633136,1,1,T1486
asset_13543,0.0033104508115097,0,0,T1486
asset_13544,0.9042692805633136,1,0,T1486
asset_13545,0.9042692805633136,1,1,T1486
asset_13546,0.9042692805633136,1,1,T1486
asset_13547,0.0033104508115294,0,0,T1486
asset_13548,0.0038348346312891,0,1,T1486
asset_13549,0.0033104508115021,0,1,T1486
asset_13550,0.9042692805633136,1,1,T1486
asset_13551,0.9042692805633136,1,0,T1486
asset_13552,0.9042692805633136,1,1,T1486
asset_13553,0.9042692805633136,1,0,T1486
asset_13554,0.0033104508115333,0,1,T1486
asset_13555,0.0033104508115163,0,0,T1486
asset_13556,0.0033104508115223,0,1,T1486
asset_13557,0.0033104508115333,0,0,T1486
asset_13558,0.0033104508115869,0,1,T1486
asset_13559,0.0033104508115293,0,0,T1486
asset_13560,0.0033104508115333,0,1,T1486
asset_13561,0.0033104508115868,0,1,T1486
asset_13562,0.9042692805633136,1,0,T1486
asset_13563,0.9042692805633136,1,1,T1486
asset_13564,0.0033104508115333,0,0,T1486
asset_13565,0.0033104508115309,0,1,T1486
asset_13566,0.9042692805633136,1,1,T1486
asset_13567,0.0033104508115333,0,0,T1486
asset_13568,0.9042692805633136,1,0,T1486
asset_13569,0.9042692805633136,1,1,T1486
asset_13570,0.0033104508115309,0,0,T1486
asset_13571,0.0033104508115333,0,1,T1486
asset_13572,0.0033104508115333,0,1,T1486
asset_13573,0.9042692805633136,1,0,T1486
asset_13574,0.9042692805633136,1,0,T1486
asset_13575,0.0033104508115333,0,1,T1486
asset_13576,0.0033104508114786,0,0,T1486
asset_13577,0.0033104499674126,0,1,T1486
asset_13578,0.9042692805633136,1,1,T1486
asset_13579,0.9042692805633136,1,1,T1486
asset_13580,0.0033104508114618,0,1,T1486
asset_13581,0.9042692805633136,1,1,T1486
asset_13582,0.9042692805633136,1,1,T1486
asset_13583,0.0033104508115271,0,1,T1486
asset_13584,0.9042692805633136,1,1,T1486
asset_13585,0.9042692805633136,1,1,T1486
asset_13586,0.9042692805633136,1,0,T1486
asset_13587,0.9042692805633136,1,0,T1486
asset_13588,0.0033104508115201,0,0,T1486
asset_13589,0.9042692805633136,1,0,T1486
asset_13590,0.9042692805633136,1,0,T1486
asset_13591,0.9042692805633136,1,0,T1486
asset_13592,0.9042692805633136,1,1,T1486
asset_13593,0.9042692805633136,1,0,T1486
asset_13594,0.9042692805633136,1,0,T1486
asset_13595,0.0033104508115309,0,0,T1486
asset_13596,0.9042692805633136,1,1,T1486
asset_13597,0.0033104508114677,0,0,T1486
asset_13598,0.0033104508115186,0,1,T1486
asset_13599,0.0033104499674126,0,0,T1486
asset_13600,0.9042692805633136,1,0,T1486
asset_13601,0.0033104508115333,0,1,T1486
asset_13602,0.9042692805633136,1,1,T1486
asset_13603,0.9042692805633136,1,0,T1486
asset_13604,0.9042692805633136,1,0,T1486
asset_13605,0.9042692805633136,1,1,T1486
asset_13606,0.0033104508114552,0,1,T1486
asset_13607,0.9042692805633136,1,1,T1486
asset_13608,0.0033104508115333,0,0,T1486
asset_13609,0.9042692805633136,1,0,T1486
asset_13610,0.0033104508115333,0,1,T1486
asset_13611,0.9042692805633136,1,0,T1486
asset_13612,0.0033104508115037,0,1,T1486
asset_13613,0.0033104508115333,0,0,T1486
asset_13614,0.0033104508115333,0,0,T1486
asset_13615,0.0033104508115333,0,1,T1486
asset_13616,0.0033104508115333,0,0,T1486
asset_13617,0.9042692805633136,1,1,T1486
asset_13618,0.9042692805633136,1,1,T1486
asset_13619,0.9042692805633136,1,1,T1486
asset_13620,0.0033104508115869,0,0,T1486
asset_13621,0.9042692805633136,1,0,T1486
asset_13622,0.0033104508115333,0,0,T1486
asset_13623,0.0033104508115309,0,0,T1486
asset_13624,0.0033104508115309,0,1,T1486
asset_13625,0.9042692805633136,1,1,T1486
asset_13626,0.9042692805633136,1,1,T1486
asset_13627,0.9042692805633136,1,1,T1486
asset_13628,0.0033104508115333,0,1,T1486
asset_13629,0.9042692805633136,1,0,T1486
asset_13630,0.9042692805633136,1,0,T1486
asset_13631,0.9042692805633136,1,0,T1486
asset_13632,0.9042692805633136,1,0,T1486
asset_13633,0.0033104508114785,0,0,T1486
asset_13634,0.9042692805633136,1,0,T1486
asset_13635,0.0033104508115333,0,0,T1486
asset_13636,0.9042692805633136,1,0,T1486
asset_13637,0.0033104508115099,0,1,T1486
asset_13638,0.9042692805633136,1,1,T1486
asset_13639,0.9042692805633136,1,0,T1486
asset_13640,0.9042692805633136,1,0,T1486
asset_13641,0.0033104508114897,0,0,T1486
asset_13642,0.9042692805633136,1,0,T1486
asset_13643,0.0033104508115061,0,0,T1486
asset_13644,0.9042692805633136,1,0,T1486
asset_13645,0.9042692805633136,1,1,T1486
asset_13646,0.0033104508115333,0,0,T1486
asset_13647,0.0033104508115309,0,1,T1486
asset_13648,0.0033104508115097,0,1,T1486
asset_13649,0.0033104508115294,0,1,T1486
asset_13650,0.9042692805633136,1,1,T1486
asset_13651,0.9042692805633136,1,1,T1486
asset_13652,0.0033104508115333,0,1,T1486
asset_13653,0.0033104508115333,0,0,T1486
asset_13654,0.9042692805633136,1,0,T1486
asset_13655,0.003310450812075,0,0,T1486
asset_13656,0.9042692805633136,1,1,T1486
asset_13657,0.0033104508115309,0,1,T1486
asset_13658,0.0033104508115294,0,0,T1486
asset_13659,0.9042692805633136,1,0,T1486
asset_13660,0.0033104508115176,0,1,T1486
asset_13661,0.0033104508115333,0,0,T1486
asset_13662,0.0033104508115333,0,0,T1486
asset_13663,0.9042692805633136,1,1,T1486
asset_13664,0.9042692805633136,1,0,T1486
asset_13665,0.9042692805633136,1,1,T1486
asset_13666,0.9042692805633136,1,0,T1486
asset_13667,0.9042692805633136,1,0,T1486
asset_13668,0.9042692805633136,1,1,T1486
asset_13669,0.0033104508115333,0,1,T1486
asset_13670,0.0033104508115333,0,1,T1486
asset_13671,0.9042692805633136,1,0,T1486
asset_13672,0.0033104508115205,0,1,T1486
asset_13673,0.9042692805633136,1,1,T1486
asset_13674,0.0033104508115309,0,0,T1486
asset_13675,0.9042692805633136,1,1,T1486
asset_13676,0.0033104464221243,0,0,T1486
asset_13677,0.0033104508115333,0,1,T1486
asset_13678,0.9042692805633136,1,1,T1486
asset_13679,0.0033104508115333,0,0,T1486
asset_13680,0.0033104508115333,0,1,T1486
asset_13681,0.9042692805633136,1,0,T1486
asset_13682,0.9042692805633136,1,0,T1486
asset_13683,0.9042692805633136,1,0,T1486
asset_13684,0.0033104508115333,0,0,T1486
asset_13685,0.9042692805633136,1,0,T1486
asset_13686,0.9042692805633136,1,1,T1486
asset_13687,0.0033104508115309,0,0,T1486
asset_13688,0.9042692805633136,1,0,T1486
asset_13689,0.9042692805633136,1,0,T1486
asset_13690,0.0033104508115333,0,1,T1486
asset_13691,0.9042692805633136,1,0,T1486
asset_13692,0.9042692805633136,1,0,T1486
asset_13693,0.9042692805633136,1,1,T1486
asset_13694,0.9042692805633136,1,1,T1486
asset_13695,0.0033104508115271,0,1,T1486
asset_13696,0.9042692805633136,1,1,T1486
asset_13697,0.9042692805633136,1,0,T1486
asset_13698,0.9042692805633136,1,1,T1486
asset_13699,0.9042692805633136,1,0,T1486
asset_13700,0.0033104508115333,0,0,T1486
asset_13701,0.0033104508115333,0,1,T1486
asset_13702,0.9042692805633136,1,1,T1486
asset_13703,0.0033104508115333,0,1,T1486
asset_13704,0.0033104508114616,0,0,T1486
asset_13705,0.9042692805633136,1,0,T1486
asset_13706,0.9042692805633136,1,0,T1486
asset_13707,0.9042692805633136,1,1,T1486
asset_13708,0.0033104508114618,0,0,T1486
asset_13709,0.9042692805633136,1,1,T1486
asset_13710,0.0033104508115333,0,0,T1486
asset_13711,0.0033104508115333,0,1,T1486
asset_13712,0.0033104508115333,0,1,T1486
asset_13713,0.9042692805633136,1,0,T1486
asset_13714,0.0033104508115333,0,0,T1486
asset_13715,0.9042692805633136,1,0,T1486
asset_13716,0.9042692805633136,1,0,T1486
asset_13717,0.9042692805633136,1,1,T1486
asset_13718,0.9042692805633136,1,0,T1486
asset_13719,0.9042692805633136,1,0,T1486
asset_13720,0.9042692805633136,1,0,T1486
asset_13721,0.9042692805633136,1,1,T1486
asset_13722,0.9042692805633136,1,0,T1486
asset_13723,0.0033104508115869,0,1,T1486
asset_13724,0.0033454389830932,0,1,T1486
asset_13725,0.0033104508115333,0,1,T1486
asset_13726,0.9042692805633136,1,1,T1486
asset_13727,0.0033104508114786,0,0,T1486
asset_13728,0.0033104508115333,0,0,T1486
asset_13729,0.0033104508114616,0,1,T1486
asset_13730,0.0033104508115333,0,0,T1486
asset_13731,0.0033104508115333,0,0,T1486
asset_13732,0.0033104508115333,0,1,T1486
asset_13733,0.9042692805633136,1,0,T1486
asset_13734,0.0033104508115333,0,0,T1486
asset_13735,0.0033104508115333,0,0,T1486
asset_13736,0.0033104508115868,0,0,T1486
asset_13737,0.9042692805633136,1,0,T1486
asset_13738,0.0033104508115097,0,0,T1486
asset_13739,0.9042692805633136,1,1,T1486
asset_13740,0.9042692805633136,1,0,T1486
asset_13741,0.0033104508115333,0,0,T1486
asset_13742,0.0033104508115333,0,0,T1486
asset_13743,0.9042692805633136,1,1,T1486
asset_13744,0.0033804652151763,0,1,T1486
asset_13745,0.9042692805633136,1,0,T1486
asset_13746,0.9042692805633136,1,1,T1486
asset_13747,0.0033104508115333,0,1,T1486
asset_13748,0.0033104508115333,0,1,T1486
asset_13749,0.9042692805633136,1,1,T1486
asset_13750,0.9042692805633136,1,0,T1486
asset_13751,0.0033104508115309,0,1,T1486
asset_13752,0.0033104508115333,0,0,T1486
asset_13753,0.9042692805633136,1,1,T1486
asset_13754,0.0033104508115333,0,1,T1486
asset_13755,0.9042692805633136,1,1,T1486
asset_13756,0.9042692805633136,1,1,T1486
asset_13757,0.9042692805633136,1,0,T1486
asset_13758,0.9042692805633136,1,0,T1486
asset_13759,0.9042692805633136,1,1,T1486
asset_13760,0.0033104508115333,0,1,T1486
asset_13761,0.9042692805633136,1,1,T1486
asset_13762,0.9042692805633136,1,0,T1486
asset_13763,0.9042692805633136,1,1,T1486
asset_13764,0.0033104508115049,0,0,T1486
asset_13765,0.9042692805633136,1,0,T1486
asset_13766,0.9042692805633136,1,1,T1486
asset_13767,0.9042692805633136,1,1,T1486
asset_13768,0.0033104508115294,0,1,T1486
asset_13769,0.9042692805633136,1,1,T1486
asset_13770,0.0033104508115176,0,0,T1486
asset_13771,0.9042692805633136,1,0,T1486
asset_13772,0.0033104508115333,0,1,T1486
asset_13773,0.9042692805633136,1,1,T1486
asset_13774,0.0033104508115333,0,1,T1486
asset_13775,0.9042692805633136,1,0,T1486
asset_13776,0.9042692805633136,1,0,T1486
asset_13777,0.9042692805633136,1,1,T1486
asset_13778,0.9042692805633136,1,0,T1486
asset_13779,0.9042692805633136,1,0,T1486
asset_13780,0.9042692805633136,1,0,T1486
asset_13781,0.0033454925291896,0,0,T1486
asset_13782,0.9042692805633136,1,0,T1486
asset_13783,0.9042692805633136,1,0,T1486
asset_13784,0.9042692805633136,1,0,T1486
asset_13785,0.0033104508115333,0,1,T1486
asset_13786,0.9042692805633136,1,0,T1486
asset_13787,0.9042692805633136,1,1,T1486
asset_13788,0.9042692805633136,1,1,T1486
asset_13789,0.9042692805633136,1,1,T1486
asset_13790,0.0033104490923377,0,0,T1486
asset_13791,0.0033104508115293,0,1,T1486
asset_13792,0.0033104508115333,0,0,T1486
asset_13793,0.0033104508115333,0,1,T1486
asset_13794,0.0033104508115225,0,0,T1486
asset_13795,0.0033104508115309,0,0,T1486
asset_13796,0.9042692805633136,1,0,T1486
asset_13797,0.0033104508115333,0,1,T1486
asset_13798,0.0033104508115784,0,1,T1486
asset_13799,0.9042692805633136,1,0,T1486
asset_13800,0.9042692805633136,1,1,T1486
asset_13801,0.9042692805633136,1,0,T1486
asset_13802,0.9042692805633136,1,1,T1486
asset_13803,0.9042692805633136,1,1,T1486
asset_13804,0.9042692805633136,1,1,T1486
asset_13805,0.0033104508115333,0,0,T1486
asset_13806,0.9042692805633136,1,0,T1486
asset_13807,0.9042692805633136,1,1,T1486
asset_13808,0.0033104508115333,0,0,T1486
asset_13809,0.9042692805633136,1,0,T1486
asset_13810,0.9042692805633136,1,1,T1486
asset_13811,0.0033104508115293,0,0,T1486
asset_13812,0.0033104508115309,0,0,T1486
asset_13813,0.9042692805633136,1,0,T1486
asset_13814,0.0033104508115333,0,0,T1486
asset_13815,0.9042692805633136,1,1,T1486
asset_13816,0.9042692805633136,1,1,T1486
asset_13817,0.9042692805633136,1,0,T1486
asset_13818,0.9042692805633136,1,0,T1486
asset_13819,0.0033104508115318,0,1,T1486
asset_13820,0.9042692805633136,1,0,T1486
asset_13821,0.0033104508120334,0,0,T1486
asset_13822,0.9042692805633136,1,1,T1486
asset_13823,0.9042692805633136,1,1,T1486
asset_13824,0.0033104508115333,0,0,T1486
asset_13825,0.9042692805633136,1,1,T1486
asset_13826,0.9042692805633136,1,1,T1486
asset_13827,0.0033104508115333,0,1,T1486
asset_13828,0.9042692805633136,1,0,T1486
asset_13829,0.0033104508115869,0,0,T1486
asset_13830,0.003310450811489,0,1,T1486
asset_13831,0.9042692805633136,1,1,T1486
asset_13832,0.9042692805633136,1,1,T1486
asset_13833,0.9042692805633136,1,0,T1486
asset_13834,0.9042692805633136,1,1,T1486
asset_13835,0.0033104508115333,0,0,T1486
asset_13836,0.0033804806999925,0,0,T1486
asset_13837,0.9042692805633136,1,0,T1486
asset_13838,0.0033104508115333,0,0,T1486
asset_13839,0.9042692805633136,1,0,T1486
asset_13840,0.0033104508115333,0,1,T1486
asset_13841,0.9042692805633136,1,1,T1486
asset_13842,0.9042692805633136,1,0,T1486
asset_13843,0.0033104508115271,0,1,T1486
asset_13844,0.0033104508114552,0,0,T1486
asset_13845,0.0033104508115333,0,1,T1486
asset_13846,0.0033104508115333,0,0,T1486
asset_13847,0.9042692805633136,1,1,T1486
asset_13848,0.0033104508115333,0,1,T1486
asset_13849,0.9042692805633136,1,0,T1486
asset_13850,0.0033104508115205,0,0,T1486
asset_13851,0.0033104508115318,0,1,T1486
asset_13852,0.9042692805633136,1,0,T1486
asset_13853,0.9042692805633136,1,0,T1486
asset_13854,0.9042692805633136,1,1,T1486
asset_13855,0.0033104508115333,0,1,T1486
asset_13856,0.0033104508115333,0,1,T1486
asset_13857,0.9042692805633136,1,0,T1486
asset_13858,0.003310445788183,0,1,T1486
asset_13859,0.9042692805633136,1,0,T1486
asset_13860,0.9042692805633136,1,0,T1486
asset_13861,0.9042692805633136,1,1,T1486
asset_13862,0.0033104508115333,0,0,T1486
asset_13863,0.0033104508115309,0,1,T1486
asset_13864,0.9042692805633136,1,1,T1486
asset_13865,0.9042692805633136,1,1,T1486
asset_13866,0.0033104508114616,0,0,T1486
asset_13867,0.9042692805633136,1,0,T1486
asset_13868,0.0033104508115333,0,0,T1486
asset_13869,0.9042692805633136,1,1,T1486
asset_13870,0.0033104508115333,0,1,T1486
asset_13871,0.9042692805633136,1,0,T1486
asset_13872,0.9042692805633136,1,1,T1486
asset_13873,0.9042692805633136,1,1,T1486
asset_13874,0.0033104508115333,0,1,T1486
asset_13875,0.0033104508115333,0,1,T1486
asset_13876,0.0033104508115843,0,1,T1486
asset_13877,0.9042692805633136,1,0,T1486
asset_13878,0.9042692805633136,1,1,T1486
asset_13879,0.9042692805633136,1,0,T1486
asset_13880,0.0033104508115146,0,0,T1486
asset_13881,0.9042692805633136,1,0,T1486
asset_13882,0.0033104508115333,0,0,T1486
asset_13883,0.0033104508114785,0,1,T1486
asset_13884,0.0033104508114616,0,0,T1486
asset_13885,0.9042692805633136,1,1,T1486
asset_13886,0.0033104508115333,0,1,T1486
asset_13887,0.0033104508115333,0,1,T1486
asset_13888,0.003310449967819,0,0,T1486
asset_13889,0.0033104508115333,0,1,T1486
asset_13890,0.0033104508115333,0,0,T1486
asset_13891,0.0033104508115333,0,1,T1486
asset_13892,0.0033104508115333,0,1,T1486
asset_13893,0.0033104508115333,0,1,T1486
asset_13894,0.0033104508115758,0,1,T1486
asset_13895,0.0033104508115318,0,1,T1486
asset_13896,0.9042692805633136,1,1,T1486
asset_13897,0.9042692805633136,1,0,T1486
asset_13898,0.0033104508115333,0,0,T1486
asset_13899,0.0033104508115333,0,1,T1486
asset_13900,0.9042692805633136,1,1,T1486
asset_13901,0.0033104508115099,0,0,T1486
asset_13902,0.0033104508115225,0,1,T1486
asset_13903,0.9042692805633136,1,0,T1486
asset_13904,0.9042692805633136,1,0,T1486
asset_13905,0.9042692805633136,1,0,T1486
asset_13906,0.9042692805633136,1,0,T1486
asset_13907,0.9042692805633136,1,1,T1486
asset_13908,0.9042692805633136,1,0,T1486
asset_13909,0.0033104508115167,0,0,T1486
asset_13910,0.9042692805633136,1,1,T1486
asset_13911,0.9042692805633136,1,0,T1486
asset_13912,0.9042692805633136,1,1,T1486
asset_13913,0.0033104508115868,0,1,T1486
asset_13914,0.0033104508115333,0,0,T1486
asset_13915,0.0033104508115185,0,1,T1486
asset_13916,0.0033104508115333,0,0,T1486
asset_13917,0.9042692805633136,1,0,T1486
asset_13918,0.0033104508115333,0,1,T1486
asset_13919,0.9042692805633136,1,0,T1486
asset_13920,0.9042692805633136,1,1,T1486
asset_13921,0.0033104508115333,0,1,T1486
asset_13922,0.0033104508115205,0,0,T1486
asset_13923,0.9042692805633136,1,0,T1486
asset_13924,0.9042692805633136,1,1,T1486
asset_13925,0.0033104508115333,0,0,T1486
asset_13926,0.9042692805633136,1,1,T1486
asset_13927,0.003310450811523,0,0,T1486
asset_13928,0.0033104508115333,0,1,T1486
asset_13929,0.9042692805633136,1,1,T1486
asset_13930,0.9042692805633136,1,1,T1486
asset_13931,0.9042692805633136,1,1,T1486
asset_13932,0.0033104500031795,0,1,T1486
asset_13933,0.9042692805633136,1,1,T1486
asset_13934,0.0033104508115333,0,0,T1486
asset_13935,0.0033104508115333,0,1,T1486
asset_13936,0.9042692805633136,1,0,T1486
asset_13937,0.9042692805633136,1,1,T1486
asset_13938,0.9042692805633136,1,1,T1486
asset_13939,0.9042692805633136,1,0,T1486
asset_13940,0.9042692805633136,1,1,T1486
asset_13941,0.9042692805633136,1,0,T1486
asset_13942,0.0033104508117222,0,1,T1486
asset_13943,0.0034876895567274,0,1,T1486
asset_13944,0.9042692805633136,1,0,T1486
asset_13945,0.9042692805633136,1,0,T1486
asset_13946,0.0033104508115333,0,0,T1486
asset_13947,0.0033104508115061,0,1,T1486
asset_13948,0.9042692805633136,1,1,T1486
asset_13949,0.9042692805633136,1,0,T1486
asset_13950,0.0033104508115333,0,0,T1486
asset_13951,0.0033104508115869,0,1,T1486
asset_13952,0.0033104508115333,0,1,T1486
asset_13953,0.0033104508115333,0,0,T1486
asset_13954,0.9042692805633136,1,1,T1486
asset_13955,0.9042692805633136,1,0,T1486
asset_13956,0.9042692805633136,1,1,T1486
asset_13957,0.9042692805633136,1,0,T1486
asset_13958,0.003310450811489,0,1,T1486
asset_13959,0.9042692805633136,1,0,T1486
asset_13960,0.9042692805633136,1,1,T1486
asset_13961,0.003310450811489,0,1,T1486
asset_13962,0.9042692805633136,1,0,T1486
asset_13963,0.9042692805633136,1,1,T1486
asset_13964,0.0033104508115333,0,0,T1486
asset_13965,0.0033104508115333,0,0,T1486
asset_13966,0.0033104508115333,0,1,T1486
asset_13967,0.0033104508115333,0,1,T1486
asset_13968,0.0033104508115333,0,1,T1486
asset_13969,0.9042692805633136,1,0,T1486
asset_13970,0.9042692805633136,1,0,T1486
asset_13971,0.9042692805633136,1,0,T1486
asset_13972,0.0033104508115333,0,1,T1486
asset_13973,0.0033104508115333,0,1,T1486
asset_13974,0.0033104508115309,0,0,T1486
asset_13975,0.9042692805633136,1,0,T1486
asset_13976,0.9042692805633136,1,0,T1486
asset_13977,0.0033104472641503,0,1,T1486
asset_13978,0.0033104508115309,0,1,T1486
asset_13979,0.0033104508114785,0,1,T1486
asset_13980,0.0033104508115333,0,0,T1486
asset_13981,0.0033104508115333,0,1,T1486
asset_13982,0.0033104508115333,0,1,T1486
asset_13983,0.0033104508115333,0,1,T1486
asset_13984,0.0033104508115333,0,1,T1486
asset_13985,0.0033104508115333,0,0,T1486
asset_13986,0.9042692805633136,1,0,T1486
asset_13987,0.9042692805633136,1,0,T1486
asset_13988,0.9042692805633136,1,1,T1486
asset_13989,0.9042692805633136,1,1,T1486
asset_13990,0.9042692805633136,1,1,T1486
asset_13991,0.9042692805633136,1,0,T1486
asset_13992,0.003310445788183,0,1,T1486
asset_13993,0.9042692805633136,1,1,T1486
asset_13994,0.9042692805633136,1,0,T1486
asset_13995,0.9042692805633136,1,0,T1486
asset_13996,0.0033104508115309,0,0,T1486
asset_13997,0.9042692805633136,1,1,T1486
asset_13998,0.9042692805633136,1,0,T1486
asset_13999,0.9042692805633136,1,0,T1486
asset_14000,0.9042692805633136,1,0,T1486
asset_14001,0.0033104508115271,0,1,T1486
asset_14002,0.0033804806987569,0,0,T1486
asset_14003,0.0033104508115333,0,1,T1486
asset_14004,0.9042692805633136,1,1,T1486
asset_14005,0.9042692805633136,1,1,T1486
asset_14006,0.0033104508115333,0,1,T1486
asset_14007,0.9042692805633136,1,0,T1486
asset_14008,0.0033104508114933,0,1,T1486
asset_14009,0.0033104508115333,0,1,T1486
asset_14010,0.9042692805633136,1,0,T1486
asset_14011,0.9042692805633136,1,0,T1486
asset_14012,0.9042692805633136,1,1,T1486
asset_14013,0.0033104508115333,0,1,T1486
asset_14014,0.9042692805633136,1,1,T1486
asset_14015,0.0033104508115225,0,1,T1486
asset_14016,0.0033104508115333,0,1,T1486
asset_14017,0.0033104508115333,0,1,T1486
asset_14018,0.9042692805633136,1,0,T1486
asset_14019,0.0033104508115784,0,0,T1486
asset_14020,0.0033104508115225,0,0,T1486
asset_14021,0.9042692805633136,1,0,T1486
asset_14022,0.9042692805633136,1,0,T1486
asset_14023,0.9042692805633136,1,0,T1486
asset_14024,0.9042692805633136,1,0,T1486
asset_14025,0.9042692805633136,1,1,T1486
asset_14026,0.9042692805633136,1,0,T1486
asset_14027,0.9042692805633136,1,1,T1486
asset_14028,0.9042692805633136,1,0,T1486
asset_14029,0.9042692805633136,1,1,T1486
asset_14030,0.0033104508115333,0,1,T1486
asset_14031,0.9042692805633136,1,1,T1486
asset_14032,0.0033104508115309,0,1,T1486
asset_14033,0.9042692805633136,1,0,T1486
asset_14034,0.0033104508115333,0,0,T1486
asset_14035,0.0033104508115309,0,1,T1486
asset_14036,0.0033104508115333,0,0,T1486
asset_14037,0.0034876895568891,0,0,T1486
asset_14038,0.0033104508115333,0,1,T1486
asset_14039,0.9042692805633136,1,1,T1486
asset_14040,0.9042692805633136,1,0,T1486
asset_14041,0.9042692805633136,1,1,T1486
asset_14042,0.9042692805633136,1,1,T1486
asset_14043,0.9042692805633136,1,0,T1486
asset_14044,0.9042692805633136,1,0,T1486
asset_14045,0.0033104508115058,0,0,T1486
asset_14046,0.0033104508115169,0,0,T1486
asset_14047,0.0033104508115294,0,1,T1486
asset_14048,0.0033104508115333,0,1,T1486
asset_14049,0.0033104508115869,0,1,T1486
asset_14050,0.9042692805633136,1,1,T1486
asset_14051,0.9042692805633136,1,0,T1486
asset_14052,0.9042692805633136,1,1,T1486
asset_14053,0.0033104508114895,0,0,T1486
asset_14054,0.0033104490932545,0,1,T1486
asset_14055,0.9042692805633136,1,0,T1486
asset_14056,0.003310450811489,0,1,T1486
asset_14057,0.0033104508115333,0,1,T1486
asset_14058,0.0033104508115333,0,0,T1486
asset_14059,0.9042692805633136,1,0,T1486
asset_14060,0.0033104508115868,0,1,T1486
asset_14061,0.0033104508115205,0,0,T1486
asset_14062,0.0033104508115284,0,1,T1486
asset_14063,0.9042692805633136,1,0,T1486
asset_14064,0.9042692805633136,1,1,T1486
asset_14065,0.003310450811489,0,0,T1486
asset_14066,0.9042692805633136,1,1,T1486
asset_14067,0.9042692805633136,1,1,T1486
asset_14068,0.9042692805633136,1,0,T1486
asset_14069,0.0033104508115055,0,1,T1486
asset_14070,0.9042692805633136,1,1,T1486
asset_14071,0.0033104508115293,0,0,T1486
asset_14072,0.9042692805633136,1,0,T1486
asset_14073,0.0033104508115333,0,1,T1486
asset_14074,0.9042692805633136,1,0,T1486
asset_14075,0.0033104508117222,0,0,T1486
asset_14076,0.0033104508114616,0,0,T1486
asset_14077,0.9042692805633136,1,0,T1486
asset_14078,0.9042692805633136,1,0,T1486
asset_14079,0.0033104508115333,0,1,T1486
asset_14080,0.9042692805633136,1,0,T1486
asset_14081,0.0033104508115293,0,1,T1486
asset_14082,0.0033104508115333,0,0,T1486
asset_14083,0.0033104508115333,0,0,T1486
asset_14084,0.0033104508115271,0,1,T1486
asset_14085,0.0033104508115333,0,0,T1486
asset_14086,0.0033104508115869,0,1,T1486
asset_14087,0.9042692805633136,1,0,T1486
asset_14088,0.0033104508115333,0,1,T1486
asset_14089,0.9042692805633136,1,1,T1486
asset_14090,0.9042692805633136,1,0,T1486
asset_14091,0.0033104508115333,0,0,T1486
asset_14092,0.9042692805633136,1,1,T1486
asset_14093,0.9042692805633136,1,1,T1486
asset_14094,0.9042692805633136,1,1,T1486
asset_14095,0.9042692805633136,1,0,T1486
asset_14096,0.0033104508115868,0,1,T1486
asset_14097,0.0033104508115333,0,1,T1486
asset_14098,0.0033104508115205,0,0,T1486
asset_14099,0.0033104508115055,0,1,T1486
asset_14100,0.9042692805633136,1,0,T1486
asset_14101,0.9042692805633136,1,0,T1486
asset_14102,0.9042692805633136,1,1,T1486
asset_14103,0.0033104508115221,0,0,T1486
asset_14104,0.0033104508115333,0,0,T1486
asset_14105,0.9042692805633136,1,1,T1486
asset_14106,0.0033104508115333,0,1,T1486
asset_14107,0.9042692805633136,1,0,T1486
asset_14108,0.0033104508115868,0,1,T1486
asset_14109,0.9042692805633136,1,1,T1486
asset_14110,0.9042692805633136,1,1,T1486
asset_14111,0.0033104508115333,0,1,T1486
asset_14112,0.0033104508115309,0,1,T1486
asset_14113,0.0033104508115333,0,1,T1486
asset_14114,0.9042692805633136,1,1,T1486
asset_14115,0.0033104508115333,0,1,T1486
asset_14116,0.0033104508115333,0,0,T1486
asset_14117,0.9042692805633136,1,1,T1486
asset_14118,0.9042692805633136,1,1,T1486
asset_14119,0.9042692805633136,1,0,T1486
asset_14120,0.003310448584853,0,1,T1486
asset_14121,0.9042692805633136,1,1,T1486
asset_14122,0.9042692805633136,1,1,T1486
asset_14123,0.0033104508115097,0,0,T1486
asset_14124,0.9042692805633136,1,0,T1486
asset_14125,0.0033104508115225,0,1,T1486
asset_14126,0.0033104508115333,0,0,T1486
asset_14127,0.9042692805633136,1,0,T1486
asset_14128,0.9042692805633136,1,1,T1486
asset_14129,0.0033104508115333,0,0,T1486
asset_14130,0.0033104508115333,0,0,T1486
asset_14131,0.0033104508115333,0,1,T1486
asset_14132,0.0033104508115333,0,0,T1486
asset_14133,0.0033104508115205,0,1,T1486
asset_14134,0.0033104508114552,0,1,T1486
asset_14135,0.0033104508115333,0,0,T1486
asset_14136,0.9042692805633136,1,1,T1486
asset_14137,0.0033104508115333,0,1,T1486
asset_14138,0.0033104508115333,0,0,T1486
asset_14139,0.9042692805633136,1,0,T1486
asset_14140,0.9042692805633136,1,0,T1486
asset_14141,0.0033104508115333,0,0,T1486
asset_14142,0.0033104508115293,0,1,T1486
asset_14143,0.0033104508115205,0,1,T1486
asset_14144,0.0033104508115333,0,0,T1486
asset_14145,0.9042692805633136,1,1,T1486
asset_14146,0.0033104508115868,0,0,T1486
asset_14147,0.9042692805633136,1,1,T1486
asset_14148,0.9042692805633136,1,0,T1486
asset_14149,0.9042692805633136,1,0,T1486
asset_14150,0.0033104508115333,0,0,T1486
asset_14151,0.9042692805633136,1,0,T1486
asset_14152,0.0033104508115333,0,0,T1486
asset_14153,0.0033104508115309,0,0,T1486
asset_14154,0.0033104508115225,0,0,T1486
asset_14155,0.0033104508114616,0,0,T1486
asset_14156,0.9042692805633136,1,1,T1486
asset_14157,0.9042692805633136,1,0,T1486
asset_14158,0.9042692805633136,1,1,T1486
asset_14159,0.0033104508114508,0,0,T1486
asset_14160,0.0033104508115333,0,0,T1486
asset_14161,0.0033104508115333,0,0,T1486
asset_14162,0.9042692805633136,1,1,T1486
asset_14163,0.9042692805633136,1,0,T1486
asset_14164,0.0033104508115333,0,0,T1486
asset_14165,0.0033104508115293,0,1,T1486
asset_14166,0.0033104508115333,0,1,T1486
asset_14167,0.0033104508115333,0,0,T1486
asset_14168,0.9042692805633136,1,1,T1486
asset_14169,0.0033104508115333,0,0,T1486
asset_14170,0.9042692805633136,1,1,T1486
asset_14171,0.0033104508115333,0,1,T1486
asset_14172,0.0033104508115293,0,0,T1486
asset_14173,0.9042692805633136,1,1,T1486
asset_14174,0.0033104508115061,0,0,T1486
asset_14175,0.9042692805633136,1,1,T1486
asset_14176,0.9042692805633136,1,0,T1486
asset_14177,0.9042692805633136,1,0,T1486
asset_14178,0.9042692805633136,1,0,T1486
asset_14179,0.0033104508115318,0,1,T1486
asset_14180,0.0033104500031795,0,1,T1486
asset_14181,0.0033104508115333,0,0,T1486
asset_14182,0.0033104508115868,0,1,T1486
asset_14183,0.9042692805633136,1,1,T1486
asset_14184,0.9042692805633136,1,0,T1486
asset_14185,0.0033104508115309,0,0,T1486
asset_14186,0.0033104508115284,0,0,T1486
asset_14187,0.9042692805633136,1,0,T1486
asset_14188,0.0033104508115307,0,1,T1486
asset_14189,0.0033104508115333,0,0,T1486
asset_14190,0.9042692805633136,1,1,T1486
asset_14191,0.9042692805633136,1,0,T1486
asset_14192,0.0033104508115333,0,1,T1486
asset_14193,0.9042692805633136,1,1,T1486
asset_14194,0.9042692805633136,1,1,T1486
asset_14195,0.0033104508115333,0,1,T1486
asset_14196,0.9042692805633136,1,0,T1486
asset_14197,0.0033104508115333,0,0,T1486
asset_14198,0.9042692805633136,1,0,T1486
asset_14199,0.0033104508115869,0,0,T1486
asset_14200,0.0033104508115333,0,1,T1486
asset_14201,0.0033104508115333,0,1,T1486
asset_14202,0.0033104508114618,0,0,T1486
asset_14203,0.9042692805633136,1,0,T1486
asset_14204,0.0033104508115333,0,1,T1486
asset_14205,0.0033104508115146,0,1,T1486
asset_14206,0.9042692805633136,1,0,T1486
asset_14207,0.9042692805633136,1,0,T1486
asset_14208,0.9042692805633136,1,1,T1486
asset_14209,0.0033104508115333,0,0,T1486
asset_14210,0.9042692805633136,1,0,T1486
asset_14211,0.0033104508115333,0,0,T1486
asset_14212,0.0033104508115333,0,0,T1486
asset_14213,0.9042692805633136,1,0,T1486
asset_14214,0.0033104508115205,0,0,T1486
asset_14215,0.9042692805633136,1,1,T1486
asset_14216,0.9042692805633136,1,0,T1486
asset_14217,0.9042692805633136,1,1,T1486
asset_14218,0.9042692805633136,1,1,T1486
asset_14219,0.9042692805633136,1,0,T1486
asset_14220,0.0033104508115225,0,0,T1486
asset_14221,0.0033104508115333,0,1,T1486
asset_14222,0.0033104508115225,0,1,T1486
asset_14223,0.0033104508115333,0,0,T1486
asset_14224,0.0033104508115309,0,1,T1486
asset_14225,0.0033104508115333,0,1,T1486
asset_14226,0.0033104508115333,0,0,T1486
asset_14227,0.9042692805633136,1,1,T1486
asset_14228,0.9042692805633136,1,0,T1486
asset_14229,0.0033104508115333,0,0,T1486
asset_14230,0.9042692805633136,1,0,T1486
asset_14231,0.0033104508115333,0,1,T1486
asset_14232,0.9042692805633136,1,0,T1486
asset_14233,0.0033104508115333,0,1,T1486
asset_14234,0.0033104508115318,0,1,T1486
asset_14235,0.0033104464221243,0,0,T1486
asset_14236,0.9042692805633136,1,1,T1486
asset_14237,0.9042692805633136,1,1,T1486
asset_14238,0.003310450811489,0,0,T1486
asset_14239,0.9042692805633136,1,0,T1486
asset_14240,0.9042692805633136,1,0,T1486
asset_14241,0.0033104508115333,0,1,T1486
asset_14242,0.0033104508115333,0,0,T1486
asset_14243,0.9042692805633136,1,0,T1486
asset_14244,0.0033104508115333,0,1,T1486
asset_14245,0.9042692805633136,1,0,T1486
asset_14246,0.0033104508115333,0,1,T1486
asset_14247,0.0033104508115333,0,1,T1486
asset_14248,0.9042692805633136,1,0,T1486
asset_14249,0.9042692805633136,1,0,T1486
asset_14250,0.0033104508114889,0,0,T1486
asset_14251,0.9042692805633136,1,0,T1486
asset_14252,0.0033104508115318,0,0,T1486
asset_14253,0.0033104508115333,0,0,T1486
asset_14254,0.9042692805633136,1,0,T1486
asset_14255,0.0033104508115333,0,0,T1486
asset_14256,0.9042692805633136,1,1,T1486
asset_14257,0.9042692805633136,1,1,T1486
asset_14258,0.0033104508115333,0,1,T1486
asset_14259,0.0033104508115333,0,1,T1486
asset_14260,0.0033104464221243,0,1,T1486
asset_14261,0.9042692805633136,1,0,T1486
asset_14262,0.9042692805633136,1,1,T1486
asset_14263,0.9042692805633136,1,1,T1486
asset_14264,0.9042692805633136,1,0,T1486
asset_14265,0.0033104508115333,0,1,T1486
asset_14266,0.0033104508115333,0,0,T1486
asset_14267,0.9042692805633136,1,1,T1486
asset_14268,0.0033104508114508,0,1,T1486
asset_14269,0.0033104508115333,0,1,T1486
asset_14270,0.9042692805633136,1,0,T1486
asset_14271,0.9042692805633136,1,0,T1486
asset_14272,0.0034876895568891,0,0,T1486
asset_14273,0.0033104508115333,0,1,T1486
asset_14274,0.9042692805633136,1,1,T1486
asset_14275,0.9042692805633136,1,1,T1486
asset_14276,0.0033104508115205,0,1,T1486
asset_14277,0.0033454904089115,0,1,T1486
asset_14278,0.9042692805633136,1,1,T1486
asset_14279,0.9042692805633136,1,0,T1486
asset_14280,0.0033104508115333,0,0,T1486
asset_14281,0.9042692805633136,1,0,T1486
asset_14282,0.9042692805633136,1,0,T1486
asset_14283,0.0033104508115333,0,1,T1486
asset_14284,0.9042692805633136,1,1,T1486
asset_14285,0.0033104508115333,0,0,T1486
asset_14286,0.9042692805633136,1,0,T1486
asset_14287,0.9042692805633136,1,0,T1486
asset_14288,0.0033104508115333,0,1,T1486
asset_14289,0.9042692805633136,1,0,T1486
asset_14290,0.0033104508115868,0,1,T1486
asset_14291,0.0033104508115333,0,1,T1486
asset_14292,0.9042692805633136,1,1,T1486
asset_14293,0.0033104508115333,0,1,T1486
asset_14294,0.9042692805633136,1,1,T1486
asset_14295,0.9042692805633136,1,1,T1486
asset_14296,0.0033104508115869,0,1,T1486
asset_14297,0.0033104508115333,0,0,T1486
asset_14298,0.0033104508115333,0,0,T1486
asset_14299,0.9042692805633136,1,1,T1486
asset_14300,0.0033104457881829,0,1,T1486
asset_14301,0.9042692805633136,1,1,T1486
asset_14302,0.0033104508117248,0,0,T1486
asset_14303,0.9042692805633136,1,1,T1486
asset_14304,0.0033104508115021,0,0,T1486
asset_14305,0.9042692805633136,1,0,T1486
asset_14306,0.0033104508115333,0,1,T1486
asset_14307,0.0033104508115333,0,1,T1486
asset_14308,0.0033104508115333,0,1,T1486
asset_14309,0.9042692805633136,1,0,T1486
asset_14310,0.0033104508115293,0,0,T1486
asset_14311,0.0033104490932545,0,0,T1486
asset_14312,0.9042692805633136,1,1,T1486
asset_14313,0.0034876895568891,0,0,T1486
asset_14314,0.0033104508115333,0,1,T1486
asset_14315,0.9042692805633136,1,1,T1486
asset_14316,0.9042692805633136,1,0,T1486
asset_14317,0.0033104508114895,0,1,T1486
asset_14318,0.9042692805633136,1,0,T1486
asset_14319,0.0033104508115333,0,1,T1486
asset_14320,0.9042692805633136,1,0,T1486
asset_14321,0.9042692805633136,1,1,T1486
asset_14322,0.9042692805633136,1,1,T1486
asset_14323,0.0033104508115225,0,1,T1486
asset_14324,0.0033104508115225,0,0,T1486
asset_14325,0.9042692805633136,1,0,T1486
asset_14326,0.0033104508115333,0,1,T1486
asset_14327,0.0033104508115333,0,0,T1486
asset_14328,0.9042692805633136,1,0,T1486
asset_14329,0.9042692805633136,1,1,T1486
asset_14330,0.9042692805633136,1,0,T1486
asset_14331,0.9042692805633136,1,0,T1486
asset_14332,0.0033104508115868,0,0,T1486
asset_14333,0.0033104508115333,0,0,T1486
asset_14334,0.0033104508115309,0,0,T1486
asset_14335,0.9042692805633136,1,0,T1486
asset_14336,0.9042692805633136,1,1,T1486
asset_14337,0.0033104457881829,0,1,T1486
asset_14338,0.9042692805633136,1,0,T1486
asset_14339,0.0033104508115225,0,1,T1486
asset_14340,0.9042692805633136,1,1,T1486
asset_14341,0.9042692805633136,1,1,T1486
asset_14342,0.0033104508115294,0,1,T1486
asset_14343,0.0033104508115309,0,1,T1486
asset_14344,0.0033104508115333,0,1,T1486
asset_14345,0.0033104481083634,0,1,T1486
asset_14346,0.9042692805633136,1,0,T1486
asset_14347,0.0033104508115333,0,0,T1486
asset_14348,0.0033104508115099,0,0,T1486
asset_14349,0.9042692805633136,1,1,T1486
asset_14350,0.9042692805633136,1,1,T1486
asset_14351,0.9042692805633136,1,0,T1486
asset_14352,0.9042692805633136,1,0,T1486
asset_14353,0.9042692805633136,1,0,T1486
asset_14354,0.9042692805633136,1,0,T1486
asset_14355,0.0033104508115333,0,0,T1486
asset_14356,0.9042692805633136,1,1,T1486
asset_14357,0.9042692805633136,1,0,T1486
asset_14358,0.0033104508115205,0,0,T1486
asset_14359,0.9042692805633136,1,0,T1486
asset_14360,0.9042692805633136,1,0,T1486
asset_14361,0.0033104508115333,0,1,T1486
asset_14362,0.9042692805633136,1,0,T1486
asset_14363,0.0033104508114933,0,1,T1486
asset_14364,0.0033104508115333,0,1,T1486
asset_14365,0.0033104508115333,0,1,T1486
asset_14366,0.9042692805633136,1,1,T1486
asset_14367,0.0033104508115333,0,0,T1486
asset_14368,0.0033104508115333,0,0,T1486
asset_14369,0.0033104508115333,0,1,T1486
asset_14370,0.0033104508115333,0,0,T1486
asset_14371,0.0033104508115333,0,1,T1486
asset_14372,0.9042692805633136,1,0,T1486
asset_14373,0.0033104508115333,0,1,T1486
asset_14374,0.9042692805633136,1,1,T1486
asset_14375,0.9042692805633136,1,1,T1486
asset_14376,0.9042692805633136,1,1,T1486
asset_14377,0.0033104508115205,0,1,T1486
asset_14378,0.9042692805633136,1,0,T1486
asset_14379,0.9042692805633136,1,0,T1486
asset_14380,0.9042692805633136,1,1,T1486
asset_14381,0.9042692805633136,1,0,T1486
asset_14382,0.9042692805633136,1,0,T1486
asset_14383,0.0033104508115186,0,0,T1486
asset_14384,0.9042692805633136,1,0,T1486
asset_14385,0.9042692805633136,1,1,T1486
asset_14386,0.0033104508115309,0,0,T1486
asset_14387,0.9042692805633136,1,0,T1486
asset_14388,0.9042692805633136,1,0,T1486
asset_14389,0.0033104508114785,0,1,T1486
asset_14390,0.0033104508115333,0,0,T1486
asset_14391,0.9042692805633136,1,0,T1486
asset_14392,0.9042692805633136,1,0,T1486
asset_14393,0.0033104508115293,0,1,T1486
asset_14394,0.0033104508115205,0,0,T1486
asset_14395,0.0033104508115205,0,0,T1486
asset_14396,0.0033104508115333,0,1,T1486
asset_14397,0.0033104508115333,0,0,T1486
asset_14398,0.9042692805633136,1,0,T1486
asset_14399,0.9042692805633136,1,1,T1486
asset_14400,0.0033104508115333,0,0,T1486
asset_14401,0.9042692805633136,1,1,T1486
asset_14402,0.0033104508115333,0,0,T1486
asset_14403,0.0033104508115333,0,1,T1486
asset_14404,0.0033104508115333,0,0,T1486
asset_14405,0.9042692805633136,1,1,T1486
asset_14406,0.0033104508115333,0,0,T1486
asset_14407,0.9042692805633136,1,0,T1486
asset_14408,0.0033104508114785,0,1,T1486
asset_14409,0.9042692805633136,1,0,T1486
asset_14410,0.0033104508115333,0,1,T1486
asset_14411,0.9042692805633136,1,0,T1486
asset_14412,0.9042692805633136,1,1,T1486
asset_14413,0.9042692805633136,1,0,T1486
asset_14414,0.9042692805633136,1,0,T1486
asset_14415,0.9042692805633136,1,0,T1486
asset_14416,0.0033104508115333,0,0,T1486
asset_14417,0.9042692805633136,1,0,T1486
asset_14418,0.0033104508114786,0,0,T1486
asset_14419,0.0038348346312891,0,0,T1486
asset_14420,0.9042692805633136,1,0,T1486
asset_14421,0.0033104508115333,0,0,T1486
asset_14422,0.9042692805633136,1,0,T1486
asset_14423,0.0033104508115061,0,1,T1486
asset_14424,0.0033104508115294,0,1,T1486
asset_14425,0.9042692805633136,1,1,T1486
asset_14426,0.9042692805633136,1,0,T1486
asset_14427,0.9042692805633136,1,1,T1486
asset_14428,0.9042692805633136,1,0,T1486
asset_14429,0.0033104508115169,0,1,T1486
asset_14430,0.0033104508115333,0,1,T1486
asset_14431,0.9042692805633136,1,1,T1486
asset_14432,0.0033104508115293,0,1,T1486
asset_14433,0.9042692805633136,1,1,T1486
asset_14434,0.9042692805633136,1,1,T1486
asset_14435,0.0033104508115333,0,0,T1486
asset_14436,0.0033104457881829,0,1,T1486
asset_14437,0.9042692805633136,1,0,T1486
asset_14438,0.0033104464221243,0,0,T1486
asset_14439,0.0033104508115333,0,0,T1486
asset_14440,0.0033104508115869,0,1,T1486
asset_14441,0.9042692805633136,1,1,T1486
asset_14442,0.0033104508115333,0,0,T1486
asset_14443,0.0033104508115869,0,1,T1486
asset_14444,0.9042692805633136,1,0,T1486
asset_14445,0.0033104508115225,0,1,T1486
asset_14446,0.0033104508115333,0,1,T1486
asset_14447,0.0033104508115294,0,0,T1486
asset_14448,0.0033104508115333,0,0,T1486
asset_14449,0.9042692805633136,1,0,T1486
asset_14450,0.9042692805633136,1,0,T1486
asset_14451,0.9042692805633136,1,1,T1486
asset_14452,0.9042692805633136,1,1,T1486
asset_14453,0.9042692805633136,1,0,T1486
asset_14454,0.0033104508115333,0,0,T1486
asset_14455,0.0033104508115333,0,1,T1486
asset_14456,0.003310450811489,0,1,T1486
asset_14457,0.9042692805633136,1,1,T1486
asset_14458,0.0033104508115333,0,1,T1486
asset_14459,0.0033104508114856,0,1,T1486
asset_14460,0.9042692805633136,1,0,T1486
asset_14461,0.9042692805633136,1,0,T1486
asset_14462,0.0033104508115225,0,1,T1486
asset_14463,0.0033104508115333,0,1,T1486
asset_14464,0.0033104508115061,0,0,T1486
asset_14465,0.9042692805633136,1,0,T1486
asset_14466,0.0033104508115061,0,0,T1486
asset_14467,0.0033104508115333,0,1,T1486
asset_14468,0.0033104508115333,0,0,T1486
asset_14469,0.0033104508115309,0,1,T1486
asset_14470,0.0033104508118171,0,0,T1486
asset_14471,0.0033104508115333,0,0,T1486
asset_14472,0.0033104508115309,0,1,T1486
asset_14473,0.0033104508115333,0,1,T1486
asset_14474,0.9042692805633136,1,0,T1486
asset_14475,0.0033104508115294,0,1,T1486
asset_14476,0.0033104508115333,0,1,T1486
asset_14477,0.9042692805633136,1,1,T1486
asset_14478,0.9042692805633136,1,0,T1486
asset_14479,0.0033104508115309,0,1,T1486
asset_14480,0.0033104508115333,0,1,T1486
asset_14481,0.0033104508114824,0,0,T1486
asset_14482,0.9042692805633136,1,0,T1486
asset_14483,0.9042692805633136,1,1,T1486
asset_14484,0.0033104508115333,0,1,T1486
asset_14485,0.0033104508115309,0,1,T1486
asset_14486,0.0033104508115333,0,1,T1486
asset_14487,0.9042692805633136,1,1,T1486
asset_14488,0.0033104508114616,0,1,T1486
asset_14489,0.9042692805633136,1,1,T1486
asset_14490,0.0033104508115333,0,0,T1486
asset_14491,0.0033104508115333,0,1,T1486
asset_14492,0.0033104508115287,0,0,T1486
asset_14493,0.9042692805633136,1,1,T1486
asset_14494,0.0033104508115333,0,1,T1486
asset_14495,0.9042692805633136,1,1,T1486
asset_14496,0.9042692805633136,1,1,T1486
asset_14497,0.9042692805633136,1,0,T1486
asset_14498,0.0033104508115309,0,0,T1486
asset_14499,0.9042692805633136,1,1,T1486
asset_14500,0.0033104508114785,0,1,T1486
asset_14501,0.9042692805633136,1,0,T1486
asset_14502,0.0033104508115201,0,0,T1486
asset_14503,0.0033104491359077,0,0,T1486
asset_14504,0.0033104508115333,0,0,T1486
asset_14505,0.9042692805633136,1,1,T1486
asset_14506,0.0033104508114933,0,1,T1486
asset_14507,0.0033104508115333,0,0,T1486
asset_14508,0.9042692805633136,1,1,T1486
asset_14509,0.0033104508115333,0,1,T1486
asset_14510,0.0033104508115333,0,1,T1486
asset_14511,0.9042692805633136,1,0,T1486
asset_14512,0.0033104508114785,0,0,T1486
asset_14513,0.0033104508115333,0,1,T1486
asset_14514,0.9042692805633136,1,1,T1486
asset_14515,0.0033104508114618,0,0,T1486
asset_14516,0.0033104508115333,0,1,T1486
asset_14517,0.9042692805633136,1,0,T1486
asset_14518,0.9042692805633136,1,0,T1486
asset_14519,0.0033104508115248,0,1,T1486
asset_14520,0.9042692805633136,1,0,T1486
asset_14521,0.9042692805633136,1,0,T1486
asset_14522,0.9042692805633136,1,0,T1486
asset_14523,0.9042692805633136,1,1,T1486
asset_14524,0.9042692805633136,1,0,T1486
asset_14525,0.0033104508115333,0,1,T1486
asset_14526,0.0033104508115333,0,0,T1486
asset_14527,0.0033104508115333,0,1,T1486
asset_14528,0.9042692805633136,1,1,T1486
asset_14529,0.0033104508115333,0,0,T1486
asset_14530,0.9042692805633136,1,0,T1486
asset_14531,0.0033104508115309,0,0,T1486
asset_14532,0.0033104508115869,0,0,T1486
asset_14533,0.003310450811489,0,1,T1486
asset_14534,0.0033104490932545,0,0,T1486
asset_14535,0.0033104464221243,0,0,T1486
asset_14536,0.0033104508115333,0,1,T1486
asset_14537,0.0033104508115333,0,0,T1486
asset_14538,0.0033104508115333,0,0,T1486
asset_14539,0.9042692805633136,1,1,T1486
asset_14540,0.0033104508115186,0,0,T1486
asset_14541,0.0033104508115333,0,0,T1486
asset_14542,0.0033104508115333,0,1,T1486
asset_14543,0.9042692805633136,1,1,T1486
asset_14544,0.0033104508115225,0,1,T1486
asset_14545,0.0033104508115868,0,0,T1486
asset_14546,0.9042692805633136,1,1,T1486
asset_14547,0.9042692805633136,1,1,T1486
asset_14548,0.9042692805633136,1,1,T1486
asset_14549,0.9042692805633136,1,1,T1486
asset_14550,0.9042692805633136,1,0,T1486
asset_14551,0.0033104508115333,0,1,T1486
asset_14552,0.0033104508115333,0,1,T1486
asset_14553,0.0033104508115333,0,0,T1486
asset_14554,0.0033104508115333,0,1,T1486
asset_14555,0.0033104508115333,0,0,T1486
asset_14556,0.0033104508115333,0,0,T1486
asset_14557,0.0033104508115333,0,0,T1486
asset_14558,0.0033104508115294,0,0,T1486
asset_14559,0.0033104508115333,0,1,T1486
asset_14560,0.0033104508115333,0,0,T1486
asset_14561,0.9042692805633136,1,1,T1486
asset_14562,0.0033104508115333,0,1,T1486
asset_14563,0.9042692805633136,1,1,T1486
asset_14564,0.9042692805633136,1,1,T1486
asset_14565,0.0033104490923378,0,1,T1486
asset_14566,0.0033104508115333,0,1,T1486
asset_14567,0.0033104508115294,0,0,T1486
asset_14568,0.0033104508115333,0,0,T1486
asset_14569,0.0033104508115333,0,0,T1486
asset_14570,0.0033104508115333,0,0,T1486
asset_14571,0.9042692805633136,1,1,T1486
asset_14572,0.0033104508115868,0,0,T1486
asset_14573,0.9042692805633136,1,1,T1486
asset_14574,0.9042692805633136,1,0,T1486
asset_14575,0.0033104508115205,0,1,T1486
asset_14576,0.0033104508115333,0,0,T1486
asset_14577,0.003345430014826,0,1,T1486
asset_14578,0.9042692805633136,1,0,T1486
asset_14579,0.9042692805633136,1,0,T1486
asset_14580,0.9042692805633136,1,1,T1486
asset_14581,0.9042692805633136,1,0,T1486
asset_14582,0.0033104508115205,0,1,T1486
asset_14583,0.9042692805633136,1,0,T1486
asset_14584,0.9042692805633136,1,0,T1486
asset_14585,0.0033104508115309,0,0,T1486
asset_14586,0.0033104508115225,0,0,T1486
asset_14587,0.0033104508115333,0,1,T1486
asset_14588,0.9042692805633136,1,1,T1486
asset_14589,0.9042692805633136,1,0,T1486
asset_14590,0.9042692805633136,1,0,T1486
asset_14591,0.9042692805633136,1,1,T1486
asset_14592,0.0033104508115293,0,1,T1486
asset_14593,0.0033104508115333,0,0,T1486
asset_14594,0.0033104464221243,0,0,T1486
asset_14595,0.9042692805633136,1,1,T1486
asset_14596,0.9042692805633136,1,0,T1486
asset_14597,0.0033104508115333,0,0,T1486
asset_14598,0.0033104508114933,0,1,T1486
asset_14599,0.0033104508115333,0,1,T1486
asset_14600,0.0033104497484606,0,1,T1486
asset_14601,0.0033104508115333,0,1,T1486
asset_14602,0.0033104508115333,0,1,T1486
asset_14603,0.0033104508115333,0,0,T1486
asset_14604,0.0033104508115309,0,0,T1486
asset_14605,0.9042692805633136,1,0,T1486
asset_14606,0.0033104508115868,0,1,T1486
asset_14607,0.9042692805633136,1,1,T1486
asset_14608,0.0033104508114616,0,0,T1486
asset_14609,0.0033104508115333,0,0,T1486
asset_14610,0.0033104508115333,0,0,T1486
asset_14611,0.0033104508115333,0,1,T1486
asset_14612,0.0033104508115333,0,1,T1486
asset_14613,0.9042692805633136,1,1,T1486
asset_14614,0.003345437170895,0,0,T1486
asset_14615,0.9042692805633136,1,0,T1486
asset_14616,0.0033104508115333,0,1,T1486
asset_14617,0.9042692805633136,1,0,T1486
asset_14618,0.0033104508115205,0,1,T1486
asset_14619,0.0033104508115333,0,0,T1486
asset_14620,0.9042692805633136,1,1,T1486
asset_14621,0.0033104508115869,0,0,T1486
asset_14622,0.9042692805633136,1,0,T1486
asset_14623,0.9042692805633136,1,0,T1486
asset_14624,0.9042692805633136,1,0,T1486
asset_14625,0.0033104508115333,0,0,T1486
asset_14626,0.9042692805633136,1,1,T1486
asset_14627,0.9042692805633136,1,0,T1486
asset_14628,0.9042692805633136,1,1,T1486
asset_14629,0.9042692805633136,1,0,T1486
asset_14630,0.0033104508115333,0,1,T1486
asset_14631,0.9042692805633136,1,1,T1486
asset_14632,0.9042692805633136,1,1,T1486
asset_14633,0.0033104508115333,0,1,T1486
asset_14634,0.0033104508115333,0,1,T1486
asset_14635,0.0033104508115205,0,0,T1486
asset_14636,0.9042692805633136,1,0,T1486
asset_14637,0.0033104508115333,0,1,T1486
asset_14638,0.9042692805633136,1,1,T1486
asset_14639,0.9042692805633136,1,0,T1486
asset_14640,0.0033104508115333,0,1,T1486
asset_14641,0.0033104508115333,0,0,T1486
asset_14642,0.0033104508115333,0,0,T1486
asset_14643,0.0033104508115333,0,1,T1486
asset_14644,0.9042692805633136,1,1,T1486
asset_14645,0.0033104508115201,0,1,T1486
asset_14646,0.9042692805633136,1,0,T1486
asset_14647,0.9042692805633136,1,0,T1486
asset_14648,0.0033104508115333,0,1,T1486
asset_14649,0.0033104508115309,0,1,T1486
asset_14650,0.0033104508115333,0,1,T1486
asset_14651,0.9042692805633136,1,0,T1486
asset_14652,0.9042692805633136,1,0,T1486
asset_14653,0.9042692805633136,1,1,T1486
asset_14654,0.0033104508115287,0,1,T1486
asset_14655,0.9042692805633136,1,1,T1486
asset_14656,0.9042692805633136,1,0,T1486
asset_14657,0.0033104508115309,0,1,T1486
asset_14658,0.0033104508115333,0,1,T1486
asset_14659,0.9042692805633136,1,0,T1486
asset_14660,0.9042692805633136,1,0,T1486
asset_14661,0.9042692805633136,1,0,T1486
asset_14662,0.9042692805633136,1,1,T1486
asset_14663,0.9042692805633136,1,1,T1486
asset_14664,0.0033104508115333,0,0,T1486
asset_14665,0.9042692805633136,1,0,T1486
asset_14666,0.9042692805633136,1,0,T1486
asset_14667,0.9042692805633136,1,1,T1486
asset_14668,0.0033104508115061,0,1,T1486
asset_14669,0.9042692805633136,1,1,T1486
asset_14670,0.003310450811489,0,0,T1486
asset_14671,0.9042692805633136,1,0,T1486
asset_14672,0.0033104490923377,0,1,T1486
asset_14673,0.0033104508115333,0,0,T1486
asset_14674,0.0033104508115868,0,1,T1486
asset_14675,0.0033104508115333,0,1,T1486
asset_14676,0.9042692805633136,1,1,T1486
asset_14677,0.9042692805633136,1,0,T1486
asset_14678,0.0033104508115284,0,0,T1486
asset_14679,0.0033104508115333,0,1,T1486
asset_14680,0.0033104508115309,0,1,T1486
asset_14681,0.9042692805633136,1,1,T1486
asset_14682,0.0033104508115333,0,0,T1486
asset_14683,0.9042692805633136,1,1,T1486
asset_14684,0.9042692805633136,1,0,T1486
asset_14685,0.9042692805633136,1,1,T1486
asset_14686,0.0033104508115333,0,0,T1486
asset_14687,0.0033104508115333,0,1,T1486
asset_14688,0.0033104508115225,0,0,T1486
asset_14689,0.9042692805633136,1,1,T1486
asset_14690,0.9042692805633136,1,1,T1486
asset_14691,0.9042692805633136,1,0,T1486
asset_14692,0.9042692805633136,1,0,T1486
asset_14693,0.9042692805633136,1,0,T1486
asset_14694,0.9042692805633136,1,1,T1486
asset_14695,0.0033104508115333,0,1,T1486
asset_14696,0.0033104508115097,0,1,T1486
asset_14697,0.9042692805633136,1,0,T1486
asset_14698,0.0033104508115333,0,1,T1486
asset_14699,0.9042692805633136,1,0,T1486
asset_14700,0.0033104508115099,0,1,T1486
asset_14701,0.9042692805633136,1,1,T1486
asset_14702,0.9042692805633136,1,0,T1486
asset_14703,0.9042692805633136,1,1,T1486
asset_14704,0.0033104508115284,0,1,T1486
asset_14705,0.0033104508114616,0,0,T1486
asset_14706,0.0033104508115099,0,0,T1486
asset_14707,0.0033104482481914,0,0,T1486
asset_14708,0.0033104508115333,0,1,T1486
asset_14709,0.003310450811489,0,1,T1486
asset_14710,0.0033104508115309,0,0,T1486
asset_14711,0.9042692805633136,1,1,T1486
asset_14712,0.9042692805633136,1,1,T1486
asset_14713,0.9042692805633136,1,1,T1486
asset_14714,0.0033104508115333,0,0,T1486
asset_14715,0.9042692805633136,1,0,T1486
asset_14716,0.0033104508115318,0,1,T1486
asset_14717,0.9042692805633136,1,0,T1486
asset_14718,0.0033104508115333,0,0,T1486
asset_14719,0.0033104508115221,0,1,T1486
asset_14720,0.0033104508115868,0,1,T1486
asset_14721,0.9042692805633136,1,1,T1486
asset_14722,0.0033104508115333,0,0,T1486
asset_14723,0.0033104508114935,0,1,T1486
asset_14724,0.9042692805633136,1,1,T1486
asset_14725,0.0033104508115333,0,1,T1486
asset_14726,0.0033104508115869,0,1,T1486
asset_14727,0.9042692805633136,1,1,T1486
asset_14728,0.0033104508115294,0,1,T1486
asset_14729,0.0033104508115196,0,1,T1486
asset_14730,0.0033104508115333,0,0,T1486
asset_14731,0.9042692805633136,1,1,T1486
asset_14732,0.0033104508115333,0,1,T1486
asset_14733,0.0033104508115309,0,1,T1486
asset_14734,0.9042692805633136,1,1,T1486
asset_14735,0.0033104508115333,0,1,T1486
asset_14736,0.0033104508115309,0,1,T1486
asset_14737,0.9042692805633136,1,0,T1486
asset_14738,0.0033104508115061,0,0,T1486
asset_14739,0.9042692805633136,1,1,T1486
asset_14740,0.0033104508115333,0,0,T1486
asset_14741,0.9042692805633136,1,0,T1486
asset_14742,0.0033104508114508,0,1,T1486
asset_14743,0.9042692805633136,1,0,T1486
asset_14744,0.9042692805633136,1,0,T1486
asset_14745,0.0033104508115309,0,1,T1486
asset_14746,0.0033104508115333,0,0,T1486
asset_14747,0.9042692805633136,1,1,T1486
asset_14748,0.9042692805633136,1,0,T1486
asset_14749,0.0033104508115333,0,1,T1486
asset_14750,0.9042692805633136,1,0,T1486
asset_14751,0.9042692805633136,1,0,T1486
asset_14752,0.9042692805633136,1,1,T1486
asset_14753,0.9042692805633136,1,0,T1486
asset_14754,0.9042692805633136,1,1,T1486
asset_14755,0.0033104508115185,0,0,T1486
asset_14756,0.9042692805633136,1,1,T1486
asset_14757,0.0033104508115868,0,1,T1486
asset_14758,0.9042692805633136,1,1,T1486
asset_14759,0.9042692805633136,1,1,T1486
asset_14760,0.9042692805633136,1,1,T1486
asset_14761,0.0033104508114785,0,0,T1486
asset_14762,0.9042692805633136,1,1,T1486
asset_14763,0.9042692805633136,1,0,T1486
asset_14764,0.9042692805633136,1,0,T1486
asset_14765,0.9042692805633136,1,0,T1486
asset_14766,0.0033104508115333,0,1,T1486
asset_14767,0.9042692805633136,1,1,T1486
asset_14768,0.9042692805633136,1,0,T1486
asset_14769,0.0033104508115225,0,0,T1486
asset_14770,0.9042692805633136,1,0,T1486
asset_14771,0.9042692805633136,1,0,T1486
asset_14772,0.9042692805633136,1,1,T1486
asset_14773,0.0033104508115061,0,1,T1486
asset_14774,0.0033104508115333,0,0,T1486
asset_14775,0.0033104508115309,0,1,T1486
asset_14776,0.9042692805633136,1,0,T1486
asset_14777,0.9042692805633136,1,0,T1486
asset_14778,0.0033104508115333,0,0,T1486
asset_14779,0.9042692805633136,1,1,T1486
asset_14780,0.0033104508115333,0,0,T1486
asset_14781,0.9042692805633136,1,0,T1486
asset_14782,0.9042692805633136,1,1,T1486
asset_14783,0.9042692805633136,1,1,T1486
asset_14784,0.9042692805633136,1,0,T1486
asset_14785,0.9042692805633136,1,1,T1486
asset_14786,0.9042692805633136,1,1,T1486
asset_14787,0.9042692805633136,1,1,T1486
asset_14788,0.0033104508115309,0,0,T1486
asset_14789,0.0033104508114616,0,0,T1486
asset_14790,0.9042692805633136,1,1,T1486
asset_14791,0.9042692805633136,1,0,T1486
asset_14792,0.0033104508114933,0,1,T1486
asset_14793,0.9042692805633136,1,0,T1486
asset_14794,0.0033104508115333,0,1,T1486
asset_14795,0.9042692805633136,1,1,T1486
asset_14796,0.0033104508115333,0,1,T1486
asset_14797,0.9042692805633136,1,0,T1486
asset_14798,0.9042692805633136,1,0,T1486
asset_14799,0.0033104508115333,0,1,T1486
asset_14800,0.9042692805633136,1,0,T1486
asset_14801,0.9042692805633136,1,1,T1486
asset_14802,0.0033104508120334,0,1,T1486
asset_14803,0.0033104508115333,0,1,T1486
asset_14804,0.003310448584853,0,0,T1486
asset_14805,0.0033104508115333,0,0,T1486
asset_14806,0.0033104508115333,0,1,T1486
asset_14807,0.9042692805633136,1,1,T1486
asset_14808,0.0033104508115309,0,1,T1486
asset_14809,0.9042692805633136,1,1,T1486
asset_14810,0.0033104508115333,0,1,T1486
asset_14811,0.9042692805633136,1,0,T1486
asset_14812,0.9042692805633136,1,0,T1486
asset_14813,0.9042692805633136,1,1,T1486
asset_14814,0.9042692805633136,1,1,T1486
asset_14815,0.0033104508115333,0,0,T1486
asset_14816,0.0033104508115333,0,0,T1486
asset_14817,0.0033104508115868,0,0,T1486
asset_14818,0.0033104508115333,0,0,T1486
asset_14819,0.0033104508135067,0,0,T1486
asset_14820,0.9042692805633136,1,1,T1486
asset_14821,0.9042692805633136,1,1,T1486
asset_14822,0.0033104499672667,0,1,T1486
asset_14823,0.0033104508115333,0,0,T1486
asset_14824,0.0033104508115333,0,0,T1486
asset_14825,0.9042692805633136,1,0,T1486
asset_14826,0.0033104508115205,0,1,T1486
asset_14827,0.9042692805633136,1,1,T1486
asset_14828,0.9042692805633136,1,1,T1486
asset_14829,0.9042692805633136,1,0,T1486
asset_14830,0.9042692805633136,1,1,T1486
asset_14831,0.003310450811489,0,1,T1486
asset_14832,0.9042692805633136,1,1,T1486
asset_14833,0.9042692805633136,1,1,T1486
asset_14834,0.9042692805633136,1,0,T1486
asset_14835,0.9042692805633136,1,1,T1486
asset_14836,0.0033104508115248,0,0,T1486
asset_14837,0.0033104508115333,0,0,T1486
asset_14838,0.9042692805633136,1,0,T1486
asset_14839,0.9042692805633136,1,1,T1486
asset_14840,0.0033104508115333,0,0,T1486
asset_14841,0.9042692805633136,1,0,T1486
asset_14842,0.0033104508115333,0,0,T1486
asset_14843,0.003310450811531,0,1,T1486
asset_14844,0.9042692805633136,1,1,T1486
asset_14845,0.0033104508115333,0,0,T1486
asset_14846,0.0033104508114623,0,1,T1486
asset_14847,0.9042692805633136,1,0,T1486
asset_14848,0.9042692805633136,1,0,T1486
asset_14849,0.0033104508115293,0,0,T1486
asset_14850,0.0033104508115333,0,0,T1486
asset_14851,0.9042692805633136,1,0,T1486
asset_14852,0.9042692805633136,1,1,T1486
asset_14853,0.0033104508115333,0,1,T1486
asset_14854,0.0033104508115333,0,1,T1486
asset_14855,0.9042692805633136,1,0,T1486
asset_14856,0.9042692805633136,1,0,T1486
asset_14857,0.9042692805633136,1,1,T1486
asset_14858,0.9042692805633136,1,0,T1486
asset_14859,0.9042692805633136,1,1,T1486
asset_14860,0.0033104508115333,0,1,T1486
asset_14861,0.9042692805633136,1,0,T1486
asset_14862,0.9042692805633136,1,1,T1486
asset_14863,0.9042692805633136,1,1,T1486
asset_14864,0.0033104508114895,0,1,T1486
asset_14865,0.9042692805633136,1,0,T1486
asset_14866,0.9042692805633136,1,0,T1486
asset_14867,0.0033104508115061,0,1,T1486
asset_14868,0.9042692805633136,1,1,T1486
asset_14869,0.9042692805633136,1,1,T1486
asset_14870,0.0033104508115333,0,1,T1486
asset_14871,0.9042692805633136,1,0,T1486
asset_14872,0.9042692805633136,1,1,T1486
asset_14873,0.0033104508115055,0,0,T1486
asset_14874,0.9042692805633136,1,1,T1486
asset_14875,0.0033104508115333,0,1,T1486
asset_14876,0.9042692805633136,1,0,T1486
asset_14877,0.0033104508115333,0,1,T1486
asset_14878,0.9042692805633136,1,0,T1486
asset_14879,0.9042692805633136,1,1,T1486
asset_14880,0.0033104508115309,0,1,T1486
asset_14881,0.0033104508114618,0,0,T1486
asset_14882,0.0033104508115333,0,0,T1486
asset_14883,0.9042692805633136,1,0,T1486
asset_14884,0.9042692805633136,1,0,T1486
asset_14885,0.9042692805633136,1,0,T1486
asset_14886,0.9042692805633136,1,1,T1486
asset_14887,0.0033104508115333,0,1,T1486
asset_14888,0.9042692805633136,1,1,T1486
asset_14889,0.9042692805633136,1,1,T1486
asset_14890,0.0033104508115333,0,0,T1486
asset_14891,0.9042692805633136,1,0,T1486
asset_14892,0.9042692805633136,1,0,T1486
asset_14893,0.9042692805633136,1,0,T1486
asset_14894,0.003310450811466,0,0,T1486
asset_14895,0.9042692805633136,1,1,T1486
asset_14896,0.9042692805633136,1,0,T1486
asset_14897,0.9042692805633136,1,1,T1486
asset_14898,0.9042692805633136,1,1,T1486
asset_14899,0.9042692805633136,1,0,T1486
asset_14900,0.0033104508115333,0,1,T1486
asset_14901,0.9042692805633136,1,1,T1486
asset_14902,0.9042692805633136,1,0,T1486
asset_14903,0.9042692805633136,1,1,T1486
asset_14904,0.9042692805633136,1,1,T1486
asset_14905,0.9042692805633136,1,0,T1486
asset_14906,0.9042692805633136,1,1,T1486
asset_14907,0.9042692805633136,1,0,T1486
asset_14908,0.0033104508115309,0,0,T1486
asset_14909,0.9042692805633136,1,0,T1486
asset_14910,0.9042692805633136,1,0,T1486
asset_14911,0.9042692805633136,1,0,T1486
asset_14912,0.9042692805633136,1,0,T1486
asset_14913,0.9042692805633136,1,1,T1486
asset_14914,0.0033104508115869,0,1,T1486
asset_14915,0.9042692805633136,1,1,T1486
asset_14916,0.9042692805633136,1,0,T1486
asset_14917,0.0033104508115333,0,0,T1486
asset_14918,0.9042692805633136,1,1,T1486
asset_14919,0.0033104508115099,0,1,T1486
asset_14920,0.9042692805633136,1,0,T1486
asset_14921,0.9042692805633136,1,1,T1486
asset_14922,0.0033104508115333,0,0,T1486
asset_14923,0.0033104508115333,0,0,T1486
asset_14924,0.9042692805633136,1,1,T1486
asset_14925,0.0033104508115225,0,1,T1486
asset_14926,0.0033104508115309,0,1,T1486
asset_14927,0.9042692805633136,1,0,T1486
asset_14928,0.0033104508115293,0,0,T1486
asset_14929,0.9042692805633136,1,1,T1486
asset_14930,0.0033104508115294,0,1,T1486
asset_14931,0.0033104508114935,0,1,T1486
asset_14932,0.9042692805633136,1,1,T1486
asset_14933,0.0033104508115333,0,0,T1486
asset_14934,0.9042692805633136,1,1,T1486
asset_14935,0.0033104508115784,0,0,T1486
asset_14936,0.0033104508115333,0,0,T1486
asset_14937,0.0033104508115309,0,0,T1486
asset_14938,0.9042692805633136,1,0,T1486
asset_14939,0.0033104508115333,0,1,T1486
asset_14940,0.9042692805633136,1,0,T1486
asset_14941,0.0033104508115333,0,0,T1486
asset_14942,0.9042692805633136,1,1,T1486
asset_14943,0.0033104508115287,0,0,T1486
asset_14944,0.0033104508114895,0,1,T1486
asset_14945,0.9042692805633136,1,0,T1486
asset_14946,0.0033104508115333,0,0,T1486
asset_14947,0.0033104508115333,0,0,T1486
asset_14948,0.9042692805633136,1,1,T1486
asset_14949,0.0033104508115333,0,0,T1486
asset_14950,0.0033104508114616,0,1,T1486
asset_14951,0.0033104508115333,0,1,T1486
asset_14952,0.9042692805633136,1,1,T1486
asset_14953,0.0033104508115186,0,1,T1486
asset_14954,0.0033104508115309,0,1,T1486
asset_14955,0.9042692805633136,1,1,T1486
asset_14956,0.0033104508114935,0,0,T1486
asset_14957,0.0033104508115061,0,0,T1486
asset_14958,0.9042692805633136,1,1,T1486
asset_14959,0.9042692805633136,1,0,T1486
asset_14960,0.0033104508115333,0,1,T1486
asset_14961,0.0033104508115333,0,1,T1486
asset_14962,0.9042692805633136,1,1,T1486
asset_14963,0.0033104508115333,0,0,T1486
asset_14964,0.0033104508114508,0,0,T1486
asset_14965,0.0033104508115333,0,0,T1486
asset_14966,0.9042692805633136,1,1,T1486
asset_14967,0.9042692805633136,1,0,T1486
asset_14968,0.003310450811489,0,1,T1486
asset_14969,0.9042692805633136,1,0,T1486
asset_14970,0.9042692805633136,1,0,T1486
asset_14971,0.9042692805633136,1,1,T1486
asset_14972,0.9042692805633136,1,0,T1486
asset_14973,0.0033104508115294,0,1,T1486
asset_14974,0.003345489346825,0,1,T1486
asset_14975,0.9042692805633136,1,0,T1486
asset_14976,0.0033104508115333,0,0,T1486
asset_14977,0.0033104508115309,0,1,T1486
asset_14978,0.9042692805633136,1,1,T1486
asset_14979,0.0033104508115294,0,1,T1486
asset_14980,0.9042692805633136,1,1,T1486
asset_14981,0.9042692805633136,1,1,T1486
asset_14982,0.0033104508115333,0,0,T1486
asset_14983,0.0033104508115225,0,0,T1486
asset_14984,0.0033104508115784,0,0,T1486
asset_14985,0.0033104508115225,0,1,T1486
asset_14986,0.9042692805633136,1,0,T1486
asset_14987,0.9042692805633136,1,1,T1486
asset_14988,0.0033104508115333,0,0,T1486
asset_14989,0.0033104508115294,0,1,T1486
asset_14990,0.0033104508115333,0,1,T1486
asset_14991,0.9042692805633136,1,1,T1486
asset_14992,0.0033104508115333,0,1,T1486
asset_14993,0.0033104508115333,0,1,T1486
asset_14994,0.0033104490923377,0,0,T1486
asset_14995,0.0033104508115097,0,1,T1486
asset_14996,0.9042692805633136,1,1,T1486
asset_14997,0.0033104508115333,0,1,T1486
asset_14998,0.0033104508115333,0,0,T1486
asset_14999,0.0033104508115205,0,1,T1486
asset_15000,0.0033104508115333,0,1,T1486
asset_15001,0.0033104508115333,0,1,T1486
asset_15002,0.9042692805633136,1,0,T1486
asset_15003,0.0033104508115333,0,1,T1486
asset_15004,0.0033104508115333,0,0,T1486
asset_15005,0.9042692805633136,1,0,T1486
asset_15006,0.9042692805633136,1,1,T1486
asset_15007,0.0033104508115309,0,1,T1486
asset_15008,0.0033104508115293,0,0,T1486
asset_15009,0.0033104508115868,0,1,T1486
asset_15010,0.9042692805633136,1,0,T1486
asset_15011,0.9042692805633136,1,0,T1486
asset_15012,0.9042692805633136,1,1,T1486
asset_15013,0.9042692805633136,1,0,T1486
asset_15014,0.0033104508115205,0,1,T1486
asset_15015,0.0033104508115294,0,1,T1486
asset_15016,0.0033104508117222,0,0,T1486
asset_15017,0.9042692805633136,1,0,T1486
asset_15018,0.9042692805633136,1,1,T1486
asset_15019,0.0033104508115333,0,0,T1486
asset_15020,0.9042692805633136,1,0,T1486
asset_15021,0.9042692805633136,1,0,T1486
asset_15022,0.9042692805633136,1,1,T1486
asset_15023,0.0033104508115333,0,1,T1486
asset_15024,0.0033104508115333,0,1,T1486
asset_15025,0.9042692805633136,1,1,T1486
asset_15026,0.9042692805633136,1,1,T1486
asset_15027,0.9042692805633136,1,1,T1486
asset_15028,0.0033804806989038,0,1,T1486
asset_15029,0.9042692805633136,1,1,T1486
asset_15030,0.9042692805633136,1,0,T1486
asset_15031,0.0033104508115205,0,0,T1486
asset_15032,0.9042692805633136,1,0,T1486
asset_15033,0.0033104508129547,0,1,T1486
asset_15034,0.0033104462285538,0,1,T1486
asset_15035,0.9042692805633136,1,1,T1486
asset_15036,0.0033104508115061,0,1,T1486
asset_15037,0.9042692805633136,1,0,T1486
asset_15038,0.9042692805633136,1,1,T1486
asset_15039,0.0033104508114933,0,1,T1486
asset_15040,0.9042692805633136,1,1,T1486
asset_15041,0.0033104508115333,0,1,T1486
asset_15042,0.0033104508114616,0,0,T1486
asset_15043,0.0033104508115167,0,0,T1486
asset_15044,0.9042692805633136,1,1,T1486
asset_15045,0.003310450811523,0,1,T1486
asset_15046,0.9042692805633136,1,1,T1486
asset_15047,0.0033104508115333,0,1,T1486
asset_15048,0.0033104508115333,0,0,T1486
asset_15049,0.9042692805633136,1,0,T1486
asset_15050,0.0033104508115333,0,0,T1486
asset_15051,0.0033104508115868,0,0,T1486
asset_15052,0.9042692805633136,1,0,T1486
asset_15053,0.9042692805633136,1,1,T1486
asset_15054,0.0033104508115333,0,0,T1486
asset_15055,0.0033104508115333,0,0,T1486
asset_15056,0.9042692805633136,1,0,T1486
asset_15057,0.9042692805633136,1,0,T1486
asset_15058,0.9042692805633136,1,0,T1486
asset_15059,0.9042692805633136,1,0,T1486
asset_15060,0.9042692805633136,1,1,T1486
asset_15061,0.0033104508115333,0,1,T1486
asset_15062,0.0033104508115333,0,1,T1486
asset_15063,0.0033104508115333,0,1,T1486
asset_15064,0.9042692805633136,1,1,T1486
asset_15065,0.9042692805633136,1,0,T1486
asset_15066,0.0033104508115333,0,0,T1486
asset_15067,0.9042692805633136,1,0,T1486
asset_15068,0.0033104508115333,0,0,T1486
asset_15069,0.9042692805633136,1,0,T1486
asset_15070,0.0033104508115869,0,0,T1486
asset_15071,0.0033104508114785,0,1,T1486
asset_15072,0.0033104508114618,0,1,T1486
asset_15073,0.0033104508115333,0,0,T1486
asset_15074,0.9042692805633136,1,1,T1486
asset_15075,0.9042692805633136,1,1,T1486
asset_15076,0.9042692805633136,1,1,T1486
asset_15077,0.9042692805633136,1,1,T1486
asset_15078,0.9042692805633136,1,1,T1486
asset_15079,0.9042692805633136,1,0,T1486
asset_15080,0.9042692805633136,1,0,T1486
asset_15081,0.9042692805633136,1,1,T1486
asset_15082,0.9042692805633136,1,0,T1486
asset_15083,0.0033804806987569,0,1,T1486
asset_15084,0.0033104508115333,0,0,T1486
asset_15085,0.9042692805633136,1,1,T1486
asset_15086,0.0033104508115333,0,0,T1486
asset_15087,0.0033104508115333,0,0,T1486
asset_15088,0.0033104490933179,0,1,T1486
asset_15089,0.0033104508115309,0,1,T1486
asset_15090,0.0033104508115869,0,1,T1486
asset_15091,0.0033104508115333,0,1,T1486
asset_15092,0.0033104508115333,0,1,T1486
asset_15093,0.9042692805633136,1,0,T1486
asset_15094,0.0033104508115333,0,0,T1486
asset_15095,0.9042692805633136,1,0,T1486
asset_15096,0.0033104508115333,0,0,T1486
asset_15097,0.0033104508114935,0,1,T1486
asset_15098,0.9042692805633136,1,1,T1486
asset_15099,0.0033104508115271,0,0,T1486
asset_15100,0.9042692805633136,1,1,T1486
asset_15101,0.9042692805633136,1,1,T1486
asset_15102,0.9042692805633136,1,1,T1486
asset_15103,0.9042692805633136,1,1,T1486
asset_15104,0.0033104508115099,0,0,T1486
asset_15105,0.0033104508115333,0,0,T1486
asset_15106,0.0033104508115097,0,0,T1486
asset_15107,0.9042692805633136,1,0,T1486
asset_15108,0.9042692805633136,1,0,T1486
asset_15109,0.9042692805633136,1,1,T1486
asset_15110,0.0033104508115186,0,0,T1486
asset_15111,0.0033104508115309,0,1,T1486
asset_15112,0.0033104508115333,0,1,T1486
asset_15113,0.0033104508115333,0,1,T1486
asset_15114,0.9042692805633136,1,1,T1486
asset_15115,0.0033104508115333,0,1,T1486
asset_15116,0.9042692805633136,1,0,T1486
asset_15117,0.0033104508114677,0,0,T1486
asset_15118,0.0033104508115333,0,0,T1486
asset_15119,0.9042692805633136,1,1,T1486
asset_15120,0.0033104508115163,0,1,T1486
asset_15121,0.0033104508115294,0,0,T1486
asset_15122,0.9042692805633136,1,1,T1486
asset_15123,0.0033104361263645,0,1,T1486
asset_15124,0.0033104508114618,0,0,T1486
asset_15125,0.0033104508115333,0,1,T1486
asset_15126,0.0033104508114787,0,0,T1486
asset_15127,0.9042692805633136,1,1,T1486
asset_15128,0.9042692805633136,1,0,T1486
asset_15129,0.0033104508115333,0,0,T1486
asset_15130,0.0033104508115333,0,0,T1486
asset_15131,0.9042692805633136,1,1,T1486
asset_15132,0.0033104508115309,0,0,T1486
asset_15133,0.9042692805633136,1,1,T1486
asset_15134,0.9042692805633136,1,0,T1486
asset_15135,0.0033104508115333,0,0,T1486
asset_15136,0.9042692805633136,1,1,T1486
asset_15137,0.9042692805633136,1,0,T1486
asset_15138,0.0033104508115333,0,0,T1486
asset_15139,0.0033104508115333,0,0,T1486
asset_15140,0.9042692805633136,1,0,T1486
asset_15141,0.0033104508115196,0,1,T1486
asset_15142,0.0033104508115333,0,0,T1486
asset_15143,0.9042692805633136,1,0,T1486
asset_15144,0.0033104508115333,0,0,T1486
asset_15145,0.9042692805633136,1,0,T1486
asset_15146,0.9042692805633136,1,0,T1486
asset_15147,0.0033104508115333,0,1,T1486
asset_15148,0.0033104508115333,0,0,T1486
asset_15149,0.0033104508115333,0,0,T1486
asset_15150,0.9042692805633136,1,1,T1486
asset_15151,0.9042692805633136,1,1,T1486
asset_15152,0.0033104464221243,0,0,T1486
asset_15153,0.9042692805633136,1,1,T1486
asset_15154,0.0033104508115333,0,0,T1486
asset_15155,0.0033104508115333,0,0,T1486
asset_15156,0.0033104508115333,0,0,T1486
asset_15157,0.9042692805633136,1,1,T1486
asset_15158,0.9042692805633136,1,1,T1486
asset_15159,0.9042692805633136,1,1,T1486
asset_15160,0.9042692805633136,1,1,T1486
asset_15161,0.0033104508115333,0,0,T1486
asset_15162,0.0033104508115176,0,1,T1486
asset_15163,0.9042692805633136,1,0,T1486
asset_15164,0.9042692805633136,1,0,T1486
asset_15165,0.9042692805633136,1,1,T1486
asset_15166,0.9042692805633136,1,0,T1486
asset_15167,0.9042692805633136,1,0,T1486
asset_15168,0.9042692805633136,1,1,T1486
asset_15169,0.0033104508115333,0,1,T1486
asset_15170,0.0033104508114935,0,1,T1486
asset_15171,0.0033104508115333,0,0,T1486
asset_15172,0.9042692805633136,1,1,T1486
asset_15173,0.9042692805633136,1,0,T1486
asset_15174,0.9042692805633136,1,0,T1486
asset_15175,0.9042692805633136,1,0,T1486
asset_15176,0.0033104508115333,0,0,T1486
asset_15177,0.9042692805633136,1,0,T1486
asset_15178,0.9042692805633136,1,0,T1486
asset_15179,0.0033104508115333,0,0,T1486
asset_15180,0.9042692805633136,1,0,T1486
asset_15181,0.9042692805633136,1,1,T1486
asset_15182,0.9042692805633136,1,0,T1486
asset_15183,0.9042692805633136,1,1,T1486
asset_15184,0.9042692805633136,1,1,T1486
asset_15185,0.0033104508115843,0,1,T1486
asset_15186,0.0033104508115333,0,0,T1486
asset_15187,0.0033104508115869,0,1,T1486
asset_15188,0.9042692805633136,1,1,T1486
asset_15189,0.9042692805633136,1,0,T1486
asset_15190,0.9042692805633136,1,1,T1486
asset_15191,0.9042692805633136,1,0,T1486
asset_15192,0.0033104508115333,0,0,T1486
asset_15193,0.9042692805633136,1,0,T1486
asset_15194,0.0033104508115284,0,0,T1486
asset_15195,0.9042692805633136,1,1,T1486
asset_15196,0.0033104508115869,0,1,T1486
asset_15197,0.9042692805633136,1,0,T1486
asset_15198,0.9042692805633136,1,1,T1486
asset_15199,0.0033104508114616,0,1,T1486
asset_15200,0.0033104508115869,0,0,T1486
asset_15201,0.9042692805633136,1,0,T1486
asset_15202,0.0033104508115205,0,1,T1486
asset_15203,0.0033104508115309,0,1,T1486
asset_15204,0.0033104508115333,0,0,T1486
asset_15205,0.0033104508115869,0,0,T1486
asset_15206,0.9042692805633136,1,1,T1486
asset_15207,0.0033104508115037,0,0,T1486
asset_15208,0.9042692805633136,1,1,T1486
asset_15209,0.0033104508115309,0,1,T1486
asset_15210,0.9042692805633136,1,0,T1486
asset_15211,0.9042692805633136,1,1,T1486
asset_15212,0.9042692805633136,1,1,T1486
asset_15213,0.9042692805633136,1,0,T1486
asset_15214,0.0033104508115205,0,0,T1486
asset_15215,0.9042692805633136,1,1,T1486
asset_15216,0.9042692805633136,1,1,T1486
asset_15217,0.003310450811466,0,1,T1486
asset_15218,0.0033104508115333,0,0,T1486
asset_15219,0.0033104508115309,0,1,T1486
asset_15220,0.0033104508115333,0,0,T1486
asset_15221,0.9042692805633136,1,1,T1486
asset_15222,0.0033104508115333,0,1,T1486
asset_15223,0.0033104508114508,0,1,T1486
asset_15224,0.0033104508115309,0,1,T1486
asset_15225,0.9042692805633136,1,0,T1486
asset_15226,0.9042692805633136,1,1,T1486
asset_15227,0.9042692805633136,1,1,T1486
asset_15228,0.9042692805633136,1,0,T1486
asset_15229,0.0033104508115333,0,1,T1486
asset_15230,0.0033104508115225,0,0,T1486
asset_15231,0.9042692805633136,1,1,T1486
asset_15232,0.9042692805633136,1,1,T1486
asset_15233,0.9042692805633136,1,1,T1486
asset_15234,0.9042692805633136,1,1,T1486
asset_15235,0.0033104508115333,0,1,T1486
asset_15236,0.9042692805633136,1,0,T1486
asset_15237,0.0033104508115333,0,1,T1486
asset_15238,0.9042692805633136,1,0,T1486
asset_15239,0.0033104508115333,0,1,T1486
asset_15240,0.0033104508115333,0,1,T1486
asset_15241,0.9042692805633136,1,0,T1486
asset_15242,0.0033104508114616,0,1,T1486
asset_15243,0.0033104508115333,0,0,T1486
asset_15244,0.0033104361263645,0,0,T1486
asset_15245,0.0033104508115309,0,1,T1486
asset_15246,0.0033104508114895,0,0,T1486
asset_15247,0.0033104508115333,0,0,T1486
asset_15248,0.0033104508115294,0,0,T1486
asset_15249,0.9042692805633136,1,0,T1486
asset_15250,0.0033104508115333,0,1,T1486
asset_15251,0.0033104508115333,0,1,T1486
asset_15252,0.0033104508115309,0,1,T1486
asset_15253,0.0033104508115333,0,1,T1486
asset_15254,0.003310448584853,0,0,T1486
asset_15255,0.9042692805633136,1,0,T1486
asset_15256,0.0033104508115333,0,0,T1486
asset_15257,0.9042692805633136,1,1,T1486
asset_15258,0.9042692805633136,1,0,T1486
asset_15259,0.0033104508115333,0,1,T1486
asset_15260,0.0033104508115333,0,1,T1486
asset_15261,0.9042692805633136,1,1,T1486
asset_15262,0.0033104508115309,0,1,T1486
asset_15263,0.0033104508115333,0,0,T1486
asset_15264,0.9042692805633136,1,0,T1486
asset_15265,0.0033104508115333,0,1,T1486
asset_15266,0.0033104508115869,0,0,T1486
asset_15267,0.0033104508115333,0,0,T1486
asset_15268,0.9042692805633136,1,1,T1486
asset_15269,0.9042692805633136,1,1,T1486
asset_15270,0.9042692805633136,1,0,T1486
asset_15271,0.0033104508115309,0,0,T1486
asset_15272,0.0033104508115309,0,1,T1486
asset_15273,0.9042692805633136,1,1,T1486
asset_15274,0.0033104508115309,0,0,T1486
asset_15275,0.0033104508115205,0,1,T1486
asset_15276,0.0033104508115333,0,1,T1486
asset_15277,0.9042692805633136,1,1,T1486
asset_15278,0.9042692805633136,1,0,T1486
asset_15279,0.003310450811489,0,0,T1486
asset_15280,0.0033454389830932,0,0,T1486
asset_15281,0.9042692805633136,1,1,T1486
asset_15282,0.9042692805633136,1,0,T1486
asset_15283,0.0033104508117248,0,1,T1486
asset_15284,0.9042692805633136,1,1,T1486
asset_15285,0.9042692805633136,1,0,T1486
asset_15286,0.0033104508115868,0,1,T1486
asset_15287,0.0033104508115061,0,0,T1486
asset_15288,0.9042692805633136,1,0,T1486
asset_15289,0.0033104508115333,0,0,T1486
asset_15290,0.9042692805633136,1,1,T1486
asset_15291,0.0033104508115333,0,1,T1486
asset_15292,0.0033104508115333,0,1,T1486
asset_15293,0.9042692805633136,1,1,T1486
asset_15294,0.0033104508115333,0,1,T1486
asset_15295,0.0033104508115333,0,1,T1486
asset_15296,0.0033104508115097,0,0,T1486
asset_15297,0.9042692805633136,1,0,T1486
asset_15298,0.9042692805633136,1,1,T1486
asset_15299,0.0033104508115333,0,1,T1486
asset_15300,0.9042692805633136,1,1,T1486
asset_15301,0.9042692805633136,1,0,T1486
asset_15302,0.0033104508115333,0,1,T1486
asset_15303,0.9042692805633136,1,1,T1486
asset_15304,0.9042692805633136,1,0,T1486
asset_15305,0.0033104508115205,0,0,T1486
asset_15306,0.9042692805633136,1,1,T1486
asset_15307,0.9042692805633136,1,1,T1486
asset_15308,0.9042692805633136,1,1,T1486
asset_15309,0.0033104508115225,0,0,T1486
asset_15310,0.9042692805633136,1,1,T1486
asset_15311,0.0033104508115868,0,1,T1486
asset_15312,0.0033104508115333,0,1,T1486
asset_15313,0.0033104500031795,0,0,T1486
asset_15314,0.9042692805633136,1,0,T1486
asset_15315,0.9042692805633136,1,1,T1486
asset_15316,0.9042692805633136,1,0,T1486
asset_15317,0.0033104508115333,0,1,T1486
asset_15318,0.0033104508115333,0,0,T1486
asset_15319,0.9042692805633136,1,0,T1486
asset_15320,0.0033104508115333,0,0,T1486
asset_15321,0.0033104508115868,0,1,T1486
asset_15322,0.0033104508115284,0,1,T1486
asset_15323,0.9042692805633136,1,1,T1486
asset_15324,0.0033104508115333,0,0,T1486
asset_15325,0.0033104508115309,0,1,T1486
asset_15326,0.9042692805633136,1,0,T1486
asset_15327,0.9042692805633136,1,1,T1486
asset_15328,0.0033104508115868,0,0,T1486
asset_15329,0.0033104508115333,0,0,T1486
asset_15330,0.0033104508115333,0,0,T1486
asset_15331,0.9042692805633136,1,1,T1486
asset_15332,0.0033104508115099,0,0,T1486
asset_15333,0.0033104508115333,0,1,T1486
asset_15334,0.0033104468656574,0,0,T1486
asset_15335,0.9042692805633136,1,0,T1486
asset_15336,0.9042692805633136,1,1,T1486
asset_15337,0.0033104508115868,0,0,T1486
asset_15338,0.9042692805633136,1,1,T1486
asset_15339,0.0033104508115225,0,0,T1486
asset_15340,0.0034876736340132,0,0,T1486
asset_15341,0.0033104508115333,0,1,T1486
asset_15342,0.9042692805633136,1,0,T1486
asset_15343,0.9042692805633136,1,1,T1486
asset_15344,0.003345437918551,0,0,T1486
asset_15345,0.0033104490933179,0,0,T1486
asset_15346,0.9042692805633136,1,0,T1486
asset_15347,0.9042692805633136,1,0,T1486
asset_15348,0.003310450811489,0,0,T1486
asset_15349,0.9042692805633136,1,1,T1486
asset_15350,0.0033104508115333,0,1,T1486
asset_15351,0.0033104508115333,0,0,T1486
asset_15352,0.9042692805633136,1,0,T1486
asset_15353,0.0033104508115294,0,0,T1486
asset_15354,0.9042692805633136,1,0,T1486
asset_15355,0.9042692805633136,1,0,T1486
asset_15356,0.0033104508115333,0,1,T1486
asset_15357,0.0033104508115333,0,1,T1486
asset_15358,0.9042692805633136,1,0,T1486
asset_15359,0.9042692805633136,1,0,T1486
asset_15360,0.0033104508115333,0,1,T1486
asset_15361,0.9042692805633136,1,1,T1486
asset_15362,0.0033104508115333,0,1,T1486
asset_15363,0.9042692805633136,1,1,T1486
asset_15364,0.0033104508115333,0,0,T1486
asset_15365,0.003310450811489,0,1,T1486
asset_15366,0.0033104508115205,0,0,T1486
asset_15367,0.0033104508115333,0,1,T1486
asset_15368,0.0033104508115225,0,1,T1486
asset_15369,0.0033104508115309,0,0,T1486
asset_15370,0.0033104508115333,0,1,T1486
asset_15371,0.9042692805633136,1,0,T1486
asset_15372,0.0033104508115333,0,0,T1486
asset_15373,0.9042692805633136,1,0,T1486
asset_15374,0.0033104508115167,0,0,T1486
asset_15375,0.9042692805633136,1,0,T1486
asset_15376,0.0033104508115333,0,1,T1486
asset_15377,0.0033104508115309,0,1,T1486
asset_15378,0.9042692805633136,1,0,T1486
asset_15379,0.9042692805633136,1,1,T1486
asset_15380,0.0033104508115309,0,0,T1486
asset_15381,0.0033104508115333,0,0,T1486
asset_15382,0.9042692805633136,1,1,T1486
asset_15383,0.0033104508115333,0,1,T1486
asset_15384,0.0033104490933179,0,0,T1486
asset_15385,0.0033104508115201,0,0,T1486
asset_15386,0.0033104508115333,0,0,T1486
asset_15387,0.9042692805633136,1,0,T1486
asset_15388,0.0033104508114785,0,1,T1486
asset_15389,0.0033104508115061,0,0,T1486
asset_15390,0.9042692805633136,1,0,T1486
asset_15391,0.0033104508115318,0,1,T1486
asset_15392,0.003310450811489,0,0,T1486
asset_15393,0.9042692805633136,1,0,T1486
asset_15394,0.0033104508115333,0,1,T1486
asset_15395,0.0033104508115868,0,0,T1486
asset_15396,0.9042692805633136,1,1,T1486
asset_15397,0.9042692805633136,1,0,T1486
asset_15398,0.9042692805633136,1,1,T1486
asset_15399,0.0033104508115333,0,1,T1486
asset_15400,0.0033104508115333,0,0,T1486
asset_15401,0.003310450811489,0,0,T1486
asset_15402,0.0033104508115309,0,1,T1486
asset_15403,0.003310450811489,0,0,T1486
asset_15404,0.0033104508115201,0,0,T1486
asset_15405,0.9042692805633136,1,0,T1486
asset_15406,0.9042692805633136,1,1,T1486
asset_15407,0.9042692805633136,1,0,T1486
asset_15408,0.9042692805633136,1,0,T1486
asset_15409,0.0033104499673624,0,0,T1486
asset_15410,0.0033104508115205,0,0,T1486
asset_15411,0.0033104508115784,0,0,T1486
asset_15412,0.9042692805633136,1,1,T1486
asset_15413,0.9042692805633136,1,1,T1486
asset_15414,0.9042692805633136,1,1,T1486
asset_15415,0.9042692805633136,1,0,T1486
asset_15416,0.9042692805633136,1,1,T1486
asset_15417,0.9042692805633136,1,1,T1486
asset_15418,0.0033104508115333,0,0,T1486
asset_15419,0.9042692805633136,1,0,T1486
asset_15420,0.0033104508115333,0,0,T1486
asset_15421,0.9042692805633136,1,0,T1486
asset_15422,0.9042692805633136,1,0,T1486
asset_15423,0.0033104508115333,0,1,T1486
asset_15424,0.9042692805633136,1,1,T1486
asset_15425,0.9042692805633136,1,0,T1486
asset_15426,0.0033104508115333,0,0,T1486
asset_15427,0.9042692805633136,1,0,T1486
asset_15428,0.0033104508115307,0,0,T1486
asset_15429,0.0033104508115333,0,0,T1486
asset_15430,0.0033104508115293,0,1,T1486
asset_15431,0.0033104508115333,0,0,T1486
asset_15432,0.0033104508115333,0,0,T1486
asset_15433,0.9042692805633136,1,0,T1486
asset_15434,0.0033104508114616,0,0,T1486
asset_15435,0.9042692805633136,1,1,T1486
asset_15436,0.0033104508115333,0,1,T1486
asset_15437,0.0033104508115333,0,0,T1486
asset_15438,0.0033104508115333,0,0,T1486
asset_15439,0.9042692805633136,1,0,T1486
asset_15440,0.0033104508115293,0,1,T1486
asset_15441,0.9042692805633136,1,1,T1486
asset_15442,0.0033104508115333,0,0,T1486
asset_15443,0.0033104508115225,0,0,T1486
asset_15444,0.0033104508115333,0,0,T1486
asset_15445,0.9042692805633136,1,1,T1486
asset_15446,0.9042692805633136,1,0,T1486
asset_15447,0.0033104508115333,0,1,T1486
asset_15448,0.0033104508115205,0,1,T1486
asset_15449,0.9042692805633136,1,1,T1486
asset_15450,0.9042692805633136,1,0,T1486
asset_15451,0.9042692805633136,1,0,T1486
asset_15452,0.9042692805633136,1,0,T1486
asset_15453,0.9042692805633136,1,0,T1486
asset_15454,0.9042692805633136,1,0,T1486
asset_15455,0.9042692805633136,1,1,T1486
asset_15456,0.9042692805633136,1,0,T1486
asset_15457,0.0033104508118171,0,1,T1486
asset_15458,0.0033104508115333,0,1,T1486
asset_15459,0.9042692805633136,1,0,T1486
asset_15460,0.9042692805633136,1,0,T1486
asset_15461,0.9042692805633136,1,1,T1486
asset_15462,0.0033104508115333,0,0,T1486
asset_15463,0.9042692805633136,1,1,T1486
asset_15464,0.9042692805633136,1,0,T1486
asset_15465,0.0033104508115225,0,0,T1486
asset_15466,0.0033104508115333,0,0,T1486
asset_15467,0.0033104508115333,0,1,T1486
asset_15468,0.0033104508115333,0,0,T1486
asset_15469,0.9042692805633136,1,1,T1486
asset_15470,0.9042692805633136,1,1,T1486
asset_15471,0.9042692805633136,1,1,T1486
asset_15472,0.9042692805633136,1,0,T1486
asset_15473,0.0033104508118171,0,0,T1486
asset_15474,0.0033104508115333,0,1,T1486
asset_15475,0.9042692805633136,1,1,T1486
asset_15476,0.9042692805633136,1,0,T1486
asset_15477,0.0033104508115333,0,0,T1486
asset_15478,0.0033104508115333,0,1,T1486
asset_15479,0.9042692805633136,1,1,T1486
asset_15480,0.9042692805633136,1,1,T1486
asset_15481,0.9042692805633136,1,1,T1486
asset_15482,0.0033104508115333,0,1,T1486
asset_15483,0.0033454904089115,0,0,T1486
asset_15484,0.9042692805633136,1,0,T1486
asset_15485,0.0033104508115333,0,1,T1486
asset_15486,0.0033104508115205,0,1,T1486
asset_15487,0.9042692805633136,1,0,T1486
asset_15488,0.9042692805633136,1,1,T1486
asset_15489,0.0033104508115309,0,0,T1486
asset_15490,0.0033104508115333,0,0,T1486
asset_15491,0.0033104508114508,0,0,T1486
asset_15492,0.9042692805633136,1,1,T1486
asset_15493,0.9042692805633136,1,1,T1486
asset_15494,0.0033104508115333,0,1,T1486
asset_15495,0.0033104508115333,0,0,T1486
asset_15496,0.9042692805633136,1,1,T1486
asset_15497,0.0033104508115205,0,0,T1486
asset_15498,0.9042692805633136,1,0,T1486
asset_15499,0.0033104508115225,0,1,T1486
asset_15500,0.9042692805633136,1,0,T1486
asset_15501,0.9042692805633136,1,0,T1486
asset_15502,0.0033104508115271,0,1,T1486
asset_15503,0.0033104508115333,0,0,T1486
asset_15504,0.0033104508115309,0,1,T1486
asset_15505,0.9042692805633136,1,1,T1486
asset_15506,0.003310450811523,0,1,T1486
asset_15507,0.9042692805633136,1,0,T1486
asset_15508,0.9042692805633136,1,0,T1486
asset_15509,0.0033104508115333,0,0,T1486
asset_15510,0.9042692805633136,1,1,T1486
asset_15511,0.0033104508115333,0,1,T1486
asset_15512,0.9042692805633136,1,1,T1486
asset_15513,0.9042692805633136,1,0,T1486
asset_15514,0.0033104508115333,0,0,T1486
asset_15515,0.9042692805633136,1,1,T1486
asset_15516,0.9042692805633136,1,0,T1486
asset_15517,0.0033104508115333,0,1,T1486
asset_15518,0.0033104508115284,0,0,T1486
asset_15519,0.9042692805633136,1,0,T1486
asset_15520,0.003310450811489,0,0,T1486
asset_15521,0.9042692805633136,1,1,T1486
asset_15522,0.9042692805633136,1,1,T1486
asset_15523,0.0033104508115333,0,1,T1486
asset_15524,0.0033104508115333,0,1,T1486
asset_15525,0.9042692805633136,1,0,T1486
asset_15526,0.9042692805633136,1,0,T1486
asset_15527,0.9042692805633136,1,0,T1486
asset_15528,0.9042692805633136,1,1,T1486
asset_15529,0.9042692805633136,1,1,T1486
asset_15530,0.0033104508115333,0,1,T1486
asset_15531,0.003310450811489,0,0,T1486
asset_15532,0.9042692805633136,1,1,T1486
asset_15533,0.9042692805633136,1,1,T1486
asset_15534,0.0033104508115333,0,0,T1486
asset_15535,0.9042692805633136,1,0,T1486
asset_15536,0.0033104508115333,0,0,T1486
asset_15537,0.9042692805633136,1,0,T1486
asset_15538,0.9042692805633136,1,1,T1486
asset_15539,0.9042692805633136,1,0,T1486
asset_15540,0.9042692805633136,1,0,T1486
asset_15541,0.9042692805633136,1,1,T1486
asset_15542,0.9042692805633136,1,0,T1486
asset_15543,0.0033104508115055,0,0,T1486
asset_15544,0.9042692805633136,1,0,T1486
asset_15545,0.9042692805633136,1,0,T1486
asset_15546,0.9042692805633136,1,1,T1486
asset_15547,0.0033104508115333,0,1,T1486
asset_15548,0.9042692805633136,1,0,T1486
asset_15549,0.0033104508115333,0,1,T1486
asset_15550,0.003310448584853,0,1,T1486
asset_15551,0.9042692805633136,1,0,T1486
asset_15552,0.9042692805633136,1,0,T1486
asset_15553,0.0033104508115333,0,0,T1486
asset_15554,0.0033104508115333,0,0,T1486
asset_15555,0.0033104508115333,0,0,T1486
asset_15556,0.9042692805633136,1,1,T1486
asset_15557,0.9042692805633136,1,1,T1486
asset_15558,0.0033104508114508,0,1,T1486
asset_15559,0.9042692805633136,1,1,T1486
asset_15560,0.9042692805633136,1,0,T1486
asset_15561,0.0033104508115333,0,0,T1486
asset_15562,0.0033104508115167,0,1,T1486
asset_15563,0.9042692805633136,1,1,T1486
asset_15564,0.0033104508115868,0,0,T1486
asset_15565,0.0033104508115333,0,0,T1486
asset_15566,0.9042692805633136,1,1,T1486
asset_15567,0.9042692805633136,1,1,T1486
asset_15568,0.9042692805633136,1,0,T1486
asset_15569,0.9042692805633136,1,1,T1486
asset_15570,0.9042692805633136,1,1,T1486
asset_15571,0.0033104508115333,0,0,T1486
asset_15572,0.9042692805633136,1,0,T1486
asset_15573,0.9042692805633136,1,0,T1486
asset_15574,0.9042692805633136,1,0,T1486
asset_15575,0.9042692805633136,1,0,T1486
asset_15576,0.9042692805633136,1,1,T1486
asset_15577,0.9042692805633136,1,0,T1486
asset_15578,0.9042692805633136,1,1,T1486
asset_15579,0.0033104508115333,0,1,T1486
asset_15580,0.0033104508115205,0,0,T1486
asset_15581,0.9042692805633136,1,0,T1486
asset_15582,0.9042692805633136,1,0,T1486
asset_15583,0.0033104508115225,0,1,T1486
asset_15584,0.0033104508115333,0,1,T1486
asset_15585,0.9042692805633136,1,1,T1486
asset_15586,0.0033104508115333,0,0,T1486
asset_15587,0.0033104508115333,0,1,T1486
asset_15588,0.0033104508115333,0,1,T1486
asset_15589,0.9042692805633136,1,1,T1486
asset_15590,0.0033104508115201,0,0,T1486
asset_15591,0.9042692805633136,1,0,T1486
asset_15592,0.9042692805633136,1,0,T1486
asset_15593,0.9042692805633136,1,0,T1486
asset_15594,0.9042692805633136,1,1,T1486
asset_15595,0.0033104508115333,0,0,T1486
asset_15596,0.0033104508115333,0,0,T1486
asset_15597,0.0033104469826889,0,0,T1486
asset_15598,0.0033104508115333,0,1,T1486
asset_15599,0.9042692805633136,1,1,T1486
asset_15600,0.0033104508115333,0,1,T1486
asset_15601,0.0033104508115333,0,0,T1486
asset_15602,0.0033104508115309,0,0,T1486
asset_15603,0.9042692805633136,1,0,T1486
asset_15604,0.9042692805633136,1,1,T1486
asset_15605,0.9042692805633136,1,1,T1486
asset_15606,0.003310450811521,0,1,T1486
asset_15607,0.0033454389830932,0,0,T1486
asset_15608,0.0033104508115205,0,0,T1486
asset_15609,0.9042692805633136,1,0,T1486
asset_15610,0.9042692805633136,1,1,T1486
asset_15611,0.9042692805633136,1,0,T1486
asset_15612,0.9042692805633136,1,0,T1486
asset_15613,0.9042692805633136,1,0,T1486
asset_15614,0.0033104508115333,0,1,T1486
asset_15615,0.9042692805633136,1,0,T1486
asset_15616,0.0033104508115333,0,0,T1486
asset_15617,0.0033104508115333,0,1,T1486
asset_15618,0.9042692805633136,1,1,T1486
asset_15619,0.0033104508114889,0,1,T1486
asset_15620,0.9042692805633136,1,0,T1486
asset_15621,0.9042692805633136,1,1,T1486
asset_15622,0.9042692805633136,1,1,T1486
asset_15623,0.9042692805633136,1,0,T1486
asset_15624,0.9042692805633136,1,1,T1486
asset_15625,0.0033104508115333,0,0,T1486
asset_15626,0.9042692805633136,1,1,T1486
asset_15627,0.0033104508115333,0,0,T1486
asset_15628,0.9042692805633136,1,0,T1486
asset_15629,0.0033104508115058,0,0,T1486
asset_15630,0.9042692805633136,1,1,T1486
asset_15631,0.0033104508115333,0,1,T1486
asset_15632,0.9042692805633136,1,1,T1486
asset_15633,0.9042692805633136,1,0,T1486
asset_15634,0.9042692805633136,1,1,T1486
asset_15635,0.9042692805633136,1,0,T1486
asset_15636,0.0033104499674198,0,0,T1486
asset_15637,0.9042692805633136,1,1,T1486
asset_15638,0.0033104508115333,0,0,T1486
asset_15639,0.0033104469826889,0,0,T1486
asset_15640,0.0033104508135067,0,0,T1486
asset_15641,0.0033104508115185,0,1,T1486
asset_15642,0.0033104508115333,0,0,T1486
asset_15643,0.0033104508114618,0,0,T1486
asset_15644,0.9042692805633136,1,1,T1486
asset_15645,0.0033104508115287,0,1,T1486
asset_15646,0.9042692805633136,1,0,T1486
asset_15647,0.0033104508115333,0,1,T1486
asset_15648,0.0033104508115333,0,0,T1486
asset_15649,0.9042692805633136,1,1,T1486
asset_15650,0.9042692805633136,1,0,T1486
asset_15651,0.0033104508115869,0,0,T1486
asset_15652,0.9042692805633136,1,0,T1486
asset_15653,0.9042692805633136,1,0,T1486
asset_15654,0.0033104508115333,0,0,T1486
asset_15655,0.0033104508115333,0,1,T1486
asset_15656,0.9042692805633136,1,0,T1486
asset_15657,0.9042692805633136,1,0,T1486
asset_15658,0.003310450811489,0,1,T1486
asset_15659,0.0033104508115868,0,1,T1486
asset_15660,0.0033104508115869,0,0,T1486
asset_15661,0.9042692805633136,1,1,T1486
asset_15662,0.9042692805633136,1,0,T1486
asset_15663,0.9042692805633136,1,1,T1486
asset_15664,0.9042692805633136,1,1,T1486
asset_15665,0.9042692805633136,1,1,T1486
asset_15666,0.9042692805633136,1,0,T1486
asset_15667,0.9042692805633136,1,0,T1486
asset_15668,0.9042692805633136,1,1,T1486
asset_15669,0.9042692805633136,1,0,T1486
asset_15670,0.0033104508114616,0,0,T1486
asset_15671,0.0033104508115333,0,0,T1486
asset_15672,0.0033104508115333,0,0,T1486
asset_15673,0.0033104508115333,0,1,T1486
asset_15674,0.9042692805633136,1,1,T1486
asset_15675,0.9042692805633136,1,1,T1486
asset_15676,0.0033104508115333,0,1,T1486
asset_15677,0.9042692805633136,1,0,T1486
asset_15678,0.0033804652151763,0,0,T1486
asset_15679,0.9042692805633136,1,1,T1486
asset_15680,0.0033104508115333,0,0,T1486
asset_15681,0.0033104508115205,0,0,T1486
asset_15682,0.0033104508115333,0,1,T1486
asset_15683,0.9042692805633136,1,1,T1486
asset_15684,0.0033104508114616,0,0,T1486
asset_15685,0.9042692805633136,1,0,T1486
asset_15686,0.9042692805633136,1,0,T1486
asset_15687,0.0033104508115333,0,0,T1486
asset_15688,0.9042692805633136,1,1,T1486
asset_15689,0.0033104508115333,0,0,T1486
asset_15690,0.9042692805633136,1,1,T1486
asset_15691,0.0033104508115333,0,1,T1486
asset_15692,0.9042692805633136,1,1,T1486
asset_15693,0.9042692805633136,1,0,T1486
asset_15694,0.0033104508115038,0,0,T1486
asset_15695,0.0033104508115333,0,0,T1486
asset_15696,0.0033104508115333,0,1,T1486
asset_15697,0.9042692805633136,1,0,T1486
asset_15698,0.0033104508115293,0,0,T1486
asset_15699,0.9042692805633136,1,1,T1486
asset_15700,0.0033104508115309,0,1,T1486
asset_15701,0.0033104508115293,0,1,T1486
asset_15702,0.9042692805633136,1,1,T1486
asset_15703,0.003310450811489,0,1,T1486
asset_15704,0.0033104508115205,0,1,T1486
asset_15705,0.9042692805633136,1,0,T1486
asset_15706,0.9042692805633136,1,1,T1486
asset_15707,0.9042692805633136,1,0,T1486
asset_15708,0.0033104508115333,0,1,T1486
asset_15709,0.9042692805633136,1,0,T1486
asset_15710,0.0033104508115225,0,0,T1486
asset_15711,0.9042692805633136,1,1,T1486
asset_15712,0.9042692805633136,1,0,T1486
asset_15713,0.0033104508115309,0,1,T1486
asset_15714,0.0033104508115333,0,0,T1486
asset_15715,0.0033104508115333,0,1,T1486
asset_15716,0.9042692805633136,1,1,T1486
asset_15717,0.0033104508115205,0,0,T1486
asset_15718,0.0033104508115333,0,1,T1486
asset_15719,0.9042692805633136,1,0,T1486
asset_15720,0.0033104508115333,0,1,T1486
asset_15721,0.0033104508115333,0,0,T1486
asset_15722,0.9042692805633136,1,1,T1486
asset_15723,0.0033104508115333,0,0,T1486
asset_15724,0.0033104508115333,0,1,T1486
asset_15725,0.0033104508115333,0,0,T1486
asset_15726,0.9042692805633136,1,0,T1486
asset_15727,0.9042692805633136,1,1,T1486
asset_15728,0.9042692805633136,1,0,T1486
asset_15729,0.9042692805633136,1,1,T1486
asset_15730,0.9042692805633136,1,0,T1486
asset_15731,0.9042692805633136,1,0,T1486
asset_15732,0.0033104508115333,0,0,T1486
asset_15733,0.0033104508115333,0,1,T1486
asset_15734,0.0033104508115333,0,1,T1486
asset_15735,0.9042692805633136,1,1,T1486
asset_15736,0.9042692805633136,1,0,T1486
asset_15737,0.9042692805633136,1,0,T1486
asset_15738,0.9042692805633136,1,1,T1486
asset_15739,0.9042692805633136,1,1,T1486
asset_15740,0.9042692805633136,1,0,T1486
asset_15741,0.9042692805633136,1,0,T1486
asset_15742,0.0033104508115225,0,0,T1486
asset_15743,0.9042692805633136,1,1,T1486
asset_15744,0.0033104508115309,0,0,T1486
asset_15745,0.003310450811531,0,1,T1486
asset_15746,0.0033104508115058,0,0,T1486
asset_15747,0.9042692805633136,1,1,T1486
asset_15748,0.9042692805633136,1,0,T1486
asset_15749,0.9042692805633136,1,0,T1486
asset_15750,0.9042692805633136,1,1,T1486
asset_15751,0.0033104508115333,0,0,T1486
asset_15752,0.9042692805633136,1,0,T1486
asset_15753,0.9042692805633136,1,1,T1486
asset_15754,0.9042692805633136,1,1,T1486
asset_15755,0.0033104508115293,0,1,T1486
asset_15756,0.9042692805633136,1,0,T1486
asset_15757,0.9042692805633136,1,1,T1486
asset_15758,0.0033104508115333,0,0,T1486
asset_15759,0.0033104508115333,0,1,T1486
asset_15760,0.9042692805633136,1,1,T1486
asset_15761,0.9042692805633136,1,1,T1486
asset_15762,0.0033104508115333,0,0,T1486
asset_15763,0.0033104508115333,0,1,T1486
asset_15764,0.0033104508115333,0,0,T1486
asset_15765,0.0033104464221243,0,1,T1486
asset_15766,0.0033104508115333,0,1,T1486
asset_15767,0.0034876895567868,0,1,T1486
asset_15768,0.9042692805633136,1,0,T1486
asset_15769,0.0033104508115333,0,0,T1486
asset_15770,0.9042692805633136,1,0,T1486
asset_15771,0.9042692805633136,1,1,T1486
asset_15772,0.0033104508115333,0,1,T1486
asset_15773,0.9042692805633136,1,0,T1486
asset_15774,0.0033104508115333,0,1,T1486
asset_15775,0.9042692805633136,1,1,T1486
asset_15776,0.9042692805633136,1,0,T1486
asset_15777,0.9042692805633136,1,1,T1486
asset_15778,0.9042692805633136,1,1,T1486
asset_15779,0.0033104508115333,0,0,T1486
asset_15780,0.0033104508115333,0,0,T1486
asset_15781,0.9042692805633136,1,0,T1486
asset_15782,0.0033104508115294,0,0,T1486
asset_15783,0.9042692805633136,1,1,T1486
asset_15784,0.9042692805633136,1,0,T1486
asset_15785,0.0033104508115869,0,0,T1486
asset_15786,0.9042692805633136,1,0,T1486
asset_15787,0.9042692805633136,1,0,T1486
asset_15788,0.0033104457881829,0,1,T1486
asset_15789,0.0033104508115333,0,0,T1486
asset_15790,0.9042692805633136,1,0,T1486
asset_15791,0.0033104508115333,0,0,T1486
asset_15792,0.9042692805633136,1,0,T1486
asset_15793,0.0033104508115333,0,1,T1486
asset_15794,0.0033104508115333,0,0,T1486
asset_15795,0.0033104508115294,0,1,T1486
asset_15796,0.9042692805633136,1,0,T1486
asset_15797,0.0033104508115294,0,1,T1486
asset_15798,0.9042692805633136,1,0,T1486
asset_15799,0.0033104508115333,0,0,T1486
asset_15800,0.9042692805633136,1,0,T1486
asset_15801,0.9042692805633136,1,0,T1486
asset_15802,0.0033104508115333,0,1,T1486
asset_15803,0.9042692805633136,1,0,T1486
asset_15804,0.0033104508115333,0,0,T1486
asset_15805,0.0033104508115333,0,1,T1486
asset_15806,0.0033104508115333,0,1,T1486
asset_15807,0.0033104508115333,0,0,T1486
asset_15808,0.0033104508115201,0,0,T1486
asset_15809,0.0033104508115333,0,1,T1486
asset_15810,0.9042692805633136,1,1,T1486
asset_15811,0.9042692805633136,1,0,T1486
asset_15812,0.0033104508115333,0,0,T1486
asset_15813,0.0033104508115333,0,0,T1486
asset_15814,0.9042692805633136,1,0,T1486
asset_15815,0.9042692805633136,1,0,T1486
asset_15816,0.9042692805633136,1,1,T1486
asset_15817,0.0033104508115333,0,0,T1486
asset_15818,0.0033104508115333,0,0,T1486
asset_15819,0.9042692805633136,1,0,T1486
asset_15820,0.0033104508115333,0,0,T1486
asset_15821,0.0033104508115333,0,1,T1486
asset_15822,0.9042692805633136,1,0,T1486
asset_15823,0.0033104508115333,0,1,T1486
asset_15824,0.9042692805633136,1,1,T1486
asset_15825,0.0033104508115333,0,1,T1486
asset_15826,0.0033104508115333,0,1,T1486
asset_15827,0.0033104508115293,0,1,T1486
asset_15828,0.9042692805633136,1,0,T1486
asset_15829,0.9042692805633136,1,0,T1486
asset_15830,0.0033104508115333,0,0,T1486
asset_15831,0.9042692805633136,1,0,T1486
asset_15832,0.9042692805633136,1,1,T1486
asset_15833,0.9042692805633136,1,0,T1486
asset_15834,0.9042692805633136,1,0,T1486
asset_15835,0.9042692805633136,1,0,T1486
asset_15836,0.9042692805633136,1,0,T1486
asset_15837,0.0033104508115061,0,0,T1486
asset_15838,0.0033104508115167,0,1,T1486
asset_15839,0.9042692805633136,1,1,T1486
asset_15840,0.9042692805633136,1,0,T1486
asset_15841,0.9042692805633136,1,0,T1486
asset_15842,0.9042692805633136,1,1,T1486
asset_15843,0.9042692805633136,1,1,T1486
asset_15844,0.9042692805633136,1,1,T1486
asset_15845,0.0033104508115037,0,1,T1486
asset_15846,0.9042692805633136,1,0,T1486
asset_15847,0.9042692805633136,1,1,T1486
asset_15848,0.9042692805633136,1,1,T1486
asset_15849,0.0033104508115333,0,1,T1486
asset_15850,0.0033104508115333,0,0,T1486
asset_15851,0.9042692805633136,1,1,T1486
asset_15852,0.0033104508115333,0,0,T1486
asset_15853,0.0033104508114889,0,0,T1486
asset_15854,0.0033104508115333,0,0,T1486
asset_15855,0.9042692805633136,1,0,T1486
asset_15856,0.0033104508115333,0,0,T1486
asset_15857,0.0033104508115333,0,0,T1486
asset_15858,0.9042692805633136,1,1,T1486
asset_15859,0.0033104508115167,0,0,T1486
asset_15860,0.0033104508115333,0,1,T1486
asset_15861,0.0033104508115333,0,1,T1486
asset_15862,0.0033104508115333,0,1,T1486
asset_15863,0.003345489346825,0,0,T1486
asset_15864,0.0033104508115271,0,0,T1486
asset_15865,0.9042692805633136,1,0,T1486
asset_15866,0.0033104508115333,0,1,T1486
asset_15867,0.9042692805633136,1,0,T1486
asset_15868,0.9042692805633136,1,1,T1486
asset_15869,0.9042692805633136,1,0,T1486
asset_15870,0.9042692805633136,1,1,T1486
asset_15871,0.0033104508115097,0,0,T1486
asset_15872,0.9042692805633136,1,0,T1486
asset_15873,0.0033104508115333,0,0,T1486
asset_15874,0.0033104508115058,0,0,T1486
asset_15875,0.9042692805633136,1,1,T1486
asset_15876,0.0033104508115333,0,1,T1486
asset_15877,0.9042692805633136,1,1,T1486
asset_15878,0.0033104508115333,0,1,T1486
asset_15879,0.9042692805633136,1,1,T1486
asset_15880,0.9042692805633136,1,0,T1486
asset_15881,0.0033104477866214,0,1,T1486
asset_15882,0.9042692805633136,1,0,T1486
asset_15883,0.9042692805633136,1,0,T1486
asset_15884,0.0033104508115309,0,0,T1486
asset_15885,0.0033804806989038,0,1,T1486
asset_15886,0.0033104508115868,0,0,T1486
asset_15887,0.9042692805633136,1,0,T1486
asset_15888,0.9042692805633136,1,1,T1486
asset_15889,0.9042692805633136,1,1,T1486
asset_15890,0.9042692805633136,1,0,T1486
asset_15891,0.9042692805633136,1,0,T1486
asset_15892,0.0033104508114895,0,0,T1486
asset_15893,0.9042692805633136,1,0,T1486
asset_15894,0.9042692805633136,1,0,T1486
asset_15895,0.9042692805633136,1,1,T1486
asset_15896,0.0033104508114935,0,0,T1486
asset_15897,0.9042692805633136,1,1,T1486
asset_15898,0.0033104508115201,0,0,T1486
asset_15899,0.0033104508114616,0,1,T1486
asset_15900,0.9042692805633136,1,0,T1486
asset_15901,0.9042692805633136,1,0,T1486
asset_15902,0.0033104508115097,0,0,T1486
asset_15903,0.0033104508115758,0,0,T1486
asset_15904,0.9042692805633136,1,1,T1486
asset_15905,0.9042692805633136,1,0,T1486
asset_15906,0.9042692805633136,1,1,T1486
asset_15907,0.9042692805633136,1,1,T1486
asset_15908,0.0033104508115309,0,1,T1486
asset_15909,0.9042692805633136,1,0,T1486
asset_15910,0.0033104508115333,0,1,T1486
asset_15911,0.9042692805633136,1,0,T1486
asset_15912,0.9042692805633136,1,1,T1486
asset_15913,0.0034876895568891,0,1,T1486
asset_15914,0.9042692805633136,1,1,T1486
asset_15915,0.9042692805633136,1,0,T1486
asset_15916,0.0033104508115333,0,1,T1486
asset_15917,0.0033104508115225,0,1,T1486
asset_15918,0.0033104508115333,0,0,T1486
asset_15919,0.0033104508115333,0,1,T1486
asset_15920,0.0033104508115333,0,1,T1486
asset_15921,0.9042692805633136,1,1,T1486
asset_15922,0.0033104508115333,0,0,T1486
asset_15923,0.0033104508114508,0,0,T1486
asset_15924,0.9042692805633136,1,1,T1486
asset_15925,0.0033104508115333,0,1,T1486
asset_15926,0.9042692805633136,1,1,T1486
asset_15927,0.0033104508115333,0,1,T1486
asset_15928,0.0033104508115294,0,1,T1486
asset_15929,0.0033104508115318,0,0,T1486
asset_15930,0.9042692805633136,1,1,T1486
asset_15931,0.9042692805633136,1,0,T1486
asset_15932,0.0033104508115333,0,0,T1486
asset_15933,0.9042692805633136,1,0,T1486
asset_15934,0.9042692805633136,1,0,T1486
asset_15935,0.9042692805633136,1,1,T1486
asset_15936,0.9042692805633136,1,1,T1486
asset_15937,0.0033104508115333,0,0,T1486
asset_15938,0.9042692805633136,1,1,T1486
asset_15939,0.9042692805633136,1,0,T1486
asset_15940,0.9042692805633136,1,0,T1486
asset_15941,0.9042692805633136,1,0,T1486
asset_15942,0.0033104508114785,0,0,T1486
asset_15943,0.9042692805633136,1,1,T1486
asset_15944,0.0033104508115333,0,1,T1486
asset_15945,0.0033104389333239,0,0,T1486
asset_15946,0.003310450811466,0,0,T1486
asset_15947,0.9042692805633136,1,0,T1486
asset_15948,0.0033104508115333,0,1,T1486
asset_15949,0.0033104508115309,0,1,T1486
asset_15950,0.9042692805633136,1,1,T1486
asset_15951,0.0033104508115333,0,1,T1486
asset_15952,0.0033104508115284,0,1,T1486
asset_15953,0.0033104508114508,0,0,T1486
asset_15954,0.0033104508115333,0,0,T1486
asset_15955,0.9042692805633136,1,1,T1486
asset_15956,0.0033104508115333,0,0,T1486
asset_15957,0.9042692805633136,1,0,T1486
asset_15958,0.9042692805633136,1,1,T1486
asset_15959,0.9042692805633136,1,0,T1486
asset_15960,0.0033104508114552,0,1,T1486
asset_15961,0.0033104508120232,0,1,T1486
asset_15962,0.0033104508114935,0,0,T1486
asset_15963,0.9042692805633136,1,1,T1486
asset_15964,0.0033104508115333,0,0,T1486
asset_15965,0.9042692805633136,1,0,T1486
asset_15966,0.0033104508115333,0,0,T1486
asset_15967,0.0033104508115333,0,0,T1486
asset_15968,0.9042692805633136,1,0,T1486
asset_15969,0.9042692805633136,1,1,T1486
asset_15970,0.0033104508120334,0,0,T1486
asset_15971,0.0033104508115333,0,1,T1486
asset_15972,0.0033104508115248,0,1,T1486
asset_15973,0.9042692805633136,1,1,T1486
asset_15974,0.0033104508115333,0,0,T1486
asset_15975,0.9042692805633136,1,1,T1486
asset_15976,0.9042692805633136,1,1,T1486
asset_15977,0.9042692805633136,1,0,T1486
asset_15978,0.0033104508115309,0,1,T1486
asset_15979,0.9042692805633136,1,0,T1486
asset_15980,0.9042692805633136,1,0,T1486
asset_15981,0.0033104508115309,0,0,T1486
asset_15982,0.0033104499672667,0,1,T1486
asset_15983,0.9042692805633136,1,1,T1486
asset_15984,0.0033104508115333,0,0,T1486
asset_15985,0.9042692805633136,1,0,T1486
asset_15986,0.0033104508115333,0,0,T1486
asset_15987,0.0033104508115333,0,0,T1486
asset_15988,0.0033104508114618,0,1,T1486
asset_15989,0.9042692805633136,1,1,T1486
asset_15990,0.0033104508115333,0,0,T1486
asset_15991,0.0033104508115333,0,1,T1486
asset_15992,0.0033104508118171,0,1,T1486
asset_15993,0.9042692805633136,1,1,T1486
asset_15994,0.0033104457881829,0,1,T1486
asset_15995,0.9042692805633136,1,0,T1486
asset_15996,0.9042692805633136,1,0,T1486
asset_15997,0.9042692805633136,1,1,T1486
asset_15998,0.9042692805633136,1,0,T1486
asset_15999,0.0033104464221243,0,1,T1486
asset_16000,0.0033104508115333,0,1,T1486
asset_16001,0.9042692805633136,1,1,T1486
asset_16002,0.9042692805633136,1,1,T1486
asset_16003,0.0033104508115333,0,1,T1486
asset_16004,0.0033104508115333,0,0,T1486
asset_16005,0.9042692805633136,1,1,T1486
asset_16006,0.0033104508115309,0,1,T1486
asset_16007,0.9042692805633136,1,0,T1486
asset_16008,0.0033104508115869,0,1,T1486
asset_16009,0.0033104508115333,0,1,T1486
asset_16010,0.9042692805633136,1,1,T1486
asset_16011,0.9042692805633136,1,1,T1486
asset_16012,0.0033104508115333,0,1,T1486
asset_16013,0.0033104508115309,0,1,T1486
asset_16014,0.9042692805633136,1,1,T1486
asset_16015,0.0033104508115333,0,0,T1486
asset_16016,0.9042692805633136,1,0,T1486
asset_16017,0.9042692805633136,1,1,T1486
asset_16018,0.0033104508115333,0,1,T1486
asset_16019,0.9042692805633136,1,1,T1486
asset_16020,0.9042692805633136,1,0,T1486
asset_16021,0.003310450811489,0,0,T1486
asset_16022,0.0033104508115868,0,0,T1486
asset_16023,0.0033104508114785,0,0,T1486
asset_16024,0.9042692805633136,1,0,T1486
asset_16025,0.9042692805633136,1,0,T1486
asset_16026,0.0033104497484606,0,1,T1486
asset_16027,0.9042692805633136,1,1,T1486
asset_16028,0.0033104508115333,0,1,T1486
asset_16029,0.9042692805633136,1,1,T1486
asset_16030,0.9042692805633136,1,1,T1486
asset_16031,0.0033104508115333,0,0,T1486
asset_16032,0.9042692805633136,1,0,T1486
asset_16033,0.9042692805633136,1,0,T1486
asset_16034,0.0033104508115333,0,1,T1486
asset_16035,0.0033104508115284,0,1,T1486
asset_16036,0.9042692805633136,1,1,T1486
asset_16037,0.0033104508115868,0,1,T1486
asset_16038,0.0033104508115225,0,0,T1486
asset_16039,0.9042692805633136,1,1,T1486
asset_16040,0.0033104508115333,0,0,T1486
asset_16041,0.9042692805633136,1,0,T1486
asset_16042,0.9042692805633136,1,0,T1486
asset_16043,0.9042692805633136,1,1,T1486
asset_16044,0.9042692805633136,1,0,T1486
asset_16045,0.9042692805633136,1,1,T1486
asset_16046,0.9042692805633136,1,0,T1486
asset_16047,0.9042692805633136,1,1,T1486
asset_16048,0.9042692805633136,1,0,T1486
asset_16049,0.9042692805633136,1,1,T1486
asset_16050,0.9042692805633136,1,0,T1486
asset_16051,0.0033104457881829,0,0,T1486
asset_16052,0.9042692805633136,1,1,T1486
asset_16053,0.9042692805633136,1,1,T1486
asset_16054,0.9042692805633136,1,0,T1486
asset_16055,0.9042692805633136,1,1,T1486
asset_16056,0.0033104508115333,0,1,T1486
asset_16057,0.0033104508115333,0,1,T1486
asset_16058,0.9042692805633136,1,0,T1486
asset_16059,0.9042692805633136,1,1,T1486
asset_16060,0.0033104508115333,0,0,T1486
asset_16061,0.0033104508115333,0,0,T1486
asset_16062,0.0033104508115333,0,0,T1486
asset_16063,0.9042692805633136,1,1,T1486
asset_16064,0.9042692805633136,1,0,T1486
asset_16065,0.0033104508115225,0,0,T1486
asset_16066,0.0034876736340132,0,0,T1486
asset_16067,0.0033104508115333,0,0,T1486
asset_16068,0.0033104508115333,0,0,T1486
asset_16069,0.9042692805633136,1,0,T1486
asset_16070,0.0033104508115099,0,0,T1486
asset_16071,0.9042692805633136,1,1,T1486
asset_16072,0.9042692805633136,1,0,T1486
asset_16073,0.9042692805633136,1,1,T1486
asset_16074,0.0033104508115333,0,1,T1486
asset_16075,0.9042692805633136,1,0,T1486
asset_16076,0.9042692805633136,1,0,T1486
asset_16077,0.003310450811489,0,0,T1486
asset_16078,0.9042692805633136,1,1,T1486
asset_16079,0.9042692805633136,1,0,T1486
asset_16080,0.0033104508115333,0,0,T1486
asset_16081,0.0033104508115868,0,1,T1486
asset_16082,0.0033104508115061,0,0,T1486
asset_16083,0.9042692805633136,1,0,T1486
asset_16084,0.9042692805633136,1,1,T1486
asset_16085,0.9042692805633136,1,1,T1486
asset_16086,0.9042692805633136,1,0,T1486
asset_16087,0.9042692805633136,1,0,T1486
asset_16088,0.9042692805633136,1,0,T1486
asset_16089,0.9042692805633136,1,0,T1486
asset_16090,0.0033104508115784,0,1,T1486
asset_16091,0.9042692805633136,1,1,T1486
asset_16092,0.9042692805633136,1,1,T1486
asset_16093,0.0033104508115333,0,1,T1486
asset_16094,0.0033104508115333,0,0,T1486
asset_16095,0.9042692805633136,1,0,T1486
asset_16096,0.0033104508115333,0,1,T1486
asset_16097,0.9042692805633136,1,0,T1486
asset_16098,0.0033104508115309,0,1,T1486
asset_16099,0.9042692805633136,1,1,T1486
asset_16100,0.0033104508115868,0,1,T1486
asset_16101,0.9042692805633136,1,0,T1486
asset_16102,0.9042692805633136,1,1,T1486
asset_16103,0.0033104508115333,0,0,T1486
asset_16104,0.0033104508115333,0,0,T1486
asset_16105,0.0033104508115333,0,1,T1486
asset_16106,0.9042692805633136,1,0,T1486
asset_16107,0.0033104508115333,0,1,T1486
asset_16108,0.9042692805633136,1,1,T1486
asset_16109,0.0033104508115294,0,0,T1486
asset_16110,0.0033104508115333,0,0,T1486
asset_16111,0.9042692805633136,1,1,T1486
asset_16112,0.9042692805633136,1,0,T1486
asset_16113,0.0033104508115186,0,1,T1486
asset_16114,0.9042692805633136,1,0,T1486
asset_16115,0.0033104508115061,0,0,T1486
asset_16116,0.9042692805633136,1,1,T1486
asset_16117,0.0033104508114935,0,1,T1486
asset_16118,0.0033104508115205,0,1,T1486
asset_16119,0.9042692805633136,1,1,T1486
asset_16120,0.0033104508115225,0,1,T1486
asset_16121,0.0033104508115333,0,1,T1486
asset_16122,0.9042692805633136,1,1,T1486
asset_16123,0.9042692805633136,1,0,T1486
asset_16124,0.9042692805633136,1,1,T1486
asset_16125,0.9042692805633136,1,1,T1486
asset_16126,0.9042692805633136,1,0,T1486
asset_16127,0.9042692805633136,1,0,T1486
asset_16128,0.9042692805633136,1,0,T1486
asset_16129,0.9042692805633136,1,1,T1486
asset_16130,0.0033104508115248,0,1,T1486
asset_16131,0.9042692805633136,1,0,T1486
asset_16132,0.9042692805633136,1,0,T1486
asset_16133,0.0033104508115097,0,1,T1486
asset_16134,0.0033104508115333,0,1,T1486
asset_16135,0.0033104508115333,0,0,T1486
asset_16136,0.0033104508115185,0,0,T1486
asset_16137,0.9042692805633136,1,1,T1486
asset_16138,0.0033104508115309,0,1,T1486
asset_16139,0.0033104508135067,0,0,T1486
asset_16140,0.9042692805633136,1,1,T1486
asset_16141,0.9042692805633136,1,1,T1486
asset_16142,0.9042692805633136,1,1,T1486
asset_16143,0.9042692805633136,1,1,T1486
asset_16144,0.0033104508115333,0,1,T1486
asset_16145,0.9042692805633136,1,1,T1486
asset_16146,0.9042692805633136,1,0,T1486
asset_16147,0.9042692805633136,1,1,T1486
asset_16148,0.0033104508115333,0,1,T1486
asset_16149,0.0033104508115333,0,1,T1486
asset_16150,0.9042692805633136,1,1,T1486
asset_16151,0.9042692805633136,1,1,T1486
asset_16152,0.9042692805633136,1,0,T1486
asset_16153,0.9042692805633136,1,1,T1486
asset_16154,0.0033104508114785,0,0,T1486
asset_16155,0.9042692805633136,1,1,T1486
asset_16156,0.9042692805633136,1,1,T1486
asset_16157,0.9042692805633136,1,1,T1486
asset_16158,0.0033104508115333,0,1,T1486
asset_16159,0.9042692805633136,1,1,T1486
asset_16160,0.0033454904089115,0,1,T1486
asset_16161,0.9042692805633136,1,0,T1486
asset_16162,0.0033104508115205,0,1,T1486
asset_16163,0.0033104508115333,0,1,T1486
asset_16164,0.0033104508115333,0,0,T1486
asset_16165,0.0033104508115333,0,1,T1486
asset_16166,0.9042692805633136,1,0,T1486
asset_16167,0.9042692805633136,1,1,T1486
asset_16168,0.9042692805633136,1,1,T1486
asset_16169,0.0033104481083634,0,1,T1486
asset_16170,0.9042692805633136,1,1,T1486
asset_16171,0.9042692805633136,1,1,T1486
asset_16172,0.9042692805633136,1,1,T1486
asset_16173,0.0033104457881829,0,0,T1486
asset_16174,0.9042692805633136,1,1,T1486
asset_16175,0.9042692805633136,1,1,T1486
asset_16176,0.9042692805633136,1,1,T1486
asset_16177,0.9042692805633136,1,1,T1486
asset_16178,0.9042692805633136,1,1,T1486
asset_16179,0.0033104508115333,0,1,T1486
asset_16180,0.0033104508115333,0,1,T1486
asset_16181,0.9042692805633136,1,0,T1486
asset_16182,0.9042692805633136,1,1,T1486
asset_16183,0.0033104508115333,0,0,T1486
asset_16184,0.0033104508115333,0,1,T1486
asset_16185,0.9042692805633136,1,1,T1486
asset_16186,0.9042692805633136,1,1,T1486
asset_16187,0.9042692805633136,1,0,T1486
asset_16188,0.0033104508115333,0,0,T1486
asset_16189,0.9042692805633136,1,1,T1486
asset_16190,0.0033104508115097,0,1,T1486
asset_16191,0.9042692805633136,1,0,T1486
asset_16192,0.9042692805633136,1,0,T1486
asset_16193,0.0033104508115333,0,0,T1486
asset_16194,0.9042692805633136,1,0,T1486
asset_16195,0.9042692805633136,1,1,T1486
asset_16196,0.9042692805633136,1,0,T1486
asset_16197,0.9042692805633136,1,1,T1486
asset_16198,0.0033104508114889,0,0,T1486
asset_16199,0.0034876895568891,0,0,T1486
asset_16200,0.0033104508115333,0,0,T1486
asset_16201,0.9042692805633136,1,1,T1486
asset_16202,0.0033104508115284,0,0,T1486
asset_16203,0.0033104508116792,0,0,T1486
asset_16204,0.9042692805633136,1,1,T1486
asset_16205,0.9042692805633136,1,1,T1486
asset_16206,0.9042692805633136,1,1,T1486
asset_16207,0.9042692805633136,1,0,T1486
asset_16208,0.9042692805633136,1,0,T1486
asset_16209,0.9042692805633136,1,0,T1486
asset_16210,0.0033104508115185,0,0,T1486
asset_16211,0.0033104508115309,0,0,T1486
asset_16212,0.9042692805633136,1,0,T1486
asset_16213,0.9042692805633136,1,1,T1486
asset_16214,0.0033104508115333,0,1,T1486
asset_16215,0.0033104508115333,0,0,T1486
asset_16216,0.0033104508115333,0,0,T1486
asset_16217,0.0033104508115333,0,1,T1486
asset_16218,0.0033104508115293,0,0,T1486
asset_16219,0.0033104508115293,0,1,T1486
asset_16220,0.9042692805633136,1,0,T1486
asset_16221,0.0033104508115309,0,1,T1486
asset_16222,0.0033104508115333,0,0,T1486
asset_16223,0.003310450811489,0,0,T1486
asset_16224,0.9042692805633136,1,1,T1486
asset_16225,0.9042692805633136,1,0,T1486
asset_16226,0.9042692805633136,1,0,T1486
asset_16227,0.0033104508115309,0,0,T1486
asset_16228,0.0033104508115333,0,0,T1486
asset_16229,0.9042692805633136,1,0,T1486
asset_16230,0.0033104508114616,0,0,T1486
asset_16231,0.003310450811489,0,1,T1486
asset_16232,0.0033104508115333,0,0,T1486
asset_16233,0.0033104508115309,0,1,T1486
asset_16234,0.0033104508115333,0,0,T1486
asset_16235,0.0033104508115333,0,1,T1486
asset_16236,0.9042692805633136,1,1,T1486
asset_16237,0.9042692805633136,1,1,T1486
asset_16238,0.0033104508115333,0,0,T1486
asset_16239,0.9042692805633136,1,1,T1486
asset_16240,0.003310450811489,0,1,T1486
asset_16241,0.0033104508115333,0,0,T1486
asset_16242,0.0033104508115333,0,1,T1486
asset_16243,0.0033104508115333,0,1,T1486
asset_16244,0.0033104508115333,0,0,T1486
asset_16245,0.9042692805633136,1,1,T1486
asset_16246,0.9042692805633136,1,0,T1486
asset_16247,0.9042692805633136,1,1,T1486
asset_16248,0.9042692805633136,1,0,T1486
asset_16249,0.0033104508114786,0,0,T1486
asset_16250,0.0033104508115333,0,1,T1486
asset_16251,0.9042692805633136,1,0,T1486
asset_16252,0.9042692805633136,1,0,T1486
asset_16253,0.9042692805633136,1,1,T1486
asset_16254,0.9042692805633136,1,0,T1486
asset_16255,0.9042692805633136,1,0,T1486
asset_16256,0.9042692805633136,1,1,T1486
asset_16257,0.9042692805633136,1,1,T1486
asset_16258,0.0033104490932545,0,1,T1486
asset_16259,0.0033104508115333,0,0,T1486
asset_16260,0.0033104508115333,0,0,T1486
asset_16261,0.9042692805633136,1,1,T1486
asset_16262,0.003310450811489,0,1,T1486
asset_16263,0.003310450811521,0,1,T1486
asset_16264,0.9042692805633136,1,1,T1486
asset_16265,0.0033104508115333,0,0,T1486
asset_16266,0.0033104508114508,0,1,T1486
asset_16267,0.9042692805633136,1,0,T1486
asset_16268,0.9042692805633136,1,1,T1486
asset_16269,0.9042692805633136,1,1,T1486
asset_16270,0.0033104508115333,0,0,T1486
asset_16271,0.9042692805633136,1,0,T1486
asset_16272,0.0033104508115333,0,1,T1486
asset_16273,0.9042692805633136,1,0,T1486
asset_16274,0.9042692805633136,1,0,T1486
asset_16275,0.0033104508115333,0,1,T1486
asset_16276,0.9042692805633136,1,1,T1486
asset_16277,0.0033104508115333,0,1,T1486
asset_16278,0.9042692805633136,1,0,T1486
asset_16279,0.9042692805633136,1,0,T1486
asset_16280,0.0033104508115225,0,0,T1486
asset_16281,0.9042692805633136,1,0,T1486
asset_16282,0.0033104508115201,0,0,T1486
asset_16283,0.0033104508115307,0,0,T1486
asset_16284,0.0033104508119878,0,1,T1486
asset_16285,0.0033104508115333,0,0,T1486
asset_16286,0.9042692805633136,1,0,T1486
asset_16287,0.0033104508115333,0,1,T1486
asset_16288,0.9042692805633136,1,0,T1486
asset_16289,0.0033104508115333,0,0,T1486
asset_16290,0.9042692805633136,1,1,T1486
asset_16291,0.9042692805633136,1,1,T1486
asset_16292,0.9042692805633136,1,1,T1486
asset_16293,0.0033104508115868,0,1,T1486
asset_16294,0.9042692805633136,1,1,T1486
asset_16295,0.0033104508115333,0,0,T1486
asset_16296,0.9042692805633136,1,0,T1486
asset_16297,0.9042692805633136,1,0,T1486
asset_16298,0.9042692805633136,1,0,T1486
asset_16299,0.9042692805633136,1,0,T1486
asset_16300,0.0033104508115333,0,1,T1486
asset_16301,0.9042692805633136,1,1,T1486
asset_16302,0.9042692805633136,1,0,T1486
asset_16303,0.0033104508115333,0,1,T1486
asset_16304,0.9042692805633136,1,0,T1486
asset_16305,0.9042692805633136,1,0,T1486
asset_16306,0.9042692805633136,1,1,T1486
asset_16307,0.9042692805633136,1,1,T1486
asset_16308,0.0033104508115333,0,1,T1486
asset_16309,0.9042692805633136,1,1,T1486
asset_16310,0.0033104508115333,0,1,T1486
asset_16311,0.0033104508115309,0,0,T1486
asset_16312,0.0033104508115333,0,1,T1486
asset_16313,0.0033104508115868,0,0,T1486
asset_16314,0.0033104508115333,0,0,T1486
asset_16315,0.003310450811489,0,0,T1486
asset_16316,0.9042692805633136,1,0,T1486
asset_16317,0.9042692805633136,1,1,T1486
asset_16318,0.9042692805633136,1,1,T1486
asset_16319,0.9042692805633136,1,0,T1486
asset_16320,0.9042692805633136,1,0,T1486
asset_16321,0.9042692805633136,1,0,T1486
asset_16322,0.0033104508115318,0,1,T1486
asset_16323,0.9042692805633136,1,0,T1486
asset_16324,0.9042692805633136,1,0,T1486
asset_16325,0.0033104508115333,0,1,T1486
asset_16326,0.0033104508115333,0,1,T1486
asset_16327,0.0033104508115333,0,0,T1486
asset_16328,0.0033104508115333,0,1,T1486
asset_16329,0.0033104508115046,0,0,T1486
asset_16330,0.9042692805633136,1,0,T1486
asset_16331,0.9042692805633136,1,1,T1486
asset_16332,0.9042692805633136,1,0,T1486
asset_16333,0.0033104508115333,0,0,T1486
asset_16334,0.9042692805633136,1,1,T1486
asset_16335,0.9042692805633136,1,1,T1486
asset_16336,0.0033104508118171,0,0,T1486
asset_16337,0.9042692805633136,1,0,T1486
asset_16338,0.9042692805633136,1,1,T1486
asset_16339,0.9042692805633136,1,1,T1486
asset_16340,0.9042692805633136,1,0,T1486
asset_16341,0.0033104508115333,0,1,T1486
asset_16342,0.0033104508114935,0,0,T1486
asset_16343,0.0033104508115293,0,0,T1486
asset_16344,0.0033104508115333,0,0,T1486
asset_16345,0.9042692805633136,1,1,T1486
asset_16346,0.0033104508114508,0,0,T1486
asset_16347,0.0033104508115333,0,1,T1486
asset_16348,0.9042692805633136,1,0,T1486
asset_16349,0.9042692805633136,1,1,T1486
asset_16350,0.9042692805633136,1,0,T1486
asset_16351,0.9042692805633136,1,1,T1486
asset_16352,0.0033104508115294,0,0,T1486
asset_16353,0.9042692805633136,1,0,T1486
asset_16354,0.0033104508115333,0,1,T1486
asset_16355,0.0033104508115146,0,1,T1486
asset_16356,0.9042692805633136,1,1,T1486
asset_16357,0.9042692805633136,1,1,T1486
asset_16358,0.0033104508115146,0,1,T1486
asset_16359,0.0033104508115225,0,0,T1486
asset_16360,0.0033104508115333,0,1,T1486
asset_16361,0.9042692805633136,1,0,T1486
asset_16362,0.9042692805633136,1,1,T1486
asset_16363,0.9042692805633136,1,0,T1486
asset_16364,0.9042692805633136,1,0,T1486
asset_16365,0.9042692805633136,1,0,T1486
asset_16366,0.0033104508115333,0,1,T1486
asset_16367,0.9042692805633136,1,1,T1486
asset_16368,0.0033104508115333,0,0,T1486
asset_16369,0.0033104508115333,0,0,T1486
asset_16370,0.9042692805633136,1,1,T1486
asset_16371,0.0033104508115333,0,1,T1486
asset_16372,0.9042692805633136,1,0,T1486
asset_16373,0.9042692805633136,1,0,T1486
asset_16374,0.9042692805633136,1,1,T1486
asset_16375,0.0033104508115333,0,0,T1486
asset_16376,0.0033104508115333,0,1,T1486
asset_16377,0.0033104508115058,0,1,T1486
asset_16378,0.0033104508115333,0,0,T1486
asset_16379,0.0033104508115333,0,0,T1486
asset_16380,0.0033104508115333,0,1,T1486
asset_16381,0.9042692805633136,1,0,T1486
asset_16382,0.0033104508115294,0,0,T1486
asset_16383,0.0033104508115333,0,0,T1486
asset_16384,0.9042692805633136,1,1,T1486
asset_16385,0.0033104508115333,0,1,T1486
asset_16386,0.0033104508115309,0,1,T1486
asset_16387,0.9042692805633136,1,1,T1486
asset_16388,0.0033104508115333,0,0,T1486
asset_16389,0.9042692805633136,1,0,T1486
asset_16390,0.9042692805633136,1,0,T1486
asset_16391,0.0033104508115333,0,0,T1486
asset_16392,0.9042692805633136,1,0,T1486
asset_16393,0.9042692805633136,1,0,T1486
asset_16394,0.0033104508115185,0,1,T1486
asset_16395,0.0033104508115869,0,0,T1486
asset_16396,0.0033104508115333,0,0,T1486
asset_16397,0.9042692805633136,1,1,T1486
asset_16398,0.0033104508115333,0,1,T1486
asset_16399,0.9042692805633136,1,0,T1486
asset_16400,0.003310450811489,0,1,T1486
asset_16401,0.0033104508115333,0,1,T1486
asset_16402,0.9042692805633136,1,0,T1486
asset_16403,0.9042692805633136,1,1,T1486
asset_16404,0.003310449967819,0,1,T1486
asset_16405,0.0033104508115333,0,0,T1486
asset_16406,0.9042692805633136,1,0,T1486
asset_16407,0.0033104508115333,0,0,T1486
asset_16408,0.9042692805633136,1,0,T1486
asset_16409,0.9042692805633136,1,0,T1486
asset_16410,0.0033104508115868,0,1,T1486
asset_16411,0.0033104508115333,0,1,T1486
asset_16412,0.0033104508115333,0,1,T1486
asset_16413,0.0033104508115333,0,1,T1486
asset_16414,0.9042692805633136,1,1,T1486
asset_16415,0.0033104508115868,0,0,T1486
asset_16416,0.0033104508115293,0,1,T1486
asset_16417,0.0033104508115333,0,1,T1486
asset_16418,0.9042692805633136,1,0,T1486
asset_16419,0.0033104469826889,0,0,T1486
asset_16420,0.0033104508115333,0,1,T1486
asset_16421,0.9042692805633136,1,1,T1486
asset_16422,0.0033104508115333,0,0,T1486
asset_16423,0.9042692805633136,1,0,T1486
asset_16424,0.9042692805633136,1,1,T1486
asset_16425,0.0033104508115843,0,1,T1486
asset_16426,0.0033104508115333,0,0,T1486
asset_16427,0.9042692805633136,1,0,T1486
asset_16428,0.9042692805633136,1,1,T1486
asset_16429,0.0033104508115333,0,1,T1486
asset_16430,0.9042692805633136,1,1,T1486
asset_16431,0.0033104508115333,0,0,T1486
asset_16432,0.0033104508115333,0,0,T1486
asset_16433,0.9042692805633136,1,1,T1486
asset_16434,0.0033104508115333,0,0,T1486
asset_16435,0.9042692805633136,1,1,T1486
asset_16436,0.9042692805633136,1,0,T1486
asset_16437,0.0033104508115333,0,1,T1486
asset_16438,0.0033104508114785,0,1,T1486
asset_16439,0.9042692805633136,1,0,T1486
asset_16440,0.0033104508115333,0,0,T1486
asset_16441,0.9042692805633136,1,1,T1486
asset_16442,0.9042692805633136,1,0,T1486
asset_16443,0.0033104508115333,0,0,T1486
asset_16444,0.0033104508115058,0,0,T1486
asset_16445,0.0033104508115333,0,0,T1486
asset_16446,0.9042692805633136,1,1,T1486
asset_16447,0.9042692805633136,1,1,T1486
asset_16448,0.0033104508115333,0,1,T1486
asset_16449,0.9042692805633136,1,1,T1486
asset_16450,0.0033104508115333,0,1,T1486
asset_16451,0.9042692805633136,1,1,T1486
asset_16452,0.0033104508114677,0,0,T1486
asset_16453,0.9042692805633136,1,1,T1486
asset_16454,0.9042692805633136,1,1,T1486
asset_16455,0.0033104499672667,0,0,T1486
asset_16456,0.0033104508115333,0,0,T1486
asset_16457,0.0033104508115333,0,0,T1486
asset_16458,0.9042692805633136,1,0,T1486
asset_16459,0.9042692805633136,1,1,T1486
asset_16460,0.9042692805633136,1,0,T1486
asset_16461,0.9042692805633136,1,1,T1486
asset_16462,0.0033104508114935,0,1,T1486
asset_16463,0.0033104508115869,0,0,T1486
asset_16464,0.0033104508115333,0,1,T1486
asset_16465,0.0033104508115333,0,0,T1486
asset_16466,0.0033104508115205,0,1,T1486
asset_16467,0.9042692805633136,1,1,T1486
asset_16468,0.9042692805633136,1,1,T1486
asset_16469,0.9042692805633136,1,1,T1486
asset_16470,0.9042692805633136,1,1,T1486
asset_16471,0.0033104508114664,0,0,T1486
asset_16472,0.0033104508115293,0,0,T1486
asset_16473,0.0033104508115333,0,1,T1486
asset_16474,0.0033104508114508,0,0,T1486
asset_16475,0.9042692805633136,1,0,T1486
asset_16476,0.9042692805633136,1,1,T1486
asset_16477,0.9042692805633136,1,1,T1486
asset_16478,0.0033104508115333,0,0,T1486
asset_16479,0.0033104508115333,0,1,T1486
asset_16480,0.9042692805633136,1,0,T1486
asset_16481,0.9042692805633136,1,1,T1486
asset_16482,0.0033104508115099,0,0,T1486
asset_16483,0.0033104508115205,0,1,T1486
asset_16484,0.9042692805633136,1,0,T1486
asset_16485,0.0033104508115333,0,1,T1486
asset_16486,0.9042692805633136,1,0,T1486
asset_16487,0.0033454389836629,0,1,T1486
asset_16488,0.0033104508115333,0,1,T1486
asset_16489,0.0033104508115163,0,0,T1486
asset_16490,0.0033104508115333,0,1,T1486
asset_16491,0.0033104508115333,0,1,T1486
asset_16492,0.9042692805633136,1,1,T1486
asset_16493,0.0033104508114889,0,0,T1486
asset_16494,0.9042692805633136,1,0,T1486
asset_16495,0.9042692805633136,1,1,T1486
asset_16496,0.9042692805633136,1,1,T1486
asset_16497,0.0033104508115333,0,1,T1486
asset_16498,0.9042692805633136,1,1,T1486
asset_16499,0.0033104508115333,0,0,T1486
asset_16500,0.9042692805633136,1,0,T1486
asset_16501,0.0033104508115333,0,0,T1486
asset_16502,0.0033104508115333,0,1,T1486
asset_16503,0.0033104508115333,0,1,T1486
asset_16504,0.0033104508115333,0,0,T1486
asset_16505,0.0033104508115146,0,0,T1486
asset_16506,0.9042692805633136,1,0,T1486
asset_16507,0.0033104508115333,0,1,T1486
asset_16508,0.9042692805633136,1,0,T1486
asset_16509,0.0033104508115309,0,0,T1486
asset_16510,0.0033104508115333,0,0,T1486
asset_16511,0.9042692805633136,1,0,T1486
asset_16512,0.9042692805633136,1,0,T1486
asset_16513,0.0033104508115205,0,1,T1486
asset_16514,0.0033104508115186,0,1,T1486
asset_16515,0.9042692805633136,1,1,T1486
asset_16516,0.0033104508115869,0,1,T1486
asset_16517,0.0033104508115309,0,0,T1486
asset_16518,0.9042692805633136,1,0,T1486
asset_16519,0.9042692805633136,1,0,T1486
asset_16520,0.0033104508115309,0,1,T1486
asset_16521,0.0033104508115333,0,0,T1486
asset_16522,0.9042692805633136,1,0,T1486
asset_16523,0.0033104508115333,0,0,T1486
asset_16524,0.0033104508115309,0,1,T1486
asset_16525,0.0033104508115333,0,0,T1486
asset_16526,0.9042692805633136,1,0,T1486
asset_16527,0.0033104508115205,0,0,T1486
asset_16528,0.0033104508115333,0,1,T1486
asset_16529,0.9042692805633136,1,0,T1486
asset_16530,0.9042692805633136,1,1,T1486
asset_16531,0.0033104508115333,0,0,T1486
asset_16532,0.0033104508115205,0,1,T1486
asset_16533,0.0033104508115333,0,0,T1486
asset_16534,0.0033104508115333,0,0,T1486
asset_16535,0.0033104508115021,0,0,T1486
asset_16536,0.0033104508115333,0,0,T1486
asset_16537,0.9042692805633136,1,0,T1486
asset_16538,0.0033104499672667,0,0,T1486
asset_16539,0.0033104508115021,0,1,T1486
asset_16540,0.0033104508116689,0,1,T1486
asset_16541,0.9042692805633136,1,0,T1486
asset_16542,0.0033104508115333,0,0,T1486
asset_16543,0.0033104508115333,0,0,T1486
asset_16544,0.9042692805633136,1,0,T1486
asset_16545,0.003310450811489,0,0,T1486
asset_16546,0.9042692805633136,1,1,T1486
asset_16547,0.9042692805633136,1,0,T1486
asset_16548,0.0033104508115201,0,1,T1486
asset_16549,0.0033104508115223,0,0,T1486
asset_16550,0.9042692805633136,1,0,T1486
asset_16551,0.9042692805633136,1,0,T1486
asset_16552,0.0033104508115333,0,1,T1486
asset_16553,0.0033104508115309,0,1,T1486
asset_16554,0.0033104508115333,0,0,T1486
asset_16555,0.9042692805633136,1,1,T1486
asset_16556,0.0033104508115333,0,0,T1486
asset_16557,0.0033104508114933,0,1,T1486
asset_16558,0.0033104508115333,0,1,T1486
asset_16559,0.9042692805633136,1,0,T1486
asset_16560,0.9042692805633136,1,1,T1486
asset_16561,0.9042692805633136,1,0,T1486
asset_16562,0.9042692805633136,1,0,T1486
asset_16563,0.0033104508115333,0,1,T1486
asset_16564,0.0033104508115225,0,1,T1486
asset_16565,0.9042692805633136,1,1,T1486
asset_16566,0.9042692805633136,1,1,T1486
asset_16567,0.0033104508115333,0,0,T1486
asset_16568,0.9042692805633136,1,0,T1486
asset_16569,0.0033104508114552,0,0,T1486
asset_16570,0.0033104508115868,0,1,T1486
asset_16571,0.0033104508115309,0,0,T1486
asset_16572,0.9042692805633136,1,0,T1486
asset_16573,0.0033104508115205,0,0,T1486
asset_16574,0.9042692805633136,1,1,T1486
asset_16575,0.0033104508115333,0,0,T1486
asset_16576,0.9042692805633136,1,0,T1486
asset_16577,0.0033104508115333,0,1,T1486
asset_16578,0.0033104508115333,0,1,T1486
asset_16579,0.9042692805633136,1,0,T1486
asset_16580,0.9042692805633136,1,1,T1486
asset_16581,0.0033104508115271,0,1,T1486
asset_16582,0.9042692805633136,1,0,T1486
asset_16583,0.0033104361263645,0,0,T1486
asset_16584,0.9042692805633136,1,0,T1486
asset_16585,0.9042692805633136,1,1,T1486
asset_16586,0.9042692805633136,1,1,T1486
asset_16587,0.003310450811521,0,0,T1486
asset_16588,0.0033104508115333,0,0,T1486
asset_16589,0.0033104508115309,0,1,T1486
asset_16590,0.0033104508115333,0,0,T1486
asset_16591,0.9042692805633136,1,0,T1486
asset_16592,0.0033104508114787,0,1,T1486
asset_16593,0.0033104508115333,0,1,T1486
asset_16594,0.0033104508115333,0,0,T1486
asset_16595,0.0033104508115333,0,0,T1486
asset_16596,0.9042692805633136,1,0,T1486
asset_16597,0.0033104508115333,0,1,T1486
asset_16598,0.9042692805633136,1,0,T1486
asset_16599,0.0034876895568891,0,1,T1486
asset_16600,0.9042692805633136,1,0,T1486
asset_16601,0.9042692805633136,1,1,T1486
asset_16602,0.0033104508115309,0,0,T1486
asset_16603,0.9042692805633136,1,0,T1486
asset_16604,0.0033104508115333,0,0,T1486
asset_16605,0.9042692805633136,1,0,T1486
asset_16606,0.0033104508115333,0,0,T1486
asset_16607,0.0033104508115333,0,0,T1486
asset_16608,0.9042692805633136,1,0,T1486
asset_16609,0.0033104508115333,0,0,T1486
asset_16610,0.9042692805633136,1,0,T1486
asset_16611,0.9042692805633136,1,1,T1486
asset_16612,0.0033104508115868,0,0,T1486
asset_16613,0.003310450811523,0,0,T1486
asset_16614,0.9042692805633136,1,1,T1486
asset_16615,0.0033104508115333,0,1,T1486
asset_16616,0.0033104508115205,0,0,T1486
asset_16617,0.9042692805633136,1,0,T1486
asset_16618,0.9042692805633136,1,1,T1486
asset_16619,0.0033104508115333,0,0,T1486
asset_16620,0.0033104508114889,0,1,T1486
asset_16621,0.9042692805633136,1,1,T1486
asset_16622,0.9042692805633136,1,1,T1486
asset_16623,0.0033104508115294,0,1,T1486
asset_16624,0.0033104508115205,0,0,T1486
asset_16625,0.9042692805633136,1,1,T1486
asset_16626,0.0033104508115318,0,0,T1486
asset_16627,0.9042692805633136,1,0,T1486
asset_16628,0.0033104508115309,0,0,T1486
asset_16629,0.9042692805633136,1,1,T1486
asset_16630,0.9042692805633136,1,0,T1486
asset_16631,0.0033104508114933,0,0,T1486
asset_16632,0.9042692805633136,1,1,T1486
asset_16633,0.0033104482481914,0,0,T1486
asset_16634,0.9042692805633136,1,1,T1486
asset_16635,0.0033104508115333,0,1,T1486
asset_16636,0.9042692805633136,1,0,T1486
asset_16637,0.9042692805633136,1,0,T1486
asset_16638,0.0033104508115333,0,0,T1486
asset_16639,0.0033104508115058,0,1,T1486
asset_16640,0.0033104508115333,0,1,T1486
asset_16641,0.0033104508115333,0,0,T1486
asset_16642,0.0033104508115333,0,0,T1486
asset_16643,0.9042692805633136,1,0,T1486
asset_16644,0.9042692805633136,1,1,T1486
asset_16645,0.9042692805633136,1,1,T1486
asset_16646,0.9042692805633136,1,1,T1486
asset_16647,0.0033104508115333,0,1,T1486
asset_16648,0.9042692805633136,1,1,T1486
asset_16649,0.0033104508115868,0,0,T1486
asset_16650,0.9042692805633136,1,1,T1486
asset_16651,0.9042692805633136,1,0,T1486
asset_16652,0.0033454904089115,0,1,T1486
asset_16653,0.0033104508115333,0,0,T1486
asset_16654,0.0033104508115333,0,0,T1486
asset_16655,0.9042692805633136,1,1,T1486
asset_16656,0.9042692805633136,1,0,T1486
asset_16657,0.9042692805633136,1,1,T1486
asset_16658,0.0033104508119878,0,0,T1486
asset_16659,0.0033104508115333,0,0,T1486
asset_16660,0.9042692805633136,1,0,T1486
asset_16661,0.0033104508115333,0,0,T1486
asset_16662,0.0033104508115333,0,0,T1486
asset_16663,0.0033104508115293,0,1,T1486
asset_16664,0.0033104508115205,0,1,T1486
asset_16665,0.9042692805633136,1,1,T1486
asset_16666,0.0033104499672667,0,0,T1486
asset_16667,0.0033104508115294,0,0,T1486
asset_16668,0.9042692805633136,1,1,T1486
asset_16669,0.9042692805633136,1,1,T1486
asset_16670,0.9042692805633136,1,0,T1486
asset_16671,0.0033104508115784,0,1,T1486
asset_16672,0.9042692805633136,1,1,T1486
asset_16673,0.0033104508115333,0,0,T1486
asset_16674,0.0033104508115333,0,1,T1486
asset_16675,0.0033104508115333,0,1,T1486
asset_16676,0.0033104508115333,0,1,T1486
asset_16677,0.9042692805633136,1,1,T1486
asset_16678,0.9042692805633136,1,0,T1486
asset_16679,0.003310450811489,0,1,T1486
asset_16680,0.0033104508115225,0,1,T1486
asset_16681,0.9042692805633136,1,1,T1486
asset_16682,0.0033104508115333,0,0,T1486
asset_16683,0.9042692805633136,1,1,T1486
asset_16684,0.9042692805633136,1,1,T1486
asset_16685,0.9042692805633136,1,0,T1486
asset_16686,0.0033104508115333,0,1,T1486
asset_16687,0.9042692805633136,1,0,T1486
asset_16688,0.0033104508115225,0,1,T1486
asset_16689,0.9042692805633136,1,0,T1486
asset_16690,0.9042692805633136,1,1,T1486
asset_16691,0.9042692805633136,1,1,T1486
asset_16692,0.9042692805633136,1,1,T1486
asset_16693,0.0033104508115205,0,1,T1486
asset_16694,0.0033454904089115,0,1,T1486
asset_16695,0.0033104508115225,0,1,T1486
asset_16696,0.9042692805633136,1,1,T1486
asset_16697,0.9042692805633136,1,0,T1486
asset_16698,0.9042692805633136,1,1,T1486
asset_16699,0.0033104508115061,0,0,T1486
asset_16700,0.9042692805633136,1,1,T1486
asset_16701,0.9042692805633136,1,1,T1486
asset_16702,0.0033104508115333,0,0,T1486
asset_16703,0.0033104508115055,0,1,T1486
asset_16704,0.0033104508114785,0,0,T1486
asset_16705,0.9042692805633136,1,0,T1486
asset_16706,0.9042692805633136,1,1,T1486
asset_16707,0.9042692805633136,1,0,T1486
asset_16708,0.0033104508115333,0,1,T1486
asset_16709,0.9042692805633136,1,1,T1486
asset_16710,0.9042692805633136,1,1,T1486
asset_16711,0.9042692805633136,1,1,T1486
asset_16712,0.0033104508115333,0,1,T1486
asset_16713,0.9042692805633136,1,0,T1486
asset_16714,0.0033104508115205,0,0,T1486
asset_16715,0.9042692805633136,1,1,T1486
asset_16716,0.9042692805633136,1,1,T1486
asset_16717,0.9042692805633136,1,1,T1486
asset_16718,0.0033104508115868,0,0,T1486
asset_16719,0.9042692805633136,1,0,T1486
asset_16720,0.9042692805633136,1,0,T1486
asset_16721,0.0034876736340132,0,0,T1486
asset_16722,0.9042692805633136,1,0,T1486
asset_16723,0.9042692805633136,1,1,T1486
asset_16724,0.0033104508115333,0,0,T1486
asset_16725,0.0033104508115333,0,0,T1486
asset_16726,0.003310450811489,0,1,T1486
asset_16727,0.9042692805633136,1,0,T1486
asset_16728,0.0033104508115333,0,1,T1486
asset_16729,0.9042692805633136,1,1,T1486
asset_16730,0.9042692805633136,1,0,T1486
asset_16731,0.0033454925291896,0,1,T1486
asset_16732,0.9042692805633136,1,0,T1486
asset_16733,0.9042692805633136,1,0,T1486
asset_16734,0.9042692805633136,1,0,T1486
asset_16735,0.0033104508115201,0,1,T1486
asset_16736,0.9042692805633136,1,0,T1486
asset_16737,0.9042692805633136,1,0,T1486
asset_16738,0.0033104508115333,0,0,T1486
asset_16739,0.9042692805633136,1,0,T1486
asset_16740,0.0033104508115333,0,1,T1486
asset_16741,0.9042692805633136,1,0,T1486
asset_16742,0.9042692805633136,1,0,T1486
asset_16743,0.9042692805633136,1,1,T1486
asset_16744,0.0033104508115333,0,1,T1486
asset_16745,0.0033104508115333,0,0,T1486
asset_16746,0.0033104508115333,0,1,T1486
asset_16747,0.9042692805633136,1,1,T1486
asset_16748,0.9042692805633136,1,0,T1486
asset_16749,0.9042692805633136,1,0,T1486
asset_16750,0.0033104508115225,0,1,T1486
asset_16751,0.0033104508115333,0,0,T1486
asset_16752,0.0033104508115333,0,0,T1486
asset_16753,0.9042692805633136,1,0,T1486
asset_16754,0.0033104508115225,0,1,T1486
asset_16755,0.9042692805633136,1,1,T1486
asset_16756,0.0033104508115333,0,1,T1486
asset_16757,0.9042692805633136,1,0,T1486
asset_16758,0.0033104508115012,0,0,T1486
asset_16759,0.9042692805633136,1,0,T1486
asset_16760,0.0033104508115784,0,0,T1486
asset_16761,0.0033104508114933,0,0,T1486
asset_16762,0.0033104508115333,0,0,T1486
asset_16763,0.9042692805633136,1,1,T1486
asset_16764,0.9042692805633136,1,1,T1486
asset_16765,0.0033104508114785,0,1,T1486
asset_16766,0.00331045081212,0,1,T1486
asset_16767,0.9042692805633136,1,1,T1486
asset_16768,0.9042692805633136,1,0,T1486
asset_16769,0.9042692805633136,1,1,T1486
asset_16770,0.9042692805633136,1,0,T1486
asset_16771,0.9042692805633136,1,0,T1486
asset_16772,0.9042692805633136,1,1,T1486
asset_16773,0.9042692805633136,1,0,T1486
asset_16774,0.0033104508115333,0,0,T1486
asset_16775,0.9042692805633136,1,1,T1486
asset_16776,0.9042692805633136,1,0,T1486
asset_16777,0.0033104508115333,0,0,T1486
asset_16778,0.0033104508115333,0,1,T1486
asset_16779,0.9042692805633136,1,0,T1486
asset_16780,0.0033104508115186,0,0,T1486
asset_16781,0.9042692805633136,1,0,T1486
asset_16782,0.9042692805633136,1,1,T1486
asset_16783,0.003310450811489,0,1,T1486
asset_16784,0.9042692805633136,1,1,T1486
asset_16785,0.0033104508115333,0,1,T1486
asset_16786,0.9042692805633136,1,1,T1486
asset_16787,0.9042692805633136,1,1,T1486
asset_16788,0.0033104508114618,0,0,T1486
asset_16789,0.0033104508115205,0,0,T1486
asset_16790,0.0033104508115333,0,0,T1486
asset_16791,0.9042692805633136,1,0,T1486
asset_16792,0.9042692805633136,1,1,T1486
asset_16793,0.0033104508115333,0,0,T1486
asset_16794,0.0033104508115333,0,0,T1486
asset_16795,0.9042692805633136,1,1,T1486
asset_16796,0.0033104508115333,0,0,T1486
asset_16797,0.0033104508115309,0,0,T1486
asset_16798,0.0033104508115333,0,1,T1486
asset_16799,0.9042692805633136,1,0,T1486
asset_16800,0.9042692805633136,1,1,T1486
asset_16801,0.0033104508115333,0,1,T1486
asset_16802,0.9042692805633136,1,1,T1486
asset_16803,0.0033104508115294,0,0,T1486
asset_16804,0.9042692805633136,1,0,T1486
asset_16805,0.9042692805633136,1,0,T1486
asset_16806,0.9042692805633136,1,1,T1486
asset_16807,0.9042692805633136,1,1,T1486
asset_16808,0.9042692805633136,1,1,T1486
asset_16809,0.9042692805633136,1,0,T1486
asset_16810,0.0033104508115333,0,0,T1486
asset_16811,0.9042692805633136,1,1,T1486
asset_16812,0.0033104508115333,0,0,T1486
asset_16813,0.0033104508115333,0,1,T1486
asset_16814,0.0033104508115333,0,0,T1486
asset_16815,0.0033104508115333,0,1,T1486
asset_16816,0.0033104508115333,0,1,T1486
asset_16817,0.0033104508115205,0,1,T1486
asset_16818,0.9042692805633136,1,0,T1486
asset_16819,0.9042692805633136,1,0,T1486
asset_16820,0.9042692805633136,1,1,T1486
asset_16821,0.9042692805633136,1,1,T1486
asset_16822,0.9042692805633136,1,1,T1486
asset_16823,0.0033104508114508,0,1,T1486
asset_16824,0.0033104508115333,0,1,T1486
asset_16825,0.0033104508115333,0,1,T1486
asset_16826,0.9042692805633136,1,1,T1486
asset_16827,0.9042692805633136,1,1,T1486
asset_16828,0.0033104508115169,0,0,T1486
asset_16829,0.0033104508115333,0,0,T1486
asset_16830,0.9042692805633136,1,0,T1486
asset_16831,0.9042692805633136,1,0,T1486
asset_16832,0.9042692805633136,1,0,T1486
asset_16833,0.9042692805633136,1,0,T1486
asset_16834,0.0033104508115309,0,0,T1486
asset_16835,0.0033104508115333,0,1,T1486
asset_16836,0.0033104508115333,0,1,T1486
asset_16837,0.9042692805633136,1,1,T1486
asset_16838,0.0033104508115333,0,0,T1486
asset_16839,0.0033104508115333,0,1,T1486
asset_16840,0.9042692805633136,1,1,T1486
asset_16841,0.9042692805633136,1,0,T1486
asset_16842,0.9042692805633136,1,0,T1486
asset_16843,0.0033104508115333,0,0,T1486
asset_16844,0.0033104508115333,0,1,T1486
asset_16845,0.9042692805633136,1,0,T1486
asset_16846,0.9042692805633136,1,0,T1486
asset_16847,0.0033104508115333,0,0,T1486
asset_16848,0.9042692805633136,1,0,T1486
asset_16849,0.0033104508115333,0,0,T1486
asset_16850,0.9042692805633136,1,1,T1486
asset_16851,0.0033104508115333,0,0,T1486
asset_16852,0.003310450811489,0,0,T1486
asset_16853,0.0033104508115333,0,1,T1486
asset_16854,0.9042692805633136,1,1,T1486
asset_16855,0.0033104508115333,0,0,T1486
asset_16856,0.9042692805633136,1,0,T1486
asset_16857,0.0033104468656574,0,0,T1486
asset_16858,0.9042692805633136,1,1,T1486
asset_16859,0.0033104508114933,0,1,T1486
asset_16860,0.9042692805633136,1,0,T1486
asset_16861,0.9042692805633136,1,0,T1486
asset_16862,0.0033104508115333,0,1,T1486
asset_16863,0.0033104508115294,0,1,T1486
asset_16864,0.9042692805633136,1,1,T1486
asset_16865,0.0033104508115186,0,0,T1486
asset_16866,0.0033104508115333,0,0,T1486
asset_16867,0.9042692805633136,1,1,T1486
asset_16868,0.0033104508115309,0,0,T1486
asset_16869,0.0033104508115294,0,0,T1486
asset_16870,0.9042692805633136,1,1,T1486
asset_16871,0.0033104508115333,0,0,T1486
asset_16872,0.9042692805633136,1,1,T1486
asset_16873,0.0033104508115021,0,1,T1486
asset_16874,0.0033104508115868,0,0,T1486
asset_16875,0.9042692805633136,1,0,T1486
asset_16876,0.0033104508115333,0,1,T1486
asset_16877,0.9042692805633136,1,1,T1486
asset_16878,0.9042692805633136,1,0,T1486
asset_16879,0.9042692805633136,1,0,T1486
asset_16880,0.0033104508115333,0,0,T1486
asset_16881,0.0033104508115333,0,1,T1486
asset_16882,0.0033454389816955,0,1,T1486
asset_16883,0.9042692805633136,1,0,T1486
asset_16884,0.0033104508115333,0,0,T1486
asset_16885,0.0033104508115333,0,0,T1486
asset_16886,0.9042692805633136,1,0,T1486
asset_16887,0.9042692805633136,1,0,T1486
asset_16888,0.0033104508114933,0,0,T1486
asset_16889,0.9042692805633136,1,1,T1486
asset_16890,0.9042692805633136,1,0,T1486
asset_16891,0.9042692805633136,1,0,T1486
asset_16892,0.9042692805633136,1,0,T1486
asset_16893,0.9042692805633136,1,1,T1486
asset_16894,0.9042692805633136,1,0,T1486
asset_16895,0.9042692805633136,1,0,T1486
asset_16896,0.0033104508115868,0,0,T1486
asset_16897,0.9042692805633136,1,0,T1486
asset_16898,0.9042692805633136,1,0,T1486
asset_16899,0.0033104508115333,0,0,T1486
asset_16900,0.0033104508115225,0,1,T1486
asset_16901,0.0033104508115333,0,1,T1486
asset_16902,0.0033104508114616,0,0,T1486
asset_16903,0.9042692805633136,1,0,T1486
asset_16904,0.9042692805633136,1,0,T1486
asset_16905,0.9042692805633136,1,1,T1486
asset_16906,0.9042692805633136,1,0,T1486
asset_16907,0.0033104508115784,0,0,T1486
asset_16908,0.0033104508115333,0,1,T1486
asset_16909,0.9042692805633136,1,0,T1486
asset_16910,0.9042692805633136,1,0,T1486
asset_16911,0.0033104508115309,0,0,T1486
asset_16912,0.0033104508115318,0,1,T1486
asset_16913,0.0033104508115309,0,0,T1486
asset_16914,0.0033104508114785,0,1,T1486
asset_16915,0.0033104508115284,0,0,T1486
asset_16916,0.9042692805633136,1,1,T1486
asset_16917,0.0033104508115333,0,1,T1486
asset_16918,0.0033104508115758,0,0,T1486
asset_16919,0.9042692805633136,1,0,T1486
asset_16920,0.0033104508115333,0,1,T1486
asset_16921,0.0033104508115333,0,1,T1486
asset_16922,0.9042692805633136,1,1,T1486
asset_16923,0.9042692805633136,1,1,T1486
asset_16924,0.0033104508115097,0,0,T1486
asset_16925,0.0033104508115869,0,1,T1486
asset_16926,0.0033104508115868,0,0,T1486
asset_16927,0.9042692805633136,1,1,T1486
asset_16928,0.9042692805633136,1,1,T1486
asset_16929,0.9042692805633136,1,1,T1486
asset_16930,0.9042692805633136,1,0,T1486
asset_16931,0.0033104508115309,0,1,T1486
asset_16932,0.0033104508115318,0,1,T1486
asset_16933,0.9042692805633136,1,0,T1486
asset_16934,0.0033104508115333,0,1,T1486
asset_16935,0.9042692805633136,1,0,T1486
asset_16936,0.0033104508115333,0,1,T1486
asset_16937,0.003310450811466,0,0,T1486
asset_16938,0.0033104508115333,0,0,T1486
asset_16939,0.0033104508115333,0,0,T1486
asset_16940,0.9042692805633136,1,0,T1486
asset_16941,0.9042692805633136,1,1,T1486
asset_16942,0.0033104508115333,0,0,T1486
asset_16943,0.9042692805633136,1,1,T1486
asset_16944,0.0033104508115333,0,0,T1486
asset_16945,0.9042692805633136,1,0,T1486
asset_16946,0.9042692805633136,1,1,T1486
asset_16947,0.0033104508115333,0,0,T1486
asset_16948,0.0033104508115205,0,1,T1486
asset_16949,0.0033104508115333,0,1,T1486
asset_16950,0.9042692805633136,1,0,T1486
asset_16951,0.9042692805633136,1,0,T1486
asset_16952,0.9042692805633136,1,0,T1486
asset_16953,0.9042692805633136,1,0,T1486
asset_16954,0.0033104508115784,0,0,T1486
asset_16955,0.003310449967819,0,0,T1486
asset_16956,0.9042692805633136,1,1,T1486
asset_16957,0.9042692805633136,1,1,T1486
asset_16958,0.9042692805633136,1,0,T1486
asset_16959,0.0033104508115046,0,1,T1486
asset_16960,0.0033104508115868,0,1,T1486
asset_16961,0.9042692805633136,1,1,T1486
asset_16962,0.0033104508115333,0,1,T1486
asset_16963,0.9042692805633136,1,0,T1486
asset_16964,0.9042692805633136,1,1,T1486
asset_16965,0.0033104508114787,0,1,T1486
asset_16966,0.9042692805633136,1,0,T1486
asset_16967,0.0033104508115333,0,0,T1486
asset_16968,0.9042692805633136,1,1,T1486
asset_16969,0.0033104508115225,0,0,T1486
asset_16970,0.0033104508115333,0,0,T1486
asset_16971,0.0033104508115333,0,1,T1486
asset_16972,0.0033104508115342,0,0,T1486
asset_16973,0.9042692805633136,1,1,T1486
asset_16974,0.0033104508115333,0,1,T1486
asset_16975,0.0033104508114889,0,1,T1486
asset_16976,0.0033104508115333,0,1,T1486
asset_16977,0.0033104508115333,0,0,T1486
asset_16978,0.0033104508115869,0,1,T1486
asset_16979,0.0033104508115333,0,1,T1486
asset_16980,0.0033104508115333,0,0,T1486
asset_16981,0.0033104508115333,0,0,T1486
asset_16982,0.9042692805633136,1,1,T1486
asset_16983,0.9042692805633136,1,0,T1486
asset_16984,0.9042692805633136,1,0,T1486
asset_16985,0.003310450811489,0,0,T1486
asset_16986,0.0033104508115333,0,1,T1486
asset_16987,0.9042692805633136,1,0,T1486
asset_16988,0.0033104508115196,0,1,T1486
asset_16989,0.0033104508115333,0,1,T1486
asset_16990,0.0033104508115333,0,0,T1486
asset_16991,0.9042692805633136,1,1,T1486
asset_16992,0.9042692805633136,1,0,T1486
asset_16993,0.9042692805633136,1,0,T1486
asset_16994,0.9042692805633136,1,0,T1486
asset_16995,0.9042692805633136,1,1,T1486
asset_16996,0.9042692805633136,1,1,T1486
asset_16997,0.0033104508114935,0,0,T1486
asset_16998,0.0033104508114824,0,1,T1486
asset_16999,0.0033104508115784,0,1,T1486
asset_17000,0.9042692805633136,1,1,T1486
asset_17001,0.9042692805633136,1,0,T1486
asset_17002,0.9042692805633136,1,1,T1486
asset_17003,0.9042692805633136,1,0,T1486
asset_17004,0.9042692805633136,1,0,T1486
asset_17005,0.9042692805633136,1,1,T1486
asset_17006,0.9042692805633136,1,1,T1486
asset_17007,0.9042692805633136,1,0,T1486
asset_17008,0.0033104508115333,0,0,T1486
asset_17009,0.0033104508115869,0,0,T1486
asset_17010,0.9042692805633136,1,1,T1486
asset_17011,0.0033104508115201,0,1,T1486
asset_17012,0.9042692805633136,1,1,T1486
asset_17013,0.9042692805633136,1,0,T1486
asset_17014,0.0033104508114616,0,0,T1486
asset_17015,0.9042692805633136,1,0,T1486
asset_17016,0.9042692805633136,1,0,T1486
asset_17017,0.0033104508115333,0,0,T1486
asset_17018,0.0037873349811709,0,0,T1486
asset_17019,0.9042692805633136,1,0,T1486
asset_17020,0.9042692805633136,1,0,T1486
asset_17021,0.0033104508115309,0,0,T1486
asset_17022,0.9042692805633136,1,1,T1486
asset_17023,0.9042692805633136,1,1,T1486
asset_17024,0.0033104508115333,0,1,T1486
asset_17025,0.0033104508115309,0,1,T1486
asset_17026,0.0033104508115869,0,0,T1486
asset_17027,0.0033104508115869,0,1,T1486
asset_17028,0.0033104508115333,0,1,T1486
asset_17029,0.0033104508115333,0,0,T1486
asset_17030,0.9042692805633136,1,1,T1486
asset_17031,0.0033104508115868,0,0,T1486
asset_17032,0.9042692805633136,1,0,T1486
asset_17033,0.9042692805633136,1,1,T1486
asset_17034,0.9042692805633136,1,0,T1486
asset_17035,0.0033104508115868,0,1,T1486
asset_17036,0.9042692805633136,1,0,T1486
asset_17037,0.9042692805633136,1,0,T1486
asset_17038,0.0033104508115333,0,1,T1486
asset_17039,0.0033104508115333,0,0,T1486
asset_17040,0.9042692805633136,1,1,T1486
asset_17041,0.9042692805633136,1,0,T1486
asset_17042,0.0033104508115333,0,0,T1486
asset_17043,0.0033104508115333,0,0,T1486
asset_17044,0.003310450812075,0,1,T1486
asset_17045,0.0033104508115333,0,0,T1486
asset_17046,0.0033104508115225,0,1,T1486
asset_17047,0.9042692805633136,1,1,T1486
asset_17048,0.9042692805633136,1,0,T1486
asset_17049,0.0033104508115309,0,1,T1486
asset_17050,0.9042692805633136,1,1,T1486
asset_17051,0.9042692805633136,1,1,T1486
asset_17052,0.0033104508115333,0,1,T1486
asset_17053,0.0033104508115333,0,1,T1486
asset_17054,0.0033104508115333,0,1,T1486
asset_17055,0.0033104508115309,0,1,T1486
asset_17056,0.9042692805633136,1,1,T1486
asset_17057,0.9042692805633136,1,1,T1486
asset_17058,0.9042692805633136,1,1,T1486
asset_17059,0.9042692805633136,1,0,T1486
asset_17060,0.9042692805633136,1,1,T1486
asset_17061,0.0033104508115061,0,1,T1486
asset_17062,0.0033104508115061,0,1,T1486
asset_17063,0.9042692805633136,1,0,T1486
asset_17064,0.9042692805633136,1,0,T1486
asset_17065,0.0033104508115333,0,0,T1486
asset_17066,0.9042692805633136,1,0,T1486
asset_17067,0.9042692805633136,1,1,T1486
asset_17068,0.0033104508115333,0,0,T1486
asset_17069,0.9042692805633136,1,1,T1486
asset_17070,0.0033454389816956,0,1,T1486
asset_17071,0.9042692805633136,1,1,T1486
asset_17072,0.9042692805633136,1,1,T1486
asset_17073,0.0033104508115868,0,0,T1486
asset_17074,0.9042692805633136,1,0,T1486
asset_17075,0.9042692805633136,1,0,T1486
asset_17076,0.0033104508115333,0,0,T1486
asset_17077,0.0033104508115333,0,1,T1486
asset_17078,0.0033104508115018,0,0,T1486
asset_17079,0.9042692805633136,1,1,T1486
asset_17080,0.0033804806989038,0,0,T1486
asset_17081,0.9042692805633136,1,0,T1486
asset_17082,0.9042692805633136,1,0,T1486
asset_17083,0.9042692805633136,1,0,T1486
asset_17084,0.9042692805633136,1,1,T1486
asset_17085,0.9042692805633136,1,1,T1486
asset_17086,0.0033104508115318,0,1,T1486
asset_17087,0.9042692805633136,1,0,T1486
asset_17088,0.9042692805633136,1,1,T1486
asset_17089,0.003310450811466,0,0,T1486
asset_17090,0.9042692805633136,1,1,T1486
asset_17091,0.9042692805633136,1,0,T1486
asset_17092,0.0033104508115333,0,0,T1486
asset_17093,0.0034876895568891,0,1,T1486
asset_17094,0.9042692805633136,1,1,T1486
asset_17095,0.9042692805633136,1,0,T1486
asset_17096,0.0033104508115309,0,0,T1486
asset_17097,0.0033104508115333,0,1,T1486
asset_17098,0.9042692805633136,1,1,T1486
asset_17099,0.9042692805633136,1,1,T1486
asset_17100,0.0033104508115333,0,1,T1486
asset_17101,0.0033104508115333,0,1,T1486
asset_17102,0.0033104508115309,0,0,T1486
asset_17103,0.0033104508115333,0,0,T1486
asset_17104,0.9042692805633136,1,0,T1486
asset_17105,0.0033454389816955,0,1,T1486
asset_17106,0.9042692805633136,1,0,T1486
asset_17107,0.9042692805633136,1,0,T1486
asset_17108,0.0033104508115333,0,0,T1486
asset_17109,0.9042692805633136,1,0,T1486
asset_17110,0.9042692805633136,1,0,T1486
asset_17111,0.0033104508115333,0,1,T1486
asset_17112,0.0033104508115333,0,1,T1486
asset_17113,0.0033104508114616,0,0,T1486
asset_17114,0.9042692805633136,1,0,T1486
asset_17115,0.0033104508115784,0,0,T1486
asset_17116,0.0033104508115097,0,0,T1486
asset_17117,0.9042692805633136,1,1,T1486
asset_17118,0.0033104508115333,0,0,T1486
asset_17119,0.9042692805633136,1,0,T1486
asset_17120,0.9042692805633136,1,1,T1486
asset_17121,0.0033104508115333,0,1,T1486
asset_17122,0.0033104508115205,0,0,T1486
asset_17123,0.0033104508115205,0,1,T1486
asset_17124,0.9042692805633136,1,0,T1486
asset_17125,0.9042692805633136,1,0,T1486
asset_17126,0.0033104508114616,0,0,T1486
asset_17127,0.9042692805633136,1,0,T1486
asset_17128,0.0033104508115146,0,0,T1486
asset_17129,0.00334543898181,0,0,T1486
asset_17130,0.0033804806989038,0,0,T1486
asset_17131,0.0033104508115333,0,1,T1486
asset_17132,0.9042692805633136,1,1,T1486
asset_17133,0.9042692805633136,1,1,T1486
asset_17134,0.9042692805633136,1,1,T1486
asset_17135,0.0033104508115099,0,0,T1486
asset_17136,0.0033104508115333,0,0,T1486
asset_17137,0.003310450811489,0,1,T1486
asset_17138,0.9042692805633136,1,1,T1486
asset_17139,0.0033104508115205,0,1,T1486
asset_17140,0.0033104508115309,0,1,T1486
asset_17141,0.0033104508115333,0,1,T1486
asset_17142,0.9042692805633136,1,0,T1486
asset_17143,0.9042692805633136,1,1,T1486
asset_17144,0.0033104508115333,0,0,T1486
asset_17145,0.0033104508115333,0,0,T1486
asset_17146,0.9042692805633136,1,0,T1486
asset_17147,0.0033104508115333,0,1,T1486
asset_17148,0.0033104508115061,0,1,T1486
asset_17149,0.9042692805633136,1,0,T1486
asset_17150,0.9042692805633136,1,1,T1486
asset_17151,0.9042692805633136,1,1,T1486
asset_17152,0.0033104508115284,0,0,T1486
asset_17153,0.0033104508115333,0,0,T1486
asset_17154,0.9042692805633136,1,1,T1486
asset_17155,0.0033104508115333,0,0,T1486
asset_17156,0.9042692805633136,1,0,T1486
asset_17157,0.0033104508115333,0,1,T1486
asset_17158,0.003310445788183,0,0,T1486
asset_17159,0.0033104508115333,0,1,T1486
asset_17160,0.9042692805633136,1,1,T1486
asset_17161,0.9042692805633136,1,0,T1486
asset_17162,0.9042692805633136,1,0,T1486
asset_17163,0.9042692805633136,1,0,T1486
asset_17164,0.0033104508115868,0,0,T1486
asset_17165,0.9042692805633136,1,1,T1486
asset_17166,0.9042692805633136,1,0,T1486
asset_17167,0.0033454389817491,0,1,T1486
asset_17168,0.9042692805633136,1,1,T1486
asset_17169,0.0033104508115225,0,1,T1486
asset_17170,0.9042692805633136,1,0,T1486
asset_17171,0.0033104508115333,0,0,T1486
asset_17172,0.9042692805633136,1,1,T1486
asset_17173,0.9042692805633136,1,1,T1486
asset_17174,0.9042692805633136,1,0,T1486
asset_17175,0.9042692805633136,1,0,T1486
asset_17176,0.0033104508115333,0,1,T1486
asset_17177,0.0033104508115294,0,1,T1486
asset_17178,0.0033104508115333,0,1,T1486
asset_17179,0.9042692805633136,1,1,T1486
asset_17180,0.9042692805633136,1,1,T1486
asset_17181,0.9042692805633136,1,0,T1486
asset_17182,0.9042692805633136,1,0,T1486
asset_17183,0.0033104508115869,0,0,T1486
asset_17184,0.0033104508115333,0,1,T1486
asset_17185,0.9042692805633136,1,1,T1486
asset_17186,0.0033104508115333,0,1,T1486
asset_17187,0.0033104508115293,0,1,T1486
asset_17188,0.0033104508115333,0,1,T1486
asset_17189,0.9042692805633136,1,1,T1486
asset_17190,0.0033104508115333,0,1,T1486
asset_17191,0.003310450811489,0,0,T1486
asset_17192,0.0033104508115333,0,1,T1486
asset_17193,0.9042692805633136,1,1,T1486
asset_17194,0.0033104508115333,0,0,T1486
asset_17195,0.9042692805633136,1,0,T1486
asset_17196,0.9042692805633136,1,0,T1486
asset_17197,0.9042692805633136,1,0,T1486
asset_17198,0.9042692805633136,1,1,T1486
asset_17199,0.9042692805633136,1,1,T1486
asset_17200,0.0033104508115293,0,0,T1486
asset_17201,0.0033104457881829,0,0,T1486
asset_17202,0.9042692805633136,1,0,T1486
asset_17203,0.0033104508115333,0,1,T1486
asset_17204,0.9042692805633136,1,1,T1486
asset_17205,0.9042692805633136,1,1,T1486
asset_17206,0.9042692805633136,1,1,T1486
asset_17207,0.0033104508115333,0,0,T1486
asset_17208,0.0033104508115333,0,0,T1486
asset_17209,0.0033104508115293,0,1,T1486
asset_17210,0.9042692805633136,1,1,T1486
asset_17211,0.0033104508115333,0,0,T1486
asset_17212,0.9042692805633136,1,0,T1486
asset_17213,0.0033104508115021,0,1,T1486
asset_17214,0.0033104508115061,0,1,T1486
asset_17215,0.9042692805633136,1,0,T1486
asset_17216,0.0033104508115333,0,0,T1486
asset_17217,0.9042692805633136,1,1,T1486
asset_17218,0.9042692805633136,1,1,T1486
asset_17219,0.0033104508115333,0,1,T1486
asset_17220,0.9042692805633136,1,1,T1486
asset_17221,0.0033104508115309,0,0,T1486
asset_17222,0.9042692805633136,1,1,T1486
asset_17223,0.9042692805633136,1,1,T1486
asset_17224,0.0033104508115869,0,1,T1486
asset_17225,0.9042692805633136,1,1,T1486
asset_17226,0.9042692805633136,1,0,T1486
asset_17227,0.9042692805633136,1,0,T1486
asset_17228,0.0033104508115333,0,0,T1486
asset_17229,0.0033104508114785,0,0,T1486
asset_17230,0.9042692805633136,1,0,T1486
asset_17231,0.0033104490923377,0,1,T1486
asset_17232,0.0033104508115333,0,1,T1486
asset_17233,0.0033104508115333,0,0,T1486
asset_17234,0.0033104508115868,0,1,T1486
asset_17235,0.9042692805633136,1,0,T1486
asset_17236,0.9042692805633136,1,0,T1486
asset_17237,0.0033104508115097,0,1,T1486
asset_17238,0.9042692805633136,1,1,T1486
asset_17239,0.9042692805633136,1,0,T1486
asset_17240,0.0033104508115284,0,0,T1486
asset_17241,0.0033104508115333,0,1,T1486
asset_17242,0.0033104508115333,0,0,T1486
asset_17243,0.9042692805633136,1,0,T1486
asset_17244,0.0033104508115333,0,0,T1486
asset_17245,0.0033104508115333,0,0,T1486
asset_17246,0.0033104508115333,0,1,T1486
asset_17247,0.0033104508115333,0,0,T1486
asset_17248,0.9042692805633136,1,1,T1486
asset_17249,0.9042692805633136,1,0,T1486
asset_17250,0.0033104508114616,0,1,T1486
asset_17251,0.9042692805633136,1,0,T1486
asset_17252,0.9042692805633136,1,0,T1486
asset_17253,0.0033104508115333,0,1,T1486
asset_17254,0.0033104508115293,0,0,T1486
asset_17255,0.9042692805633136,1,1,T1486
asset_17256,0.9042692805633136,1,1,T1486
asset_17257,0.9042692805633136,1,0,T1486
asset_17258,0.0033104508115333,0,1,T1486
asset_17259,0.9042692805633136,1,1,T1486
asset_17260,0.0033104508115333,0,1,T1486
asset_17261,0.9042692805633136,1,0,T1486
asset_17262,0.0033104508115333,0,0,T1486
asset_17263,0.9042692805633136,1,1,T1486
asset_17264,0.9042692805633136,1,1,T1486
asset_17265,0.0033104508115333,0,1,T1486
asset_17266,0.0033104508115333,0,1,T1486
asset_17267,0.0033104508115205,0,1,T1486
asset_17268,0.0033104508115225,0,1,T1486
asset_17269,0.9042692805633136,1,0,T1486
asset_17270,0.0033104508115309,0,1,T1486
asset_17271,0.9042692805633136,1,1,T1486
asset_17272,0.0033804806999925,0,0,T1486
asset_17273,0.0033104508115333,0,1,T1486
asset_17274,0.0033104508115284,0,1,T1486
asset_17275,0.9042692805633136,1,1,T1486
asset_17276,0.0033104508115333,0,0,T1486
asset_17277,0.0033104473248358,0,0,T1486
asset_17278,0.0033104508115309,0,0,T1486
asset_17279,0.0033104508115223,0,0,T1486
asset_17280,0.0033104508114856,0,0,T1486
asset_17281,0.9042692805633136,1,1,T1486
asset_17282,0.0033104508114933,0,1,T1486
asset_17283,0.003310450811489,0,1,T1486
asset_17284,0.0033104508115293,0,0,T1486
asset_17285,0.9042692805633136,1,1,T1486
asset_17286,0.9042692805633136,1,0,T1486
asset_17287,0.0033104508115333,0,0,T1486
asset_17288,0.9042692805633136,1,1,T1486
asset_17289,0.9042692805633136,1,1,T1486
asset_17290,0.0033104508115333,0,1,T1486
asset_17291,0.9042692805633136,1,0,T1486
asset_17292,0.0033104508115869,0,0,T1486
asset_17293,0.9042692805633136,1,1,T1486
asset_17294,0.9042692805633136,1,1,T1486
asset_17295,0.0033104508115196,0,0,T1486
asset_17296,0.9042692805633136,1,1,T1486
asset_17297,0.0033104508115333,0,1,T1486
asset_17298,0.9042692805633136,1,1,T1486
asset_17299,0.9042692805633136,1,0,T1486
asset_17300,0.9042692805633136,1,1,T1486
asset_17301,0.0033104508115869,0,0,T1486
asset_17302,0.0033104508115309,0,1,T1486
asset_17303,0.0033104508115333,0,0,T1486
asset_17304,0.9042692805633136,1,1,T1486
asset_17305,0.9042692805633136,1,1,T1486
asset_17306,0.9042692805633136,1,1,T1486
asset_17307,0.9042692805633136,1,1,T1486
asset_17308,0.0033104508115333,0,0,T1486
asset_17309,0.0033104508115021,0,0,T1486
asset_17310,0.9042692805633136,1,1,T1486
asset_17311,0.0033104508115333,0,0,T1486
asset_17312,0.9042692805633136,1,1,T1486
asset_17313,0.9042692805633136,1,1,T1486
asset_17314,0.9042692805633136,1,0,T1486
asset_17315,0.0033104508115333,0,0,T1486
asset_17316,0.0033104508115868,0,0,T1486
asset_17317,0.9042692805633136,1,1,T1486
asset_17318,0.9042692805633136,1,0,T1486
asset_17319,0.0033104508114616,0,1,T1486
asset_17320,0.0033104508115333,0,1,T1486
asset_17321,0.9042692805633136,1,1,T1486
asset_17322,0.9042692805633136,1,0,T1486
asset_17323,0.9042692805633136,1,0,T1486
asset_17324,0.0033104508115333,0,1,T1486
asset_17325,0.9042692805633136,1,0,T1486
asset_17326,0.0033104508115333,0,0,T1486
asset_17327,0.9042692805633136,1,0,T1486
asset_17328,0.0033104508115333,0,1,T1486
asset_17329,0.9042692805633136,1,0,T1486
asset_17330,0.0033104508115309,0,0,T1486
asset_17331,0.0033104508115333,0,0,T1486
asset_17332,0.0033104508114677,0,1,T1486
asset_17333,0.0033104508115333,0,1,T1486
asset_17334,0.9042692805633136,1,1,T1486
asset_17335,0.0033104508115333,0,0,T1486
asset_17336,0.003310450811489,0,1,T1486
asset_17337,0.9042692805633136,1,1,T1486
asset_17338,0.9042692805633136,1,0,T1486
asset_17339,0.9042692805633136,1,0,T1486
asset_17340,0.9042692805633136,1,0,T1486
asset_17341,0.0033104508115333,0,1,T1486
asset_17342,0.0033104508115333,0,0,T1486
asset_17343,0.9042692805633136,1,1,T1486
asset_17344,0.9042692805633136,1,1,T1486
asset_17345,0.0033104508115333,0,1,T1486
asset_17346,0.9042692805633136,1,1,T1486
asset_17347,0.9042692805633136,1,1,T1486
asset_17348,0.9042692805633136,1,1,T1486
asset_17349,0.0033104508115333,0,0,T1486
asset_17350,0.9042692805633136,1,0,T1486
asset_17351,0.0033104508115868,0,0,T1486
asset_17352,0.0033104508115333,0,1,T1486
asset_17353,0.0033104508115333,0,1,T1486
asset_17354,0.9042692805633136,1,0,T1486
asset_17355,0.9042692805633136,1,0,T1486
asset_17356,0.0033104508115333,0,0,T1486
asset_17357,0.9042692805633136,1,1,T1486
asset_17358,0.0033104508115333,0,1,T1486
asset_17359,0.9042692805633136,1,0,T1486
asset_17360,0.003310450811489,0,1,T1486
asset_17361,0.9042692805633136,1,0,T1486
asset_17362,0.0033104508115868,0,0,T1486
asset_17363,0.9042692805633136,1,1,T1486
asset_17364,0.9042692805633136,1,0,T1486
asset_17365,0.003310450812075,0,0,T1486
asset_17366,0.0033104508115333,0,1,T1486
asset_17367,0.0033104508115333,0,0,T1486
asset_17368,0.0033104508115333,0,0,T1486
asset_17369,0.9042692805633136,1,0,T1486
asset_17370,0.0033104508115333,0,0,T1486
asset_17371,0.9042692805633136,1,1,T1486
asset_17372,0.9042692805633136,1,0,T1486
asset_17373,0.9042692805633136,1,0,T1486
asset_17374,0.0033104508114552,0,0,T1486
asset_17375,0.9042692805633136,1,0,T1486
asset_17376,0.0033104508114785,0,0,T1486
asset_17377,0.9042692805633136,1,0,T1486
asset_17378,0.0033104508115333,0,1,T1486
asset_17379,0.0033104508115333,0,1,T1486
asset_17380,0.9042692805633136,1,1,T1486
asset_17381,0.9042692805633136,1,0,T1486
asset_17382,0.0033104508115333,0,0,T1486
asset_17383,0.9042692805633136,1,0,T1486
asset_17384,0.9042692805633136,1,1,T1486
asset_17385,0.9042692805633136,1,1,T1486
asset_17386,0.0033104508115333,0,1,T1486
asset_17387,0.9042692805633136,1,0,T1486
asset_17388,0.0033104508115309,0,0,T1486
asset_17389,0.0033104508115333,0,1,T1486
asset_17390,0.9042692805633136,1,0,T1486
asset_17391,0.0033104508115333,0,0,T1486
asset_17392,0.9042692805633136,1,0,T1486
asset_17393,0.9042692805633136,1,1,T1486
asset_17394,0.9042692805633136,1,1,T1486
asset_17395,0.9042692805633136,1,0,T1486
asset_17396,0.003310450811523,0,0,T1486
asset_17397,0.0033104508115333,0,0,T1486
asset_17398,0.9042692805633136,1,0,T1486
asset_17399,0.9042692805633136,1,0,T1486
asset_17400,0.9042692805633136,1,0,T1486
asset_17401,0.9042692805633136,1,0,T1486
asset_17402,0.0033104508115309,0,0,T1486
asset_17403,0.003310450811489,0,0,T1486
asset_17404,0.0033104508115293,0,0,T1486
asset_17405,0.9042692805633136,1,0,T1486
asset_17406,0.0033104508114785,0,0,T1486
asset_17407,0.9042692805633136,1,1,T1486
asset_17408,0.0033104508115333,0,0,T1486
asset_17409,0.0033104508115333,0,0,T1486
asset_17410,0.9042692805633136,1,1,T1486
asset_17411,0.0033104508114508,0,1,T1486
asset_17412,0.0033104508115869,0,0,T1486
asset_17413,0.0033104508115333,0,1,T1486
asset_17414,0.0033104508117248,0,0,T1486
asset_17415,0.0033104508114616,0,0,T1486
asset_17416,0.0033104508115333,0,0,T1486
asset_17417,0.9042692805633136,1,0,T1486
asset_17418,0.0033104508115333,0,0,T1486
asset_17419,0.9042692805633136,1,0,T1486
asset_17420,0.9042692805633136,1,1,T1486
asset_17421,0.0033104508115333,0,1,T1486
asset_17422,0.0033104508114616,0,1,T1486
asset_17423,0.9042692805633136,1,1,T1486
asset_17424,0.9042692805633136,1,1,T1486
asset_17425,0.9042692805633136,1,0,T1486
asset_17426,0.0033104508115333,0,1,T1486
asset_17427,0.0033104508115333,0,1,T1486
asset_17428,0.9042692805633136,1,0,T1486
asset_17429,0.9042692805633136,1,0,T1486
asset_17430,0.0033104508115333,0,1,T1486
asset_17431,0.0033104508115333,0,1,T1486
asset_17432,0.0033104508115333,0,0,T1486
asset_17433,0.9042692805633136,1,0,T1486
asset_17434,0.0034876895568891,0,1,T1486
asset_17435,0.0033104508115333,0,1,T1486
asset_17436,0.9042692805633136,1,1,T1486
asset_17437,0.9042692805633136,1,0,T1486
asset_17438,0.9042692805633136,1,0,T1486
asset_17439,0.9042692805633136,1,1,T1486
asset_17440,0.9042692805633136,1,1,T1486
asset_17441,0.0033104508115333,0,0,T1486
asset_17442,0.0033104490932545,0,0,T1486
asset_17443,0.0033104508115333,0,0,T1486
asset_17444,0.0033104508115186,0,1,T1486
asset_17445,0.0033104508115225,0,0,T1486
asset_17446,0.9042692805633136,1,1,T1486
asset_17447,0.0033104508115333,0,0,T1486
asset_17448,0.9042692805633136,1,0,T1486
asset_17449,0.0033104508115205,0,0,T1486
asset_17450,0.0033104508115333,0,1,T1486
asset_17451,0.0033104508115333,0,0,T1486
asset_17452,0.0033104508115333,0,0,T1486
asset_17453,0.9042692805633136,1,0,T1486
asset_17454,0.9042692805633136,1,0,T1486
asset_17455,0.0033104508115333,0,0,T1486
asset_17456,0.0033104508115333,0,1,T1486
asset_17457,0.9042692805633136,1,0,T1486
asset_17458,0.0033104508115333,0,0,T1486
asset_17459,0.0033104508115333,0,0,T1486
asset_17460,0.0033104508116792,0,0,T1486
asset_17461,0.0033104508115205,0,0,T1486
asset_17462,0.9042692805633136,1,1,T1486
asset_17463,0.0033804806999925,0,1,T1486
asset_17464,0.0033104508115284,0,1,T1486
asset_17465,0.9042692805633136,1,1,T1486
asset_17466,0.003310450811489,0,0,T1486
asset_17467,0.9042692805633136,1,1,T1486
asset_17468,0.0033104508115333,0,0,T1486
asset_17469,0.0033104508115333,0,1,T1486
asset_17470,0.0033104508115333,0,1,T1486
asset_17471,0.9042692805633136,1,1,T1486
asset_17472,0.0033104508115201,0,0,T1486
asset_17473,0.0033104508115099,0,0,T1486
asset_17474,0.9042692805633136,1,0,T1486
asset_17475,0.9042692805633136,1,0,T1486
asset_17476,0.0033104473248358,0,1,T1486
asset_17477,0.0033104508115333,0,0,T1486
asset_17478,0.9042692805633136,1,0,T1486
asset_17479,0.0033104508115868,0,0,T1486
asset_17480,0.9042692805633136,1,1,T1486
asset_17481,0.0033104508114889,0,0,T1486
asset_17482,0.0033104508115333,0,0,T1486
asset_17483,0.9042692805633136,1,1,T1486
asset_17484,0.9042692805633136,1,1,T1486
asset_17485,0.0033104508115843,0,0,T1486
asset_17486,0.0033104508115869,0,1,T1486
asset_17487,0.0033104508115333,0,1,T1486
asset_17488,0.9042692805633136,1,1,T1486
asset_17489,0.9042692805633136,1,0,T1486
asset_17490,0.0033104508115333,0,0,T1486
asset_17491,0.0033104508115333,0,1,T1486
asset_17492,0.9042692805633136,1,1,T1486
asset_17493,0.9042692805633136,1,0,T1486
asset_17494,0.9042692805633136,1,0,T1486
asset_17495,0.0033104508115284,0,1,T1486
asset_17496,0.0033104508115333,0,1,T1486
asset_17497,0.0033104508114623,0,0,T1486
asset_17498,0.0033104508115167,0,0,T1486
asset_17499,0.9042692805633136,1,1,T1486
asset_17500,0.9042692805633136,1,1,T1486
asset_17501,0.9042692805633136,1,1,T1486
asset_17502,0.0033104508115333,0,1,T1486
asset_17503,0.0033104508115333,0,0,T1486
asset_17504,0.9042692805633136,1,0,T1486
asset_17505,0.9042692805633136,1,1,T1486
asset_17506,0.9042692805633136,1,0,T1486
asset_17507,0.0033104508115205,0,0,T1486
asset_17508,0.0033104508115225,0,0,T1486
asset_17509,0.0033104508115869,0,1,T1486
asset_17510,0.0033104508115333,0,1,T1486
asset_17511,0.0033104508115284,0,0,T1486
asset_17512,0.0033104508115333,0,1,T1486
asset_17513,0.0033104508115784,0,0,T1486
asset_17514,0.9042692805633136,1,0,T1486
asset_17515,0.9042692805633136,1,1,T1486
asset_17516,0.9042692805633136,1,1,T1486
asset_17517,0.0033104508115333,0,0,T1486
asset_17518,0.9042692805633136,1,1,T1486
asset_17519,0.9042692805633136,1,0,T1486
asset_17520,0.0033104508115333,0,1,T1486
asset_17521,0.0033104508115333,0,0,T1486
asset_17522,0.0033104508114785,0,0,T1486
asset_17523,0.9042692805633136,1,0,T1486
asset_17524,0.9042692805633136,1,0,T1486
asset_17525,0.0033104508115333,0,1,T1486
asset_17526,0.9042692805633136,1,0,T1486
asset_17527,0.9042692805633136,1,0,T1486
asset_17528,0.9042692805633136,1,0,T1486
asset_17529,0.0033104490932545,0,0,T1486
asset_17530,0.0033104508115333,0,1,T1486
asset_17531,0.0033104508115868,0,1,T1486
asset_17532,0.0033104508115333,0,1,T1486
asset_17533,0.9042692805633136,1,1,T1486
asset_17534,0.0033104508115294,0,1,T1486
asset_17535,0.0033104508115333,0,1,T1486
asset_17536,0.0033104508115333,0,0,T1486
asset_17537,0.9042692805633136,1,0,T1486
asset_17538,0.0033104508115333,0,0,T1486
asset_17539,0.0033104508115333,0,1,T1486
asset_17540,0.0033104508115333,0,1,T1486
asset_17541,0.0033104508120334,0,1,T1486
asset_17542,0.0033104508114508,0,1,T1486
asset_17543,0.9042692805633136,1,1,T1486
asset_17544,0.9042692805633136,1,1,T1486
asset_17545,0.0033104508115869,0,1,T1486
asset_17546,0.0033104508115309,0,1,T1486
asset_17547,0.0033104508115205,0,0,T1486
asset_17548,0.0033104508115333,0,0,T1486
asset_17549,0.9042692805633136,1,0,T1486
asset_17550,0.9042692805633136,1,1,T1486
asset_17551,0.0033104508115333,0,1,T1486
asset_17552,0.9042692805633136,1,1,T1486
asset_17553,0.9042692805633136,1,1,T1486
asset_17554,0.9042692805633136,1,0,T1486
asset_17555,0.9042692805633136,1,1,T1486
asset_17556,0.9042692805633136,1,1,T1486
asset_17557,0.9042692805633136,1,1,T1486
asset_17558,0.9042692805633136,1,1,T1486
asset_17559,0.0033104508115333,0,1,T1486
asset_17560,0.9042692805633136,1,1,T1486
asset_17561,0.9042692805633136,1,1,T1486
asset_17562,0.9042692805633136,1,1,T1486
asset_17563,0.003310450811489,0,0,T1486
asset_17564,0.0033104508115046,0,0,T1486
asset_17565,0.0033104508115205,0,0,T1486
asset_17566,0.0033104508115869,0,0,T1486
asset_17567,0.0033454389816956,0,1,T1486
asset_17568,0.9042692805633136,1,0,T1486
asset_17569,0.0033104508115309,0,1,T1486
asset_17570,0.0033104508115333,0,0,T1486
asset_17571,0.9042692805633136,1,1,T1486
asset_17572,0.9042692805633136,1,1,T1486
asset_17573,0.9042692805633136,1,1,T1486
asset_17574,0.0033104508115333,0,1,T1486
asset_17575,0.9042692805633136,1,0,T1486
asset_17576,0.9042692805633136,1,0,T1486
asset_17577,0.0033104499673624,0,0,T1486
asset_17578,0.9042692805633136,1,1,T1486
asset_17579,0.0033104508114785,0,0,T1486
asset_17580,0.9042692805633136,1,0,T1486
asset_17581,0.0033104508115333,0,0,T1486
asset_17582,0.0033104508115869,0,0,T1486
asset_17583,0.0033104508116791,0,1,T1486
asset_17584,0.9042692805633136,1,0,T1486
asset_17585,0.0033104508115333,0,1,T1486
asset_17586,0.0033104508115333,0,0,T1486
asset_17587,0.9042692805633136,1,0,T1486
asset_17588,0.9042692805633136,1,0,T1486
asset_17589,0.9042692805633136,1,1,T1486
asset_17590,0.9042692805633136,1,1,T1486
asset_17591,0.0033104508115333,0,1,T1486
asset_17592,0.9042692805633136,1,0,T1486
asset_17593,0.9042692805633136,1,1,T1486
asset_17594,0.0033104508115333,0,1,T1486
asset_17595,0.9042692805633136,1,0,T1486
asset_17596,0.0033104508115333,0,1,T1486
asset_17597,0.9042692805633136,1,1,T1486
asset_17598,0.9042692805633136,1,1,T1486
asset_17599,0.0033104508115309,0,1,T1486
asset_17600,0.9042692805633136,1,1,T1486
asset_17601,0.9042692805633136,1,0,T1486
asset_17602,0.0033104508115309,0,0,T1486
asset_17603,0.0033104508115333,0,0,T1486
asset_17604,0.9042692805633136,1,1,T1486
asset_17605,0.9042692805633136,1,0,T1486
asset_17606,0.0033104508115843,0,1,T1486
asset_17607,0.0033104508115309,0,1,T1486
asset_17608,0.9042692805633136,1,1,T1486
asset_17609,0.9042692805633136,1,0,T1486
asset_17610,0.0033104508115333,0,1,T1486
asset_17611,0.9042692805633136,1,0,T1486
asset_17612,0.0033104508115294,0,1,T1486
asset_17613,0.9042692805633136,1,0,T1486
asset_17614,0.9042692805633136,1,1,T1486
asset_17615,0.9042692805633136,1,1,T1486
asset_17616,0.0033104508115097,0,1,T1486
asset_17617,0.9042692805633136,1,0,T1486
asset_17618,0.0033104508115333,0,1,T1486
asset_17619,0.9042692805633136,1,1,T1486
asset_17620,0.0033104508114508,0,1,T1486
asset_17621,0.9042692805633136,1,1,T1486
asset_17622,0.9042692805633136,1,0,T1486
asset_17623,0.9042692805633136,1,1,T1486
asset_17624,0.0033104508115333,0,1,T1486
asset_17625,0.003310450811521,0,0,T1486
asset_17626,0.0033104508115333,0,1,T1486
asset_17627,0.9042692805633136,1,0,T1486
asset_17628,0.0033104508115201,0,0,T1486
asset_17629,0.9042692805633136,1,0,T1486
asset_17630,0.9042692805633136,1,1,T1486
asset_17631,0.0033104508115333,0,1,T1486
asset_17632,0.0033104508115333,0,0,T1486
asset_17633,0.9042692805633136,1,0,T1486
asset_17634,0.9042692805633136,1,1,T1486
asset_17635,0.0033104508115309,0,1,T1486
asset_17636,0.0033104508115333,0,1,T1486
asset_17637,0.0033104508115333,0,1,T1486
asset_17638,0.9042692805633136,1,0,T1486
asset_17639,0.9042692805633136,1,1,T1486
asset_17640,0.0033104508115333,0,0,T1486
asset_17641,0.0033104508115201,0,1,T1486
asset_17642,0.9042692805633136,1,1,T1486
asset_17643,0.9042692805633136,1,0,T1486
asset_17644,0.0033104508115333,0,1,T1486
asset_17645,0.0033104508115333,0,1,T1486
asset_17646,0.9042692805633136,1,1,T1486
asset_17647,0.0033104508117248,0,1,T1486
asset_17648,0.0033104508115333,0,1,T1486
asset_17649,0.0033104464221243,0,1,T1486
asset_17650,0.0033104508115333,0,0,T1486
asset_17651,0.9042692805633136,1,1,T1486
asset_17652,0.9042692805633136,1,1,T1486
asset_17653,0.9042692805633136,1,0,T1486
asset_17654,0.0033104508115333,0,0,T1486
asset_17655,0.9042692805633136,1,0,T1486
asset_17656,0.0033104508115333,0,0,T1486
asset_17657,0.9042692805633136,1,0,T1486
asset_17658,0.0033104508115205,0,1,T1486
asset_17659,0.0033104508115333,0,0,T1486
asset_17660,0.0033104508115333,0,0,T1486
asset_17661,0.9042692805633136,1,1,T1486
asset_17662,0.0033104508115333,0,1,T1486
asset_17663,0.0033104508115333,0,1,T1486
asset_17664,0.9042692805633136,1,1,T1486
asset_17665,0.0033104508115333,0,0,T1486
asset_17666,0.9042692805633136,1,0,T1486
asset_17667,0.9042692805633136,1,1,T1486
asset_17668,0.9042692805633136,1,1,T1486
asset_17669,0.0033104508115294,0,0,T1486
asset_17670,0.9042692805633136,1,0,T1486
asset_17671,0.9042692805633136,1,0,T1486
asset_17672,0.0033104508115186,0,0,T1486
asset_17673,0.9042692805633136,1,0,T1486
asset_17674,0.003310450811466,0,1,T1486
asset_17675,0.9042692805633136,1,1,T1486
asset_17676,0.9042692805633136,1,1,T1486
asset_17677,0.0033104508115333,0,1,T1486
asset_17678,0.9042692805633136,1,0,T1486
asset_17679,0.0033104508115333,0,0,T1486
asset_17680,0.003345430014826,0,1,T1486
asset_17681,0.9042692805633136,1,1,T1486
asset_17682,0.9042692805633136,1,0,T1486
asset_17683,0.0033104508114618,0,0,T1486
asset_17684,0.0033104508115333,0,0,T1486
asset_17685,0.9042692805633136,1,0,T1486
asset_17686,0.0033104508115333,0,1,T1486
asset_17687,0.9042692805633136,1,1,T1486
asset_17688,0.0033104508115333,0,1,T1486
asset_17689,0.9042692805633136,1,1,T1486
asset_17690,0.0033104508115333,0,1,T1486
asset_17691,0.9042692805633136,1,0,T1486
asset_17692,0.9042692805633136,1,1,T1486
asset_17693,0.0033104508115333,0,0,T1486
asset_17694,0.9042692805633136,1,1,T1486
asset_17695,0.9042692805633136,1,0,T1486
asset_17696,0.0033104508115225,0,0,T1486
asset_17697,0.9042692805633136,1,0,T1486
asset_17698,0.9042692805633136,1,0,T1486
asset_17699,0.0033104508115333,0,1,T1486
asset_17700,0.9042692805633136,1,1,T1486
asset_17701,0.0033104508115061,0,1,T1486
asset_17702,0.0033104508115333,0,1,T1486
asset_17703,0.9042692805633136,1,0,T1486
asset_17704,0.9042692805633136,1,1,T1486
asset_17705,0.0033104508115333,0,1,T1486
asset_17706,0.0033104508115205,0,0,T1486
asset_17707,0.9042692805633136,1,0,T1486
asset_17708,0.0033104508115333,0,0,T1486
asset_17709,0.9042692805633136,1,0,T1486
asset_17710,0.0033104508115293,0,1,T1486
asset_17711,0.0033104508115097,0,1,T1486
asset_17712,0.0033104500031795,0,1,T1486
asset_17713,0.9042692805633136,1,0,T1486
asset_17714,0.9042692805633136,1,1,T1486
asset_17715,0.0033104508115333,0,0,T1486
asset_17716,0.9042692805633136,1,0,T1486
asset_17717,0.9042692805633136,1,1,T1486
asset_17718,0.9042692805633136,1,1,T1486
asset_17719,0.9042692805633136,1,0,T1486
asset_17720,0.9042692805633136,1,1,T1486
asset_17721,0.9042692805633136,1,0,T1486
asset_17722,0.9042692805633136,1,1,T1486
asset_17723,0.9042692805633136,1,0,T1486
asset_17724,0.0033104508115333,0,0,T1486
asset_17725,0.9042692805633136,1,1,T1486
asset_17726,0.9042692805633136,1,1,T1486
asset_17727,0.0033104508115309,0,1,T1486
asset_17728,0.9042692805633136,1,0,T1486
asset_17729,0.9042692805633136,1,1,T1486
asset_17730,0.0033104508115205,0,1,T1486
asset_17731,0.0033104508114785,0,0,T1486
asset_17732,0.0033104508115333,0,1,T1486
asset_17733,0.9042692805633136,1,0,T1486
asset_17734,0.9042692805633136,1,0,T1486
asset_17735,0.9042692805633136,1,0,T1486
asset_17736,0.9042692805633136,1,1,T1486
asset_17737,0.9042692805633136,1,0,T1486
asset_17738,0.9042692805633136,1,0,T1486
asset_17739,0.9042692805633136,1,1,T1486
asset_17740,0.003310450811489,0,1,T1486
asset_17741,0.0033104508114785,0,1,T1486
asset_17742,0.9042692805633136,1,0,T1486
asset_17743,0.9042692805633136,1,0,T1486
asset_17744,0.9042692805633136,1,1,T1486
asset_17745,0.9042692805633136,1,1,T1486
asset_17746,0.9042692805633136,1,0,T1486
asset_17747,0.9042692805633136,1,1,T1486
asset_17748,0.9042692805633136,1,1,T1486
asset_17749,0.9042692805633136,1,0,T1486
asset_17750,0.0033104508115333,0,1,T1486
asset_17751,0.0033104508115333,0,1,T1486
asset_17752,0.0033104508115333,0,0,T1486
asset_17753,0.0033104508115205,0,0,T1486
asset_17754,0.0033104508115309,0,0,T1486
asset_17755,0.003310450811489,0,0,T1486
asset_17756,0.9042692805633136,1,0,T1486
asset_17757,0.0033104499673624,0,0,T1486
asset_17758,0.0033104508115333,0,0,T1486
asset_17759,0.0033104508115333,0,0,T1486
asset_17760,0.9042692805633136,1,0,T1486
asset_17761,0.0033104508115333,0,0,T1486
asset_17762,0.9042692805633136,1,1,T1486
asset_17763,0.9042692805633136,1,1,T1486
asset_17764,0.0033104508115294,0,0,T1486
asset_17765,0.0033104508115333,0,1,T1486
asset_17766,0.9042692805633136,1,1,T1486
asset_17767,0.003310450811466,0,1,T1486
asset_17768,0.0037873349811709,0,0,T1486
asset_17769,0.0033104508115333,0,0,T1486
asset_17770,0.0033104508115333,0,1,T1486
asset_17771,0.9042692805633136,1,0,T1486
asset_17772,0.9042692805633136,1,1,T1486
asset_17773,0.0033104508115333,0,0,T1486
asset_17774,0.0033104508114616,0,0,T1486
asset_17775,0.0033104508115061,0,0,T1486
asset_17776,0.9042692805633136,1,0,T1486
asset_17777,0.0033104508115333,0,1,T1486
asset_17778,0.9042692805633136,1,1,T1486
asset_17779,0.0033104508115868,0,1,T1486
asset_17780,0.0033104508115869,0,0,T1486
asset_17781,0.9042692805633136,1,0,T1486
asset_17782,0.9042692805633136,1,1,T1486
asset_17783,0.0033104508115333,0,1,T1486
asset_17784,0.9042692805633136,1,1,T1486
asset_17785,0.9042692805633136,1,1,T1486
asset_17786,0.0033104508114933,0,0,T1486
asset_17787,0.0033104508115333,0,1,T1486
asset_17788,0.0033104508115333,0,0,T1486
asset_17789,0.0033104508115061,0,0,T1486
asset_17790,0.0033104508115333,0,1,T1486
asset_17791,0.0033104508115333,0,0,T1486
asset_17792,0.0033104508114889,0,1,T1486
asset_17793,0.0033104508115333,0,1,T1486
asset_17794,0.9042692805633136,1,1,T1486
asset_17795,0.9042692805633136,1,0,T1486
asset_17796,0.0033104389333239,0,1,T1486
asset_17797,0.0033104508115333,0,1,T1486
asset_17798,0.9042692805633136,1,1,T1486
asset_17799,0.9042692805633136,1,1,T1486
asset_17800,0.0033104508114616,0,0,T1486
asset_17801,0.9042692805633136,1,1,T1486
asset_17802,0.9042692805633136,1,0,T1486
asset_17803,0.0033104508115309,0,0,T1486
asset_17804,0.9042692805633136,1,0,T1486
asset_17805,0.9042692805633136,1,0,T1486
asset_17806,0.9042692805633136,1,1,T1486
asset_17807,0.0033104508115333,0,0,T1486
asset_17808,0.9042692805633136,1,0,T1486
asset_17809,0.9042692805633136,1,1,T1486
asset_17810,0.0033104508115333,0,0,T1486
asset_17811,0.0033104508115333,0,1,T1486
asset_17812,0.0033104508115333,0,0,T1486
asset_17813,0.0033104508115333,0,1,T1486
asset_17814,0.9042692805633136,1,1,T1486
asset_17815,0.0033104508115333,0,1,T1486
asset_17816,0.9042692805633136,1,0,T1486
asset_17817,0.0033104457881829,0,1,T1486
asset_17818,0.9042692805633136,1,0,T1486
asset_17819,0.0033104508115333,0,1,T1486
asset_17820,0.9042692805633136,1,1,T1486
asset_17821,0.0033104508115333,0,0,T1486
asset_17822,0.0033104508114618,0,1,T1486
asset_17823,0.9042692805633136,1,1,T1486
asset_17824,0.0033104508115333,0,1,T1486
asset_17825,0.0033104508115333,0,0,T1486
asset_17826,0.9042692805633136,1,0,T1486
asset_17827,0.9042692805633136,1,1,T1486
asset_17828,0.9042692805633136,1,0,T1486
asset_17829,0.9042692805633136,1,0,T1486
asset_17830,0.0033104508114552,0,1,T1486
asset_17831,0.0033104508115186,0,0,T1486
asset_17832,0.9042692805633136,1,0,T1486
asset_17833,0.0033104508115318,0,0,T1486
asset_17834,0.9042692805633136,1,1,T1486
asset_17835,0.0033104508115333,0,1,T1486
asset_17836,0.0033104508115758,0,1,T1486
asset_17837,0.9042692805633136,1,1,T1486
asset_17838,0.9042692805633136,1,1,T1486
asset_17839,0.0033104508115316,0,0,T1486
asset_17840,0.9042692805633136,1,1,T1486
asset_17841,0.0033104508115333,0,0,T1486
asset_17842,0.0033104508115333,0,0,T1486
asset_17843,0.0033104508115333,0,1,T1486
asset_17844,0.0033104508115205,0,0,T1486
asset_17845,0.9042692805633136,1,0,T1486
asset_17846,0.0033104490923378,0,0,T1486
asset_17847,0.0033104508115225,0,1,T1486
asset_17848,0.0033104508115333,0,0,T1486
asset_17849,0.0033104508115333,0,1,T1486
asset_17850,0.9042692805633136,1,0,T1486
asset_17851,0.0033104508115099,0,1,T1486
asset_17852,0.9042692805633136,1,0,T1486
asset_17853,0.9042692805633136,1,0,T1486
asset_17854,0.0033104508115271,0,1,T1486
asset_17855,0.0033104508115309,0,1,T1486
asset_17856,0.9042692805633136,1,0,T1486
asset_17857,0.9042692805633136,1,0,T1486
asset_17858,0.0033104508115333,0,1,T1486
asset_17859,0.0033104508115333,0,0,T1486
asset_17860,0.0033104508115843,0,1,T1486
asset_17861,0.0033104508115333,0,0,T1486
asset_17862,0.0033104508115309,0,0,T1486
asset_17863,0.0033104508115309,0,0,T1486
asset_17864,0.0033104508115309,0,0,T1486
asset_17865,0.0033104508115333,0,0,T1486
asset_17866,0.9042692805633136,1,0,T1486
asset_17867,0.0033104508115185,0,1,T1486
asset_17868,0.9042692805633136,1,1,T1486
asset_17869,0.9042692805633136,1,1,T1486
asset_17870,0.0033104508115205,0,0,T1486
asset_17871,0.0033104508117248,0,1,T1486
asset_17872,0.9042692805633136,1,1,T1486
asset_17873,0.0033104508115869,0,1,T1486
asset_17874,0.9042692805633136,1,0,T1486
asset_17875,0.003345437918551,0,1,T1486
asset_17876,0.9042692805633136,1,0,T1486
asset_17877,0.0033104508115333,0,1,T1486
asset_17878,0.0033104508115868,0,0,T1486
asset_17879,0.0033104508115333,0,0,T1486
asset_17880,0.003310450811466,0,0,T1486
asset_17881,0.9042692805633136,1,0,T1486
asset_17882,0.9042692805633136,1,1,T1486
asset_17883,0.0033104508115333,0,0,T1486
asset_17884,0.9042692805633136,1,1,T1486
asset_17885,0.0033104508115205,0,1,T1486
asset_17886,0.0033104508115333,0,0,T1486
asset_17887,0.0033104508115333,0,0,T1486
asset_17888,0.9042692805633136,1,1,T1486
asset_17889,0.0033104508115333,0,0,T1486
asset_17890,0.9042692805633136,1,0,T1486
asset_17891,0.0033104508115169,0,0,T1486
asset_17892,0.9042692805633136,1,0,T1486
asset_17893,0.0033104508115333,0,0,T1486
asset_17894,0.9042692805633136,1,0,T1486
asset_17895,0.9042692805633136,1,1,T1486
asset_17896,0.0033104508115868,0,0,T1486
asset_17897,0.9042692805633136,1,1,T1486
asset_17898,0.0033104508115333,0,1,T1486
asset_17899,0.9042692805633136,1,1,T1486
asset_17900,0.0033104508115205,0,0,T1486
asset_17901,0.0033104508115201,0,1,T1486
asset_17902,0.9042692805633136,1,1,T1486
asset_17903,0.9042692805633136,1,0,T1486
asset_17904,0.9042692805633136,1,0,T1486
asset_17905,0.0033104508115196,0,0,T1486
asset_17906,0.9042692805633136,1,1,T1486
asset_17907,0.0033104508115869,0,0,T1486
asset_17908,0.9042692805633136,1,1,T1486
asset_17909,0.0033104508114856,0,1,T1486
asset_17910,0.9042692805633136,1,0,T1486
asset_17911,0.0033104508115333,0,0,T1486
asset_17912,0.9042692805633136,1,1,T1486
asset_17913,0.9042692805633136,1,0,T1486
asset_17914,0.9042692805633136,1,0,T1486
asset_17915,0.0033104508115309,0,0,T1486
asset_17916,0.0033104508115333,0,0,T1486
asset_17917,0.0033104508115309,0,0,T1486
asset_17918,0.9042692805633136,1,0,T1486
asset_17919,0.9042692805633136,1,1,T1486
asset_17920,0.9042692805633136,1,0,T1486
asset_17921,0.0033104508115333,0,0,T1486
asset_17922,0.0033104508115333,0,0,T1486
asset_17923,0.9042692805633136,1,1,T1486
asset_17924,0.0033104508115333,0,1,T1486
asset_17925,0.0033104508114935,0,1,T1486
asset_17926,0.0033104508115333,0,0,T1486
asset_17927,0.003310450811489,0,1,T1486
asset_17928,0.9042692805633136,1,0,T1486
asset_17929,0.9042692805633136,1,0,T1486
asset_17930,0.9042692805633136,1,1,T1486
asset_17931,0.9042692805633136,1,0,T1486
asset_17932,0.9042692805633136,1,0,T1486
asset_17933,0.9042692805633136,1,1,T1486
asset_17934,0.9042692805633136,1,0,T1486
asset_17935,0.9042692805633136,1,0,T1486
asset_17936,0.0033104508115163,0,1,T1486
asset_17937,0.9042692805633136,1,1,T1486
asset_17938,0.0033104508115333,0,0,T1486
asset_17939,0.9042692805633136,1,0,T1486
asset_17940,0.0033104508115333,0,0,T1486
asset_17941,0.0033104508115061,0,0,T1486
asset_17942,0.003310450811489,0,1,T1486
asset_17943,0.0033104508115333,0,1,T1486
asset_17944,0.9042692805633136,1,0,T1486
asset_17945,0.9042692805633136,1,0,T1486
asset_17946,0.9042692805633136,1,0,T1486
asset_17947,0.9042692805633136,1,1,T1486
asset_17948,0.9042692805633136,1,1,T1486
asset_17949,0.0033104508115333,0,1,T1486
asset_17950,0.0033104508114618,0,0,T1486
asset_17951,0.9042692805633136,1,0,T1486
asset_17952,0.0033104508115309,0,0,T1486
asset_17953,0.003345489346825,0,1,T1486
asset_17954,0.0033104508115333,0,1,T1486
asset_17955,0.9042692805633136,1,0,T1486
asset_17956,0.9042692805633136,1,0,T1486
asset_17957,0.9042692805633136,1,0,T1486
asset_17958,0.9042692805633136,1,0,T1486
asset_17959,0.0033104508115333,0,0,T1486
asset_17960,0.9042692805633136,1,1,T1486
asset_17961,0.9042692805633136,1,0,T1486
asset_17962,0.9042692805633136,1,0,T1486
asset_17963,0.9042692805633136,1,1,T1486
asset_17964,0.9042692805633136,1,0,T1486
asset_17965,0.9042692805633136,1,0,T1486
asset_17966,0.9042692805633136,1,0,T1486
asset_17967,0.9042692805633136,1,1,T1486
asset_17968,0.9042692805633136,1,0,T1486
asset_17969,0.0033104508115333,0,0,T1486
asset_17970,0.0033104508115294,0,0,T1486
asset_17971,0.9042692805633136,1,0,T1486
asset_17972,0.0033104508115294,0,0,T1486
asset_17973,0.9042692805633136,1,1,T1486
asset_17974,0.0033104508115868,0,1,T1486
asset_17975,0.9042692805633136,1,0,T1486
asset_17976,0.9042692805633136,1,1,T1486
asset_17977,0.003310450811466,0,0,T1486
asset_17978,0.9042692805633136,1,1,T1486
asset_17979,0.0033104508115309,0,0,T1486
asset_17980,0.0033104508115293,0,0,T1486
asset_17981,0.9042692805633136,1,0,T1486
asset_17982,0.0033104508114508,0,1,T1486
asset_17983,0.9042692805633136,1,0,T1486
asset_17984,0.9042692805633136,1,0,T1486
asset_17985,0.9042692805633136,1,0,T1486
asset_17986,0.0033104508115333,0,1,T1486
asset_17987,0.9042692805633136,1,0,T1486
asset_17988,0.0033104508115333,0,0,T1486
asset_17989,0.0033104508115333,0,0,T1486
asset_17990,0.9042692805633136,1,0,T1486
asset_17991,0.9042692805633136,1,0,T1486
asset_17992,0.0033104462285538,0,0,T1486
asset_17993,0.9042692805633136,1,0,T1486
asset_17994,0.0033104508115333,0,0,T1486
asset_17995,0.9042692805633136,1,0,T1486
asset_17996,0.9042692805633136,1,1,T1486
asset_17997,0.9042692805633136,1,0,T1486
asset_17998,0.9042692805633136,1,1,T1486
asset_17999,0.0033104508115316,0,0,T1486
asset_18000,0.9042692805633136,1,1,T1486
asset_18001,0.0033104508115333,0,1,T1486
asset_18002,0.9042692805633136,1,1,T1486
asset_18003,0.0033104508115784,0,0,T1486
asset_18004,0.0033104508115293,0,1,T1486
asset_18005,0.0033104508115333,0,1,T1486
asset_18006,0.9042692805633136,1,0,T1486
asset_18007,0.9042692805633136,1,1,T1486
asset_18008,0.9042692805633136,1,1,T1486
asset_18009,0.0033104508114889,0,1,T1486
asset_18010,0.9042692805633136,1,1,T1486
asset_18011,0.003310450811466,0,0,T1486
asset_18012,0.0033104508115333,0,1,T1486
asset_18013,0.0033104508115333,0,0,T1486
asset_18014,0.0033104508115333,0,0,T1486
asset_18015,0.0033104508115333,0,0,T1486
asset_18016,0.9042692805633136,1,0,T1486
asset_18017,0.9042692805633136,1,1,T1486
asset_18018,0.0033104508115333,0,1,T1486
asset_18019,0.0033104508115333,0,0,T1486
asset_18020,0.9042692805633136,1,0,T1486
asset_18021,0.0033104508115333,0,1,T1486
asset_18022,0.9042692805633136,1,1,T1486
asset_18023,0.9042692805633136,1,0,T1486
asset_18024,0.0033454389816955,0,0,T1486
asset_18025,0.9042692805633136,1,0,T1486
asset_18026,0.9042692805633136,1,1,T1486
asset_18027,0.0033104508114889,0,1,T1486
asset_18028,0.0033104508115333,0,1,T1486
asset_18029,0.003310450811489,0,0,T1486
asset_18030,0.9042692805633136,1,0,T1486
asset_18031,0.9042692805633136,1,1,T1486
asset_18032,0.9042692805633136,1,1,T1486
asset_18033,0.0033104508115333,0,0,T1486
asset_18034,0.0033104508115333,0,1,T1486
asset_18035,0.0033104508115868,0,0,T1486
asset_18036,0.9042692805633136,1,1,T1486
asset_18037,0.9042692805633136,1,1,T1486
asset_18038,0.003310450811489,0,1,T1486
asset_18039,0.9042692805633136,1,0,T1486
asset_18040,0.9042692805633136,1,0,T1486
asset_18041,0.0033104508115333,0,1,T1486
asset_18042,0.9042692805633136,1,1,T1486
asset_18043,0.0033104508115205,0,1,T1486
asset_18044,0.0033104508115843,0,1,T1486
asset_18045,0.0033104508115333,0,0,T1486
asset_18046,0.9042692805633136,1,1,T1486
asset_18047,0.0033104508115333,0,1,T1486
asset_18048,0.003310450811489,0,0,T1486
asset_18049,0.9042692805633136,1,0,T1486
asset_18050,0.9042692805633136,1,0,T1486
asset_18051,0.9042692805633136,1,0,T1486
asset_18052,0.0033104508115201,0,1,T1486
asset_18053,0.0033104508115167,0,1,T1486
asset_18054,0.9042692805633136,1,0,T1486
asset_18055,0.9042692805633136,1,0,T1486
asset_18056,0.9042692805633136,1,0,T1486
asset_18057,0.0033104508115333,0,0,T1486
asset_18058,0.0033104508115333,0,0,T1486
asset_18059,0.0033104508115333,0,0,T1486
asset_18060,0.9042692805633136,1,0,T1486
asset_18061,0.0033104508115309,0,0,T1486
asset_18062,0.9042692805633136,1,1,T1486
asset_18063,0.9042692805633136,1,1,T1486
asset_18064,0.0033104508115333,0,0,T1486
asset_18065,0.9042692805633136,1,0,T1486
asset_18066,0.0033104508115333,0,1,T1486
asset_18067,0.0033104508115309,0,0,T1486
asset_18068,0.0033104508115333,0,1,T1486
asset_18069,0.9042692805633136,1,1,T1486
asset_18070,0.0033104508115333,0,1,T1486
asset_18071,0.0033104508115333,0,1,T1486
asset_18072,0.9042692805633136,1,1,T1486
asset_18073,0.0033104508114616,0,1,T1486
asset_18074,0.9042692805633136,1,1,T1486
asset_18075,0.9042692805633136,1,0,T1486
asset_18076,0.9042692805633136,1,1,T1486
asset_18077,0.9042692805633136,1,1,T1486
asset_18078,0.0033104508115099,0,0,T1486
asset_18079,0.0033104508115333,0,1,T1486
asset_18080,0.9042692805633136,1,1,T1486
asset_18081,0.0033104508115333,0,0,T1486
asset_18082,0.9042692805633136,1,0,T1486
asset_18083,0.9042692805633136,1,0,T1486
asset_18084,0.0033104508115061,0,1,T1486
asset_18085,0.0033104508115333,0,0,T1486
asset_18086,0.0033104508115333,0,1,T1486
asset_18087,0.0033104508115333,0,1,T1486
asset_18088,0.0033104508115333,0,1,T1486
asset_18089,0.0033104508115333,0,0,T1486
asset_18090,0.0033104508115333,0,1,T1486
asset_18091,0.0033104508115333,0,1,T1486
asset_18092,0.9042692805633136,1,1,T1486
asset_18093,0.0033104508114618,0,1,T1486
asset_18094,0.0033104508115333,0,1,T1486
asset_18095,0.9042692805633136,1,0,T1486
asset_18096,0.9042692805633136,1,1,T1486
asset_18097,0.0033104508114785,0,1,T1486
asset_18098,0.9042692805633136,1,1,T1486
asset_18099,0.0033104508115294,0,1,T1486
asset_18100,0.9042692805633136,1,1,T1486
asset_18101,0.0033104508114824,0,1,T1486
asset_18102,0.0033104508115333,0,0,T1486
asset_18103,0.9042692805633136,1,0,T1486
asset_18104,0.9042692805633136,1,0,T1486
asset_18105,0.9042692805633136,1,1,T1486
asset_18106,0.0033104508115868,0,0,T1486
asset_18107,0.0033104508115333,0,1,T1486
asset_18108,0.0033104508115205,0,0,T1486
asset_18109,0.9042692805633136,1,1,T1486
asset_18110,0.9042692805633136,1,0,T1486
asset_18111,0.0033104508114508,0,0,T1486
asset_18112,0.9042692805633136,1,0,T1486
asset_18113,0.0033104508114552,0,1,T1486
asset_18114,0.0033104508115205,0,1,T1486
asset_18115,0.9042692805633136,1,1,T1486
asset_18116,0.9042692805633136,1,0,T1486
asset_18117,0.9042692805633136,1,1,T1486
asset_18118,0.0033104508114785,0,0,T1486
asset_18119,0.0033104508115333,0,0,T1486
asset_18120,0.0033104508115333,0,1,T1486
asset_18121,0.0033104508115333,0,0,T1486
asset_18122,0.9042692805633136,1,0,T1486
asset_18123,0.9042692805633136,1,0,T1486
asset_18124,0.0033104508115333,0,1,T1486
asset_18125,0.0033104508115333,0,0,T1486
asset_18126,0.9042692805633136,1,1,T1486
asset_18127,0.0033104491359077,0,1,T1486
asset_18128,0.0033104508115333,0,1,T1486
asset_18129,0.9042692805633136,1,1,T1486
asset_18130,0.0033104508115186,0,0,T1486
asset_18131,0.9042692805633136,1,0,T1486
asset_18132,0.9042692805633136,1,1,T1486
asset_18133,0.9042692805633136,1,1,T1486
asset_18134,0.9042692805633136,1,1,T1486
asset_18135,0.0033104508115333,0,0,T1486
asset_18136,0.0033104508115333,0,0,T1486
asset_18137,0.9042692805633136,1,0,T1486
asset_18138,0.9042692805633136,1,1,T1486
asset_18139,0.9042692805633136,1,0,T1486
asset_18140,0.0033104508115333,0,0,T1486
asset_18141,0.9042692805633136,1,1,T1486
asset_18142,0.9042692805633136,1,1,T1486
asset_18143,0.0033104508115333,0,0,T1486
asset_18144,0.0033104508135067,0,1,T1486
asset_18145,0.9042692805633136,1,1,T1486
asset_18146,0.0033104508115333,0,1,T1486
asset_18147,0.0033104508115309,0,0,T1486
asset_18148,0.9042692805633136,1,0,T1486
asset_18149,0.9042692805633136,1,1,T1486
asset_18150,0.0033104508114664,0,0,T1486
asset_18151,0.0033104508115055,0,1,T1486
asset_18152,0.9042692805633136,1,1,T1486
asset_18153,0.0033104508115333,0,1,T1486
asset_18154,0.9042692805633136,1,1,T1486
asset_18155,0.0033104508115333,0,0,T1486
asset_18156,0.0033104508115333,0,0,T1486
asset_18157,0.9042692805633136,1,0,T1486
asset_18158,0.0033104508115333,0,1,T1486
asset_18159,0.9042692805633136,1,1,T1486
asset_18160,0.9042692805633136,1,1,T1486
asset_18161,0.0033104508115333,0,0,T1486
asset_18162,0.0033104508115868,0,0,T1486
asset_18163,0.9042692805633136,1,1,T1486
asset_18164,0.9042692805633136,1,1,T1486
asset_18165,0.0033104508115309,0,0,T1486
asset_18166,0.0033104508115333,0,0,T1486
asset_18167,0.0033104508115868,0,0,T1486
asset_18168,0.0033104508115293,0,1,T1486
asset_18169,0.0033104508115333,0,1,T1486
asset_18170,0.0033104508115333,0,0,T1486
asset_18171,0.0033104508115309,0,0,T1486
asset_18172,0.0033104508115333,0,1,T1486
asset_18173,0.0033104508115333,0,0,T1486
asset_18174,0.0033104508115333,0,0,T1486
asset_18175,0.0033104508115868,0,0,T1486
asset_18176,0.9042692805633136,1,0,T1486
asset_18177,0.9042692805633136,1,1,T1486
asset_18178,0.9042692805633136,1,0,T1486
asset_18179,0.0033104508115205,0,0,T1486
asset_18180,0.9042692805633136,1,0,T1486
asset_18181,0.0033104508115869,0,1,T1486
asset_18182,0.9042692805633136,1,1,T1486
asset_18183,0.0033104508114552,0,0,T1486
asset_18184,0.9042692805633136,1,1,T1486
asset_18185,0.9042692805633136,1,0,T1486
asset_18186,0.0033104508115309,0,0,T1486
asset_18187,0.0033104508114664,0,1,T1486
asset_18188,0.0033104508115333,0,0,T1486
asset_18189,0.9042692805633136,1,0,T1486
asset_18190,0.0033104464221243,0,0,T1486
asset_18191,0.00334543898181,0,1,T1486
asset_18192,0.0033104508115784,0,0,T1486
asset_18193,0.9042692805633136,1,1,T1486
asset_18194,0.9042692805633136,1,1,T1486
asset_18195,0.9042692805633136,1,0,T1486
asset_18196,0.9042692805633136,1,0,T1486
asset_18197,0.9042692805633136,1,1,T1486
asset_18198,0.9042692805633136,1,1,T1486
asset_18199,0.9042692805633136,1,0,T1486
asset_18200,0.9042692805633136,1,0,T1486
asset_18201,0.9042692805633136,1,1,T1486
asset_18202,0.9042692805633136,1,1,T1486
asset_18203,0.9042692805633136,1,0,T1486
asset_18204,0.9042692805633136,1,1,T1486
asset_18205,0.9042692805633136,1,1,T1486
asset_18206,0.0033454371183524,0,0,T1486
asset_18207,0.0033104508115333,0,1,T1486
asset_18208,0.0033104508120334,0,1,T1486
asset_18209,0.9042692805633136,1,0,T1486
asset_18210,0.9042692805633136,1,0,T1486
asset_18211,0.9042692805633136,1,0,T1486
asset_18212,0.9042692805633136,1,1,T1486
asset_18213,0.9042692805633136,1,1,T1486
asset_18214,0.9042692805633136,1,0,T1486
asset_18215,0.9042692805633136,1,1,T1486
asset_18216,0.0033104508115196,0,0,T1486
asset_18217,0.9042692805633136,1,1,T1486
asset_18218,0.0033104508115333,0,0,T1486
asset_18219,0.9042692805633136,1,1,T1486
asset_18220,0.0033104508118171,0,1,T1486
asset_18221,0.0033104508115333,0,0,T1486
asset_18222,0.9042692805633136,1,1,T1486
asset_18223,0.0033104508115333,0,1,T1486
asset_18224,0.0033104499672667,0,1,T1486
asset_18225,0.0033104508115333,0,0,T1486
asset_18226,0.0033104508115333,0,1,T1486
asset_18227,0.0033104508114895,0,0,T1486
asset_18228,0.9042692805633136,1,0,T1486
asset_18229,0.0033104468656574,0,0,T1486
asset_18230,0.9042692805633136,1,0,T1486
asset_18231,0.9042692805633136,1,0,T1486
asset_18232,0.0033104508115309,0,1,T1486
asset_18233,0.9042692805633136,1,0,T1486
asset_18234,0.0033104508115333,0,1,T1486
asset_18235,0.9042692805633136,1,1,T1486
asset_18236,0.9042692805633136,1,0,T1486
asset_18237,0.0033104508115225,0,1,T1486
asset_18238,0.9042692805633136,1,1,T1486
asset_18239,0.9042692805633136,1,1,T1486
asset_18240,0.0033104508114785,0,1,T1486
asset_18241,0.0033104508115843,0,0,T1486
asset_18242,0.0033104508114933,0,0,T1486
asset_18243,0.0033454371183524,0,1,T1486
asset_18244,0.0033104508115333,0,1,T1486
asset_18245,0.0033104508115869,0,1,T1486
asset_18246,0.0033104508115333,0,0,T1486
asset_18247,0.0033104508115333,0,0,T1486
asset_18248,0.9042692805633136,1,0,T1486
asset_18249,0.9042692805633136,1,0,T1486
asset_18250,0.9042692805633136,1,1,T1486
asset_18251,0.0033104464221243,0,0,T1486
asset_18252,0.0033104508115333,0,1,T1486
asset_18253,0.9042692805633136,1,0,T1486
asset_18254,0.0033104508117248,0,0,T1486
asset_18255,0.9042692805633136,1,1,T1486
asset_18256,0.9042692805633136,1,1,T1486
asset_18257,0.0033104508114618,0,1,T1486
asset_18258,0.0033104508115333,0,1,T1486
asset_18259,0.0033104469826889,0,0,T1486
asset_18260,0.9042692805633136,1,1,T1486
asset_18261,0.0033104508115205,0,0,T1486
asset_18262,0.9042692805633136,1,1,T1486
asset_18263,0.9042692805633136,1,0,T1486
asset_18264,0.0033104508115309,0,0,T1486
asset_18265,0.9042692805633136,1,0,T1486
asset_18266,0.0033104508115333,0,0,T1486
asset_18267,0.0033104508115333,0,0,T1486
asset_18268,0.0033104508115333,0,0,T1486
asset_18269,0.9042692805633136,1,0,T1486
asset_18270,0.9042692805633136,1,0,T1486
asset_18271,0.0033104490932545,0,1,T1486
asset_18272,0.9042692805633136,1,1,T1486
asset_18273,0.9042692805633136,1,0,T1486
asset_18274,0.9042692805633136,1,0,T1486
asset_18275,0.0033104508115333,0,0,T1486
asset_18276,0.9042692805633136,1,0,T1486
asset_18277,0.003310450811466,0,1,T1486
asset_18278,0.9042692805633136,1,0,T1486
asset_18279,0.9042692805633136,1,1,T1486
asset_18280,0.9042692805633136,1,1,T1486
asset_18281,0.9042692805633136,1,1,T1486
asset_18282,0.9042692805633136,1,1,T1486
asset_18283,0.0033104508115868,0,1,T1486
asset_18284,0.0033104508115294,0,1,T1486
asset_18285,0.9042692805633136,1,1,T1486
asset_18286,0.0033104508115333,0,0,T1486
asset_18287,0.003310450811489,0,0,T1486
asset_18288,0.0033104508115333,0,0,T1486
asset_18289,0.0033104508115333,0,0,T1486
asset_18290,0.0033104508115294,0,1,T1486
asset_18291,0.0033104508115333,0,0,T1486
asset_18292,0.9042692805633136,1,1,T1486
asset_18293,0.0033104508115333,0,0,T1486
asset_18294,0.0033104508115186,0,1,T1486
asset_18295,0.9042692805633136,1,0,T1486
asset_18296,0.0033104508115225,0,0,T1486
asset_18297,0.9042692805633136,1,0,T1486
asset_18298,0.9042692805633136,1,0,T1486
asset_18299,0.9042692805633136,1,1,T1486
asset_18300,0.0033104508115201,0,1,T1486
asset_18301,0.9042692805633136,1,0,T1486
asset_18302,0.9042692805633136,1,0,T1486
asset_18303,0.0033104508115099,0,1,T1486
asset_18304,0.0033104508115333,0,1,T1486
asset_18305,0.9042692805633136,1,1,T1486
asset_18306,0.9042692805633136,1,0,T1486
asset_18307,0.9042692805633136,1,0,T1486
asset_18308,0.0033104508115333,0,1,T1486
asset_18309,0.9042692805633136,1,1,T1486
asset_18310,0.9042692805633136,1,1,T1486
asset_18311,0.9042692805633136,1,1,T1486
asset_18312,0.9042692805633136,1,0,T1486
asset_18313,0.0033104508115061,0,0,T1486
asset_18314,0.9042692805633136,1,0,T1486
asset_18315,0.0033104508115333,0,0,T1486
asset_18316,0.003345437918551,0,1,T1486
asset_18317,0.9042692805633136,1,1,T1486
asset_18318,0.9042692805633136,1,0,T1486
asset_18319,0.9042692805633136,1,1,T1486
asset_18320,0.0033104508114897,0,0,T1486
asset_18321,0.9042692805633136,1,0,T1486
asset_18322,0.0033104508114785,0,0,T1486
asset_18323,0.0033104508115309,0,1,T1486
asset_18324,0.0033104508115097,0,0,T1486
asset_18325,0.9042692805633136,1,1,T1486
asset_18326,0.9042692805633136,1,0,T1486
asset_18327,0.9042692805633136,1,0,T1486
asset_18328,0.9042692805633136,1,1,T1486
asset_18329,0.9042692805633136,1,1,T1486
asset_18330,0.0033104508115309,0,1,T1486
asset_18331,0.9042692805633136,1,0,T1486
asset_18332,0.9042692805633136,1,1,T1486
asset_18333,0.0033104508115333,0,1,T1486
asset_18334,0.9042692805633136,1,0,T1486
asset_18335,0.0033804668626575,0,0,T1486
asset_18336,0.9042692805633136,1,0,T1486
asset_18337,0.0033104508116792,0,1,T1486
asset_18338,0.9042692805633136,1,1,T1486
asset_18339,0.9042692805633136,1,0,T1486
asset_18340,0.0033104508115061,0,0,T1486
asset_18341,0.9042692805633136,1,0,T1486
asset_18342,0.9042692805633136,1,0,T1486
asset_18343,0.9042692805633136,1,1,T1486
asset_18344,0.9042692805633136,1,0,T1486
asset_18345,0.0033104464221243,0,1,T1486
asset_18346,0.0033104508114933,0,1,T1486
asset_18347,0.9042692805633136,1,0,T1486
asset_18348,0.0033104508115333,0,0,T1486
asset_18349,0.9042692805633136,1,0,T1486
asset_18350,0.9042692805633136,1,1,T1486
asset_18351,0.9042692805633136,1,0,T1486
asset_18352,0.0033104508114616,0,1,T1486
asset_18353,0.9042692805633136,1,1,T1486
asset_18354,0.003310450811489,0,1,T1486
asset_18355,0.9042692805633136,1,1,T1486
asset_18356,0.9042692805633136,1,0,T1486
asset_18357,0.9042692805633136,1,0,T1486
asset_18358,0.0033104508115333,0,0,T1486
asset_18359,0.9042692805633136,1,0,T1486
asset_18360,0.9042692805633136,1,1,T1486
asset_18361,0.0033104508114616,0,1,T1486
asset_18362,0.0033104508115099,0,1,T1486
asset_18363,0.9042692805633136,1,0,T1486
asset_18364,0.0033104508115333,0,1,T1486
asset_18365,0.9042692805633136,1,1,T1486
asset_18366,0.9042692805633136,1,0,T1486
asset_18367,0.0033104508115208,0,0,T1486
asset_18368,0.0033104508115333,0,0,T1486
asset_18369,0.0033104508115333,0,1,T1486
asset_18370,0.0033104508115205,0,0,T1486
asset_18371,0.9042692805633136,1,0,T1486
asset_18372,0.9042692805633136,1,0,T1486
asset_18373,0.9042692805633136,1,1,T1486
asset_18374,0.0033104508117222,0,1,T1486
asset_18375,0.0033104508115333,0,1,T1486
asset_18376,0.9042692805633136,1,1,T1486
asset_18377,0.0033104508115333,0,0,T1486
asset_18378,0.0033104508114889,0,0,T1486
asset_18379,0.9042692805633136,1,1,T1486
asset_18380,0.9042692805633136,1,1,T1486
asset_18381,0.9042692805633136,1,0,T1486
asset_18382,0.0033104508115333,0,0,T1486
asset_18383,0.9042692805633136,1,0,T1486
asset_18384,0.0033104508115333,0,0,T1486
asset_18385,0.9042692805633136,1,1,T1486
asset_18386,0.9042692805633136,1,1,T1486
asset_18387,0.9042692805633136,1,1,T1486
asset_18388,0.0033104508115333,0,0,T1486
asset_18389,0.0033104508115333,0,1,T1486
asset_18390,0.9042692805633136,1,1,T1486
asset_18391,0.0033104508115205,0,1,T1486
asset_18392,0.0033104508115333,0,0,T1486
asset_18393,0.0033104508115309,0,0,T1486
asset_18394,0.0033104508115333,0,1,T1486
asset_18395,0.0033104508115333,0,0,T1486
asset_18396,0.0033104508115333,0,0,T1486
asset_18397,0.0033104508115225,0,1,T1486
asset_18398,0.9042692805633136,1,1,T1486
asset_18399,0.0033104508115225,0,0,T1486
asset_18400,0.9042692805633136,1,0,T1486
asset_18401,0.9042692805633136,1,0,T1486
asset_18402,0.9042692805633136,1,0,T1486
asset_18403,0.9042692805633136,1,1,T1486
asset_18404,0.9042692805633136,1,1,T1486
asset_18405,0.9042692805633136,1,1,T1486
asset_18406,0.9042692805633136,1,1,T1486
asset_18407,0.9042692805633136,1,1,T1486
asset_18408,0.0033104508115061,0,0,T1486
asset_18409,0.9042692805633136,1,0,T1486
asset_18410,0.9042692805633136,1,1,T1486
asset_18411,0.0033104508115333,0,0,T1486
asset_18412,0.9042692805633136,1,0,T1486
asset_18413,0.9042692805633136,1,0,T1486
asset_18414,0.9042692805633136,1,0,T1486
asset_18415,0.0033104508115021,0,1,T1486
asset_18416,0.003310450811521,0,0,T1486
asset_18417,0.0033104508115201,0,1,T1486
asset_18418,0.0033104508115169,0,1,T1486
asset_18419,0.0033104508115333,0,1,T1486
asset_18420,0.0033104508115333,0,1,T1486
asset_18421,0.0033104499673624,0,0,T1486
asset_18422,0.9042692805633136,1,0,T1486
asset_18423,0.9042692805633136,1,0,T1486
asset_18424,0.0033104508115333,0,0,T1486
asset_18425,0.0033104508115333,0,0,T1486
asset_18426,0.0033104508115333,0,1,T1486
asset_18427,0.9042692805633136,1,1,T1486
asset_18428,0.0033104508115333,0,0,T1486
asset_18429,0.0033104508114616,0,0,T1486
asset_18430,0.9042692805633136,1,1,T1486
asset_18431,0.0033104508115318,0,0,T1486
asset_18432,0.003310450811521,0,0,T1486
asset_18433,0.0033104508115333,0,0,T1486
asset_18434,0.9042692805633136,1,1,T1486
asset_18435,0.9042692805633136,1,1,T1486
asset_18436,0.0033104508115333,0,1,T1486
asset_18437,0.9042692805633136,1,1,T1486
asset_18438,0.9042692805633136,1,1,T1486
asset_18439,0.0033104508115225,0,1,T1486
asset_18440,0.0033104508115333,0,0,T1486
asset_18441,0.9042692805633136,1,1,T1486
asset_18442,0.0033104508115205,0,1,T1486
asset_18443,0.9042692805633136,1,0,T1486
asset_18444,0.9042692805633136,1,0,T1486
asset_18445,0.9042692805633136,1,1,T1486
asset_18446,0.0033104508115333,0,0,T1486
asset_18447,0.0033104508114785,0,0,T1486
asset_18448,0.0033104508115333,0,0,T1486
asset_18449,0.0033104508115205,0,0,T1486
asset_18450,0.9042692805633136,1,0,T1486
asset_18451,0.9042692805633136,1,0,T1486
asset_18452,0.0033104508115271,0,1,T1486
asset_18453,0.003310450811489,0,0,T1486
asset_18454,0.0033104508115333,0,1,T1486
asset_18455,0.0033104508114616,0,0,T1486
asset_18456,0.0033104508115309,0,1,T1486
asset_18457,0.9042692805633136,1,0,T1486
asset_18458,0.9042692805633136,1,1,T1486
asset_18459,0.0033104508115333,0,0,T1486
asset_18460,0.9042692805633136,1,0,T1486
asset_18461,0.0033104508115099,0,0,T1486
asset_18462,0.9042692805633136,1,1,T1486
asset_18463,0.9042692805633136,1,1,T1486
asset_18464,0.0033104508115333,0,0,T1486
asset_18465,0.0033104508115333,0,1,T1486
asset_18466,0.9042692805633136,1,1,T1486
asset_18467,0.9042692805633136,1,0,T1486
asset_18468,0.9042692805633136,1,1,T1486
asset_18469,0.0033104508115342,0,1,T1486
asset_18470,0.0033104508114618,0,0,T1486
asset_18471,0.9042692805633136,1,0,T1486
asset_18472,0.9042692805633136,1,0,T1486
asset_18473,0.9042692805633136,1,0,T1486
asset_18474,0.9042692805633136,1,0,T1486
asset_18475,0.0033104508115309,0,0,T1486
asset_18476,0.0033104508115333,0,1,T1486
asset_18477,0.0033104508115333,0,1,T1486
asset_18478,0.9042692805633136,1,1,T1486
asset_18479,0.9042692805633136,1,0,T1486
asset_18480,0.9042692805633136,1,0,T1486
asset_18481,0.0033104508115333,0,0,T1486
asset_18482,0.9042692805633136,1,1,T1486
asset_18483,0.003310450811466,0,0,T1486
asset_18484,0.0033104508115333,0,0,T1486
asset_18485,0.0033104508115099,0,0,T1486
asset_18486,0.9042692805633136,1,1,T1486
asset_18487,0.9042692805633136,1,0,T1486
asset_18488,0.0033104508114889,0,0,T1486
asset_18489,0.0033104508115333,0,0,T1486
asset_18490,0.9042692805633136,1,0,T1486
asset_18491,0.0033104508115333,0,0,T1486
asset_18492,0.0033104508115333,0,0,T1486
asset_18493,0.0033104508115758,0,0,T1486
asset_18494,0.003345437918551,0,1,T1486
asset_18495,0.0033104508115333,0,0,T1486
asset_18496,0.9042692805633136,1,1,T1486
asset_18497,0.9042692805633136,1,0,T1486
asset_18498,0.0033104508115333,0,1,T1486
asset_18499,0.0033104508115333,0,1,T1486
asset_18500,0.9042692805633136,1,1,T1486
asset_18501,0.0033104490923377,0,0,T1486
asset_18502,0.9042692805633136,1,0,T1486
asset_18503,0.9042692805633136,1,1,T1486
asset_18504,0.9042692805633136,1,1,T1486
asset_18505,0.003310450811489,0,1,T1486
asset_18506,0.9042692805633136,1,0,T1486
asset_18507,0.9042692805633136,1,1,T1486
asset_18508,0.0033104508115333,0,0,T1486
asset_18509,0.9042692805633136,1,1,T1486
asset_18510,0.9042692805633136,1,0,T1486
asset_18511,0.9042692805633136,1,0,T1486
asset_18512,0.0033104508116791,0,0,T1486
asset_18513,0.0033104508115333,0,1,T1486
asset_18514,0.9042692805633136,1,0,T1486
asset_18515,0.9042692805633136,1,0,T1486
asset_18516,0.0033104508115333,0,1,T1486
asset_18517,0.9042692805633136,1,0,T1486
asset_18518,0.9042692805633136,1,1,T1486
asset_18519,0.9042692805633136,1,0,T1486
asset_18520,0.9042692805633136,1,0,T1486
asset_18521,0.9042692805633136,1,0,T1486
asset_18522,0.0033104508115333,0,0,T1486
asset_18523,0.0033104508115333,0,0,T1486
asset_18524,0.0033104508115333,0,1,T1486
asset_18525,0.9042692805633136,1,1,T1486
asset_18526,0.0033104508115333,0,1,T1486
asset_18527,0.0033104508115333,0,1,T1486
asset_18528,0.0033104508115284,0,0,T1486
asset_18529,0.9042692805633136,1,1,T1486
asset_18530,0.9042692805633136,1,0,T1486
asset_18531,0.003310450811489,0,0,T1486
asset_18532,0.003310450811489,0,0,T1486
asset_18533,0.9042692805633136,1,0,T1486
asset_18534,0.003310450811489,0,0,T1486
asset_18535,0.0033454371183524,0,0,T1486
asset_18536,0.9042692805633136,1,1,T1486
asset_18537,0.9042692805633136,1,1,T1486
asset_18538,0.9042692805633136,1,0,T1486
asset_18539,0.0033104508115333,0,0,T1486
asset_18540,0.0033104508115333,0,1,T1486
asset_18541,0.0033104508115333,0,0,T1486
asset_18542,0.9042692805633136,1,0,T1486
asset_18543,0.0033104508115333,0,0,T1486
asset_18544,0.0033104508115333,0,1,T1486
asset_18545,0.9042692805633136,1,0,T1486
asset_18546,0.0033104508115333,0,0,T1486
asset_18547,0.0033104508115333,0,0,T1486
asset_18548,0.0033104508115333,0,0,T1486
asset_18549,0.0033104508115333,0,0,T1486
asset_18550,0.0033104508115333,0,1,T1486
asset_18551,0.0033104508115843,0,1,T1486
asset_18552,0.9042692805633136,1,1,T1486
asset_18553,0.0033104508115333,0,1,T1486
asset_18554,0.0033104508114935,0,1,T1486
asset_18555,0.9042692805633136,1,0,T1486
asset_18556,0.0033104508115869,0,0,T1486
asset_18557,0.0033104508115333,0,0,T1486
asset_18558,0.0033104508115333,0,1,T1486
asset_18559,0.0033104508115333,0,0,T1486
asset_18560,0.0033104490933179,0,0,T1486
asset_18561,0.9042692805633136,1,0,T1486
asset_18562,0.9042692805633136,1,0,T1486
asset_18563,0.0033104508115868,0,1,T1486
asset_18564,0.9042692805633136,1,1,T1486
asset_18565,0.0033104508115333,0,0,T1486
asset_18566,0.0033104508115333,0,1,T1486
asset_18567,0.0033104508115333,0,1,T1486
asset_18568,0.0033104508115205,0,0,T1486
asset_18569,0.9042692805633136,1,1,T1486
asset_18570,0.9042692805633136,1,0,T1486
asset_18571,0.9042692805633136,1,0,T1486
asset_18572,0.9042692805633136,1,0,T1486
asset_18573,0.0033104508115333,0,0,T1486
asset_18574,0.9042692805633136,1,1,T1486
asset_18575,0.9042692805633136,1,0,T1486
asset_18576,0.0033104508115293,0,0,T1486
asset_18577,0.9042692805633136,1,0,T1486
asset_18578,0.0033104508115333,0,1,T1486
asset_18579,0.9042692805633136,1,0,T1486
asset_18580,0.0033104508115099,0,1,T1486
asset_18581,0.0033104508115333,0,1,T1486
asset_18582,0.0033104508115333,0,0,T1486
asset_18583,0.9042692805633136,1,0,T1486
asset_18584,0.9042692805633136,1,0,T1486
asset_18585,0.0033104508115061,0,0,T1486
asset_18586,0.9042692805633136,1,1,T1486
asset_18587,0.9042692805633136,1,0,T1486
asset_18588,0.0033104508115225,0,0,T1486
asset_18589,0.9042692805633136,1,0,T1486
asset_18590,0.9042692805633136,1,0,T1486
asset_18591,0.0033104508115333,0,0,T1486
asset_18592,0.9042692805633136,1,1,T1486
asset_18593,0.9042692805633136,1,1,T1486
asset_18594,0.9042692805633136,1,1,T1486
asset_18595,0.0033104508115869,0,0,T1486
asset_18596,0.0033104508115333,0,1,T1486
asset_18597,0.9042692805633136,1,0,T1486
asset_18598,0.0033104508115333,0,1,T1486
asset_18599,0.0033104508115333,0,0,T1486
asset_18600,0.9042692805633136,1,1,T1486
asset_18601,0.9042692805633136,1,1,T1486
asset_18602,0.0033104508115869,0,1,T1486
asset_18603,0.9042692805633136,1,1,T1486
asset_18604,0.9042692805633136,1,1,T1486
asset_18605,0.0033104508115333,0,1,T1486
asset_18606,0.0033104508115333,0,1,T1486
asset_18607,0.9042692805633136,1,1,T1486
asset_18608,0.0033104508115333,0,0,T1486
asset_18609,0.0033104508115309,0,0,T1486
asset_18610,0.9042692805633136,1,0,T1486
asset_18611,0.0033104508115333,0,1,T1486
asset_18612,0.0033104508115333,0,0,T1486
asset_18613,0.9042692805633136,1,0,T1486
asset_18614,0.003310450811466,0,0,T1486
asset_18615,0.9042692805633136,1,0,T1486
asset_18616,0.0033104508115205,0,1,T1486
asset_18617,0.9042692805633136,1,1,T1486
asset_18618,0.0033104508115333,0,0,T1486
asset_18619,0.9042692805633136,1,1,T1486
asset_18620,0.0033104508115333,0,0,T1486
asset_18621,0.0033104508115176,0,0,T1486
asset_18622,0.9042692805633136,1,0,T1486
asset_18623,0.9042692805633136,1,0,T1486
asset_18624,0.9042692805633136,1,1,T1486
asset_18625,0.9042692805633136,1,0,T1486
asset_18626,0.0033104508115307,0,0,T1486
asset_18627,0.0033104508115333,0,0,T1486
asset_18628,0.9042692805633136,1,1,T1486
asset_18629,0.9042692805633136,1,0,T1486
asset_18630,0.9042692805633136,1,0,T1486
asset_18631,0.9042692805633136,1,0,T1486
asset_18632,0.0033104508115333,0,0,T1486
asset_18633,0.0033104508115333,0,1,T1486
asset_18634,0.9042692805633136,1,1,T1486
asset_18635,0.9042692805633136,1,0,T1486
asset_18636,0.0033104508115333,0,0,T1486
asset_18637,0.9042692805633136,1,1,T1486
asset_18638,0.9042692805633136,1,0,T1486
asset_18639,0.9042692805633136,1,0,T1486
asset_18640,0.003310450811489,0,0,T1486
asset_18641,0.0033104508115333,0,1,T1486
asset_18642,0.0033104508115333,0,1,T1486
asset_18643,0.0033104508115333,0,1,T1486
asset_18644,0.9042692805633136,1,0,T1486
asset_18645,0.9042692805633136,1,0,T1486
asset_18646,0.9042692805633136,1,0,T1486
asset_18647,0.9042692805633136,1,1,T1486
asset_18648,0.9042692805633136,1,1,T1486
asset_18649,0.0033104508115342,0,0,T1486
asset_18650,0.9042692805633136,1,1,T1486
asset_18651,0.0033104508115333,0,0,T1486
asset_18652,0.9042692805633136,1,0,T1486
asset_18653,0.0033104508115333,0,1,T1486
asset_18654,0.0033104508115333,0,1,T1486
asset_18655,0.9042692805633136,1,0,T1486
asset_18656,0.9042692805633136,1,1,T1486
asset_18657,0.9042692805633136,1,0,T1486
asset_18658,0.0033104508115309,0,1,T1486
asset_18659,0.0033104469826889,0,0,T1486
asset_18660,0.9042692805633136,1,0,T1486
asset_18661,0.0033104508115333,0,1,T1486
asset_18662,0.9042692805633136,1,0,T1486
asset_18663,0.0033104508115293,0,0,T1486
asset_18664,0.9042692805633136,1,1,T1486
asset_18665,0.9042692805633136,1,1,T1486
asset_18666,0.9042692805633136,1,1,T1486
asset_18667,0.0033104508115333,0,1,T1486
asset_18668,0.0033104508115333,0,1,T1486
asset_18669,0.0033104508114935,0,0,T1486
asset_18670,0.0033454389830932,0,0,T1486
asset_18671,0.9042692805633136,1,0,T1486
asset_18672,0.9042692805633136,1,1,T1486
asset_18673,0.0033104508115333,0,1,T1486
asset_18674,0.0033104508115333,0,1,T1486
asset_18675,0.9042692805633136,1,0,T1486
asset_18676,0.9042692805633136,1,1,T1486
asset_18677,0.9042692805633136,1,1,T1486
asset_18678,0.0033104508115333,0,0,T1486
asset_18679,0.9042692805633136,1,1,T1486
asset_18680,0.9042692805633136,1,0,T1486
asset_18681,0.9042692805633136,1,0,T1486
asset_18682,0.0033104508115333,0,1,T1486
asset_18683,0.0033104508115333,0,1,T1486
asset_18684,0.9042692805633136,1,0,T1486
asset_18685,0.9042692805633136,1,1,T1486
asset_18686,0.9042692805633136,1,0,T1486
asset_18687,0.0033104508115293,0,0,T1486
asset_18688,0.0033104508114897,0,1,T1486
asset_18689,0.9042692805633136,1,0,T1486
asset_18690,0.0033104457881829,0,0,T1486
asset_18691,0.0033104508115309,0,1,T1486
asset_18692,0.9042692805633136,1,1,T1486
asset_18693,0.9042692805633136,1,0,T1486
asset_18694,0.9042692805633136,1,1,T1486
asset_18695,0.9042692805633136,1,1,T1486
asset_18696,0.9042692805633136,1,1,T1486
asset_18697,0.0033104508115333,0,0,T1486
asset_18698,0.9042692805633136,1,0,T1486
asset_18699,0.0033104508115333,0,0,T1486
asset_18700,0.0033104508115333,0,1,T1486
asset_18701,0.0033104508115333,0,0,T1486
asset_18702,0.9042692805633136,1,0,T1486
asset_18703,0.9042692805633136,1,0,T1486
asset_18704,0.0033104508115333,0,1,T1486
asset_18705,0.9042692805633136,1,1,T1486
asset_18706,0.9042692805633136,1,0,T1486
asset_18707,0.0033104508115333,0,1,T1486
asset_18708,0.0033104508115333,0,0,T1486
asset_18709,0.9042692805633136,1,0,T1486
asset_18710,0.9042692805633136,1,0,T1486
asset_18711,0.003310450811489,0,0,T1486
asset_18712,0.0033104508115333,0,1,T1486
asset_18713,0.0033104508115333,0,0,T1486
asset_18714,0.003310450811489,0,1,T1486
asset_18715,0.9042692805633136,1,1,T1486
asset_18716,0.0033104508115293,0,1,T1486
asset_18717,0.0033104508115294,0,1,T1486
asset_18718,0.9042692805633136,1,1,T1486
asset_18719,0.9042692805633136,1,0,T1486
asset_18720,0.0033104508115293,0,1,T1486
asset_18721,0.9042692805633136,1,0,T1486
asset_18722,0.9042692805633136,1,0,T1486
asset_18723,0.0033104508115333,0,1,T1486
asset_18724,0.0033104508115333,0,0,T1486
asset_18725,0.9042692805633136,1,0,T1486
asset_18726,0.0033104508115309,0,0,T1486
asset_18727,0.0033104508115333,0,0,T1486
asset_18728,0.9042692805633136,1,1,T1486
asset_18729,0.9042692805633136,1,1,T1486
asset_18730,0.0033104508114959,0,0,T1486
asset_18731,0.9042692805633136,1,0,T1486
asset_18732,0.9042692805633136,1,0,T1486
asset_18733,0.9042692805633136,1,0,T1486
asset_18734,0.0033104508115333,0,0,T1486
asset_18735,0.9042692805633136,1,1,T1486
asset_18736,0.9042692805633136,1,1,T1486
asset_18737,0.9042692805633136,1,0,T1486
asset_18738,0.0033104500031795,0,0,T1486
asset_18739,0.0033104508115205,0,1,T1486
asset_18740,0.9042692805633136,1,1,T1486
asset_18741,0.0033104508115333,0,1,T1486
asset_18742,0.9042692805633136,1,0,T1486
asset_18743,0.9042692805633136,1,0,T1486
asset_18744,0.003310450811466,0,1,T1486
asset_18745,0.0033104508115294,0,1,T1486
asset_18746,0.0033104508115333,0,0,T1486
asset_18747,0.0033104508115333,0,0,T1486
asset_18748,0.0033104508115333,0,0,T1486
asset_18749,0.9042692805633136,1,1,T1486
asset_18750,0.0033104508114933,0,1,T1486
asset_18751,0.0033104508115309,0,0,T1486
asset_18752,0.0033104508115333,0,0,T1486
asset_18753,0.9042692805633136,1,1,T1486
asset_18754,0.0033104508115201,0,0,T1486
asset_18755,0.003345430014826,0,1,T1486
asset_18756,0.0033104482481914,0,0,T1486
asset_18757,0.9042692805633136,1,1,T1486
asset_18758,0.0033104508115868,0,0,T1486
asset_18759,0.0033104508115333,0,1,T1486
asset_18760,0.0033104508115333,0,0,T1486
asset_18761,0.0033104508115293,0,1,T1486
asset_18762,0.9042692805633136,1,0,T1486
asset_18763,0.0033104508115333,0,0,T1486
asset_18764,0.9042692805633136,1,1,T1486
asset_18765,0.0033104508115225,0,0,T1486
asset_18766,0.0033104508115293,0,0,T1486
asset_18767,0.9042692805633136,1,0,T1486
asset_18768,0.9042692805633136,1,1,T1486
asset_18769,0.9042692805633136,1,1,T1486
asset_18770,0.0033104508115333,0,0,T1486
asset_18771,0.0033104508115333,0,1,T1486
asset_18772,0.9042692805633136,1,0,T1486
asset_18773,0.9042692805633136,1,0,T1486
asset_18774,0.0033104508115333,0,1,T1486
asset_18775,0.9042692805633136,1,1,T1486
asset_18776,0.9042692805633136,1,0,T1486
asset_18777,0.0033104508114786,0,0,T1486
asset_18778,0.0033104508115333,0,1,T1486
asset_18779,0.0033104508115333,0,0,T1486
asset_18780,0.0033104508115333,0,1,T1486
asset_18781,0.9042692805633136,1,1,T1486
asset_18782,0.9042692805633136,1,1,T1486
asset_18783,0.9042692805633136,1,1,T1486
asset_18784,0.9042692805633136,1,1,T1486
asset_18785,0.9042692805633136,1,1,T1486
asset_18786,0.0033104508115868,0,1,T1486
asset_18787,0.9042692805633136,1,1,T1486
asset_18788,0.9042692805633136,1,0,T1486
asset_18789,0.9042692805633136,1,0,T1486
asset_18790,0.0033104508115333,0,0,T1486
asset_18791,0.0033104508114785,0,1,T1486
asset_18792,0.9042692805633136,1,1,T1486
asset_18793,0.9042692805633136,1,0,T1486
asset_18794,0.9042692805633136,1,0,T1486
asset_18795,0.0033104490005228,0,1,T1486
asset_18796,0.9042692805633136,1,1,T1486
asset_18797,0.0033104508115333,0,0,T1486
asset_18798,0.0033104508115316,0,0,T1486
asset_18799,0.0033104508115309,0,1,T1486
asset_18800,0.9042692805633136,1,1,T1486
asset_18801,0.0033104508115333,0,0,T1486
asset_18802,0.9042692805633136,1,0,T1486
asset_18803,0.0033104508115333,0,1,T1486
asset_18804,0.0033104508115333,0,0,T1486
asset_18805,0.9042692805633136,1,1,T1486
asset_18806,0.0033104508115294,0,1,T1486
asset_18807,0.0033104508115205,0,1,T1486
asset_18808,0.0033104508115225,0,1,T1486
asset_18809,0.9042692805633136,1,1,T1486
asset_18810,0.9042692805633136,1,1,T1486
asset_18811,0.9042692805633136,1,1,T1486
asset_18812,0.9042692805633136,1,0,T1486
asset_18813,0.0033104508115333,0,0,T1486
asset_18814,0.9042692805633136,1,0,T1486
asset_18815,0.0033104508115869,0,1,T1486
asset_18816,0.9042692805633136,1,0,T1486
asset_18817,0.0033104508115333,0,1,T1486
asset_18818,0.0033104508115868,0,0,T1486
asset_18819,0.0033104508115333,0,0,T1486
asset_18820,0.9042692805633136,1,1,T1486
asset_18821,0.9042692805633136,1,1,T1486
asset_18822,0.9042692805633136,1,0,T1486
asset_18823,0.0033104508115333,0,1,T1486
asset_18824,0.9042692805633136,1,0,T1486
asset_18825,0.0033104508115205,0,0,T1486
asset_18826,0.9042692805633136,1,1,T1486
asset_18827,0.9042692805633136,1,1,T1486
asset_18828,0.9042692805633136,1,0,T1486
asset_18829,0.9042692805633136,1,0,T1486
asset_18830,0.9042692805633136,1,1,T1486
asset_18831,0.0033104508115333,0,1,T1486
asset_18832,0.0033104508115333,0,0,T1486
asset_18833,0.0033104508115333,0,0,T1486
asset_18834,0.9042692805633136,1,1,T1486
asset_18835,0.9042692805633136,1,1,T1486
asset_18836,0.9042692805633136,1,0,T1486
asset_18837,0.9042692805633136,1,0,T1486
asset_18838,0.0033104508115309,0,1,T1486
asset_18839,0.9042692805633136,1,0,T1486
asset_18840,0.9042692805633136,1,1,T1486
asset_18841,0.0033104508114785,0,0,T1486
asset_18842,0.0033104508115333,0,1,T1486
asset_18843,0.9042692805633136,1,1,T1486
asset_18844,0.9042692805633136,1,1,T1486
asset_18845,0.0033104508115333,0,1,T1486
asset_18846,0.9042692805633136,1,0,T1486
asset_18847,0.0033104508115784,0,1,T1486
asset_18848,0.00331045081212,0,0,T1486
asset_18849,0.9042692805633136,1,0,T1486
asset_18850,0.0033104508115333,0,1,T1486
asset_18851,0.9042692805633136,1,1,T1486
asset_18852,0.0033104508115333,0,1,T1486
asset_18853,0.9042692805633136,1,0,T1486
asset_18854,0.9042692805633136,1,1,T1486
asset_18855,0.0033104508115205,0,0,T1486
asset_18856,0.0033104508115333,0,0,T1486
asset_18857,0.0033104508115333,0,0,T1486
asset_18858,0.9042692805633136,1,1,T1486
asset_18859,0.0033104508115309,0,1,T1486
asset_18860,0.0033104508115333,0,1,T1486
asset_18861,0.9042692805633136,1,1,T1486
asset_18862,0.9042692805633136,1,0,T1486
asset_18863,0.0033104508115309,0,0,T1486
asset_18864,0.0034876895567274,0,1,T1486
asset_18865,0.9042692805633136,1,0,T1486
asset_18866,0.0033104508114552,0,0,T1486
asset_18867,0.9042692805633136,1,0,T1486
asset_18868,0.9042692805633136,1,1,T1486
asset_18869,0.0033104508115333,0,1,T1486
asset_18870,0.9042692805633136,1,0,T1486
asset_18871,0.0033104508115316,0,0,T1486
asset_18872,0.0033104508115333,0,0,T1486
asset_18873,0.9042692805633136,1,1,T1486
asset_18874,0.0033104469826889,0,0,T1486
asset_18875,0.0033104508115333,0,0,T1486
asset_18876,0.9042692805633136,1,0,T1486
asset_18877,0.9042692805633136,1,1,T1486
asset_18878,0.0033104508115205,0,0,T1486
asset_18879,0.9042692805633136,1,0,T1486
asset_18880,0.9042692805633136,1,0,T1486
asset_18881,0.003310450811489,0,1,T1486
asset_18882,0.9042692805633136,1,0,T1486
asset_18883,0.0033104508115333,0,1,T1486
asset_18884,0.0033804668626575,0,1,T1486
asset_18885,0.9042692805633136,1,1,T1486
asset_18886,0.0033104508115333,0,1,T1486
asset_18887,0.9042692805633136,1,1,T1486
asset_18888,0.9042692805633136,1,1,T1486
asset_18889,0.0033104508115333,0,1,T1486
asset_18890,0.9042692805633136,1,0,T1486
asset_18891,0.0033104508115333,0,1,T1486
asset_18892,0.0033104508115318,0,1,T1486
asset_18893,0.9042692805633136,1,1,T1486
asset_18894,0.0033104508115205,0,1,T1486
asset_18895,0.9042692805633136,1,0,T1486
asset_18896,0.9042692805633136,1,1,T1486
asset_18897,0.0033104508115333,0,0,T1486
asset_18898,0.0033104508115333,0,0,T1486
asset_18899,0.0033104508115333,0,1,T1486
asset_18900,0.9042692805633136,1,1,T1486
asset_18901,0.0033104508115333,0,1,T1486
asset_18902,0.9042692805633136,1,0,T1486
asset_18903,0.0033104508115333,0,1,T1486
asset_18904,0.0033104508114889,0,0,T1486
asset_18905,0.9042692805633136,1,0,T1486
asset_18906,0.9042692805633136,1,0,T1486
asset_18907,0.9042692805633136,1,0,T1486
asset_18908,0.0033104508115333,0,1,T1486
asset_18909,0.9042692805633136,1,1,T1486
asset_18910,0.9042692805633136,1,0,T1486
asset_18911,0.0033104508115333,0,0,T1486
asset_18912,0.0033104508115333,0,0,T1486
asset_18913,0.0033104508115333,0,1,T1486
asset_18914,0.0033104508115333,0,1,T1486
asset_18915,0.9042692805633136,1,0,T1486
asset_18916,0.9042692805633136,1,1,T1486
asset_18917,0.9042692805633136,1,0,T1486
asset_18918,0.0033104508115333,0,0,T1486
asset_18919,0.9042692805633136,1,0,T1486
asset_18920,0.9042692805633136,1,0,T1486
asset_18921,0.9042692805633136,1,1,T1486
asset_18922,0.0033104508115333,0,0,T1486
asset_18923,0.9042692805633136,1,1,T1486
asset_18924,0.0033104508114889,0,0,T1486
asset_18925,0.9042692805633136,1,0,T1486
asset_18926,0.9042692805633136,1,0,T1486
asset_18927,0.0033104508114618,0,1,T1486
asset_18928,0.0033104508114785,0,0,T1486
asset_18929,0.0033104508115333,0,0,T1486
asset_18930,0.0033104508115333,0,1,T1486
asset_18931,0.0033104508115333,0,0,T1486
asset_18932,0.9042692805633136,1,0,T1486
asset_18933,0.9042692805633136,1,0,T1486
asset_18934,0.0033454389820513,0,0,T1486
asset_18935,0.0033104508115333,0,1,T1486
asset_18936,0.0033104508115309,0,1,T1486
asset_18937,0.9042692805633136,1,0,T1486
asset_18938,0.0033104508115333,0,1,T1486
asset_18939,0.9042692805633136,1,1,T1486
asset_18940,0.9042692805633136,1,0,T1486
asset_18941,0.0033104508115333,0,1,T1486
asset_18942,0.0033104508115309,0,1,T1486
asset_18943,0.9042692805633136,1,1,T1486
asset_18944,0.0033104508115201,0,1,T1486
asset_18945,0.0033104508115333,0,1,T1486
asset_18946,0.9042692805633136,1,1,T1486
asset_18947,0.0033104508115146,0,1,T1486
asset_18948,0.9042692805633136,1,0,T1486
asset_18949,0.9042692805633136,1,1,T1486
asset_18950,0.0033104508115333,0,0,T1486
asset_18951,0.9042692805633136,1,0,T1486
asset_18952,0.0033104508115205,0,1,T1486
asset_18953,0.0033104508115333,0,0,T1486
asset_18954,0.0033104508115333,0,0,T1486
asset_18955,0.0033104508115333,0,1,T1486
asset_18956,0.9042692805633136,1,1,T1486
asset_18957,0.0033104508115309,0,0,T1486
asset_18958,0.9042692805633136,1,0,T1486
asset_18959,0.0033104508115333,0,1,T1486
asset_18960,0.9042692805633136,1,0,T1486
asset_18961,0.9042692805633136,1,1,T1486
asset_18962,0.0033104508115333,0,0,T1486
asset_18963,0.003310450811489,0,1,T1486
asset_18964,0.9042692805633136,1,1,T1486
asset_18965,0.9042692805633136,1,1,T1486
asset_18966,0.9042692805633136,1,0,T1486
asset_18967,0.0033104508115868,0,0,T1486
asset_18968,0.9042692805633136,1,0,T1486
asset_18969,0.0033104508115061,0,1,T1486
asset_18970,0.0033104508115333,0,1,T1486
asset_18971,0.9042692805633136,1,1,T1486
asset_18972,0.9042692805633136,1,0,T1486
asset_18973,0.0033104508115868,0,1,T1486
asset_18974,0.9042692805633136,1,0,T1486
asset_18975,0.9042692805633136,1,0,T1486
asset_18976,0.0033104508115176,0,1,T1486
asset_18977,0.9042692805633136,1,0,T1486
asset_18978,0.9042692805633136,1,1,T1486
asset_18979,0.0033104508115333,0,0,T1486
asset_18980,0.0033104508115333,0,0,T1486
asset_18981,0.0033104508115333,0,0,T1486
asset_18982,0.0033104508115309,0,0,T1486
asset_18983,0.0033104508115333,0,1,T1486
asset_18984,0.9042692805633136,1,1,T1486
asset_18985,0.9042692805633136,1,0,T1486
asset_18986,0.9042692805633136,1,0,T1486
asset_18987,0.9042692805633136,1,0,T1486
asset_18988,0.9042692805633136,1,1,T1486
asset_18989,0.9042692805633136,1,0,T1486
asset_18990,0.9042692805633136,1,1,T1486
asset_18991,0.9042692805633136,1,1,T1486
asset_18992,0.0033104508115333,0,1,T1486
asset_18993,0.9042692805633136,1,1,T1486
asset_18994,0.9042692805633136,1,1,T1486
asset_18995,0.0033104508115333,0,0,T1486
asset_18996,0.0033104508114552,0,1,T1486
asset_18997,0.9042692805633136,1,1,T1486
asset_18998,0.0033104508115294,0,1,T1486
asset_18999,0.9042692805633136,1,1,T1486
asset_19000,0.0033104508115186,0,1,T1486
asset_19001,0.0033104508115205,0,1,T1486
asset_19002,0.9042692805633136,1,0,T1486
asset_19003,0.0033104508115333,0,1,T1486
asset_19004,0.9042692805633136,1,0,T1486
asset_19005,0.9042692805633136,1,0,T1486
asset_19006,0.9042692805633136,1,0,T1486
asset_19007,0.0033104508115868,0,0,T1486
asset_19008,0.9042692805633136,1,0,T1486
asset_19009,0.0033104508115333,0,0,T1486
asset_19010,0.9042692805633136,1,0,T1486
asset_19011,0.9042692805633136,1,0,T1486
asset_19012,0.0033104508115333,0,1,T1486
asset_19013,0.9042692805633136,1,1,T1486
asset_19014,0.003310450811489,0,0,T1486
asset_19015,0.9042692805633136,1,1,T1486
asset_19016,0.003310450811583,0,0,T1486
asset_19017,0.9042692805633136,1,0,T1486
asset_19018,0.0033104508115333,0,1,T1486
asset_19019,0.0033104508115333,0,1,T1486
asset_19020,0.0033104508114935,0,0,T1486
asset_19021,0.0033104508115333,0,1,T1486
asset_19022,0.0033104508115333,0,1,T1486
asset_19023,0.0033104508115309,0,0,T1486
asset_19024,0.9042692805633136,1,0,T1486
asset_19025,0.9042692805633136,1,1,T1486
asset_19026,0.9042692805633136,1,0,T1486
asset_19027,0.9042692805633136,1,1,T1486
asset_19028,0.0033104508115333,0,0,T1486
asset_19029,0.003345437918551,0,0,T1486
asset_19030,0.9042692805633136,1,0,T1486
asset_19031,0.0033104508115061,0,0,T1486
asset_19032,0.0033104508115333,0,0,T1486
asset_19033,0.003310450811489,0,0,T1486
asset_19034,0.9042692805633136,1,1,T1486
asset_19035,0.9042692805633136,1,1,T1486
asset_19036,0.0033104508115333,0,0,T1486
asset_19037,0.0033104508115333,0,0,T1486
asset_19038,0.0033104508114618,0,1,T1486
asset_19039,0.9042692805633136,1,0,T1486
asset_19040,0.0033104508115309,0,1,T1486
asset_19041,0.0033104508115333,0,1,T1486
asset_19042,0.9042692805633136,1,1,T1486
asset_19043,0.0033104508116689,0,0,T1486
asset_19044,0.9042692805633136,1,0,T1486
asset_19045,0.0033104508114787,0,0,T1486
asset_19046,0.0033104508115333,0,0,T1486
asset_19047,0.9042692805633136,1,1,T1486
asset_19048,0.003345437170895,0,0,T1486
asset_19049,0.0033104508115049,0,0,T1486
asset_19050,0.0033104508115333,0,1,T1486
asset_19051,0.9042692805633136,1,1,T1486
asset_19052,0.9042692805633136,1,1,T1486
asset_19053,0.9042692805633136,1,1,T1486
asset_19054,0.0033104508115333,0,0,T1486
asset_19055,0.9042692805633136,1,1,T1486
asset_19056,0.0033104508115333,0,0,T1486
asset_19057,0.9042692805633136,1,1,T1486
asset_19058,0.9042692805633136,1,0,T1486
asset_19059,0.0033104508115333,0,0,T1486
asset_19060,0.0033104508115333,0,0,T1486
asset_19061,0.0033104508115333,0,0,T1486
asset_19062,0.0033104508115309,0,0,T1486
asset_19063,0.9042692805633136,1,0,T1486
asset_19064,0.9042692805633136,1,0,T1486
asset_19065,0.9042692805633136,1,0,T1486
asset_19066,0.9042692805633136,1,0,T1486
asset_19067,0.9042692805633136,1,1,T1486
asset_19068,0.9042692805633136,1,1,T1486
asset_19069,0.0033104508115869,0,1,T1486
asset_19070,0.9042692805633136,1,1,T1486
asset_19071,0.0033104508115333,0,0,T1486
asset_19072,0.9042692805633136,1,1,T1486
asset_19073,0.9042692805633136,1,1,T1486
asset_19074,0.9042692805633136,1,0,T1486
asset_19075,0.0033104508115333,0,0,T1486
asset_19076,0.9042692805633136,1,1,T1486
asset_19077,0.0033104508115309,0,1,T1486
asset_19078,0.0033104508115333,0,0,T1486
asset_19079,0.0033104508115333,0,0,T1486
asset_19080,0.9042692805633136,1,0,T1486
asset_19081,0.0033104508115333,0,1,T1486
asset_19082,0.9042692805633136,1,0,T1486
asset_19083,0.9042692805633136,1,0,T1486
asset_19084,0.0033104508115333,0,0,T1486
asset_19085,0.0033104508115225,0,0,T1486
asset_19086,0.0033104508115333,0,1,T1486
asset_19087,0.0033104508115333,0,0,T1486
asset_19088,0.0033104508115333,0,0,T1486
asset_19089,0.9042692805633136,1,0,T1486
asset_19090,0.9042692805633136,1,1,T1486
asset_19091,0.0033104508115309,0,1,T1486
asset_19092,0.0033104508115271,0,1,T1486
asset_19093,0.9042692805633136,1,1,T1486
asset_19094,0.9042692805633136,1,0,T1486
asset_19095,0.9042692805633136,1,0,T1486
asset_19096,0.0033104508115333,0,0,T1486
asset_19097,0.9042692805633136,1,0,T1486
asset_19098,0.9042692805633136,1,1,T1486
asset_19099,0.0033104508115333,0,0,T1486
asset_19100,0.0033104490923378,0,0,T1486
asset_19101,0.9042692805633136,1,1,T1486
asset_19102,0.9042692805633136,1,1,T1486
asset_19103,0.0033104508115333,0,0,T1486
asset_19104,0.9042692805633136,1,1,T1486
asset_19105,0.9042692805633136,1,1,T1486
asset_19106,0.0033454904089115,0,1,T1486
asset_19107,0.0033104508115333,0,0,T1486
asset_19108,0.9042692805633136,1,1,T1486
asset_19109,0.9042692805633136,1,0,T1486
asset_19110,0.9042692805633136,1,0,T1486
asset_19111,0.9042692805633136,1,0,T1486
asset_19112,0.003310450811489,0,0,T1486
asset_19113,0.9042692805633136,1,0,T1486
asset_19114,0.9042692805633136,1,0,T1486
asset_19115,0.0033104508115333,0,0,T1486
asset_19116,0.9042692805633136,1,1,T1486
asset_19117,0.0033104508115333,0,1,T1486
asset_19118,0.9042692805633136,1,0,T1486
asset_19119,0.0033104508115868,0,0,T1486
asset_19120,0.0033104508115333,0,1,T1486
asset_19121,0.0033104508115333,0,0,T1486
asset_19122,0.0033104490933179,0,1,T1486
asset_19123,0.9042692805633136,1,0,T1486
asset_19124,0.0033804806999925,0,1,T1486
asset_19125,0.9042692805633136,1,0,T1486
asset_19126,0.0033104508115333,0,1,T1486
asset_19127,0.9042692805633136,1,1,T1486
asset_19128,0.0033104508114508,0,0,T1486
asset_19129,0.9042692805633136,1,1,T1486
asset_19130,0.9042692805633136,1,0,T1486
asset_19131,0.9042692805633136,1,1,T1486
asset_19132,0.003310450811489,0,1,T1486
asset_19133,0.9042692805633136,1,1,T1486
asset_19134,0.0033104508115294,0,1,T1486
asset_19135,0.0033454904089115,0,1,T1486
asset_19136,0.0033104508115868,0,1,T1486
asset_19137,0.0033104508115333,0,1,T1486
asset_19138,0.0033104508115146,0,1,T1486
asset_19139,0.003310450811583,0,1,T1486
asset_19140,0.0033454904089115,0,0,T1486
asset_19141,0.9042692805633136,1,1,T1486
asset_19142,0.0033104508115097,0,1,T1486
asset_19143,0.9042692805633136,1,0,T1486
asset_19144,0.9042692805633136,1,1,T1486
asset_19145,0.9042692805633136,1,0,T1486
asset_19146,0.0033104508115309,0,0,T1486
asset_19147,0.9042692805633136,1,1,T1486
asset_19148,0.9042692805633136,1,1,T1486
asset_19149,0.9042692805633136,1,1,T1486
asset_19150,0.9042692805633136,1,0,T1486
asset_19151,0.9042692805633136,1,0,T1486
asset_19152,0.0033104508114623,0,1,T1486
asset_19153,0.9042692805633136,1,0,T1486
asset_19154,0.9042692805633136,1,0,T1486
asset_19155,0.9042692805633136,1,1,T1486
asset_19156,0.9042692805633136,1,1,T1486
asset_19157,0.0033104508115333,0,0,T1486
asset_19158,0.0033104508115333,0,0,T1486
asset_19159,0.9042692805633136,1,0,T1486
asset_19160,0.9042692805633136,1,0,T1486
asset_19161,0.9042692805633136,1,1,T1486
asset_19162,0.0033104508115225,0,1,T1486
asset_19163,0.0033104508115271,0,0,T1486
asset_19164,0.0033104508115293,0,0,T1486
asset_19165,0.0033104508115333,0,1,T1486
asset_19166,0.0033104508115186,0,1,T1486
asset_19167,0.9042692805633136,1,0,T1486
asset_19168,0.0033104508115868,0,1,T1486
asset_19169,0.0033104508115333,0,1,T1486
asset_19170,0.9042692805633136,1,1,T1486
asset_19171,0.9042692805633136,1,0,T1486
asset_19172,0.9042692805633136,1,1,T1486
asset_19173,0.9042692805633136,1,0,T1486
asset_19174,0.0033104508115333,0,0,T1486
asset_19175,0.9042692805633136,1,1,T1486
asset_19176,0.0033104508115333,0,0,T1486
asset_19177,0.9042692805633136,1,1,T1486
asset_19178,0.0033104508115333,0,0,T1486
asset_19179,0.0033104508115333,0,1,T1486
asset_19180,0.9042692805633136,1,0,T1486
asset_19181,0.0033104508115333,0,0,T1486
asset_19182,0.0033104508115271,0,1,T1486
asset_19183,0.9042692805633136,1,0,T1486
asset_19184,0.0033104508115333,0,1,T1486
asset_19185,0.0033104508115205,0,1,T1486
asset_19186,0.9042692805633136,1,0,T1486
asset_19187,0.9042692805633136,1,1,T1486
asset_19188,0.0033104508115333,0,0,T1486
asset_19189,0.0033104508115333,0,0,T1486
asset_19190,0.0033104508115333,0,0,T1486
asset_19191,0.9042692805633136,1,0,T1486
asset_19192,0.0033104508115205,0,0,T1486
asset_19193,0.9042692805633136,1,0,T1486
asset_19194,0.9042692805633136,1,1,T1486
asset_19195,0.9042692805633136,1,0,T1486
asset_19196,0.9042692805633136,1,0,T1486
asset_19197,0.9042692805633136,1,1,T1486
asset_19198,0.0033104508115097,0,0,T1486
asset_19199,0.9042692805633136,1,0,T1486
asset_19200,0.0033104508116689,0,1,T1486
asset_19201,0.0033104508115333,0,0,T1486
asset_19202,0.9042692805633136,1,0,T1486
asset_19203,0.0033104508115333,0,0,T1486
asset_19204,0.0033104508115784,0,0,T1486
asset_19205,0.0033104508114933,0,1,T1486
asset_19206,0.0033104508115225,0,0,T1486
asset_19207,0.0033104508115868,0,0,T1486
asset_19208,0.0033104508114889,0,1,T1486
asset_19209,0.0033104508115225,0,0,T1486
asset_19210,0.0033104508115333,0,1,T1486
asset_19211,0.0033104508115333,0,0,T1486
asset_19212,0.0033104508114785,0,1,T1486
asset_19213,0.9042692805633136,1,0,T1486
asset_19214,0.0033104508115294,0,1,T1486
asset_19215,0.0033104508115309,0,0,T1486
asset_19216,0.9042692805633136,1,1,T1486
asset_19217,0.9042692805633136,1,0,T1486
asset_19218,0.0033104508115333,0,0,T1486
asset_19219,0.9042692805633136,1,0,T1486
asset_19220,0.0033104508115333,0,0,T1486
asset_19221,0.0033104508115333,0,0,T1486
asset_19222,0.9042692805633136,1,0,T1486
asset_19223,0.9042692805633136,1,1,T1486
asset_19224,0.0033104508115333,0,0,T1486
asset_19225,0.0033104508115333,0,1,T1486
asset_19226,0.0033104508115309,0,0,T1486
asset_19227,0.9042692805633136,1,0,T1486
asset_19228,0.0033104508115309,0,1,T1486
asset_19229,0.0033804806999925,0,1,T1486
asset_19230,0.0033104508115333,0,1,T1486
asset_19231,0.9042692805633136,1,0,T1486
asset_19232,0.9042692805633136,1,0,T1486
asset_19233,0.0033104508115294,0,1,T1486
asset_19234,0.9042692805633136,1,1,T1486
asset_19235,0.9042692805633136,1,0,T1486
asset_19236,0.9042692805633136,1,0,T1486
asset_19237,0.0033104499683465,0,0,T1486
asset_19238,0.9042692805633136,1,0,T1486
asset_19239,0.9042692805633136,1,1,T1486
asset_19240,0.0033104508115205,0,1,T1486
asset_19241,0.0033104508115284,0,0,T1486
asset_19242,0.9042692805633136,1,0,T1486
asset_19243,0.9042692805633136,1,0,T1486
asset_19244,0.9042692805633136,1,1,T1486
asset_19245,0.0033104508115333,0,0,T1486
asset_19246,0.0033104508115333,0,0,T1486
asset_19247,0.0033104508115225,0,0,T1486
asset_19248,0.0033104508115309,0,1,T1486
asset_19249,0.0033104508115333,0,1,T1486
asset_19250,0.0033104508115287,0,1,T1486
asset_19251,0.9042692805633136,1,1,T1486
asset_19252,0.9042692805633136,1,1,T1486
asset_19253,0.9042692805633136,1,1,T1486
asset_19254,0.9042692805633136,1,0,T1486
asset_19255,0.9042692805633136,1,0,T1486
asset_19256,0.9042692805633136,1,0,T1486
asset_19257,0.9042692805633136,1,0,T1486
asset_19258,0.9042692805633136,1,1,T1486
asset_19259,0.9042692805633136,1,1,T1486
asset_19260,0.9042692805633136,1,0,T1486
asset_19261,0.9042692805633136,1,0,T1486
asset_19262,0.9042692805633136,1,0,T1486
asset_19263,0.0033104508115205,0,1,T1486
asset_19264,0.9042692805633136,1,1,T1486
asset_19265,0.0033104508115225,0,1,T1486
asset_19266,0.0033104508115333,0,0,T1486
asset_19267,0.0033104508115294,0,0,T1486
asset_19268,0.0033104508115225,0,0,T1486
asset_19269,0.9042692805633136,1,0,T1486
asset_19270,0.0033104508115333,0,0,T1486
asset_19271,0.9042692805633136,1,1,T1486
asset_19272,0.0033104508115333,0,1,T1486
asset_19273,0.9042692805633136,1,0,T1486
asset_19274,0.9042692805633136,1,0,T1486
asset_19275,0.0033104508115309,0,0,T1486
asset_19276,0.0033104508115333,0,0,T1486
asset_19277,0.0033104508115784,0,0,T1486
asset_19278,0.9042692805633136,1,0,T1486
asset_19279,0.9042692805633136,1,0,T1486
asset_19280,0.9042692805633136,1,0,T1486
asset_19281,0.0033104508115333,0,0,T1486
asset_19282,0.0033104508115333,0,1,T1486
asset_19283,0.9042692805633136,1,0,T1486
asset_19284,0.9042692805633136,1,0,T1486
asset_19285,0.9042692805633136,1,1,T1486
asset_19286,0.9042692805633136,1,1,T1486
asset_19287,0.0033104508115333,0,1,T1486
asset_19288,0.0033104508115201,0,0,T1486
asset_19289,0.9042692805633136,1,1,T1486
asset_19290,0.9042692805633136,1,0,T1486
asset_19291,0.9042692805633136,1,1,T1486
asset_19292,0.9042692805633136,1,0,T1486
asset_19293,0.9042692805633136,1,0,T1486
asset_19294,0.0033804806999925,0,0,T1486
asset_19295,0.0033104508115333,0,0,T1486
asset_19296,0.0033104508115309,0,0,T1486
asset_19297,0.0033104508115869,0,0,T1486
asset_19298,0.0033104508115333,0,0,T1486
asset_19299,0.9042692805633136,1,1,T1486
asset_19300,0.9042692805633136,1,0,T1486
asset_19301,0.9042692805633136,1,0,T1486
asset_19302,0.0033104508115333,0,1,T1486
asset_19303,0.0033104508115333,0,1,T1486
asset_19304,0.9042692805633136,1,0,T1486
asset_19305,0.9042692805633136,1,1,T1486
asset_19306,0.9042692805633136,1,1,T1486
asset_19307,0.9042692805633136,1,0,T1486
asset_19308,0.9042692805633136,1,0,T1486
asset_19309,0.9042692805633136,1,1,T1486
asset_19310,0.0033104508115309,0,0,T1486
asset_19311,0.0033104508115333,0,0,T1486
asset_19312,0.9042692805633136,1,0,T1486
asset_19313,0.9042692805633136,1,1,T1486
asset_19314,0.0033104508116689,0,1,T1486
asset_19315,0.003310450811489,0,0,T1486
asset_19316,0.0033104508115225,0,0,T1486
asset_19317,0.9042692805633136,1,1,T1486
asset_19318,0.0033104508115333,0,1,T1486
asset_19319,0.9042692805633136,1,0,T1486
asset_19320,0.9042692805633136,1,1,T1486
asset_19321,0.9042692805633136,1,1,T1486
asset_19322,0.9042692805633136,1,1,T1486
asset_19323,0.0033104508115333,0,0,T1486
asset_19324,0.9042692805633136,1,1,T1486
asset_19325,0.9042692805633136,1,1,T1486
asset_19326,0.9042692805633136,1,1,T1486
asset_19327,0.9042692805633136,1,1,T1486
asset_19328,0.0033104508115333,0,0,T1486
asset_19329,0.0033104508115333,0,1,T1486
asset_19330,0.0033104508114618,0,1,T1486
asset_19331,0.0033104508115333,0,0,T1486
asset_19332,0.9042692805633136,1,0,T1486
asset_19333,0.9042692805633136,1,1,T1486
asset_19334,0.0033104508115307,0,1,T1486
asset_19335,0.9042692805633136,1,1,T1486
asset_19336,0.0033104508115333,0,1,T1486
asset_19337,0.9042692805633136,1,0,T1486
asset_19338,0.0033104508115205,0,0,T1486
asset_19339,0.0033104508115186,0,0,T1486
asset_19340,0.9042692805633136,1,1,T1486
asset_19341,0.0033104508115333,0,0,T1486
asset_19342,0.9042692805633136,1,0,T1486
asset_19343,0.0033104508115868,0,1,T1486
asset_19344,0.9042692805633136,1,0,T1486
asset_19345,0.9042692805633136,1,1,T1486
asset_19346,0.9042692805633136,1,1,T1486
asset_19347,0.9042692805633136,1,0,T1486
asset_19348,0.0033104508115333,0,1,T1486
asset_19349,0.0033104508115333,0,0,T1486
asset_19350,0.0033104508115333,0,0,T1486
asset_19351,0.0033104497484606,0,1,T1486
asset_19352,0.9042692805633136,1,0,T1486
asset_19353,0.0033104508115333,0,0,T1486
asset_19354,0.9042692805633136,1,0,T1486
asset_19355,0.9042692805633136,1,1,T1486
asset_19356,0.0033104508115205,0,1,T1486
asset_19357,0.0033104508115333,0,0,T1486
asset_19358,0.0033104508115333,0,1,T1486
asset_19359,0.0033104508115333,0,1,T1486
asset_19360,0.0033104508115205,0,1,T1486
asset_19361,0.9042692805633136,1,0,T1486
asset_19362,0.9042692805633136,1,1,T1486
asset_19363,0.0033104508115333,0,0,T1486
asset_19364,0.0033104508115333,0,0,T1486
asset_19365,0.9042692805633136,1,0,T1486
asset_19366,0.0033104508115333,0,0,T1486
asset_19367,0.9042692805633136,1,0,T1486
asset_19368,0.9042692805633136,1,0,T1486
asset_19369,0.0033104508115223,0,1,T1486
asset_19370,0.9042692805633136,1,0,T1486
asset_19371,0.9042692805633136,1,1,T1486
asset_19372,0.0033104508115333,0,1,T1486
asset_19373,0.0033104508115333,0,1,T1486
asset_19374,0.0033104508115333,0,1,T1486
asset_19375,0.0033104508115333,0,0,T1486
asset_19376,0.9042692805633136,1,1,T1486
asset_19377,0.9042692805633136,1,0,T1486
asset_19378,0.0033104508115333,0,0,T1486
asset_19379,0.0033104508115097,0,0,T1486
asset_19380,0.9042692805633136,1,1,T1486
asset_19381,0.9042692805633136,1,0,T1486
asset_19382,0.9042692805633136,1,1,T1486
asset_19383,0.9042692805633136,1,1,T1486
asset_19384,0.9042692805633136,1,1,T1486
asset_19385,0.9042692805633136,1,0,T1486
asset_19386,0.9042692805633136,1,1,T1486
asset_19387,0.9042692805633136,1,1,T1486
asset_19388,0.9042692805633136,1,1,T1486
asset_19389,0.9042692805633136,1,0,T1486
asset_19390,0.9042692805633136,1,1,T1486
asset_19391,0.0033104508115333,0,1,T1486
asset_19392,0.9042692805633136,1,0,T1486
asset_19393,0.9042692805633136,1,0,T1486
asset_19394,0.0033104508115869,0,0,T1486
asset_19395,0.0033104508115309,0,0,T1486
asset_19396,0.9042692805633136,1,0,T1486
asset_19397,0.9042692805633136,1,0,T1486
asset_19398,0.0033104508115333,0,0,T1486
asset_19399,0.9042692805633136,1,0,T1486
asset_19400,0.9042692805633136,1,0,T1486
asset_19401,0.0033104508115205,0,1,T1486
asset_19402,0.9042692805633136,1,0,T1486
asset_19403,0.9042692805633136,1,0,T1486
asset_19404,0.0033104508115333,0,1,T1486
asset_19405,0.0033104508115333,0,1,T1486
asset_19406,0.9042692805633136,1,1,T1486
asset_19407,0.0033104508115333,0,0,T1486
asset_19408,0.0033104508115205,0,0,T1486
asset_19409,0.9042692805633136,1,1,T1486
asset_19410,0.9042692805633136,1,1,T1486
asset_19411,0.0033104508115333,0,1,T1486
asset_19412,0.0033104508115333,0,1,T1486
asset_19413,0.9042692805633136,1,1,T1486
asset_19414,0.9042692805633136,1,1,T1486
asset_19415,0.9042692805633136,1,0,T1486
asset_19416,0.9042692805633136,1,0,T1486
asset_19417,0.0033104508115333,0,0,T1486
asset_19418,0.9042692805633136,1,1,T1486
asset_19419,0.0033104508115333,0,1,T1486
asset_19420,0.0033104508115097,0,1,T1486
asset_19421,0.0033104508115318,0,0,T1486
asset_19422,0.9042692805633136,1,1,T1486
asset_19423,0.0033104508115097,0,1,T1486
asset_19424,0.0033104508115868,0,1,T1486
asset_19425,0.0033104508115333,0,0,T1486
asset_19426,0.0033104508115333,0,0,T1486
asset_19427,0.9042692805633136,1,0,T1486
asset_19428,0.9042692805633136,1,1,T1486
asset_19429,0.9042692805633136,1,1,T1486
asset_19430,0.9042692805633136,1,1,T1486
asset_19431,0.9042692805633136,1,0,T1486
asset_19432,0.9042692805633136,1,1,T1486
asset_19433,0.0033104508115333,0,0,T1486
asset_19434,0.0033104508115309,0,0,T1486
asset_19435,0.0033104508115333,0,1,T1486
asset_19436,0.0033104497484606,0,0,T1486
asset_19437,0.9042692805633136,1,1,T1486
asset_19438,0.0033104508115284,0,0,T1486
asset_19439,0.0033104508115333,0,1,T1486
asset_19440,0.0033104508115333,0,0,T1486
asset_19441,0.0033104508115333,0,0,T1486
asset_19442,0.0033104508116792,0,0,T1486
asset_19443,0.0033104508115205,0,0,T1486
asset_19444,0.0033104508115333,0,0,T1486
asset_19445,0.9042692805633136,1,0,T1486
asset_19446,0.9042692805633136,1,0,T1486
asset_19447,0.0033104508115333,0,1,T1486
asset_19448,0.003310450811521,0,1,T1486
asset_19449,0.9042692805633136,1,1,T1486
asset_19450,0.0033104508115309,0,1,T1486
asset_19451,0.0033104508115201,0,1,T1486
asset_19452,0.9042692805633136,1,1,T1486
asset_19453,0.0033104508115201,0,0,T1486
asset_19454,0.9042692805633136,1,1,T1486
asset_19455,0.9042692805633136,1,0,T1486
asset_19456,0.0033104508115018,0,0,T1486
asset_19457,0.9042692805633136,1,1,T1486
asset_19458,0.9042692805633136,1,0,T1486
asset_19459,0.0033104508115333,0,1,T1486
asset_19460,0.0033104508115058,0,0,T1486
asset_19461,0.9042692805633136,1,1,T1486
asset_19462,0.0033104508115333,0,1,T1486
asset_19463,0.0033104508115333,0,1,T1486
asset_19464,0.9042692805633136,1,1,T1486
asset_19465,0.9042692805633136,1,1,T1486
asset_19466,0.0033104508115333,0,0,T1486
asset_19467,0.0033104508115868,0,0,T1486
asset_19468,0.9042692805633136,1,1,T1486
asset_19469,0.9042692805633136,1,0,T1486
asset_19470,0.9042692805633136,1,0,T1486
asset_19471,0.9042692805633136,1,1,T1486
asset_19472,0.9042692805633136,1,1,T1486
asset_19473,0.9042692805633136,1,0,T1486
asset_19474,0.9042692805633136,1,1,T1486
asset_19475,0.0034876895567274,0,0,T1486
asset_19476,0.9042692805633136,1,0,T1486
asset_19477,0.0033104508115201,0,0,T1486
asset_19478,0.9042692805633136,1,0,T1486
asset_19479,0.9042692805633136,1,1,T1486
asset_19480,0.9042692805633136,1,0,T1486
asset_19481,0.9042692805633136,1,1,T1486
asset_19482,0.0033104508115333,0,1,T1486
asset_19483,0.9042692805633136,1,0,T1486
asset_19484,0.9042692805633136,1,0,T1486
asset_19485,0.0033104508114785,0,1,T1486
asset_19486,0.0033104508114897,0,1,T1486
asset_19487,0.0033104508115869,0,1,T1486
asset_19488,0.0033104508115333,0,1,T1486
asset_19489,0.0033104508115333,0,1,T1486
asset_19490,0.0033104508115333,0,1,T1486
asset_19491,0.0033104508115333,0,0,T1486
asset_19492,0.9042692805633136,1,1,T1486
asset_19493,0.0033104508115333,0,0,T1486
asset_19494,0.9042692805633136,1,0,T1486
asset_19495,0.9042692805633136,1,0,T1486
asset_19496,0.9042692805633136,1,1,T1486
asset_19497,0.9042692805633136,1,0,T1486
asset_19498,0.9042692805633136,1,0,T1486
asset_19499,0.9042692805633136,1,0,T1486
asset_19500,0.9042692805633136,1,1,T1486
asset_19501,0.0033104508115333,0,1,T1486
asset_19502,0.0033104508115868,0,0,T1486
asset_19503,0.9042692805633136,1,1,T1486
asset_19504,0.9042692805633136,1,0,T1486
asset_19505,0.9042692805633136,1,0,T1486
asset_19506,0.0033104508115333,0,1,T1486
asset_19507,0.9042692805633136,1,0,T1486
asset_19508,0.0033104508114895,0,0,T1486
asset_19509,0.9042692805633136,1,1,T1486
asset_19510,0.9042692805633136,1,1,T1486
asset_19511,0.9042692805633136,1,1,T1486
asset_19512,0.9042692805633136,1,0,T1486
asset_19513,0.0033104508115333,0,1,T1486
asset_19514,0.0033104508115333,0,1,T1486
asset_19515,0.9042692805633136,1,1,T1486
asset_19516,0.0033104508114616,0,1,T1486
asset_19517,0.0033104508115333,0,0,T1486
asset_19518,0.9042692805633136,1,1,T1486
asset_19519,0.9042692805633136,1,1,T1486
asset_19520,0.0033104508115869,0,0,T1486
asset_19521,0.0033104508115333,0,1,T1486
asset_19522,0.0033104508115333,0,0,T1486
asset_19523,0.0033104508115146,0,1,T1486
asset_19524,0.9042692805633136,1,0,T1486
asset_19525,0.0033104508115333,0,1,T1486
asset_19526,0.0033104508115333,0,1,T1486
asset_19527,0.9042692805633136,1,1,T1486
asset_19528,0.9042692805633136,1,0,T1486
asset_19529,0.9042692805633136,1,1,T1486
asset_19530,0.0033104508115869,0,1,T1486
asset_19531,0.9042692805633136,1,1,T1486
asset_19532,0.9042692805633136,1,0,T1486
asset_19533,0.0033104508115333,0,1,T1486
asset_19534,0.003310450811489,0,1,T1486
asset_19535,0.0033104508115333,0,1,T1486
asset_19536,0.0033104508115333,0,1,T1486
asset_19537,0.0033104508115333,0,1,T1486
asset_19538,0.0033804806999925,0,1,T1486
asset_19539,0.9042692805633136,1,0,T1486
asset_19540,0.0033104508115333,0,1,T1486
asset_19541,0.0033104508115333,0,1,T1486
asset_19542,0.9042692805633136,1,1,T1486
asset_19543,0.9042692805633136,1,1,T1486
asset_19544,0.0033104508115333,0,0,T1486
asset_19545,0.0033104508115333,0,0,T1486
asset_19546,0.9042692805633136,1,0,T1486
asset_19547,0.9042692805633136,1,0,T1486
asset_19548,0.9042692805633136,1,1,T1486
asset_19549,0.0033104508115333,0,1,T1486
asset_19550,0.0033104508115333,0,1,T1486
asset_19551,0.9042692805633136,1,1,T1486
asset_19552,0.0033104508115333,0,0,T1486
asset_19553,0.9042692805633136,1,1,T1486
asset_19554,0.0033104508114787,0,1,T1486
asset_19555,0.0033104508115333,0,0,T1486
asset_19556,0.9042692805633136,1,1,T1486
asset_19557,0.0033104508115318,0,0,T1486
asset_19558,0.9042692805633136,1,1,T1486
asset_19559,0.9042692805633136,1,1,T1486
asset_19560,0.9042692805633136,1,0,T1486
asset_19561,0.0033104508115333,0,1,T1486
asset_19562,0.0033104508115309,0,0,T1486
asset_19563,0.0033104508115225,0,0,T1486
asset_19564,0.9042692805633136,1,1,T1486
asset_19565,0.0033104508115333,0,0,T1486
asset_19566,0.9042692805633136,1,1,T1486
asset_19567,0.0033104508115333,0,1,T1486
asset_19568,0.00334543898181,0,0,T1486
asset_19569,0.0033104508115333,0,1,T1486
asset_19570,0.0033104508115333,0,0,T1486
asset_19571,0.0033104508115333,0,0,T1486
asset_19572,0.0033104508115333,0,0,T1486
asset_19573,0.9042692805633136,1,1,T1486
asset_19574,0.0033104508115309,0,1,T1486
asset_19575,0.0033104508115333,0,1,T1486
asset_19576,0.9042692805633136,1,0,T1486
asset_19577,0.9042692805633136,1,0,T1486
asset_19578,0.9042692805633136,1,1,T1486
asset_19579,0.0033104508115869,0,1,T1486
asset_19580,0.0033104508116791,0,0,T1486
asset_19581,0.0033104508115333,0,0,T1486
asset_19582,0.9042692805633136,1,1,T1486
asset_19583,0.0033104508115333,0,1,T1486
asset_19584,0.0033104508114552,0,1,T1486
asset_19585,0.9042692805633136,1,0,T1486
asset_19586,0.0033104490923378,0,0,T1486
asset_19587,0.9042692805633136,1,1,T1486
asset_19588,0.9042692805633136,1,0,T1486
asset_19589,0.0033104508115333,0,1,T1486
asset_19590,0.0033104508115294,0,1,T1486
asset_19591,0.9042692805633136,1,0,T1486
asset_19592,0.0033104508115333,0,1,T1486
asset_19593,0.0033104508115223,0,0,T1486
asset_19594,0.9042692805633136,1,0,T1486
asset_19595,0.0033104508115061,0,1,T1486
asset_19596,0.9042692805633136,1,1,T1486
asset_19597,0.0033104508115333,0,1,T1486
asset_19598,0.0033104508115333,0,0,T1486
asset_19599,0.9042692805633136,1,0,T1486
asset_19600,0.0033104508115186,0,1,T1486
asset_19601,0.9042692805633136,1,1,T1486
asset_19602,0.0033104508115333,0,1,T1486
asset_19603,0.0033104508115205,0,0,T1486
asset_19604,0.0033104508115205,0,0,T1486
asset_19605,0.9042692805633136,1,0,T1486
asset_19606,0.9042692805633136,1,1,T1486
asset_19607,0.9042692805633136,1,1,T1486
asset_19608,0.9042692805633136,1,0,T1486
asset_19609,0.0033104508115333,0,1,T1486
asset_19610,0.9042692805633136,1,1,T1486
asset_19611,0.0033104508115333,0,1,T1486
asset_19612,0.0033104508115333,0,0,T1486
asset_19613,0.0033104508114889,0,1,T1486
asset_19614,0.0033104508115097,0,0,T1486
asset_19615,0.9042692805633136,1,0,T1486
asset_19616,0.9042692805633136,1,1,T1486
asset_19617,0.9042692805633136,1,1,T1486
asset_19618,0.0033104508115309,0,0,T1486
asset_19619,0.0033104508115333,0,1,T1486
asset_19620,0.9042692805633136,1,0,T1486
asset_19621,0.0033454389816956,0,1,T1486
asset_19622,0.9042692805633136,1,1,T1486
asset_19623,0.9042692805633136,1,1,T1486
asset_19624,0.0033104508115333,0,0,T1486
asset_19625,0.9042692805633136,1,1,T1486
asset_19626,0.0033104508115333,0,1,T1486
asset_19627,0.0033104508115333,0,0,T1486
asset_19628,0.0033104508115333,0,1,T1486
asset_19629,0.0033104508115333,0,0,T1486
asset_19630,0.0033104508115333,0,0,T1486
asset_19631,0.0033104508115333,0,0,T1486
asset_19632,0.9042692805633136,1,0,T1486
asset_19633,0.0033104508115333,0,0,T1486
asset_19634,0.0033104508115205,0,0,T1486
asset_19635,0.9042692805633136,1,1,T1486
asset_19636,0.0033104508115333,0,0,T1486
asset_19637,0.0033104508115784,0,1,T1486
asset_19638,0.0033104508115333,0,1,T1486
asset_19639,0.9042692805633136,1,0,T1486
asset_19640,0.0033104508115333,0,0,T1486
asset_19641,0.0033104508115205,0,1,T1486
asset_19642,0.9042692805633136,1,1,T1486
asset_19643,0.9042692805633136,1,1,T1486
asset_19644,0.003310450811466,0,0,T1486
asset_19645,0.0033104508115333,0,1,T1486
asset_19646,0.9042692805633136,1,1,T1486
asset_19647,0.0033104508115205,0,1,T1486
asset_19648,0.9042692805633136,1,1,T1486
asset_19649,0.9042692805633136,1,0,T1486
asset_19650,0.9042692805633136,1,0,T1486
asset_19651,0.0033104508115868,0,1,T1486
asset_19652,0.0033104508115333,0,1,T1486
asset_19653,0.9042692805633136,1,1,T1486
asset_19654,0.9042692805633136,1,0,T1486
asset_19655,0.9042692805633136,1,0,T1486
asset_19656,0.9042692805633136,1,0,T1486
asset_19657,0.9042692805633136,1,1,T1486
asset_19658,0.0033104508114616,0,0,T1486
asset_19659,0.0033104508114618,0,0,T1486
asset_19660,0.0033104508115333,0,1,T1486
asset_19661,0.0033104508115333,0,1,T1486
asset_19662,0.0033104508115333,0,1,T1486
asset_19663,0.9042692805633136,1,0,T1486
asset_19664,0.0033104508115333,0,0,T1486
asset_19665,0.0033104508115333,0,0,T1486
asset_19666,0.9042692805633136,1,1,T1486
asset_19667,0.0033104508115333,0,0,T1486
asset_19668,0.0033104508115061,0,0,T1486
asset_19669,0.9042692805633136,1,1,T1486
asset_19670,0.9042692805633136,1,0,T1486
asset_19671,0.9042692805633136,1,0,T1486
asset_19672,0.003310450812075,0,0,T1486
asset_19673,0.0033104468656574,0,0,T1486
asset_19674,0.0033104508115333,0,0,T1486
asset_19675,0.0041206952685782,0,0,T1486
asset_19676,0.0033104508115333,0,0,T1486
asset_19677,0.0033104508115333,0,0,T1486
asset_19678,0.9042692805633136,1,1,T1486
asset_19679,0.0033104508115225,0,0,T1486
asset_19680,0.9042692805633136,1,1,T1486
asset_19681,0.9042692805633136,1,0,T1486
asset_19682,0.003310450811489,0,1,T1486
asset_19683,0.0033104508115333,0,0,T1486
asset_19684,0.9042692805633136,1,1,T1486
asset_19685,0.9042692805633136,1,1,T1486
asset_19686,0.003310450811521,0,1,T1486
asset_19687,0.0033104508115061,0,1,T1486
asset_19688,0.0033104508115333,0,0,T1486
asset_19689,0.0033104508115333,0,1,T1486
asset_19690,0.9042692805633136,1,0,T1486
asset_19691,0.0033104508115284,0,0,T1486
asset_19692,0.9042692805633136,1,0,T1486
asset_19693,0.9042692805633136,1,1,T1486
asset_19694,0.0033104508115333,0,1,T1486
asset_19695,0.9042692805633136,1,0,T1486
asset_19696,0.9042692805633136,1,0,T1486
asset_19697,0.9042692805633136,1,1,T1486
asset_19698,0.0033104508115333,0,0,T1486
asset_19699,0.9042692805633136,1,1,T1486
asset_19700,0.9042692805633136,1,0,T1486
asset_19701,0.0033104508115333,0,0,T1486
asset_19702,0.9042692805633136,1,0,T1486
asset_19703,0.0033104508115333,0,0,T1486
asset_19704,0.0033104508115868,0,0,T1486
asset_19705,0.9042692805633136,1,0,T1486
asset_19706,0.9042692805633136,1,1,T1486
asset_19707,0.0033454371183524,0,1,T1486
asset_19708,0.9042692805633136,1,1,T1486
asset_19709,0.0033104508115333,0,0,T1486
asset_19710,0.0033104472641503,0,0,T1486
asset_19711,0.0033104508114895,0,0,T1486
asset_19712,0.0033104508115333,0,0,T1486
asset_19713,0.0033104508115333,0,0,T1486
asset_19714,0.9042692805633136,1,1,T1486
asset_19715,0.0033104508115333,0,0,T1486
asset_19716,0.0033104508114785,0,0,T1486
asset_19717,0.9042692805633136,1,1,T1486
asset_19718,0.9042692805633136,1,0,T1486
asset_19719,0.0033104508115333,0,0,T1486
asset_19720,0.0033104508115309,0,1,T1486
asset_19721,0.003310450811489,0,1,T1486
asset_19722,0.0033104508115333,0,1,T1486
asset_19723,0.9042692805633136,1,0,T1486
asset_19724,0.0033104508115146,0,0,T1486
asset_19725,0.9042692805633136,1,0,T1486
asset_19726,0.0033104508115333,0,1,T1486
asset_19727,0.0033104508115333,0,1,T1486
asset_19728,0.9042692805633136,1,0,T1486
asset_19729,0.0033104508115333,0,0,T1486
asset_19730,0.0033104508115333,0,0,T1486
asset_19731,0.9042692805633136,1,1,T1486
asset_19732,0.0033104490933179,0,1,T1486
asset_19733,0.9042692805633136,1,0,T1486
asset_19734,0.0033104508115287,0,0,T1486
asset_19735,0.0033104508115333,0,0,T1486
asset_19736,0.9042692805633136,1,1,T1486
asset_19737,0.9042692805633136,1,1,T1486
asset_19738,0.0033104508115201,0,1,T1486
asset_19739,0.9042692805633136,1,1,T1486
asset_19740,0.0033104508115333,0,0,T1486
asset_19741,0.003310450811489,0,1,T1486
asset_19742,0.0033104508115333,0,1,T1486
asset_19743,0.0033454389830932,0,1,T1486
asset_19744,0.9042692805633136,1,1,T1486
asset_19745,0.9042692805633136,1,1,T1486
asset_19746,0.9042692805633136,1,1,T1486
asset_19747,0.9042692805633136,1,0,T1486
asset_19748,0.0033104508115333,0,0,T1486
asset_19749,0.0033104508114664,0,1,T1486
asset_19750,0.0033104508115225,0,1,T1486
asset_19751,0.9042692805633136,1,0,T1486
asset_19752,0.0033454389817491,0,0,T1486
asset_19753,0.9042692805633136,1,1,T1486
asset_19754,0.9042692805633136,1,1,T1486
asset_19755,0.9042692805633136,1,1,T1486
asset_19756,0.0033104508115333,0,1,T1486
asset_19757,0.9042692805633136,1,0,T1486
asset_19758,0.9042692805633136,1,0,T1486
asset_19759,0.9042692805633136,1,0,T1486
asset_19760,0.9042692805633136,1,1,T1486
asset_19761,0.9042692805633136,1,1,T1486
asset_19762,0.9042692805633136,1,0,T1486
asset_19763,0.9042692805633136,1,0,T1486
asset_19764,0.9042692805633136,1,1,T1486
asset_19765,0.9042692805633136,1,0,T1486
asset_19766,0.9042692805633136,1,1,T1486
asset_19767,0.9042692805633136,1,0,T1486
asset_19768,0.0033104508115784,0,1,T1486
asset_19769,0.9042692805633136,1,0,T1486
asset_19770,0.9042692805633136,1,0,T1486
asset_19771,0.0033104508115309,0,1,T1486
asset_19772,0.9042692805633136,1,1,T1486
asset_19773,0.9042692805633136,1,1,T1486
asset_19774,0.9042692805633136,1,1,T1486
asset_19775,0.9042692805633136,1,1,T1486
asset_19776,0.9042692805633136,1,0,T1486
asset_19777,0.9042692805633136,1,0,T1486
asset_19778,0.9042692805633136,1,1,T1486
asset_19779,0.0033104508115333,0,0,T1486
asset_19780,0.0033104508115869,0,0,T1486
asset_19781,0.9042692805633136,1,1,T1486
asset_19782,0.9042692805633136,1,0,T1486
asset_19783,0.9042692805633136,1,0,T1486
asset_19784,0.9042692805633136,1,1,T1486
asset_19785,0.0033104508115333,0,0,T1486
asset_19786,0.9042692805633136,1,0,T1486
asset_19787,0.0033104508115333,0,1,T1486
asset_19788,0.0033104508115333,0,0,T1486
asset_19789,0.0033104508115333,0,0,T1486
asset_19790,0.0033104508115309,0,0,T1486
asset_19791,0.9042692805633136,1,1,T1486
asset_19792,0.9042692805633136,1,1,T1486
asset_19793,0.9042692805633136,1,0,T1486
asset_19794,0.0033104508115309,0,1,T1486
asset_19795,0.9042692805633136,1,1,T1486
asset_19796,0.9042692805633136,1,0,T1486
asset_19797,0.9042692805633136,1,0,T1486
asset_19798,0.9042692805633136,1,1,T1486
asset_19799,0.0033104508115309,0,0,T1486
asset_19800,0.9042692805633136,1,0,T1486
asset_19801,0.9042692805633136,1,1,T1486
asset_19802,0.0033104508115293,0,0,T1486
asset_19803,0.0033104508115333,0,0,T1486
asset_19804,0.0033104508114552,0,1,T1486
asset_19805,0.0033104508115333,0,1,T1486
asset_19806,0.0033104508115333,0,0,T1486
asset_19807,0.9042692805633136,1,1,T1486
asset_19808,0.0033104508115333,0,0,T1486
asset_19809,0.9042692805633136,1,1,T1486
asset_19810,0.9042692805633136,1,1,T1486
asset_19811,0.9042692805633136,1,1,T1486
asset_19812,0.9042692805633136,1,0,T1486
asset_19813,0.9042692805633136,1,0,T1486
asset_19814,0.0033104508115333,0,1,T1486
asset_19815,0.0033104508114895,0,0,T1486
asset_19816,0.0033104508115333,0,0,T1486
asset_19817,0.9042692805633136,1,0,T1486
asset_19818,0.0033104508115333,0,1,T1486
asset_19819,0.9042692805633136,1,0,T1486
asset_19820,0.9042692805633136,1,1,T1486
asset_19821,0.9042692805633136,1,0,T1486
asset_19822,0.0033104508115205,0,1,T1486
asset_19823,0.0033104508115333,0,1,T1486
asset_19824,0.9042692805633136,1,0,T1486
asset_19825,0.0033104508115167,0,0,T1486
asset_19826,0.9042692805633136,1,1,T1486
asset_19827,0.9042692805633136,1,1,T1486
asset_19828,0.0033104508115333,0,1,T1486
asset_19829,0.9042692805633136,1,1,T1486
asset_19830,0.9042692805633136,1,0,T1486
asset_19831,0.9042692805633136,1,0,T1486
asset_19832,0.9042692805633136,1,1,T1486
asset_19833,0.9042692805633136,1,1,T1486
asset_19834,0.9042692805633136,1,0,T1486
asset_19835,0.9042692805633136,1,0,T1486
asset_19836,0.0033104508114935,0,1,T1486
asset_19837,0.9042692805633136,1,0,T1486
asset_19838,0.0033104508115186,0,1,T1486
asset_19839,0.0033104508115333,0,1,T1486
asset_19840,0.9042692805633136,1,0,T1486
asset_19841,0.0033104508115333,0,1,T1486
asset_19842,0.0033104508115309,0,0,T1486
asset_19843,0.9042692805633136,1,0,T1486
asset_19844,0.9042692805633136,1,0,T1486
asset_19845,0.0033104508114895,0,0,T1486
asset_19846,0.0033104508115333,0,0,T1486
asset_19847,0.003310450811489,0,1,T1486
asset_19848,0.9042692805633136,1,0,T1486
asset_19849,0.9042692805633136,1,1,T1486
asset_19850,0.0033104508115868,0,0,T1486
asset_19851,0.0033104508115333,0,1,T1486
asset_19852,0.0033104508115318,0,0,T1486
asset_19853,0.0033104508115333,0,0,T1486
asset_19854,0.0033104508115333,0,1,T1486
asset_19855,0.9042692805633136,1,1,T1486
asset_19856,0.9042692805633136,1,0,T1486
asset_19857,0.9042692805633136,1,1,T1486
asset_19858,0.003310450811489,0,1,T1486
asset_19859,0.9042692805633136,1,0,T1486
asset_19860,0.0033104508115333,0,0,T1486
asset_19861,0.0033104508115333,0,0,T1486
asset_19862,0.0033104508115333,0,1,T1486
asset_19863,0.0033104508115333,0,0,T1486
asset_19864,0.0033104508115333,0,0,T1486
asset_19865,0.0033104508115333,0,1,T1486
asset_19866,0.0033104508115333,0,1,T1486
asset_19867,0.9042692805633136,1,0,T1486
asset_19868,0.9042692805633136,1,0,T1486
asset_19869,0.0033104508115293,0,0,T1486
asset_19870,0.0033104508115333,0,0,T1486
asset_19871,0.9042692805633136,1,0,T1486
asset_19872,0.0033104499674198,0,1,T1486
asset_19873,0.9042692805633136,1,1,T1486
asset_19874,0.9042692805633136,1,1,T1486
asset_19875,0.9042692805633136,1,1,T1486
asset_19876,0.9042692805633136,1,1,T1486
asset_19877,0.0033104508115333,0,0,T1486
asset_19878,0.0033104464221243,0,0,T1486
asset_19879,0.0033104508115333,0,1,T1486
asset_19880,0.0033104508115333,0,1,T1486
asset_19881,0.9042692805633136,1,0,T1486
asset_19882,0.0033104508115333,0,1,T1486
asset_19883,0.0033104508115333,0,1,T1486
asset_19884,0.9042692805633136,1,0,T1486
asset_19885,0.0033104508115333,0,0,T1486
asset_19886,0.0033104499672667,0,0,T1486
asset_19887,0.9042692805633136,1,1,T1486
asset_19888,0.9042692805633136,1,1,T1486
asset_19889,0.9042692805633136,1,0,T1486
asset_19890,0.0033104508115333,0,0,T1486
asset_19891,0.0033104508115333,0,0,T1486
asset_19892,0.0033104508115201,0,1,T1486
asset_19893,0.0033104508115333,0,0,T1486
asset_19894,0.9042692805633136,1,0,T1486
asset_19895,0.0033104508115333,0,1,T1486
asset_19896,0.9042692805633136,1,0,T1486
asset_19897,0.0033104508115333,0,1,T1486
asset_19898,0.0033804806987569,0,0,T1486
asset_19899,0.9042692805633136,1,1,T1486
asset_19900,0.0033104508115333,0,1,T1486
asset_19901,0.9042692805633136,1,1,T1486
asset_19902,0.9042692805633136,1,0,T1486
asset_19903,0.0033104508115333,0,1,T1486
asset_19904,0.9042692805633136,1,0,T1486
asset_19905,0.9042692805633136,1,1,T1486
asset_19906,0.9042692805633136,1,0,T1486
asset_19907,0.0033104508115333,0,1,T1486
asset_19908,0.9042692805633136,1,1,T1486
asset_19909,0.9042692805633136,1,0,T1486
asset_19910,0.9042692805633136,1,0,T1486
asset_19911,0.9042692805633136,1,0,T1486
asset_19912,0.0033104508115333,0,0,T1486
asset_19913,0.0033104508115333,0,1,T1486
asset_19914,0.0033104508115309,0,1,T1486
asset_19915,0.9042692805633136,1,0,T1486
asset_19916,0.9042692805633136,1,0,T1486
asset_19917,0.9042692805633136,1,0,T1486
asset_19918,0.9042692805633136,1,0,T1486
asset_19919,0.0033104508115333,0,0,T1486
asset_19920,0.9042692805633136,1,0,T1486
asset_19921,0.0033104508115294,0,0,T1486
asset_19922,0.9042692805633136,1,1,T1486
asset_19923,0.9042692805633136,1,1,T1486
asset_19924,0.0033104508115333,0,1,T1486
asset_19925,0.0033104508115333,0,0,T1486
asset_19926,0.0033104508115205,0,0,T1486
asset_19927,0.0033104508115284,0,1,T1486
asset_19928,0.9042692805633136,1,0,T1486
asset_19929,0.0033104508115225,0,0,T1486
asset_19930,0.003310450811489,0,0,T1486
asset_19931,0.9042692805633136,1,1,T1486
asset_19932,0.0033104508114889,0,1,T1486
asset_19933,0.9042692805633136,1,0,T1486
asset_19934,0.9042692805633136,1,1,T1486
asset_19935,0.9042692805633136,1,0,T1486
asset_19936,0.9042692805633136,1,0,T1486
asset_19937,0.0033104508115333,0,0,T1486
asset_19938,0.9042692805633136,1,0,T1486
asset_19939,0.9042692805633136,1,1,T1486
asset_19940,0.9042692805633136,1,0,T1486
asset_19941,0.0033104508115333,0,0,T1486
asset_19942,0.9042692805633136,1,0,T1486
asset_19943,0.9042692805633136,1,0,T1486
asset_19944,0.9042692805633136,1,0,T1486
asset_19945,0.9042692805633136,1,0,T1486
asset_19946,0.9042692805633136,1,1,T1486
asset_19947,0.9042692805633136,1,1,T1486
asset_19948,0.0033104508129547,0,0,T1486
asset_19949,0.9042692805633136,1,1,T1486
asset_19950,0.0033104508115294,0,1,T1486
asset_19951,0.0033104508115333,0,0,T1486
asset_19952,0.9042692805633136,1,0,T1486
asset_19953,0.0033104508114959,0,0,T1486
asset_19954,0.9042692805633136,1,0,T1486
asset_19955,0.00331045081212,0,0,T1486
asset_19956,0.9042692805633136,1,1,T1486
asset_19957,0.9042692805633136,1,1,T1486
asset_19958,0.9042692805633136,1,0,T1486
asset_19959,0.9042692805633136,1,0,T1486
asset_19960,0.9042692805633136,1,1,T1486
asset_19961,0.0033104508115333,0,1,T1486
asset_19962,0.0033104508115333,0,0,T1486
asset_19963,0.9042692805633136,1,1,T1486
asset_19964,0.0033104508115758,0,1,T1486
asset_19965,0.9042692805633136,1,1,T1486
asset_19966,0.0034876895567274,0,1,T1486
asset_19967,0.0033104508115333,0,0,T1486
asset_19968,0.0033104508115333,0,0,T1486
asset_19969,0.9042692805633136,1,0,T1486
asset_19970,0.9042692805633136,1,1,T1486
asset_19971,0.9042692805633136,1,1,T1486
asset_19972,0.9042692805633136,1,0,T1486
asset_19973,0.9042692805633136,1,0,T1486
asset_19974,0.9042692805633136,1,0,T1486
asset_19975,0.9042692805633136,1,0,T1486
asset_19976,0.9042692805633136,1,1,T1486
asset_19977,0.0033104508115333,0,1,T1486
asset_19978,0.9042692805633136,1,0,T1486
asset_19979,0.0033104508115333,0,0,T1486
asset_19980,0.0033104508115868,0,0,T1486
asset_19981,0.9042692805633136,1,0,T1486
asset_19982,0.0033104508115097,0,0,T1486
asset_19983,0.0033104508115333,0,1,T1486
asset_19984,0.9042692805633136,1,0,T1486
asset_19985,0.0033104508115309,0,0,T1486
asset_19986,0.9042692805633136,1,0,T1486
asset_19987,0.0033104508115097,0,1,T1486
asset_19988,0.9042692805633136,1,0,T1486
asset_19989,0.9042692805633136,1,1,T1486
asset_19990,0.9042692805633136,1,0,T1486
asset_19991,0.0033104508115099,0,1,T1486
asset_19992,0.9042692805633136,1,1,T1486
asset_19993,0.9042692805633136,1,0,T1486
asset_19994,0.0033104508115294,0,1,T1486
asset_19995,0.0033104508115333,0,0,T1486
asset_19996,0.0033104508115333,0,1,T1486
asset_19997,0.0033104508115309,0,0,T1486
asset_19998,0.0033104508115061,0,1,T1486
asset_19999,0.9042692805633136,1,0,T1486
asset_20000,0.9042692805633136,1,0,T1486
asset_20001,0.0033104508115333,0,1,T1486
