sample_id,true_label,family,p_ransomware,predicted_label,split_part
small_ember_000000,1,upatre,0.9999999999957334,1,test
small_ember_000001,0,unknown,5.579903539318479e-12,0,test
small_ember_000002,0,unknown,6.997045335971467e-08,0,test
small_ember_000003,1,unknown,0.9999999501564283,1,test
small_ember_000004,1,kerneldrutil,0.9999999999671321,1,test
small_ember_000005,1,xmrig,1.0,1,test
small_ember_000006,0,unknown,3.080621036478154e-10,0,test
small_ember_000007,0,unknown,4.454595787388893e-09,0,test
small_ember_000008,0,unknown,1.0204594857925278e-05,0,test
small_ember_000009,0,unknown,3.3070556930401844e-11,0,test
small_ember_000010,0,unknown,3.5053244013251204e-11,0,test
small_ember_000011,1,unknown,0.982631108885211,1,test
small_ember_000012,1,unknown,0.9999907668038535,1,test
small_ember_000013,1,expiro,0.9999999999999953,1,test
small_ember_000014,0,unknown,0.00041772345416343966,0,test
small_ember_000015,0,unknown,5.70227310671528e-07,0,test
small_ember_000016,0,unknown,5.719287663713639e-10,0,test
small_ember_000017,0,unknown,1.2849627749202778e-11,0,test
small_ember_000018,1,unknown,0.9999349272293669,1,test
small_ember_000019,0,unknown,0.0008541472820355167,0,test
small_ember_000020,1,expiro,0.999999999928332,1,test
small_ember_000021,1,grandoreiro,0.9999999999994318,1,test
small_ember_000022,0,unknown,1.101939761608101e-05,0,test
small_ember_000023,0,unknown,6.12626554266367e-11,0,test
small_ember_000024,1,ulise,0.9999982690132214,1,test
small_ember_000025,1,remsim,0.9999997625131136,1,test
small_ember_000026,1,banload,0.9999999999999998,1,test
small_ember_000027,0,unknown,1.4583663926060524e-05,0,test
small_ember_000028,0,unknown,3.756140640374254e-08,0,test
small_ember_000029,0,unknown,6.103158019328642e-09,0,test
small_ember_000030,0,unknown,2.664583277322529e-05,0,test
small_ember_000031,0,unknown,1.3332008536038217e-10,0,test
small_ember_000032,0,unknown,3.175771612542548e-11,0,test
small_ember_000033,0,unknown,5.597140617644384e-07,0,test
small_ember_000034,1,expiro,0.9999987860833314,1,test
small_ember_000035,1,xmrig,0.9999999999999067,1,test
small_ember_000036,1,banload,0.9999999999999998,1,test
small_ember_000037,0,unknown,3.1915363787500022e-06,0,test
small_ember_000038,0,unknown,1.1061795752695056e-07,0,test
small_ember_000039,0,unknown,7.891467537433858e-05,0,test
small_ember_000040,1,cobaltstrike,0.9999999360876654,1,test
small_ember_000041,0,unknown,7.427209460831609e-08,0,test
small_ember_000042,0,unknown,3.552673054621965e-14,0,test
small_ember_000043,1,banload,0.9999999999999998,1,test
small_ember_000044,1,premine,0.999999999999948,1,test
small_ember_000045,1,unknown,0.9999999992040056,1,test
small_ember_000046,1,xmrig,0.9999999985529571,1,test
small_ember_000047,1,ndaof,0.9999936997883221,1,test
small_ember_000048,0,unknown,3.694544797744118e-07,0,test
small_ember_000049,1,unknown,0.9999999999361044,1,test
small_ember_000050,0,unknown,2.0030904861415936e-09,0,test
small_ember_000051,0,unknown,1.6631166834960113e-06,0,test
small_ember_000052,0,unknown,4.717471621603236e-11,0,test
small_ember_000053,0,unknown,1.5429673113394026e-08,0,test
small_ember_000054,0,unknown,1.0602315161163945e-08,0,test
small_ember_000055,0,unknown,1.0275184527053923e-09,0,test
small_ember_000056,0,unknown,4.008906982665617e-08,0,test
small_ember_000057,0,unknown,4.069214472312384e-07,0,test
small_ember_000058,0,unknown,1.769835986946184e-09,0,test
small_ember_000059,0,unknown,3.1409834580779405e-09,0,test
small_ember_000060,0,unknown,4.763951775701955e-08,0,test
small_ember_000061,0,unknown,5.5420607983291155e-08,0,test
small_ember_000062,0,unknown,1.135183982917078e-06,0,test
small_ember_000063,0,unknown,4.393329772258122e-06,0,test
small_ember_000064,0,unknown,6.650640056620998e-06,0,test
small_ember_000065,0,unknown,5.34466610459362e-07,0,test
small_ember_000066,0,unknown,6.616171254504619e-10,0,test
small_ember_000067,0,unknown,7.960801684197305e-08,0,test
small_ember_000068,0,unknown,1.9871254979497612e-08,0,test
small_ember_000069,0,unknown,1.164583849618124e-05,0,test
small_ember_000070,1,bedep,0.999999457937574,1,test
small_ember_000071,1,flystudio,0.9999968872118233,1,test
small_ember_000072,1,peed,0.999999990048981,1,test
small_ember_000073,1,expiro,0.9999999999544966,1,test
small_ember_000074,1,flystudio,0.9982465883304648,1,test
small_ember_000075,0,unknown,1.4014523032672927e-14,0,test
small_ember_000076,0,unknown,4.8997708485746046e-14,0,test
small_ember_000077,0,unknown,2.1372386373654455e-08,0,test
small_ember_000078,1,xmrig,1.0,1,test
small_ember_000079,0,unknown,7.794204895833568e-07,0,test
small_ember_000080,0,unknown,6.050275236256416e-06,0,test
small_ember_000081,1,xmrig,1.0,1,test
small_ember_000082,0,unknown,0.0004853310306930346,0,test
small_ember_000083,0,unknown,2.6411939446144418e-09,0,test
small_ember_000084,0,unknown,0.0007556939739021686,0,test
small_ember_000085,0,unknown,4.51482056443958e-09,0,test
small_ember_000086,0,unknown,1.8289397974818328e-07,0,test
small_ember_000087,0,unknown,2.0697794044618106e-09,0,test
small_ember_000088,1,unknown,0.999998904331118,1,test
small_ember_000089,0,unknown,1.801610148281459e-05,0,test
small_ember_000090,0,unknown,1.4969289291109092e-10,0,test
small_ember_000091,0,unknown,2.1042729577034374e-09,0,test
small_ember_000092,0,unknown,2.0012136501908484e-08,0,test
small_ember_000093,0,unknown,1.4602723265304628e-08,0,test
small_ember_000094,0,unknown,4.840562899791678e-07,0,test
small_ember_000095,0,unknown,9.447985637908345e-06,0,test
small_ember_000096,0,unknown,3.152201336449636e-05,0,test
small_ember_000097,0,unknown,1.0462099623999496e-07,0,test
small_ember_000098,0,unknown,1.905167292150333e-09,0,test
small_ember_000099,0,unknown,6.22635931893982e-05,0,test
small_ember_000100,0,unknown,4.056812462406401e-05,0,test
small_ember_000101,1,unknown,0.9999999997656808,1,test
small_ember_000102,0,unknown,1.8772319021015865e-05,0,test
small_ember_000103,0,unknown,1.2042768157356124e-08,0,test
small_ember_000104,0,unknown,1.6467774100445044e-05,0,test
small_ember_000105,1,xmrig,1.0,1,test
small_ember_000106,0,unknown,1.7179553823538138e-07,0,test
small_ember_000107,0,unknown,1.6614803574771085e-09,0,test
small_ember_000108,0,unknown,9.98263834511663e-09,0,test
small_ember_000109,0,unknown,5.986819106933842e-07,0,test
small_ember_000110,1,sisron,0.9999999934816699,1,test
small_ember_000111,1,vindor,0.9999999999999996,1,test
small_ember_000112,1,expiro,0.9999999999999905,1,test
small_ember_000113,0,unknown,2.6064074052860115e-08,0,test
small_ember_000114,0,unknown,1.0672809542541703e-06,0,test
small_ember_000115,0,unknown,3.4337390019626794e-06,0,test
small_ember_000116,1,unknown,0.9999973597661718,1,test
small_ember_000117,0,unknown,1.0477830468290205e-05,0,test
small_ember_000118,1,xmrig,1.0,1,test
small_ember_000119,1,unknown,0.9999999999999996,1,test
small_ember_000120,1,xmrig,1.0,1,test
small_ember_000121,0,unknown,6.579043934126795e-11,0,test
small_ember_000122,0,unknown,1.1649783247613846e-07,0,test
small_ember_000123,1,unknown,0.9999997024611625,1,test
small_ember_000124,0,unknown,6.616154456019325e-07,0,test
small_ember_000125,0,unknown,1.3396423598488902e-06,0,test
small_ember_000126,1,xmrig,1.0,1,test
small_ember_000127,1,scarletflash,0.9999999651705344,1,test
small_ember_000128,1,unknown,0.9999999999999629,1,test
small_ember_000129,0,unknown,1.079253489325953e-08,0,test
small_ember_000130,0,unknown,5.226211380637347e-07,0,test
small_ember_000131,1,xmrig,1.0,1,test
small_ember_000132,1,expiro,0.9999999999994114,1,test
small_ember_000133,0,unknown,1.4200951341671758e-08,0,test
small_ember_000134,1,xmrig,0.9999999998435365,1,test
small_ember_000135,0,unknown,2.2001969284984835e-08,0,test
small_ember_000136,0,unknown,3.126079992457625e-10,0,test
small_ember_000137,1,berbew,0.9999999999890505,1,test
small_ember_000138,0,unknown,2.392174785976159e-07,0,test
small_ember_000139,1,bedep,0.9999999440883316,1,test
small_ember_000140,1,xmrig,1.0,1,test
small_ember_000141,1,disin,0.999999945402588,1,test
small_ember_000142,1,disco,0.9999996660162974,1,test
small_ember_000143,1,xmrig,1.0,1,test
small_ember_000144,1,expiro,0.9999999999999383,1,test
small_ember_000145,1,expiro,0.9999999999997748,1,test
small_ember_000146,1,phonzy,0.999999999937571,1,test
small_ember_000147,0,unknown,9.645507339410852e-05,0,test
small_ember_000148,0,unknown,0.2539523091680047,1,test
small_ember_000149,0,unknown,1.353234523457965e-07,0,test
small_ember_000150,0,unknown,0.0001922784684979899,0,test
small_ember_000151,0,unknown,6.287245751905655e-05,0,test
small_ember_000152,0,unknown,1.7578970803078059e-10,0,test
small_ember_000153,0,unknown,3.856838756894766e-05,0,test
small_ember_000154,1,expiro,0.9999822395472464,1,test
small_ember_000155,1,xmrig,1.0,1,test
small_ember_000156,1,unknown,0.9999999999855791,1,test
small_ember_000157,1,xmrig,0.9999999999999993,1,test
small_ember_000158,1,knight,0.9999992833783167,1,test
small_ember_000159,1,xmrig,1.0,1,test
small_ember_000160,1,xmrig,1.0,1,test
small_ember_000161,1,expiro,0.9999992799795994,1,test
small_ember_000162,1,scarletflash,0.9999999999999782,1,test
small_ember_000163,1,jaiko,0.9999999999968936,1,test
small_ember_000164,1,xmrig,1.0,1,test
small_ember_000165,1,expiro,0.9999999999999949,1,test
small_ember_000166,0,unknown,7.318473228923631e-13,0,test
small_ember_000167,1,scarletflash,0.999999999983749,1,test
small_ember_000168,1,scarletflash,0.9999999999999418,1,test
small_ember_000169,1,expiro,0.9999999999997047,1,test
small_ember_000170,1,xmrig,1.0,1,test
small_ember_000171,1,xmrig,0.9999999999999996,1,test
small_ember_000172,1,xmrig,1.0,1,test
small_ember_000173,0,unknown,1.4637983072232203e-08,0,test
small_ember_000174,1,xmrig,1.0,1,test
small_ember_000175,0,unknown,6.515856552337282e-11,0,test
small_ember_000176,0,unknown,1.618193251844717e-07,0,test
small_ember_000177,0,unknown,3.0753235268967064e-06,0,test
small_ember_000178,0,unknown,1.365018378904928e-09,0,test
small_ember_000179,0,unknown,1.8281194024875536e-11,0,test
small_ember_000180,0,unknown,6.401517171374434e-10,0,test
small_ember_000181,0,unknown,5.478840619573755e-09,0,test
small_ember_000182,0,unknown,2.5172152700307106e-05,0,test
small_ember_000183,0,unknown,1.5754333201598247e-06,0,test
small_ember_000184,1,metasploit,0.9999999999995375,1,test
small_ember_000185,0,unknown,1.4572269392376447e-08,0,test
small_ember_000186,1,wacatac,0.9999999999999407,1,test
small_ember_000187,1,metasploit,0.9999999997264104,1,test
small_ember_000188,1,metasploit,0.999999998563244,1,test
small_ember_000189,1,expiro,0.999999999999929,1,test
small_ember_000190,1,expiro,0.9999999999999389,1,test
small_ember_000191,1,expiro,0.9999999999999947,1,test
small_ember_000192,1,expiro,0.9999999999980584,1,test
small_ember_000193,1,berbew,0.9999999987918073,1,test
small_ember_000194,0,unknown,1.3767687478860633e-06,0,test
small_ember_000195,0,unknown,1.018520618805859e-09,0,test
small_ember_000196,0,unknown,2.947060703253281e-10,0,test
small_ember_000197,1,xmrig,1.0,1,test
small_ember_000198,0,unknown,3.967386532686388e-10,0,test
small_ember_000199,0,unknown,7.480401413588456e-11,0,test
small_ember_000200,1,xmrig,1.0,1,test
small_ember_000201,0,unknown,3.523434184653619e-10,0,test
small_ember_000202,1,expiro,0.9999999999999905,1,test
small_ember_000203,1,expiro,0.9999999999999944,1,test
small_ember_000204,1,xmrig,1.0,1,test
small_ember_000205,0,unknown,2.582056367888225e-05,0,test
small_ember_000206,0,unknown,3.9966738811868805e-10,0,test
small_ember_000207,0,unknown,5.0476652483190565e-11,0,test
small_ember_000208,1,unknown,0.9999999999653926,1,test
small_ember_000209,0,unknown,2.0766150941581143e-07,0,test
small_ember_000210,0,unknown,2.2453141178145443e-08,0,test
small_ember_000211,0,unknown,1.2050943607123387e-08,0,test
small_ember_000212,0,unknown,6.256030335331296e-11,0,test
small_ember_000213,1,scarletflash,0.9999999752925633,1,test
small_ember_000214,1,xmrig,1.0,1,test
small_ember_000215,0,unknown,8.054162606516328e-08,0,test
small_ember_000216,1,cheathappens,0.9997905014664024,1,test
small_ember_000217,1,expiro,0.9999999999992313,1,test
small_ember_000218,1,expiro,0.9999999999999378,1,test
small_ember_000219,1,unknown,0.9999997853894474,1,test
small_ember_000220,1,xmrig,1.0,1,test
small_ember_000221,0,unknown,1.2326111184636928e-07,0,test
small_ember_000222,0,unknown,2.0784319632551004e-05,0,test
small_ember_000223,0,unknown,1.9969000651065623e-08,0,test
small_ember_000224,0,unknown,3.189882950538408e-08,0,test
small_ember_000225,0,unknown,7.811675961503348e-08,0,test
small_ember_000226,0,unknown,1.2792518651806131e-08,0,test
small_ember_000227,0,unknown,1.86829433186562e-06,0,test
small_ember_000228,0,unknown,8.621690583648266e-09,0,test
small_ember_000229,1,scarletflash,0.9999822572142815,1,test
small_ember_000230,1,disin,0.9999999999995646,1,test
small_ember_000231,1,crampes,0.9999999995416164,1,test
small_ember_000232,1,xmrig,0.9999998566525751,1,test
small_ember_000233,1,xmrig,0.9999999990412456,1,test
small_ember_000234,1,grandoreiro,0.9999999999973812,1,test
small_ember_000235,1,grandoreiro,0.9999999990942949,1,test
small_ember_000236,1,scarletflash,0.9999999851933077,1,test
small_ember_000237,1,xmrig,1.0,1,test
small_ember_000238,0,unknown,1.6093355820885695e-05,0,test
small_ember_000239,1,xmrig,1.0,1,test
small_ember_000240,1,unknown,0.9994597796157149,1,test
small_ember_000241,1,killwin,0.9999726230777285,1,test
small_ember_000242,1,xmrig,1.0,1,test
small_ember_000243,1,xmrig,1.0,1,test
small_ember_000244,1,xmrig,1.0,1,test
small_ember_000245,1,wacatac,0.9999999983417485,1,test
small_ember_000246,1,wacatac,0.9999994116558879,1,test
small_ember_000247,1,wacatac,0.9999975396994879,1,test
small_ember_000248,1,scarletflash,0.9999464376312712,1,test
small_ember_000249,0,unknown,8.296405628046966e-07,0,test
small_ember_000250,0,unknown,4.495681899476884e-10,0,test
small_ember_000251,0,unknown,6.424764932587667e-12,0,test
small_ember_000252,0,unknown,1.8070667143852789e-07,0,test
small_ember_000253,0,unknown,2.2600900104112877e-12,0,test
small_ember_000254,0,unknown,0.0035543267309848347,0,test
small_ember_000255,0,unknown,5.536722886243639e-13,0,test
small_ember_000256,0,unknown,7.618049870253515e-12,0,test
small_ember_000257,0,unknown,2.8371306468470153e-09,0,test
small_ember_000258,0,unknown,1.7991009512153392e-11,0,test
small_ember_000259,0,unknown,0.0001233047717716436,0,test
small_ember_000260,0,unknown,6.982222923070385e-10,0,test
small_ember_000261,1,xmrig,1.0,1,test
small_ember_000262,1,unknown,0.9999999999999996,1,test
small_ember_000263,1,unknown,0.9999999999999996,1,test
small_ember_000264,1,unknown,0.9995397204554158,1,test
small_ember_000265,1,taskun,0.9999999959467647,1,test
small_ember_000266,1,wacatac,0.999999999999432,1,test
small_ember_000267,1,unknown,0.9999980572472518,1,test
small_ember_000268,1,bodegun,0.9999526412848435,1,test
small_ember_000269,1,unknown,0.9453867375314968,1,test
small_ember_000270,1,xmrig,1.0,1,test
small_ember_000271,1,xmrig,1.0,1,test
small_ember_000272,1,xmrig,1.0,1,test
small_ember_000273,1,unknown,0.9999996974965224,1,test
small_ember_000274,1,coroxy,0.9999999807706504,1,test
small_ember_000275,1,disco,0.9999714432349924,1,test
small_ember_000276,1,xmrig,1.0,1,test
small_ember_000277,1,expiro,0.9999999999893159,1,test
small_ember_000278,1,expiro,0.9999999999999594,1,test
small_ember_000279,0,unknown,4.1403192341405317e-08,0,test
small_ember_000280,0,unknown,2.6603622418825853e-08,0,test
small_ember_000281,0,unknown,1.5655022506323494e-08,0,test
small_ember_000282,0,unknown,0.0003225518882559302,0,test
small_ember_000283,1,xmrig,1.0,1,test
small_ember_000284,1,unknown,0.9999417194148317,1,test
small_ember_000285,0,unknown,1.6915263010890452e-06,0,test
small_ember_000286,1,unknown,0.999943772322952,1,test
small_ember_000287,0,unknown,3.65930765398646e-07,0,test
small_ember_000288,0,unknown,3.8208882426777e-08,0,test
small_ember_000289,0,unknown,5.702668067260664e-06,0,test
small_ember_000290,1,premine,0.9999999999999318,1,test
small_ember_000291,1,wacatac,0.9999999980650773,1,test
small_ember_000292,1,unknown,0.952094383229603,1,test
small_ember_000293,0,unknown,2.1867654265949395e-06,0,test
small_ember_000294,1,bedep,0.999999167753365,1,test
small_ember_000295,1,vindor,0.9999999999999996,1,test
small_ember_000296,1,xmrig,1.0,1,test
small_ember_000297,1,xmrig,1.0,1,test
small_ember_000298,0,unknown,3.508217010431984e-07,0,test
small_ember_000299,0,unknown,3.7979306061166226e-07,0,test
small_ember_000300,0,unknown,2.8014540807821588e-06,0,test
small_ember_000301,0,unknown,6.831402676477024e-06,0,test
small_ember_000302,1,unknown,0.999999999998513,1,test
small_ember_000303,1,xmrig,1.0,1,test
small_ember_000304,1,unknown,0.9999999515480705,1,test
small_ember_000305,1,expiro,0.9999966898963493,1,test
small_ember_000306,1,banload,0.9999999999999998,1,test
small_ember_000307,1,premine,0.9999999999999885,1,test
small_ember_000308,1,xmrig,0.999999999999978,1,test
small_ember_000309,0,unknown,5.258298073332643e-11,0,test
small_ember_000310,0,unknown,1.0122562033093807e-10,0,test
small_ember_000311,0,unknown,2.0037999328050573e-08,0,test
small_ember_000312,1,disin,0.9999999999998996,1,test
small_ember_000313,1,unknown,0.9995989943194373,1,test
small_ember_000314,0,unknown,2.4885480838592077e-05,0,test
small_ember_000315,0,unknown,2.582517730909882e-09,0,test
small_ember_000316,1,ramnit,0.9999999947419944,1,test
small_ember_000317,0,unknown,1.358482147611592e-11,0,test
small_ember_000318,1,scarletflash,0.9999999999998923,1,test
small_ember_000319,1,shelm,0.9999999969811728,1,test
small_ember_000320,1,disin,0.9999999999796514,1,test
small_ember_000321,0,unknown,4.667321994713803e-10,0,test
small_ember_000322,0,unknown,6.085814715702e-05,0,test
small_ember_000323,1,cstealer,0.9999999998374274,1,test
small_ember_000324,0,unknown,2.52421575684212e-11,0,test
small_ember_000325,1,expiro,0.9999468688381038,1,test
small_ember_000326,1,luna,0.9999999999997782,1,test
small_ember_000327,0,unknown,1.805213456314723e-09,0,test
small_ember_000328,0,unknown,8.688179806052866e-08,0,test
small_ember_000329,0,unknown,0.9812832501101071,1,test
small_ember_000330,0,unknown,2.702629483451811e-13,0,test
small_ember_000331,0,unknown,2.112395595179794e-06,0,test
small_ember_000332,0,unknown,6.548312938492102e-06,0,test
small_ember_000333,0,unknown,5.625733660611093e-05,0,test
small_ember_000334,0,unknown,5.267380766282755e-07,0,test
small_ember_000335,1,unknown,0.9999998033274153,1,test
small_ember_000336,1,unknown,0.9999969082676929,1,test
small_ember_000337,0,unknown,3.068690664180822e-08,0,test
small_ember_000338,1,unknown,0.9999999632236756,1,test
small_ember_000339,0,unknown,3.052112493482984e-10,0,test
small_ember_000340,1,unknown,0.9999994996183909,1,test
small_ember_000341,1,unknown,0.9999956423174978,1,test
small_ember_000342,1,unknown,0.9999991014811813,1,test
small_ember_000343,1,unknown,0.9999892648298405,1,test
small_ember_000344,1,stelega,0.9999104321118476,1,test
small_ember_000345,0,unknown,1.1188327532967095e-13,0,test
small_ember_000346,0,unknown,0.005846710747486304,0,test
small_ember_000347,0,unknown,4.777119964223629e-10,0,test
small_ember_000348,1,scarletflash,0.9999999994327495,1,test
small_ember_000349,0,unknown,4.973769947008075e-07,0,test
small_ember_000350,0,unknown,4.0735755494841003e-10,0,test
small_ember_000351,1,wacatac,0.9999999999989786,1,test
small_ember_000352,0,unknown,7.966491256681667e-07,0,test
small_ember_000353,1,unknown,0.999999829132172,1,test
small_ember_000354,1,unknown,0.9999997651139035,1,test
small_ember_000355,0,unknown,2.4740338728093456e-11,0,test
small_ember_000356,0,unknown,1.3064903952132303e-09,0,test
small_ember_000357,0,unknown,4.075315530484322e-12,0,test
small_ember_000358,1,scarletflash,0.8451710378721052,1,test
small_ember_000359,1,wacatac,0.9999999997662992,1,test
small_ember_000360,0,unknown,1.049633389803418e-09,0,test
small_ember_000361,0,unknown,6.847344324715381e-07,0,test
small_ember_000362,1,ctsinf,0.9999834281618307,1,test
small_ember_000363,1,unknown,0.999982804069229,1,test
small_ember_000364,1,bedep,0.9999999998004736,1,test
small_ember_000365,0,unknown,3.5047801524859287e-06,0,test
small_ember_000366,0,unknown,4.333844166632881e-09,0,test
small_ember_000367,1,wacatac,0.9999996317451824,1,test
small_ember_000368,1,wacatac,0.9999999999999973,1,test
small_ember_000369,1,wacatac,0.9999999999999971,1,test
small_ember_000370,1,wacatac,0.9999999999854638,1,test
small_ember_000371,1,ammyy,0.9964727180500123,1,test
small_ember_000372,0,unknown,7.424456028841678e-07,0,test
small_ember_000373,0,unknown,1.455641999381738e-10,0,test
small_ember_000374,0,unknown,2.39143192971702e-07,0,test
small_ember_000375,0,unknown,1.4559203726468247e-13,0,test
small_ember_000376,0,unknown,1.9486045491192578e-13,0,test
small_ember_000377,0,unknown,4.6711886602700775e-09,0,test
small_ember_000378,0,unknown,3.003499649683086e-14,0,test
small_ember_000379,1,scarletflash,0.9999981876550329,1,test
small_ember_000380,1,barys,0.9999999999997871,1,test
small_ember_000381,0,unknown,0.020038189656236948,1,test
small_ember_000382,1,unknown,0.9999989608456648,1,test
small_ember_000383,1,unknown,0.9999999999999776,1,test
small_ember_000384,0,unknown,8.355565147516754e-07,0,test
small_ember_000385,1,mikey,0.9999999999998352,1,test
small_ember_000386,1,grandoreiro,0.999999999997319,1,test
small_ember_000387,1,onlinegames,0.998445415479084,1,test
small_ember_000388,1,grandoreiro,0.9999999999985445,1,test
small_ember_000389,1,trollav,0.9999999999999569,1,test
small_ember_000390,1,grandoreiro,0.9999999999993228,1,test
small_ember_000391,1,grandoreiro,0.9999999999959843,1,test
small_ember_000392,1,xmrig,0.9999999999999993,1,test
small_ember_000393,1,expiro,0.9999999999999842,1,test
small_ember_000394,1,xmrig,1.0,1,test
small_ember_000395,1,wacatac,0.9999999999764297,1,test
small_ember_000396,1,banload,0.9999999999999991,1,test
small_ember_000397,1,xmrig,1.0,1,test
small_ember_000398,1,xmrig,1.0,1,test
small_ember_000399,1,dinwod,0.9999999999998797,1,test
small_ember_000400,1,berbew,0.9999999959607562,1,test
small_ember_000401,1,xmrig,0.999999999981523,1,test
small_ember_000402,1,xmrig,0.9999999999999569,1,test
small_ember_000403,1,xmrig,1.0,1,test
small_ember_000404,1,xmrig,1.0,1,test
small_ember_000405,1,berbew,0.9999999999946358,1,test
small_ember_000406,0,unknown,3.733894629496001e-07,0,test
small_ember_000407,1,xmrig,1.0,1,test
small_ember_000408,1,berbew,0.9999999999567899,1,test
small_ember_000409,1,xmrig,0.9999999999984734,1,test
small_ember_000410,1,xmrig,0.9999999999999998,1,test
small_ember_000411,1,xmrig,1.0,1,test
small_ember_000412,1,xmrig,0.9999999999999996,1,test
small_ember_000413,1,xmrig,1.0,1,test
small_ember_000414,1,xmrig,0.9999999999999998,1,test
small_ember_000415,1,cobaltstrike,0.9999391628908545,1,test
small_ember_000416,0,unknown,2.9578710443561693e-07,0,test
small_ember_000417,0,unknown,1.227617226853399e-06,0,test
small_ember_000418,0,unknown,1.3344347581814844e-06,0,test
small_ember_000419,0,unknown,6.162746443604967e-07,0,test
small_ember_000420,0,unknown,1.0548443589817734e-07,0,test
small_ember_000421,0,unknown,1.0389510900930438e-07,0,test
small_ember_000422,0,unknown,4.732419836312902e-06,0,test
small_ember_000423,0,unknown,1.8610414774251044e-09,0,test
small_ember_000424,0,unknown,0.637484958734189,1,test
small_ember_000425,1,xmrig,0.9999999999999982,1,test
small_ember_000426,0,unknown,4.239028659823103e-07,0,test
small_ember_000427,1,bedep,0.9999999674605287,1,test
small_ember_000428,1,xmrig,1.0,1,test
small_ember_000429,0,unknown,3.34618517075248e-07,0,test
small_ember_000430,1,xmrig,1.0,1,test
small_ember_000431,1,xmrig,1.0,1,test
small_ember_000432,0,unknown,4.314555194586844e-06,0,test
small_ember_000433,1,xmrig,1.0,1,test
small_ember_000434,1,xmrig,1.0,1,test
small_ember_000435,1,xmrig,1.0,1,test
small_ember_000436,1,xmrig,1.0,1,test
small_ember_000437,1,xmrig,1.0,1,test
small_ember_000438,1,fasong,0.9999999999999669,1,test
small_ember_000439,1,cryptonote,0.9989674489371262,1,test
small_ember_000440,1,xmrig,1.0,1,test
small_ember_000441,1,ctsinf,0.999999999316024,1,test
small_ember_000442,1,smallagent,0.987705582354004,1,test
small_ember_000443,1,xmrig,1.0,1,test
small_ember_000444,1,sfone,0.999999998201422,1,test
small_ember_000445,1,xmrig,1.0,1,test
small_ember_000446,1,sufrar,0.9999982295209286,1,test
small_ember_000447,1,xmrig,1.0,1,test
small_ember_000448,1,qqrob,0.9999999999793419,1,test
small_ember_000449,0,unknown,5.325748556595028e-06,0,test
small_ember_000450,1,mikey,0.9996745644988961,1,test
small_ember_000451,0,unknown,0.0003656302352792559,0,test
small_ember_000452,1,wacatac,0.999999999900939,1,test
small_ember_000453,1,kerneldrutil,0.9999999999916525,1,test
small_ember_000454,1,xmrig,1.0,1,test
small_ember_000455,0,unknown,3.856744013314734e-09,0,test
small_ember_000456,1,unknown,0.9999999971251461,1,test
small_ember_000457,1,xmrig,0.9999999965457305,1,test
small_ember_000458,1,xmrig,1.0,1,test
small_ember_000459,1,expiro,0.9999999999998348,1,test
small_ember_000460,1,xmrig,0.9999999999999982,1,test
small_ember_000461,1,airadinstaller,0.9999845484434305,1,test
small_ember_000462,1,xmrig,0.9999999999999996,1,test
small_ember_000463,0,unknown,3.942387575771567e-09,0,test
small_ember_000464,1,unknown,0.9999927158596686,1,test
small_ember_000465,0,unknown,2.599551426134246e-09,0,test
small_ember_000466,0,unknown,0.0001278161905371814,0,test
small_ember_000467,0,unknown,1.623118634612725e-11,0,test
small_ember_000468,0,unknown,6.661255984617923e-08,0,test
small_ember_000469,1,xmrig,0.9999999999999998,1,test
small_ember_000470,1,xmrig,1.0,1,test
small_ember_000471,1,xmrig,0.9999999995696554,1,test
small_ember_000472,1,xmrig,1.0,1,test
small_ember_000473,1,xmrig,1.0,1,test
small_ember_000474,1,xmrig,1.0,1,test
small_ember_000475,1,xmrig,1.0,1,test
small_ember_000476,1,tidebypass,0.999487016530723,1,test
small_ember_000477,1,xmrig,1.0,1,test
small_ember_000478,1,ctsinf,0.9999999974043452,1,test
small_ember_000479,1,xmrig,0.9999999999999982,1,test
small_ember_000480,1,xmrig,0.9999999999999996,1,test
small_ember_000481,1,blackv,0.9999999995140236,1,test
small_ember_000482,1,bedep,0.9999999753980927,1,test
small_ember_000483,1,wacatac,0.9994152841364538,1,test
small_ember_000484,1,unknown,0.9999999999417506,1,test
small_ember_000485,1,xmrig,1.0,1,test
small_ember_000486,1,xmrig,1.0,1,test
small_ember_000487,1,xmrig,1.0,1,test
small_ember_000488,1,xmrig,1.0,1,test
small_ember_000489,0,unknown,2.858756977023289e-09,0,test
small_ember_000490,1,xmrig,1.0,1,test
small_ember_000491,1,xmrig,1.0,1,test
small_ember_000492,1,xmrig,1.0,1,test
small_ember_000493,0,unknown,1.4517639948384044e-13,0,test
small_ember_000494,0,unknown,3.710985109831774e-13,0,test
small_ember_000495,0,unknown,1.6720388707665682e-09,0,test
small_ember_000496,0,unknown,1.849020922088464e-10,0,test
small_ember_000497,0,unknown,1.4910814069569789e-13,0,test
small_ember_000498,0,unknown,4.944856262687315e-08,0,test
small_ember_000499,0,unknown,6.038613674129785e-12,0,test
small_ember_000500,0,unknown,9.829718974822709e-07,0,test
small_ember_000501,0,unknown,1.2588947663219628e-12,0,test
small_ember_000502,0,unknown,6.832487582587071e-11,0,test
small_ember_000503,0,unknown,7.686171799337178e-10,0,test
small_ember_000504,0,unknown,1.6283938914059575e-12,0,test
small_ember_000505,0,unknown,1.109008683763133e-13,0,test
small_ember_000506,0,unknown,1.4473705552534982e-11,0,test
small_ember_000507,0,unknown,3.340666340920061e-09,0,test
small_ember_000508,0,unknown,2.0446401184300243e-11,0,test
small_ember_000509,0,unknown,7.964914905608352e-12,0,test
small_ember_000510,0,unknown,3.716554213310969e-13,0,test
small_ember_000511,0,unknown,2.4358439418802668e-12,0,test
small_ember_000512,1,xmrig,1.0,1,test
small_ember_000513,0,unknown,5.995344845154592e-12,0,test
small_ember_000514,0,unknown,3.489033665404096e-11,0,test
small_ember_000515,0,unknown,3.897151913263839e-13,0,test
small_ember_000516,0,unknown,1.8877651384857263e-06,0,test
small_ember_000517,0,unknown,6.439514160668443e-10,0,test
small_ember_000518,0,unknown,3.006053799222037e-11,0,test
small_ember_000519,0,unknown,3.775461170832409e-06,0,test
small_ember_000520,0,unknown,7.444248739797555e-10,0,test
small_ember_000521,0,unknown,8.58343575357915e-09,0,test
small_ember_000522,0,unknown,2.760807002859516e-12,0,test
small_ember_000523,0,unknown,2.4995499335970644e-11,0,test
small_ember_000524,0,unknown,5.8868580952493975e-12,0,test
small_ember_000525,0,unknown,2.600599899189627e-13,0,test
small_ember_000526,0,unknown,5.237537666927855e-09,0,test
small_ember_000527,0,unknown,1.6918757890534957e-09,0,test
small_ember_000528,0,unknown,2.80565133694108e-13,0,test
small_ember_000529,1,xmrig,1.0,1,test
small_ember_000530,0,unknown,1.003953283984989e-07,0,test
small_ember_000531,1,xmrig,1.0,1,test
small_ember_000532,1,xmrig,1.0,1,test
small_ember_000533,0,unknown,1.3151870141432885e-12,0,test
small_ember_000534,0,unknown,2.117914769187352e-09,0,test
small_ember_000535,0,unknown,7.491968019476373e-14,0,test
small_ember_000536,0,unknown,1.184380847953473e-11,0,test
small_ember_000537,0,unknown,7.770373487802597e-10,0,test
small_ember_000538,1,berbew,0.999999999377907,1,test
small_ember_000539,0,unknown,3.165493092373055e-13,0,test
small_ember_000540,0,unknown,3.918716912894674e-09,0,test
small_ember_000541,1,ulise,0.999999999996829,1,test
small_ember_000542,1,unknown,0.9999999999996152,1,test
small_ember_000543,1,xmrig,1.0,1,test
small_ember_000544,1,wacatac,0.9999999999950164,1,test
small_ember_000545,1,xmrig,0.9999999999887028,1,test
small_ember_000546,1,ulise,0.9999999999935163,1,test
small_ember_000547,1,berbew,0.9999999999953819,1,test
small_ember_000548,1,xmrig,1.0,1,test
small_ember_000549,1,xmrig,0.9999999999999996,1,test
small_ember_000550,1,xmrig,1.0,1,test
small_ember_000551,1,xmrig,1.0,1,test
small_ember_000552,1,blackv,0.9999999972870703,1,test
small_ember_000553,1,xmrig,0.9999999999996703,1,test
small_ember_000554,1,xmrig,1.0,1,test
small_ember_000555,1,wacatac,0.9999999917487822,1,test
small_ember_000556,1,xmrig,0.9999999999999993,1,test
small_ember_000557,1,xmrig,1.0,1,test
small_ember_000558,1,xmrig,1.0,1,test
small_ember_000559,1,xmrig,1.0,1,test
small_ember_000560,1,unknown,0.9999991083989561,1,test
small_ember_000561,1,xmrig,1.0,1,test
small_ember_000562,1,xmrig,1.0,1,test
small_ember_000563,1,berbew,0.9999999999999607,1,test
small_ember_000564,1,xmrig,1.0,1,test
small_ember_000565,0,unknown,8.495692628637154e-07,0,test
small_ember_000566,1,xmrig,1.0,1,test
small_ember_000567,1,wacatac,0.9999997615971525,1,test
small_ember_000568,1,xmrig,1.0,1,test
small_ember_000569,1,xmrig,0.9999999999999996,1,test
small_ember_000570,1,xmrig,1.0,1,test
small_ember_000571,1,xmrig,1.0,1,test
small_ember_000572,1,xmrig,1.0,1,test
small_ember_000573,0,unknown,0.0001807240108761228,0,test
small_ember_000574,1,xmrig,1.0,1,test
small_ember_000575,1,wacatac,0.9999999978694223,1,test
small_ember_000576,0,unknown,5.747140939190281e-09,0,test
small_ember_000577,1,xmrig,1.0,1,test
small_ember_000578,1,unknown,0.9978404895230041,1,test
small_ember_000579,0,unknown,2.4474870761209924e-13,0,test
small_ember_000580,0,unknown,4.404393990550132e-13,0,test
small_ember_000581,0,unknown,8.984290411378865e-15,0,test
small_ember_000582,0,unknown,1.0176131981330213e-13,0,test
small_ember_000583,0,unknown,2.4444887298501002e-14,0,test
small_ember_000584,0,unknown,1.0726296957664721e-11,0,test
small_ember_000585,0,unknown,3.3903514292075347e-13,0,test
small_ember_000586,0,unknown,3.858918300221868e-13,0,test
small_ember_000587,0,unknown,5.297843283347197e-14,0,test
small_ember_000588,0,unknown,2.3177024617387137e-10,0,test
small_ember_000589,0,unknown,4.647300235775233e-14,0,test
small_ember_000590,0,unknown,2.0824565344419036e-12,0,test
small_ember_000591,0,unknown,2.1287032789565786e-13,0,test
small_ember_000592,0,unknown,1.7599191946050963e-12,0,test
small_ember_000593,0,unknown,5.008282893911121e-12,0,test
small_ember_000594,0,unknown,1.1675929077621237e-11,0,test
small_ember_000595,0,unknown,1.7252448942003958e-13,0,test
small_ember_000596,0,unknown,5.171677641143192e-11,0,test
small_ember_000597,0,unknown,3.318927274734252e-14,0,test
small_ember_000598,0,unknown,4.838427791893658e-12,0,test
small_ember_000599,0,unknown,1.2057268825729352e-13,0,test
small_ember_000600,0,unknown,4.9809567127341455e-14,0,test
small_ember_000601,0,unknown,1.0139842667787578e-12,0,test
small_ember_000602,0,unknown,6.755321939838499e-14,0,test
small_ember_000603,0,unknown,5.891704899291003e-13,0,test
small_ember_000604,0,unknown,2.695916711500335e-12,0,test
small_ember_000605,0,unknown,3.717217728669385e-13,0,test
small_ember_000606,0,unknown,7.806043963993992e-14,0,test
small_ember_000607,0,unknown,2.4728355813668487e-11,0,test
small_ember_000608,0,unknown,1.498409875279027e-11,0,test
small_ember_000609,0,unknown,7.147945445996915e-12,0,test
small_ember_000610,0,unknown,4.5250184327431524e-12,0,test
small_ember_000611,0,unknown,4.272771645621336e-07,0,test
small_ember_000612,1,xmrig,1.0,1,test
small_ember_000613,0,unknown,1.7783308378590384e-07,0,test
small_ember_000614,0,unknown,1.9582025727023004e-08,0,test
small_ember_000615,0,unknown,1.6336981292897062e-07,0,test
small_ember_000616,0,unknown,7.731263095959403e-07,0,test
small_ember_000617,1,xmrig,1.0,1,test
small_ember_000618,1,xmrig,1.0,1,test
small_ember_000619,0,unknown,4.41438205550027e-12,0,test
small_ember_000620,1,xmrig,1.0,1,test
small_ember_000621,1,xmrig,1.0,1,test
small_ember_000622,0,unknown,2.9093159291002318e-11,0,test
small_ember_000623,0,unknown,3.336953466451078e-14,0,test
small_ember_000624,0,unknown,1.1644932803879746e-13,0,test
small_ember_000625,0,unknown,4.459762468143294e-08,0,test
small_ember_000626,0,unknown,3.779632155380345e-13,0,test
small_ember_000627,0,unknown,3.806145813327336e-14,0,test
small_ember_000628,0,unknown,5.242725521516291e-07,0,test
small_ember_000629,1,xmrig,0.9999999999999998,1,test
small_ember_000630,0,unknown,3.512860715198942e-10,0,test
small_ember_000631,0,unknown,3.4729129946719087e-09,0,test
small_ember_000632,0,unknown,1.198582919963262e-09,0,test
small_ember_000633,0,unknown,4.074766134491877e-14,0,test
small_ember_000634,0,unknown,8.6691246447917e-14,0,test
small_ember_000635,0,unknown,3.2369432220299196e-14,0,test
small_ember_000636,0,unknown,2.9645212002178875e-13,0,test
small_ember_000637,0,unknown,2.311701234452688e-10,0,test
small_ember_000638,0,unknown,2.8166156054548074e-13,0,test
small_ember_000639,0,unknown,2.68022919926293e-13,0,test
small_ember_000640,0,unknown,3.944888513897184e-14,0,test
small_ember_000641,0,unknown,2.348375579074481e-13,0,test
small_ember_000642,0,unknown,9.29198727652768e-14,0,test
small_ember_000643,0,unknown,4.14607782889644e-13,0,test
small_ember_000644,0,unknown,2.0844779483047756e-13,0,test
small_ember_000645,0,unknown,5.931744588167599e-14,0,test
small_ember_000646,0,unknown,6.381764951393668e-14,0,test
small_ember_000647,0,unknown,2.624316746001614e-13,0,test
small_ember_000648,0,unknown,8.485296609631134e-13,0,test
small_ember_000649,0,unknown,2.5481899328164267e-14,0,test
small_ember_000650,0,unknown,1.4168253386899e-12,0,test
small_ember_000651,0,unknown,8.605257965611902e-15,0,test
small_ember_000652,0,unknown,2.2359937119101056e-14,0,test
small_ember_000653,0,unknown,7.962523100693557e-14,0,test
small_ember_000654,0,unknown,2.922634549813309e-13,0,test
small_ember_000655,0,unknown,1.7529143706685273e-14,0,test
small_ember_000656,0,unknown,5.927795730905134e-11,0,test
small_ember_000657,0,unknown,2.8229179004985903e-13,0,test
small_ember_000658,0,unknown,9.09621887717698e-13,0,test
small_ember_000659,0,unknown,7.28180228911233e-09,0,test
small_ember_000660,1,xmrig,1.0,1,test
small_ember_000661,1,xmrig,1.0,1,test
small_ember_000662,1,xmrig,1.0,1,test
small_ember_000663,1,xmrig,1.0,1,test
small_ember_000664,1,xmrig,0.9999999999999996,1,test
small_ember_000665,1,xmrig,0.9999999999999998,1,test
small_ember_000666,1,xmrig,0.9999999999999993,1,test
small_ember_000667,1,unknown,0.9997437337995543,1,test
small_ember_000668,1,xmrig,0.9999999999996849,1,test
small_ember_000669,1,detplock,0.9999996603948665,1,test
small_ember_000670,0,unknown,1.0958225006778824e-09,0,test
small_ember_000671,0,unknown,9.937394692938143e-06,0,test
small_ember_000672,0,unknown,0.0003443512999252342,0,test
small_ember_000673,0,unknown,3.8953203870018057e-07,0,test
small_ember_000674,1,xmrig,1.0,1,test
small_ember_000675,0,unknown,0.0011170212702764262,0,test
small_ember_000676,0,unknown,0.0010973759098912292,0,test
small_ember_000677,0,unknown,4.699281348263536e-08,0,test
small_ember_000678,0,unknown,4.1036603043152214e-11,0,test
small_ember_000679,0,unknown,1.0725169258620767e-09,0,test
small_ember_000680,0,unknown,3.2012584584960635e-11,0,test
small_ember_000681,0,unknown,1.1658620551120537e-11,0,test
small_ember_000682,0,unknown,1.0508217405278157e-06,0,test
small_ember_000683,0,unknown,1.700193985589001e-09,0,test
small_ember_000684,0,unknown,3.91676290585422e-10,0,test
small_ember_000685,0,unknown,3.274250926004451e-09,0,test
small_ember_000686,1,xmrig,1.0,1,test
small_ember_000687,1,xmrig,1.0,1,test
small_ember_000688,1,xmrig,1.0,1,test
small_ember_000689,1,berbew,0.999999994682268,1,test
small_ember_000690,1,xmrig,1.0,1,test
small_ember_000691,1,xmrig,1.0,1,test
small_ember_000692,1,xmrig,1.0,1,test
small_ember_000693,1,xmrig,1.0,1,test
small_ember_000694,1,vindor,0.9999999995009645,1,test
small_ember_000695,1,xmrig,0.9999999999999998,1,test
small_ember_000696,1,xmrig,1.0,1,test
small_ember_000697,1,xmrig,1.0,1,test
small_ember_000698,1,xmrig,1.0,1,test
small_ember_000699,1,berbew,0.9999999985729826,1,test
small_ember_000700,1,xmrig,0.9999999999999996,1,test
small_ember_000701,1,xmrig,1.0,1,test
small_ember_000702,1,batavprockill,0.9999999999221678,1,test
small_ember_000703,0,unknown,5.576057408177153e-08,0,test
small_ember_000704,1,xmrig,0.9999999999999749,1,test
small_ember_000705,1,unknown,0.999999999890457,1,test
small_ember_000706,1,xmrig,1.0,1,test
small_ember_000707,1,xmrig,1.0,1,test
small_ember_000708,1,xmrig,1.0,1,test
small_ember_000709,1,xmrig,0.9999999999999993,1,test
small_ember_000710,1,xmrig,1.0,1,test
small_ember_000711,1,vindor,0.9999999999999996,1,test
small_ember_000712,1,xmrig,1.0,1,test
small_ember_000713,1,xmrig,1.0,1,test
small_ember_000714,1,xmrig,1.0,1,test
small_ember_000715,1,xmrig,1.0,1,test
small_ember_000716,0,unknown,3.2959976265581937e-11,0,test
small_ember_000717,0,unknown,7.390857864736939e-10,0,test
small_ember_000718,0,unknown,8.054875352637912e-11,0,test
small_ember_000719,0,unknown,3.778336386305647e-09,0,test
small_ember_000720,1,xmrig,1.0,1,test
small_ember_000721,1,xmrig,1.0,1,test
small_ember_000722,1,xmrig,1.0,1,test
small_ember_000723,1,xmrig,1.0,1,test
small_ember_000724,1,amsibypass,0.9999665835800223,1,test
small_ember_000725,1,xmrig,1.0,1,test
small_ember_000726,1,rugmi,0.9947283948629632,1,test
small_ember_000727,1,berbew,0.9999999494050206,1,test
small_ember_000728,1,xmrig,1.0,1,test
small_ember_000729,1,berbew,0.9999999999874853,1,test
small_ember_000730,1,xmrig,0.9999999999999998,1,test
small_ember_000731,1,xmrig,1.0,1,test
small_ember_000732,1,xmrig,0.999999977919207,1,test
small_ember_000733,1,astral,0.9990519475685895,1,test
small_ember_000734,1,xmrig,1.0,1,test
small_ember_000735,1,unknown,0.9999999999769404,1,test
small_ember_000736,1,xmrig,0.9999999999999998,1,test
small_ember_000737,1,xmrig,0.9999999999999996,1,test
small_ember_000738,1,xmrig,1.0,1,test
small_ember_000739,1,unknown,0.7551240957239653,1,test
small_ember_000740,1,xmrig,1.0,1,test
small_ember_000741,0,unknown,0.0003078936018113626,0,test
small_ember_000742,0,unknown,5.595721917306048e-07,0,test
small_ember_000743,0,unknown,1.1197409984118468e-07,0,test
small_ember_000744,1,xmrig,1.0,1,test
small_ember_000745,1,berbew,0.9999999373951992,1,test
small_ember_000746,1,xmrig,0.9999999999999989,1,test
small_ember_000747,0,unknown,0.0008664538826349767,0,test
small_ember_000748,1,xmrig,1.0,1,test
small_ember_000749,1,banload,0.9999999999999998,1,test
small_ember_000750,1,ddosia,0.9999999996807829,1,test
small_ember_000751,0,unknown,2.8483989772474697e-06,0,test
small_ember_000752,1,berbew,0.999999999992957,1,test
small_ember_000753,0,unknown,4.170800966750803e-08,0,test
small_ember_000754,1,wacatac,0.9999999999538447,1,test
small_ember_000755,1,xmrig,1.0,1,test
small_ember_000756,1,grandoreiro,0.9999999997779823,1,test
small_ember_000757,1,unknown,0.999999794651137,1,test
small_ember_000758,1,xmrig,1.0,1,test
small_ember_000759,0,unknown,1.2958073519378219e-08,0,test
small_ember_000760,1,xmrig,0.9999999999919951,1,test
small_ember_000761,1,grandoreiro,0.9999999999646314,1,test
small_ember_000762,1,xmrig,1.0,1,test
small_ember_000763,1,wacatac,0.9999999999945579,1,test
small_ember_000764,1,connectwise,0.9999852318539544,1,test
small_ember_000765,1,xmrig,1.0,1,test
small_ember_000766,1,xmrig,0.9999999999999998,1,test
small_ember_000767,0,unknown,2.1859081776012596e-10,0,test
small_ember_000768,1,berbew,0.9999999999948304,1,test
small_ember_000769,1,xmrig,1.0,1,test
small_ember_000770,1,xmrig,1.0,1,test
small_ember_000771,1,dridex,0.9999514337528548,1,test
small_ember_000772,1,xmrig,0.9999999999999993,1,test
small_ember_000773,1,xmrig,0.9999999999999996,1,test
small_ember_000774,1,xmrig,1.0,1,test
small_ember_000775,1,xmrig,1.0,1,test
small_ember_000776,1,premine,0.9999999999999252,1,test
small_ember_000777,1,xmrig,1.0,1,test
small_ember_000778,1,xmrig,1.0,1,test
small_ember_000779,1,xmrig,0.9999999999999993,1,test
small_ember_000780,1,xmrig,1.0,1,test
small_ember_000781,1,xmrig,1.0,1,test
small_ember_000782,1,unknown,0.9999999999971028,1,test
small_ember_000783,0,unknown,1.6125297921830137e-10,0,test
small_ember_000784,0,unknown,1.6125297921830137e-10,0,test
small_ember_000785,0,unknown,9.18011592421274e-10,0,test
small_ember_000786,0,unknown,1.926191186327157e-10,0,test
small_ember_000787,0,unknown,1.6156573978477907e-10,0,test
small_ember_000788,0,unknown,5.687131214238557e-08,0,test
small_ember_000789,1,unknown,0.9999994357624109,1,test
small_ember_000790,0,unknown,1.0991268826540673e-08,0,test
small_ember_000791,1,expiro,0.9999999999999314,1,test
small_ember_000792,1,xmrig,1.0,1,test
small_ember_000793,1,xmrig,1.0,1,test
small_ember_000794,1,unknown,0.9998599817297903,1,test
small_ember_000795,1,xmrig,0.9999999999999996,1,test
small_ember_000796,1,xmrig,1.0,1,test
small_ember_000797,1,xmrig,0.9999999999999996,1,test
small_ember_000798,1,berbew,0.9999999999953677,1,test
small_ember_000799,1,xmrig,1.0,1,test
small_ember_000800,1,expiro,0.9999999999958202,1,test
small_ember_000801,1,xmrig,0.9999999999999996,1,test
small_ember_000802,1,xmrig,1.0,1,test
small_ember_000803,1,xmrig,0.9999999999999993,1,test
small_ember_000804,1,xmrig,0.9999999999999967,1,test
small_ember_000805,1,berbew,0.999999999371697,1,test
small_ember_000806,1,xmrig,1.0,1,test
small_ember_000807,1,vindor,0.9999971862269642,1,test
small_ember_000808,1,xmrig,1.0,1,test
small_ember_000809,1,creprote,0.9999999953525172,1,test
small_ember_000810,1,khalesi,0.9999978831079409,1,test
small_ember_000811,1,wacatac,0.9999999999842601,1,test
small_ember_000812,1,xmrig,0.9999999999999993,1,test
small_ember_000813,1,xmrig,1.0,1,test
small_ember_000814,1,expiro,0.9999897490921903,1,test
small_ember_000815,1,xmrig,1.0,1,test
small_ember_000816,1,ulise,0.9999999999911282,1,test
small_ember_000817,1,cuegoe,0.9999998663716406,1,test
small_ember_000818,0,unknown,5.923436110615871e-07,0,test
small_ember_000819,0,unknown,7.675605499526335e-12,0,test
small_ember_000820,1,conti,0.99995376711838,1,test
small_ember_000821,0,unknown,2.956310820600664e-11,0,test
small_ember_000822,0,unknown,5.659414881251732e-13,0,test
small_ember_000823,0,unknown,1.4849370365067582e-07,0,test
small_ember_000824,0,unknown,4.3262934478102757e-07,0,test
small_ember_000825,0,unknown,1.9106244999226276e-07,0,test
small_ember_000826,0,unknown,2.225699572127119e-10,0,test
small_ember_000827,0,unknown,1.3735573954448474e-09,0,test
small_ember_000828,0,unknown,2.545859036448775e-06,0,test
small_ember_000829,0,unknown,1.838630396390787e-08,0,test
small_ember_000830,0,unknown,2.3504355376896408e-07,0,test
small_ember_000831,1,xmrig,1.0,1,test
small_ember_000832,0,unknown,6.533353822538661e-11,0,test
small_ember_000833,0,unknown,4.626816092721202e-08,0,test
small_ember_000834,0,unknown,0.9767790278849711,1,test
small_ember_000835,1,wacatac,0.9999999999999301,1,test
small_ember_000836,1,lockbit,0.9999999999993718,1,test
small_ember_000837,0,unknown,3.3499135241589806e-16,0,test
small_ember_000838,0,unknown,2.137650770547714e-14,0,test
small_ember_000839,0,unknown,4.379658644282198e-11,0,test
small_ember_000840,0,unknown,1.39284820715981e-14,0,test
small_ember_000841,0,unknown,1.1465693834476325e-14,0,test
small_ember_000842,0,unknown,6.228627038419724e-14,0,test
small_ember_000843,0,unknown,0.00267075078110641,0,test
small_ember_000844,0,unknown,1.654067176082003e-05,0,test
small_ember_000845,1,qhost,0.9999405216685043,1,test
small_ember_000846,0,unknown,1.6759494384054697e-05,0,test
small_ember_000847,1,lockergoga,0.9999999982418353,1,test
small_ember_000848,1,unknown,0.9999999999997864,1,test
small_ember_000849,1,unknown,0.9999999756934003,1,test
small_ember_000850,1,unknown,0.9798043773660324,1,test
small_ember_000851,1,unknown,0.9723500264105355,1,test
small_ember_000852,1,unknown,0.6663536761791239,1,test
small_ember_000853,1,shelm,0.9999999475140818,1,test
small_ember_000854,1,unknown,0.999999994073467,1,test
small_ember_000855,0,unknown,2.28054172512293e-05,0,test
small_ember_000856,0,unknown,5.7874735397928865e-11,0,test
small_ember_000857,0,unknown,4.867008360642242e-15,0,test
small_ember_000858,0,unknown,1.662430832544452e-16,0,test
small_ember_000859,0,unknown,1.4819628372801705e-15,0,test
small_ember_000860,0,unknown,1.5413842710147326e-13,0,test
small_ember_000861,0,unknown,3.7362090073155414e-12,0,test
small_ember_000862,0,unknown,2.91790831464848e-11,0,test
small_ember_000863,0,unknown,7.84037942868261e-11,0,test
small_ember_000864,0,unknown,3.65648594974332e-07,0,test
small_ember_000865,0,unknown,1.9493185034942173e-12,0,test
small_ember_000866,0,unknown,1.0142224686564002e-15,0,test
small_ember_000867,0,unknown,8.858598715773565e-16,0,test
small_ember_000868,0,unknown,8.384352440933551e-07,0,test
small_ember_000869,0,unknown,5.64870998118873e-14,0,test
small_ember_000870,0,unknown,1.893829009497829e-09,0,test
small_ember_000871,0,unknown,5.454045546335488e-09,0,test
small_ember_000872,0,unknown,2.943346499212674e-14,0,test
small_ember_000873,0,unknown,6.220379348956243e-10,0,test
small_ember_000874,0,unknown,1.472599117009987e-14,0,test
small_ember_000875,0,unknown,4.590947478556313e-09,0,test
small_ember_000876,0,unknown,8.181365481528112e-09,0,test
small_ember_000877,0,unknown,4.119028766662592e-11,0,test
small_ember_000878,0,unknown,5.222659522831238e-11,0,test
small_ember_000879,0,unknown,2.8676917068268306e-15,0,test
small_ember_000880,0,unknown,8.251430717311613e-08,0,test
small_ember_000881,0,unknown,1.3648918550105208e-09,0,test
small_ember_000882,0,unknown,1.0774767970129659e-05,0,test
small_ember_000883,0,unknown,1.235991823082065e-09,0,test
small_ember_000884,0,unknown,4.072137710688171e-05,0,test
small_ember_000885,0,unknown,8.658828422134499e-08,0,test
small_ember_000886,0,unknown,1.4794609416780936e-08,0,test
small_ember_000887,0,unknown,8.506204737644168e-09,0,test
small_ember_000888,0,unknown,3.67274790393825e-09,0,test
small_ember_000889,0,unknown,1.4320113152254475e-08,0,test
small_ember_000890,0,unknown,5.859434282878899e-06,0,test
small_ember_000891,0,unknown,4.46326783988209e-05,0,test
small_ember_000892,0,unknown,1.50642435938309e-13,0,test
small_ember_000893,0,unknown,9.656868334982221e-06,0,test
small_ember_000894,0,unknown,1.242636634985185e-11,0,test
small_ember_000895,0,unknown,1.1623309228618107e-12,0,test
small_ember_000896,0,unknown,3.965147099389768e-12,0,test
small_ember_000897,0,unknown,9.082995976735666e-11,0,test
small_ember_000898,0,unknown,3.1307173051557967e-13,0,test
small_ember_000899,0,unknown,3.6824984113382756e-05,0,test
small_ember_000900,0,unknown,3.573123353264525e-07,0,test
small_ember_000901,0,unknown,1.6367001181447302e-14,0,test
small_ember_000902,0,unknown,3.1346171331830297e-06,0,test
small_ember_000903,0,unknown,9.345094561478905e-08,0,test
small_ember_000904,0,unknown,4.886063360403657e-09,0,test
small_ember_000905,0,unknown,1.4731509177122896e-05,0,test
small_ember_000906,0,unknown,1.7295359646900756e-08,0,test
small_ember_000907,0,unknown,3.7155575086317265e-07,0,test
small_ember_000908,0,unknown,3.4763774878758147e-11,0,test
small_ember_000909,0,unknown,8.619631903531459e-07,0,test
small_ember_000910,1,donut,0.9999999585744613,1,test
small_ember_000911,0,unknown,2.253620923461082e-08,0,test
small_ember_000912,0,unknown,4.068910353843726e-12,0,test
small_ember_000913,0,unknown,8.437514619176378e-13,0,test
small_ember_000914,0,unknown,5.714526062503699e-12,0,test
small_ember_000915,0,unknown,3.739371670570395e-07,0,test
small_ember_000916,0,unknown,2.1210497515100318e-07,0,test
small_ember_000917,0,unknown,4.687251048844995e-06,0,test
small_ember_000918,0,unknown,6.140942686878393e-13,0,test
small_ember_000919,0,unknown,6.791919115466367e-09,0,test
small_ember_000920,0,unknown,3.400036597595075e-10,0,test
small_ember_000921,0,unknown,2.512193288382996e-10,0,test
small_ember_000922,1,unknown,0.9999999999885594,1,test
small_ember_000923,1,scarletflash,0.9999999999998364,1,test
small_ember_000924,1,virut,0.9999994702142001,1,test
small_ember_000925,1,unknown,0.999429087841888,1,test
small_ember_000926,0,unknown,0.00016730925160936323,0,test
small_ember_000927,0,unknown,2.4838177987627507e-10,0,test
small_ember_000928,1,unknown,0.9975537520394113,1,test
small_ember_000929,1,unknown,0.9992491639949125,1,test
small_ember_000930,1,connectwise,0.9999773082229605,1,test
small_ember_000931,1,unknown,0.9997778785715105,1,test
small_ember_000932,1,lockbit,0.9999992625860477,1,test
small_ember_000933,1,metasploit,0.9999999999995841,1,test
small_ember_000934,1,barys,0.9997499935472958,1,test
small_ember_000935,0,unknown,3.065694498794315e-10,0,test
small_ember_000936,1,unknown,0.9999999998375164,1,test
small_ember_000937,1,bedep,0.9999999998134657,1,test
small_ember_000938,1,disin,0.9999999992838802,1,test
small_ember_000939,1,wacatac,0.9999999942298983,1,test
small_ember_000940,1,kdmapper,0.9999575395180276,1,test
small_ember_000941,0,unknown,1.3529554357212813e-12,0,test
small_ember_000942,0,unknown,1.74464533625095e-05,0,test
small_ember_000943,0,unknown,2.9678473414452753e-08,0,test
small_ember_000944,0,unknown,3.7281780915656053e-14,0,test
small_ember_000945,0,unknown,3.0121177736314936e-09,0,test
small_ember_000946,0,unknown,0.0008208451800525235,0,test
small_ember_000947,0,unknown,1.7641121004205478e-09,0,test
small_ember_000948,0,unknown,4.008837453544202e-10,0,test
small_ember_000949,1,unknown,0.8350985753471525,1,test
small_ember_000950,0,unknown,2.550378131650369e-07,0,test
small_ember_000951,0,unknown,1.639954839027863e-05,0,test
small_ember_000952,1,stubo,0.9999999999918197,1,test
small_ember_000953,1,unknown,0.999999996634765,1,test
small_ember_000954,1,wacatac,0.9999999999980114,1,test
small_ember_000955,0,unknown,5.428811084335649e-06,0,test
small_ember_000956,1,metasploit,0.9999999999682112,1,test
small_ember_000957,1,cobaltstrike,0.999999998486993,1,test
small_ember_000958,0,unknown,0.0011814662335488638,0,test
small_ember_000959,1,vidar,0.9610608053851661,1,test
small_ember_000960,1,caynamer,0.9999999999994731,1,test
small_ember_000961,0,unknown,1.938723137771816e-10,0,test
small_ember_000962,1,wacatac,0.9999994310811452,1,test
small_ember_000963,1,wacatac,0.9999999999812812,1,test
small_ember_000964,1,rugmi,0.9999377361172788,1,test
small_ember_000965,0,unknown,2.162828609546365e-10,0,test
small_ember_000966,0,unknown,4.513579815485961e-10,0,test
small_ember_000967,0,unknown,5.625429031526087e-10,0,test
small_ember_000968,0,unknown,4.9623930478144385e-11,0,test
small_ember_000969,0,unknown,9.385616939318175e-11,0,test
small_ember_000970,1,scarletflash,0.9999999999999492,1,test
small_ember_000971,0,unknown,1.2502245740422863e-06,0,test
small_ember_000972,0,unknown,1.4064130047194032e-06,0,test
small_ember_000973,0,unknown,0.0003834833259622394,0,test
small_ember_000974,0,unknown,4.3295205762520123e-07,0,test
small_ember_000975,0,unknown,0.00017672079284295465,0,test
small_ember_000976,0,unknown,3.41093564388421e-10,0,test
small_ember_000977,0,unknown,2.0475568265074723e-11,0,test
small_ember_000978,1,berbew,0.9999999999998805,1,test
small_ember_000979,1,vbclone,0.9999998749136968,1,test
small_ember_000980,1,trollav,0.9999999999999738,1,test
small_ember_000981,1,xmrig,0.9999999999999993,1,test
small_ember_000982,1,wacatac,0.9999994705958657,1,test
small_ember_000983,1,wacatac,0.999999999997162,1,test
small_ember_000984,1,rugmi,0.9999997125159625,1,test
small_ember_000985,0,unknown,6.717606416880379e-08,0,test
small_ember_000986,0,unknown,3.9603191647860785e-08,0,test
small_ember_000987,0,unknown,1.3145183566323837e-06,0,test
small_ember_000988,1,xmrig,1.0,1,test
small_ember_000989,1,xmrig,1.0,1,test
small_ember_000990,0,unknown,6.709749782591543e-08,0,test
small_ember_000991,0,unknown,2.0142964705426405e-08,0,test
small_ember_000992,1,crypmodng,0.9999999998579157,1,test
small_ember_000993,0,unknown,1.0797485887395654e-09,0,test
small_ember_000994,0,unknown,3.3630269292689264e-05,0,test
small_ember_000995,0,unknown,4.5002310548812225e-06,0,test
small_ember_000996,1,dinwod,0.9999999996825979,1,test
small_ember_000997,0,unknown,2.56248089164791e-08,0,test
small_ember_000998,1,xmrig,0.9999999999999996,1,test
small_ember_000999,1,xmrig,1.0,1,test
small_ember_001000,1,disin,0.9999999999998235,1,test
small_ember_001001,1,xmrig,0.9999999999999996,1,test
small_ember_001002,0,unknown,0.002502464995119982,0,test
small_ember_001003,1,donut,0.9999999942852777,1,test
small_ember_001004,1,mydoom,0.9999999998466045,1,test
small_ember_001005,1,xmrig,0.9999999999999996,1,test
small_ember_001006,1,fasong,0.999999999999309,1,test
small_ember_001007,1,unknown,0.9999731100006738,1,test
small_ember_001008,1,donut,0.9999999997497968,1,test
small_ember_001009,0,unknown,3.939684912915944e-05,0,test
small_ember_001010,1,crypmodng,0.9999999999999523,1,test
small_ember_001011,1,alien,0.9999999999982898,1,test
small_ember_001012,1,xmrig,0.9999999999999996,1,test
small_ember_001013,1,bingoml,0.9995844525737395,1,test
small_ember_001014,1,legmir,0.9999976318776075,1,test
small_ember_001015,1,unknown,0.9999999870209295,1,test
small_ember_001016,0,unknown,3.3455900017625107e-10,0,test
small_ember_001017,0,unknown,9.479472463972064e-12,0,test
small_ember_001018,0,unknown,3.66539437941065e-08,0,test
small_ember_001019,0,unknown,7.571220956731677e-10,0,test
small_ember_001020,0,unknown,2.7674973871656846e-10,0,test
small_ember_001021,0,unknown,3.8887655441640863e-10,0,test
small_ember_001022,0,unknown,5.1441159785340294e-11,0,test
small_ember_001023,0,unknown,1.2224481951399328e-07,0,test
small_ember_001024,0,unknown,4.898319864601496e-12,0,test
small_ember_001025,0,unknown,1.8729567429040369e-10,0,test
small_ember_001026,0,unknown,3.226124771295419e-11,0,test
small_ember_001027,0,unknown,4.41041218306991e-11,0,test
small_ember_001028,0,unknown,2.4002610808478586e-10,0,test
small_ember_001029,0,unknown,3.124030169786761e-10,0,test
small_ember_001030,0,unknown,1.0134584168315829e-08,0,test
small_ember_001031,1,dorifel,0.9999999650406427,1,test
small_ember_001032,1,disco,0.9999998513121876,1,test
small_ember_001033,0,unknown,5.6753667436068127e-11,0,test
small_ember_001034,1,scarletflash,0.9999994374739469,1,test
small_ember_001035,0,unknown,7.723964097012705e-14,0,test
small_ember_001036,0,unknown,2.533917941836427e-12,0,test
small_ember_001037,0,unknown,7.44533019993788e-12,0,test
small_ember_001038,0,unknown,1.981564582013786e-13,0,test
small_ember_001039,0,unknown,7.58306814118172e-13,0,test
small_ember_001040,0,unknown,3.276906349779842e-13,0,test
small_ember_001041,0,unknown,0.000764801640125952,0,test
small_ember_001042,0,unknown,1.6053087684556795e-12,0,test
small_ember_001043,0,unknown,1.7813228008396357e-13,0,test
small_ember_001044,0,unknown,1.80283693571126e-12,0,test
small_ember_001045,0,unknown,1.9305991377721767e-13,0,test
small_ember_001046,0,unknown,3.2752797065492527e-14,0,test
small_ember_001047,0,unknown,2.7819750633142953e-12,0,test
small_ember_001048,0,unknown,7.594739616452046e-09,0,test
small_ember_001049,0,unknown,2.2798869285313303e-13,0,test
small_ember_001050,0,unknown,2.75437007599842e-11,0,test
small_ember_001051,0,unknown,3.3922340800161805e-13,0,test
small_ember_001052,0,unknown,4.628880150021723e-13,0,test
small_ember_001053,0,unknown,3.584726780192324e-12,0,test
small_ember_001054,1,emdup,0.9999999999915665,1,test
small_ember_001055,1,teslacrypt,0.9999998135088787,1,test
small_ember_001056,1,unknown,0.9999219027130506,1,test
small_ember_001057,1,qqrob,0.9999999999997391,1,test
small_ember_001058,0,unknown,5.4460574718171e-16,0,test
small_ember_001059,1,berbew,0.9999999999999571,1,test
small_ember_001060,1,xmrig,1.0,1,test
small_ember_001061,1,xmrig,1.0,1,test
small_ember_001062,1,xmrig,1.0,1,test
small_ember_001063,0,unknown,3.191238604742518e-10,0,test
small_ember_001064,0,unknown,2.3750989017966428e-12,0,test
small_ember_001065,1,xmrig,1.0,1,test
small_ember_001066,0,unknown,1.5959452725083555e-08,0,test
small_ember_001067,0,unknown,3.1472963993030415e-07,0,test
small_ember_001068,1,unknown,0.9999999997330873,1,test
small_ember_001069,1,unknown,0.9999966512860206,1,test
small_ember_001070,0,unknown,0.0006108005434856412,0,test
small_ember_001071,1,banload,0.9999999999999902,1,test
small_ember_001072,1,xmrig,1.0,1,test
small_ember_001073,1,xmrig,1.0,1,test
small_ember_001074,1,berbew,0.9999999999999818,1,test
small_ember_001075,1,wacatac,0.9999999540197132,1,test
small_ember_001076,1,unknown,0.9999937328873775,1,test
small_ember_001077,0,unknown,9.049362187061091e-10,0,test
small_ember_001078,1,unknown,0.9990537092808246,1,test
small_ember_001079,1,scarletflash,0.9997246607327421,1,test
small_ember_001080,1,xmrig,1.0,1,test
small_ember_001081,1,unknown,0.9999746811858219,1,test
small_ember_001082,1,xmrig,1.0,1,test
small_ember_001083,0,unknown,6.648910369548876e-12,0,test
small_ember_001084,1,unknown,0.9984395288180355,1,test
small_ember_001085,1,disin,0.999999999999974,1,test
small_ember_001086,1,xmrig,0.9997820376635659,1,test
small_ember_001087,1,xmrig,1.0,1,test
small_ember_001088,1,xmrig,1.0,1,test
small_ember_001089,0,unknown,2.2007886292318156e-11,0,test
small_ember_001090,1,xmrig,1.0,1,test
small_ember_001091,0,unknown,7.343061792111302e-13,0,test
small_ember_001092,1,unknown,0.9999999995383151,1,test
small_ember_001093,0,unknown,0.00013083489151652591,0,test
small_ember_001094,0,unknown,0.00021373697845133806,0,test
small_ember_001095,1,xmrig,1.0,1,test
small_ember_001096,1,xmrig,1.0,1,test
small_ember_001097,0,unknown,5.66814327444248e-06,0,test
small_ember_001098,0,unknown,0.001151567078846545,0,test
small_ember_001099,0,unknown,8.027154010282335e-11,0,test
small_ember_001100,0,unknown,2.3848832054997853e-08,0,test
small_ember_001101,0,unknown,3.4632340270435036e-06,0,test
small_ember_001102,1,helloxd,0.9999995374125142,1,test
small_ember_001103,1,magictools,0.9985297709708043,1,test
small_ember_001104,1,xmrig,1.0,1,test
small_ember_001105,1,xmrig,0.9999999999999996,1,test
small_ember_001106,1,scarletflash,0.9999999915771861,1,test
small_ember_001107,1,shelm,0.9999999996133246,1,test
small_ember_001108,1,yongyufeed,0.9621246979449711,1,test
small_ember_001109,0,unknown,3.698380051337055e-06,0,test
small_ember_001110,1,cobaltstrike,0.9999999372401133,1,test
small_ember_001111,1,killall,0.9999965686585612,1,test
small_ember_001112,1,xmrig,1.0,1,test
small_ember_001113,1,banload,0.9999999999999418,1,test
small_ember_001114,1,xmrig,1.0,1,test
small_ember_001115,1,noobyprotect,0.9999839181367853,1,test
small_ember_001116,0,unknown,1.4676938788950609e-08,0,test
small_ember_001117,1,unknown,0.9999997925106414,1,test
small_ember_001118,1,picsys,0.9999999999846134,1,test
small_ember_001119,0,unknown,2.6795360404281716e-07,0,test
small_ember_001120,1,xmrig,1.0,1,test
small_ember_001121,1,blackv,0.9999999804807423,1,test
small_ember_001122,1,dinwod,0.9999999999999833,1,test
small_ember_001123,0,unknown,9.304224966280448e-06,0,test
small_ember_001124,0,unknown,1.0153372971734786e-07,0,test
small_ember_001125,0,unknown,3.6517216581496163e-07,0,test
small_ember_001126,1,diplugem,0.9999998923218847,1,test
small_ember_001127,1,blackv,0.9999999995881887,1,test
small_ember_001128,1,wacatac,0.9999997066209406,1,test
small_ember_001129,1,gator,0.9999998186938932,1,test
small_ember_001130,1,unknown,0.9999220899634959,1,test
small_ember_001131,1,cobaltstrike,0.9999999800205921,1,test
small_ember_001132,0,unknown,2.7338134830667393e-08,0,test
small_ember_001133,1,unknown,0.9999998781231751,1,test
small_ember_001134,1,unknown,0.9999999999705111,1,test
small_ember_001135,1,unknown,0.9999999220344892,1,test
small_ember_001136,0,unknown,4.843276181961601e-13,0,test
small_ember_001137,0,unknown,3.607591501872371e-13,0,test
small_ember_001138,0,unknown,1.0263567471758123e-12,0,test
small_ember_001139,0,unknown,7.234611745255298e-14,0,test
small_ember_001140,1,unknown,0.9999999888007357,1,test
small_ember_001141,0,unknown,2.1304705230839222e-10,0,test
small_ember_001142,0,unknown,2.554888626424444e-10,0,test
small_ember_001143,1,unknown,0.9999999815759452,1,test
small_ember_001144,0,unknown,5.778508449901096e-07,0,test
small_ember_001145,1,unknown,0.9999999998894318,1,test
small_ember_001146,0,unknown,2.072927116008422e-06,0,test
small_ember_001147,1,lockbit,0.9999999999998663,1,test
small_ember_001148,0,unknown,3.1778877391910834e-07,0,test
small_ember_001149,0,unknown,1.0366121254690652e-06,0,test
small_ember_001150,0,unknown,1.3403341109518793e-05,0,test
small_ember_001151,0,unknown,2.966519491189213e-07,0,test
small_ember_001152,0,unknown,6.1296572926492596e-09,0,test
small_ember_001153,0,unknown,1.7059669450240994e-08,0,test
small_ember_001154,0,unknown,7.877650619660769e-07,0,test
small_ember_001155,1,unknown,0.9986310508978109,1,test
small_ember_001156,1,grandoreiro,0.9999999999996039,1,test
small_ember_001157,0,unknown,2.0756959664083554e-05,0,test
small_ember_001158,0,unknown,1.5251491867450111e-06,0,test
small_ember_001159,0,unknown,2.83109221070268e-05,0,test
small_ember_001160,1,pykspa,0.9999401520717413,1,test
small_ember_001161,0,unknown,2.454372750173515e-06,0,test
small_ember_001162,1,scarletflash,0.9999999963752375,1,test
small_ember_001163,1,phonzy,0.999999954174165,1,test
small_ember_001164,0,unknown,4.6735729186200246e-06,0,test
small_ember_001165,0,unknown,2.1905277223718883e-11,0,test
small_ember_001166,0,unknown,2.4053906736567666e-08,0,test
small_ember_001167,0,unknown,4.982898034241764e-11,0,test
small_ember_001168,1,unknown,0.9999999999989457,1,test
small_ember_001169,0,unknown,7.062963537792581e-14,0,test
small_ember_001170,0,unknown,1.0449553301584809e-05,0,test
small_ember_001171,0,unknown,4.839294236281444e-05,0,test
small_ember_001172,0,unknown,6.566353116871966e-05,0,test
small_ember_001173,0,unknown,6.315881150992072e-07,0,test
small_ember_001174,0,unknown,4.901288681414681e-06,0,test
small_ember_001175,0,unknown,5.453865745800597e-07,0,test
small_ember_001176,0,unknown,0.00011649402621547987,0,test
small_ember_001177,0,unknown,0.00030412165258762426,0,test
small_ember_001178,0,unknown,5.053537375017508e-07,0,test
small_ember_001179,0,unknown,9.26320490308075e-06,0,test
small_ember_001180,0,unknown,4.154143242132808e-07,0,test
small_ember_001181,0,unknown,2.728102779027838e-06,0,test
small_ember_001182,0,unknown,6.322256053840169e-07,0,test
small_ember_001183,0,unknown,3.726844471374995e-09,0,test
small_ember_001184,1,puwaders,0.9999999925114836,1,test
small_ember_001185,1,unknown,0.9999508699537858,1,test
small_ember_001186,1,unknown,0.9998267161699085,1,test
small_ember_001187,0,unknown,2.2937233302072705e-06,0,test
small_ember_001188,0,unknown,0.00023951992236540234,0,test
small_ember_001189,1,unknown,0.999442883554354,1,test
small_ember_001190,1,unknown,0.9999640412096819,1,test
small_ember_001191,1,unknown,0.9999994711014788,1,test
small_ember_001192,1,emotet,0.9999980123918888,1,test
small_ember_001193,1,connectscreen,0.999920638231846,1,test
small_ember_001194,1,connectwise,0.9999924690355012,1,test
small_ember_001195,1,unknown,0.9995616963926267,1,test
small_ember_001196,1,unknown,0.999934569933112,1,test
small_ember_001197,1,barys,0.999999999569589,1,test
small_ember_001198,0,unknown,4.63520326676184e-14,0,test
small_ember_001199,1,goshell,0.9999999999939784,1,test
small_ember_001200,1,cerbu,0.9999999813573449,1,test
small_ember_001201,1,wacatac,0.9999098652020114,1,test
small_ember_001202,1,disin,0.999999999999517,1,test
small_ember_001203,0,unknown,1.0134296731293043e-13,0,test
small_ember_001204,0,unknown,6.087945440127087e-15,0,test
small_ember_001205,1,bedep,0.9996815742834407,1,test
small_ember_001206,0,unknown,1.0718195231324272e-12,0,test
small_ember_001207,0,unknown,1.0774334597270356e-15,0,test
small_ember_001208,0,unknown,7.545420517272402e-16,0,test
small_ember_001209,0,unknown,5.193037797754921e-09,0,test
small_ember_001210,0,unknown,1.8776553945411857e-06,0,test
small_ember_001211,0,unknown,3.418446572338108e-10,0,test
small_ember_001212,1,leadlabs,0.9999822751192436,1,test
small_ember_001213,1,expiro,0.9979081837624467,1,test
small_ember_001214,0,unknown,4.804127852465592e-13,0,test
small_ember_001215,0,unknown,4.633228114745089e-06,0,test
small_ember_001216,0,unknown,5.07524423203392e-15,0,test
small_ember_001217,0,unknown,1.3578834682899133e-09,0,test
small_ember_001218,1,opensupdater,0.9999972058022111,1,test
small_ember_001219,1,stubo,0.999999999999335,1,test
small_ember_001220,1,khalesi,0.9999911249023838,1,test
small_ember_001221,1,scarletflash,0.9998616843617356,1,test
small_ember_001222,1,expiro,0.9999999999945528,1,test
small_ember_001223,0,unknown,2.753186378009307e-05,0,test
small_ember_001224,1,unknown,0.9992340016800577,1,test
small_ember_001225,1,bobik,0.9999221911111207,1,test
small_ember_001226,1,disin,0.9999999999990516,1,test
small_ember_001227,1,luna,0.999999999993507,1,test
small_ember_001228,0,unknown,8.198926134478346e-10,0,test
small_ember_001229,0,unknown,1.5393860682668673e-07,0,test
small_ember_001230,0,unknown,8.380940812852009e-11,0,test
small_ember_001231,1,khalesi,0.9999950610177902,1,test
small_ember_001232,1,unknown,0.9996984884085651,1,test
small_ember_001233,0,unknown,1.817987445499566e-06,0,test
small_ember_001234,0,unknown,2.32331059879588e-08,0,test
small_ember_001235,1,wacatac,0.999999999999992,1,test
small_ember_001236,1,phonzy,0.999999999161381,1,test
small_ember_001237,0,unknown,1.1290233392015603e-14,0,test
small_ember_001238,0,unknown,1.246159022927297e-16,0,test
small_ember_001239,1,unknown,0.9988898013844303,1,test
small_ember_001240,1,scarletflash,0.9988766831614289,1,test
small_ember_001241,1,redline,0.9999949499955985,1,test
small_ember_001242,0,unknown,5.77616278655995e-06,0,test
small_ember_001243,1,unknown,0.9999462189446777,1,test
small_ember_001244,1,convagent,0.999999964036296,1,test
small_ember_001245,1,lockergoga,0.9999999998608406,1,test
small_ember_001246,0,unknown,3.5259327402212003e-10,0,test
small_ember_001247,0,unknown,5.739379164470421e-07,0,test
small_ember_001248,1,trollav,0.9999999999998401,1,test
small_ember_001249,0,unknown,0.0005567124648084414,0,test
small_ember_001250,1,unknown,0.9999999973591944,1,test
small_ember_001251,1,emdup,0.9999999998277929,1,test
small_ember_001252,1,nuitka,0.999999996585226,1,test
small_ember_001253,1,shelm,0.9999999998568079,1,test
small_ember_001254,0,unknown,7.004141613254287e-09,0,test
small_ember_001255,1,wacatac,0.9999999819063995,1,test
small_ember_001256,0,unknown,2.4209885134675867e-10,0,test
small_ember_001257,1,unknown,0.9990782547237906,1,test
small_ember_001258,1,wacatac,0.9999999825418403,1,test
small_ember_001259,0,unknown,2.400067603747822e-08,0,test
small_ember_001260,1,wacatac,0.9999999906350902,1,test
small_ember_001261,0,unknown,2.124505487653004e-09,0,test
small_ember_001262,1,scarletflash,0.9999995448427226,1,test
small_ember_001263,1,unknown,0.9999994936571842,1,test
small_ember_001264,1,wacatac,0.9999999998207401,1,test
small_ember_001265,1,bedep,0.9999999999991307,1,test
small_ember_001266,0,unknown,1.3301545997896274e-10,0,test
small_ember_001267,0,unknown,1.539965063750054e-08,0,test
small_ember_001268,0,unknown,2.480388157800271e-10,0,test
small_ember_001269,0,unknown,9.922231391037976e-13,0,test
small_ember_001270,0,unknown,1.7369232007184774e-11,0,test
small_ember_001271,0,unknown,1.1818438152582547e-08,0,test
small_ember_001272,1,unknown,0.9999995703263446,1,test
small_ember_001273,0,unknown,1.3901614284706508e-13,0,test
small_ember_001274,0,unknown,1.7052251467289135e-09,0,test
small_ember_001275,0,unknown,5.798925017214555e-07,0,test
small_ember_001276,0,unknown,3.0750456466536805e-10,0,test
small_ember_001277,0,unknown,1.514282372367185e-11,0,test
small_ember_001278,0,unknown,1.2574660303277454e-17,0,test
small_ember_001279,0,unknown,2.155901471229458e-05,0,test
small_ember_001280,0,unknown,1.0697650119587353e-06,0,test
small_ember_001281,0,unknown,6.36088655713149e-09,0,test
small_ember_001282,0,unknown,8.625492367375276e-08,0,test
small_ember_001283,0,unknown,5.796861838513226e-08,0,test
small_ember_001284,0,unknown,0.0034002825508750094,0,test
small_ember_001285,1,unknown,0.9999999996740325,1,test
small_ember_001286,1,disin,0.9999999998370608,1,test
small_ember_001287,1,unknown,0.9999999999999545,1,test
small_ember_001288,0,unknown,4.0323442365075865e-05,0,test
small_ember_001289,0,unknown,1.4561664049289272e-07,0,test
small_ember_001290,1,engimastealer,0.9999999509101445,1,test
small_ember_001291,1,unknown,0.870279635510943,1,test
small_ember_001292,1,qqrob,0.9999999999980922,1,test
small_ember_001293,1,strab,0.9840073313064728,1,test
small_ember_001294,1,redline,0.9996629779898917,1,test
small_ember_001295,1,nilage,0.9999967286148307,1,test
small_ember_001296,0,unknown,4.107222117905326e-06,0,test
small_ember_001297,0,unknown,6.092039678994703e-10,0,test
small_ember_001298,1,disin,0.999999999999849,1,test
small_ember_001299,1,winage,0.9999999993092477,1,test
small_ember_001300,0,unknown,2.7179658462604495e-10,0,test
small_ember_001301,0,unknown,0.000638406697294635,0,test
small_ember_001302,0,unknown,2.5574770179354772e-09,0,test
small_ember_001303,0,unknown,1.480674077079753e-10,0,test
small_ember_001304,0,unknown,3.0600057390245725e-06,0,test
small_ember_001305,1,taurusstealer,0.9999104228348977,1,test
small_ember_001306,0,unknown,1.54595512395189e-09,0,test
small_ember_001307,1,wacatac,0.9999999999588647,1,test
small_ember_001308,0,unknown,7.001417564256938e-07,0,test
small_ember_001309,1,unknown,0.9999999999989673,1,test
small_ember_001310,1,disco,0.9999999998598375,1,test
small_ember_001311,0,unknown,4.350109615064735e-14,0,test
small_ember_001312,0,unknown,4.605346935686203e-15,0,test
small_ember_001313,0,unknown,1.4968041484990077e-06,0,test
small_ember_001314,1,unknown,0.9999997213067873,1,test
small_ember_001315,0,unknown,0.00013342262611312552,0,test
small_ember_001316,0,unknown,4.145159874396767e-09,0,test
small_ember_001317,1,unknown,0.9999999999672546,1,test
small_ember_001318,0,unknown,7.652923495625633e-05,0,test
small_ember_001319,1,grandoreiro,0.9999999995335507,1,test
small_ember_001320,0,unknown,6.562575890133054e-15,0,test
small_ember_001321,1,unknown,0.9999999999999287,1,test
small_ember_001322,1,bedep,0.999999999979563,1,test
small_ember_001323,0,unknown,9.800335387445518e-10,0,test
small_ember_001324,0,unknown,1.1915033578386666e-08,0,test
small_ember_001325,1,wacatac,0.999999999998455,1,test
small_ember_001326,1,unknown,0.9999999390539843,1,test
small_ember_001327,0,unknown,1.754080426733564e-07,0,test
small_ember_001328,1,wacatac,0.9999999999291658,1,test
small_ember_001329,1,almi,0.9999999999999751,1,test
small_ember_001330,0,unknown,2.818660692787814e-11,0,test
small_ember_001331,0,unknown,1.5400114476121525e-13,0,test
small_ember_001332,0,unknown,6.143176843546775e-08,0,test
small_ember_001333,0,unknown,3.3410170121907267e-10,0,test
small_ember_001334,1,stubo,0.9999999999999618,1,test
small_ember_001335,0,unknown,4.002305792061447e-14,0,test
small_ember_001336,0,unknown,1.305167852627016e-06,0,test
small_ember_001337,0,unknown,0.0015717066855609548,0,test
small_ember_001338,1,xmrig,0.9999999999999998,1,test
small_ember_001339,0,unknown,1.593848203680392e-05,0,test
small_ember_001340,0,unknown,2.1684496196607534e-06,0,test
small_ember_001341,1,nevereg,0.9999980284640765,1,test
small_ember_001342,0,unknown,8.0826773953139e-08,0,test
small_ember_001343,1,lockergoga,0.9999999999999603,1,test
small_ember_001344,1,scarletflash,0.9999999999709321,1,test
small_ember_001345,0,unknown,6.173396157750095e-10,0,test
small_ember_001346,0,unknown,5.90074582269609e-12,0,test
small_ember_001347,1,wabot,0.9999999999199576,1,test
small_ember_001348,0,unknown,0.0010736381421649,0,test
small_ember_001349,1,marte,0.9999999997171816,1,test
small_ember_001350,0,unknown,9.171819503446629e-06,0,test
small_ember_001351,0,unknown,9.811177768482563e-06,0,test
small_ember_001352,0,unknown,5.911007570744626e-09,0,test
small_ember_001353,0,unknown,7.560191199743183e-09,0,test
small_ember_001354,1,banload,0.9999999999999991,1,test
small_ember_001355,1,xmrig,1.0,1,test
small_ember_001356,0,unknown,2.042655602140418e-05,0,test
small_ember_001357,0,unknown,9.018761362260354e-09,0,test
small_ember_001358,0,unknown,8.762847756693666e-07,0,test
small_ember_001359,0,unknown,5.254610614083863e-08,0,test
small_ember_001360,0,unknown,2.779786901191903e-07,0,test
small_ember_001361,0,unknown,8.913340139717205e-12,0,test
small_ember_001362,1,unknown,0.9998537867711511,1,test
small_ember_001363,1,virlock,0.9999999992381485,1,test
small_ember_001364,1,andromeda,0.9999999744759187,1,test
small_ember_001365,1,cosmu,0.9999999454177292,1,test
small_ember_001366,1,disin,0.99999999999918,1,test
small_ember_001367,0,unknown,0.0005329844273487249,0,test
small_ember_001368,1,xmrig,1.0,1,test
small_ember_001369,1,unknown,0.999999461118726,1,test
small_ember_001370,1,xmrig,0.9999999973982996,1,test
small_ember_001371,1,bodegun,0.99999119656428,1,test
small_ember_001372,1,blankgrabber,0.9999999999953779,1,test
small_ember_001373,1,ultravnc,0.9987349303628952,1,test
small_ember_001374,1,xmrig,0.9999999999983331,1,test
small_ember_001375,1,ultravnc,0.9999116333528125,1,test
small_ember_001376,0,unknown,2.663102024703687e-06,0,test
small_ember_001377,0,unknown,1.928178606248148e-06,0,test
small_ember_001378,0,unknown,2.679012173144134e-07,0,test
small_ember_001379,1,unknown,0.9999408065441442,1,test
small_ember_001380,1,xmrig,1.0,1,test
small_ember_001381,1,xmrig,1.0,1,test
small_ember_001382,1,expiro,0.999999999999974,1,test
small_ember_001383,0,unknown,1.3360482482822245e-08,0,test
small_ember_001384,1,bedep,0.9999999982332202,1,test
small_ember_001385,1,bedep,0.9999999996993798,1,test
small_ember_001386,0,unknown,1.4141827762110448e-09,0,test
small_ember_001387,1,unknown,0.999999690048066,1,test
small_ember_001388,0,unknown,6.573535556827039e-05,0,test
small_ember_001389,0,unknown,1.0353730994309074e-17,0,test
small_ember_001390,1,xmrig,0.9999999999999993,1,test
small_ember_001391,1,bedep,0.9989027200021614,1,test
small_ember_001392,0,unknown,1.6070622001872444e-16,0,test
small_ember_001393,0,unknown,1.432660625742676e-17,0,test
small_ember_001394,0,unknown,1.443789639839141e-16,0,test
small_ember_001395,0,unknown,1.8968821908145498e-16,0,test
small_ember_001396,0,unknown,1.9331417961864155e-17,0,test
small_ember_001397,0,unknown,4.9281778183852564e-17,0,test
small_ember_001398,0,unknown,2.851454286091637e-17,0,test
small_ember_001399,0,unknown,7.698006697269233e-18,0,test
small_ember_001400,0,unknown,1.2285571229474874e-17,0,test
small_ember_001401,0,unknown,1.0830309541647057e-17,0,test
small_ember_001402,0,unknown,1.3882625782226624e-17,0,test
small_ember_001403,0,unknown,1.0928308271775878e-17,0,test
small_ember_001404,0,unknown,1.5218876596046923e-16,0,test
small_ember_001405,0,unknown,1.2547806360733996e-17,0,test
small_ember_001406,0,unknown,3.19665339181831e-18,0,test
small_ember_001407,0,unknown,1.159057071661511e-17,0,test
small_ember_001408,0,unknown,6.7220781831951926e-18,0,test
small_ember_001409,0,unknown,1.8255298390891206e-17,0,test
small_ember_001410,0,unknown,6.314039815275814e-18,0,test
small_ember_001411,0,unknown,7.302251479687736e-18,0,test
small_ember_001412,0,unknown,3.261528533632622e-17,0,test
small_ember_001413,0,unknown,4.800743351712008e-18,0,test
small_ember_001414,0,unknown,2.719835073317285e-17,0,test
small_ember_001415,0,unknown,3.598411403089117e-17,0,test
small_ember_001416,0,unknown,6.458231305529224e-17,0,test
small_ember_001417,0,unknown,6.7757420789386834e-18,0,test
small_ember_001418,0,unknown,8.75853612941503e-18,0,test
small_ember_001419,0,unknown,5.593639732913641e-18,0,test
small_ember_001420,0,unknown,8.305462444318064e-18,0,test
small_ember_001421,0,unknown,8.52227885067581e-18,0,test
small_ember_001422,0,unknown,1.7775594882280654e-18,0,test
small_ember_001423,0,unknown,3.170765954652193e-17,0,test
small_ember_001424,0,unknown,7.425999720749021e-18,0,test
small_ember_001425,0,unknown,1.1844293268487071e-17,0,test
small_ember_001426,0,unknown,3.6777303663673375e-17,0,test
small_ember_001427,0,unknown,8.037156055004762e-18,0,test
small_ember_001428,0,unknown,1.2611657030118133e-17,0,test
small_ember_001429,0,unknown,7.493795902682533e-18,0,test
small_ember_001430,0,unknown,2.221373232889349e-17,0,test
small_ember_001431,0,unknown,7.919386415466518e-18,0,test
small_ember_001432,0,unknown,8.030924419819437e-18,0,test
small_ember_001433,0,unknown,1.0169888250099125e-17,0,test
small_ember_001434,0,unknown,2.3988016556394653e-17,0,test
small_ember_001435,0,unknown,8.277349447323449e-18,0,test
small_ember_001436,0,unknown,0.0004093567485160261,0,test
small_ember_001437,1,unknown,0.9913549642778039,1,test
small_ember_001438,0,unknown,3.518963349023908e-11,0,test
small_ember_001439,1,redline,0.9998771678862027,1,test
small_ember_001440,1,almi,0.9999999363094835,1,test
small_ember_001441,0,unknown,1.3530484953576665e-09,0,test
small_ember_001442,1,redline,0.9999925148534679,1,test
small_ember_001443,1,wacatac,0.9999999950655536,1,test
small_ember_001444,0,unknown,8.997719858836469e-08,0,test
small_ember_001445,1,bedep,0.99919580288265,1,test
small_ember_001446,0,unknown,3.5708810258543204e-07,0,test
small_ember_001447,0,unknown,6.522015960659065e-08,0,test
small_ember_001448,0,unknown,3.730112343262528e-12,0,test
small_ember_001449,1,emotet,0.999999999719337,1,test
small_ember_001450,1,disco,0.9999999999993252,1,test
small_ember_001451,1,wacatac,0.9999999999999729,1,test
small_ember_001452,1,unknown,0.9992792661155085,1,test
small_ember_001453,1,metasploit,0.9999999999554083,1,test
small_ember_001454,1,scarletflash,0.999999999998896,1,test
small_ember_001455,0,unknown,2.631321564073283e-08,0,test
small_ember_001456,1,penguish,0.9992073096253138,1,test
small_ember_001457,1,fugrafa,0.9999730089996953,1,test
small_ember_001458,1,ekstak,0.9934761776987312,1,test
small_ember_001459,0,unknown,6.400229099110992e-11,0,test
small_ember_001460,0,unknown,8.422114667903673e-07,0,test
small_ember_001461,1,diztakun,0.9999999998758409,1,test
small_ember_001462,1,scarletflash,0.9999994465167702,1,test
small_ember_001463,1,wacatac,0.9999999999995823,1,test
small_ember_001464,1,wacatac,0.9999999999978235,1,test
small_ember_001465,1,luna,0.9999999999999936,1,test
small_ember_001466,0,unknown,8.006225163376529e-17,0,test
small_ember_001467,1,scarletflash,0.9999999999995322,1,test
small_ember_001468,1,marte,0.9961300141264401,1,test
small_ember_001469,1,unknown,0.9999999720545464,1,test
small_ember_001470,1,unknown,0.9999971695015449,1,test
small_ember_001471,0,unknown,3.110450327481769e-11,0,test
small_ember_001472,0,unknown,2.0688151031666558e-07,0,test
small_ember_001473,0,unknown,3.2293664897976452e-06,0,test
small_ember_001474,0,unknown,1.0827879273292396e-06,0,test
small_ember_001475,0,unknown,3.343765329393417e-07,0,test
small_ember_001476,0,unknown,2.5505394836446284e-07,0,test
small_ember_001477,0,unknown,5.889581871465427e-06,0,test
small_ember_001478,0,unknown,1.3637813041427172e-07,0,test
small_ember_001479,0,unknown,3.7378045406269775e-05,0,test
small_ember_001480,0,unknown,3.400503501755315e-06,0,test
small_ember_001481,0,unknown,0.011839611499712903,1,test
small_ember_001482,0,unknown,2.5652224002088825e-06,0,test
small_ember_001483,0,unknown,3.188115098108302e-05,0,test
small_ember_001484,0,unknown,2.160914340249374e-05,0,test
small_ember_001485,0,unknown,4.3039897772574533e-07,0,test
small_ember_001486,1,unidl,0.9999942247053852,1,test
small_ember_001487,0,unknown,2.1651536028617583e-09,0,test
small_ember_001488,0,unknown,2.9388556161748356e-05,0,test
small_ember_001489,0,unknown,2.153849519078386e-05,0,test
small_ember_001490,0,unknown,6.603647535670723e-08,0,test
small_ember_001491,0,unknown,3.2252821421376298e-09,0,test
small_ember_001492,0,unknown,5.813223064241096e-09,0,test
small_ember_001493,0,unknown,9.896593044437936e-10,0,test
small_ember_001494,1,expiro,0.9999999971984954,1,test
small_ember_001495,0,unknown,1.886769432753803e-07,0,test
small_ember_001496,0,unknown,8.783269207861553e-11,0,test
small_ember_001497,0,unknown,2.9639347719204965e-14,0,test
small_ember_001498,0,unknown,8.26401273158652e-13,0,test
small_ember_001499,0,unknown,6.0581018847767894e-12,0,test
small_ember_001500,0,unknown,7.824145377363267e-09,0,test
small_ember_001501,1,rugmi,0.9999972857823292,1,test
small_ember_001502,1,wacatac,0.999999999825119,1,test
small_ember_001503,1,pytr,0.9999999999999827,1,test
small_ember_001504,1,disin,0.9999999998830991,1,test
small_ember_001505,0,unknown,0.006687218492112624,0,test
small_ember_001506,0,unknown,1.1427836639120242e-09,0,test
small_ember_001507,0,unknown,1.1177664104481952e-05,0,test
small_ember_001508,0,unknown,2.0297082205680538e-10,0,test
small_ember_001509,0,unknown,1.2128504875233441e-12,0,test
small_ember_001510,0,unknown,1.5980403253434025e-10,0,test
small_ember_001511,0,unknown,7.566391501387524e-11,0,test
small_ember_001512,0,unknown,8.587129178602728e-11,0,test
small_ember_001513,0,unknown,5.6630559771915056e-11,0,test
small_ember_001514,0,unknown,2.5855784843172374e-10,0,test
small_ember_001515,0,unknown,6.441322205036168e-07,0,test
small_ember_001516,0,unknown,2.1066830393603217e-09,0,test
small_ember_001517,0,unknown,5.511652654269157e-13,0,test
small_ember_001518,0,unknown,7.821248891434522e-14,0,test
small_ember_001519,0,unknown,1.7282250293806936e-08,0,test
small_ember_001520,0,unknown,5.3778952886951254e-08,0,test
small_ember_001521,0,unknown,5.158815267340392e-10,0,test
small_ember_001522,0,unknown,2.0424831171611025e-09,0,test
small_ember_001523,0,unknown,3.538031993452634e-08,0,test
small_ember_001524,0,unknown,4.51695912746151e-09,0,test
small_ember_001525,0,unknown,3.177797169057448e-07,0,test
small_ember_001526,0,unknown,1.0459117660135248e-10,0,test
small_ember_001527,0,unknown,5.485864402444961e-07,0,test
small_ember_001528,0,unknown,3.4702985910985075e-09,0,test
small_ember_001529,0,unknown,1.0675642204390995e-09,0,test
small_ember_001530,0,unknown,2.51407767187002e-08,0,test
small_ember_001531,0,unknown,3.86806366035255e-07,0,test
small_ember_001532,0,unknown,0.0002727977825436928,0,test
small_ember_001533,0,unknown,0.00035776691828390386,0,test
small_ember_001534,0,unknown,9.141511460219453e-14,0,test
small_ember_001535,0,unknown,2.0462262108990206e-11,0,test
small_ember_001536,0,unknown,1.1006886194861954e-10,0,test
small_ember_001537,0,unknown,7.688201300651653e-11,0,test
small_ember_001538,0,unknown,1.3784297101408237e-07,0,test
small_ember_001539,0,unknown,8.611665478158307e-12,0,test
small_ember_001540,0,unknown,0.0004149411516393178,0,test
small_ember_001541,0,unknown,2.3058863973666394e-09,0,test
small_ember_001542,0,unknown,3.2193775665720954e-08,0,test
small_ember_001543,0,unknown,3.61262649215986e-09,0,test
small_ember_001544,0,unknown,1.839538828957564e-06,0,test
small_ember_001545,0,unknown,1.750175660275551e-10,0,test
small_ember_001546,0,unknown,1.0827555525926118e-09,0,test
small_ember_001547,0,unknown,3.0512769045736556e-08,0,test
small_ember_001548,0,unknown,1.839526147450194e-07,0,test
small_ember_001549,0,unknown,5.6683433653258046e-11,0,test
small_ember_001550,0,unknown,7.667754681471148e-11,0,test
small_ember_001551,0,unknown,1.30561216150332e-07,0,test
small_ember_001552,1,unknown,0.9999999999377103,1,test
small_ember_001553,0,unknown,3.0801164221916263e-09,0,test
small_ember_001554,0,unknown,4.423825312966516e-08,0,test
small_ember_001555,0,unknown,7.803982563707635e-07,0,test
small_ember_001556,0,unknown,7.050156890025886e-08,0,test
small_ember_001557,0,unknown,1.2953154668165133e-08,0,test
small_ember_001558,0,unknown,2.596926096678212e-05,0,test
small_ember_001559,0,unknown,2.3470163922180084e-11,0,test
small_ember_001560,0,unknown,6.533641164005419e-10,0,test
small_ember_001561,0,unknown,6.200959072542082e-07,0,test
small_ember_001562,0,unknown,3.160986046035034e-10,0,test
small_ember_001563,0,unknown,1.1231204559856579e-09,0,test
small_ember_001564,0,unknown,4.3508441324605484e-10,0,test
small_ember_001565,0,unknown,5.534400673576314e-08,0,test
small_ember_001566,0,unknown,1.803583415765493e-07,0,test
small_ember_001567,0,unknown,1.6023552167642978e-09,0,test
small_ember_001568,0,unknown,1.53781127829985e-05,0,test
small_ember_001569,1,lotok,0.9999950826121481,1,test
small_ember_001570,1,unknown,0.9999999999996132,1,test
small_ember_001571,1,disin,0.9999999999809868,1,test
small_ember_001572,1,khalesi,0.9999999999556966,1,test
small_ember_001573,0,unknown,6.323032471856553e-08,0,test
small_ember_001574,1,convagent,0.9994472042502255,1,test
small_ember_001575,0,unknown,3.65351631413416e-06,0,test
small_ember_001576,0,unknown,7.495001478056093e-07,0,test
small_ember_001577,0,unknown,5.382906709814409e-08,0,test
small_ember_001578,0,unknown,1.0652202339216355e-11,0,test
small_ember_001579,0,unknown,0.0002702692339695754,0,test
small_ember_001580,0,unknown,5.355974114296754e-09,0,test
small_ember_001581,0,unknown,9.570583068256727e-12,0,test
small_ember_001582,0,unknown,0.001090630172253941,0,test
small_ember_001583,0,unknown,3.497622824865408e-07,0,test
small_ember_001584,0,unknown,9.77935378665985e-12,0,test
small_ember_001585,1,wacatac,0.9999999966644815,1,test
small_ember_001586,1,worgtop,0.9999999266387871,1,test
small_ember_001587,1,wacatac,0.9999859857683869,1,test
small_ember_001588,1,unknown,0.999938174488872,1,test
small_ember_001589,1,unknown,0.9999999788514322,1,test
small_ember_001590,0,unknown,9.617079678965345e-06,0,test
small_ember_001591,0,unknown,3.0680498450404488e-06,0,test
small_ember_001592,0,unknown,8.999301746365923e-18,0,test
small_ember_001593,1,bedep,0.9999999894461414,1,test
small_ember_001594,0,unknown,1.5915714668172344e-05,0,test
small_ember_001595,0,unknown,3.822483242082869e-15,0,test
small_ember_001596,0,unknown,1.0770782688131265e-10,0,test
small_ember_001597,0,unknown,4.6578121938196446e-14,0,test
small_ember_001598,0,unknown,2.816801748670559e-11,0,test
small_ember_001599,0,unknown,4.732693842411726e-12,0,test
small_ember_001600,0,unknown,5.089282095620981e-14,0,test
small_ember_001601,0,unknown,1.0586840983301003e-12,0,test
small_ember_001602,0,unknown,6.393814851195141e-14,0,test
small_ember_001603,0,unknown,1.2371175141213267e-10,0,test
small_ember_001604,0,unknown,2.8888605764125916e-13,0,test
small_ember_001605,0,unknown,7.978377651080187e-11,0,test
small_ember_001606,0,unknown,2.817431471242973e-06,0,test
small_ember_001607,1,disin,0.9999999999949944,1,test
small_ember_001608,1,clipbanker,0.9999988124980503,1,test
small_ember_001609,0,unknown,9.103745098572465e-13,0,test
small_ember_001610,0,unknown,3.8057740732246693e-07,0,test
small_ember_001611,0,unknown,1.3064054500518216e-10,0,test
small_ember_001612,0,unknown,5.074174598947824e-10,0,test
small_ember_001613,0,unknown,1.0545029983284634e-07,0,test
small_ember_001614,0,unknown,0.001234540721150484,0,test
small_ember_001615,0,unknown,6.524802832783734e-12,0,test
small_ember_001616,0,unknown,1.8125551388226131e-06,0,test
small_ember_001617,0,unknown,1.6241094316098446e-11,0,test
small_ember_001618,0,unknown,5.958841570463262e-11,0,test
small_ember_001619,1,rugmi,0.9999979967787765,1,test
small_ember_001620,0,unknown,9.348298003185682e-06,0,test
small_ember_001621,1,stubo,0.999999999993546,1,test
small_ember_001622,1,recyl,0.9999413657614893,1,test
small_ember_001623,1,bedep,0.9999999999946765,1,test
small_ember_001624,0,unknown,2.4651980567004613e-05,0,test
small_ember_001625,0,unknown,5.5114043998713265e-06,0,test
small_ember_001626,0,unknown,2.7250986509626087e-09,0,test
small_ember_001627,1,unknown,0.9996788691792279,1,test
small_ember_001628,0,unknown,9.640676396135875e-12,0,test
small_ember_001629,0,unknown,9.064310304196231e-10,0,test
small_ember_001630,0,unknown,4.671128890597875e-07,0,test
small_ember_001631,0,unknown,7.769363587132324e-08,0,test
small_ember_001632,0,unknown,3.4766759321666755e-11,0,test
small_ember_001633,0,unknown,1.0015847779288935e-10,0,test
small_ember_001634,0,unknown,3.999628780494906e-08,0,test
small_ember_001635,0,unknown,5.588157084232048e-13,0,test
small_ember_001636,0,unknown,1.6390096544253646e-09,0,test
small_ember_001637,0,unknown,6.70110422251467e-08,0,test
small_ember_001638,1,wacatac,0.9999935002783844,1,test
small_ember_001639,1,bedep,0.9999996701821956,1,test
small_ember_001640,0,unknown,4.587134902544008e-09,0,test
small_ember_001641,1,scarletflash,0.9999996374708457,1,test
small_ember_001642,1,unknown,0.9999999769008637,1,test
small_ember_001643,0,unknown,5.7827018982632786e-09,0,test
small_ember_001644,0,unknown,6.8642692823292625e-09,0,test
small_ember_001645,0,unknown,4.088232953231629e-07,0,test
small_ember_001646,0,unknown,1.830436106005265e-11,0,test
small_ember_001647,0,unknown,3.0883392606198846e-07,0,test
small_ember_001648,0,unknown,3.5845714036113127e-06,0,test
small_ember_001649,0,unknown,2.113332505190531e-09,0,test
small_ember_001650,1,wacatac,0.999999999999738,1,test
small_ember_001651,1,unknown,0.9999998281511069,1,test
small_ember_001652,0,unknown,0.0008555263291723889,0,test
small_ember_001653,1,unknown,0.9999999991352739,1,test
small_ember_001654,1,cobaltstrike,0.9999995065030098,1,test
small_ember_001655,1,mikey,0.9999999861381161,1,test
small_ember_001656,1,diztakun,0.9999999986720283,1,test
small_ember_001657,1,wipass,0.9999803922926648,1,test
small_ember_001658,1,mikey,0.9999999873414879,1,test
small_ember_001659,1,nuitka,0.9999999451427038,1,test
small_ember_001660,1,alien,0.9999999984026111,1,test
small_ember_001661,0,unknown,0.0001005617406376157,0,test
small_ember_001662,1,wacatac,0.9999996866381118,1,test
small_ember_001663,1,unknown,0.9999998359591229,1,test
small_ember_001664,1,phonzy,0.9999999999993965,1,test
small_ember_001665,1,unknown,0.9044664162062191,1,test
small_ember_001666,0,unknown,2.7209901870414706e-09,0,test
small_ember_001667,1,wacatac,0.9999999999550995,1,test
small_ember_001668,1,unknown,0.9999947400618542,1,test
small_ember_001669,1,bedep,0.9999999999349762,1,test
small_ember_001670,1,reverse64,0.9999999999995473,1,test
small_ember_001671,1,alien,0.9999999999997349,1,test
small_ember_001672,1,grandoreiro,0.9999999999986324,1,test
small_ember_001673,0,unknown,1.7262574721830325e-09,0,test
small_ember_001674,0,unknown,0.00015328174587070297,0,test
small_ember_001675,1,metasploit,0.9999999999574631,1,test
small_ember_001676,1,areses,0.9999999990833164,1,test
small_ember_001677,1,neshta,0.9702124781634262,1,test
small_ember_001678,0,unknown,0.007878286492513917,0,test
small_ember_001679,0,unknown,3.1907139174906406e-17,0,test
small_ember_001680,0,unknown,6.038471640911453e-05,0,test
small_ember_001681,1,doenerium,0.9999999873653632,1,test
small_ember_001682,0,unknown,1.2442805031673664e-10,0,test
small_ember_001683,0,unknown,9.550506581460652e-06,0,test
small_ember_001684,1,cerbu,0.9999999999874329,1,test
small_ember_001685,0,unknown,4.63148361297027e-12,0,test
small_ember_001686,0,unknown,1.3836780259665721e-12,0,test
small_ember_001687,0,unknown,1.6082661374106268e-05,0,test
small_ember_001688,0,unknown,0.0017663063144146324,0,test
small_ember_001689,1,disin,0.999999988247004,1,test
small_ember_001690,0,unknown,7.600533527907446e-18,0,test
small_ember_001691,0,unknown,1.2873099306837454e-10,0,test
small_ember_001692,0,unknown,1.9451506694358292e-05,0,test
small_ember_001693,0,unknown,3.1438280840270144e-12,0,test
small_ember_001694,0,unknown,4.853895465882304e-10,0,test
small_ember_001695,0,unknown,7.968468202262184e-12,0,test
small_ember_001696,0,unknown,3.66828604477758e-07,0,test
small_ember_001697,0,unknown,1.9071777858323452e-12,0,test
small_ember_001698,0,unknown,9.30918316956152e-12,0,test
small_ember_001699,0,unknown,1.0012486354457004e-12,0,test
small_ember_001700,0,unknown,1.2968542858878815e-12,0,test
small_ember_001701,0,unknown,4.232242305133481e-12,0,test
small_ember_001702,0,unknown,4.393326173049462e-11,0,test
small_ember_001703,0,unknown,1.916733367464988e-12,0,test
small_ember_001704,0,unknown,7.390398453749138e-13,0,test
small_ember_001705,0,unknown,4.4905722037097337e-13,0,test
small_ember_001706,0,unknown,2.683249662849611e-12,0,test
small_ember_001707,0,unknown,3.028082872387094e-11,0,test
small_ember_001708,0,unknown,1.1600248650807947e-12,0,test
small_ember_001709,0,unknown,6.255064904166427e-12,0,test
small_ember_001710,0,unknown,3.757575111786784e-15,0,test
small_ember_001711,0,unknown,1.391597572792335e-12,0,test
small_ember_001712,0,unknown,1.5405785064661373e-13,0,test
small_ember_001713,1,wacatac,0.9999991709334674,1,test
small_ember_001714,0,unknown,4.5327985424495743e-10,0,test
small_ember_001715,0,unknown,2.615462202965557e-10,0,test
small_ember_001716,0,unknown,7.499740782009476e-09,0,test
small_ember_001717,0,unknown,5.551584457783405e-08,0,test
small_ember_001718,0,unknown,4.130238439656081e-12,0,test
small_ember_001719,0,unknown,5.385211330573247e-09,0,test
small_ember_001720,0,unknown,3.28573416530077e-08,0,test
small_ember_001721,0,unknown,1.3076478270888968e-07,0,test
small_ember_001722,0,unknown,1.53280160358379e-16,0,test
small_ember_001723,1,unknown,0.9999983419164206,1,test
small_ember_001724,1,disin,0.9999999997510971,1,test
small_ember_001725,1,crifi,0.9999999999978257,1,test
small_ember_001726,0,unknown,1.3196777349022042e-06,0,test
small_ember_001727,0,unknown,7.365093931032803e-10,0,test
small_ember_001728,1,unknown,0.9815380515698479,1,test
small_ember_001729,1,unknown,0.9999999994439175,1,test
small_ember_001730,0,unknown,9.801700322266126e-11,0,test
small_ember_001731,1,stealc,0.9999055709978973,1,test
small_ember_001732,1,wacatac,0.9999999999991644,1,test
small_ember_001733,1,ramnit,0.9998342546892822,1,test
small_ember_001734,1,psexec,0.9999982050096202,1,test
small_ember_001735,1,wacatac,0.9999999961970425,1,test
small_ember_001736,1,wacatac,0.9999999998412439,1,test
small_ember_001737,1,mufila,0.9999981526678867,1,test
small_ember_001738,1,wacatac,0.9999999758324064,1,test
small_ember_001739,0,unknown,1.0695223832436187e-09,0,test
small_ember_001740,0,unknown,0.0015412615691799546,0,test
small_ember_001741,1,caypnamer,0.9999999999993474,1,test
small_ember_001742,1,khalesi,0.9999999990705517,1,test
small_ember_001743,1,wacatac,0.9999999999993758,1,test
small_ember_001744,0,unknown,7.047179312931024e-05,0,test
small_ember_001745,0,unknown,6.917450234133099e-07,0,test
small_ember_001746,0,unknown,1.560495924923961e-06,0,test
small_ember_001747,1,unknown,0.9573125320542502,1,test
small_ember_001748,1,quasar,0.9999964386054606,1,test
small_ember_001749,1,wacatac,0.9999997632195737,1,test
small_ember_001750,1,wacatac,0.9999999999842111,1,test
small_ember_001751,1,discordbot,0.9999999999996925,1,test
small_ember_001752,1,shelm,0.9999994535860434,1,test
small_ember_001753,0,unknown,6.30357965050473e-08,0,test
small_ember_001754,1,unknown,0.9999995412967632,1,test
small_ember_001755,0,unknown,4.1528356771223355e-07,0,test
small_ember_001756,0,unknown,8.565230312032465e-08,0,test
small_ember_001757,0,unknown,0.007663000520767393,0,test
small_ember_001758,0,unknown,1.632094952352021e-05,0,test
small_ember_001759,0,unknown,7.100194915993326e-11,0,test
small_ember_001760,0,unknown,0.0006730106508161458,0,test
small_ember_001761,0,unknown,1.8442507815771736e-09,0,test
small_ember_001762,1,unknown,0.9999999983963417,1,test
small_ember_001763,0,unknown,5.074533130713121e-08,0,test
small_ember_001764,1,unknown,0.99999322662435,1,test
small_ember_001765,1,bedep,0.9999999999872802,1,test
small_ember_001766,1,grandoreiro,0.9999999999692515,1,test
small_ember_001767,1,grandoreiro,0.9999999999982749,1,test
small_ember_001768,0,unknown,2.642695897244954e-11,0,test
small_ember_001769,0,unknown,0.0010617065135959784,0,test
small_ember_001770,0,unknown,1.514895578593328e-07,0,test
small_ember_001771,0,unknown,1.0059986477813253e-06,0,test
small_ember_001772,0,unknown,2.365596370007477e-17,0,test
small_ember_001773,1,unknown,0.9999999998934759,1,test
small_ember_001774,1,cobaltstrike,0.9999941179610987,1,test
small_ember_001775,1,expiro,0.9999995753682485,1,test
small_ember_001776,1,xmrig,1.0,1,test
small_ember_001777,0,unknown,3.6632862734470144e-09,0,test
small_ember_001778,0,unknown,1.3421607061314074e-06,0,test
small_ember_001779,1,xmrig,0.9999999999999996,1,test
small_ember_001780,1,syswhispers,0.9993376016256401,1,test
small_ember_001781,1,unknown,0.9999999999960869,1,test
small_ember_001782,0,unknown,7.68350679422682e-09,0,test
small_ember_001783,0,unknown,2.7656019891949236e-06,0,test
small_ember_001784,0,unknown,8.89922634086549e-11,0,test
small_ember_001785,1,xmrig,1.0,1,test
small_ember_001786,1,unknown,0.9999786507570515,1,test
small_ember_001787,1,bedep,0.9999999999959921,1,test
small_ember_001788,1,neshta,0.9997806354456698,1,test
small_ember_001789,1,freeze,0.9999999572879497,1,test
small_ember_001790,1,expiro,0.9999999999642368,1,test
small_ember_001791,1,premine,0.9999999999987212,1,test
small_ember_001792,1,wacatac,0.9996214978162619,1,test
small_ember_001793,1,berbew,0.9999997179357091,1,test
small_ember_001794,1,banload,0.9999999999999998,1,test
small_ember_001795,0,unknown,1.4216142610985747e-05,0,test
small_ember_001796,0,unknown,1.0542264651584263e-06,0,test
small_ember_001797,0,unknown,2.8395151105566453e-11,0,test
small_ember_001798,0,unknown,8.08305514860626e-07,0,test
small_ember_001799,0,unknown,5.171101549043204e-07,0,test
small_ember_001800,1,unknown,0.9999999999975311,1,test
small_ember_001801,1,shodi,0.9999984761229562,1,test
small_ember_001802,1,xmrig,1.0,1,test
small_ember_001803,1,vxlang,0.9999999987859456,1,test
small_ember_001804,0,unknown,7.247853598293178e-05,0,test
small_ember_001805,1,birddog,0.9999999615550846,1,test
small_ember_001806,1,xmrig,1.0,1,test
small_ember_001807,1,crypmodng,0.9999999991581676,1,test
small_ember_001808,1,strab,0.9999999977420098,1,test
small_ember_001809,1,asyncrat,0.9983421460538502,1,test
small_ember_001810,1,unknown,0.9999999969361666,1,test
small_ember_001811,1,unknown,0.9999999952701366,1,test
small_ember_001812,1,unknown,0.999999456053973,1,test
small_ember_001813,0,unknown,6.037103623203904e-06,0,test
small_ember_001814,1,berbew,0.9999999999999958,1,test
small_ember_001815,0,unknown,3.6381018717292746e-07,0,test
small_ember_001816,1,unknown,0.9999994627081379,1,test
small_ember_001817,1,unknown,0.891847450830062,1,test
small_ember_001818,0,unknown,3.83897888331622e-14,0,test
small_ember_001819,1,kdmapper,0.999818428670282,1,test
small_ember_001820,1,trollav,0.9999999999962648,1,test
small_ember_001821,1,xmrig,1.0,1,test
small_ember_001822,1,xmrig,1.0,1,test
small_ember_001823,1,installcore,0.9979499284422239,1,test
small_ember_001824,1,banload,0.9999999999999996,1,test
small_ember_001825,0,unknown,6.118128818255892e-07,0,test
small_ember_001826,1,unknown,0.9999999999400642,1,test
small_ember_001827,1,redline,0.9993329649863113,1,test
small_ember_001828,1,leadlabs,0.9999936468765223,1,test
small_ember_001829,1,phonzy,0.9999999999997238,1,test
small_ember_001830,1,luna,0.9999999999985456,1,test
small_ember_001831,1,disco,0.9998570004204456,1,test
small_ember_001832,1,wacatac,0.9975606701713047,1,test
small_ember_001833,1,unknown,0.9999999999999749,1,test
small_ember_001834,0,unknown,3.906488732258063e-18,0,test
small_ember_001835,1,unknown,0.9587652995063544,1,test
small_ember_001836,0,unknown,8.833884244976902e-07,0,test
small_ember_001837,1,remcos,0.9998244992369811,1,test
small_ember_001838,0,unknown,2.6172112204171223e-09,0,test
small_ember_001839,0,unknown,7.128295983260257e-09,0,test
small_ember_001840,1,stop,0.9999999999973299,1,test
small_ember_001841,0,unknown,6.878632031984903e-09,0,test
small_ember_001842,1,unknown,0.999999229950837,1,test
small_ember_001843,0,unknown,4.1049570338767716e-05,0,test
small_ember_001844,1,unknown,0.9999999991608168,1,test
small_ember_001845,1,unknown,0.9999999991456023,1,test
small_ember_001846,1,zeus,0.999999999647526,1,test
small_ember_001847,1,xmrig,1.0,1,test
small_ember_001848,1,netloader,0.9988122677048369,1,test
small_ember_001849,1,unknown,0.9999999999999607,1,test
small_ember_001850,1,unknown,0.9999999796817074,1,test
small_ember_001851,1,scarletflash,0.9999981597507975,1,test
small_ember_001852,1,unknown,0.9998821275531362,1,test
small_ember_001853,0,unknown,3.1295144128445723e-09,0,test
small_ember_001854,0,unknown,6.987823970346093e-06,0,test
small_ember_001855,1,discordbot,0.9995005939094553,1,test
small_ember_001856,1,njrat,0.9999863410043828,1,test
small_ember_001857,1,unknown,0.999778685966779,1,test
small_ember_001858,0,unknown,6.591331273625351e-13,0,test
small_ember_001859,1,mediaget,0.9999695736721598,1,test
small_ember_001860,1,berbew,0.999999999999958,1,test
small_ember_001861,1,xmrig,1.0,1,test
small_ember_001862,1,goblin,0.9998454797004657,1,test
small_ember_001863,1,dinwod,0.9999999999999645,1,test
small_ember_001864,1,fugrafa,0.9962784860202635,1,test
small_ember_001865,1,goblin,0.9999999821027267,1,test
small_ember_001866,1,goblin,0.9993971379646368,1,test
small_ember_001867,1,xmrig,1.0,1,test
small_ember_001868,1,emdup,0.9999999992018787,1,test
small_ember_001869,1,unknown,0.9999998610772658,1,test
small_ember_001870,1,wacatac,0.9999999858583386,1,test
small_ember_001871,1,remcos,0.9999983067068903,1,test
small_ember_001872,1,lockergoga,0.9999995580327695,1,test
small_ember_001873,0,unknown,3.1779361798788425e-13,0,test
small_ember_001874,1,berbew,0.9999999999842046,1,test
small_ember_001875,1,unknown,0.9999949869514901,1,test
small_ember_001876,1,redline,0.9999930143836302,1,test
small_ember_001877,1,scarletflash,0.9999999999286058,1,test
small_ember_001878,1,conime,0.9999997274963371,1,test
small_ember_001879,1,conime,0.9999996883356878,1,test
small_ember_001880,1,wacatac,0.9999999926541732,1,test
small_ember_001881,1,goblin,0.9999991965959161,1,test
small_ember_001882,1,unknown,0.9999999999976252,1,test
small_ember_001883,1,unknown,0.9999565641666052,1,test
small_ember_001884,1,unknown,0.9999999896544532,1,test
small_ember_001885,1,mufila,0.9999999998767408,1,test
small_ember_001886,1,berbew,0.9999999983239602,1,test
small_ember_001887,1,reflo,0.9999999999984917,1,test
small_ember_001888,1,eggnog,0.9999999999542435,1,test
small_ember_001889,1,kimsuky,0.9999999794327175,1,test
small_ember_001890,0,unknown,2.0373577392016356e-05,0,test
small_ember_001891,1,unknown,0.9999995160891991,1,test
small_ember_001892,1,unknown,0.9998564773063253,1,test
small_ember_001893,1,poisonivy,0.9999999999966585,1,test
small_ember_001894,1,kimsuky,0.9999996645393614,1,test
small_ember_001895,1,crifi,0.9999999999995259,1,test
small_ember_001896,1,wacatac,0.9993298906479048,1,test
small_ember_001897,1,disin,0.9999999999973366,1,test
small_ember_001898,1,bingoml,0.9999999999295985,1,test
small_ember_001899,0,unknown,3.5548875080968057e-10,0,test
small_ember_001900,1,bingoml,0.9999999999295985,1,test
small_ember_001901,0,unknown,6.790068880604157e-10,0,test
small_ember_001902,0,unknown,8.636398745109524e-11,0,test
small_ember_001903,0,unknown,3.0850796064408355e-07,0,test
small_ember_001904,0,unknown,7.621727992661606e-09,0,test
small_ember_001905,1,whisperer,0.9999999999923517,1,test
small_ember_001906,0,unknown,2.9259017770112803e-09,0,test
small_ember_001907,1,unknown,0.9998001366813729,1,test
small_ember_001908,1,unknown,0.9999999960495505,1,test
small_ember_001909,1,wacatac,0.9999999999931182,1,test
small_ember_001910,1,mydoom,0.9999991329019691,1,test
small_ember_001911,1,wacatac,0.9999999999214446,1,test
small_ember_001912,0,unknown,7.990860386571034e-09,0,test
small_ember_001913,0,unknown,2.1447201000923767e-09,0,test
small_ember_001914,0,unknown,6.847463341574279e-10,0,test
small_ember_001915,1,scarletflash,0.9999992446355132,1,test
small_ember_001916,1,wacatac,0.9999998346775638,1,test
small_ember_001917,0,unknown,1.638291195982921e-08,0,test
small_ember_001918,1,banload,0.9999999999999996,1,test
small_ember_001919,1,unknown,0.9999604346430296,1,test
small_ember_001920,1,wacatac,0.9999999026007899,1,test
small_ember_001921,0,unknown,0.00015136384335332972,0,test
small_ember_001922,1,unknown,0.9999999975304366,1,test
small_ember_001923,1,wacatac,0.9999994109948177,1,test
small_ember_001924,1,freeze,0.999999998663085,1,test
small_ember_001925,1,disco,0.9999999999961084,1,test
small_ember_001926,1,scarletflash,0.9999999466990097,1,test
small_ember_001927,0,unknown,0.007653121235188384,0,test
small_ember_001928,1,disin,0.9999998112030252,1,test
small_ember_001929,1,ipamor,0.9942913988988827,1,test
small_ember_001930,0,unknown,1.1585490660735815e-07,0,test
small_ember_001931,1,grandoreiro,0.999999999987903,1,test
small_ember_001932,1,scarletflash,0.9999999226097553,1,test
small_ember_001933,0,unknown,3.5778517653535146e-09,0,test
small_ember_001934,0,unknown,5.255760086541627e-09,0,test
small_ember_001935,1,idlebuddy,0.9992217489243395,1,test
small_ember_001936,1,cobaltstrike,0.9999170439136251,1,test
small_ember_001937,1,crifi,0.9999999999969713,1,test
small_ember_001938,1,crifi,0.9999999999981768,1,test
small_ember_001939,1,cstealer,0.9999999999999809,1,test
small_ember_001940,1,realprotect,0.999998600127293,1,test
small_ember_001941,1,xmrig,0.999999986819377,1,test
small_ember_001942,1,wacatac,0.9999999999999789,1,test
small_ember_001943,1,luna,0.9999999853003838,1,test
small_ember_001944,1,goblin,0.9999999805906249,1,test
small_ember_001945,1,nuitka,0.9999999844085119,1,test
small_ember_001946,1,floxif,0.4904534372334003,1,test
small_ember_001947,1,realprotect,0.9999996907692076,1,test
small_ember_001948,0,unknown,1.4807382185794044e-08,0,test
small_ember_001949,0,unknown,4.9120949433761013e-08,0,test
small_ember_001950,0,unknown,1.960653098254828e-11,0,test
small_ember_001951,0,unknown,4.2349356907153246e-16,0,test
small_ember_001952,1,unknown,0.9999937022132196,1,test
small_ember_001953,1,scarletflash,0.9999999969119175,1,test
small_ember_001954,1,convagent,0.9999999567626489,1,test
small_ember_001955,0,unknown,1.610872454609719e-08,0,test
small_ember_001956,0,unknown,1.0046748376643741e-08,0,test
small_ember_001957,0,unknown,9.884783187615252e-11,0,test
small_ember_001958,0,unknown,3.1692358348787614e-07,0,test
small_ember_001959,0,unknown,1.119266092065517e-05,0,test
small_ember_001960,0,unknown,8.432197455984772e-10,0,test
small_ember_001961,1,xmrig,0.9999999999596401,1,test
small_ember_001962,1,pyspy,0.9999953422951514,1,test
small_ember_001963,1,disin,0.999999999992534,1,test
small_ember_001964,1,unknown,0.9993608428444652,1,test
small_ember_001965,0,unknown,3.669730986622251e-09,0,test
small_ember_001966,0,unknown,2.0570721185402314e-07,0,test
small_ember_001967,0,unknown,5.661343043925582e-07,0,test
small_ember_001968,0,unknown,5.328636506579624e-09,0,test
small_ember_001969,0,unknown,1.4294173845753147e-11,0,test
small_ember_001970,1,goblin,0.9979973146259346,1,test
small_ember_001971,1,xmrig,0.9999999963652364,1,test
small_ember_001972,0,unknown,8.324408106153021e-18,0,test
small_ember_001973,1,disin,0.9999999999979641,1,test
small_ember_001974,0,unknown,2.3282018484684905e-09,0,test
small_ember_001975,1,disin,0.9999999999976812,1,test
small_ember_001976,1,stubo,0.9999999999645495,1,test
small_ember_001977,1,unknown,0.9999999998326334,1,test
small_ember_001978,0,unknown,6.157247423069367e-18,0,test
small_ember_001979,1,unknown,0.9999998402958299,1,test
small_ember_001980,0,unknown,2.4945925391958267e-10,0,test
small_ember_001981,0,unknown,5.111468113973223e-12,0,test
small_ember_001982,1,grandoreiro,0.9999999999980915,1,test
small_ember_001983,1,expiro,0.9953507850790051,1,test
small_ember_001984,1,grandoreiro,0.9999999999992857,1,test
small_ember_001985,1,luna,0.9999999999996725,1,test
small_ember_001986,0,unknown,1.4961517992224537e-16,0,test
small_ember_001987,0,unknown,1.5286433181286543e-11,0,test
small_ember_001988,0,unknown,7.141729439100334e-13,0,test
small_ember_001989,0,unknown,7.573084875129145e-11,0,test
small_ember_001990,0,unknown,3.6312551451971806e-12,0,test
small_ember_001991,0,unknown,2.3963841340076686e-05,0,test
small_ember_001992,0,unknown,1.1817155670225477e-07,0,test
small_ember_001993,0,unknown,1.5656606591999083e-06,0,test
small_ember_001994,0,unknown,1.731379871833258e-14,0,test
small_ember_001995,0,unknown,5.771486486740658e-06,0,test
small_ember_001996,0,unknown,4.1062629767920405e-06,0,test
small_ember_001997,1,wacatac,0.999999999999879,1,test
small_ember_001998,1,wacatac,0.9999999992787305,1,test
small_ember_001999,0,unknown,6.173264620269424e-08,0,test
