asset_id,risk_score,predicted_label,true_label,technique_id
asset_0000,0.9042692805633136,1,1,T1486
asset_0001,0.9042692805633136,1,1,T1486
asset_0002,0.9042692805633136,1,0,T1486
asset_0003,0.9042692805633136,1,0,T1486
asset_0004,0.0033104508115225,0,1,T1486
asset_0005,0.9042692805633136,1,0,T1486
asset_0006,0.0033104508115333,0,1,T1486
asset_0007,0.0033104508115333,0,0,T1486
asset_0008,0.9042692805633136,1,1,T1486
asset_0009,0.0033104508115099,0,1,T1486
asset_0010,0.9042692805633136,1,1,T1486
asset_0011,0.0033454389820513,0,0,T1486
asset_0012,0.9042692805633136,1,1,T1486
asset_0013,0.9042692805633136,1,0,T1486
asset_0014,0.0033104508115333,0,1,T1486
asset_0015,0.9042692805633136,1,1,T1486
asset_0016,0.0033104508115309,0,0,T1486
asset_0017,0.0033104508115333,0,0,T1486
asset_0018,0.9042692805633136,1,1,T1486
asset_0019,0.9042692805633136,1,0,T1486
asset_0020,0.0033104508115293,0,0,T1486
asset_0021,0.9042692805633136,1,1,T1486
asset_0022,0.9042692805633136,1,0,T1486
asset_0023,0.9042692805633136,1,0,T1486
asset_0024,0.0033104508115333,0,1,T1486
asset_0025,0.9042692805633136,1,1,T1486
asset_0026,0.0033104508115333,0,0,T1486
asset_0027,0.0033104508115225,0,0,T1486
asset_0028,0.9042692805633136,1,1,T1486
asset_0029,0.9042692805633136,1,1,T1486
asset_0030,0.0033104508115342,0,1,T1486
asset_0031,0.9042692805633136,1,0,T1486
asset_0032,0.0033104508115333,0,1,T1486
asset_0033,0.0033104508115333,0,0,T1486
asset_0034,0.9042692805633136,1,0,T1486
asset_0035,0.0033454389836629,0,0,T1486
asset_0036,0.0033104508115333,0,0,T1486
asset_0037,0.9042692805633136,1,1,T1486
asset_0038,0.9042692805633136,1,1,T1486
asset_0039,0.0033104508115333,0,0,T1486
asset_0040,0.0033104508115293,0,1,T1486
asset_0041,0.0033104508115333,0,1,T1486
asset_0042,0.0033104508115333,0,0,T1486
asset_0043,0.0033104508115333,0,0,T1486
asset_0044,0.0033454389836629,0,1,T1486
asset_0045,0.0033104490933179,0,1,T1486
asset_0046,0.9042692805633136,1,0,T1486
asset_0047,0.9042692805633136,1,1,T1486
asset_0048,0.9042692805633136,1,1,T1486
asset_0049,0.9042692805633136,1,1,T1486
asset_0050,0.0033104508115333,0,0,T1486
asset_0051,0.0033104508115293,0,0,T1486
asset_0052,0.0033104508115869,0,0,T1486
asset_0053,0.9042692805633136,1,1,T1486
asset_0054,0.0033104508115309,0,0,T1486
asset_0055,0.9042692805633136,1,1,T1486
asset_0056,0.9042692805633136,1,1,T1486
asset_0057,0.0033104508115333,0,0,T1486
asset_0058,0.0033104508115294,0,0,T1486
asset_0059,0.9042692805633136,1,0,T1486
asset_0060,0.9042692805633136,1,0,T1486
asset_0061,0.0033104508115333,0,0,T1486
asset_0062,0.9042692805633136,1,0,T1486
asset_0063,0.9042692805633136,1,0,T1486
asset_0064,0.9042692805633136,1,0,T1486
asset_0065,0.9042692805633136,1,0,T1486
asset_0066,0.0033104508115333,0,1,T1486
asset_0067,0.0033104508115307,0,1,T1486
asset_0068,0.0033104508115333,0,1,T1486
asset_0069,0.0033104508115333,0,0,T1486
asset_0070,0.9042692805633136,1,1,T1486
asset_0071,0.9042692805633136,1,0,T1486
asset_0072,0.0033104508115333,0,1,T1486
asset_0073,0.0033104508115309,0,0,T1486
asset_0074,0.9042692805633136,1,1,T1486
asset_0075,0.0033104508115333,0,1,T1486
asset_0076,0.0033104508115333,0,0,T1486
asset_0077,0.9042692805633136,1,0,T1486
asset_0078,0.0033104508115049,0,1,T1486
asset_0079,0.0033104508115205,0,1,T1486
asset_0080,0.0033104508115333,0,0,T1486
asset_0081,0.0033104508115309,0,0,T1486
asset_0082,0.9042692805633136,1,0,T1486
asset_0083,0.0033104508115333,0,0,T1486
asset_0084,0.9042692805633136,1,1,T1486
asset_0085,0.9042692805633136,1,0,T1486
asset_0086,0.9042692805633136,1,1,T1486
asset_0087,0.0033104508115333,0,0,T1486
asset_0088,0.9042692805633136,1,0,T1486
asset_0089,0.9042692805633136,1,1,T1486
asset_0090,0.9042692805633136,1,0,T1486
asset_0091,0.9042692805633136,1,1,T1486
asset_0092,0.0033104508115333,0,1,T1486
asset_0093,0.9042692805633136,1,0,T1486
asset_0094,0.0033104508115333,0,0,T1486
asset_0095,0.9042692805633136,1,0,T1486
asset_0096,0.9042692805633136,1,1,T1486
asset_0097,0.0033104508115271,0,1,T1486
asset_0098,0.9042692805633136,1,0,T1486
asset_0099,0.9042692805633136,1,0,T1486
asset_0100,0.9042692805633136,1,0,T1486
asset_0101,0.9042692805633136,1,1,T1486
asset_0102,0.0033104508115309,0,0,T1486
asset_0103,0.9042692805633136,1,1,T1486
asset_0104,0.9042692805633136,1,1,T1486
asset_0105,0.0033104508115333,0,1,T1486
asset_0106,0.0033104508115248,0,1,T1486
asset_0107,0.0033104508115333,0,1,T1486
asset_0108,0.9042692805633136,1,0,T1486
asset_0109,0.9042692805633136,1,0,T1486
asset_0110,0.0033104508115333,0,0,T1486
asset_0111,0.9042692805633136,1,1,T1486
asset_0112,0.9042692805633136,1,0,T1486
asset_0113,0.9042692805633136,1,0,T1486
asset_0114,0.0033104508115309,0,0,T1486
asset_0115,0.0033104457881829,0,0,T1486
asset_0116,0.0033104508114785,0,1,T1486
asset_0117,0.9042692805633136,1,0,T1486
asset_0118,0.0033104508114552,0,0,T1486
asset_0119,0.9042692805633136,1,1,T1486
asset_0120,0.0033104508115333,0,0,T1486
asset_0121,0.0033104508115333,0,1,T1486
asset_0122,0.9042692805633136,1,0,T1486
asset_0123,0.9042692805633136,1,0,T1486
asset_0124,0.9042692805633136,1,0,T1486
asset_0125,0.0033104508115293,0,1,T1486
asset_0126,0.9042692805633136,1,0,T1486
asset_0127,0.0033454389816955,0,1,T1486
asset_0128,0.0033104508115333,0,1,T1486
asset_0129,0.9042692805633136,1,0,T1486
asset_0130,0.9042692805633136,1,0,T1486
asset_0131,0.0033104508115333,0,1,T1486
asset_0132,0.9042692805633136,1,0,T1486
asset_0133,0.0033104508115333,0,0,T1486
asset_0134,0.9042692805633136,1,1,T1486
asset_0135,0.9042692805633136,1,1,T1486
asset_0136,0.9042692805633136,1,1,T1486
asset_0137,0.0033104508115784,0,1,T1486
asset_0138,0.0033104508115333,0,1,T1486
asset_0139,0.0033104508115186,0,1,T1486
asset_0140,0.9042692805633136,1,1,T1486
asset_0141,0.0033104508115287,0,1,T1486
asset_0142,0.9042692805633136,1,0,T1486
asset_0143,0.0033104508115333,0,1,T1486
asset_0144,0.9042692805633136,1,0,T1486
asset_0145,0.0033104508114508,0,1,T1486
asset_0146,0.0033104508115333,0,0,T1486
asset_0147,0.0033104508115333,0,0,T1486
asset_0148,0.0033104508115333,0,1,T1486
asset_0149,0.0033104508114785,0,0,T1486
asset_0150,0.9042692805633136,1,1,T1486
asset_0151,0.9042692805633136,1,1,T1486
asset_0152,0.0033104508115333,0,0,T1486
asset_0153,0.0033104508115309,0,1,T1486
asset_0154,0.0033104508115225,0,0,T1486
asset_0155,0.9042692805633136,1,0,T1486
asset_0156,0.9042692805633136,1,0,T1486
asset_0157,0.9042692805633136,1,0,T1486
asset_0158,0.9042692805633136,1,0,T1486
asset_0159,0.0033104508115869,0,0,T1486
asset_0160,0.0033104508115333,0,0,T1486
asset_0161,0.0033104508115333,0,0,T1486
asset_0162,0.0033104508115333,0,0,T1486
asset_0163,0.0033104508115333,0,1,T1486
asset_0164,0.9042692805633136,1,1,T1486
asset_0165,0.0033104508115333,0,0,T1486
asset_0166,0.9042692805633136,1,0,T1486
asset_0167,0.0038345488388173,0,1,T1486
asset_0168,0.9042692805633136,1,0,T1486
asset_0169,0.0033104508115163,0,0,T1486
asset_0170,0.0033104508115333,0,0,T1486
asset_0171,0.0033104508115333,0,1,T1486
asset_0172,0.9042692805633136,1,0,T1486
asset_0173,0.0033104508114508,0,1,T1486
asset_0174,0.0033104508115333,0,1,T1486
asset_0175,0.9042692805633136,1,0,T1486
asset_0176,0.0033104508115333,0,1,T1486
asset_0177,0.0033104508115333,0,0,T1486
asset_0178,0.0033104508115225,0,1,T1486
asset_0179,0.9042692805633136,1,1,T1486
asset_0180,0.9042692805633136,1,0,T1486
asset_0181,0.0033104508115869,0,1,T1486
asset_0182,0.9042692805633136,1,0,T1486
asset_0183,0.9042692805633136,1,0,T1486
asset_0184,0.0033104508115333,0,0,T1486
asset_0185,0.0033104508115205,0,1,T1486
asset_0186,0.9042692805633136,1,0,T1486
asset_0187,0.0033104508115333,0,1,T1486
asset_0188,0.9042692805633136,1,0,T1486
asset_0189,0.0033104508115868,0,0,T1486
asset_0190,0.0033104508115333,0,1,T1486
asset_0191,0.9042692805633136,1,0,T1486
asset_0192,0.0033104508115333,0,0,T1486
asset_0193,0.9042692805633136,1,1,T1486
asset_0194,0.9042692805633136,1,1,T1486
asset_0195,0.9042692805633136,1,0,T1486
asset_0196,0.9042692805633136,1,1,T1486
asset_0197,0.0033104508115333,0,0,T1486
asset_0198,0.0033104508115333,0,0,T1486
asset_0199,0.9042692805633136,1,1,T1486
asset_0200,0.9042692805633136,1,0,T1486
asset_0201,0.9042692805633136,1,0,T1486
asset_0202,0.0033104508115309,0,0,T1486
asset_0203,0.9042692805633136,1,1,T1486
asset_0204,0.9042692805633136,1,1,T1486
asset_0205,0.9042692805633136,1,0,T1486
asset_0206,0.9042692805633136,1,0,T1486
asset_0207,0.0033104508115333,0,1,T1486
asset_0208,0.0033104508115333,0,0,T1486
asset_0209,0.9042692805633136,1,1,T1486
asset_0210,0.9042692805633136,1,0,T1486
asset_0211,0.0033104508114824,0,1,T1486
asset_0212,0.0033104508115294,0,1,T1486
asset_0213,0.0033104508115225,0,1,T1486
asset_0214,0.0033104508115333,0,1,T1486
asset_0215,0.0033104508114616,0,0,T1486
asset_0216,0.9042692805633136,1,0,T1486
asset_0217,0.0033104508115333,0,1,T1486
asset_0218,0.9042692805633136,1,0,T1486
asset_0219,0.9042692805633136,1,1,T1486
asset_0220,0.9042692805633136,1,1,T1486
asset_0221,0.9042692805633136,1,0,T1486
asset_0222,0.9042692805633136,1,1,T1486
asset_0223,0.9042692805633136,1,0,T1486
asset_0224,0.0033104508115333,0,0,T1486
asset_0225,0.0033104508115333,0,0,T1486
asset_0226,0.9042692805633136,1,0,T1486
asset_0227,0.9042692805633136,1,1,T1486
asset_0228,0.0033104508115333,0,0,T1486
asset_0229,0.003310450811489,0,0,T1486
asset_0230,0.9042692805633136,1,1,T1486
asset_0231,0.9042692805633136,1,0,T1486
asset_0232,0.9042692805633136,1,1,T1486
asset_0233,0.0033104508115869,0,1,T1486
asset_0234,0.0033104499673624,0,0,T1486
asset_0235,0.9042692805633136,1,1,T1486
asset_0236,0.0033104508115333,0,1,T1486
asset_0237,0.0033104508115333,0,1,T1486
asset_0238,0.9042692805633136,1,1,T1486
asset_0239,0.0033104508115333,0,1,T1486
asset_0240,0.0033104508115333,0,1,T1486
asset_0241,0.0033104508115333,0,0,T1486
asset_0242,0.0033104508115061,0,0,T1486
asset_0243,0.9042692805633136,1,0,T1486
asset_0244,0.9042692805633136,1,0,T1486
asset_0245,0.0033104508115333,0,1,T1486
asset_0246,0.9042692805633136,1,1,T1486
asset_0247,0.9042692805633136,1,1,T1486
asset_0248,0.0033104508115333,0,0,T1486
asset_0249,0.9042692805633136,1,0,T1486
asset_0250,0.9042692805633136,1,1,T1486
asset_0251,0.0033104508115333,0,1,T1486
asset_0252,0.9042692805633136,1,0,T1486
asset_0253,0.0033104490005228,0,0,T1486
asset_0254,0.0033104508115333,0,0,T1486
asset_0255,0.9042692805633136,1,0,T1486
asset_0256,0.9042692805633136,1,0,T1486
asset_0257,0.9042692805633136,1,1,T1486
asset_0258,0.9042692805633136,1,0,T1486
asset_0259,0.0033104508115333,0,1,T1486
asset_0260,0.9042692805633136,1,1,T1486
asset_0261,0.0033104508115333,0,1,T1486
asset_0262,0.0033104508115169,0,0,T1486
asset_0263,0.0033104508114893,0,0,T1486
asset_0264,0.9042692805633136,1,1,T1486
asset_0265,0.0033454389836629,0,1,T1486
asset_0266,0.9042692805633136,1,1,T1486
asset_0267,0.9042692805633136,1,0,T1486
asset_0268,0.0033104508115333,0,0,T1486
asset_0269,0.9042692805633136,1,1,T1486
asset_0270,0.0033104508115333,0,0,T1486
asset_0271,0.0033104508115333,0,1,T1486
asset_0272,0.9042692805633136,1,0,T1486
asset_0273,0.0033104508115333,0,0,T1486
asset_0274,0.9042692805633136,1,0,T1486
asset_0275,0.9042692805633136,1,1,T1486
asset_0276,0.9042692805633136,1,1,T1486
asset_0277,0.9042692805633136,1,0,T1486
asset_0278,0.9042692805633136,1,0,T1486
asset_0279,0.0033104508115333,0,0,T1486
asset_0280,0.0033104508115333,0,1,T1486
asset_0281,0.0033104508115333,0,0,T1486
asset_0282,0.0033104508115099,0,1,T1486
asset_0283,0.9042692805633136,1,0,T1486
asset_0284,0.0033104508114787,0,1,T1486
asset_0285,0.9042692805633136,1,0,T1486
asset_0286,0.9042692805633136,1,1,T1486
asset_0287,0.0033104508115097,0,0,T1486
asset_0288,0.9042692805633136,1,0,T1486
asset_0289,0.9042692805633136,1,0,T1486
asset_0290,0.9042692805633136,1,0,T1486
asset_0291,0.0033104508115333,0,1,T1486
asset_0292,0.0033104508115333,0,0,T1486
asset_0293,0.0033104508115333,0,0,T1486
asset_0294,0.9042692805633136,1,0,T1486
asset_0295,0.9042692805633136,1,1,T1486
asset_0296,0.0033104473248358,0,0,T1486
asset_0297,0.0033104508115333,0,1,T1486
asset_0298,0.9042692805633136,1,1,T1486
asset_0299,0.9042692805633136,1,1,T1486
asset_0300,0.0033104508115333,0,1,T1486
asset_0301,0.9042692805633136,1,1,T1486
asset_0302,0.9042692805633136,1,0,T1486
asset_0303,0.9042692805633136,1,0,T1486
asset_0304,0.0033104508115333,0,0,T1486
asset_0305,0.9042692805633136,1,1,T1486
asset_0306,0.0033104508115333,0,1,T1486
asset_0307,0.0033104508115333,0,1,T1486
asset_0308,0.0033104508115333,0,1,T1486
asset_0309,0.9042692805633136,1,0,T1486
asset_0310,0.0033104508115333,0,0,T1486
asset_0311,0.0033104508115333,0,0,T1486
asset_0312,0.0033104508115333,0,1,T1486
asset_0313,0.9042692805633136,1,1,T1486
asset_0314,0.0033104508114897,0,0,T1486
asset_0315,0.9042692805633136,1,0,T1486
asset_0316,0.0033104508115333,0,1,T1486
asset_0317,0.0033104508115333,0,0,T1486
asset_0318,0.9042692805633136,1,1,T1486
asset_0319,0.0033104508115205,0,1,T1486
asset_0320,0.9042692805633136,1,1,T1486
asset_0321,0.0033104508115333,0,0,T1486
asset_0322,0.0033104508115309,0,1,T1486
asset_0323,0.0033104508115309,0,1,T1486
asset_0324,0.9042692805633136,1,1,T1486
asset_0325,0.9042692805633136,1,1,T1486
asset_0326,0.0033104508115869,0,0,T1486
asset_0327,0.0033104508115333,0,0,T1486
asset_0328,0.9042692805633136,1,1,T1486
asset_0329,0.0033104508115225,0,1,T1486
asset_0330,0.9042692805633136,1,0,T1486
asset_0331,0.0033104508115843,0,0,T1486
asset_0332,0.0033104508115333,0,1,T1486
asset_0333,0.0033104508115333,0,1,T1486
asset_0334,0.9042692805633136,1,1,T1486
asset_0335,0.9042692805633136,1,0,T1486
asset_0336,0.0033104508115342,0,0,T1486
asset_0337,0.0033104508115208,0,0,T1486
asset_0338,0.9042692805633136,1,1,T1486
asset_0339,0.0033104508115333,0,1,T1486
asset_0340,0.9042692805633136,1,1,T1486
asset_0341,0.9042692805633136,1,1,T1486
asset_0342,0.0033104508115333,0,0,T1486
asset_0343,0.9042692805633136,1,1,T1486
asset_0344,0.9042692805633136,1,0,T1486
asset_0345,0.0033104508115318,0,0,T1486
asset_0346,0.0033104508115333,0,0,T1486
asset_0347,0.9042692805633136,1,1,T1486
asset_0348,0.0033104508115309,0,1,T1486
asset_0349,0.0033104508115097,0,0,T1486
asset_0350,0.9042692805633136,1,1,T1486
asset_0351,0.0033104508115309,0,1,T1486
asset_0352,0.0033104508115333,0,1,T1486
asset_0353,0.0033104508115309,0,1,T1486
asset_0354,0.0033104508115333,0,1,T1486
asset_0355,0.9042692805633136,1,0,T1486
asset_0356,0.0033104508114935,0,1,T1486
asset_0357,0.0033104508115868,0,0,T1486
asset_0358,0.0033104500031795,0,0,T1486
asset_0359,0.9042692805633136,1,0,T1486
asset_0360,0.9042692805633136,1,0,T1486
asset_0361,0.0033104508115201,0,0,T1486
asset_0362,0.003310450811489,0,1,T1486
asset_0363,0.0033104508115333,0,1,T1486
asset_0364,0.0033104508114935,0,1,T1486
asset_0365,0.9042692805633136,1,1,T1486
asset_0366,0.9042692805633136,1,0,T1486
asset_0367,0.9042692805633136,1,1,T1486
asset_0368,0.9042692805633136,1,1,T1486
asset_0369,0.0033104508115333,0,1,T1486
asset_0370,0.9042692805633136,1,0,T1486
asset_0371,0.9042692805633136,1,0,T1486
asset_0372,0.0033104508115225,0,1,T1486
asset_0373,0.9042692805633136,1,1,T1486
asset_0374,0.0033104508115333,0,0,T1486
asset_0375,0.9042692805633136,1,1,T1486
asset_0376,0.9042692805633136,1,0,T1486
asset_0377,0.0033104508115309,0,0,T1486
asset_0378,0.0033104508115333,0,1,T1486
asset_0379,0.0033104508114935,0,1,T1486
asset_0380,0.9042692805633136,1,1,T1486
asset_0381,0.9042692805633136,1,0,T1486
asset_0382,0.0033104508114785,0,1,T1486
asset_0383,0.9042692805633136,1,1,T1486
asset_0384,0.0033104508115018,0,1,T1486
asset_0385,0.9042692805633136,1,0,T1486
asset_0386,0.0033104508115333,0,0,T1486
asset_0387,0.0033104508115333,0,0,T1486
asset_0388,0.9042692805633136,1,1,T1486
asset_0389,0.0033104508115333,0,0,T1486
asset_0390,0.9042692805633136,1,1,T1486
asset_0391,0.0033104508115333,0,1,T1486
asset_0392,0.0033104508115333,0,1,T1486
asset_0393,0.9042692805633136,1,0,T1486
asset_0394,0.9042692805633136,1,1,T1486
asset_0395,0.0033104508115333,0,1,T1486
asset_0396,0.0033104508115333,0,1,T1486
asset_0397,0.0033104508115294,0,1,T1486
asset_0398,0.0033104508115309,0,0,T1486
asset_0399,0.003310450811489,0,0,T1486
asset_0400,0.0033104508115333,0,0,T1486
asset_0401,0.9042692805633136,1,0,T1486
asset_0402,0.9042692805633136,1,0,T1486
asset_0403,0.003310450811523,0,1,T1486
asset_0404,0.9042692805633136,1,0,T1486
asset_0405,0.9042692805633136,1,0,T1486
asset_0406,0.0033104508115185,0,0,T1486
asset_0407,0.0033104508115869,0,1,T1486
asset_0408,0.9042692805633136,1,0,T1486
asset_0409,0.9042692805633136,1,0,T1486
asset_0410,0.9042692805633136,1,0,T1486
asset_0411,0.0033104508115333,0,1,T1486
asset_0412,0.9042692805633136,1,0,T1486
asset_0413,0.9042692805633136,1,0,T1486
asset_0414,0.9042692805633136,1,1,T1486
asset_0415,0.0033104508115333,0,0,T1486
asset_0416,0.9042692805633136,1,0,T1486
asset_0417,0.0033104508115333,0,1,T1486
asset_0418,0.0033104508115333,0,1,T1486
asset_0419,0.0033104508115869,0,1,T1486
asset_0420,0.9042692805633136,1,0,T1486
asset_0421,0.0033104508114623,0,1,T1486
asset_0422,0.0033104508115201,0,0,T1486
asset_0423,0.9042692805633136,1,0,T1486
asset_0424,0.9042692805633136,1,0,T1486
asset_0425,0.0033454389820513,0,1,T1486
asset_0426,0.9042692805633136,1,1,T1486
asset_0427,0.9042692805633136,1,1,T1486
asset_0428,0.0033104508114785,0,0,T1486
asset_0429,0.0033104508115333,0,1,T1486
asset_0430,0.0033104508115333,0,1,T1486
asset_0431,0.9042692805633136,1,0,T1486
asset_0432,0.9042692805633136,1,1,T1486
asset_0433,0.9042692805633136,1,0,T1486
asset_0434,0.9042692805633136,1,0,T1486
asset_0435,0.9042692805633136,1,1,T1486
asset_0436,0.9042692805633136,1,0,T1486
asset_0437,0.9042692805633136,1,0,T1486
asset_0438,0.9042692805633136,1,0,T1486
asset_0439,0.003310450811489,0,1,T1486
asset_0440,0.9042692805633136,1,0,T1486
asset_0441,0.0033104508115333,0,1,T1486
asset_0442,0.0033104508115294,0,0,T1486
asset_0443,0.0033104508115333,0,1,T1486
asset_0444,0.9042692805633136,1,1,T1486
asset_0445,0.9042692805633136,1,1,T1486
asset_0446,0.0033104508115049,0,1,T1486
asset_0447,0.0033104508115333,0,1,T1486
asset_0448,0.9042692805633136,1,1,T1486
asset_0449,0.9042692805633136,1,1,T1486
asset_0450,0.9042692805633136,1,1,T1486
asset_0451,0.0033104508115333,0,0,T1486
asset_0452,0.9042692805633136,1,1,T1486
asset_0453,0.9042692805633136,1,1,T1486
asset_0454,0.0033104508115333,0,0,T1486
asset_0455,0.0033104508115333,0,1,T1486
asset_0456,0.9042692805633136,1,1,T1486
asset_0457,0.9042692805633136,1,1,T1486
asset_0458,0.9042692805633136,1,0,T1486
asset_0459,0.9042692805633136,1,1,T1486
asset_0460,0.9042692805633136,1,0,T1486
asset_0461,0.9042692805633136,1,1,T1486
asset_0462,0.9042692805633136,1,0,T1486
asset_0463,0.0033104508115099,0,0,T1486
asset_0464,0.0033104508115333,0,0,T1486
asset_0465,0.9042692805633136,1,1,T1486
asset_0466,0.9042692805633136,1,0,T1486
asset_0467,0.0033104508115333,0,1,T1486
asset_0468,0.0033104508115333,0,0,T1486
asset_0469,0.0033104508115333,0,0,T1486
asset_0470,0.0033104508115333,0,0,T1486
asset_0471,0.9042692805633136,1,0,T1486
asset_0472,0.0033104508115333,0,1,T1486
asset_0473,0.0033104508115294,0,0,T1486
asset_0474,0.9042692805633136,1,1,T1486
asset_0475,0.9042692805633136,1,0,T1486
asset_0476,0.9042692805633136,1,0,T1486
asset_0477,0.9042692805633136,1,1,T1486
asset_0478,0.0033104508115869,0,0,T1486
asset_0479,0.0033104508115333,0,1,T1486
asset_0480,0.9042692805633136,1,1,T1486
asset_0481,0.0033104508115205,0,1,T1486
asset_0482,0.9042692805633136,1,0,T1486
asset_0483,0.0033104508115333,0,1,T1486
asset_0484,0.9042692805633136,1,0,T1486
asset_0485,0.0033104508114935,0,0,T1486
asset_0486,0.0033104508120334,0,0,T1486
asset_0487,0.9042692805633136,1,0,T1486
asset_0488,0.0033104508115333,0,1,T1486
asset_0489,0.9042692805633136,1,1,T1486
asset_0490,0.0033104508115293,0,0,T1486
asset_0491,0.9042692805633136,1,1,T1486
asset_0492,0.9042692805633136,1,0,T1486
asset_0493,0.0033104508115333,0,1,T1486
asset_0494,0.0033104508115843,0,0,T1486
asset_0495,0.9042692805633136,1,0,T1486
asset_0496,0.0033104508115333,0,0,T1486
asset_0497,0.0033104508115176,0,1,T1486
asset_0498,0.9042692805633136,1,0,T1486
asset_0499,0.0033104508115333,0,1,T1486
asset_0500,0.003310450811489,0,1,T1486
asset_0501,0.9042692805633136,1,0,T1486
asset_0502,0.0033104508115333,0,1,T1486
asset_0503,0.0033104508115333,0,0,T1486
asset_0504,0.9042692805633136,1,1,T1486
asset_0505,0.0033104508115333,0,0,T1486
asset_0506,0.0033104508115225,0,0,T1486
asset_0507,0.0033104508115318,0,1,T1486
asset_0508,0.0033104508115333,0,0,T1486
asset_0509,0.0033104508115333,0,1,T1486
asset_0510,0.9042692805633136,1,0,T1486
asset_0511,0.9042692805633136,1,0,T1486
asset_0512,0.0033104508115294,0,1,T1486
asset_0513,0.9042692805633136,1,0,T1486
asset_0514,0.0033104508115225,0,1,T1486
asset_0515,0.0033104508115333,0,1,T1486
asset_0516,0.9042692805633136,1,1,T1486
asset_0517,0.9042692805633136,1,0,T1486
asset_0518,0.9042692805633136,1,0,T1486
asset_0519,0.9042692805633136,1,1,T1486
asset_0520,0.0033104508115333,0,0,T1486
asset_0521,0.003310450811489,0,1,T1486
asset_0522,0.9042692805633136,1,0,T1486
asset_0523,0.9042692805633136,1,1,T1486
asset_0524,0.0033104508115333,0,0,T1486
asset_0525,0.9042692805633136,1,0,T1486
asset_0526,0.0033104508115333,0,0,T1486
asset_0527,0.0033104508115309,0,1,T1486
asset_0528,0.9042692805633136,1,1,T1486
asset_0529,0.0033104508115333,0,1,T1486
asset_0530,0.0033104508115333,0,1,T1486
asset_0531,0.0033104508115307,0,1,T1486
asset_0532,0.0033104508115333,0,0,T1486
asset_0533,0.9042692805633136,1,1,T1486
asset_0534,0.0033104508115333,0,0,T1486
asset_0535,0.0033104508115012,0,0,T1486
asset_0536,0.9042692805633136,1,1,T1486
asset_0537,0.0033104508115333,0,1,T1486
asset_0538,0.0033104508115318,0,1,T1486
asset_0539,0.9042692805633136,1,1,T1486
asset_0540,0.9042692805633136,1,1,T1486
asset_0541,0.0033104508115333,0,1,T1486
asset_0542,0.0033104508114935,0,1,T1486
asset_0543,0.9042692805633136,1,0,T1486
asset_0544,0.0033104508115333,0,1,T1486
asset_0545,0.0033104508115869,0,1,T1486
asset_0546,0.0033454379976919,0,0,T1486
asset_0547,0.0033104508115333,0,0,T1486
asset_0548,0.9042692805633136,1,0,T1486
asset_0549,0.0033104508114935,0,1,T1486
asset_0550,0.9042692805633136,1,0,T1486
asset_0551,0.9042692805633136,1,0,T1486
asset_0552,0.0033104508114897,0,0,T1486
asset_0553,0.0033104508115333,0,0,T1486
asset_0554,0.9042692805633136,1,1,T1486
asset_0555,0.9042692805633136,1,0,T1486
asset_0556,0.0033104508115333,0,0,T1486
asset_0557,0.9042692805633136,1,1,T1486
asset_0558,0.9042692805633136,1,0,T1486
asset_0559,0.0033104508115333,0,0,T1486
asset_0560,0.9042692805633136,1,1,T1486
asset_0561,0.0033104508115294,0,1,T1486
asset_0562,0.9042692805633136,1,0,T1486
asset_0563,0.0033104508115333,0,0,T1486
asset_0564,0.0033104508115271,0,0,T1486
asset_0565,0.9042692805633136,1,0,T1486
asset_0566,0.0033104508115333,0,0,T1486
asset_0567,0.0033104508115333,0,1,T1486
asset_0568,0.0033104508115333,0,0,T1486
asset_0569,0.9042692805633136,1,1,T1486
asset_0570,0.0033104508115868,0,1,T1486
asset_0571,0.9042692805633136,1,1,T1486
asset_0572,0.9042692805633136,1,0,T1486
asset_0573,0.9042692805633136,1,1,T1486
asset_0574,0.9042692805633136,1,1,T1486
asset_0575,0.9042692805633136,1,0,T1486
asset_0576,0.9042692805633136,1,1,T1486
asset_0577,0.9042692805633136,1,0,T1486
asset_0578,0.9042692805633136,1,0,T1486
asset_0579,0.9042692805633136,1,1,T1486
asset_0580,0.9042692805633136,1,1,T1486
asset_0581,0.9042692805633136,1,1,T1486
asset_0582,0.9042692805633136,1,0,T1486
asset_0583,0.0033104508115333,0,0,T1486
asset_0584,0.9042692805633136,1,1,T1486
asset_0585,0.9042692805633136,1,1,T1486
asset_0586,0.0033104508115333,0,1,T1486
asset_0587,0.0033104508115333,0,0,T1486
asset_0588,0.0033104508115205,0,1,T1486
asset_0589,0.0033104508115309,0,0,T1486
asset_0590,0.9042692805633136,1,1,T1486
asset_0591,0.9042692805633136,1,1,T1486
asset_0592,0.9042692805633136,1,1,T1486
asset_0593,0.9042692805633136,1,0,T1486
asset_0594,0.9042692805633136,1,1,T1486
asset_0595,0.0033104508115333,0,0,T1486
asset_0596,0.9042692805633136,1,0,T1486
asset_0597,0.0033104508115333,0,1,T1486
asset_0598,0.0033104508115333,0,0,T1486
asset_0599,0.0033104508115309,0,0,T1486
asset_0600,0.0033104508115333,0,0,T1486
asset_0601,0.0033104508115201,0,1,T1486
asset_0602,0.0033104508115333,0,0,T1486
asset_0603,0.0033104508115309,0,1,T1486
asset_0604,0.0033104508114785,0,0,T1486
asset_0605,0.0033104508115333,0,1,T1486
asset_0606,0.0033104508115333,0,1,T1486
asset_0607,0.0033104508115333,0,1,T1486
asset_0608,0.9042692805633136,1,0,T1486
asset_0609,0.0033104508115225,0,0,T1486
asset_0610,0.9042692805633136,1,1,T1486
asset_0611,0.9042692805633136,1,0,T1486
asset_0612,0.0033104508115333,0,1,T1486
asset_0613,0.9042692805633136,1,0,T1486
asset_0614,0.9042692805633136,1,0,T1486
asset_0615,0.003310450811489,0,1,T1486
asset_0616,0.9042692805633136,1,0,T1486
asset_0617,0.0033104508115333,0,1,T1486
asset_0618,0.0033104508115225,0,1,T1486
asset_0619,0.9042692805633136,1,0,T1486
asset_0620,0.9042692805633136,1,0,T1486
asset_0621,0.9042692805633136,1,0,T1486
asset_0622,0.0033104508115333,0,1,T1486
asset_0623,0.9042692805633136,1,1,T1486
asset_0624,0.9042692805633136,1,1,T1486
asset_0625,0.9042692805633136,1,0,T1486
asset_0626,0.0033104508115097,0,0,T1486
asset_0627,0.0033104508115333,0,1,T1486
asset_0628,0.9042692805633136,1,1,T1486
asset_0629,0.0033104508115186,0,1,T1486
asset_0630,0.0033104508115333,0,0,T1486
asset_0631,0.9042692805633136,1,0,T1486
asset_0632,0.0033104508115333,0,0,T1486
asset_0633,0.9042692805633136,1,1,T1486
asset_0634,0.0033104508115333,0,1,T1486
asset_0635,0.0033104508114664,0,0,T1486
asset_0636,0.9042692805633136,1,1,T1486
asset_0637,0.003310450811489,0,1,T1486
asset_0638,0.0033104508115333,0,1,T1486
asset_0639,0.9042692805633136,1,0,T1486
asset_0640,0.0033104508115333,0,0,T1486
asset_0641,0.9042692805633136,1,1,T1486
asset_0642,0.9042692805633136,1,1,T1486
asset_0643,0.0033104508115309,0,0,T1486
asset_0644,0.0033104508115333,0,0,T1486
asset_0645,0.9042692805633136,1,0,T1486
asset_0646,0.9042692805633136,1,1,T1486
asset_0647,0.0033104508115333,0,1,T1486
asset_0648,0.9042692805633136,1,1,T1486
asset_0649,0.9042692805633136,1,0,T1486
asset_0650,0.9042692805633136,1,1,T1486
asset_0651,0.0033104508115293,0,0,T1486
asset_0652,0.0033104508115333,0,0,T1486
asset_0653,0.9042692805633136,1,0,T1486
asset_0654,0.9042692805633136,1,1,T1486
asset_0655,0.9042692805633136,1,1,T1486
asset_0656,0.0033104508115868,0,1,T1486
asset_0657,0.9042692805633136,1,0,T1486
asset_0658,0.0033104508115333,0,0,T1486
asset_0659,0.0033104508115333,0,1,T1486
asset_0660,0.9042692805633136,1,1,T1486
asset_0661,0.003310450811489,0,1,T1486
asset_0662,0.0033104508115205,0,0,T1486
asset_0663,0.9042692805633136,1,0,T1486
asset_0664,0.9042692805633136,1,0,T1486
asset_0665,0.0033104508118171,0,1,T1486
asset_0666,0.9042692805633136,1,0,T1486
asset_0667,0.9042692805633136,1,1,T1486
asset_0668,0.9042692805633136,1,0,T1486
asset_0669,0.0033804806989038,0,0,T1486
asset_0670,0.9042692805633136,1,1,T1486
asset_0671,0.0033104508114677,0,0,T1486
asset_0672,0.003310450811489,0,1,T1486
asset_0673,0.0033104508115318,0,1,T1486
asset_0674,0.0033104508115205,0,1,T1486
asset_0675,0.0033104508115294,0,0,T1486
asset_0676,0.0033104508122665,0,0,T1486
asset_0677,0.9042692805633136,1,0,T1486
asset_0678,0.9042692805633136,1,0,T1486
asset_0679,0.9042692805633136,1,0,T1486
asset_0680,0.9042692805633136,1,0,T1486
asset_0681,0.0033104508115333,0,0,T1486
asset_0682,0.003310450811489,0,0,T1486
asset_0683,0.9042692805633136,1,0,T1486
asset_0684,0.0033104464221243,0,0,T1486
asset_0685,0.9042692805633136,1,0,T1486
asset_0686,0.0033104508115333,0,1,T1486
asset_0687,0.9042692805633136,1,0,T1486
asset_0688,0.0033104508115333,0,0,T1486
asset_0689,0.0033104464221243,0,0,T1486
asset_0690,0.0033104457881829,0,0,T1486
asset_0691,0.003310450811489,0,1,T1486
asset_0692,0.0033104508115333,0,0,T1486
asset_0693,0.0033104508115333,0,0,T1486
asset_0694,0.0034876895568891,0,0,T1486
asset_0695,0.0033104508115333,0,1,T1486
asset_0696,0.0033104508115333,0,0,T1486
asset_0697,0.0033104508114623,0,1,T1486
asset_0698,0.9042692805633136,1,0,T1486
asset_0699,0.9042692805633136,1,0,T1486
asset_0700,0.9042692805633136,1,0,T1486
asset_0701,0.9042692805633136,1,1,T1486
asset_0702,0.0033104508114618,0,0,T1486
asset_0703,0.0033104508115333,0,0,T1486
asset_0704,0.9042692805633136,1,1,T1486
asset_0705,0.9042692805633136,1,1,T1486
asset_0706,0.0033104482481914,0,1,T1486
asset_0707,0.0033104508115309,0,0,T1486
asset_0708,0.0033104508114785,0,0,T1486
asset_0709,0.9042692805633136,1,0,T1486
asset_0710,0.9042692805633136,1,0,T1486
asset_0711,0.9042692805633136,1,0,T1486
asset_0712,0.0033104508115333,0,0,T1486
asset_0713,0.0033104508115333,0,1,T1486
asset_0714,0.9042692805633136,1,0,T1486
asset_0715,0.0033104508115333,0,0,T1486
asset_0716,0.9042692805633136,1,0,T1486
asset_0717,0.9042692805633136,1,1,T1486
asset_0718,0.9042692805633136,1,1,T1486
asset_0719,0.9042692805633136,1,0,T1486
asset_0720,0.003310450811523,0,0,T1486
asset_0721,0.0033104508115333,0,0,T1486
asset_0722,0.9042692805633136,1,0,T1486
asset_0723,0.0033104508115186,0,0,T1486
asset_0724,0.9042692805633136,1,0,T1486
asset_0725,0.0033104508115333,0,1,T1486
asset_0726,0.0033104508115333,0,0,T1486
asset_0727,0.9042692805633136,1,1,T1486
asset_0728,0.9042692805633136,1,0,T1486
asset_0729,0.0033104508114785,0,0,T1486
asset_0730,0.9042692805633136,1,0,T1486
asset_0731,0.0033104508115333,0,1,T1486
asset_0732,0.9042692805633136,1,0,T1486
asset_0733,0.0033104508114824,0,1,T1486
asset_0734,0.9042692805633136,1,1,T1486
asset_0735,0.003310450811489,0,1,T1486
asset_0736,0.0033104508115205,0,1,T1486
asset_0737,0.0033104508115868,0,0,T1486
asset_0738,0.9042692805633136,1,1,T1486
asset_0739,0.0033104508115333,0,1,T1486
asset_0740,0.0033104508115205,0,0,T1486
asset_0741,0.9042692805633136,1,0,T1486
asset_0742,0.9042692805633136,1,0,T1486
asset_0743,0.9042692805633136,1,0,T1486
asset_0744,0.0033104508115333,0,0,T1486
asset_0745,0.003310450811489,0,0,T1486
asset_0746,0.0033104508115333,0,0,T1486
asset_0747,0.9042692805633136,1,0,T1486
asset_0748,0.9042692805633136,1,1,T1486
asset_0749,0.0033104508115333,0,1,T1486
asset_0750,0.0033104508115309,0,1,T1486
asset_0751,0.9042692805633136,1,1,T1486
asset_0752,0.9042692805633136,1,0,T1486
asset_0753,0.9042692805633136,1,0,T1486
asset_0754,0.9042692805633136,1,0,T1486
asset_0755,0.0033104508115055,0,1,T1486
asset_0756,0.0033104508114508,0,1,T1486
asset_0757,0.0033104508115333,0,0,T1486
asset_0758,0.0033104508115333,0,1,T1486
asset_0759,0.9042692805633136,1,1,T1486
asset_0760,0.0033104508115333,0,1,T1486
asset_0761,0.0033104508115333,0,1,T1486
asset_0762,0.9042692805633136,1,0,T1486
asset_0763,0.9042692805633136,1,0,T1486
asset_0764,0.0033104508115333,0,1,T1486
asset_0765,0.0033104508115333,0,0,T1486
asset_0766,0.9042692805633136,1,0,T1486
asset_0767,0.9042692805633136,1,0,T1486
asset_0768,0.0033104508114785,0,0,T1486
asset_0769,0.0033104508115333,0,0,T1486
asset_0770,0.9042692805633136,1,0,T1486
asset_0771,0.9042692805633136,1,1,T1486
asset_0772,0.9042692805633136,1,0,T1486
asset_0773,0.0033104508115333,0,0,T1486
asset_0774,0.9042692805633136,1,0,T1486
asset_0775,0.0033104508115333,0,1,T1486
asset_0776,0.9042692805633136,1,0,T1486
asset_0777,0.9042692805633136,1,1,T1486
asset_0778,0.9042692805633136,1,1,T1486
asset_0779,0.0033104508114935,0,1,T1486
asset_0780,0.9042692805633136,1,0,T1486
asset_0781,0.9042692805633136,1,1,T1486
asset_0782,0.9042692805633136,1,1,T1486
asset_0783,0.9042692805633136,1,0,T1486
asset_0784,0.003310450811521,0,0,T1486
asset_0785,0.0033104508115333,0,1,T1486
asset_0786,0.0033104508115333,0,0,T1486
asset_0787,0.9042692805633136,1,1,T1486
asset_0788,0.0033104508115309,0,1,T1486
asset_0789,0.0033104508115333,0,1,T1486
asset_0790,0.0033104508115333,0,0,T1486
asset_0791,0.9042692805633136,1,1,T1486
asset_0792,0.0033104508115225,0,0,T1486
asset_0793,0.0033104508115868,0,1,T1486
asset_0794,0.9042692805633136,1,0,T1486
asset_0795,0.9042692805633136,1,0,T1486
asset_0796,0.9042692805633136,1,0,T1486
asset_0797,0.0033104508115225,0,0,T1486
asset_0798,0.9042692805633136,1,0,T1486
asset_0799,0.0033104508115333,0,1,T1486
asset_0800,0.9042692805633136,1,0,T1486
asset_0801,0.9042692805633136,1,0,T1486
asset_0802,0.9042692805633136,1,1,T1486
asset_0803,0.0033104508115333,0,1,T1486
asset_0804,0.9042692805633136,1,1,T1486
asset_0805,0.9042692805633136,1,1,T1486
asset_0806,0.0033104508115294,0,1,T1486
asset_0807,0.0033104508115333,0,1,T1486
asset_0808,0.9042692805633136,1,1,T1486
asset_0809,0.9042692805633136,1,0,T1486
asset_0810,0.9042692805633136,1,1,T1486
asset_0811,0.9042692805633136,1,0,T1486
asset_0812,0.0033104508115333,0,0,T1486
asset_0813,0.0033104508115333,0,1,T1486
asset_0814,0.0033104508115293,0,0,T1486
asset_0815,0.9042692805633136,1,0,T1486
asset_0816,0.9042692805633136,1,0,T1486
asset_0817,0.9042692805633136,1,0,T1486
asset_0818,0.0033104508115333,0,1,T1486
asset_0819,0.9042692805633136,1,0,T1486
asset_0820,0.0033104508115868,0,1,T1486
asset_0821,0.0033104508114618,0,0,T1486
asset_0822,0.0033104508115333,0,1,T1486
asset_0823,0.0033104508115333,0,1,T1486
asset_0824,0.9042692805633136,1,1,T1486
asset_0825,0.9042692805633136,1,0,T1486
asset_0826,0.0033104508115333,0,0,T1486
asset_0827,0.0033104508115185,0,1,T1486
asset_0828,0.0033104508115294,0,1,T1486
asset_0829,0.9042692805633136,1,0,T1486
asset_0830,0.0033104508115333,0,1,T1486
asset_0831,0.9042692805633136,1,0,T1486
asset_0832,0.9042692805633136,1,1,T1486
asset_0833,0.9042692805633136,1,1,T1486
asset_0834,0.0033104508115333,0,0,T1486
asset_0835,0.0033104508115169,0,1,T1486
asset_0836,0.9042692805633136,1,0,T1486
asset_0837,0.003310450811489,0,0,T1486
asset_0838,0.0033104500031795,0,0,T1486
asset_0839,0.003310450811489,0,1,T1486
asset_0840,0.9042692805633136,1,0,T1486
asset_0841,0.9042692805633136,1,0,T1486
asset_0842,0.0033104508115333,0,1,T1486
asset_0843,0.9042692805633136,1,1,T1486
asset_0844,0.9042692805633136,1,1,T1486
asset_0845,0.9042692805633136,1,0,T1486
asset_0846,0.0033104508115333,0,0,T1486
asset_0847,0.0033104508115097,0,1,T1486
asset_0848,0.0033104508115205,0,0,T1486
asset_0849,0.9042692805633136,1,1,T1486
asset_0850,0.003310450811466,0,1,T1486
asset_0851,0.0033104508115294,0,0,T1486
asset_0852,0.0033104508115333,0,0,T1486
asset_0853,0.0033104508115167,0,0,T1486
asset_0854,0.9042692805633136,1,0,T1486
asset_0855,0.9042692805633136,1,0,T1486
asset_0856,0.0033104508115333,0,0,T1486
asset_0857,0.0033104508114933,0,1,T1486
asset_0858,0.9042692805633136,1,1,T1486
asset_0859,0.9042692805633136,1,0,T1486
asset_0860,0.9042692805633136,1,0,T1486
asset_0861,0.9042692805633136,1,0,T1486
asset_0862,0.0033104508115185,0,0,T1486
asset_0863,0.9042692805633136,1,0,T1486
asset_0864,0.0033104361263645,0,0,T1486
asset_0865,0.0033104508115333,0,1,T1486
asset_0866,0.9042692805633136,1,0,T1486
asset_0867,0.0033104508115333,0,1,T1486
asset_0868,0.9042692805633136,1,1,T1486
asset_0869,0.0033104508114508,0,1,T1486
asset_0870,0.9042692805633136,1,0,T1486
asset_0871,0.9042692805633136,1,1,T1486
asset_0872,0.9042692805633136,1,1,T1486
asset_0873,0.0033104508115333,0,1,T1486
asset_0874,0.9042692805633136,1,1,T1486
asset_0875,0.0033104508115333,0,0,T1486
asset_0876,0.0033104508115225,0,1,T1486
asset_0877,0.0033104508115333,0,1,T1486
asset_0878,0.0033104508115333,0,1,T1486
asset_0879,0.9042692805633136,1,1,T1486
asset_0880,0.0033104508115333,0,1,T1486
asset_0881,0.9042692805633136,1,0,T1486
asset_0882,0.9042692805633136,1,0,T1486
asset_0883,0.0033104508115099,0,0,T1486
asset_0884,0.9042692805633136,1,1,T1486
asset_0885,0.9042692805633136,1,1,T1486
asset_0886,0.0033104508115333,0,0,T1486
asset_0887,0.0033104508115294,0,0,T1486
asset_0888,0.0033104508115333,0,1,T1486
asset_0889,0.9042692805633136,1,0,T1486
asset_0890,0.0033104508115318,0,0,T1486
asset_0891,0.0033104508115271,0,1,T1486
asset_0892,0.9042692805633136,1,1,T1486
asset_0893,0.9042692805633136,1,0,T1486
asset_0894,0.0033104508115333,0,0,T1486
asset_0895,0.0033104508115061,0,0,T1486
asset_0896,0.0033104508115333,0,1,T1486
asset_0897,0.0033104468656574,0,1,T1486
asset_0898,0.0033104508115333,0,1,T1486
asset_0899,0.9042692805633136,1,1,T1486
asset_0900,0.9042692805633136,1,0,T1486
asset_0901,0.9042692805633136,1,0,T1486
asset_0902,0.0033104508115333,0,0,T1486
asset_0903,0.0033104508114895,0,1,T1486
asset_0904,0.9042692805633136,1,1,T1486
asset_0905,0.0033104508115333,0,0,T1486
asset_0906,0.0033104508115287,0,0,T1486
asset_0907,0.9042692805633136,1,0,T1486
asset_0908,0.0033454379976919,0,0,T1486
asset_0909,0.9042692805633136,1,0,T1486
asset_0910,0.9042692805633136,1,0,T1486
asset_0911,0.9042692805633136,1,0,T1486
asset_0912,0.0033104508115333,0,0,T1486
asset_0913,0.9042692805633136,1,1,T1486
asset_0914,0.0033104508114785,0,0,T1486
asset_0915,0.0033104508115099,0,1,T1486
asset_0916,0.9042692805633136,1,1,T1486
asset_0917,0.0033104508115333,0,1,T1486
asset_0918,0.0033104508114623,0,1,T1486
asset_0919,0.9042692805633136,1,1,T1486
asset_0920,0.9042692805633136,1,0,T1486
asset_0921,0.9042692805633136,1,1,T1486
asset_0922,0.0033104508115868,0,0,T1486
asset_0923,0.0033104508115309,0,1,T1486
asset_0924,0.9042692805633136,1,1,T1486
asset_0925,0.0033104508115099,0,1,T1486
asset_0926,0.0033104508115333,0,0,T1486
asset_0927,0.0033104508115333,0,0,T1486
asset_0928,0.0033104508115333,0,1,T1486
asset_0929,0.9042692805633136,1,1,T1486
asset_0930,0.0033104508115333,0,0,T1486
asset_0931,0.0033104508115333,0,1,T1486
asset_0932,0.9042692805633136,1,0,T1486
asset_0933,0.9042692805633136,1,0,T1486
asset_0934,0.9042692805633136,1,1,T1486
asset_0935,0.9042692805633136,1,1,T1486
asset_0936,0.0033104508115205,0,0,T1486
asset_0937,0.9042692805633136,1,0,T1486
asset_0938,0.9042692805633136,1,1,T1486
asset_0939,0.9042692805633136,1,0,T1486
asset_0940,0.0033104508115309,0,1,T1486
asset_0941,0.0033104508115333,0,0,T1486
asset_0942,0.0033104508115333,0,0,T1486
asset_0943,0.0033104508115333,0,1,T1486
asset_0944,0.0033104508115333,0,1,T1486
asset_0945,0.0033104508115333,0,0,T1486
asset_0946,0.0033104508115333,0,1,T1486
asset_0947,0.0033104508135067,0,1,T1486
asset_0948,0.0033104508115333,0,1,T1486
asset_0949,0.0033104508115869,0,0,T1486
asset_0950,0.9042692805633136,1,0,T1486
asset_0951,0.9042692805633136,1,0,T1486
asset_0952,0.0033104508115333,0,1,T1486
asset_0953,0.9042692805633136,1,1,T1486
asset_0954,0.9042692805633136,1,1,T1486
asset_0955,0.0033104389333239,0,0,T1486
asset_0956,0.0033104508115099,0,0,T1486
asset_0957,0.0033104508115333,0,1,T1486
asset_0958,0.0033104508115333,0,0,T1486
asset_0959,0.9042692805633136,1,0,T1486
asset_0960,0.0033104508115333,0,0,T1486
asset_0961,0.9042692805633136,1,0,T1486
asset_0962,0.0033104508115205,0,1,T1486
asset_0963,0.9042692805633136,1,0,T1486
asset_0964,0.0033104508115021,0,0,T1486
asset_0965,0.0033104508115333,0,0,T1486
asset_0966,0.0033104508115037,0,0,T1486
asset_0967,0.9042692805633136,1,1,T1486
asset_0968,0.0033104490923377,0,1,T1486
asset_0969,0.9042692805633136,1,0,T1486
asset_0970,0.0033104508115333,0,1,T1486
asset_0971,0.9042692805633136,1,0,T1486
asset_0972,0.0033104508115333,0,0,T1486
asset_0973,0.0033104508115333,0,1,T1486
asset_0974,0.9042692805633136,1,0,T1486
asset_0975,0.9042692805633136,1,1,T1486
asset_0976,0.9042692805633136,1,0,T1486
asset_0977,0.9042692805633136,1,1,T1486
asset_0978,0.0033104499683465,0,0,T1486
asset_0979,0.9042692805633136,1,0,T1486
asset_0980,0.9042692805633136,1,1,T1486
asset_0981,0.0033104508114935,0,1,T1486
asset_0982,0.9042692805633136,1,0,T1486
asset_0983,0.9042692805633136,1,1,T1486
asset_0984,0.9042692805633136,1,1,T1486
asset_0985,0.0034876895567274,0,1,T1486
asset_0986,0.9042692805633136,1,1,T1486
asset_0987,0.9042692805633136,1,1,T1486
asset_0988,0.0033104508114933,0,0,T1486
asset_0989,0.0033104508115309,0,1,T1486
asset_0990,0.9042692805633136,1,0,T1486
asset_0991,0.0033104508115333,0,0,T1486
asset_0992,0.0033104508115309,0,0,T1486
asset_0993,0.0033104508115333,0,0,T1486
asset_0994,0.9042692805633136,1,0,T1486
asset_0995,0.0033104508115333,0,1,T1486
asset_0996,0.0033104508114618,0,1,T1486
asset_0997,0.9042692805633136,1,0,T1486
asset_0998,0.0033104508115333,0,0,T1486
asset_0999,0.9042692805633136,1,0,T1486
asset_1000,0.9042692805633136,1,0,T1486
asset_1001,0.0033104508115333,0,1,T1486
asset_1002,0.0033104508115333,0,0,T1486
asset_1003,0.0033104508115333,0,1,T1486
asset_1004,0.0033104508115333,0,1,T1486
asset_1005,0.00334543898181,0,1,T1486
asset_1006,0.9042692805633136,1,1,T1486
asset_1007,0.9042692805633136,1,1,T1486
asset_1008,0.9042692805633136,1,0,T1486
asset_1009,0.9042692805633136,1,1,T1486
asset_1010,0.9042692805633136,1,1,T1486
asset_1011,0.9042692805633136,1,0,T1486
asset_1012,0.0033104508115333,0,1,T1486
asset_1013,0.0033104508115333,0,1,T1486
asset_1014,0.9042692805633136,1,1,T1486
asset_1015,0.9042692805633136,1,1,T1486
asset_1016,0.9042692805633136,1,1,T1486
asset_1017,0.9042692805633136,1,0,T1486
asset_1018,0.9042692805633136,1,1,T1486
asset_1019,0.0033104508115333,0,0,T1486
asset_1020,0.0033104508115021,0,1,T1486
asset_1021,0.9042692805633136,1,1,T1486
asset_1022,0.003310450811489,0,1,T1486
asset_1023,0.9042692805633136,1,1,T1486
asset_1024,0.0033104508115868,0,1,T1486
asset_1025,0.9042692805633136,1,0,T1486
asset_1026,0.9042692805633136,1,0,T1486
asset_1027,0.9042692805633136,1,0,T1486
asset_1028,0.9042692805633136,1,1,T1486
asset_1029,0.9042692805633136,1,1,T1486
asset_1030,0.0033104508114552,0,1,T1486
asset_1031,0.9042692805633136,1,0,T1486
asset_1032,0.9042692805633136,1,0,T1486
asset_1033,0.0033104508115205,0,0,T1486
asset_1034,0.0033104499673624,0,0,T1486
asset_1035,0.0033104508115333,0,0,T1486
asset_1036,0.0033104508115333,0,0,T1486
asset_1037,0.0033104508115333,0,0,T1486
asset_1038,0.0033104508115333,0,0,T1486
asset_1039,0.9042692805633136,1,1,T1486
asset_1040,0.9042692805633136,1,1,T1486
asset_1041,0.9042692805633136,1,1,T1486
asset_1042,0.0033104508115309,0,1,T1486
asset_1043,0.9042692805633136,1,1,T1486
asset_1044,0.9042692805633136,1,1,T1486
asset_1045,0.9042692805633136,1,1,T1486
asset_1046,0.9042692805633136,1,1,T1486
asset_1047,0.9042692805633136,1,1,T1486
asset_1048,0.9042692805633136,1,0,T1486
asset_1049,0.9042692805633136,1,1,T1486
asset_1050,0.9042692805633136,1,1,T1486
asset_1051,0.0033104508115333,0,1,T1486
asset_1052,0.9042692805633136,1,0,T1486
asset_1053,0.9042692805633136,1,1,T1486
asset_1054,0.0033104508115333,0,0,T1486
asset_1055,0.9042692805633136,1,0,T1486
asset_1056,0.0033104508117248,0,0,T1486
asset_1057,0.003310450811466,0,0,T1486
asset_1058,0.0033104508115333,0,0,T1486
asset_1059,0.0033104508115099,0,1,T1486
asset_1060,0.0033104508115333,0,1,T1486
asset_1061,0.9042692805633136,1,1,T1486
asset_1062,0.0033104508115869,0,1,T1486
asset_1063,0.0033104508114889,0,0,T1486
asset_1064,0.0033104508114935,0,1,T1486
asset_1065,0.0033104508115333,0,0,T1486
asset_1066,0.9042692805633136,1,0,T1486
asset_1067,0.0033104508114889,0,1,T1486
asset_1068,0.0033104508115225,0,1,T1486
asset_1069,0.0033104508115869,0,0,T1486
asset_1070,0.9042692805633136,1,0,T1486
asset_1071,0.0033104508115333,0,0,T1486
asset_1072,0.9042692805633136,1,0,T1486
asset_1073,0.0033104508115333,0,1,T1486
asset_1074,0.0033104469826889,0,0,T1486
asset_1075,0.0033104508115055,0,1,T1486
asset_1076,0.0033104508115333,0,1,T1486
asset_1077,0.9042692805633136,1,1,T1486
asset_1078,0.0033104508115309,0,0,T1486
asset_1079,0.9042692805633136,1,1,T1486
asset_1080,0.9042692805633136,1,0,T1486
asset_1081,0.9042692805633136,1,0,T1486
asset_1082,0.9042692805633136,1,1,T1486
asset_1083,0.9042692805633136,1,0,T1486
asset_1084,0.0033104508115333,0,0,T1486
asset_1085,0.0033104508115333,0,1,T1486
asset_1086,0.9042692805633136,1,0,T1486
asset_1087,0.9042692805633136,1,0,T1486
asset_1088,0.0033104508115333,0,1,T1486
asset_1089,0.0033104508115333,0,0,T1486
asset_1090,0.9042692805633136,1,0,T1486
asset_1091,0.0033104508115333,0,1,T1486
asset_1092,0.9042692805633136,1,1,T1486
asset_1093,0.9042692805633136,1,0,T1486
asset_1094,0.0033104508115333,0,0,T1486
asset_1095,0.0033104508115333,0,0,T1486
asset_1096,0.003310450811489,0,0,T1486
asset_1097,0.0033104508115333,0,0,T1486
asset_1098,0.9042692805633136,1,0,T1486
asset_1099,0.0033104508114623,0,0,T1486
asset_1100,0.0033104508115868,0,0,T1486
asset_1101,0.9042692805633136,1,1,T1486
asset_1102,0.0033104508115333,0,0,T1486
asset_1103,0.0033104508115333,0,0,T1486
asset_1104,0.9042692805633136,1,1,T1486
asset_1105,0.9042692805633136,1,0,T1486
asset_1106,0.9042692805633136,1,0,T1486
asset_1107,0.0033104508115333,0,1,T1486
asset_1108,0.9042692805633136,1,1,T1486
asset_1109,0.9042692805633136,1,0,T1486
asset_1110,0.003310450811466,0,1,T1486
asset_1111,0.9042692805633136,1,0,T1486
asset_1112,0.9042692805633136,1,1,T1486
asset_1113,0.9042692805633136,1,1,T1486
asset_1114,0.9042692805633136,1,1,T1486
asset_1115,0.9042692805633136,1,0,T1486
asset_1116,0.9042692805633136,1,1,T1486
asset_1117,0.0033104508115333,0,0,T1486
asset_1118,0.9042692805633136,1,1,T1486
asset_1119,0.9042692805633136,1,0,T1486
asset_1120,0.0033104508115333,0,0,T1486
asset_1121,0.9042692805633136,1,0,T1486
asset_1122,0.9042692805633136,1,1,T1486
asset_1123,0.0033104508115205,0,0,T1486
asset_1124,0.0033104508115333,0,1,T1486
asset_1125,0.0033104508114893,0,0,T1486
asset_1126,0.0033104508129547,0,1,T1486
asset_1127,0.0033104508115333,0,1,T1486
asset_1128,0.9042692805633136,1,1,T1486
asset_1129,0.0033104508115333,0,0,T1486
asset_1130,0.9042692805633136,1,1,T1486
asset_1131,0.0033104508115333,0,1,T1486
asset_1132,0.9042692805633136,1,0,T1486
asset_1133,0.9042692805633136,1,1,T1486
asset_1134,0.9042692805633136,1,1,T1486
asset_1135,0.9042692805633136,1,1,T1486
asset_1136,0.0033104508115333,0,0,T1486
asset_1137,0.9042692805633136,1,1,T1486
asset_1138,0.0033104508115333,0,0,T1486
asset_1139,0.0033104508115333,0,0,T1486
asset_1140,0.0033104508115316,0,1,T1486
asset_1141,0.9042692805633136,1,0,T1486
asset_1142,0.9042692805633136,1,1,T1486
asset_1143,0.0033104508115225,0,1,T1486
asset_1144,0.9042692805633136,1,1,T1486
asset_1145,0.0033104508115333,0,0,T1486
asset_1146,0.9042692805633136,1,1,T1486
asset_1147,0.0033104508115333,0,1,T1486
asset_1148,0.9042692805633136,1,0,T1486
asset_1149,0.0033104508115333,0,0,T1486
asset_1150,0.0033104508115333,0,1,T1486
asset_1151,0.0033104508114616,0,0,T1486
asset_1152,0.0033104508115309,0,0,T1486
asset_1153,0.0033104508115333,0,0,T1486
asset_1154,0.9042692805633136,1,0,T1486
asset_1155,0.0033104508117222,0,1,T1486
asset_1156,0.9042692805633136,1,1,T1486
asset_1157,0.9042692805633136,1,1,T1486
asset_1158,0.9042692805633136,1,1,T1486
asset_1159,0.9042692805633136,1,0,T1486
asset_1160,0.9042692805633136,1,1,T1486
asset_1161,0.9042692805633136,1,0,T1486
asset_1162,0.0033104508115333,0,1,T1486
asset_1163,0.0034876895568891,0,1,T1486
asset_1164,0.0033104508115333,0,0,T1486
asset_1165,0.0033104508115342,0,0,T1486
asset_1166,0.0033104508115294,0,1,T1486
asset_1167,0.9042692805633136,1,0,T1486
asset_1168,0.003310449967819,0,1,T1486
asset_1169,0.9042692805633136,1,0,T1486
asset_1170,0.0033104508115333,0,0,T1486
asset_1171,0.9042692805633136,1,0,T1486
asset_1172,0.0033104508115333,0,1,T1486
asset_1173,0.0033104508114933,0,0,T1486
asset_1174,0.9042692805633136,1,0,T1486
asset_1175,0.0033104508115333,0,0,T1486
asset_1176,0.0033104508115333,0,1,T1486
asset_1177,0.0033104508115205,0,1,T1486
asset_1178,0.0033104508115333,0,1,T1486
asset_1179,0.9042692805633136,1,0,T1486
asset_1180,0.0033104508115225,0,0,T1486
asset_1181,0.9042692805633136,1,0,T1486
asset_1182,0.0033104508115868,0,0,T1486
asset_1183,0.0033104508115868,0,1,T1486
asset_1184,0.0033104508115333,0,0,T1486
asset_1185,0.0033104508115205,0,0,T1486
asset_1186,0.9042692805633136,1,0,T1486
asset_1187,0.9042692805633136,1,1,T1486
asset_1188,0.9042692805633136,1,1,T1486
asset_1189,0.9042692805633136,1,0,T1486
asset_1190,0.0033104508115225,0,0,T1486
asset_1191,0.0033104508115284,0,1,T1486
asset_1192,0.9042692805633136,1,1,T1486
asset_1193,0.0033104508115333,0,1,T1486
asset_1194,0.9042692805633136,1,1,T1486
asset_1195,0.0033104508115333,0,0,T1486
asset_1196,0.0033104508115208,0,0,T1486
asset_1197,0.0033104508120334,0,0,T1486
asset_1198,0.0033104508115309,0,0,T1486
asset_1199,0.0033104508115868,0,0,T1486
asset_1200,0.9042692805633136,1,0,T1486
asset_1201,0.9042692805633136,1,0,T1486
asset_1202,0.0033104508115333,0,0,T1486
asset_1203,0.9042692805633136,1,0,T1486
asset_1204,0.9042692805633136,1,0,T1486
asset_1205,0.0033104508115333,0,1,T1486
asset_1206,0.9042692805633136,1,1,T1486
asset_1207,0.9042692805633136,1,0,T1486
asset_1208,0.9042692805633136,1,0,T1486
asset_1209,0.9042692805633136,1,1,T1486
asset_1210,0.9042692805633136,1,0,T1486
asset_1211,0.9042692805633136,1,0,T1486
asset_1212,0.9042692805633136,1,1,T1486
asset_1213,0.9042692805633136,1,0,T1486
asset_1214,0.0033104508115333,0,1,T1486
asset_1215,0.9042692805633136,1,1,T1486
asset_1216,0.9042692805633136,1,0,T1486
asset_1217,0.0033104508115333,0,0,T1486
asset_1218,0.9042692805633136,1,0,T1486
asset_1219,0.9042692805633136,1,0,T1486
asset_1220,0.9042692805633136,1,0,T1486
asset_1221,0.9042692805633136,1,1,T1486
asset_1222,0.0033104508114618,0,0,T1486
asset_1223,0.0033104508115196,0,0,T1486
asset_1224,0.9042692805633136,1,0,T1486
asset_1225,0.9042692805633136,1,0,T1486
asset_1226,0.9042692805633136,1,1,T1486
asset_1227,0.0033104508114933,0,1,T1486
asset_1228,0.0033104508115333,0,1,T1486
asset_1229,0.9042692805633136,1,0,T1486
asset_1230,0.9042692805633136,1,0,T1486
asset_1231,0.0033104508115333,0,1,T1486
asset_1232,0.9042692805633136,1,1,T1486
asset_1233,0.0033104508115333,0,0,T1486
asset_1234,0.0033104508114616,0,1,T1486
asset_1235,0.0033104508115333,0,1,T1486
asset_1236,0.0033104508115205,0,0,T1486
asset_1237,0.9042692805633136,1,1,T1486
asset_1238,0.0033104508115333,0,0,T1486
asset_1239,0.9042692805633136,1,0,T1486
asset_1240,0.9042692805633136,1,1,T1486
asset_1241,0.0033104508115309,0,1,T1486
asset_1242,0.9042692805633136,1,1,T1486
asset_1243,0.9042692805633136,1,0,T1486
asset_1244,0.0033104508115333,0,0,T1486
asset_1245,0.0033104508115201,0,0,T1486
asset_1246,0.0033104508115333,0,1,T1486
asset_1247,0.0033104490005228,0,1,T1486
asset_1248,0.0033104508115309,0,0,T1486
asset_1249,0.0033104508115333,0,1,T1486
asset_1250,0.9042692805633136,1,0,T1486
asset_1251,0.9042692805633136,1,1,T1486
asset_1252,0.0033104508115333,0,1,T1486
asset_1253,0.0033104508115333,0,1,T1486
asset_1254,0.0033104508115333,0,1,T1486
asset_1255,0.9042692805633136,1,0,T1486
asset_1256,0.9042692805633136,1,1,T1486
asset_1257,0.9042692805633136,1,0,T1486
asset_1258,0.9042692805633136,1,1,T1486
asset_1259,0.0033104508115205,0,1,T1486
asset_1260,0.0033104508115201,0,1,T1486
asset_1261,0.9042692805633136,1,0,T1486
asset_1262,0.0033104508117248,0,0,T1486
asset_1263,0.9042692805633136,1,0,T1486
asset_1264,0.0033104508115176,0,0,T1486
asset_1265,0.9042692805633136,1,0,T1486
asset_1266,0.0033104508114933,0,1,T1486
asset_1267,0.0033104508115333,0,0,T1486
asset_1268,0.9042692805633136,1,0,T1486
asset_1269,0.9042692805633136,1,0,T1486
asset_1270,0.9042692805633136,1,1,T1486
asset_1271,0.9042692805633136,1,0,T1486
asset_1272,0.0033104508115333,0,1,T1486
asset_1273,0.9042692805633136,1,1,T1486
asset_1274,0.9042692805633136,1,0,T1486
asset_1275,0.9042692805633136,1,1,T1486
asset_1276,0.0033104508115333,0,0,T1486
asset_1277,0.9042692805633136,1,0,T1486
asset_1278,0.0033104508115309,0,1,T1486
asset_1279,0.0033104508115333,0,1,T1486
asset_1280,0.9042692805633136,1,0,T1486
asset_1281,0.9042692805633136,1,0,T1486
asset_1282,0.9042692805633136,1,1,T1486
asset_1283,0.0033104508115333,0,0,T1486
asset_1284,0.003310450811489,0,0,T1486
asset_1285,0.9042692805633136,1,1,T1486
asset_1286,0.003310450811466,0,0,T1486
asset_1287,0.9042692805633136,1,1,T1486
asset_1288,0.003310450811466,0,1,T1486
asset_1289,0.9042692805633136,1,0,T1486
asset_1290,0.9042692805633136,1,1,T1486
asset_1291,0.9042692805633136,1,1,T1486
asset_1292,0.9042692805633136,1,1,T1486
asset_1293,0.9042692805633136,1,1,T1486
asset_1294,0.9042692805633136,1,1,T1486
asset_1295,0.9042692805633136,1,0,T1486
asset_1296,0.9042692805633136,1,1,T1486
asset_1297,0.0033104508115309,0,0,T1486
asset_1298,0.0033104508115333,0,0,T1486
asset_1299,0.0033104508115294,0,1,T1486
asset_1300,0.9042692805633136,1,1,T1486
asset_1301,0.9042692805633136,1,1,T1486
asset_1302,0.9042692805633136,1,0,T1486
asset_1303,0.0033104508115333,0,1,T1486
asset_1304,0.0033104508115333,0,1,T1486
asset_1305,0.0033104508115309,0,1,T1486
asset_1306,0.0033104508115333,0,0,T1486
asset_1307,0.0033104508115868,0,1,T1486
asset_1308,0.9042692805633136,1,1,T1486
asset_1309,0.0033454904089115,0,1,T1486
asset_1310,0.9042692805633136,1,1,T1486
asset_1311,0.0033104508115333,0,1,T1486
asset_1312,0.9042692805633136,1,1,T1486
asset_1313,0.003310450811489,0,0,T1486
asset_1314,0.9042692805633136,1,1,T1486
asset_1315,0.0033104490932545,0,1,T1486
asset_1316,0.9042692805633136,1,1,T1486
asset_1317,0.9042692805633136,1,0,T1486
asset_1318,0.0033104499683465,0,0,T1486
asset_1319,0.0033104508115333,0,0,T1486
asset_1320,0.9042692805633136,1,0,T1486
asset_1321,0.9042692805633136,1,0,T1486
asset_1322,0.0033104508115333,0,0,T1486
asset_1323,0.0033104508115333,0,1,T1486
asset_1324,0.0033104508114508,0,0,T1486
asset_1325,0.9042692805633136,1,1,T1486
asset_1326,0.0033104508115271,0,1,T1486
asset_1327,0.0033104508115021,0,1,T1486
asset_1328,0.0033104508115333,0,1,T1486
asset_1329,0.9042692805633136,1,1,T1486
asset_1330,0.9042692805633136,1,1,T1486
asset_1331,0.9042692805633136,1,0,T1486
asset_1332,0.9042692805633136,1,0,T1486
asset_1333,0.0033104508114959,0,0,T1486
asset_1334,0.0033104508115333,0,0,T1486
asset_1335,0.9042692805633136,1,0,T1486
asset_1336,0.0033104508115333,0,0,T1486
asset_1337,0.9042692805633136,1,0,T1486
asset_1338,0.9042692805633136,1,1,T1486
asset_1339,0.9042692805633136,1,0,T1486
asset_1340,0.9042692805633136,1,1,T1486
asset_1341,0.9042692805633136,1,0,T1486
asset_1342,0.0033104508115293,0,0,T1486
asset_1343,0.0033104457881829,0,1,T1486
asset_1344,0.9042692805633136,1,1,T1486
asset_1345,0.0033104508115333,0,0,T1486
asset_1346,0.0033104508115333,0,1,T1486
asset_1347,0.0033104508115868,0,0,T1486
asset_1348,0.0033104508115061,0,0,T1486
asset_1349,0.0033104508115333,0,0,T1486
asset_1350,0.9042692805633136,1,0,T1486
asset_1351,0.0033104508115333,0,0,T1486
asset_1352,0.9042692805633136,1,0,T1486
asset_1353,0.9042692805633136,1,0,T1486
asset_1354,0.9042692805633136,1,0,T1486
asset_1355,0.9042692805633136,1,0,T1486
asset_1356,0.0033104508115205,0,1,T1486
asset_1357,0.9042692805633136,1,0,T1486
asset_1358,0.9042692805633136,1,1,T1486
asset_1359,0.9042692805633136,1,1,T1486
asset_1360,0.9042692805633136,1,1,T1486
asset_1361,0.9042692805633136,1,1,T1486
asset_1362,0.9042692805633136,1,0,T1486
asset_1363,0.9042692805633136,1,1,T1486
asset_1364,0.0033104508115309,0,1,T1486
asset_1365,0.0033104508115333,0,0,T1486
asset_1366,0.0033104508115309,0,0,T1486
asset_1367,0.0033104508115333,0,0,T1486
asset_1368,0.0033104508115333,0,1,T1486
asset_1369,0.9042692805633136,1,1,T1486
asset_1370,0.9042692805633136,1,0,T1486
asset_1371,0.9042692805633136,1,0,T1486
asset_1372,0.9042692805633136,1,0,T1486
asset_1373,0.0033104508115333,0,0,T1486
asset_1374,0.0034876736340132,0,0,T1486
asset_1375,0.0033104508115333,0,0,T1486
asset_1376,0.9042692805633136,1,0,T1486
asset_1377,0.9042692805633136,1,1,T1486
asset_1378,0.9042692805633136,1,0,T1486
asset_1379,0.9042692805633136,1,1,T1486
asset_1380,0.0033104508115271,0,1,T1486
asset_1381,0.0033104508115294,0,1,T1486
asset_1382,0.9042692805633136,1,1,T1486
asset_1383,0.9042692805633136,1,1,T1486
asset_1384,0.9042692805633136,1,0,T1486
asset_1385,0.9042692805633136,1,0,T1486
asset_1386,0.003310450811489,0,1,T1486
asset_1387,0.0033104508115333,0,0,T1486
asset_1388,0.0033104508115146,0,1,T1486
asset_1389,0.0033104508115333,0,0,T1486
asset_1390,0.9042692805633136,1,1,T1486
asset_1391,0.0033104508115201,0,1,T1486
asset_1392,0.0033104508115333,0,0,T1486
asset_1393,0.9042692805633136,1,1,T1486
asset_1394,0.0033104508117248,0,1,T1486
asset_1395,0.0033104508115868,0,1,T1486
asset_1396,0.9042692805633136,1,1,T1486
asset_1397,0.0033104508115333,0,0,T1486
asset_1398,0.0033104508115333,0,1,T1486
asset_1399,0.0034876736340132,0,0,T1486
asset_1400,0.9042692805633136,1,1,T1486
asset_1401,0.9042692805633136,1,0,T1486
asset_1402,0.9042692805633136,1,1,T1486
asset_1403,0.9042692805633136,1,0,T1486
asset_1404,0.0033104508115868,0,0,T1486
asset_1405,0.003310450811489,0,1,T1486
asset_1406,0.0033104508115333,0,1,T1486
asset_1407,0.0033104508115333,0,0,T1486
asset_1408,0.0033104508115333,0,0,T1486
asset_1409,0.0033104508115869,0,1,T1486
asset_1410,0.0033104490932545,0,1,T1486
asset_1411,0.9042692805633136,1,0,T1486
asset_1412,0.0033104508115333,0,0,T1486
asset_1413,0.0033104508115205,0,1,T1486
asset_1414,0.0033104508115784,0,0,T1486
asset_1415,0.0033104508115333,0,0,T1486
asset_1416,0.9042692805633136,1,1,T1486
asset_1417,0.9042692805633136,1,0,T1486
asset_1418,0.0033104508115333,0,1,T1486
asset_1419,0.9042692805633136,1,0,T1486
asset_1420,0.0033104462285538,0,1,T1486
asset_1421,0.0033104508115333,0,0,T1486
asset_1422,0.9042692805633136,1,1,T1486
asset_1423,0.9042692805633136,1,1,T1486
asset_1424,0.0033104508115333,0,0,T1486
asset_1425,0.0033104508115333,0,1,T1486
asset_1426,0.9042692805633136,1,0,T1486
asset_1427,0.0033104508115333,0,1,T1486
asset_1428,0.9042692805633136,1,0,T1486
asset_1429,0.003310450811466,0,1,T1486
asset_1430,0.0033104508115221,0,1,T1486
asset_1431,0.9042692805633136,1,1,T1486
asset_1432,0.0033104508115333,0,1,T1486
asset_1433,0.9042692805633136,1,0,T1486
asset_1434,0.003310450811489,0,0,T1486
asset_1435,0.9042692805633136,1,1,T1486
asset_1436,0.9042692805633136,1,0,T1486
asset_1437,0.0033104508115784,0,1,T1486
asset_1438,0.9042692805633136,1,1,T1486
asset_1439,0.9042692805633136,1,1,T1486
asset_1440,0.9042692805633136,1,0,T1486
asset_1441,0.0033104508115097,0,0,T1486
asset_1442,0.9042692805633136,1,0,T1486
asset_1443,0.9042692805633136,1,0,T1486
asset_1444,0.9042692805633136,1,1,T1486
asset_1445,0.0033104508115309,0,1,T1486
asset_1446,0.9042692805633136,1,0,T1486
asset_1447,0.0033104508135067,0,1,T1486
asset_1448,0.0033104508115333,0,1,T1486
asset_1449,0.9042692805633136,1,0,T1486
asset_1450,0.9042692805633136,1,1,T1486
asset_1451,0.9042692805633136,1,0,T1486
asset_1452,0.0033104508115869,0,0,T1486
asset_1453,0.9042692805633136,1,1,T1486
asset_1454,0.0033104508115333,0,1,T1486
asset_1455,0.9042692805633136,1,1,T1486
asset_1456,0.0033104508115333,0,0,T1486
asset_1457,0.9042692805633136,1,0,T1486
asset_1458,0.0033104508115333,0,1,T1486
asset_1459,0.9042692805633136,1,1,T1486
asset_1460,0.0033104508115333,0,0,T1486
asset_1461,0.9042692805633136,1,0,T1486
asset_1462,0.0033104508115225,0,0,T1486
asset_1463,0.0033104508115169,0,0,T1486
asset_1464,0.9042692805633136,1,1,T1486
asset_1465,0.9042692805633136,1,0,T1486
asset_1466,0.9042692805633136,1,0,T1486
asset_1467,0.9042692805633136,1,1,T1486
asset_1468,0.9042692805633136,1,1,T1486
asset_1469,0.0033104508115333,0,1,T1486
asset_1470,0.0033104508115333,0,1,T1486
asset_1471,0.0033104508115097,0,0,T1486
asset_1472,0.9042692805633136,1,0,T1486
asset_1473,0.0033104508115333,0,1,T1486
asset_1474,0.0033104490932545,0,0,T1486
asset_1475,0.0033104508115309,0,0,T1486
asset_1476,0.0033104508114552,0,0,T1486
asset_1477,0.0033104508115869,0,1,T1486
asset_1478,0.0033104508115333,0,1,T1486
asset_1479,0.9042692805633136,1,0,T1486
asset_1480,0.9042692805633136,1,1,T1486
asset_1481,0.9042692805633136,1,1,T1486
asset_1482,0.9042692805633136,1,1,T1486
asset_1483,0.9042692805633136,1,1,T1486
asset_1484,0.9042692805633136,1,0,T1486
asset_1485,0.0033104481083634,0,0,T1486
asset_1486,0.0033104508115225,0,1,T1486
asset_1487,0.9042692805633136,1,0,T1486
asset_1488,0.0033104508115333,0,0,T1486
asset_1489,0.0033104508115333,0,0,T1486
asset_1490,0.9042692805633136,1,0,T1486
asset_1491,0.0033104508115318,0,0,T1486
asset_1492,0.0033104508115333,0,0,T1486
asset_1493,0.9042692805633136,1,1,T1486
asset_1494,0.0033104508115333,0,1,T1486
asset_1495,0.0033104508115333,0,0,T1486
asset_1496,0.0033104508115868,0,0,T1486
asset_1497,0.9042692805633136,1,0,T1486
asset_1498,0.0033104508115333,0,0,T1486
asset_1499,0.9042692805633136,1,0,T1486
asset_1500,0.0033104508115205,0,0,T1486
asset_1501,0.9042692805633136,1,1,T1486
asset_1502,0.9042692805633136,1,0,T1486
asset_1503,0.9042692805633136,1,1,T1486
asset_1504,0.0033104508115333,0,0,T1486
asset_1505,0.9042692805633136,1,1,T1486
asset_1506,0.9042692805633136,1,1,T1486
asset_1507,0.9042692805633136,1,1,T1486
asset_1508,0.0033104508115333,0,1,T1486
asset_1509,0.0033104508115333,0,0,T1486
asset_1510,0.0034876895567274,0,1,T1486
asset_1511,0.9042692805633136,1,1,T1486
asset_1512,0.9042692805633136,1,0,T1486
asset_1513,0.9042692805633136,1,1,T1486
asset_1514,0.9042692805633136,1,1,T1486
asset_1515,0.0033104508115309,0,1,T1486
asset_1516,0.0033104508114616,0,0,T1486
asset_1517,0.0033104508115333,0,0,T1486
asset_1518,0.9042692805633136,1,0,T1486
asset_1519,0.0033454389816956,0,0,T1486
asset_1520,0.0033104464221243,0,0,T1486
asset_1521,0.9042692805633136,1,1,T1486
asset_1522,0.9042692805633136,1,0,T1486
asset_1523,0.9042692805633136,1,0,T1486
asset_1524,0.9042692805633136,1,0,T1486
asset_1525,0.0033104508115333,0,1,T1486
asset_1526,0.003310450811523,0,1,T1486
asset_1527,0.0033104508115333,0,0,T1486
asset_1528,0.9042692805633136,1,1,T1486
asset_1529,0.0033104508115333,0,1,T1486
asset_1530,0.9042692805633136,1,0,T1486
asset_1531,0.003310450811583,0,0,T1486
asset_1532,0.9042692805633136,1,1,T1486
asset_1533,0.0033104508115333,0,1,T1486
asset_1534,0.9042692805633136,1,1,T1486
asset_1535,0.9042692805633136,1,0,T1486
asset_1536,0.9042692805633136,1,0,T1486
asset_1537,0.9042692805633136,1,0,T1486
asset_1538,0.9042692805633136,1,1,T1486
asset_1539,0.9042692805633136,1,0,T1486
asset_1540,0.9042692805633136,1,0,T1486
asset_1541,0.9042692805633136,1,0,T1486
asset_1542,0.9042692805633136,1,0,T1486
asset_1543,0.9042692805633136,1,1,T1486
asset_1544,0.0033104508114935,0,0,T1486
asset_1545,0.9042692805633136,1,1,T1486
asset_1546,0.0033104508115201,0,0,T1486
asset_1547,0.9042692805633136,1,0,T1486
asset_1548,0.0033104508115333,0,0,T1486
asset_1549,0.0033104508115758,0,0,T1486
asset_1550,0.0033104508115333,0,0,T1486
asset_1551,0.0033104508115205,0,1,T1486
asset_1552,0.9042692805633136,1,1,T1486
asset_1553,0.0033104508115333,0,1,T1486
asset_1554,0.9042692805633136,1,1,T1486
asset_1555,0.0033104508115333,0,0,T1486
asset_1556,0.9042692805633136,1,1,T1486
asset_1557,0.9042692805633136,1,1,T1486
asset_1558,0.0033104508115333,0,0,T1486
asset_1559,0.9042692805633136,1,1,T1486
asset_1560,0.0033104508115333,0,1,T1486
asset_1561,0.9042692805633136,1,0,T1486
asset_1562,0.9042692805633136,1,1,T1486
asset_1563,0.9042692805633136,1,1,T1486
asset_1564,0.9042692805633136,1,0,T1486
asset_1565,0.0033104508115309,0,0,T1486
asset_1566,0.9042692805633136,1,0,T1486
asset_1567,0.0033104508115196,0,1,T1486
asset_1568,0.0033104508115205,0,1,T1486
asset_1569,0.9042692805633136,1,1,T1486
asset_1570,0.9042692805633136,1,1,T1486
asset_1571,0.0033104508115293,0,1,T1486
asset_1572,0.9042692805633136,1,0,T1486
asset_1573,0.9042692805633136,1,1,T1486
asset_1574,0.0033104508114787,0,0,T1486
asset_1575,0.9042692805633136,1,0,T1486
asset_1576,0.0033104508115333,0,0,T1486
asset_1577,0.9042692805633136,1,0,T1486
asset_1578,0.9042692805633136,1,0,T1486
asset_1579,0.9042692805633136,1,1,T1486
asset_1580,0.9042692805633136,1,1,T1486
asset_1581,0.9042692805633136,1,0,T1486
asset_1582,0.9042692805633136,1,0,T1486
asset_1583,0.0033104508115333,0,1,T1486
asset_1584,0.9042692805633136,1,0,T1486
asset_1585,0.0033104508115333,0,1,T1486
asset_1586,0.9042692805633136,1,0,T1486
asset_1587,0.0033104508115868,0,0,T1486
asset_1588,0.0033104508115869,0,1,T1486
asset_1589,0.0033104508115333,0,0,T1486
asset_1590,0.0033104508114933,0,1,T1486
asset_1591,0.9042692805633136,1,0,T1486
asset_1592,0.9042692805633136,1,1,T1486
asset_1593,0.9042692805633136,1,0,T1486
asset_1594,0.9042692805633136,1,0,T1486
asset_1595,0.9042692805633136,1,0,T1486
asset_1596,0.9042692805633136,1,0,T1486
asset_1597,0.0033104508115225,0,1,T1486
asset_1598,0.9042692805633136,1,1,T1486
asset_1599,0.9042692805633136,1,1,T1486
asset_1600,0.0033104508115309,0,0,T1486
asset_1601,0.9042692805633136,1,1,T1486
asset_1602,0.9042692805633136,1,0,T1486
asset_1603,0.9042692805633136,1,1,T1486
asset_1604,0.9042692805633136,1,0,T1486
asset_1605,0.9042692805633136,1,1,T1486
asset_1606,0.9042692805633136,1,0,T1486
asset_1607,0.0033104508115309,0,0,T1486
asset_1608,0.0033104508115333,0,0,T1486
asset_1609,0.0033104508114895,0,0,T1486
asset_1610,0.9042692805633136,1,1,T1486
asset_1611,0.9042692805633136,1,1,T1486
asset_1612,0.0033104508115333,0,0,T1486
asset_1613,0.9042692805633136,1,1,T1486
asset_1614,0.0033104508114616,0,0,T1486
asset_1615,0.0033104508115333,0,0,T1486
asset_1616,0.9042692805633136,1,1,T1486
asset_1617,0.9042692805633136,1,0,T1486
asset_1618,0.9042692805633136,1,1,T1486
asset_1619,0.0033104508115333,0,1,T1486
asset_1620,0.0033104508115333,0,1,T1486
asset_1621,0.0033104508115333,0,1,T1486
asset_1622,0.0033104508115333,0,1,T1486
asset_1623,0.0033104508115205,0,0,T1486
asset_1624,0.0033104508115309,0,1,T1486
asset_1625,0.9042692805633136,1,0,T1486
asset_1626,0.9042692805633136,1,0,T1486
asset_1627,0.0033104508117248,0,1,T1486
asset_1628,0.9042692805633136,1,1,T1486
asset_1629,0.9042692805633136,1,1,T1486
asset_1630,0.0033104508115309,0,1,T1486
asset_1631,0.0033104508115061,0,1,T1486
asset_1632,0.0033104508114785,0,1,T1486
asset_1633,0.9042692805633136,1,1,T1486
asset_1634,0.9042692805633136,1,1,T1486
asset_1635,0.9042692805633136,1,0,T1486
asset_1636,0.9042692805633136,1,1,T1486
asset_1637,0.9042692805633136,1,0,T1486
asset_1638,0.9042692805633136,1,1,T1486
asset_1639,0.9042692805633136,1,0,T1486
asset_1640,0.9042692805633136,1,1,T1486
asset_1641,0.0033104508115293,0,1,T1486
asset_1642,0.0033104508115869,0,1,T1486
asset_1643,0.9042692805633136,1,1,T1486
asset_1644,0.9042692805633136,1,0,T1486
asset_1645,0.0033104508115333,0,0,T1486
asset_1646,0.0033104508115309,0,1,T1486
asset_1647,0.9042692805633136,1,1,T1486
asset_1648,0.0033104508115333,0,0,T1486
asset_1649,0.0033104508115333,0,0,T1486
asset_1650,0.9042692805633136,1,0,T1486
asset_1651,0.9042692805633136,1,0,T1486
asset_1652,0.9042692805633136,1,0,T1486
asset_1653,0.9042692805633136,1,1,T1486
asset_1654,0.9042692805633136,1,0,T1486
asset_1655,0.0033104508115333,0,0,T1486
asset_1656,0.0033104508115333,0,1,T1486
asset_1657,0.0033104508115333,0,0,T1486
asset_1658,0.9042692805633136,1,1,T1486
asset_1659,0.9042692805633136,1,1,T1486
asset_1660,0.0033104508115868,0,0,T1486
asset_1661,0.0033104508115225,0,0,T1486
asset_1662,0.0033104508115307,0,1,T1486
asset_1663,0.0033104508115167,0,0,T1486
asset_1664,0.9042692805633136,1,1,T1486
asset_1665,0.0033104508115333,0,0,T1486
asset_1666,0.9042692805633136,1,1,T1486
asset_1667,0.9042692805633136,1,0,T1486
asset_1668,0.9042692805633136,1,0,T1486
asset_1669,0.003310450811521,0,1,T1486
asset_1670,0.0033104508115333,0,1,T1486
asset_1671,0.0033104508115333,0,1,T1486
asset_1672,0.9042692805633136,1,1,T1486
asset_1673,0.0033104508115333,0,1,T1486
asset_1674,0.9042692805633136,1,1,T1486
asset_1675,0.0033104508115294,0,0,T1486
asset_1676,0.9042692805633136,1,0,T1486
asset_1677,0.0033104508115205,0,0,T1486
asset_1678,0.9042692805633136,1,1,T1486
asset_1679,0.0033104508115201,0,1,T1486
asset_1680,0.9042692805633136,1,0,T1486
asset_1681,0.9042692805633136,1,1,T1486
asset_1682,0.003310450811521,0,1,T1486
asset_1683,0.9042692805633136,1,1,T1486
asset_1684,0.0033104508115333,0,0,T1486
asset_1685,0.0033104508115333,0,1,T1486
asset_1686,0.0033104508115205,0,1,T1486
asset_1687,0.0033104508115333,0,0,T1486
asset_1688,0.003345489346825,0,0,T1486
asset_1689,0.0033104508115333,0,0,T1486
asset_1690,0.9042692805633136,1,1,T1486
asset_1691,0.0033104508115097,0,1,T1486
asset_1692,0.0033104508115333,0,0,T1486
asset_1693,0.9042692805633136,1,1,T1486
asset_1694,0.0033104508115333,0,1,T1486
asset_1695,0.9042692805633136,1,1,T1486
asset_1696,0.9042692805633136,1,1,T1486
asset_1697,0.003345430014826,0,0,T1486
asset_1698,0.9042692805633136,1,0,T1486
asset_1699,0.9042692805633136,1,0,T1486
asset_1700,0.9042692805633136,1,0,T1486
asset_1701,0.9042692805633136,1,1,T1486
asset_1702,0.0033104508115333,0,1,T1486
asset_1703,0.9042692805633136,1,0,T1486
asset_1704,0.9042692805633136,1,1,T1486
asset_1705,0.9042692805633136,1,0,T1486
asset_1706,0.0033104508115293,0,1,T1486
asset_1707,0.9042692805633136,1,1,T1486
asset_1708,0.9042692805633136,1,0,T1486
asset_1709,0.0033104508115309,0,0,T1486
asset_1710,0.0033104508115333,0,0,T1486
asset_1711,0.9042692805633136,1,0,T1486
asset_1712,0.0033104508120232,0,0,T1486
asset_1713,0.0033104508115333,0,0,T1486
asset_1714,0.9042692805633136,1,1,T1486
asset_1715,0.0033104508115225,0,0,T1486
asset_1716,0.9042692805633136,1,0,T1486
asset_1717,0.9042692805633136,1,1,T1486
asset_1718,0.0033104508115333,0,1,T1486
asset_1719,0.9042692805633136,1,1,T1486
asset_1720,0.0033104508115333,0,1,T1486
asset_1721,0.9042692805633136,1,1,T1486
asset_1722,0.9042692805633136,1,1,T1486
asset_1723,0.0033104508115333,0,0,T1486
asset_1724,0.003310450811521,0,0,T1486
asset_1725,0.0033104508115146,0,0,T1486
asset_1726,0.9042692805633136,1,0,T1486
asset_1727,0.9042692805633136,1,1,T1486
asset_1728,0.0033104508115333,0,1,T1486
asset_1729,0.9042692805633136,1,0,T1486
asset_1730,0.9042692805633136,1,1,T1486
asset_1731,0.9042692805633136,1,1,T1486
asset_1732,0.0033104508115333,0,0,T1486
asset_1733,0.0033104508115293,0,1,T1486
asset_1734,0.0033104508115333,0,1,T1486
asset_1735,0.9042692805633136,1,1,T1486
asset_1736,0.0033104499672667,0,0,T1486
asset_1737,0.9042692805633136,1,1,T1486
asset_1738,0.9042692805633136,1,1,T1486
asset_1739,0.0033104508115333,0,1,T1486
asset_1740,0.0033104508115333,0,1,T1486
asset_1741,0.0033104508115333,0,0,T1486
asset_1742,0.9042692805633136,1,1,T1486
asset_1743,0.0033104508115333,0,0,T1486
asset_1744,0.9042692805633136,1,1,T1486
asset_1745,0.0033104508115333,0,1,T1486
asset_1746,0.9042692805633136,1,1,T1486
asset_1747,0.0033104508115333,0,0,T1486
asset_1748,0.9042692805633136,1,1,T1486
asset_1749,0.0033104508114785,0,0,T1486
asset_1750,0.0033104508115333,0,1,T1486
asset_1751,0.9042692805633136,1,0,T1486
asset_1752,0.0033104508115333,0,0,T1486
asset_1753,0.9042692805633136,1,1,T1486
asset_1754,0.9042692805633136,1,0,T1486
asset_1755,0.0033104508115333,0,0,T1486
asset_1756,0.9042692805633136,1,1,T1486
asset_1757,0.0033104508115333,0,1,T1486
asset_1758,0.9042692805633136,1,1,T1486
asset_1759,0.0034876895568891,0,1,T1486
asset_1760,0.0033104508115225,0,1,T1486
asset_1761,0.9042692805633136,1,0,T1486
asset_1762,0.9042692805633136,1,1,T1486
asset_1763,0.9042692805633136,1,0,T1486
asset_1764,0.9042692805633136,1,0,T1486
asset_1765,0.0033104508115333,0,0,T1486
asset_1766,0.9042692805633136,1,1,T1486
asset_1767,0.0033104508115333,0,0,T1486
asset_1768,0.9042692805633136,1,0,T1486
asset_1769,0.9042692805633136,1,0,T1486
asset_1770,0.0033104508115205,0,1,T1486
asset_1771,0.0033104508115201,0,1,T1486
asset_1772,0.0033104508117248,0,1,T1486
asset_1773,0.0033104508115333,0,0,T1486
asset_1774,0.9042692805633136,1,0,T1486
asset_1775,0.9042692805633136,1,1,T1486
asset_1776,0.0033104508115293,0,0,T1486
asset_1777,0.9042692805633136,1,1,T1486
asset_1778,0.0033104508115333,0,0,T1486
asset_1779,0.0033104499672667,0,1,T1486
asset_1780,0.9042692805633136,1,1,T1486
asset_1781,0.9042692805633136,1,1,T1486
asset_1782,0.0033104508115225,0,1,T1486
asset_1783,0.0033104508115333,0,1,T1486
asset_1784,0.9042692805633136,1,0,T1486
asset_1785,0.0033104508115333,0,1,T1486
asset_1786,0.0033104508115333,0,1,T1486
asset_1787,0.9042692805633136,1,1,T1486
asset_1788,0.9042692805633136,1,0,T1486
asset_1789,0.9042692805633136,1,1,T1486
asset_1790,0.9042692805633136,1,0,T1486
asset_1791,0.0033104508115333,0,0,T1486
asset_1792,0.9042692805633136,1,1,T1486
asset_1793,0.0033104508115333,0,1,T1486
asset_1794,0.9042692805633136,1,0,T1486
asset_1795,0.0033104508115333,0,1,T1486
asset_1796,0.0033104508115333,0,1,T1486
asset_1797,0.9042692805633136,1,0,T1486
asset_1798,0.0033104508115293,0,1,T1486
asset_1799,0.0033104508115097,0,1,T1486
asset_1800,0.0033104508115333,0,1,T1486
asset_1801,0.003310450811466,0,0,T1486
asset_1802,0.9042692805633136,1,0,T1486
asset_1803,0.9042692805633136,1,1,T1486
asset_1804,0.0033104490923377,0,0,T1486
asset_1805,0.0033104508115333,0,0,T1486
asset_1806,0.9042692805633136,1,1,T1486
asset_1807,0.9042692805633136,1,0,T1486
asset_1808,0.0033104508115333,0,1,T1486
asset_1809,0.0033104508115333,0,0,T1486
asset_1810,0.9042692805633136,1,0,T1486
asset_1811,0.0033804806987569,0,0,T1486
asset_1812,0.0033104508114889,0,0,T1486
asset_1813,0.9042692805633136,1,1,T1486
asset_1814,0.0033104508115294,0,1,T1486
asset_1815,0.0033104508115309,0,0,T1486
asset_1816,0.0033104508115333,0,0,T1486
asset_1817,0.9042692805633136,1,1,T1486
asset_1818,0.0033104508115333,0,0,T1486
asset_1819,0.9042692805633136,1,1,T1486
asset_1820,0.9042692805633136,1,1,T1486
asset_1821,0.9042692805633136,1,0,T1486
asset_1822,0.0033104508115333,0,0,T1486
asset_1823,0.9042692805633136,1,0,T1486
asset_1824,0.9042692805633136,1,0,T1486
asset_1825,0.9042692805633136,1,1,T1486
asset_1826,0.9042692805633136,1,1,T1486
asset_1827,0.0033104508115333,0,0,T1486
asset_1828,0.0033104508115333,0,1,T1486
asset_1829,0.0033104508115333,0,0,T1486
asset_1830,0.0033104508115868,0,0,T1486
asset_1831,0.9042692805633136,1,1,T1486
asset_1832,0.0033104508115333,0,0,T1486
asset_1833,0.9042692805633136,1,0,T1486
asset_1834,0.0033104508115333,0,1,T1486
asset_1835,0.9042692805633136,1,0,T1486
asset_1836,0.9042692805633136,1,0,T1486
asset_1837,0.9042692805633136,1,1,T1486
asset_1838,0.0033104508115333,0,0,T1486
asset_1839,0.9042692805633136,1,1,T1486
asset_1840,0.9042692805633136,1,0,T1486
asset_1841,0.0034876895567274,0,1,T1486
asset_1842,0.0033104508115868,0,1,T1486
asset_1843,0.003310450811466,0,1,T1486
asset_1844,0.9042692805633136,1,0,T1486
asset_1845,0.0033104508115309,0,1,T1486
asset_1846,0.0033104508115333,0,1,T1486
asset_1847,0.0033104508115333,0,0,T1486
asset_1848,0.0033104508115333,0,0,T1486
asset_1849,0.9042692805633136,1,0,T1486
asset_1850,0.9042692805633136,1,1,T1486
asset_1851,0.9042692805633136,1,1,T1486
asset_1852,0.0033104508115333,0,1,T1486
asset_1853,0.0033104508115333,0,0,T1486
asset_1854,0.0033104508115333,0,1,T1486
asset_1855,0.0033104508115869,0,0,T1486
asset_1856,0.003310450811489,0,1,T1486
asset_1857,0.9042692805633136,1,0,T1486
asset_1858,0.9042692805633136,1,0,T1486
asset_1859,0.0033104508115333,0,0,T1486
asset_1860,0.9042692805633136,1,1,T1486
asset_1861,0.0033104508115333,0,1,T1486
asset_1862,0.9042692805633136,1,0,T1486
asset_1863,0.0033104508115333,0,0,T1486
asset_1864,0.9042692805633136,1,1,T1486
asset_1865,0.0033104508115333,0,1,T1486
asset_1866,0.003310450811583,0,1,T1486
asset_1867,0.0033104508115869,0,1,T1486
asset_1868,0.0033104508115333,0,0,T1486
asset_1869,0.0033104508114824,0,0,T1486
asset_1870,0.0033104508115333,0,0,T1486
asset_1871,0.9042692805633136,1,0,T1486
asset_1872,0.0033104457881829,0,1,T1486
asset_1873,0.0033104508115205,0,0,T1486
asset_1874,0.9042692805633136,1,0,T1486
asset_1875,0.9042692805633136,1,0,T1486
asset_1876,0.0033104508115333,0,1,T1486
asset_1877,0.0033104508119878,0,0,T1486
asset_1878,0.9042692805633136,1,0,T1486
asset_1879,0.0033104508115333,0,1,T1486
asset_1880,0.0033104508115333,0,0,T1486
asset_1881,0.0033104508115869,0,0,T1486
asset_1882,0.0033104508115333,0,0,T1486
asset_1883,0.9042692805633136,1,1,T1486
asset_1884,0.0033104508115097,0,0,T1486
asset_1885,0.0033104508115333,0,1,T1486
asset_1886,0.0033104508115333,0,1,T1486
asset_1887,0.0033104508115046,0,1,T1486
asset_1888,0.0033104508115309,0,1,T1486
asset_1889,0.0033104508115205,0,0,T1486
asset_1890,0.0033104508115333,0,1,T1486
asset_1891,0.9042692805633136,1,1,T1486
asset_1892,0.9042692805633136,1,1,T1486
asset_1893,0.9042692805633136,1,1,T1486
asset_1894,0.9042692805633136,1,1,T1486
asset_1895,0.9042692805633136,1,1,T1486
asset_1896,0.9042692805633136,1,0,T1486
asset_1897,0.9042692805633136,1,0,T1486
asset_1898,0.0033104508115843,0,0,T1486
asset_1899,0.9042692805633136,1,1,T1486
asset_1900,0.0033104508114787,0,0,T1486
asset_1901,0.0033104508115205,0,1,T1486
asset_1902,0.9042692805633136,1,0,T1486
asset_1903,0.9042692805633136,1,1,T1486
asset_1904,0.0033104508115333,0,0,T1486
asset_1905,0.9042692805633136,1,0,T1486
asset_1906,0.9042692805633136,1,0,T1486
asset_1907,0.0033104508114508,0,1,T1486
asset_1908,0.0033104508115333,0,0,T1486
asset_1909,0.0033104508115333,0,1,T1486
asset_1910,0.9042692805633136,1,1,T1486
asset_1911,0.0033104508115333,0,1,T1486
asset_1912,0.0033104508115309,0,0,T1486
asset_1913,0.9042692805633136,1,0,T1486
asset_1914,0.0033104508120232,0,1,T1486
asset_1915,0.9042692805633136,1,1,T1486
asset_1916,0.0033104508115333,0,0,T1486
asset_1917,0.9042692805633136,1,0,T1486
asset_1918,0.0033104508115333,0,1,T1486
asset_1919,0.9042692805633136,1,0,T1486
asset_1920,0.9042692805633136,1,0,T1486
asset_1921,0.9042692805633136,1,1,T1486
asset_1922,0.0033104508115333,0,1,T1486
asset_1923,0.9042692805633136,1,0,T1486
asset_1924,0.9042692805633136,1,0,T1486
asset_1925,0.003310445788183,0,0,T1486
asset_1926,0.0033104477866214,0,1,T1486
asset_1927,0.0033104508115333,0,1,T1486
asset_1928,0.9042692805633136,1,0,T1486
asset_1929,0.0033104508115293,0,0,T1486
asset_1930,0.9042692805633136,1,1,T1486
asset_1931,0.9042692805633136,1,0,T1486
asset_1932,0.9042692805633136,1,0,T1486
asset_1933,0.0033104508115099,0,0,T1486
asset_1934,0.9042692805633136,1,0,T1486
asset_1935,0.0033104508115784,0,0,T1486
asset_1936,0.0033104508115333,0,0,T1486
asset_1937,0.0033104508115333,0,1,T1486
asset_1938,0.0033104508115309,0,0,T1486
asset_1939,0.9042692805633136,1,0,T1486
asset_1940,0.9042692805633136,1,0,T1486
asset_1941,0.0033104508115333,0,0,T1486
asset_1942,0.9042692805633136,1,0,T1486
asset_1943,0.9042692805633136,1,0,T1486
asset_1944,0.0033104508115333,0,1,T1486
asset_1945,0.9042692805633136,1,1,T1486
asset_1946,0.9042692805633136,1,1,T1486
asset_1947,0.9042692805633136,1,1,T1486
asset_1948,0.9042692805633136,1,1,T1486
asset_1949,0.0033104508115868,0,1,T1486
asset_1950,0.9042692805633136,1,1,T1486
asset_1951,0.9042692805633136,1,0,T1486
asset_1952,0.9042692805633136,1,0,T1486
asset_1953,0.9042692805633136,1,0,T1486
asset_1954,0.9042692805633136,1,1,T1486
asset_1955,0.9042692805633136,1,0,T1486
asset_1956,0.9042692805633136,1,0,T1486
asset_1957,0.9042692805633136,1,1,T1486
asset_1958,0.0033104508114933,0,1,T1486
asset_1959,0.0033104508115333,0,1,T1486
asset_1960,0.9042692805633136,1,0,T1486
asset_1961,0.9042692805633136,1,0,T1486
asset_1962,0.0033104499673624,0,1,T1486
asset_1963,0.9042692805633136,1,0,T1486
asset_1964,0.0033104508115333,0,0,T1486
asset_1965,0.0033104508115293,0,1,T1486
asset_1966,0.9042692805633136,1,1,T1486
asset_1967,0.9042692805633136,1,0,T1486
asset_1968,0.0033104508115869,0,0,T1486
asset_1969,0.9042692805633136,1,1,T1486
asset_1970,0.9042692805633136,1,0,T1486
asset_1971,0.9042692805633136,1,1,T1486
asset_1972,0.0033104508115333,0,1,T1486
asset_1973,0.9042692805633136,1,0,T1486
asset_1974,0.0033104508115333,0,0,T1486
asset_1975,0.0033104508115333,0,0,T1486
asset_1976,0.9042692805633136,1,1,T1486
asset_1977,0.0033104508115309,0,0,T1486
asset_1978,0.003310450811466,0,0,T1486
asset_1979,0.9042692805633136,1,1,T1486
asset_1980,0.0033104508115333,0,1,T1486
asset_1981,0.9042692805633136,1,1,T1486
asset_1982,0.003310450811489,0,0,T1486
asset_1983,0.9042692805633136,1,1,T1486
asset_1984,0.0033104508115333,0,1,T1486
asset_1985,0.0033104508115868,0,1,T1486
asset_1986,0.0033104508115333,0,0,T1486
asset_1987,0.0033104508115333,0,0,T1486
asset_1988,0.0033104508115318,0,0,T1486
asset_1989,0.9042692805633136,1,0,T1486
asset_1990,0.9042692805633136,1,1,T1486
asset_1991,0.0033104508115061,0,1,T1486
asset_1992,0.9042692805633136,1,0,T1486
asset_1993,0.0033804806989038,0,0,T1486
asset_1994,0.9042692805633136,1,1,T1486
asset_1995,0.9042692805633136,1,1,T1486
asset_1996,0.9042692805633136,1,0,T1486
asset_1997,0.003310450811523,0,0,T1486
asset_1998,0.9042692805633136,1,1,T1486
asset_1999,0.9042692805633136,1,0,T1486
asset_2000,0.0033104508115333,0,0,T1486
asset_2001,0.9042692805633136,1,1,T1486
asset_2002,0.9042692805633136,1,1,T1486
asset_2003,0.9042692805633136,1,0,T1486
asset_2004,0.9042692805633136,1,0,T1486
asset_2005,0.0033104508115869,0,1,T1486
asset_2006,0.9042692805633136,1,1,T1486
asset_2007,0.9042692805633136,1,1,T1486
asset_2008,0.9042692805633136,1,0,T1486
asset_2009,0.9042692805633136,1,0,T1486
asset_2010,0.0033104508115333,0,0,T1486
asset_2011,0.003310450812075,0,0,T1486
asset_2012,0.9042692805633136,1,1,T1486
asset_2013,0.9042692805633136,1,1,T1486
asset_2014,0.9042692805633136,1,0,T1486
asset_2015,0.9042692805633136,1,0,T1486
asset_2016,0.0033104508115333,0,1,T1486
asset_2017,0.0033104508115333,0,0,T1486
asset_2018,0.9042692805633136,1,1,T1486
asset_2019,0.0041206952685782,0,0,T1486
asset_2020,0.0033104508115333,0,1,T1486
asset_2021,0.9042692805633136,1,0,T1486
asset_2022,0.9042692805633136,1,1,T1486
asset_2023,0.9042692805633136,1,1,T1486
asset_2024,0.0033104508115333,0,1,T1486
asset_2025,0.0033104508115333,0,0,T1486
asset_2026,0.0033104508115333,0,0,T1486
asset_2027,0.9042692805633136,1,1,T1486
asset_2028,0.0033104508115333,0,0,T1486
asset_2029,0.0033104508115333,0,1,T1486
asset_2030,0.0033104508115309,0,1,T1486
asset_2031,0.9042692805633136,1,0,T1486
asset_2032,0.9042692805633136,1,1,T1486
asset_2033,0.9042692805633136,1,0,T1486
asset_2034,0.0033104508115333,0,1,T1486
asset_2035,0.0033104508115099,0,1,T1486
asset_2036,0.9042692805633136,1,0,T1486
asset_2037,0.9042692805633136,1,0,T1486
asset_2038,0.0033104508115333,0,0,T1486
asset_2039,0.9042692805633136,1,0,T1486
asset_2040,0.9042692805633136,1,0,T1486
asset_2041,0.0033104508115333,0,1,T1486
asset_2042,0.9042692805633136,1,1,T1486
asset_2043,0.0033104508115333,0,0,T1486
asset_2044,0.9042692805633136,1,1,T1486
asset_2045,0.0033104508115333,0,1,T1486
asset_2046,0.0033104508115333,0,0,T1486
asset_2047,0.9042692805633136,1,1,T1486
asset_2048,0.9042692805633136,1,0,T1486
asset_2049,0.0033104508115333,0,0,T1486
asset_2050,0.9042692805633136,1,0,T1486
asset_2051,0.0033104508115869,0,1,T1486
asset_2052,0.0033104508114616,0,0,T1486
asset_2053,0.9042692805633136,1,0,T1486
asset_2054,0.9042692805633136,1,0,T1486
asset_2055,0.9042692805633136,1,0,T1486
asset_2056,0.0033104508115333,0,0,T1486
asset_2057,0.9042692805633136,1,1,T1486
asset_2058,0.0033104508115225,0,0,T1486
asset_2059,0.0033104508115205,0,0,T1486
asset_2060,0.9042692805633136,1,1,T1486
asset_2061,0.0033104508115205,0,0,T1486
asset_2062,0.0033104508115333,0,0,T1486
asset_2063,0.0033104508115333,0,0,T1486
asset_2064,0.9042692805633136,1,0,T1486
asset_2065,0.9042692805633136,1,1,T1486
asset_2066,0.9042692805633136,1,1,T1486
asset_2067,0.9042692805633136,1,0,T1486
asset_2068,0.9042692805633136,1,0,T1486
asset_2069,0.0033104508115333,0,1,T1486
asset_2070,0.9042692805633136,1,0,T1486
asset_2071,0.9042692805633136,1,0,T1486
asset_2072,0.0033104508115333,0,1,T1486
asset_2073,0.9042692805633136,1,1,T1486
asset_2074,0.0033104508115333,0,1,T1486
asset_2075,0.9042692805633136,1,1,T1486
asset_2076,0.9042692805633136,1,0,T1486
asset_2077,0.9042692805633136,1,1,T1486
asset_2078,0.0033104508115021,0,0,T1486
asset_2079,0.0033104508115309,0,1,T1486
asset_2080,0.0033104508115333,0,1,T1486
asset_2081,0.9042692805633136,1,0,T1486
asset_2082,0.9042692805633136,1,1,T1486
asset_2083,0.9042692805633136,1,0,T1486
asset_2084,0.0033104508115333,0,1,T1486
asset_2085,0.9042692805633136,1,0,T1486
asset_2086,0.0033104508115333,0,0,T1486
asset_2087,0.0033104508115333,0,0,T1486
asset_2088,0.9042692805633136,1,0,T1486
asset_2089,0.9042692805633136,1,1,T1486
asset_2090,0.0033104508115333,0,1,T1486
asset_2091,0.0033104508115333,0,0,T1486
asset_2092,0.9042692805633136,1,1,T1486
asset_2093,0.9042692805633136,1,1,T1486
asset_2094,0.9042692805633136,1,1,T1486
asset_2095,0.9042692805633136,1,0,T1486
asset_2096,0.9042692805633136,1,1,T1486
asset_2097,0.0033104457881829,0,1,T1486
asset_2098,0.0033104464221243,0,0,T1486
asset_2099,0.9042692805633136,1,1,T1486
asset_2100,0.9042692805633136,1,0,T1486
asset_2101,0.003310445788183,0,0,T1486
asset_2102,0.9042692805633136,1,0,T1486
asset_2103,0.9042692805633136,1,1,T1486
asset_2104,0.0033104508115333,0,0,T1486
asset_2105,0.9042692805633136,1,0,T1486
asset_2106,0.9042692805633136,1,0,T1486
asset_2107,0.9042692805633136,1,0,T1486
asset_2108,0.9042692805633136,1,1,T1486
asset_2109,0.9042692805633136,1,0,T1486
asset_2110,0.0033104508115333,0,0,T1486
asset_2111,0.0033104508115333,0,0,T1486
asset_2112,0.9042692805633136,1,0,T1486
asset_2113,0.9042692805633136,1,1,T1486
asset_2114,0.0033104508115333,0,1,T1486
asset_2115,0.9042692805633136,1,1,T1486
asset_2116,0.9042692805633136,1,1,T1486
asset_2117,0.9042692805633136,1,0,T1486
asset_2118,0.0033104508115167,0,0,T1486
asset_2119,0.0033104508115333,0,1,T1486
asset_2120,0.9042692805633136,1,0,T1486
asset_2121,0.9042692805633136,1,0,T1486
asset_2122,0.003310450811489,0,0,T1486
asset_2123,0.9042692805633136,1,0,T1486
asset_2124,0.0033104508115333,0,1,T1486
asset_2125,0.0033454904089115,0,0,T1486
asset_2126,0.9042692805633136,1,0,T1486
asset_2127,0.9042692805633136,1,0,T1486
asset_2128,0.0033104508115333,0,1,T1486
asset_2129,0.9042692805633136,1,0,T1486
asset_2130,0.0033104508115205,0,0,T1486
asset_2131,0.9042692805633136,1,1,T1486
asset_2132,0.0033104508115318,0,0,T1486
asset_2133,0.9042692805633136,1,0,T1486
asset_2134,0.0033104508115333,0,1,T1486
asset_2135,0.9042692805633136,1,1,T1486
asset_2136,0.9042692805633136,1,1,T1486
asset_2137,0.9042692805633136,1,1,T1486
asset_2138,0.0033104508115333,0,1,T1486
asset_2139,0.0034876895568891,0,0,T1486
asset_2140,0.0033104508115333,0,1,T1486
asset_2141,0.9042692805633136,1,1,T1486
asset_2142,0.0033104508115869,0,0,T1486
asset_2143,0.0033104508115333,0,1,T1486
asset_2144,0.0033104508115333,0,1,T1486
asset_2145,0.0033104508115333,0,1,T1486
asset_2146,0.0033104508115333,0,1,T1486
asset_2147,0.0033104508115294,0,0,T1486
asset_2148,0.9042692805633136,1,1,T1486
asset_2149,0.9042692805633136,1,0,T1486
asset_2150,0.0033104508115309,0,1,T1486
asset_2151,0.0033104508115309,0,0,T1486
asset_2152,0.9042692805633136,1,1,T1486
asset_2153,0.9042692805633136,1,0,T1486
asset_2154,0.9042692805633136,1,1,T1486
asset_2155,0.9042692805633136,1,0,T1486
asset_2156,0.0033104508115333,0,0,T1486
asset_2157,0.9042692805633136,1,1,T1486
asset_2158,0.9042692805633136,1,0,T1486
asset_2159,0.9042692805633136,1,1,T1486
asset_2160,0.9042692805633136,1,1,T1486
asset_2161,0.9042692805633136,1,0,T1486
asset_2162,0.0033104508115333,0,0,T1486
asset_2163,0.9042692805633136,1,0,T1486
asset_2164,0.0033104508115333,0,1,T1486
asset_2165,0.9042692805633136,1,1,T1486
asset_2166,0.0033104491359077,0,1,T1486
asset_2167,0.0033104508115333,0,1,T1486
asset_2168,0.9042692805633136,1,0,T1486
asset_2169,0.0033104508115333,0,1,T1486
asset_2170,0.0033104508115333,0,0,T1486
asset_2171,0.9042692805633136,1,1,T1486
asset_2172,0.9042692805633136,1,1,T1486
asset_2173,0.9042692805633136,1,0,T1486
asset_2174,0.9042692805633136,1,0,T1486
asset_2175,0.0033104508115333,0,1,T1486
asset_2176,0.0033104508115333,0,1,T1486
asset_2177,0.0033104508115309,0,1,T1486
asset_2178,0.9042692805633136,1,0,T1486
asset_2179,0.0033104508115333,0,0,T1486
asset_2180,0.9042692805633136,1,1,T1486
asset_2181,0.0033104508115271,0,1,T1486
asset_2182,0.0033104508115333,0,0,T1486
asset_2183,0.9042692805633136,1,1,T1486
asset_2184,0.9042692805633136,1,1,T1486
asset_2185,0.9042692805633136,1,0,T1486
asset_2186,0.0033104508115333,0,1,T1486
asset_2187,0.0033104508115169,0,0,T1486
asset_2188,0.9042692805633136,1,1,T1486
asset_2189,0.9042692805633136,1,0,T1486
asset_2190,0.0033104508115186,0,1,T1486
asset_2191,0.9042692805633136,1,0,T1486
asset_2192,0.0033104508115294,0,0,T1486
asset_2193,0.9042692805633136,1,0,T1486
asset_2194,0.9042692805633136,1,0,T1486
asset_2195,0.9042692805633136,1,1,T1486
asset_2196,0.0033104508114552,0,0,T1486
asset_2197,0.0033104508115333,0,0,T1486
asset_2198,0.9042692805633136,1,1,T1486
asset_2199,0.9042692805633136,1,1,T1486
asset_2200,0.0033104508115333,0,0,T1486
asset_2201,0.9042692805633136,1,0,T1486
asset_2202,0.0033104508115099,0,0,T1486
asset_2203,0.0033104508114897,0,1,T1486
asset_2204,0.0033454371183524,0,1,T1486
asset_2205,0.0033104508115333,0,0,T1486
asset_2206,0.9042692805633136,1,0,T1486
asset_2207,0.9042692805633136,1,1,T1486
asset_2208,0.9042692805633136,1,0,T1486
asset_2209,0.0033804806999925,0,1,T1486
asset_2210,0.9042692805633136,1,0,T1486
asset_2211,0.9042692805633136,1,0,T1486
asset_2212,0.9042692805633136,1,1,T1486
asset_2213,0.0033104508115869,0,1,T1486
asset_2214,0.0033104508115061,0,1,T1486
asset_2215,0.9042692805633136,1,1,T1486
asset_2216,0.0033104508115333,0,1,T1486
asset_2217,0.9042692805633136,1,0,T1486
asset_2218,0.0033104508115333,0,1,T1486
asset_2219,0.0033104508115333,0,0,T1486
asset_2220,0.0033104508115333,0,1,T1486
asset_2221,0.9042692805633136,1,0,T1486
asset_2222,0.0033104508115333,0,1,T1486
asset_2223,0.0033104508115333,0,1,T1486
asset_2224,0.0033104508115309,0,1,T1486
asset_2225,0.9042692805633136,1,1,T1486
asset_2226,0.0033104508115333,0,1,T1486
asset_2227,0.9042692805633136,1,0,T1486
asset_2228,0.0033104508115316,0,1,T1486
asset_2229,0.0033104508114785,0,0,T1486
asset_2230,0.9042692805633136,1,1,T1486
asset_2231,0.0033104508115205,0,0,T1486
asset_2232,0.9042692805633136,1,0,T1486
asset_2233,0.9042692805633136,1,1,T1486
asset_2234,0.9042692805633136,1,0,T1486
asset_2235,0.0033804806989038,0,0,T1486
asset_2236,0.9042692805633136,1,0,T1486
asset_2237,0.9042692805633136,1,1,T1486
asset_2238,0.9042692805633136,1,0,T1486
asset_2239,0.0033104508115333,0,1,T1486
asset_2240,0.0033104508115333,0,1,T1486
asset_2241,0.9042692805633136,1,1,T1486
asset_2242,0.0033104508115038,0,0,T1486
asset_2243,0.0033104499673624,0,0,T1486
asset_2244,0.0033104508115333,0,1,T1486
asset_2245,0.0033104508115318,0,1,T1486
asset_2246,0.9042692805633136,1,1,T1486
asset_2247,0.9042692805633136,1,1,T1486
asset_2248,0.9042692805633136,1,1,T1486
asset_2249,0.9042692805633136,1,0,T1486
asset_2250,0.0033104508115333,0,1,T1486
asset_2251,0.9042692805633136,1,1,T1486
asset_2252,0.0033104508115205,0,1,T1486
asset_2253,0.9042692805633136,1,0,T1486
asset_2254,0.0033104508115333,0,1,T1486
asset_2255,0.0033104508115309,0,1,T1486
asset_2256,0.9042692805633136,1,1,T1486
asset_2257,0.9042692805633136,1,0,T1486
asset_2258,0.9042692805633136,1,1,T1486
asset_2259,0.9042692805633136,1,0,T1486
asset_2260,0.9042692805633136,1,1,T1486
asset_2261,0.9042692805633136,1,1,T1486
asset_2262,0.0033104508115061,0,0,T1486
asset_2263,0.9042692805633136,1,0,T1486
asset_2264,0.0033104508115309,0,0,T1486
asset_2265,0.0033104508115205,0,1,T1486
asset_2266,0.9042692805633136,1,1,T1486
asset_2267,0.9042692805633136,1,0,T1486
asset_2268,0.0033104508115318,0,0,T1486
asset_2269,0.003310450811489,0,1,T1486
asset_2270,0.0033104508115333,0,0,T1486
asset_2271,0.0033104508115333,0,1,T1486
asset_2272,0.9042692805633136,1,0,T1486
asset_2273,0.0033104508115169,0,1,T1486
asset_2274,0.0033104508115099,0,1,T1486
asset_2275,0.0033104508115868,0,0,T1486
asset_2276,0.9042692805633136,1,1,T1486
asset_2277,0.0033104508115758,0,0,T1486
asset_2278,0.0033104464221243,0,1,T1486
asset_2279,0.9042692805633136,1,1,T1486
asset_2280,0.0033104508115333,0,0,T1486
asset_2281,0.0033104508115061,0,0,T1486
asset_2282,0.0033104508115333,0,1,T1486
asset_2283,0.0033104508115309,0,0,T1486
asset_2284,0.9042692805633136,1,1,T1486
asset_2285,0.0033104508115333,0,1,T1486
asset_2286,0.9042692805633136,1,0,T1486
asset_2287,0.0033104508115333,0,0,T1486
asset_2288,0.9042692805633136,1,0,T1486
asset_2289,0.0033104508115333,0,0,T1486
asset_2290,0.9042692805633136,1,1,T1486
asset_2291,0.0033104508115333,0,0,T1486
asset_2292,0.0033104508115333,0,1,T1486
asset_2293,0.9042692805633136,1,0,T1486
asset_2294,0.0033104508115333,0,1,T1486
asset_2295,0.0033104508115333,0,0,T1486
asset_2296,0.0033104508115333,0,0,T1486
asset_2297,0.0033104508115316,0,0,T1486
asset_2298,0.0033104508115342,0,1,T1486
asset_2299,0.9042692805633136,1,0,T1486
asset_2300,0.0033104508115333,0,1,T1486
asset_2301,0.0033104508115333,0,0,T1486
asset_2302,0.9042692805633136,1,0,T1486
asset_2303,0.0033104508115163,0,1,T1486
asset_2304,0.9042692805633136,1,0,T1486
asset_2305,0.9042692805633136,1,0,T1486
asset_2306,0.0033104508115333,0,0,T1486
asset_2307,0.9042692805633136,1,1,T1486
asset_2308,0.0033104508115784,0,0,T1486
asset_2309,0.0033104508115225,0,1,T1486
asset_2310,0.9042692805633136,1,1,T1486
asset_2311,0.0033104508115333,0,0,T1486
asset_2312,0.9042692805633136,1,0,T1486
asset_2313,0.0033104508115333,0,1,T1486
asset_2314,0.0033104508115099,0,1,T1486
asset_2315,0.9042692805633136,1,0,T1486
asset_2316,0.0033104508114623,0,0,T1486
asset_2317,0.9042692805633136,1,0,T1486
asset_2318,0.9042692805633136,1,0,T1486
asset_2319,0.9042692805633136,1,1,T1486
asset_2320,0.0033104508115333,0,1,T1486
asset_2321,0.9042692805633136,1,1,T1486
asset_2322,0.0033104508115333,0,1,T1486
asset_2323,0.003310450811489,0,1,T1486
asset_2324,0.0033104508115333,0,0,T1486
asset_2325,0.0033104508115309,0,0,T1486
asset_2326,0.0033104508115333,0,1,T1486
asset_2327,0.0033104508115333,0,1,T1486
asset_2328,0.0033104508114552,0,1,T1486
asset_2329,0.0033104508115333,0,0,T1486
asset_2330,0.0033104508115205,0,0,T1486
asset_2331,0.9042692805633136,1,0,T1486
asset_2332,0.9042692805633136,1,0,T1486
asset_2333,0.9042692805633136,1,0,T1486
asset_2334,0.9042692805633136,1,1,T1486
asset_2335,0.0033104508122665,0,0,T1486
asset_2336,0.0033104481083634,0,1,T1486
asset_2337,0.0033104508115225,0,0,T1486
asset_2338,0.0033104508115333,0,0,T1486
asset_2339,0.9042692805633136,1,0,T1486
asset_2340,0.0033104508115309,0,0,T1486
asset_2341,0.9042692805633136,1,1,T1486
asset_2342,0.0033104508115333,0,0,T1486
asset_2343,0.0033104508115333,0,1,T1486
asset_2344,0.9042692805633136,1,1,T1486
asset_2345,0.9042692805633136,1,0,T1486
asset_2346,0.9042692805633136,1,1,T1486
asset_2347,0.9042692805633136,1,0,T1486
asset_2348,0.0033104508115205,0,0,T1486
asset_2349,0.0033104508115225,0,0,T1486
asset_2350,0.9042692805633136,1,1,T1486
asset_2351,0.9042692805633136,1,1,T1486
asset_2352,0.003310450811489,0,0,T1486
asset_2353,0.0033104508114935,0,1,T1486
asset_2354,0.9042692805633136,1,1,T1486
asset_2355,0.0033104508115309,0,0,T1486
asset_2356,0.9042692805633136,1,1,T1486
asset_2357,0.9042692805633136,1,0,T1486
asset_2358,0.9042692805633136,1,1,T1486
asset_2359,0.9042692805633136,1,0,T1486
asset_2360,0.9042692805633136,1,1,T1486
asset_2361,0.9042692805633136,1,1,T1486
asset_2362,0.0033104508115318,0,1,T1486
asset_2363,0.9042692805633136,1,0,T1486
asset_2364,0.0033104508114897,0,0,T1486
asset_2365,0.0033104508115333,0,1,T1486
asset_2366,0.0033104508115167,0,0,T1486
asset_2367,0.0033104508115333,0,1,T1486
asset_2368,0.0033104508115333,0,1,T1486
asset_2369,0.9042692805633136,1,0,T1486
asset_2370,0.0033104508115333,0,0,T1486
asset_2371,0.0033104508115333,0,0,T1486
asset_2372,0.0033104508115309,0,1,T1486
asset_2373,0.9042692805633136,1,0,T1486
asset_2374,0.0033104508115333,0,0,T1486
asset_2375,0.0033104508114824,0,0,T1486
asset_2376,0.003310450812075,0,0,T1486
asset_2377,0.9042692805633136,1,0,T1486
asset_2378,0.0033104508115333,0,0,T1486
asset_2379,0.9042692805633136,1,0,T1486
asset_2380,0.0033104508115333,0,1,T1486
asset_2381,0.0033104508115333,0,0,T1486
asset_2382,0.0033104508115333,0,0,T1486
asset_2383,0.0033104508115333,0,0,T1486
asset_2384,0.9042692805633136,1,0,T1486
asset_2385,0.9042692805633136,1,1,T1486
asset_2386,0.9042692805633136,1,1,T1486
asset_2387,0.9042692805633136,1,0,T1486
asset_2388,0.0033104508115293,0,0,T1486
asset_2389,0.0033104508115309,0,1,T1486
asset_2390,0.9042692805633136,1,0,T1486
asset_2391,0.003310450811489,0,0,T1486
asset_2392,0.0033104508115293,0,0,T1486
asset_2393,0.9042692805633136,1,1,T1486
asset_2394,0.9042692805633136,1,0,T1486
asset_2395,0.0033104508115225,0,1,T1486
asset_2396,0.0033104508115333,0,0,T1486
asset_2397,0.9042692805633136,1,1,T1486
asset_2398,0.9042692805633136,1,1,T1486
asset_2399,0.0033104508115186,0,0,T1486
asset_2400,0.0033804806989038,0,0,T1486
asset_2401,0.9042692805633136,1,0,T1486
asset_2402,0.9042692805633136,1,0,T1486
asset_2403,0.0033104508115225,0,1,T1486
asset_2404,0.9042692805633136,1,0,T1486
asset_2405,0.9042692805633136,1,0,T1486
asset_2406,0.9042692805633136,1,0,T1486
asset_2407,0.9042692805633136,1,1,T1486
asset_2408,0.9042692805633136,1,1,T1486
asset_2409,0.9042692805633136,1,0,T1486
asset_2410,0.9042692805633136,1,0,T1486
asset_2411,0.0033104508115333,0,0,T1486
asset_2412,0.0033104508115169,0,0,T1486
asset_2413,0.9042692805633136,1,0,T1486
asset_2414,0.9042692805633136,1,1,T1486
asset_2415,0.0033104508115333,0,0,T1486
asset_2416,0.0033104508115225,0,1,T1486
asset_2417,0.9042692805633136,1,1,T1486
asset_2418,0.9042692805633136,1,0,T1486
asset_2419,0.9042692805633136,1,0,T1486
asset_2420,0.0033104508115333,0,1,T1486
asset_2421,0.9042692805633136,1,1,T1486
asset_2422,0.0033104508115333,0,0,T1486
asset_2423,0.0033104508115333,0,0,T1486
asset_2424,0.9042692805633136,1,0,T1486
asset_2425,0.0033104508115201,0,0,T1486
asset_2426,0.9042692805633136,1,0,T1486
asset_2427,0.0033104361263645,0,0,T1486
asset_2428,0.0033104508115868,0,0,T1486
asset_2429,0.0033104508115333,0,1,T1486
asset_2430,0.0033104508114785,0,0,T1486
asset_2431,0.0033104508115333,0,0,T1486
asset_2432,0.9042692805633136,1,0,T1486
asset_2433,0.0033104508120334,0,0,T1486
asset_2434,0.9042692805633136,1,1,T1486
asset_2435,0.0033454389830932,0,1,T1486
asset_2436,0.9042692805633136,1,1,T1486
asset_2437,0.9042692805633136,1,0,T1486
asset_2438,0.9042692805633136,1,1,T1486
asset_2439,0.0033104508115333,0,1,T1486
asset_2440,0.9042692805633136,1,0,T1486
asset_2441,0.9042692805633136,1,1,T1486
asset_2442,0.0033104508115333,0,1,T1486
asset_2443,0.9042692805633136,1,1,T1486
asset_2444,0.0033104508115333,0,0,T1486
asset_2445,0.9042692805633136,1,0,T1486
asset_2446,0.0033104508115284,0,0,T1486
asset_2447,0.0033104508115333,0,0,T1486
asset_2448,0.9042692805633136,1,0,T1486
asset_2449,0.0033104508114785,0,0,T1486
asset_2450,0.0033104508115333,0,1,T1486
asset_2451,0.0033104508115869,0,0,T1486
asset_2452,0.0033104508115333,0,1,T1486
asset_2453,0.0033104508115333,0,1,T1486
asset_2454,0.9042692805633136,1,0,T1486
asset_2455,0.0033104508115061,0,0,T1486
asset_2456,0.9042692805633136,1,1,T1486
asset_2457,0.9042692805633136,1,0,T1486
asset_2458,0.9042692805633136,1,0,T1486
asset_2459,0.003310450811489,0,1,T1486
asset_2460,0.0033104508115869,0,1,T1486
asset_2461,0.9042692805633136,1,0,T1486
asset_2462,0.9042692805633136,1,1,T1486
asset_2463,0.9042692805633136,1,1,T1486
asset_2464,0.0033104508115333,0,1,T1486
asset_2465,0.0033104508115333,0,1,T1486
asset_2466,0.9042692805633136,1,1,T1486
asset_2467,0.0033104508115333,0,0,T1486
asset_2468,0.003310448584853,0,1,T1486
asset_2469,0.0033104508115333,0,0,T1486
asset_2470,0.9042692805633136,1,0,T1486
asset_2471,0.0033104508115333,0,0,T1486
asset_2472,0.9042692805633136,1,0,T1486
asset_2473,0.0033104508115333,0,0,T1486
asset_2474,0.9042692805633136,1,1,T1486
asset_2475,0.9042692805633136,1,1,T1486
asset_2476,0.0033104508115333,0,0,T1486
asset_2477,0.0033104508115201,0,0,T1486
asset_2478,0.9042692805633136,1,1,T1486
asset_2479,0.9042692805633136,1,1,T1486
asset_2480,0.0033104508115333,0,0,T1486
asset_2481,0.0033104508115333,0,0,T1486
asset_2482,0.0033104508115333,0,0,T1486
asset_2483,0.0033104508115225,0,0,T1486
asset_2484,0.0033104508115333,0,1,T1486
asset_2485,0.9042692805633136,1,0,T1486
asset_2486,0.9042692805633136,1,0,T1486
asset_2487,0.0033804652151763,0,1,T1486
asset_2488,0.0033104508115309,0,0,T1486
asset_2489,0.0033104508115333,0,0,T1486
asset_2490,0.0033104508115333,0,1,T1486
asset_2491,0.0033104508115333,0,1,T1486
asset_2492,0.0033104508115055,0,1,T1486
asset_2493,0.0033104508115294,0,1,T1486
asset_2494,0.0033104508115012,0,1,T1486
asset_2495,0.0033104508115333,0,1,T1486
asset_2496,0.9042692805633136,1,0,T1486
asset_2497,0.9042692805633136,1,1,T1486
asset_2498,0.0033104508115333,0,0,T1486
asset_2499,0.0033104508115333,0,1,T1486
asset_2500,0.0033104508114785,0,1,T1486
asset_2501,0.0033104508115333,0,0,T1486
asset_2502,0.9042692805633136,1,1,T1486
asset_2503,0.0033104508115868,0,0,T1486
asset_2504,0.0033104508115284,0,1,T1486
asset_2505,0.0033104508114508,0,0,T1486
asset_2506,0.9042692805633136,1,1,T1486
asset_2507,0.9042692805633136,1,1,T1486
asset_2508,0.9042692805633136,1,1,T1486
asset_2509,0.0033104508115309,0,1,T1486
asset_2510,0.9042692805633136,1,1,T1486
asset_2511,0.9042692805633136,1,1,T1486
asset_2512,0.0033104508115333,0,1,T1486
asset_2513,0.0033104508115333,0,1,T1486
asset_2514,0.9042692805633136,1,1,T1486
asset_2515,0.0033104508114677,0,1,T1486
asset_2516,0.0033454389817491,0,0,T1486
asset_2517,0.0033104508115309,0,1,T1486
asset_2518,0.0033104508115333,0,1,T1486
asset_2519,0.0033104508115868,0,1,T1486
asset_2520,0.0033104508115097,0,0,T1486
asset_2521,0.9042692805633136,1,1,T1486
asset_2522,0.0033104508115333,0,1,T1486
asset_2523,0.0033104508115333,0,1,T1486
asset_2524,0.9042692805633136,1,0,T1486
asset_2525,0.0033104508115333,0,1,T1486
asset_2526,0.9042692805633136,1,1,T1486
asset_2527,0.9042692805633136,1,0,T1486
asset_2528,0.0033104508114889,0,0,T1486
asset_2529,0.0033104508115333,0,0,T1486
asset_2530,0.9042692805633136,1,0,T1486
asset_2531,0.0033104508115309,0,1,T1486
asset_2532,0.9042692805633136,1,0,T1486
asset_2533,0.0033104508115333,0,1,T1486
asset_2534,0.9042692805633136,1,1,T1486
asset_2535,0.9042692805633136,1,1,T1486
asset_2536,0.9042692805633136,1,1,T1486
asset_2537,0.0033104508115186,0,0,T1486
asset_2538,0.9042692805633136,1,0,T1486
asset_2539,0.9042692805633136,1,1,T1486
asset_2540,0.0033104508115309,0,1,T1486
asset_2541,0.9042692805633136,1,1,T1486
asset_2542,0.9042692805633136,1,0,T1486
asset_2543,0.0033104508118171,0,0,T1486
asset_2544,0.9042692805633136,1,1,T1486
asset_2545,0.9042692805633136,1,0,T1486
asset_2546,0.0033104508115333,0,1,T1486
asset_2547,0.9042692805633136,1,0,T1486
asset_2548,0.9042692805633136,1,0,T1486
asset_2549,0.003310450811489,0,1,T1486
asset_2550,0.003310450811489,0,0,T1486
asset_2551,0.9042692805633136,1,0,T1486
asset_2552,0.0033104508115333,0,1,T1486
asset_2553,0.0033104508115021,0,1,T1486
asset_2554,0.9042692805633136,1,1,T1486
asset_2555,0.0033104508115309,0,0,T1486
asset_2556,0.9042692805633136,1,0,T1486
asset_2557,0.0033104508115333,0,1,T1486
asset_2558,0.9042692805633136,1,0,T1486
asset_2559,0.0033104508115333,0,0,T1486
asset_2560,0.9042692805633136,1,0,T1486
asset_2561,0.003310450811521,0,0,T1486
asset_2562,0.0033104508115869,0,0,T1486
asset_2563,0.9042692805633136,1,1,T1486
asset_2564,0.9042692805633136,1,1,T1486
asset_2565,0.0033104508115294,0,0,T1486
asset_2566,0.9042692805633136,1,0,T1486
asset_2567,0.9042692805633136,1,1,T1486
asset_2568,0.9042692805633136,1,0,T1486
asset_2569,0.0033104508115333,0,1,T1486
asset_2570,0.9042692805633136,1,1,T1486
asset_2571,0.9042692805633136,1,0,T1486
asset_2572,0.0033104508115333,0,1,T1486
asset_2573,0.0033104508115333,0,0,T1486
asset_2574,0.9042692805633136,1,0,T1486
asset_2575,0.0033104508115333,0,1,T1486
asset_2576,0.9042692805633136,1,1,T1486
asset_2577,0.0033104508114935,0,1,T1486
asset_2578,0.9042692805633136,1,0,T1486
asset_2579,0.0033104508115868,0,0,T1486
asset_2580,0.9042692805633136,1,0,T1486
asset_2581,0.0033104508115293,0,1,T1486
asset_2582,0.9042692805633136,1,1,T1486
asset_2583,0.9042692805633136,1,0,T1486
asset_2584,0.0033104508115333,0,1,T1486
asset_2585,0.9042692805633136,1,0,T1486
asset_2586,0.0033104508115333,0,0,T1486
asset_2587,0.9042692805633136,1,1,T1486
asset_2588,0.9042692805633136,1,0,T1486
asset_2589,0.9042692805633136,1,0,T1486
asset_2590,0.0033104508115333,0,1,T1486
asset_2591,0.0033104508115333,0,1,T1486
asset_2592,0.0033104508115333,0,0,T1486
asset_2593,0.9042692805633136,1,1,T1486
asset_2594,0.9042692805633136,1,0,T1486
asset_2595,0.9042692805633136,1,0,T1486
asset_2596,0.0033104508115333,0,1,T1486
asset_2597,0.0033104508115221,0,1,T1486
asset_2598,0.9042692805633136,1,0,T1486
asset_2599,0.9042692805633136,1,0,T1486
asset_2600,0.9042692805633136,1,0,T1486
asset_2601,0.0033104508114616,0,0,T1486
asset_2602,0.0033104508115333,0,0,T1486
asset_2603,0.9042692805633136,1,0,T1486
asset_2604,0.0033104508114552,0,1,T1486
asset_2605,0.9042692805633136,1,0,T1486
asset_2606,0.0033104497484606,0,0,T1486
asset_2607,0.9042692805633136,1,1,T1486
asset_2608,0.0033104508114616,0,0,T1486
asset_2609,0.9042692805633136,1,0,T1486
asset_2610,0.9042692805633136,1,1,T1486
asset_2611,0.0033104508115333,0,0,T1486
asset_2612,0.0033104508115333,0,0,T1486
asset_2613,0.0033104508115271,0,0,T1486
asset_2614,0.9042692805633136,1,1,T1486
asset_2615,0.9042692805633136,1,1,T1486
asset_2616,0.0033104508115333,0,0,T1486
asset_2617,0.0033104508115868,0,0,T1486
asset_2618,0.9042692805633136,1,0,T1486
asset_2619,0.0033104508115868,0,0,T1486
asset_2620,0.9042692805633136,1,0,T1486
asset_2621,0.9042692805633136,1,1,T1486
asset_2622,0.9042692805633136,1,1,T1486
asset_2623,0.0033104508115333,0,1,T1486
asset_2624,0.9042692805633136,1,0,T1486
asset_2625,0.9042692805633136,1,1,T1486
asset_2626,0.0033104508115333,0,1,T1486
asset_2627,0.0033104508115196,0,0,T1486
asset_2628,0.9042692805633136,1,0,T1486
asset_2629,0.0033454389816955,0,0,T1486
asset_2630,0.9042692805633136,1,0,T1486
asset_2631,0.9042692805633136,1,0,T1486
asset_2632,0.0033104508115333,0,0,T1486
asset_2633,0.9042692805633136,1,0,T1486
asset_2634,0.9042692805633136,1,1,T1486
asset_2635,0.0033104508115333,0,1,T1486
asset_2636,0.9042692805633136,1,0,T1486
asset_2637,0.0033104508115201,0,0,T1486
asset_2638,0.0033104508115333,0,1,T1486
asset_2639,0.0033104508115333,0,0,T1486
asset_2640,0.9042692805633136,1,1,T1486
asset_2641,0.0033104508115333,0,0,T1486
asset_2642,0.9042692805633136,1,0,T1486
asset_2643,0.9042692805633136,1,1,T1486
asset_2644,0.9042692805633136,1,1,T1486
asset_2645,0.0033104508114895,0,1,T1486
asset_2646,0.9042692805633136,1,1,T1486
asset_2647,0.0033104508115099,0,0,T1486
asset_2648,0.0033104508115333,0,1,T1486
asset_2649,0.9042692805633136,1,0,T1486
asset_2650,0.0033104508115333,0,0,T1486
asset_2651,0.0033104508115223,0,0,T1486
asset_2652,0.0033104508115333,0,0,T1486
asset_2653,0.0033104508115333,0,1,T1486
asset_2654,0.0033104508115333,0,0,T1486
asset_2655,0.9042692805633136,1,0,T1486
asset_2656,0.0033104508115309,0,0,T1486
asset_2657,0.0033104508115333,0,1,T1486
asset_2658,0.9042692805633136,1,1,T1486
asset_2659,0.0033104508115205,0,0,T1486
asset_2660,0.9042692805633136,1,0,T1486
asset_2661,0.9042692805633136,1,0,T1486
asset_2662,0.9042692805633136,1,1,T1486
asset_2663,0.0033104508115225,0,0,T1486
asset_2664,0.9042692805633136,1,0,T1486
asset_2665,0.9042692805633136,1,1,T1486
asset_2666,0.9042692805633136,1,0,T1486
asset_2667,0.9042692805633136,1,1,T1486
asset_2668,0.9042692805633136,1,1,T1486
asset_2669,0.0033104508115225,0,0,T1486
asset_2670,0.9042692805633136,1,1,T1486
asset_2671,0.0033104508115333,0,0,T1486
asset_2672,0.9042692805633136,1,0,T1486
asset_2673,0.0033104508115333,0,1,T1486
asset_2674,0.9042692805633136,1,0,T1486
asset_2675,0.0033104508115333,0,0,T1486
asset_2676,0.9042692805633136,1,1,T1486
asset_2677,0.0033104508115049,0,1,T1486
asset_2678,0.0033104508115333,0,0,T1486
asset_2679,0.9042692805633136,1,1,T1486
asset_2680,0.9042692805633136,1,0,T1486
asset_2681,0.9042692805633136,1,1,T1486
asset_2682,0.9042692805633136,1,1,T1486
asset_2683,0.9042692805633136,1,0,T1486
asset_2684,0.9042692805633136,1,1,T1486
asset_2685,0.9042692805633136,1,1,T1486
asset_2686,0.9042692805633136,1,0,T1486
asset_2687,0.0033104508115333,0,0,T1486
asset_2688,0.0033104508115333,0,0,T1486
asset_2689,0.9042692805633136,1,1,T1486
asset_2690,0.9042692805633136,1,1,T1486
asset_2691,0.9042692805633136,1,0,T1486
asset_2692,0.9042692805633136,1,0,T1486
asset_2693,0.003345430014826,0,1,T1486
asset_2694,0.9042692805633136,1,0,T1486
asset_2695,0.9042692805633136,1,0,T1486
asset_2696,0.0033104508115225,0,0,T1486
asset_2697,0.0033104508115333,0,0,T1486
asset_2698,0.9042692805633136,1,1,T1486
asset_2699,0.0033104508116689,0,1,T1486
asset_2700,0.9042692805633136,1,1,T1486
asset_2701,0.9042692805633136,1,0,T1486
asset_2702,0.9042692805633136,1,0,T1486
asset_2703,0.9042692805633136,1,0,T1486
asset_2704,0.0033104508115185,0,0,T1486
asset_2705,0.0033104508115333,0,0,T1486
asset_2706,0.0033104508115333,0,0,T1486
asset_2707,0.003310450811489,0,0,T1486
asset_2708,0.9042692805633136,1,0,T1486
asset_2709,0.0033104508115333,0,0,T1486
asset_2710,0.9042692805633136,1,0,T1486
asset_2711,0.9042692805633136,1,0,T1486
asset_2712,0.9042692805633136,1,0,T1486
asset_2713,0.9042692805633136,1,0,T1486
asset_2714,0.9042692805633136,1,1,T1486
asset_2715,0.9042692805633136,1,0,T1486
asset_2716,0.9042692805633136,1,0,T1486
asset_2717,0.0033104508114618,0,0,T1486
asset_2718,0.0033104508115333,0,0,T1486
asset_2719,0.9042692805633136,1,1,T1486
asset_2720,0.9042692805633136,1,0,T1486
asset_2721,0.9042692805633136,1,1,T1486
asset_2722,0.0033104508115201,0,0,T1486
asset_2723,0.9042692805633136,1,1,T1486
asset_2724,0.0033104508115205,0,1,T1486
asset_2725,0.9042692805633136,1,1,T1486
asset_2726,0.0033104508115176,0,1,T1486
asset_2727,0.9042692805633136,1,0,T1486
asset_2728,0.9042692805633136,1,1,T1486
asset_2729,0.0033104508115333,0,0,T1486
asset_2730,0.0034876895567274,0,1,T1486
asset_2731,0.9042692805633136,1,1,T1486
asset_2732,0.9042692805633136,1,1,T1486
asset_2733,0.9042692805633136,1,1,T1486
asset_2734,0.0033104508115186,0,0,T1486
asset_2735,0.9042692805633136,1,1,T1486
asset_2736,0.0033104508115333,0,1,T1486
asset_2737,0.9042692805633136,1,0,T1486
asset_2738,0.9042692805633136,1,1,T1486
asset_2739,0.0033104508115205,0,1,T1486
asset_2740,0.9042692805633136,1,0,T1486
asset_2741,0.0033104508117222,0,1,T1486
asset_2742,0.9042692805633136,1,1,T1486
asset_2743,0.0033104508115205,0,1,T1486
asset_2744,0.9042692805633136,1,0,T1486
asset_2745,0.0033104508115205,0,1,T1486
asset_2746,0.0033104508115333,0,1,T1486
asset_2747,0.9042692805633136,1,0,T1486
asset_2748,0.9042692805633136,1,1,T1486
asset_2749,0.0033104508117248,0,1,T1486
asset_2750,0.9042692805633136,1,0,T1486
asset_2751,0.9042692805633136,1,1,T1486
asset_2752,0.0033104508115333,0,0,T1486
asset_2753,0.9042692805633136,1,0,T1486
asset_2754,0.0033104508115333,0,0,T1486
asset_2755,0.0033104508114616,0,0,T1486
asset_2756,0.9042692805633136,1,1,T1486
asset_2757,0.0033104508115333,0,0,T1486
asset_2758,0.0033104508115333,0,0,T1486
asset_2759,0.9042692805633136,1,0,T1486
asset_2760,0.0033104508115333,0,1,T1486
asset_2761,0.9042692805633136,1,0,T1486
asset_2762,0.9042692805633136,1,1,T1486
asset_2763,0.9042692805633136,1,0,T1486
asset_2764,0.0033104508115333,0,1,T1486
asset_2765,0.00331045081212,0,1,T1486
asset_2766,0.9042692805633136,1,0,T1486
asset_2767,0.0033104508115293,0,0,T1486
asset_2768,0.0033104508115333,0,0,T1486
asset_2769,0.9042692805633136,1,1,T1486
asset_2770,0.0033104508115205,0,1,T1486
asset_2771,0.9042692805633136,1,1,T1486
asset_2772,0.0033104508115333,0,0,T1486
asset_2773,0.9042692805633136,1,0,T1486
asset_2774,0.0033104508115333,0,0,T1486
asset_2775,0.0033104508115333,0,0,T1486
asset_2776,0.0033104508115333,0,1,T1486
asset_2777,0.9042692805633136,1,0,T1486
asset_2778,0.0033104508115169,0,1,T1486
asset_2779,0.9042692805633136,1,1,T1486
asset_2780,0.0033104508115205,0,1,T1486
asset_2781,0.0033104508115333,0,1,T1486
asset_2782,0.0033104508115333,0,0,T1486
asset_2783,0.9042692805633136,1,0,T1486
asset_2784,0.0033104508115309,0,0,T1486
asset_2785,0.0033104508115333,0,1,T1486
asset_2786,0.0033104508115333,0,1,T1486
asset_2787,0.9042692805633136,1,1,T1486
asset_2788,0.9042692805633136,1,1,T1486
asset_2789,0.0033104508115333,0,0,T1486
asset_2790,0.0033104508115333,0,1,T1486
asset_2791,0.0033104508115058,0,1,T1486
asset_2792,0.9042692805633136,1,1,T1486
asset_2793,0.0033104508115333,0,0,T1486
asset_2794,0.0033104508115061,0,0,T1486
asset_2795,0.9042692805633136,1,0,T1486
asset_2796,0.0033104508115333,0,0,T1486
asset_2797,0.9042692805633136,1,0,T1486
asset_2798,0.0033104508115333,0,0,T1486
asset_2799,0.9042692805633136,1,0,T1486
asset_2800,0.0033104508115333,0,0,T1486
asset_2801,0.9042692805633136,1,0,T1486
asset_2802,0.9042692805633136,1,0,T1486
asset_2803,0.0033104508115061,0,1,T1486
asset_2804,0.9042692805633136,1,0,T1486
asset_2805,0.0033104508115333,0,0,T1486
asset_2806,0.9042692805633136,1,1,T1486
asset_2807,0.0033104508115333,0,1,T1486
asset_2808,0.9042692805633136,1,0,T1486
asset_2809,0.9042692805633136,1,0,T1486
asset_2810,0.9042692805633136,1,0,T1486
asset_2811,0.0033104508115333,0,1,T1486
asset_2812,0.0033104508115868,0,0,T1486
asset_2813,0.0033104508115784,0,0,T1486
asset_2814,0.9042692805633136,1,0,T1486
asset_2815,0.9042692805633136,1,1,T1486
asset_2816,0.0033104462285538,0,0,T1486
asset_2817,0.0033104508115333,0,0,T1486
asset_2818,0.9042692805633136,1,1,T1486
asset_2819,0.9042692805633136,1,1,T1486
asset_2820,0.9042692805633136,1,0,T1486
asset_2821,0.9042692805633136,1,1,T1486
asset_2822,0.9042692805633136,1,1,T1486
asset_2823,0.9042692805633136,1,0,T1486
asset_2824,0.0033104508115333,0,0,T1486
asset_2825,0.0033104508115333,0,0,T1486
asset_2826,0.0033104508115869,0,1,T1486
asset_2827,0.0033104508115869,0,1,T1486
asset_2828,0.9042692805633136,1,0,T1486
asset_2829,0.0033104477866214,0,0,T1486
asset_2830,0.9042692805633136,1,1,T1486
asset_2831,0.0033104508115333,0,0,T1486
asset_2832,0.0033104508115293,0,0,T1486
asset_2833,0.9042692805633136,1,1,T1486
asset_2834,0.9042692805633136,1,0,T1486
asset_2835,0.9042692805633136,1,0,T1486
asset_2836,0.0033104508115309,0,0,T1486
asset_2837,0.0033104508115333,0,0,T1486
asset_2838,0.0033104508115201,0,0,T1486
asset_2839,0.9042692805633136,1,1,T1486
asset_2840,0.0033104508115333,0,1,T1486
asset_2841,0.0033104508115333,0,1,T1486
asset_2842,0.9042692805633136,1,1,T1486
asset_2843,0.9042692805633136,1,0,T1486
asset_2844,0.0033104508115309,0,0,T1486
asset_2845,0.0033104508115021,0,0,T1486
asset_2846,0.9042692805633136,1,0,T1486
asset_2847,0.9042692805633136,1,0,T1486
asset_2848,0.0033104508115333,0,0,T1486
asset_2849,0.0033104508115309,0,0,T1486
asset_2850,0.0033104508115309,0,1,T1486
asset_2851,0.0033104508117248,0,0,T1486
asset_2852,0.9042692805633136,1,1,T1486
asset_2853,0.9042692805633136,1,0,T1486
asset_2854,0.0033104508115333,0,1,T1486
asset_2855,0.9042692805633136,1,1,T1486
asset_2856,0.00331045081212,0,0,T1486
asset_2857,0.9042692805633136,1,1,T1486
asset_2858,0.9042692805633136,1,1,T1486
asset_2859,0.9042692805633136,1,0,T1486
asset_2860,0.0033104508115869,0,1,T1486
asset_2861,0.0033104508115333,0,1,T1486
asset_2862,0.9042692805633136,1,0,T1486
asset_2863,0.0033104508114616,0,0,T1486
asset_2864,0.0033104508115294,0,1,T1486
asset_2865,0.0033104508115333,0,1,T1486
asset_2866,0.9042692805633136,1,1,T1486
asset_2867,0.0033104508115868,0,1,T1486
asset_2868,0.9042692805633136,1,1,T1486
asset_2869,0.9042692805633136,1,1,T1486
asset_2870,0.0033104508115333,0,1,T1486
asset_2871,0.0033104508115333,0,0,T1486
asset_2872,0.9042692805633136,1,0,T1486
asset_2873,0.9042692805633136,1,1,T1486
asset_2874,0.9042692805633136,1,0,T1486
asset_2875,0.9042692805633136,1,1,T1486
asset_2876,0.9042692805633136,1,1,T1486
asset_2877,0.9042692805633136,1,1,T1486
asset_2878,0.0033104508115294,0,1,T1486
asset_2879,0.9042692805633136,1,0,T1486
asset_2880,0.9042692805633136,1,0,T1486
asset_2881,0.9042692805633136,1,1,T1486
asset_2882,0.0033104500031795,0,1,T1486
asset_2883,0.0033104508115294,0,1,T1486
asset_2884,0.9042692805633136,1,0,T1486
asset_2885,0.0033104508115333,0,0,T1486
asset_2886,0.0033454389830932,0,0,T1486
asset_2887,0.9042692805633136,1,0,T1486
asset_2888,0.0033104508114618,0,1,T1486
asset_2889,0.9042692805633136,1,0,T1486
asset_2890,0.0033104508115333,0,1,T1486
asset_2891,0.9042692805633136,1,0,T1486
asset_2892,0.9042692805633136,1,1,T1486
asset_2893,0.0033104508115333,0,1,T1486
asset_2894,0.9042692805633136,1,0,T1486
asset_2895,0.9042692805633136,1,0,T1486
asset_2896,0.9042692805633136,1,0,T1486
asset_2897,0.9042692805633136,1,0,T1486
asset_2898,0.0033104508115333,0,1,T1486
asset_2899,0.9042692805633136,1,0,T1486
asset_2900,0.9042692805633136,1,0,T1486
asset_2901,0.0033104508115333,0,0,T1486
asset_2902,0.0033104508114933,0,1,T1486
asset_2903,0.9042692805633136,1,1,T1486
asset_2904,0.003310450811489,0,1,T1486
asset_2905,0.0033104508115333,0,0,T1486
asset_2906,0.0033104508115333,0,1,T1486
asset_2907,0.0033104508115097,0,0,T1486
asset_2908,0.9042692805633136,1,0,T1486
asset_2909,0.0033104508118171,0,0,T1486
asset_2910,0.0033104457881829,0,0,T1486
asset_2911,0.9042692805633136,1,1,T1486
asset_2912,0.9042692805633136,1,1,T1486
asset_2913,0.0033104508115333,0,1,T1486
asset_2914,0.0033104508115333,0,0,T1486
asset_2915,0.0037873349811709,0,1,T1486
asset_2916,0.9042692805633136,1,0,T1486
asset_2917,0.9042692805633136,1,0,T1486
asset_2918,0.9042692805633136,1,1,T1486
asset_2919,0.0033104508114889,0,0,T1486
asset_2920,0.0033104508118171,0,0,T1486
asset_2921,0.0033104508115333,0,1,T1486
asset_2922,0.9042692805633136,1,0,T1486
asset_2923,0.0033104464221243,0,1,T1486
asset_2924,0.9042692805633136,1,0,T1486
asset_2925,0.0033104490005228,0,0,T1486
asset_2926,0.0033104508115284,0,1,T1486
asset_2927,0.9042692805633136,1,0,T1486
asset_2928,0.0033104481083634,0,1,T1486
asset_2929,0.9042692805633136,1,1,T1486
asset_2930,0.9042692805633136,1,1,T1486
asset_2931,0.9042692805633136,1,1,T1486
asset_2932,0.0033104508115333,0,1,T1486
asset_2933,0.0033104508115333,0,0,T1486
asset_2934,0.0033104508115333,0,1,T1486
asset_2935,0.9042692805633136,1,0,T1486
asset_2936,0.9042692805633136,1,1,T1486
asset_2937,0.0033104508115333,0,1,T1486
asset_2938,0.0033104508114897,0,0,T1486
asset_2939,0.0033104508115333,0,0,T1486
asset_2940,0.0033104508115333,0,1,T1486
asset_2941,0.0033104508115333,0,0,T1486
asset_2942,0.0033104508114616,0,1,T1486
asset_2943,0.9042692805633136,1,0,T1486
asset_2944,0.0033104508115333,0,1,T1486
asset_2945,0.9042692805633136,1,1,T1486
asset_2946,0.9042692805633136,1,1,T1486
asset_2947,0.9042692805633136,1,0,T1486
asset_2948,0.9042692805633136,1,0,T1486
asset_2949,0.9042692805633136,1,0,T1486
asset_2950,0.9042692805633136,1,1,T1486
asset_2951,0.9042692805633136,1,1,T1486
asset_2952,0.9042692805633136,1,1,T1486
asset_2953,0.0033104508115333,0,0,T1486
asset_2954,0.0033104508114786,0,0,T1486
asset_2955,0.0033104508115333,0,0,T1486
asset_2956,0.9042692805633136,1,0,T1486
asset_2957,0.0033104508115869,0,1,T1486
asset_2958,0.0033104508115333,0,1,T1486
asset_2959,0.0033104508114618,0,0,T1486
asset_2960,0.9042692805633136,1,1,T1486
asset_2961,0.9042692805633136,1,1,T1486
asset_2962,0.9042692805633136,1,0,T1486
asset_2963,0.9042692805633136,1,1,T1486
asset_2964,0.9042692805633136,1,1,T1486
asset_2965,0.9042692805633136,1,1,T1486
asset_2966,0.0033104508115333,0,0,T1486
asset_2967,0.0033104508115333,0,0,T1486
asset_2968,0.9042692805633136,1,1,T1486
asset_2969,0.9042692805633136,1,1,T1486
asset_2970,0.9042692805633136,1,0,T1486
asset_2971,0.9042692805633136,1,0,T1486
asset_2972,0.9042692805633136,1,0,T1486
asset_2973,0.0033104508115225,0,0,T1486
asset_2974,0.0033104508115333,0,0,T1486
asset_2975,0.9042692805633136,1,0,T1486
asset_2976,0.9042692805633136,1,0,T1486
asset_2977,0.9042692805633136,1,1,T1486
asset_2978,0.0033104508115333,0,0,T1486
asset_2979,0.9042692805633136,1,1,T1486
asset_2980,0.9042692805633136,1,1,T1486
asset_2981,0.0033104508115309,0,1,T1486
asset_2982,0.9042692805633136,1,1,T1486
asset_2983,0.9042692805633136,1,1,T1486
asset_2984,0.0033104508115333,0,0,T1486
asset_2985,0.9042692805633136,1,0,T1486
asset_2986,0.9042692805633136,1,0,T1486
asset_2987,0.0033104508115333,0,1,T1486
asset_2988,0.0033104508115333,0,0,T1486
asset_2989,0.0033104508115333,0,1,T1486
asset_2990,0.9042692805633136,1,0,T1486
asset_2991,0.9042692805633136,1,0,T1486
asset_2992,0.9042692805633136,1,0,T1486
asset_2993,0.9042692805633136,1,0,T1486
asset_2994,0.9042692805633136,1,1,T1486
asset_2995,0.0033104508115271,0,0,T1486
asset_2996,0.9042692805633136,1,0,T1486
asset_2997,0.0033104508115225,0,0,T1486
asset_2998,0.0033104508115333,0,1,T1486
asset_2999,0.9042692805633136,1,0,T1486
asset_3000,0.0033104508115333,0,0,T1486
asset_3001,0.0033104508115185,0,1,T1486
asset_3002,0.9042692805633136,1,1,T1486
asset_3003,0.9042692805633136,1,0,T1486
asset_3004,0.9042692805633136,1,1,T1486
asset_3005,0.0033104508115318,0,0,T1486
asset_3006,0.0033104508115333,0,0,T1486
asset_3007,0.9042692805633136,1,1,T1486
asset_3008,0.9042692805633136,1,1,T1486
asset_3009,0.0033104508115309,0,0,T1486
asset_3010,0.0033104508115333,0,0,T1486
asset_3011,0.9042692805633136,1,1,T1486
asset_3012,0.9042692805633136,1,0,T1486
asset_3013,0.0033104508115868,0,1,T1486
asset_3014,0.0033104508115333,0,1,T1486
asset_3015,0.9042692805633136,1,0,T1486
asset_3016,0.9042692805633136,1,0,T1486
asset_3017,0.9042692805633136,1,0,T1486
asset_3018,0.9042692805633136,1,0,T1486
asset_3019,0.0033104508115333,0,0,T1486
asset_3020,0.9042692805633136,1,0,T1486
asset_3021,0.9042692805633136,1,0,T1486
asset_3022,0.9042692805633136,1,1,T1486
asset_3023,0.0033104508115201,0,1,T1486
asset_3024,0.0033104508115205,0,1,T1486
asset_3025,0.0033104499674126,0,0,T1486
asset_3026,0.0033104508115868,0,0,T1486
asset_3027,0.9042692805633136,1,1,T1486
asset_3028,0.0033104508114616,0,0,T1486
asset_3029,0.0033104508115333,0,1,T1486
asset_3030,0.0033104508115186,0,0,T1486
asset_3031,0.9042692805633136,1,0,T1486
asset_3032,0.003310450811489,0,0,T1486
asset_3033,0.9042692805633136,1,1,T1486
asset_3034,0.0033104508115333,0,0,T1486
asset_3035,0.0033104508115061,0,0,T1486
asset_3036,0.9042692805633136,1,0,T1486
asset_3037,0.9042692805633136,1,0,T1486
asset_3038,0.0033104508115333,0,0,T1486
asset_3039,0.0033104508115333,0,0,T1486
asset_3040,0.9042692805633136,1,0,T1486
asset_3041,0.9042692805633136,1,1,T1486
asset_3042,0.9042692805633136,1,1,T1486
asset_3043,0.9042692805633136,1,0,T1486
asset_3044,0.9042692805633136,1,0,T1486
asset_3045,0.9042692805633136,1,0,T1486
asset_3046,0.9042692805633136,1,0,T1486
asset_3047,0.9042692805633136,1,1,T1486
asset_3048,0.9042692805633136,1,1,T1486
asset_3049,0.9042692805633136,1,1,T1486
asset_3050,0.9042692805633136,1,0,T1486
asset_3051,0.0033104508115333,0,1,T1486
asset_3052,0.0033104508115205,0,0,T1486
asset_3053,0.9042692805633136,1,1,T1486
asset_3054,0.0033104508115333,0,0,T1486
asset_3055,0.0033104508114786,0,1,T1486
asset_3056,0.003310450811466,0,0,T1486
asset_3057,0.0033104508114618,0,1,T1486
asset_3058,0.9042692805633136,1,1,T1486
asset_3059,0.9042692805633136,1,0,T1486
asset_3060,0.9042692805633136,1,0,T1486
asset_3061,0.0033104508115333,0,1,T1486
asset_3062,0.0033104508114897,0,0,T1486
asset_3063,0.9042692805633136,1,0,T1486
asset_3064,0.0033104508115333,0,0,T1486
asset_3065,0.9042692805633136,1,0,T1486
asset_3066,0.9042692805633136,1,1,T1486
asset_3067,0.0033104508120232,0,0,T1486
asset_3068,0.9042692805633136,1,0,T1486
asset_3069,0.9042692805633136,1,1,T1486
asset_3070,0.9042692805633136,1,0,T1486
asset_3071,0.0033104508115868,0,0,T1486
asset_3072,0.003310445788183,0,1,T1486
asset_3073,0.9042692805633136,1,1,T1486
asset_3074,0.0033104508115869,0,1,T1486
asset_3075,0.9042692805633136,1,1,T1486
asset_3076,0.9042692805633136,1,1,T1486
asset_3077,0.9042692805633136,1,0,T1486
asset_3078,0.9042692805633136,1,1,T1486
asset_3079,0.0033104508115333,0,1,T1486
asset_3080,0.9042692805633136,1,0,T1486
asset_3081,0.0033104508115225,0,0,T1486
asset_3082,0.0034876895568891,0,1,T1486
asset_3083,0.0033104508115869,0,1,T1486
asset_3084,0.9042692805633136,1,1,T1486
asset_3085,0.9042692805633136,1,1,T1486
asset_3086,0.0033104508115333,0,1,T1486
asset_3087,0.9042692805633136,1,1,T1486
asset_3088,0.0033104508115333,0,1,T1486
asset_3089,0.0033104508115869,0,1,T1486
asset_3090,0.9042692805633136,1,1,T1486
asset_3091,0.0034876895568891,0,1,T1486
asset_3092,0.9042692805633136,1,0,T1486
asset_3093,0.0033104508115146,0,0,T1486
asset_3094,0.0033104508115293,0,0,T1486
asset_3095,0.0033104508115333,0,0,T1486
asset_3096,0.9042692805633136,1,0,T1486
asset_3097,0.9042692805633136,1,0,T1486
asset_3098,0.9042692805633136,1,0,T1486
asset_3099,0.9042692805633136,1,1,T1486
asset_3100,0.9042692805633136,1,1,T1486
asset_3101,0.0033104508115333,0,0,T1486
asset_3102,0.0033104508115333,0,0,T1486
asset_3103,0.9042692805633136,1,0,T1486
asset_3104,0.9042692805633136,1,0,T1486
asset_3105,0.9042692805633136,1,0,T1486
asset_3106,0.0033104508115333,0,1,T1486
asset_3107,0.0033104508115333,0,1,T1486
asset_3108,0.0033104508115333,0,0,T1486
asset_3109,0.0033104508115293,0,1,T1486
asset_3110,0.0033104508115333,0,1,T1486
asset_3111,0.9042692805633136,1,1,T1486
asset_3112,0.0033104508115333,0,1,T1486
asset_3113,0.9042692805633136,1,1,T1486
asset_3114,0.9042692805633136,1,1,T1486
asset_3115,0.0033104508115055,0,1,T1486
asset_3116,0.0033104508115333,0,0,T1486
asset_3117,0.9042692805633136,1,1,T1486
asset_3118,0.9042692805633136,1,1,T1486
asset_3119,0.9042692805633136,1,1,T1486
asset_3120,0.9042692805633136,1,1,T1486
asset_3121,0.0033104508115318,0,0,T1486
asset_3122,0.0033104508115099,0,0,T1486
asset_3123,0.9042692805633136,1,0,T1486
asset_3124,0.0033104472641503,0,0,T1486
asset_3125,0.9042692805633136,1,0,T1486
asset_3126,0.9042692805633136,1,1,T1486
asset_3127,0.0033104508115333,0,1,T1486
asset_3128,0.9042692805633136,1,1,T1486
asset_3129,0.0033104508114508,0,1,T1486
asset_3130,0.9042692805633136,1,0,T1486
asset_3131,0.0033104508114616,0,0,T1486
asset_3132,0.0033104508115225,0,1,T1486
asset_3133,0.9042692805633136,1,0,T1486
asset_3134,0.0033104508115333,0,1,T1486
asset_3135,0.0033104508114889,0,0,T1486
asset_3136,0.0033104508115333,0,0,T1486
asset_3137,0.0033104508115333,0,0,T1486
asset_3138,0.0033104508115205,0,0,T1486
asset_3139,0.0033104464221243,0,0,T1486
asset_3140,0.9042692805633136,1,1,T1486
asset_3141,0.9042692805633136,1,0,T1486
asset_3142,0.9042692805633136,1,1,T1486
asset_3143,0.0033104508115333,0,0,T1486
asset_3144,0.0033104508115333,0,1,T1486
asset_3145,0.003310450811489,0,1,T1486
asset_3146,0.9042692805633136,1,1,T1486
asset_3147,0.9042692805633136,1,1,T1486
asset_3148,0.0033104508115333,0,1,T1486
asset_3149,0.0033804806999925,0,0,T1486
asset_3150,0.0033104508115205,0,0,T1486
asset_3151,0.003310449967819,0,1,T1486
asset_3152,0.0033104508115333,0,1,T1486
asset_3153,0.9042692805633136,1,1,T1486
asset_3154,0.0033104508115333,0,0,T1486
asset_3155,0.9042692805633136,1,0,T1486
asset_3156,0.9042692805633136,1,0,T1486
asset_3157,0.9042692805633136,1,0,T1486
asset_3158,0.9042692805633136,1,1,T1486
asset_3159,0.0033104499674126,0,1,T1486
asset_3160,0.9042692805633136,1,1,T1486
asset_3161,0.9042692805633136,1,1,T1486
asset_3162,0.9042692805633136,1,1,T1486
asset_3163,0.9042692805633136,1,1,T1486
asset_3164,0.0033104508116791,0,1,T1486
asset_3165,0.0033104508115333,0,1,T1486
asset_3166,0.9042692805633136,1,0,T1486
asset_3167,0.0033104508115333,0,1,T1486
asset_3168,0.9042692805633136,1,1,T1486
asset_3169,0.9042692805633136,1,0,T1486
asset_3170,0.9042692805633136,1,0,T1486
asset_3171,0.0033104508114786,0,0,T1486
asset_3172,0.9042692805633136,1,1,T1486
asset_3173,0.9042692805633136,1,1,T1486
asset_3174,0.0033104508115333,0,1,T1486
asset_3175,0.0033104508115333,0,0,T1486
asset_3176,0.9042692805633136,1,0,T1486
asset_3177,0.0033104499674198,0,0,T1486
asset_3178,0.9042692805633136,1,0,T1486
asset_3179,0.9042692805633136,1,1,T1486
asset_3180,0.0033104508115333,0,1,T1486
asset_3181,0.9042692805633136,1,1,T1486
asset_3182,0.0033104508115333,0,1,T1486
asset_3183,0.9042692805633136,1,0,T1486
asset_3184,0.0033104508115333,0,1,T1486
asset_3185,0.9042692805633136,1,1,T1486
asset_3186,0.9042692805633136,1,0,T1486
asset_3187,0.9042692805633136,1,0,T1486
asset_3188,0.9042692805633136,1,1,T1486
asset_3189,0.9042692805633136,1,0,T1486
asset_3190,0.9042692805633136,1,0,T1486
asset_3191,0.0033104508115869,0,1,T1486
asset_3192,0.0033104508115333,0,0,T1486
asset_3193,0.9042692805633136,1,1,T1486
asset_3194,0.9042692805633136,1,0,T1486
asset_3195,0.0033104508115333,0,1,T1486
asset_3196,0.0033104508115058,0,1,T1486
asset_3197,0.9042692805633136,1,0,T1486
asset_3198,0.9042692805633136,1,0,T1486
asset_3199,0.0033104508115333,0,0,T1486
asset_3200,0.0033104508115333,0,1,T1486
asset_3201,0.9042692805633136,1,0,T1486
asset_3202,0.0033104508115333,0,0,T1486
asset_3203,0.0033104508115333,0,0,T1486
asset_3204,0.0033104508115333,0,1,T1486
asset_3205,0.0033104508115333,0,0,T1486
asset_3206,0.9042692805633136,1,0,T1486
asset_3207,0.9042692805633136,1,1,T1486
asset_3208,0.0033104508115868,0,0,T1486
asset_3209,0.0033104508115333,0,1,T1486
asset_3210,0.0033104508114935,0,1,T1486
asset_3211,0.0033104508115333,0,1,T1486
asset_3212,0.9042692805633136,1,0,T1486
asset_3213,0.003310450811489,0,0,T1486
asset_3214,0.9042692805633136,1,0,T1486
asset_3215,0.9042692805633136,1,1,T1486
asset_3216,0.9042692805633136,1,0,T1486
asset_3217,0.0033104508115333,0,1,T1486
asset_3218,0.9042692805633136,1,0,T1486
asset_3219,0.0033104508115333,0,1,T1486
asset_3220,0.9042692805633136,1,1,T1486
asset_3221,0.9042692805633136,1,0,T1486
asset_3222,0.0033104508115309,0,0,T1486
asset_3223,0.0033104508115333,0,0,T1486
asset_3224,0.0033104508114616,0,0,T1486
asset_3225,0.0033104508115333,0,0,T1486
asset_3226,0.9042692805633136,1,0,T1486
asset_3227,0.9042692805633136,1,1,T1486
asset_3228,0.9042692805633136,1,1,T1486
asset_3229,0.0033104508115333,0,0,T1486
asset_3230,0.9042692805633136,1,0,T1486
asset_3231,0.0033104508115333,0,0,T1486
asset_3232,0.9042692805633136,1,0,T1486
asset_3233,0.0033104508115869,0,0,T1486
asset_3234,0.9042692805633136,1,0,T1486
asset_3235,0.9042692805633136,1,0,T1486
asset_3236,0.9042692805633136,1,1,T1486
asset_3237,0.0033104508115333,0,1,T1486
asset_3238,0.9042692805633136,1,1,T1486
asset_3239,0.9042692805633136,1,1,T1486
asset_3240,0.0033104508115333,0,1,T1486
asset_3241,0.9042692805633136,1,1,T1486
asset_3242,0.0033104508115205,0,1,T1486
asset_3243,0.0033104508115333,0,0,T1486
asset_3244,0.9042692805633136,1,0,T1486
asset_3245,0.0033104508115309,0,0,T1486
asset_3246,0.0033104508115333,0,1,T1486
asset_3247,0.00331045081212,0,0,T1486
asset_3248,0.9042692805633136,1,1,T1486
asset_3249,0.9042692805633136,1,0,T1486
asset_3250,0.9042692805633136,1,1,T1486
asset_3251,0.0033104508115333,0,1,T1486
asset_3252,0.9042692805633136,1,1,T1486
asset_3253,0.9042692805633136,1,1,T1486
asset_3254,0.9042692805633136,1,1,T1486
asset_3255,0.9042692805633136,1,0,T1486
asset_3256,0.9042692805633136,1,0,T1486
asset_3257,0.0033104508115333,0,1,T1486
asset_3258,0.9042692805633136,1,0,T1486
asset_3259,0.9042692805633136,1,0,T1486
asset_3260,0.0033104508115316,0,1,T1486
asset_3261,0.0033104508115333,0,1,T1486
asset_3262,0.0033104508115333,0,1,T1486
asset_3263,0.9042692805633136,1,1,T1486
asset_3264,0.9042692805633136,1,0,T1486
asset_3265,0.9042692805633136,1,1,T1486
asset_3266,0.0033104508115333,0,0,T1486
asset_3267,0.0033104508115294,0,0,T1486
asset_3268,0.0033104499672667,0,0,T1486
asset_3269,0.9042692805633136,1,1,T1486
asset_3270,0.0033104508115333,0,1,T1486
asset_3271,0.0033104508115333,0,1,T1486
asset_3272,0.9042692805633136,1,0,T1486
asset_3273,0.0033104508115333,0,1,T1486
asset_3274,0.9042692805633136,1,1,T1486
asset_3275,0.0033104508115868,0,1,T1486
asset_3276,0.9042692805633136,1,0,T1486
asset_3277,0.0033104508115309,0,1,T1486
asset_3278,0.9042692805633136,1,0,T1486
asset_3279,0.9042692805633136,1,1,T1486
asset_3280,0.9042692805633136,1,0,T1486
asset_3281,0.0033104508115784,0,0,T1486
asset_3282,0.9042692805633136,1,1,T1486
asset_3283,0.0033104508115333,0,1,T1486
asset_3284,0.0033104508115333,0,1,T1486
asset_3285,0.0033104508115333,0,0,T1486
asset_3286,0.0033104508115333,0,0,T1486
asset_3287,0.0033104508115333,0,0,T1486
asset_3288,0.9042692805633136,1,0,T1486
asset_3289,0.0033104508115333,0,0,T1486
asset_3290,0.9042692805633136,1,0,T1486
asset_3291,0.0033104508115333,0,0,T1486
asset_3292,0.0033104508115333,0,1,T1486
asset_3293,0.9042692805633136,1,0,T1486
asset_3294,0.9042692805633136,1,1,T1486
asset_3295,0.0033104508115868,0,1,T1486
asset_3296,0.9042692805633136,1,1,T1486
asset_3297,0.0033104508115333,0,1,T1486
asset_3298,0.0033104508115333,0,1,T1486
asset_3299,0.0033104508115293,0,0,T1486
asset_3300,0.9042692805633136,1,0,T1486
asset_3301,0.9042692805633136,1,1,T1486
asset_3302,0.9042692805633136,1,1,T1486
asset_3303,0.9042692805633136,1,0,T1486
asset_3304,0.9042692805633136,1,1,T1486
asset_3305,0.9042692805633136,1,1,T1486
asset_3306,0.9042692805633136,1,1,T1486
asset_3307,0.9042692805633136,1,0,T1486
asset_3308,0.0033104508115333,0,0,T1486
asset_3309,0.9042692805633136,1,0,T1486
asset_3310,0.0033104508115294,0,1,T1486
asset_3311,0.0033104508115333,0,0,T1486
asset_3312,0.0033104508115146,0,0,T1486
asset_3313,0.0033104508115333,0,1,T1486
asset_3314,0.9042692805633136,1,1,T1486
asset_3315,0.9042692805633136,1,0,T1486
asset_3316,0.0033104490933179,0,0,T1486
asset_3317,0.0033104508119878,0,0,T1486
asset_3318,0.0033104508115293,0,0,T1486
asset_3319,0.0033104508115333,0,0,T1486
asset_3320,0.9042692805633136,1,0,T1486
asset_3321,0.0033104508115333,0,0,T1486
asset_3322,0.9042692805633136,1,1,T1486
asset_3323,0.003310450812075,0,0,T1486
asset_3324,0.0033104508115333,0,0,T1486
asset_3325,0.0033104508115333,0,0,T1486
asset_3326,0.0033104508115333,0,1,T1486
asset_3327,0.0033104508115333,0,0,T1486
asset_3328,0.9042692805633136,1,0,T1486
asset_3329,0.9042692805633136,1,0,T1486
asset_3330,0.9042692805633136,1,1,T1486
asset_3331,0.0033104508115333,0,0,T1486
asset_3332,0.9042692805633136,1,0,T1486
asset_3333,0.0033104508115309,0,0,T1486
asset_3334,0.0033104508115333,0,0,T1486
asset_3335,0.9042692805633136,1,0,T1486
asset_3336,0.9042692805633136,1,0,T1486
asset_3337,0.9042692805633136,1,0,T1486
asset_3338,0.0033104508115868,0,1,T1486
asset_3339,0.0033104508115333,0,0,T1486
asset_3340,0.9042692805633136,1,1,T1486
asset_3341,0.0033104508115333,0,1,T1486
asset_3342,0.9042692805633136,1,0,T1486
asset_3343,0.9042692805633136,1,1,T1486
asset_3344,0.0033104508115333,0,1,T1486
asset_3345,0.9042692805633136,1,1,T1486
asset_3346,0.0033104508115333,0,0,T1486
asset_3347,0.9042692805633136,1,1,T1486
asset_3348,0.0033104508115333,0,1,T1486
asset_3349,0.0033104508115309,0,0,T1486
asset_3350,0.9042692805633136,1,0,T1486
asset_3351,0.9042692805633136,1,1,T1486
asset_3352,0.9042692805633136,1,1,T1486
asset_3353,0.0033104508115333,0,0,T1486
asset_3354,0.0033104508115333,0,0,T1486
asset_3355,0.0033104508115333,0,0,T1486
asset_3356,0.9042692805633136,1,1,T1486
asset_3357,0.9042692805633136,1,1,T1486
asset_3358,0.9042692805633136,1,1,T1486
asset_3359,0.9042692805633136,1,0,T1486
asset_3360,0.9042692805633136,1,0,T1486
asset_3361,0.0033454904089115,0,1,T1486
asset_3362,0.0033104508114893,0,0,T1486
asset_3363,0.0033104508115333,0,0,T1486
asset_3364,0.9042692805633136,1,1,T1486
asset_3365,0.9042692805633136,1,1,T1486
asset_3366,0.9042692805633136,1,0,T1486
asset_3367,0.9042692805633136,1,0,T1486
asset_3368,0.0033104508115333,0,1,T1486
asset_3369,0.0033104508115333,0,1,T1486
asset_3370,0.0033104508115205,0,1,T1486
asset_3371,0.0033104508115333,0,1,T1486
asset_3372,0.0033104508115333,0,0,T1486
asset_3373,0.9042692805633136,1,1,T1486
asset_3374,0.0033104508115333,0,0,T1486
asset_3375,0.9042692805633136,1,0,T1486
asset_3376,0.9042692805633136,1,1,T1486
asset_3377,0.003310450811489,0,1,T1486
asset_3378,0.0033104508115333,0,1,T1486
asset_3379,0.0034876895568891,0,0,T1486
asset_3380,0.9042692805633136,1,1,T1486
asset_3381,0.0033104508115868,0,1,T1486
asset_3382,0.9042692805633136,1,1,T1486
asset_3383,0.9042692805633136,1,0,T1486
asset_3384,0.0033104508115333,0,1,T1486
asset_3385,0.0033104499673624,0,0,T1486
asset_3386,0.9042692805633136,1,1,T1486
asset_3387,0.9042692805633136,1,0,T1486
asset_3388,0.0033104508115333,0,0,T1486
asset_3389,0.0033104508115333,0,1,T1486
asset_3390,0.9042692805633136,1,0,T1486
asset_3391,0.003310450811489,0,0,T1486
asset_3392,0.0033104508115333,0,1,T1486
asset_3393,0.9042692805633136,1,0,T1486
asset_3394,0.0033104508115333,0,0,T1486
asset_3395,0.9042692805633136,1,0,T1486
asset_3396,0.0033104508115333,0,1,T1486
asset_3397,0.9042692805633136,1,0,T1486
asset_3398,0.0033104508115333,0,0,T1486
asset_3399,0.9042692805633136,1,0,T1486
asset_3400,0.0033104508115784,0,0,T1486
asset_3401,0.9042692805633136,1,0,T1486
asset_3402,0.9042692805633136,1,0,T1486
asset_3403,0.9042692805633136,1,0,T1486
asset_3404,0.9042692805633136,1,1,T1486
asset_3405,0.9042692805633136,1,1,T1486
asset_3406,0.0033104508115333,0,1,T1486
asset_3407,0.9042692805633136,1,1,T1486
asset_3408,0.0033104508115333,0,0,T1486
asset_3409,0.9042692805633136,1,1,T1486
asset_3410,0.0033104508115333,0,0,T1486
asset_3411,0.0033104508115097,0,0,T1486
asset_3412,0.0034876895567868,0,0,T1486
asset_3413,0.0033454389836629,0,0,T1486
asset_3414,0.9042692805633136,1,1,T1486
asset_3415,0.0033104508115333,0,1,T1486
asset_3416,0.0033104508115333,0,0,T1486
asset_3417,0.9042692805633136,1,0,T1486
asset_3418,0.9042692805633136,1,1,T1486
asset_3419,0.9042692805633136,1,0,T1486
asset_3420,0.9042692805633136,1,1,T1486
asset_3421,0.0033104508115205,0,0,T1486
asset_3422,0.0033104508115293,0,0,T1486
asset_3423,0.0033104508115333,0,1,T1486
asset_3424,0.0033104508115333,0,0,T1486
asset_3425,0.9042692805633136,1,1,T1486
asset_3426,0.9042692805633136,1,0,T1486
asset_3427,0.9042692805633136,1,1,T1486
asset_3428,0.9042692805633136,1,0,T1486
asset_3429,0.0033104508115309,0,1,T1486
asset_3430,0.9042692805633136,1,1,T1486
asset_3431,0.0033104508115333,0,1,T1486
asset_3432,0.9042692805633136,1,1,T1486
asset_3433,0.0033104508115333,0,1,T1486
asset_3434,0.9042692805633136,1,0,T1486
asset_3435,0.9042692805633136,1,1,T1486
asset_3436,0.0033104508118171,0,1,T1486
asset_3437,0.9042692805633136,1,1,T1486
asset_3438,0.9042692805633136,1,0,T1486
asset_3439,0.9042692805633136,1,0,T1486
asset_3440,0.9042692805633136,1,0,T1486
asset_3441,0.003310450811489,0,1,T1486
asset_3442,0.0033104508115868,0,1,T1486
asset_3443,0.9042692805633136,1,1,T1486
asset_3444,0.0033104508115333,0,0,T1486
asset_3445,0.0033104508115205,0,1,T1486
asset_3446,0.0033104508115333,0,1,T1486
asset_3447,0.0033104508115333,0,1,T1486
asset_3448,0.0033104508115309,0,0,T1486
asset_3449,0.0033104508114508,0,0,T1486
asset_3450,0.9042692805633136,1,1,T1486
asset_3451,0.9042692805633136,1,0,T1486
asset_3452,0.9042692805633136,1,1,T1486
asset_3453,0.0033104508115333,0,0,T1486
asset_3454,0.0033104508115284,0,0,T1486
asset_3455,0.9042692805633136,1,0,T1486
asset_3456,0.9042692805633136,1,0,T1486
asset_3457,0.0033104508115333,0,0,T1486
asset_3458,0.0033104508115333,0,1,T1486
asset_3459,0.0033104508115869,0,0,T1486
asset_3460,0.0033104499673624,0,0,T1486
asset_3461,0.9042692805633136,1,1,T1486
asset_3462,0.0033104508115309,0,0,T1486
asset_3463,0.9042692805633136,1,1,T1486
asset_3464,0.9042692805633136,1,1,T1486
asset_3465,0.9042692805633136,1,0,T1486
asset_3466,0.9042692805633136,1,0,T1486
asset_3467,0.9042692805633136,1,0,T1486
asset_3468,0.0033104508115333,0,1,T1486
asset_3469,0.9042692805633136,1,1,T1486
asset_3470,0.9042692805633136,1,1,T1486
asset_3471,0.0033104508115868,0,0,T1486
asset_3472,0.0033104508115333,0,1,T1486
asset_3473,0.9042692805633136,1,0,T1486
asset_3474,0.9042692805633136,1,0,T1486
asset_3475,0.9042692805633136,1,0,T1486
asset_3476,0.9042692805633136,1,0,T1486
asset_3477,0.9042692805633136,1,1,T1486
asset_3478,0.9042692805633136,1,1,T1486
asset_3479,0.0033104508115333,0,0,T1486
asset_3480,0.0033104508115333,0,0,T1486
asset_3481,0.9042692805633136,1,1,T1486
asset_3482,0.9042692805633136,1,1,T1486
asset_3483,0.9042692805633136,1,1,T1486
asset_3484,0.9042692805633136,1,1,T1486
asset_3485,0.0033104508115097,0,1,T1486
asset_3486,0.0033104508115333,0,0,T1486
asset_3487,0.9042692805633136,1,1,T1486
asset_3488,0.0033104508115333,0,0,T1486
asset_3489,0.9042692805633136,1,1,T1486
asset_3490,0.9042692805633136,1,0,T1486
asset_3491,0.9042692805633136,1,0,T1486
asset_3492,0.9042692805633136,1,0,T1486
asset_3493,0.9042692805633136,1,1,T1486
asset_3494,0.9042692805633136,1,1,T1486
asset_3495,0.0033104508115333,0,1,T1486
asset_3496,0.9042692805633136,1,1,T1486
asset_3497,0.0033104508115225,0,0,T1486
asset_3498,0.9042692805633136,1,0,T1486
asset_3499,0.0033104508115146,0,1,T1486
asset_3500,0.9042692805633136,1,0,T1486
asset_3501,0.0033104508115271,0,1,T1486
asset_3502,0.9042692805633136,1,1,T1486
asset_3503,0.9042692805633136,1,0,T1486
asset_3504,0.0033104508115318,0,0,T1486
asset_3505,0.0033104508115868,0,1,T1486
asset_3506,0.9042692805633136,1,0,T1486
asset_3507,0.0033104508115309,0,0,T1486
asset_3508,0.9042692805633136,1,0,T1486
asset_3509,0.0041206952685782,0,0,T1486
asset_3510,0.9042692805633136,1,1,T1486
asset_3511,0.0033104508114895,0,0,T1486
asset_3512,0.9042692805633136,1,0,T1486
asset_3513,0.0033104508115309,0,0,T1486
asset_3514,0.9042692805633136,1,0,T1486
asset_3515,0.9042692805633136,1,0,T1486
asset_3516,0.9042692805633136,1,1,T1486
asset_3517,0.0033104508115333,0,1,T1486
asset_3518,0.0033104508115333,0,1,T1486
asset_3519,0.0033104508115333,0,0,T1486
asset_3520,0.0033104508115333,0,0,T1486
asset_3521,0.0033104508115205,0,0,T1486
asset_3522,0.9042692805633136,1,1,T1486
asset_3523,0.0033104508115333,0,1,T1486
asset_3524,0.0033104508115186,0,1,T1486
asset_3525,0.0033104508115333,0,1,T1486
asset_3526,0.0033104508115333,0,1,T1486
asset_3527,0.0033104508115333,0,0,T1486
asset_3528,0.0033104508115201,0,0,T1486
asset_3529,0.9042692805633136,1,1,T1486
asset_3530,0.9042692805633136,1,0,T1486
asset_3531,0.0033104508115309,0,0,T1486
asset_3532,0.9042692805633136,1,1,T1486
asset_3533,0.0033104508115868,0,0,T1486
asset_3534,0.0033104508115333,0,0,T1486
asset_3535,0.9042692805633136,1,1,T1486
asset_3536,0.9042692805633136,1,0,T1486
asset_3537,0.9042692805633136,1,0,T1486
asset_3538,0.9042692805633136,1,0,T1486
asset_3539,0.0033104508114508,0,0,T1486
asset_3540,0.0033104508115294,0,1,T1486
asset_3541,0.9042692805633136,1,0,T1486
asset_3542,0.0033104508115333,0,0,T1486
asset_3543,0.9042692805633136,1,1,T1486
asset_3544,0.0033104508115318,0,0,T1486
asset_3545,0.0033104508116791,0,0,T1486
asset_3546,0.9042692805633136,1,1,T1486
asset_3547,0.0033104508114935,0,0,T1486
asset_3548,0.0033104508115333,0,0,T1486
asset_3549,0.9042692805633136,1,1,T1486
asset_3550,0.9042692805633136,1,0,T1486
asset_3551,0.9042692805633136,1,0,T1486
asset_3552,0.9042692805633136,1,0,T1486
asset_3553,0.9042692805633136,1,1,T1486
asset_3554,0.9042692805633136,1,1,T1486
asset_3555,0.9042692805633136,1,1,T1486
asset_3556,0.0033104508115333,0,1,T1486
asset_3557,0.0033104508114935,0,0,T1486
asset_3558,0.9042692805633136,1,1,T1486
asset_3559,0.0033104508115333,0,0,T1486
asset_3560,0.9042692805633136,1,1,T1486
asset_3561,0.0033104508115333,0,1,T1486
asset_3562,0.9042692805633136,1,1,T1486
asset_3563,0.0033104508114785,0,1,T1486
asset_3564,0.0033104508115333,0,1,T1486
asset_3565,0.0033104508115205,0,1,T1486
asset_3566,0.9042692805633136,1,1,T1486
asset_3567,0.9042692805633136,1,0,T1486
asset_3568,0.0033104508115333,0,0,T1486
asset_3569,0.9042692805633136,1,0,T1486
asset_3570,0.9042692805633136,1,1,T1486
asset_3571,0.9042692805633136,1,0,T1486
asset_3572,0.9042692805633136,1,0,T1486
asset_3573,0.0033104508115868,0,1,T1486
asset_3574,0.9042692805633136,1,0,T1486
asset_3575,0.0033104508115333,0,1,T1486
asset_3576,0.0033104508115287,0,1,T1486
asset_3577,0.0033104508115333,0,0,T1486
asset_3578,0.0033104508115333,0,0,T1486
asset_3579,0.9042692805633136,1,0,T1486
asset_3580,0.0033104508115333,0,1,T1486
asset_3581,0.9042692805633136,1,0,T1486
asset_3582,0.9042692805633136,1,1,T1486
asset_3583,0.0033804806989038,0,1,T1486
asset_3584,0.0033104508115868,0,0,T1486
asset_3585,0.9042692805633136,1,0,T1486
asset_3586,0.0033104508114552,0,0,T1486
asset_3587,0.9042692805633136,1,0,T1486
asset_3588,0.9042692805633136,1,0,T1486
asset_3589,0.0033104508115784,0,1,T1486
asset_3590,0.9042692805633136,1,0,T1486
asset_3591,0.0033104508115333,0,1,T1486
asset_3592,0.0033104508114616,0,0,T1486
asset_3593,0.0033104499674126,0,1,T1486
asset_3594,0.9042692805633136,1,0,T1486
asset_3595,0.0033104508115333,0,1,T1486
asset_3596,0.0033104508115333,0,0,T1486
asset_3597,0.9042692805633136,1,1,T1486
asset_3598,0.0033104508115333,0,0,T1486
asset_3599,0.0033104508115333,0,0,T1486
asset_3600,0.0033104508115097,0,1,T1486
asset_3601,0.9042692805633136,1,1,T1486
asset_3602,0.9042692805633136,1,1,T1486
asset_3603,0.0033104508115293,0,1,T1486
asset_3604,0.0033104508115333,0,0,T1486
asset_3605,0.003310450811466,0,1,T1486
asset_3606,0.003345437170895,0,0,T1486
asset_3607,0.9042692805633136,1,0,T1486
asset_3608,0.9042692805633136,1,1,T1486
asset_3609,0.9042692805633136,1,0,T1486
asset_3610,0.0033104508115333,0,1,T1486
asset_3611,0.9042692805633136,1,0,T1486
asset_3612,0.0033104508115333,0,0,T1486
asset_3613,0.9042692805633136,1,0,T1486
asset_3614,0.0033104508115333,0,1,T1486
asset_3615,0.9042692805633136,1,0,T1486
asset_3616,0.0033104508115205,0,0,T1486
asset_3617,0.0033104457881829,0,1,T1486
asset_3618,0.9042692805633136,1,0,T1486
asset_3619,0.0033104508115333,0,1,T1486
asset_3620,0.0033104508115333,0,1,T1486
asset_3621,0.9042692805633136,1,0,T1486
asset_3622,0.9042692805633136,1,1,T1486
asset_3623,0.0033104508115333,0,1,T1486
asset_3624,0.9042692805633136,1,1,T1486
asset_3625,0.9042692805633136,1,0,T1486
asset_3626,0.9042692805633136,1,0,T1486
asset_3627,0.0033104508115333,0,0,T1486
asset_3628,0.0033104508115318,0,1,T1486
asset_3629,0.0033104508114552,0,1,T1486
asset_3630,0.0033104508115333,0,1,T1486
asset_3631,0.9042692805633136,1,1,T1486
asset_3632,0.0033104508115333,0,0,T1486
asset_3633,0.9042692805633136,1,0,T1486
asset_3634,0.9042692805633136,1,1,T1486
asset_3635,0.9042692805633136,1,0,T1486
asset_3636,0.9042692805633136,1,0,T1486
asset_3637,0.9042692805633136,1,0,T1486
asset_3638,0.9042692805633136,1,1,T1486
asset_3639,0.9042692805633136,1,1,T1486
asset_3640,0.0033104508115333,0,0,T1486
asset_3641,0.9042692805633136,1,0,T1486
asset_3642,0.0033104508115333,0,0,T1486
asset_3643,0.9042692805633136,1,0,T1486
asset_3644,0.9042692805633136,1,0,T1486
asset_3645,0.0033104508115333,0,0,T1486
asset_3646,0.0033104508115333,0,1,T1486
asset_3647,0.0033104508115869,0,0,T1486
asset_3648,0.9042692805633136,1,0,T1486
asset_3649,0.0033104508115333,0,1,T1486
asset_3650,0.9042692805633136,1,1,T1486
asset_3651,0.9042692805633136,1,0,T1486
asset_3652,0.9042692805633136,1,0,T1486
asset_3653,0.0033104508115293,0,1,T1486
asset_3654,0.0033104508114889,0,1,T1486
asset_3655,0.9042692805633136,1,1,T1486
asset_3656,0.9042692805633136,1,0,T1486
asset_3657,0.9042692805633136,1,0,T1486
asset_3658,0.9042692805633136,1,1,T1486
asset_3659,0.9042692805633136,1,0,T1486
asset_3660,0.0033104508115333,0,1,T1486
asset_3661,0.9042692805633136,1,1,T1486
asset_3662,0.0033104508115333,0,0,T1486
asset_3663,0.9042692805633136,1,1,T1486
asset_3664,0.0033104508115333,0,0,T1486
asset_3665,0.0033104508115333,0,0,T1486
asset_3666,0.0033104508115333,0,1,T1486
asset_3667,0.0033104508115205,0,1,T1486
asset_3668,0.9042692805633136,1,1,T1486
asset_3669,0.9042692805633136,1,0,T1486
asset_3670,0.0033104508115333,0,0,T1486
asset_3671,0.9042692805633136,1,0,T1486
asset_3672,0.9042692805633136,1,0,T1486
asset_3673,0.9042692805633136,1,1,T1486
asset_3674,0.9042692805633136,1,0,T1486
asset_3675,0.9042692805633136,1,1,T1486
asset_3676,0.0033104508115333,0,0,T1486
asset_3677,0.0033104508115097,0,1,T1486
asset_3678,0.9042692805633136,1,1,T1486
asset_3679,0.9042692805633136,1,0,T1486
asset_3680,0.9042692805633136,1,0,T1486
asset_3681,0.9042692805633136,1,1,T1486
asset_3682,0.9042692805633136,1,1,T1486
asset_3683,0.0033104508115869,0,1,T1486
asset_3684,0.9042692805633136,1,1,T1486
asset_3685,0.0033104508115333,0,1,T1486
asset_3686,0.0033104508115333,0,0,T1486
asset_3687,0.0033104508115333,0,1,T1486
asset_3688,0.003310450811489,0,0,T1486
asset_3689,0.9042692805633136,1,1,T1486
asset_3690,0.9042692805633136,1,0,T1486
asset_3691,0.9042692805633136,1,1,T1486
asset_3692,0.9042692805633136,1,0,T1486
asset_3693,0.9042692805633136,1,0,T1486
asset_3694,0.0033104508115097,0,0,T1486
asset_3695,0.9042692805633136,1,0,T1486
asset_3696,0.0033454925291896,0,0,T1486
asset_3697,0.9042692805633136,1,1,T1486
asset_3698,0.0033104508114889,0,0,T1486
asset_3699,0.9042692805633136,1,1,T1486
asset_3700,0.9042692805633136,1,1,T1486
asset_3701,0.0033104508114824,0,0,T1486
asset_3702,0.9042692805633136,1,1,T1486
asset_3703,0.9042692805633136,1,0,T1486
asset_3704,0.0033104508115058,0,0,T1486
asset_3705,0.0033104508115333,0,1,T1486
asset_3706,0.9042692805633136,1,1,T1486
asset_3707,0.0033104508115333,0,1,T1486
asset_3708,0.0033104508115333,0,0,T1486
asset_3709,0.9042692805633136,1,1,T1486
asset_3710,0.9042692805633136,1,0,T1486
asset_3711,0.0033104508115333,0,1,T1486
asset_3712,0.0033104508115333,0,0,T1486
asset_3713,0.0033104469826889,0,0,T1486
asset_3714,0.9042692805633136,1,0,T1486
asset_3715,0.0033104508116792,0,1,T1486
asset_3716,0.9042692805633136,1,1,T1486
asset_3717,0.0033104508115333,0,0,T1486
asset_3718,0.9042692805633136,1,0,T1486
asset_3719,0.0033104508115333,0,0,T1486
asset_3720,0.0033104508115333,0,1,T1486
asset_3721,0.9042692805633136,1,1,T1486
asset_3722,0.0033104508115333,0,0,T1486
asset_3723,0.9042692805633136,1,1,T1486
asset_3724,0.9042692805633136,1,1,T1486
asset_3725,0.9042692805633136,1,1,T1486
asset_3726,0.9042692805633136,1,0,T1486
asset_3727,0.0033104508115333,0,0,T1486
asset_3728,0.9042692805633136,1,1,T1486
asset_3729,0.0033104508115333,0,0,T1486
asset_3730,0.9042692805633136,1,0,T1486
asset_3731,0.0033104508115333,0,1,T1486
asset_3732,0.9042692805633136,1,0,T1486
asset_3733,0.9042692805633136,1,0,T1486
asset_3734,0.9042692805633136,1,0,T1486
asset_3735,0.9042692805633136,1,1,T1486
asset_3736,0.0033104508115333,0,1,T1486
asset_3737,0.9042692805633136,1,0,T1486
asset_3738,0.0033104508115333,0,0,T1486
asset_3739,0.0033104508115333,0,1,T1486
asset_3740,0.0033104508115333,0,0,T1486
asset_3741,0.9042692805633136,1,0,T1486
asset_3742,0.9042692805633136,1,0,T1486
asset_3743,0.9042692805633136,1,0,T1486
asset_3744,0.9042692805633136,1,1,T1486
asset_3745,0.0033104508115333,0,0,T1486
asset_3746,0.0033104508115169,0,0,T1486
asset_3747,0.9042692805633136,1,1,T1486
asset_3748,0.0033104508115333,0,1,T1486
asset_3749,0.0033104457881829,0,1,T1486
asset_3750,0.0033104508114677,0,0,T1486
asset_3751,0.9042692805633136,1,1,T1486
asset_3752,0.0033104508114935,0,1,T1486
asset_3753,0.0033104508115333,0,0,T1486
asset_3754,0.9042692805633136,1,0,T1486
asset_3755,0.9042692805633136,1,0,T1486
asset_3756,0.9042692805633136,1,1,T1486
asset_3757,0.0033104508115225,0,1,T1486
asset_3758,0.9042692805633136,1,1,T1486
asset_3759,0.0033104508115333,0,0,T1486
asset_3760,0.0033104508115333,0,1,T1486
asset_3761,0.9042692805633136,1,1,T1486
asset_3762,0.9042692805633136,1,1,T1486
asset_3763,0.0037873349811709,0,0,T1486
asset_3764,0.9042692805633136,1,0,T1486
asset_3765,0.0033104508115333,0,1,T1486
asset_3766,0.0033104508115333,0,1,T1486
asset_3767,0.9042692805633136,1,0,T1486
asset_3768,0.0033104508115309,0,0,T1486
asset_3769,0.0033104508115271,0,0,T1486
asset_3770,0.9042692805633136,1,0,T1486
asset_3771,0.9042692805633136,1,0,T1486
asset_3772,0.0033104508115167,0,0,T1486
asset_3773,0.0033104508115309,0,0,T1486
asset_3774,0.0033104508115294,0,0,T1486
asset_3775,0.9042692805633136,1,1,T1486
asset_3776,0.0033104508115333,0,1,T1486
asset_3777,0.0033104508115225,0,0,T1486
asset_3778,0.9042692805633136,1,0,T1486
asset_3779,0.9042692805633136,1,1,T1486
asset_3780,0.9042692805633136,1,0,T1486
asset_3781,0.9042692805633136,1,1,T1486
asset_3782,0.0033104508115333,0,0,T1486
asset_3783,0.0033104508115333,0,0,T1486
asset_3784,0.9042692805633136,1,1,T1486
asset_3785,0.0033104508115309,0,0,T1486
asset_3786,0.9042692805633136,1,0,T1486
asset_3787,0.0033104508115333,0,0,T1486
asset_3788,0.9042692805633136,1,1,T1486
asset_3789,0.9042692805633136,1,1,T1486
asset_3790,0.9042692805633136,1,0,T1486
asset_3791,0.9042692805633136,1,1,T1486
asset_3792,0.9042692805633136,1,1,T1486
asset_3793,0.9042692805633136,1,0,T1486
asset_3794,0.0034876895568891,0,0,T1486
asset_3795,0.9042692805633136,1,0,T1486
asset_3796,0.0033104508115333,0,0,T1486
asset_3797,0.9042692805633136,1,0,T1486
asset_3798,0.9042692805633136,1,0,T1486
asset_3799,0.0033104508115309,0,1,T1486
asset_3800,0.9042692805633136,1,0,T1486
asset_3801,0.9042692805633136,1,0,T1486
asset_3802,0.0033104508115205,0,1,T1486
asset_3803,0.0033104490923377,0,1,T1486
asset_3804,0.9042692805633136,1,0,T1486
asset_3805,0.0033454389830932,0,1,T1486
asset_3806,0.9042692805633136,1,0,T1486
asset_3807,0.9042692805633136,1,0,T1486
asset_3808,0.0033104508115333,0,1,T1486
asset_3809,0.9042692805633136,1,0,T1486
asset_3810,0.9042692805633136,1,0,T1486
asset_3811,0.9042692805633136,1,0,T1486
asset_3812,0.0033104508115333,0,1,T1486
asset_3813,0.9042692805633136,1,1,T1486
asset_3814,0.9042692805633136,1,0,T1486
asset_3815,0.0033104508115333,0,1,T1486
asset_3816,0.0033104508115333,0,1,T1486
asset_3817,0.0033104508115146,0,0,T1486
asset_3818,0.0033104508115333,0,1,T1486
asset_3819,0.0033104508115333,0,0,T1486
asset_3820,0.0033104508115333,0,0,T1486
asset_3821,0.0033104508115333,0,0,T1486
asset_3822,0.0033104508115333,0,0,T1486
asset_3823,0.0033104508115333,0,1,T1486
asset_3824,0.9042692805633136,1,1,T1486
asset_3825,0.9042692805633136,1,0,T1486
asset_3826,0.0033104508115333,0,0,T1486
asset_3827,0.0033104508115868,0,1,T1486
asset_3828,0.0033104508115333,0,1,T1486
asset_3829,0.9042692805633136,1,0,T1486
asset_3830,0.0033104508115333,0,0,T1486
asset_3831,0.9042692805633136,1,0,T1486
asset_3832,0.0033104508114785,0,1,T1486
asset_3833,0.0033104508115333,0,0,T1486
asset_3834,0.9042692805633136,1,0,T1486
asset_3835,0.0033104508115333,0,0,T1486
asset_3836,0.0033104508115046,0,0,T1486
asset_3837,0.0033104508115333,0,1,T1486
asset_3838,0.0033104508117248,0,0,T1486
asset_3839,0.9042692805633136,1,0,T1486
asset_3840,0.9042692805633136,1,1,T1486
asset_3841,0.0033104508115333,0,0,T1486
asset_3842,0.9042692805633136,1,1,T1486
asset_3843,0.0033104508115333,0,1,T1486
asset_3844,0.9042692805633136,1,1,T1486
asset_3845,0.9042692805633136,1,0,T1486
asset_3846,0.0033104508115333,0,0,T1486
asset_3847,0.0033104508115186,0,0,T1486
asset_3848,0.0033104508115333,0,0,T1486
asset_3849,0.9042692805633136,1,0,T1486
asset_3850,0.9042692805633136,1,1,T1486
asset_3851,0.9042692805633136,1,0,T1486
asset_3852,0.9042692805633136,1,1,T1486
asset_3853,0.9042692805633136,1,1,T1486
asset_3854,0.0033104508115333,0,1,T1486
asset_3855,0.0033104508115333,0,0,T1486
asset_3856,0.0033104508115205,0,0,T1486
asset_3857,0.9042692805633136,1,1,T1486
asset_3858,0.9042692805633136,1,0,T1486
asset_3859,0.0033104508114785,0,0,T1486
asset_3860,0.0033104508114618,0,0,T1486
asset_3861,0.9042692805633136,1,0,T1486
asset_3862,0.0033104508115333,0,1,T1486
asset_3863,0.0033104508115333,0,0,T1486
asset_3864,0.9042692805633136,1,0,T1486
asset_3865,0.0033104508115333,0,1,T1486
asset_3866,0.0033104508115294,0,1,T1486
asset_3867,0.9042692805633136,1,0,T1486
asset_3868,0.0033104508115205,0,1,T1486
asset_3869,0.0033104508115333,0,1,T1486
asset_3870,0.9042692805633136,1,0,T1486
asset_3871,0.9042692805633136,1,1,T1486
asset_3872,0.0033104508115868,0,0,T1486
asset_3873,0.9042692805633136,1,1,T1486
asset_3874,0.9042692805633136,1,0,T1486
asset_3875,0.0033104508115333,0,1,T1486
asset_3876,0.0033104508115186,0,0,T1486
asset_3877,0.0033104508115333,0,1,T1486
asset_3878,0.9042692805633136,1,0,T1486
asset_3879,0.9042692805633136,1,0,T1486
asset_3880,0.9042692805633136,1,0,T1486
asset_3881,0.0033104508115333,0,0,T1486
asset_3882,0.0033104508115333,0,0,T1486
asset_3883,0.0033104472641503,0,0,T1486
asset_3884,0.9042692805633136,1,0,T1486
asset_3885,0.0033104508115205,0,1,T1486
asset_3886,0.0033104508115309,0,0,T1486
asset_3887,0.0033104508115333,0,1,T1486
asset_3888,0.9042692805633136,1,1,T1486
asset_3889,0.9042692805633136,1,1,T1486
asset_3890,0.9042692805633136,1,0,T1486
asset_3891,0.9042692805633136,1,1,T1486
asset_3892,0.9042692805633136,1,0,T1486
asset_3893,0.0033104508115333,0,0,T1486
asset_3894,0.9042692805633136,1,0,T1486
asset_3895,0.0033104508115333,0,0,T1486
asset_3896,0.9042692805633136,1,1,T1486
asset_3897,0.0033104508115333,0,1,T1486
asset_3898,0.9042692805633136,1,0,T1486
asset_3899,0.0033104508115333,0,1,T1486
asset_3900,0.0033104508115333,0,0,T1486
asset_3901,0.0033804806989038,0,1,T1486
asset_3902,0.9042692805633136,1,0,T1486
asset_3903,0.0033104508114508,0,0,T1486
asset_3904,0.0033104508115333,0,0,T1486
asset_3905,0.9042692805633136,1,1,T1486
asset_3906,0.9042692805633136,1,0,T1486
asset_3907,0.0033104508115333,0,0,T1486
asset_3908,0.0033104508115061,0,0,T1486
asset_3909,0.0033104508115333,0,1,T1486
asset_3910,0.0033104508115333,0,0,T1486
asset_3911,0.9042692805633136,1,0,T1486
asset_3912,0.9042692805633136,1,1,T1486
asset_3913,0.9042692805633136,1,1,T1486
asset_3914,0.0033104508115248,0,1,T1486
asset_3915,0.9042692805633136,1,0,T1486
asset_3916,0.0033104508115333,0,1,T1486
asset_3917,0.9042692805633136,1,1,T1486
asset_3918,0.0033104508115333,0,1,T1486
asset_3919,0.9042692805633136,1,0,T1486
asset_3920,0.0033104508115271,0,1,T1486
asset_3921,0.0033104508115333,0,1,T1486
asset_3922,0.0033104508115333,0,1,T1486
asset_3923,0.0033104508115868,0,1,T1486
asset_3924,0.0033104508115333,0,0,T1486
asset_3925,0.9042692805633136,1,0,T1486
asset_3926,0.0033104508115333,0,1,T1486
asset_3927,0.0033104508115294,0,0,T1486
asset_3928,0.0033104508115333,0,0,T1486
asset_3929,0.0037873349811709,0,1,T1486
asset_3930,0.0033104508115869,0,0,T1486
asset_3931,0.0033104508115333,0,0,T1486
asset_3932,0.0033104508115163,0,1,T1486
asset_3933,0.0033104508115333,0,0,T1486
asset_3934,0.9042692805633136,1,0,T1486
asset_3935,0.9042692805633136,1,0,T1486
asset_3936,0.0033104508115333,0,0,T1486
asset_3937,0.0033104508115784,0,0,T1486
asset_3938,0.0033104508115333,0,0,T1486
asset_3939,0.9042692805633136,1,1,T1486
asset_3940,0.9042692805633136,1,0,T1486
asset_3941,0.0033104508118171,0,1,T1486
asset_3942,0.0033454389820513,0,0,T1486
asset_3943,0.0033104508115333,0,0,T1486
asset_3944,0.003310450811489,0,1,T1486
asset_3945,0.0033104508115333,0,0,T1486
asset_3946,0.9042692805633136,1,0,T1486
asset_3947,0.9042692805633136,1,1,T1486
asset_3948,0.0033104508115333,0,0,T1486
asset_3949,0.9042692805633136,1,1,T1486
asset_3950,0.0033104508115309,0,1,T1486
asset_3951,0.9042692805633136,1,1,T1486
asset_3952,0.0033104508115333,0,0,T1486
asset_3953,0.0033104508115333,0,0,T1486
asset_3954,0.0033104508116792,0,0,T1486
asset_3955,0.9042692805633136,1,1,T1486
asset_3956,0.0033104508115225,0,1,T1486
asset_3957,0.0033104508114616,0,1,T1486
asset_3958,0.0033104508115316,0,1,T1486
asset_3959,0.9042692805633136,1,0,T1486
asset_3960,0.9042692805633136,1,1,T1486
asset_3961,0.0033104508114623,0,0,T1486
asset_3962,0.9042692805633136,1,1,T1486
asset_3963,0.0033104508115333,0,0,T1486
asset_3964,0.9042692805633136,1,0,T1486
asset_3965,0.9042692805633136,1,0,T1486
asset_3966,0.0033104508115333,0,1,T1486
asset_3967,0.0033104508115333,0,0,T1486
asset_3968,0.9042692805633136,1,1,T1486
asset_3969,0.9042692805633136,1,0,T1486
asset_3970,0.0033104508115225,0,0,T1486
asset_3971,0.9042692805633136,1,0,T1486
asset_3972,0.9042692805633136,1,0,T1486
asset_3973,0.9042692805633136,1,0,T1486
asset_3974,0.9042692805633136,1,1,T1486
asset_3975,0.9042692805633136,1,1,T1486
asset_3976,0.9042692805633136,1,1,T1486
asset_3977,0.9042692805633136,1,1,T1486
asset_3978,0.0033104508115333,0,1,T1486
asset_3979,0.9042692805633136,1,0,T1486
asset_3980,0.9042692805633136,1,1,T1486
asset_3981,0.0033104508115333,0,1,T1486
asset_3982,0.9042692805633136,1,1,T1486
asset_3983,0.9042692805633136,1,0,T1486
asset_3984,0.0033104508115333,0,1,T1486
asset_3985,0.9042692805633136,1,1,T1486
asset_3986,0.0033104508115333,0,1,T1486
asset_3987,0.0033104508115333,0,1,T1486
asset_3988,0.0033104508115333,0,0,T1486
asset_3989,0.9042692805633136,1,0,T1486
asset_3990,0.0033104508115333,0,0,T1486
asset_3991,0.0033104508115333,0,1,T1486
asset_3992,0.0033104508115225,0,0,T1486
asset_3993,0.9042692805633136,1,0,T1486
asset_3994,0.9042692805633136,1,0,T1486
asset_3995,0.0033104508115333,0,1,T1486
asset_3996,0.9042692805633136,1,0,T1486
asset_3997,0.0033104508115333,0,0,T1486
asset_3998,0.9042692805633136,1,1,T1486
asset_3999,0.0033104508115869,0,1,T1486
asset_4000,0.9042692805633136,1,0,T1486
asset_4001,0.9042692805633136,1,0,T1486
asset_4002,0.9042692805633136,1,0,T1486
asset_4003,0.0033104508115868,0,1,T1486
asset_4004,0.9042692805633136,1,0,T1486
asset_4005,0.9042692805633136,1,1,T1486
asset_4006,0.9042692805633136,1,1,T1486
asset_4007,0.0033104508115333,0,0,T1486
asset_4008,0.0033104508115309,0,0,T1486
asset_4009,0.9042692805633136,1,1,T1486
asset_4010,0.9042692805633136,1,1,T1486
asset_4011,0.9042692805633136,1,1,T1486
asset_4012,0.0033104508115333,0,0,T1486
asset_4013,0.0038345488388173,0,1,T1486
asset_4014,0.9042692805633136,1,1,T1486
asset_4015,0.9042692805633136,1,1,T1486
asset_4016,0.0033104508115333,0,0,T1486
asset_4017,0.0033104508115333,0,1,T1486
asset_4018,0.9042692805633136,1,0,T1486
asset_4019,0.0033104508115201,0,0,T1486
asset_4020,0.0033454389816956,0,0,T1486
asset_4021,0.0033104508129547,0,0,T1486
asset_4022,0.0033104508115309,0,1,T1486
asset_4023,0.0033104508115333,0,1,T1486
asset_4024,0.0033104508115333,0,0,T1486
asset_4025,0.0033104508115225,0,0,T1486
asset_4026,0.0033104508115869,0,1,T1486
asset_4027,0.0033104508115225,0,1,T1486
asset_4028,0.0033104508115333,0,0,T1486
asset_4029,0.9042692805633136,1,1,T1486
asset_4030,0.9042692805633136,1,0,T1486
asset_4031,0.9042692805633136,1,1,T1486
asset_4032,0.0033104508115333,0,0,T1486
asset_4033,0.0033104508115294,0,1,T1486
asset_4034,0.9042692805633136,1,1,T1486
asset_4035,0.9042692805633136,1,0,T1486
asset_4036,0.9042692805633136,1,1,T1486
asset_4037,0.9042692805633136,1,0,T1486
asset_4038,0.9042692805633136,1,1,T1486
asset_4039,0.9042692805633136,1,0,T1486
asset_4040,0.9042692805633136,1,1,T1486
asset_4041,0.0033104508115205,0,1,T1486
asset_4042,0.0033104508115333,0,0,T1486
asset_4043,0.9042692805633136,1,0,T1486
asset_4044,0.9042692805633136,1,0,T1486
asset_4045,0.003310450811521,0,1,T1486
asset_4046,0.0033104508115309,0,0,T1486
asset_4047,0.0033104508115333,0,0,T1486
asset_4048,0.9042692805633136,1,1,T1486
asset_4049,0.9042692805633136,1,0,T1486
asset_4050,0.9042692805633136,1,1,T1486
asset_4051,0.0033104490923377,0,0,T1486
asset_4052,0.9042692805633136,1,0,T1486
asset_4053,0.0033104508115169,0,1,T1486
asset_4054,0.9042692805633136,1,1,T1486
asset_4055,0.9042692805633136,1,1,T1486
asset_4056,0.9042692805633136,1,1,T1486
asset_4057,0.9042692805633136,1,1,T1486
asset_4058,0.9042692805633136,1,0,T1486
asset_4059,0.0033104508115309,0,0,T1486
asset_4060,0.9042692805633136,1,0,T1486
asset_4061,0.9042692805633136,1,0,T1486
asset_4062,0.9042692805633136,1,1,T1486
asset_4063,0.0033104508115333,0,0,T1486
asset_4064,0.9042692805633136,1,1,T1486
asset_4065,0.9042692805633136,1,1,T1486
asset_4066,0.9042692805633136,1,1,T1486
asset_4067,0.0033104508115333,0,0,T1486
asset_4068,0.9042692805633136,1,0,T1486
asset_4069,0.9042692805633136,1,0,T1486
asset_4070,0.0033104508115333,0,1,T1486
asset_4071,0.9042692805633136,1,1,T1486
asset_4072,0.9042692805633136,1,1,T1486
asset_4073,0.0033104508115225,0,0,T1486
asset_4074,0.0033104508115868,0,1,T1486
asset_4075,0.9042692805633136,1,1,T1486
asset_4076,0.9042692805633136,1,0,T1486
asset_4077,0.0033104508115058,0,0,T1486
asset_4078,0.9042692805633136,1,1,T1486
asset_4079,0.9042692805633136,1,1,T1486
asset_4080,0.9042692805633136,1,1,T1486
asset_4081,0.9042692805633136,1,0,T1486
asset_4082,0.0033104508115333,0,1,T1486
asset_4083,0.0033104508115333,0,1,T1486
asset_4084,0.0033104508115309,0,1,T1486
asset_4085,0.9042692805633136,1,1,T1486
asset_4086,0.9042692805633136,1,1,T1486
asset_4087,0.0033104508115333,0,1,T1486
asset_4088,0.0033104508114616,0,1,T1486
asset_4089,0.0033104508115186,0,1,T1486
asset_4090,0.0033104508115294,0,0,T1486
asset_4091,0.9042692805633136,1,0,T1486
asset_4092,0.9042692805633136,1,1,T1486
asset_4093,0.0033104508115333,0,0,T1486
asset_4094,0.0033104508115333,0,0,T1486
asset_4095,0.9042692805633136,1,0,T1486
asset_4096,0.9042692805633136,1,0,T1486
asset_4097,0.0033104508115868,0,0,T1486
asset_4098,0.9042692805633136,1,0,T1486
asset_4099,0.0033104508115309,0,1,T1486
asset_4100,0.9042692805633136,1,0,T1486
asset_4101,0.9042692805633136,1,1,T1486
asset_4102,0.0033804806989038,0,0,T1486
asset_4103,0.0033104508115333,0,1,T1486
asset_4104,0.0033104508115049,0,0,T1486
asset_4105,0.0033104508115333,0,1,T1486
asset_4106,0.0033104508115225,0,1,T1486
asset_4107,0.9042692805633136,1,0,T1486
asset_4108,0.0033104508115333,0,0,T1486
asset_4109,0.9042692805633136,1,1,T1486
asset_4110,0.0033104508115058,0,1,T1486
asset_4111,0.0033104508115318,0,1,T1486
asset_4112,0.0033104508115333,0,0,T1486
asset_4113,0.0033104508115333,0,0,T1486
asset_4114,0.003310450811523,0,1,T1486
asset_4115,0.0033104508115333,0,0,T1486
asset_4116,0.0033804652151763,0,0,T1486
asset_4117,0.003310450812075,0,0,T1486
asset_4118,0.0033104508115333,0,0,T1486
asset_4119,0.9042692805633136,1,1,T1486
asset_4120,0.9042692805633136,1,1,T1486
asset_4121,0.9042692805633136,1,0,T1486
asset_4122,0.9042692805633136,1,0,T1486
asset_4123,0.9042692805633136,1,0,T1486
asset_4124,0.0033104508129547,0,0,T1486
asset_4125,0.9042692805633136,1,0,T1486
asset_4126,0.0033104508115271,0,1,T1486
asset_4127,0.9042692805633136,1,0,T1486
asset_4128,0.0033104508115333,0,0,T1486
asset_4129,0.0033104508115307,0,1,T1486
asset_4130,0.0033454389830932,0,0,T1486
asset_4131,0.0033104508114785,0,1,T1486
asset_4132,0.9042692805633136,1,0,T1486
asset_4133,0.0033104508115333,0,0,T1486
asset_4134,0.0033104508115333,0,1,T1486
asset_4135,0.0033104508115333,0,0,T1486
asset_4136,0.9042692805633136,1,1,T1486
asset_4137,0.0033104508115284,0,0,T1486
asset_4138,0.9042692805633136,1,1,T1486
asset_4139,0.9042692805633136,1,1,T1486
asset_4140,0.0033104508115333,0,1,T1486
asset_4141,0.0033104508115309,0,1,T1486
asset_4142,0.0033104457881829,0,0,T1486
asset_4143,0.0033104497484606,0,1,T1486
asset_4144,0.9042692805633136,1,0,T1486
asset_4145,0.9042692805633136,1,0,T1486
asset_4146,0.0033104508115333,0,0,T1486
asset_4147,0.9042692805633136,1,0,T1486
asset_4148,0.0033104508115225,0,0,T1486
asset_4149,0.9042692805633136,1,0,T1486
asset_4150,0.0033104508115225,0,0,T1486
asset_4151,0.9042692805633136,1,0,T1486
asset_4152,0.9042692805633136,1,0,T1486
asset_4153,0.9042692805633136,1,0,T1486
asset_4154,0.9042692805633136,1,0,T1486
asset_4155,0.9042692805633136,1,0,T1486
asset_4156,0.0033104508115309,0,0,T1486
asset_4157,0.9042692805633136,1,1,T1486
asset_4158,0.0033104508115333,0,0,T1486
asset_4159,0.0033104508122665,0,0,T1486
asset_4160,0.9042692805633136,1,1,T1486
asset_4161,0.9042692805633136,1,0,T1486
asset_4162,0.9042692805633136,1,0,T1486
asset_4163,0.0033104508115333,0,0,T1486
asset_4164,0.0033104508115099,0,0,T1486
asset_4165,0.9042692805633136,1,1,T1486
asset_4166,0.9042692805633136,1,0,T1486
asset_4167,0.0033104508115333,0,1,T1486
asset_4168,0.0033104508115333,0,1,T1486
asset_4169,0.0033104508115333,0,1,T1486
asset_4170,0.9042692805633136,1,0,T1486
asset_4171,0.0033104508115333,0,0,T1486
asset_4172,0.9042692805633136,1,1,T1486
asset_4173,0.9042692805633136,1,0,T1486
asset_4174,0.0033104508115309,0,0,T1486
asset_4175,0.9042692805633136,1,1,T1486
asset_4176,0.0033104508115333,0,0,T1486
asset_4177,0.0033104508115061,0,0,T1486
asset_4178,0.0033104508115294,0,0,T1486
asset_4179,0.0033104508115333,0,1,T1486
asset_4180,0.9042692805633136,1,0,T1486
asset_4181,0.0033104508115333,0,0,T1486
asset_4182,0.0033104508114616,0,0,T1486
asset_4183,0.0033104508115205,0,0,T1486
asset_4184,0.9042692805633136,1,0,T1486
asset_4185,0.0033104508115333,0,1,T1486
asset_4186,0.9042692805633136,1,1,T1486
asset_4187,0.0033104508115333,0,0,T1486
asset_4188,0.9042692805633136,1,1,T1486
asset_4189,0.9042692805633136,1,1,T1486
asset_4190,0.0033104508115333,0,1,T1486
asset_4191,0.9042692805633136,1,1,T1486
asset_4192,0.0033104508115333,0,1,T1486
asset_4193,0.0033104508115333,0,0,T1486
asset_4194,0.9042692805633136,1,1,T1486
asset_4195,0.0033104508114508,0,0,T1486
asset_4196,0.9042692805633136,1,1,T1486
asset_4197,0.0033104508115309,0,1,T1486
asset_4198,0.9042692805633136,1,1,T1486
asset_4199,0.0033104508115333,0,0,T1486
asset_4200,0.0033104508115318,0,0,T1486
asset_4201,0.0033104508115333,0,1,T1486
asset_4202,0.0033104508115271,0,1,T1486
asset_4203,0.0033104508115333,0,1,T1486
asset_4204,0.0033104508115333,0,0,T1486
asset_4205,0.0033104508115333,0,1,T1486
asset_4206,0.0033104508115333,0,1,T1486
asset_4207,0.9042692805633136,1,0,T1486
asset_4208,0.0033104508115333,0,1,T1486
asset_4209,0.9042692805633136,1,1,T1486
asset_4210,0.9042692805633136,1,0,T1486
asset_4211,0.9042692805633136,1,1,T1486
asset_4212,0.9042692805633136,1,1,T1486
asset_4213,0.0033104508115333,0,0,T1486
asset_4214,0.0033104508115061,0,0,T1486
asset_4215,0.9042692805633136,1,1,T1486
asset_4216,0.9042692805633136,1,1,T1486
asset_4217,0.9042692805633136,1,0,T1486
asset_4218,0.0033104508115201,0,1,T1486
asset_4219,0.0033104508115333,0,0,T1486
asset_4220,0.0033104508114616,0,1,T1486
asset_4221,0.9042692805633136,1,0,T1486
asset_4222,0.9042692805633136,1,0,T1486
asset_4223,0.9042692805633136,1,0,T1486
asset_4224,0.0033454389820513,0,0,T1486
asset_4225,0.003310450811466,0,0,T1486
asset_4226,0.0033104508115333,0,0,T1486
asset_4227,0.9042692805633136,1,1,T1486
asset_4228,0.0033104508115868,0,0,T1486
asset_4229,0.0033104508115333,0,0,T1486
asset_4230,0.0033104508115333,0,0,T1486
asset_4231,0.0033104508115205,0,0,T1486
asset_4232,0.0033104499674198,0,1,T1486
asset_4233,0.9042692805633136,1,0,T1486
asset_4234,0.9042692805633136,1,1,T1486
asset_4235,0.9042692805633136,1,0,T1486
asset_4236,0.0033104508115333,0,0,T1486
asset_4237,0.0033104499672667,0,0,T1486
asset_4238,0.9042692805633136,1,0,T1486
asset_4239,0.003310450811489,0,1,T1486
asset_4240,0.0033104508115333,0,0,T1486
asset_4241,0.9042692805633136,1,0,T1486
asset_4242,0.9042692805633136,1,0,T1486
asset_4243,0.0033104508115333,0,1,T1486
asset_4244,0.0033104508115293,0,0,T1486
asset_4245,0.0033104508115333,0,0,T1486
asset_4246,0.9042692805633136,1,1,T1486
asset_4247,0.0033104508115843,0,0,T1486
asset_4248,0.0033104508115196,0,1,T1486
asset_4249,0.9042692805633136,1,1,T1486
asset_4250,0.9042692805633136,1,1,T1486
asset_4251,0.9042692805633136,1,0,T1486
asset_4252,0.003310450812075,0,1,T1486
asset_4253,0.9042692805633136,1,0,T1486
asset_4254,0.0033104508115333,0,0,T1486
asset_4255,0.0033104508115309,0,0,T1486
asset_4256,0.9042692805633136,1,1,T1486
asset_4257,0.0033104508115225,0,1,T1486
asset_4258,0.0033104508115869,0,1,T1486
asset_4259,0.0033104508114623,0,0,T1486
asset_4260,0.9042692805633136,1,0,T1486
asset_4261,0.0033104508115205,0,0,T1486
asset_4262,0.0033104508115333,0,0,T1486
asset_4263,0.0033104508115333,0,0,T1486
asset_4264,0.9042692805633136,1,0,T1486
asset_4265,0.0033104508115333,0,1,T1486
asset_4266,0.0033104508115318,0,0,T1486
asset_4267,0.9042692805633136,1,0,T1486
asset_4268,0.0033104508114893,0,0,T1486
asset_4269,0.0033104508115333,0,1,T1486
asset_4270,0.0033104508115869,0,1,T1486
asset_4271,0.9042692805633136,1,0,T1486
asset_4272,0.0033104508115333,0,0,T1486
asset_4273,0.9042692805633136,1,1,T1486
asset_4274,0.0033104508115333,0,0,T1486
asset_4275,0.9042692805633136,1,0,T1486
asset_4276,0.9042692805633136,1,0,T1486
asset_4277,0.0033104508114889,0,0,T1486
asset_4278,0.0033104508115333,0,1,T1486
asset_4279,0.0033104508115225,0,0,T1486
asset_4280,0.0033104508115333,0,1,T1486
asset_4281,0.003310450811489,0,0,T1486
asset_4282,0.0033104508115284,0,1,T1486
asset_4283,0.9042692805633136,1,1,T1486
asset_4284,0.9042692805633136,1,0,T1486
asset_4285,0.0033104508115205,0,1,T1486
asset_4286,0.9042692805633136,1,1,T1486
asset_4287,0.9042692805633136,1,0,T1486
asset_4288,0.0033104508115205,0,0,T1486
asset_4289,0.0033104508115333,0,0,T1486
asset_4290,0.003345437918551,0,1,T1486
asset_4291,0.9042692805633136,1,0,T1486
asset_4292,0.0033104508115333,0,1,T1486
asset_4293,0.0033104508115205,0,1,T1486
asset_4294,0.9042692805633136,1,1,T1486
asset_4295,0.9042692805633136,1,0,T1486
asset_4296,0.0033104508115333,0,1,T1486
asset_4297,0.0033104508115309,0,0,T1486
asset_4298,0.9042692805633136,1,0,T1486
asset_4299,0.9042692805633136,1,0,T1486
asset_4300,0.9042692805633136,1,1,T1486
asset_4301,0.9042692805633136,1,0,T1486
asset_4302,0.9042692805633136,1,0,T1486
asset_4303,0.9042692805633136,1,0,T1486
asset_4304,0.9042692805633136,1,0,T1486
asset_4305,0.9042692805633136,1,0,T1486
asset_4306,0.9042692805633136,1,1,T1486
asset_4307,0.9042692805633136,1,1,T1486
asset_4308,0.003310445788183,0,1,T1486
asset_4309,0.0033104508115333,0,0,T1486
asset_4310,0.9042692805633136,1,1,T1486
asset_4311,0.0033104508115333,0,0,T1486
asset_4312,0.9042692805633136,1,1,T1486
asset_4313,0.0033104508115248,0,0,T1486
asset_4314,0.9042692805633136,1,1,T1486
asset_4315,0.9042692805633136,1,0,T1486
asset_4316,0.9042692805633136,1,1,T1486
asset_4317,0.0033104508115333,0,1,T1486
asset_4318,0.0033104508115333,0,1,T1486
asset_4319,0.9042692805633136,1,1,T1486
asset_4320,0.9042692805633136,1,0,T1486
asset_4321,0.0033104508115333,0,1,T1486
asset_4322,0.9042692805633136,1,0,T1486
asset_4323,0.9042692805633136,1,1,T1486
asset_4324,0.0033104508115333,0,0,T1486
asset_4325,0.0033104508115205,0,0,T1486
asset_4326,0.0033104508115205,0,1,T1486
asset_4327,0.9042692805633136,1,1,T1486
asset_4328,0.9042692805633136,1,1,T1486
asset_4329,0.0033104508115333,0,1,T1486
asset_4330,0.0033104508115333,0,0,T1486
asset_4331,0.9042692805633136,1,0,T1486
asset_4332,0.0033104508115333,0,0,T1486
asset_4333,0.9042692805633136,1,0,T1486
asset_4334,0.0033104499672667,0,0,T1486
asset_4335,0.003310450811489,0,1,T1486
asset_4336,0.9042692805633136,1,0,T1486
asset_4337,0.9042692805633136,1,0,T1486
asset_4338,0.0033104508115333,0,0,T1486
asset_4339,0.0033104457881829,0,1,T1486
asset_4340,0.003345430014826,0,1,T1486
asset_4341,0.0033104508115097,0,1,T1486
asset_4342,0.9042692805633136,1,1,T1486
asset_4343,0.9042692805633136,1,0,T1486
asset_4344,0.0033104508119878,0,0,T1486
asset_4345,0.0033104508115333,0,1,T1486
asset_4346,0.9042692805633136,1,1,T1486
asset_4347,0.0033104508115284,0,0,T1486
asset_4348,0.0033454904089115,0,1,T1486
asset_4349,0.0033104508115333,0,1,T1486
asset_4350,0.0033104508115333,0,1,T1486
asset_4351,0.9042692805633136,1,1,T1486
asset_4352,0.0033104508115333,0,0,T1486
asset_4353,0.9042692805633136,1,0,T1486
asset_4354,0.0033104508115869,0,0,T1486
asset_4355,0.0033104508115097,0,0,T1486
asset_4356,0.9042692805633136,1,1,T1486
asset_4357,0.0033104508115333,0,0,T1486
asset_4358,0.9042692805633136,1,1,T1486
asset_4359,0.0033104508115333,0,1,T1486
asset_4360,0.9042692805633136,1,1,T1486
asset_4361,0.9042692805633136,1,1,T1486
asset_4362,0.9042692805633136,1,0,T1486
asset_4363,0.0033104508115333,0,0,T1486
asset_4364,0.0033104508115333,0,0,T1486
asset_4365,0.9042692805633136,1,0,T1486
asset_4366,0.0033104508115333,0,0,T1486
asset_4367,0.9042692805633136,1,1,T1486
asset_4368,0.0033104508115333,0,0,T1486
asset_4369,0.9042692805633136,1,1,T1486
asset_4370,0.0033104508115868,0,1,T1486
asset_4371,0.0033104508115333,0,0,T1486
asset_4372,0.9042692805633136,1,1,T1486
asset_4373,0.9042692805633136,1,0,T1486
asset_4374,0.9042692805633136,1,0,T1486
asset_4375,0.0033104508115225,0,0,T1486
asset_4376,0.0033104508115318,0,0,T1486
asset_4377,0.0033104508115333,0,0,T1486
asset_4378,0.0033104508115333,0,0,T1486
asset_4379,0.0033104508115333,0,0,T1486
asset_4380,0.9042692805633136,1,1,T1486
asset_4381,0.0033104508118171,0,1,T1486
asset_4382,0.0033104508115333,0,0,T1486
asset_4383,0.0033104508115333,0,1,T1486
asset_4384,0.0033104508115225,0,0,T1486
asset_4385,0.9042692805633136,1,0,T1486
asset_4386,0.9042692805633136,1,0,T1486
asset_4387,0.0033104500031795,0,1,T1486
asset_4388,0.9042692805633136,1,0,T1486
asset_4389,0.9042692805633136,1,1,T1486
asset_4390,0.0033104508114677,0,0,T1486
asset_4391,0.003310450811489,0,0,T1486
asset_4392,0.9042692805633136,1,0,T1486
asset_4393,0.9042692805633136,1,1,T1486
asset_4394,0.0033104508115333,0,0,T1486
asset_4395,0.9042692805633136,1,0,T1486
asset_4396,0.0033104508115333,0,0,T1486
asset_4397,0.9042692805633136,1,1,T1486
asset_4398,0.9042692805633136,1,0,T1486
asset_4399,0.0033104508115333,0,1,T1486
asset_4400,0.9042692805633136,1,0,T1486
asset_4401,0.0033104508115333,0,1,T1486
asset_4402,0.0033104508115201,0,1,T1486
asset_4403,0.0033104508115333,0,0,T1486
asset_4404,0.0033104508115333,0,1,T1486
asset_4405,0.0033104508115163,0,0,T1486
asset_4406,0.0033104508115333,0,1,T1486
asset_4407,0.9042692805633136,1,1,T1486
asset_4408,0.003310450811489,0,0,T1486
asset_4409,0.0033104508115333,0,1,T1486
asset_4410,0.9042692805633136,1,1,T1486
asset_4411,0.9042692805633136,1,0,T1486
asset_4412,0.9042692805633136,1,1,T1486
asset_4413,0.9042692805633136,1,1,T1486
asset_4414,0.0033104508115333,0,1,T1486
asset_4415,0.0033104508115248,0,0,T1486
asset_4416,0.0033104508115309,0,0,T1486
asset_4417,0.0033104508115309,0,0,T1486
asset_4418,0.9042692805633136,1,0,T1486
asset_4419,0.9042692805633136,1,0,T1486
asset_4420,0.003310450811489,0,1,T1486
asset_4421,0.9042692805633136,1,0,T1486
asset_4422,0.0033104508135067,0,0,T1486
asset_4423,0.9042692805633136,1,1,T1486
asset_4424,0.0033104508115333,0,1,T1486
asset_4425,0.9042692805633136,1,1,T1486
asset_4426,0.9042692805633136,1,1,T1486
asset_4427,0.0033104508115784,0,0,T1486
asset_4428,0.0033104508115309,0,1,T1486
asset_4429,0.0033104508115868,0,0,T1486
asset_4430,0.0033104508115333,0,1,T1486
asset_4431,0.0033104508115333,0,0,T1486
asset_4432,0.9042692805633136,1,0,T1486
asset_4433,0.9042692805633136,1,1,T1486
asset_4434,0.9042692805633136,1,0,T1486
asset_4435,0.0033104508115225,0,1,T1486
asset_4436,0.0033104508115333,0,0,T1486
asset_4437,0.9042692805633136,1,1,T1486
asset_4438,0.9042692805633136,1,0,T1486
asset_4439,0.0033104508115333,0,0,T1486
asset_4440,0.9042692805633136,1,0,T1486
asset_4441,0.9042692805633136,1,1,T1486
asset_4442,0.9042692805633136,1,0,T1486
asset_4443,0.0033104508115333,0,0,T1486
asset_4444,0.0033104508115333,0,1,T1486
asset_4445,0.0033104508115309,0,0,T1486
asset_4446,0.0033104508115061,0,0,T1486
asset_4447,0.9042692805633136,1,0,T1486
asset_4448,0.9042692805633136,1,1,T1486
asset_4449,0.9042692805633136,1,1,T1486
asset_4450,0.9042692805633136,1,1,T1486
asset_4451,0.9042692805633136,1,0,T1486
asset_4452,0.0033104508115333,0,0,T1486
asset_4453,0.9042692805633136,1,0,T1486
asset_4454,0.9042692805633136,1,0,T1486
asset_4455,0.9042692805633136,1,0,T1486
asset_4456,0.0033104508115333,0,0,T1486
asset_4457,0.0033104508115333,0,1,T1486
asset_4458,0.0033104508115046,0,0,T1486
asset_4459,0.0033104508114785,0,0,T1486
asset_4460,0.0033104508115333,0,0,T1486
asset_4461,0.0033104508115869,0,1,T1486
asset_4462,0.9042692805633136,1,0,T1486
asset_4463,0.0033104508115333,0,1,T1486
asset_4464,0.9042692805633136,1,1,T1486
asset_4465,0.9042692805633136,1,0,T1486
asset_4466,0.9042692805633136,1,1,T1486
asset_4467,0.9042692805633136,1,1,T1486
asset_4468,0.0033104508115309,0,1,T1486
asset_4469,0.9042692805633136,1,1,T1486
asset_4470,0.0033104508115225,0,0,T1486
asset_4471,0.9042692805633136,1,0,T1486
asset_4472,0.9042692805633136,1,1,T1486
asset_4473,0.0033104508117248,0,1,T1486
asset_4474,0.9042692805633136,1,1,T1486
asset_4475,0.9042692805633136,1,1,T1486
asset_4476,0.9042692805633136,1,0,T1486
asset_4477,0.0033104508114785,0,0,T1486
asset_4478,0.9042692805633136,1,1,T1486
asset_4479,0.0033454389830932,0,1,T1486
asset_4480,0.9042692805633136,1,1,T1486
asset_4481,0.9042692805633136,1,0,T1486
asset_4482,0.9042692805633136,1,1,T1486
asset_4483,0.0033104490933179,0,0,T1486
asset_4484,0.9042692805633136,1,0,T1486
asset_4485,0.9042692805633136,1,0,T1486
asset_4486,0.9042692805633136,1,1,T1486
asset_4487,0.9042692805633136,1,0,T1486
asset_4488,0.9042692805633136,1,1,T1486
asset_4489,0.9042692805633136,1,1,T1486
asset_4490,0.0033104508115333,0,0,T1486
asset_4491,0.9042692805633136,1,1,T1486
asset_4492,0.0033104508115294,0,0,T1486
asset_4493,0.0033104490923377,0,1,T1486
asset_4494,0.0033104508115318,0,1,T1486
asset_4495,0.9042692805633136,1,0,T1486
asset_4496,0.9042692805633136,1,0,T1486
asset_4497,0.0033104508114856,0,0,T1486
asset_4498,0.9042692805633136,1,0,T1486
asset_4499,0.0033104508115333,0,1,T1486
asset_4500,0.9042692805633136,1,1,T1486
asset_4501,0.0033104508115293,0,0,T1486
asset_4502,0.9042692805633136,1,1,T1486
asset_4503,0.0033104508115333,0,0,T1486
asset_4504,0.0033104508115333,0,1,T1486
asset_4505,0.9042692805633136,1,1,T1486
asset_4506,0.9042692805633136,1,1,T1486
asset_4507,0.0033104508115333,0,0,T1486
asset_4508,0.0033104508115333,0,1,T1486
asset_4509,0.0033104490923377,0,0,T1486
asset_4510,0.0033104508115284,0,1,T1486
asset_4511,0.9042692805633136,1,0,T1486
asset_4512,0.0033104508115333,0,0,T1486
asset_4513,0.9042692805633136,1,1,T1486
asset_4514,0.0033104499674126,0,1,T1486
asset_4515,0.9042692805633136,1,0,T1486
asset_4516,0.9042692805633136,1,0,T1486
asset_4517,0.003310450811466,0,0,T1486
asset_4518,0.9042692805633136,1,1,T1486
asset_4519,0.0033104508115333,0,0,T1486
asset_4520,0.9042692805633136,1,0,T1486
asset_4521,0.9042692805633136,1,0,T1486
asset_4522,0.9042692805633136,1,1,T1486
asset_4523,0.0033104508115333,0,1,T1486
asset_4524,0.9042692805633136,1,0,T1486
asset_4525,0.0033104508115176,0,1,T1486
asset_4526,0.0033104508115333,0,1,T1486
asset_4527,0.9042692805633136,1,1,T1486
asset_4528,0.0033104508115869,0,1,T1486
asset_4529,0.0033104508114889,0,1,T1486
asset_4530,0.9042692805633136,1,0,T1486
asset_4531,0.9042692805633136,1,0,T1486
asset_4532,0.0033104508115333,0,0,T1486
asset_4533,0.0033104508115333,0,1,T1486
asset_4534,0.0033104508115333,0,0,T1486
asset_4535,0.0033104508115333,0,1,T1486
asset_4536,0.0033104508115225,0,1,T1486
asset_4537,0.0033104508115333,0,0,T1486
asset_4538,0.9042692805633136,1,1,T1486
asset_4539,0.9042692805633136,1,0,T1486
asset_4540,0.0033104508115333,0,0,T1486
asset_4541,0.9042692805633136,1,1,T1486
asset_4542,0.9042692805633136,1,0,T1486
asset_4543,0.0033104508115333,0,1,T1486
asset_4544,0.0033104508115205,0,1,T1486
asset_4545,0.0033104508115869,0,0,T1486
asset_4546,0.0033104508115868,0,0,T1486
asset_4547,0.9042692805633136,1,1,T1486
asset_4548,0.0033104508115333,0,1,T1486
asset_4549,0.003310450811489,0,0,T1486
asset_4550,0.9042692805633136,1,1,T1486
asset_4551,0.9042692805633136,1,0,T1486
asset_4552,0.9042692805633136,1,1,T1486
asset_4553,0.9042692805633136,1,0,T1486
asset_4554,0.9042692805633136,1,1,T1486
asset_4555,0.9042692805633136,1,0,T1486
asset_4556,0.9042692805633136,1,1,T1486
asset_4557,0.0033104508115868,0,0,T1486
asset_4558,0.0033104508115333,0,1,T1486
asset_4559,0.0034876736340132,0,1,T1486
asset_4560,0.9042692805633136,1,1,T1486
asset_4561,0.9042692805633136,1,1,T1486
asset_4562,0.0033104508115333,0,1,T1486
asset_4563,0.0033104508115869,0,0,T1486
asset_4564,0.0033104508115333,0,1,T1486
asset_4565,0.9042692805633136,1,1,T1486
asset_4566,0.0033104508115333,0,0,T1486
asset_4567,0.0033104508115225,0,0,T1486
asset_4568,0.9042692805633136,1,1,T1486
asset_4569,0.9042692805633136,1,0,T1486
asset_4570,0.0033104508115294,0,0,T1486
asset_4571,0.0033104508115333,0,1,T1486
asset_4572,0.0033104508115333,0,1,T1486
asset_4573,0.0033104508115333,0,0,T1486
asset_4574,0.9042692805633136,1,1,T1486
asset_4575,0.9042692805633136,1,1,T1486
asset_4576,0.9042692805633136,1,1,T1486
asset_4577,0.9042692805633136,1,1,T1486
asset_4578,0.0033104508115333,0,1,T1486
asset_4579,0.9042692805633136,1,0,T1486
asset_4580,0.0033104508115225,0,0,T1486
asset_4581,0.9042692805633136,1,0,T1486
asset_4582,0.9042692805633136,1,1,T1486
asset_4583,0.9042692805633136,1,0,T1486
asset_4584,0.9042692805633136,1,0,T1486
asset_4585,0.9042692805633136,1,1,T1486
asset_4586,0.9042692805633136,1,0,T1486
asset_4587,0.0033104508115333,0,0,T1486
asset_4588,0.9042692805633136,1,1,T1486
asset_4589,0.0033104508115333,0,0,T1486
asset_4590,0.9042692805633136,1,0,T1486
asset_4591,0.0033104508115333,0,0,T1486
asset_4592,0.0033104508115333,0,0,T1486
asset_4593,0.9042692805633136,1,0,T1486
asset_4594,0.9042692805633136,1,0,T1486
asset_4595,0.9042692805633136,1,1,T1486
asset_4596,0.0033104508115333,0,0,T1486
asset_4597,0.9042692805633136,1,1,T1486
asset_4598,0.0033104508115186,0,0,T1486
asset_4599,0.9042692805633136,1,0,T1486
asset_4600,0.9042692805633136,1,1,T1486
asset_4601,0.9042692805633136,1,0,T1486
asset_4602,0.9042692805633136,1,0,T1486
asset_4603,0.9042692805633136,1,1,T1486
asset_4604,0.9042692805633136,1,0,T1486
asset_4605,0.9042692805633136,1,0,T1486
asset_4606,0.9042692805633136,1,0,T1486
asset_4607,0.0033104508115333,0,1,T1486
asset_4608,0.9042692805633136,1,1,T1486
asset_4609,0.9042692805633136,1,0,T1486
asset_4610,0.0033104508115333,0,0,T1486
asset_4611,0.9042692805633136,1,0,T1486
asset_4612,0.9042692805633136,1,0,T1486
asset_4613,0.0033104508115333,0,0,T1486
asset_4614,0.9042692805633136,1,1,T1486
asset_4615,0.0033104508115333,0,1,T1486
asset_4616,0.9042692805633136,1,0,T1486
asset_4617,0.0033104508115309,0,0,T1486
asset_4618,0.9042692805633136,1,0,T1486
asset_4619,0.0033104508115225,0,0,T1486
asset_4620,0.9042692805633136,1,0,T1486
asset_4621,0.9042692805633136,1,1,T1486
asset_4622,0.9042692805633136,1,1,T1486
asset_4623,0.9042692805633136,1,1,T1486
asset_4624,0.9042692805633136,1,0,T1486
asset_4625,0.0033104508120232,0,1,T1486
asset_4626,0.0033104508115061,0,0,T1486
asset_4627,0.9042692805633136,1,0,T1486
asset_4628,0.9042692805633136,1,0,T1486
asset_4629,0.9042692805633136,1,0,T1486
asset_4630,0.0033104508115309,0,1,T1486
asset_4631,0.9042692805633136,1,0,T1486
asset_4632,0.9042692805633136,1,1,T1486
asset_4633,0.0033104508115333,0,1,T1486
asset_4634,0.0033104508115061,0,0,T1486
asset_4635,0.9042692805633136,1,1,T1486
asset_4636,0.9042692805633136,1,1,T1486
asset_4637,0.9042692805633136,1,0,T1486
asset_4638,0.9042692805633136,1,0,T1486
asset_4639,0.9042692805633136,1,0,T1486
asset_4640,0.0033104508115333,0,1,T1486
asset_4641,0.0033104508115868,0,1,T1486
asset_4642,0.9042692805633136,1,1,T1486
asset_4643,0.9042692805633136,1,1,T1486
asset_4644,0.9042692805633136,1,0,T1486
asset_4645,0.9042692805633136,1,1,T1486
asset_4646,0.9042692805633136,1,0,T1486
asset_4647,0.0033104508115186,0,0,T1486
asset_4648,0.9042692805633136,1,0,T1486
asset_4649,0.0033104508115309,0,0,T1486
asset_4650,0.9042692805633136,1,0,T1486
asset_4651,0.9042692805633136,1,0,T1486
asset_4652,0.9042692805633136,1,1,T1486
asset_4653,0.0033104508115333,0,0,T1486
asset_4654,0.9042692805633136,1,0,T1486
asset_4655,0.0033104508115758,0,0,T1486
asset_4656,0.0033104508114785,0,0,T1486
asset_4657,0.0033104508115271,0,1,T1486
asset_4658,0.9042692805633136,1,1,T1486
asset_4659,0.0033104508115061,0,1,T1486
asset_4660,0.003310450811489,0,1,T1486
asset_4661,0.0033454389817491,0,1,T1486
asset_4662,0.0033104508115169,0,0,T1486
asset_4663,0.9042692805633136,1,0,T1486
asset_4664,0.9042692805633136,1,1,T1486
asset_4665,0.9042692805633136,1,0,T1486
asset_4666,0.9042692805633136,1,1,T1486
asset_4667,0.0033104508115333,0,0,T1486
asset_4668,0.9042692805633136,1,1,T1486
asset_4669,0.0033104508115318,0,1,T1486
asset_4670,0.0033104464221243,0,0,T1486
asset_4671,0.9042692805633136,1,1,T1486
asset_4672,0.0033104508120232,0,0,T1486
asset_4673,0.9042692805633136,1,0,T1486
asset_4674,0.9042692805633136,1,1,T1486
asset_4675,0.003310450811489,0,0,T1486
asset_4676,0.0033104508115869,0,0,T1486
asset_4677,0.9042692805633136,1,0,T1486
asset_4678,0.9042692805633136,1,0,T1486
asset_4679,0.0033104508115333,0,1,T1486
asset_4680,0.9042692805633136,1,1,T1486
asset_4681,0.9042692805633136,1,1,T1486
asset_4682,0.003310450811489,0,0,T1486
asset_4683,0.9042692805633136,1,1,T1486
asset_4684,0.003310450811466,0,0,T1486
asset_4685,0.0033104508115333,0,0,T1486
asset_4686,0.0033104508115097,0,1,T1486
asset_4687,0.9042692805633136,1,0,T1486
asset_4688,0.0033104508115333,0,1,T1486
asset_4689,0.0033104508115058,0,0,T1486
asset_4690,0.9042692805633136,1,0,T1486
asset_4691,0.0033104508115208,0,1,T1486
asset_4692,0.9042692805633136,1,0,T1486
asset_4693,0.9042692805633136,1,1,T1486
asset_4694,0.9042692805633136,1,1,T1486
asset_4695,0.9042692805633136,1,1,T1486
asset_4696,0.9042692805633136,1,1,T1486
asset_4697,0.0033104508115333,0,0,T1486
asset_4698,0.9042692805633136,1,1,T1486
asset_4699,0.003310450811466,0,0,T1486
asset_4700,0.0033104508115333,0,0,T1486
asset_4701,0.9042692805633136,1,1,T1486
asset_4702,0.9042692805633136,1,1,T1486
asset_4703,0.9042692805633136,1,1,T1486
asset_4704,0.9042692805633136,1,1,T1486
asset_4705,0.0033104508115868,0,0,T1486
asset_4706,0.9042692805633136,1,1,T1486
asset_4707,0.9042692805633136,1,0,T1486
asset_4708,0.0033104508115333,0,0,T1486
asset_4709,0.9042692805633136,1,1,T1486
asset_4710,0.0033104508115333,0,1,T1486
asset_4711,0.9042692805633136,1,0,T1486
asset_4712,0.9042692805633136,1,0,T1486
asset_4713,0.0033104508115333,0,0,T1486
asset_4714,0.0033104508114785,0,1,T1486
asset_4715,0.0033104508115333,0,0,T1486
asset_4716,0.9042692805633136,1,1,T1486
asset_4717,0.0033104508115333,0,0,T1486
asset_4718,0.0033104499683465,0,0,T1486
asset_4719,0.9042692805633136,1,0,T1486
asset_4720,0.9042692805633136,1,1,T1486
asset_4721,0.0033104508115333,0,0,T1486
asset_4722,0.0033104508115333,0,0,T1486
asset_4723,0.9042692805633136,1,0,T1486
asset_4724,0.0033104508129547,0,0,T1486
asset_4725,0.9042692805633136,1,0,T1486
asset_4726,0.0033104508115333,0,0,T1486
asset_4727,0.9042692805633136,1,0,T1486
asset_4728,0.0033104508115333,0,1,T1486
asset_4729,0.9042692805633136,1,0,T1486
asset_4730,0.0033104508115869,0,1,T1486
asset_4731,0.9042692805633136,1,0,T1486
asset_4732,0.9042692805633136,1,1,T1486
asset_4733,0.0033104508114623,0,0,T1486
asset_4734,0.9042692805633136,1,0,T1486
asset_4735,0.0033104508115205,0,1,T1486
asset_4736,0.0033104508115333,0,0,T1486
asset_4737,0.9042692805633136,1,0,T1486
asset_4738,0.9042692805633136,1,1,T1486
asset_4739,0.0033104508114893,0,1,T1486
asset_4740,0.0033104508115333,0,0,T1486
asset_4741,0.0033104508115294,0,1,T1486
asset_4742,0.9042692805633136,1,0,T1486
asset_4743,0.0033104508115333,0,0,T1486
asset_4744,0.0033104508115293,0,1,T1486
asset_4745,0.9042692805633136,1,1,T1486
asset_4746,0.9042692805633136,1,0,T1486
asset_4747,0.9042692805633136,1,1,T1486
asset_4748,0.0033104508115333,0,0,T1486
asset_4749,0.9042692805633136,1,0,T1486
asset_4750,0.9042692805633136,1,0,T1486
asset_4751,0.0033104508114508,0,0,T1486
asset_4752,0.9042692805633136,1,0,T1486
asset_4753,0.0033104508115061,0,1,T1486
asset_4754,0.9042692805633136,1,1,T1486
asset_4755,0.9042692805633136,1,1,T1486
asset_4756,0.0033104508115205,0,0,T1486
asset_4757,0.9042692805633136,1,0,T1486
asset_4758,0.9042692805633136,1,0,T1486
asset_4759,0.9042692805633136,1,0,T1486
asset_4760,0.9042692805633136,1,1,T1486
asset_4761,0.9042692805633136,1,0,T1486
asset_4762,0.9042692805633136,1,1,T1486
asset_4763,0.0033104508115333,0,1,T1486
asset_4764,0.9042692805633136,1,0,T1486
asset_4765,0.0033104508115061,0,1,T1486
asset_4766,0.0033104508114889,0,0,T1486
asset_4767,0.0033104508115333,0,0,T1486
asset_4768,0.9042692805633136,1,0,T1486
asset_4769,0.0033104508115333,0,1,T1486
asset_4770,0.9042692805633136,1,1,T1486
asset_4771,0.0033104508114616,0,0,T1486
asset_4772,0.0033104508115333,0,1,T1486
asset_4773,0.9042692805633136,1,1,T1486
asset_4774,0.9042692805633136,1,0,T1486
asset_4775,0.0033104508114508,0,1,T1486
asset_4776,0.0033104508115309,0,0,T1486
asset_4777,0.0033104508115225,0,0,T1486
asset_4778,0.9042692805633136,1,1,T1486
asset_4779,0.9042692805633136,1,1,T1486
asset_4780,0.9042692805633136,1,0,T1486
asset_4781,0.9042692805633136,1,1,T1486
asset_4782,0.0033104508115225,0,1,T1486
asset_4783,0.0033104508115167,0,0,T1486
asset_4784,0.0033454904089115,0,0,T1486
asset_4785,0.9042692805633136,1,1,T1486
asset_4786,0.0033104508115223,0,1,T1486
asset_4787,0.0033104508115309,0,1,T1486
asset_4788,0.003310445788183,0,0,T1486
asset_4789,0.0033104508115333,0,1,T1486
asset_4790,0.0033104508115309,0,0,T1486
asset_4791,0.0033104508115333,0,1,T1486
asset_4792,0.0033104508115868,0,1,T1486
asset_4793,0.0033104508115333,0,0,T1486
asset_4794,0.9042692805633136,1,0,T1486
asset_4795,0.0033104508115333,0,0,T1486
asset_4796,0.9042692805633136,1,0,T1486
asset_4797,0.0033104508115293,0,0,T1486
asset_4798,0.9042692805633136,1,0,T1486
asset_4799,0.9042692805633136,1,0,T1486
asset_4800,0.9042692805633136,1,1,T1486
asset_4801,0.0033104508115333,0,0,T1486
asset_4802,0.9042692805633136,1,1,T1486
asset_4803,0.9042692805633136,1,0,T1486
asset_4804,0.0033104508115333,0,0,T1486
asset_4805,0.0033104508115333,0,0,T1486
asset_4806,0.9042692805633136,1,1,T1486
asset_4807,0.9042692805633136,1,0,T1486
asset_4808,0.9042692805633136,1,1,T1486
asset_4809,0.9042692805633136,1,1,T1486
asset_4810,0.0033104508114785,0,1,T1486
asset_4811,0.9042692805633136,1,1,T1486
asset_4812,0.9042692805633136,1,0,T1486
asset_4813,0.9042692805633136,1,0,T1486
asset_4814,0.9042692805633136,1,0,T1486
asset_4815,0.9042692805633136,1,0,T1486
asset_4816,0.0033104508114893,0,1,T1486
asset_4817,0.0033104508115333,0,0,T1486
asset_4818,0.9042692805633136,1,1,T1486
asset_4819,0.9042692805633136,1,1,T1486
asset_4820,0.9042692805633136,1,0,T1486
asset_4821,0.9042692805633136,1,1,T1486
asset_4822,0.9042692805633136,1,0,T1486
asset_4823,0.0033104508115205,0,0,T1486
asset_4824,0.9042692805633136,1,1,T1486
asset_4825,0.0033104508115333,0,0,T1486
asset_4826,0.9042692805633136,1,0,T1486
asset_4827,0.9042692805633136,1,0,T1486
asset_4828,0.0033104508115333,0,1,T1486
asset_4829,0.0033104508115868,0,0,T1486
asset_4830,0.0033104508115333,0,1,T1486
asset_4831,0.0033104508115333,0,0,T1486
asset_4832,0.0033104508114616,0,0,T1486
asset_4833,0.9042692805633136,1,0,T1486
asset_4834,0.0033104508115333,0,0,T1486
asset_4835,0.9042692805633136,1,0,T1486
asset_4836,0.0033104508115333,0,1,T1486
asset_4837,0.003310450811489,0,0,T1486
asset_4838,0.9042692805633136,1,0,T1486
asset_4839,0.9042692805633136,1,1,T1486
asset_4840,0.9042692805633136,1,0,T1486
asset_4841,0.0033104508115333,0,0,T1486
asset_4842,0.0033104508115225,0,1,T1486
asset_4843,0.0033104508115333,0,0,T1486
asset_4844,0.0033104508115333,0,1,T1486
asset_4845,0.0033104508115333,0,0,T1486
asset_4846,0.0033104508115868,0,0,T1486
asset_4847,0.9042692805633136,1,0,T1486
asset_4848,0.0033104500031795,0,1,T1486
asset_4849,0.0033104508115055,0,1,T1486
asset_4850,0.0033104508115333,0,1,T1486
asset_4851,0.9042692805633136,1,1,T1486
asset_4852,0.9042692805633136,1,1,T1486
asset_4853,0.9042692805633136,1,0,T1486
asset_4854,0.0033104508115225,0,0,T1486
asset_4855,0.0033104508115333,0,0,T1486
asset_4856,0.9042692805633136,1,1,T1486
asset_4857,0.9042692805633136,1,0,T1486
asset_4858,0.003310450811466,0,0,T1486
asset_4859,0.0033104508115333,0,0,T1486
asset_4860,0.9042692805633136,1,0,T1486
asset_4861,0.9042692805633136,1,1,T1486
asset_4862,0.0033104508115333,0,0,T1486
asset_4863,0.9042692805633136,1,1,T1486
asset_4864,0.9042692805633136,1,0,T1486
asset_4865,0.0033104508115318,0,1,T1486
asset_4866,0.0033104508115333,0,0,T1486
asset_4867,0.0033104508115309,0,1,T1486
asset_4868,0.0033104508115309,0,0,T1486
asset_4869,0.003310450811489,0,0,T1486
asset_4870,0.9042692805633136,1,1,T1486
asset_4871,0.0033104508115021,0,1,T1486
asset_4872,0.9042692805633136,1,0,T1486
asset_4873,0.9042692805633136,1,0,T1486
asset_4874,0.0033104508115097,0,0,T1486
asset_4875,0.0033104508115333,0,0,T1486
asset_4876,0.9042692805633136,1,0,T1486
asset_4877,0.0033104508115205,0,1,T1486
asset_4878,0.9042692805633136,1,1,T1486
asset_4879,0.9042692805633136,1,0,T1486
asset_4880,0.9042692805633136,1,0,T1486
asset_4881,0.9042692805633136,1,1,T1486
asset_4882,0.0033104508115333,0,0,T1486
asset_4883,0.0033104508121311,0,0,T1486
asset_4884,0.0033104508115333,0,1,T1486
asset_4885,0.9042692805633136,1,0,T1486
asset_4886,0.9042692805633136,1,0,T1486
asset_4887,0.9042692805633136,1,0,T1486
asset_4888,0.0033104508135067,0,1,T1486
asset_4889,0.9042692805633136,1,0,T1486
asset_4890,0.0033104508115309,0,0,T1486
asset_4891,0.0033104508115309,0,0,T1486
asset_4892,0.9042692805633136,1,0,T1486
asset_4893,0.0033104508115333,0,0,T1486
asset_4894,0.9042692805633136,1,0,T1486
asset_4895,0.0033104508119878,0,0,T1486
asset_4896,0.9042692805633136,1,0,T1486
asset_4897,0.0033104508115333,0,0,T1486
asset_4898,0.9042692805633136,1,1,T1486
asset_4899,0.0033104508115333,0,1,T1486
asset_4900,0.9042692805633136,1,1,T1486
asset_4901,0.9042692805633136,1,0,T1486
asset_4902,0.0033104508115333,0,0,T1486
asset_4903,0.9042692805633136,1,0,T1486
asset_4904,0.0033104508115333,0,0,T1486
asset_4905,0.0033104508115201,0,1,T1486
asset_4906,0.0033104508115309,0,1,T1486
asset_4907,0.9042692805633136,1,1,T1486
asset_4908,0.9042692805633136,1,0,T1486
asset_4909,0.0033104508115205,0,0,T1486
asset_4910,0.0033104508115333,0,0,T1486
asset_4911,0.9042692805633136,1,1,T1486
asset_4912,0.9042692805633136,1,1,T1486
asset_4913,0.0033104508115294,0,1,T1486
asset_4914,0.0033104508121311,0,0,T1486
asset_4915,0.9042692805633136,1,0,T1486
asset_4916,0.0033104508115169,0,0,T1486
asset_4917,0.9042692805633136,1,1,T1486
asset_4918,0.0033104508115333,0,0,T1486
asset_4919,0.0033104508115333,0,0,T1486
asset_4920,0.9042692805633136,1,1,T1486
asset_4921,0.003310448584853,0,0,T1486
asset_4922,0.0033104508115058,0,1,T1486
asset_4923,0.0033104508114618,0,0,T1486
asset_4924,0.9042692805633136,1,1,T1486
asset_4925,0.0033104508115205,0,1,T1486
asset_4926,0.9042692805633136,1,0,T1486
asset_4927,0.0033104508115333,0,1,T1486
asset_4928,0.0033104508115333,0,1,T1486
asset_4929,0.0033104508115333,0,1,T1486
asset_4930,0.0033104508115309,0,1,T1486
asset_4931,0.0033104508117222,0,0,T1486
asset_4932,0.0033104508115333,0,0,T1486
asset_4933,0.0033104508115294,0,0,T1486
asset_4934,0.0033104508115309,0,1,T1486
asset_4935,0.9042692805633136,1,0,T1486
asset_4936,0.9042692805633136,1,0,T1486
asset_4937,0.9042692805633136,1,1,T1486
asset_4938,0.0033104508115309,0,1,T1486
asset_4939,0.0033104508115333,0,0,T1486
asset_4940,0.9042692805633136,1,0,T1486
asset_4941,0.0033104508115061,0,0,T1486
asset_4942,0.9042692805633136,1,1,T1486
asset_4943,0.0033104508115333,0,1,T1486
asset_4944,0.0033104508114933,0,0,T1486
asset_4945,0.9042692805633136,1,1,T1486
asset_4946,0.0033104508114552,0,1,T1486
asset_4947,0.0033104508115309,0,0,T1486
asset_4948,0.0033104508114933,0,0,T1486
asset_4949,0.9042692805633136,1,0,T1486
asset_4950,0.0033104508115333,0,1,T1486
asset_4951,0.0033104508115055,0,1,T1486
asset_4952,0.0033104508115309,0,1,T1486
asset_4953,0.9042692805633136,1,0,T1486
asset_4954,0.0033104508115333,0,1,T1486
asset_4955,0.9042692805633136,1,1,T1486
asset_4956,0.9042692805633136,1,0,T1486
asset_4957,0.0033104508115284,0,0,T1486
asset_4958,0.0033104508115333,0,0,T1486
asset_4959,0.9042692805633136,1,1,T1486
asset_4960,0.9042692805633136,1,0,T1486
asset_4961,0.0033104508115271,0,1,T1486
asset_4962,0.9042692805633136,1,1,T1486
asset_4963,0.0033104491359077,0,0,T1486
asset_4964,0.0033104508115223,0,1,T1486
asset_4965,0.9042692805633136,1,1,T1486
asset_4966,0.0033104508115333,0,0,T1486
asset_4967,0.9042692805633136,1,0,T1486
asset_4968,0.9042692805633136,1,0,T1486
asset_4969,0.9042692805633136,1,0,T1486
asset_4970,0.003310448584853,0,1,T1486
asset_4971,0.0033104508115333,0,1,T1486
asset_4972,0.0033104508115333,0,1,T1486
asset_4973,0.9042692805633136,1,1,T1486
asset_4974,0.9042692805633136,1,0,T1486
asset_4975,0.9042692805633136,1,1,T1486
asset_4976,0.9042692805633136,1,1,T1486
asset_4977,0.9042692805633136,1,0,T1486
asset_4978,0.9042692805633136,1,0,T1486
asset_4979,0.0033454371183524,0,1,T1486
asset_4980,0.9042692805633136,1,0,T1486
asset_4981,0.9042692805633136,1,1,T1486
asset_4982,0.9042692805633136,1,1,T1486
asset_4983,0.0033104508115309,0,1,T1486
asset_4984,0.9042692805633136,1,0,T1486
asset_4985,0.0033104508114616,0,1,T1486
asset_4986,0.9042692805633136,1,1,T1486
asset_4987,0.9042692805633136,1,0,T1486
asset_4988,0.0033104508115333,0,0,T1486
asset_4989,0.9042692805633136,1,0,T1486
asset_4990,0.0033104508115309,0,1,T1486
asset_4991,0.9042692805633136,1,0,T1486
asset_4992,0.0033104508115333,0,1,T1486
asset_4993,0.9042692805633136,1,0,T1486
asset_4994,0.0033104508115099,0,1,T1486
asset_4995,0.9042692805633136,1,1,T1486
asset_4996,0.9042692805633136,1,1,T1486
asset_4997,0.9042692805633136,1,0,T1486
asset_4998,0.0033104508115333,0,0,T1486
asset_4999,0.0033104508115225,0,0,T1486
asset_5000,0.9042692805633136,1,0,T1486
asset_5001,0.9042692805633136,1,0,T1486
asset_5002,0.0033104508115333,0,1,T1486
asset_5003,0.9042692805633136,1,0,T1486
asset_5004,0.0033104508115333,0,1,T1486
asset_5005,0.9042692805633136,1,1,T1486
asset_5006,0.0033104508115333,0,0,T1486
asset_5007,0.0033104508115333,0,0,T1486
asset_5008,0.0033104389333239,0,0,T1486
asset_5009,0.0033104508115333,0,1,T1486
asset_5010,0.0033104508115205,0,1,T1486
asset_5011,0.0033104464221243,0,0,T1486
asset_5012,0.9042692805633136,1,0,T1486
asset_5013,0.9042692805633136,1,0,T1486
asset_5014,0.9042692805633136,1,0,T1486
asset_5015,0.9042692805633136,1,1,T1486
asset_5016,0.0033104508115309,0,1,T1486
asset_5017,0.0033104508115333,0,0,T1486
asset_5018,0.0033104508115333,0,1,T1486
asset_5019,0.9042692805633136,1,0,T1486
asset_5020,0.9042692805633136,1,0,T1486
asset_5021,0.0033104508115294,0,1,T1486
asset_5022,0.9042692805633136,1,0,T1486
asset_5023,0.0033104508115309,0,0,T1486
asset_5024,0.0033104508115309,0,0,T1486
asset_5025,0.9042692805633136,1,0,T1486
asset_5026,0.9042692805633136,1,1,T1486
asset_5027,0.9042692805633136,1,0,T1486
asset_5028,0.0033104508115309,0,0,T1486
asset_5029,0.0033104508115333,0,0,T1486
asset_5030,0.0033104508135067,0,0,T1486
asset_5031,0.9042692805633136,1,0,T1486
asset_5032,0.9042692805633136,1,1,T1486
asset_5033,0.0033104508115316,0,1,T1486
asset_5034,0.0033104508115333,0,0,T1486
asset_5035,0.0033104508115758,0,1,T1486
asset_5036,0.9042692805633136,1,0,T1486
asset_5037,0.9042692805633136,1,0,T1486
asset_5038,0.9042692805633136,1,1,T1486
asset_5039,0.0033104508115333,0,0,T1486
asset_5040,0.0033104508115869,0,1,T1486
asset_5041,0.9042692805633136,1,1,T1486
asset_5042,0.0033104508115333,0,1,T1486
asset_5043,0.0033104508115333,0,0,T1486
asset_5044,0.9042692805633136,1,1,T1486
asset_5045,0.0033104508115333,0,1,T1486
asset_5046,0.003310450811489,0,0,T1486
asset_5047,0.9042692805633136,1,0,T1486
asset_5048,0.0033104508115333,0,0,T1486
asset_5049,0.9042692805633136,1,0,T1486
asset_5050,0.0033104508115333,0,1,T1486
asset_5051,0.003345430014826,0,0,T1486
asset_5052,0.9042692805633136,1,0,T1486
asset_5053,0.0033104508115333,0,0,T1486
asset_5054,0.9042692805633136,1,0,T1486
asset_5055,0.9042692805633136,1,1,T1486
asset_5056,0.0033104508115333,0,1,T1486
asset_5057,0.0033104508115333,0,1,T1486
asset_5058,0.0033104508115333,0,0,T1486
asset_5059,0.0033104508115333,0,0,T1486
asset_5060,0.0033104508114889,0,0,T1486
asset_5061,0.0033104508115293,0,1,T1486
asset_5062,0.0033104508115225,0,0,T1486
asset_5063,0.9042692805633136,1,1,T1486
asset_5064,0.9042692805633136,1,0,T1486
asset_5065,0.0033104508115333,0,1,T1486
asset_5066,0.9042692805633136,1,0,T1486
asset_5067,0.9042692805633136,1,0,T1486
asset_5068,0.9042692805633136,1,1,T1486
asset_5069,0.0033104508115333,0,0,T1486
asset_5070,0.0033104508114889,0,1,T1486
asset_5071,0.0033104508115333,0,0,T1486
asset_5072,0.0033104508115333,0,0,T1486
asset_5073,0.9042692805633136,1,0,T1486
asset_5074,0.9042692805633136,1,0,T1486
asset_5075,0.9042692805633136,1,1,T1486
asset_5076,0.9042692805633136,1,0,T1486
asset_5077,0.0033104508115333,0,1,T1486
asset_5078,0.0033104508115333,0,0,T1486
asset_5079,0.0033104508115333,0,0,T1486
asset_5080,0.9042692805633136,1,0,T1486
asset_5081,0.0033104508115333,0,0,T1486
asset_5082,0.0033104508115333,0,1,T1486
asset_5083,0.0033104508115333,0,1,T1486
asset_5084,0.9042692805633136,1,1,T1486
asset_5085,0.9042692805633136,1,0,T1486
asset_5086,0.9042692805633136,1,0,T1486
asset_5087,0.9042692805633136,1,0,T1486
asset_5088,0.0033104508115309,0,1,T1486
asset_5089,0.0033104508115333,0,0,T1486
asset_5090,0.9042692805633136,1,0,T1486
asset_5091,0.0033104508115333,0,0,T1486
asset_5092,0.9042692805633136,1,0,T1486
asset_5093,0.0033104508115333,0,0,T1486
asset_5094,0.9042692805633136,1,1,T1486
asset_5095,0.0033104508115309,0,1,T1486
asset_5096,0.0033104508115333,0,0,T1486
asset_5097,0.0033104508115333,0,0,T1486
asset_5098,0.0033104508115333,0,0,T1486
asset_5099,0.9042692805633136,1,1,T1486
asset_5100,0.0033104508115309,0,1,T1486
asset_5101,0.9042692805633136,1,0,T1486
asset_5102,0.9042692805633136,1,0,T1486
asset_5103,0.0033104508115333,0,1,T1486
asset_5104,0.9042692805633136,1,0,T1486
asset_5105,0.9042692805633136,1,0,T1486
asset_5106,0.0033104508114616,0,0,T1486
asset_5107,0.0033104508115333,0,1,T1486
asset_5108,0.0033104508115333,0,1,T1486
asset_5109,0.9042692805633136,1,1,T1486
asset_5110,0.00334543898181,0,1,T1486
asset_5111,0.9042692805633136,1,0,T1486
asset_5112,0.0033104508115333,0,1,T1486
asset_5113,0.0033104508115333,0,0,T1486
asset_5114,0.9042692805633136,1,0,T1486
asset_5115,0.9042692805633136,1,1,T1486
asset_5116,0.9042692805633136,1,0,T1486
asset_5117,0.9042692805633136,1,1,T1486
asset_5118,0.0033104508115333,0,0,T1486
asset_5119,0.9042692805633136,1,1,T1486
asset_5120,0.9042692805633136,1,1,T1486
asset_5121,0.0033104508115293,0,1,T1486
asset_5122,0.0033104508114895,0,1,T1486
asset_5123,0.9042692805633136,1,0,T1486
asset_5124,0.9042692805633136,1,0,T1486
asset_5125,0.0033104508115333,0,1,T1486
asset_5126,0.0033104508117248,0,1,T1486
asset_5127,0.9042692805633136,1,1,T1486
asset_5128,0.9042692805633136,1,1,T1486
asset_5129,0.0033104508115309,0,0,T1486
asset_5130,0.0033104508115318,0,1,T1486
asset_5131,0.0033104508115333,0,1,T1486
asset_5132,0.0033104508115333,0,1,T1486
asset_5133,0.9042692805633136,1,0,T1486
asset_5134,0.0033104508115333,0,0,T1486
asset_5135,0.0033104508115294,0,1,T1486
asset_5136,0.9042692805633136,1,0,T1486
asset_5137,0.0033104508115294,0,0,T1486
asset_5138,0.0033104508115333,0,1,T1486
asset_5139,0.0033104508115333,0,0,T1486
asset_5140,0.9042692805633136,1,0,T1486
asset_5141,0.0033104508115205,0,1,T1486
asset_5142,0.9042692805633136,1,0,T1486
asset_5143,0.0033104499674126,0,0,T1486
asset_5144,0.9042692805633136,1,1,T1486
asset_5145,0.0033104508115333,0,0,T1486
asset_5146,0.0033104508114508,0,1,T1486
asset_5147,0.0033104508115333,0,1,T1486
asset_5148,0.9042692805633136,1,0,T1486
asset_5149,0.0033104508115169,0,1,T1486
asset_5150,0.0033104508115333,0,1,T1486
asset_5151,0.9042692805633136,1,0,T1486
asset_5152,0.0033104508115284,0,1,T1486
asset_5153,0.9042692805633136,1,1,T1486
asset_5154,0.9042692805633136,1,1,T1486
asset_5155,0.9042692805633136,1,0,T1486
asset_5156,0.9042692805633136,1,1,T1486
asset_5157,0.9042692805633136,1,0,T1486
asset_5158,0.0033104508115869,0,0,T1486
asset_5159,0.0033104508115333,0,0,T1486
asset_5160,0.0033104508115333,0,1,T1486
asset_5161,0.0033104508114933,0,1,T1486
asset_5162,0.0033104508115333,0,0,T1486
asset_5163,0.9042692805633136,1,1,T1486
asset_5164,0.0033104508117222,0,0,T1486
asset_5165,0.0033104508115333,0,0,T1486
asset_5166,0.9042692805633136,1,0,T1486
asset_5167,0.9042692805633136,1,1,T1486
asset_5168,0.9042692805633136,1,0,T1486
asset_5169,0.0033104508115869,0,1,T1486
asset_5170,0.0033104508115868,0,0,T1486
asset_5171,0.0033104482481914,0,0,T1486
asset_5172,0.9042692805633136,1,1,T1486
asset_5173,0.9042692805633136,1,1,T1486
asset_5174,0.0033104508115333,0,0,T1486
asset_5175,0.9042692805633136,1,1,T1486
asset_5176,0.0033104508115293,0,0,T1486
asset_5177,0.0033104508115333,0,1,T1486
asset_5178,0.0033104508115333,0,1,T1486
asset_5179,0.9042692805633136,1,0,T1486
asset_5180,0.9042692805633136,1,0,T1486
asset_5181,0.0033104508115333,0,0,T1486
asset_5182,0.9042692805633136,1,0,T1486
asset_5183,0.0033104508114616,0,1,T1486
asset_5184,0.003345437170895,0,0,T1486
asset_5185,0.0033104508115333,0,0,T1486
asset_5186,0.9042692805633136,1,0,T1486
asset_5187,0.0033104508114786,0,0,T1486
asset_5188,0.0033104508115097,0,0,T1486
asset_5189,0.0033104508115333,0,1,T1486
asset_5190,0.0033104508115186,0,0,T1486
asset_5191,0.9042692805633136,1,1,T1486
asset_5192,0.9042692805633136,1,0,T1486
asset_5193,0.0033104508115294,0,0,T1486
asset_5194,0.9042692805633136,1,0,T1486
asset_5195,0.0033104508115186,0,1,T1486
asset_5196,0.9042692805633136,1,1,T1486
asset_5197,0.9042692805633136,1,0,T1486
asset_5198,0.0033104508115333,0,1,T1486
asset_5199,0.9042692805633136,1,0,T1486
asset_5200,0.9042692805633136,1,0,T1486
asset_5201,0.0033104508115333,0,0,T1486
asset_5202,0.9042692805633136,1,0,T1486
asset_5203,0.0033104508115307,0,0,T1486
asset_5204,0.0033104508115868,0,1,T1486
asset_5205,0.0033104508114889,0,0,T1486
asset_5206,0.0033104508115333,0,0,T1486
asset_5207,0.9042692805633136,1,0,T1486
asset_5208,0.9042692805633136,1,0,T1486
asset_5209,0.9042692805633136,1,1,T1486
asset_5210,0.9042692805633136,1,0,T1486
asset_5211,0.9042692805633136,1,0,T1486
asset_5212,0.9042692805633136,1,1,T1486
asset_5213,0.0033104508115333,0,1,T1486
asset_5214,0.9042692805633136,1,0,T1486
asset_5215,0.9042692805633136,1,0,T1486
asset_5216,0.9042692805633136,1,1,T1486
asset_5217,0.9042692805633136,1,0,T1486
asset_5218,0.0033104389333239,0,1,T1486
asset_5219,0.9042692805633136,1,1,T1486
asset_5220,0.0033104468656574,0,0,T1486
asset_5221,0.9042692805633136,1,0,T1486
asset_5222,0.0033104508115284,0,0,T1486
asset_5223,0.9042692805633136,1,0,T1486
asset_5224,0.9042692805633136,1,1,T1486
asset_5225,0.9042692805633136,1,1,T1486
asset_5226,0.0033104508115225,0,1,T1486
asset_5227,0.9042692805633136,1,0,T1486
asset_5228,0.003310450811489,0,0,T1486
asset_5229,0.9042692805633136,1,1,T1486
asset_5230,0.9042692805633136,1,1,T1486
asset_5231,0.003310450811489,0,1,T1486
asset_5232,0.9042692805633136,1,0,T1486
asset_5233,0.0033104508115293,0,0,T1486
asset_5234,0.9042692805633136,1,1,T1486
asset_5235,0.9042692805633136,1,0,T1486
asset_5236,0.9042692805633136,1,0,T1486
asset_5237,0.9042692805633136,1,0,T1486
asset_5238,0.0033104508115333,0,1,T1486
asset_5239,0.9042692805633136,1,1,T1486
asset_5240,0.0033104508115784,0,0,T1486
asset_5241,0.003310449967819,0,1,T1486
asset_5242,0.0033104508115333,0,1,T1486
asset_5243,0.0033104508115333,0,1,T1486
asset_5244,0.9042692805633136,1,1,T1486
asset_5245,0.9042692805633136,1,1,T1486
asset_5246,0.0033104508115309,0,0,T1486
asset_5247,0.9042692805633136,1,0,T1486
asset_5248,0.0033104508115333,0,0,T1486
asset_5249,0.0033104508115333,0,1,T1486
asset_5250,0.0033104508115205,0,0,T1486
asset_5251,0.9042692805633136,1,1,T1486
asset_5252,0.0033104508115333,0,0,T1486
asset_5253,0.0033104508115333,0,1,T1486
asset_5254,0.003310449967819,0,0,T1486
asset_5255,0.0033104508115333,0,1,T1486
asset_5256,0.0033104508115333,0,1,T1486
asset_5257,0.0033104508115294,0,1,T1486
asset_5258,0.9042692805633136,1,1,T1486
asset_5259,0.0033104508115333,0,1,T1486
asset_5260,0.9042692805633136,1,1,T1486
asset_5261,0.9042692805633136,1,0,T1486
asset_5262,0.0033104508115333,0,1,T1486
asset_5263,0.0033104508115205,0,0,T1486
asset_5264,0.0033104508115309,0,0,T1486
asset_5265,0.0033104508115333,0,0,T1486
asset_5266,0.0033104508115293,0,1,T1486
asset_5267,0.9042692805633136,1,0,T1486
asset_5268,0.9042692805633136,1,0,T1486
asset_5269,0.0033104508115293,0,0,T1486
asset_5270,0.0033104508115176,0,1,T1486
asset_5271,0.0033104508115205,0,1,T1486
asset_5272,0.9042692805633136,1,0,T1486
asset_5273,0.9042692805633136,1,0,T1486
asset_5274,0.9042692805633136,1,1,T1486
asset_5275,0.0033104508115333,0,0,T1486
asset_5276,0.9042692805633136,1,1,T1486
asset_5277,0.0033104508114616,0,0,T1486
asset_5278,0.9042692805633136,1,1,T1486
asset_5279,0.9042692805633136,1,0,T1486
asset_5280,0.9042692805633136,1,1,T1486
asset_5281,0.0033104508115309,0,0,T1486
asset_5282,0.9042692805633136,1,1,T1486
asset_5283,0.0033104508115333,0,1,T1486
asset_5284,0.9042692805633136,1,0,T1486
asset_5285,0.9042692805633136,1,1,T1486
asset_5286,0.9042692805633136,1,0,T1486
asset_5287,0.0033104508115333,0,1,T1486
asset_5288,0.9042692805633136,1,0,T1486
asset_5289,0.9042692805633136,1,0,T1486
asset_5290,0.0033104508115333,0,1,T1486
asset_5291,0.9042692805633136,1,0,T1486
asset_5292,0.9042692805633136,1,0,T1486
asset_5293,0.9042692805633136,1,0,T1486
asset_5294,0.9042692805633136,1,1,T1486
asset_5295,0.9042692805633136,1,1,T1486
asset_5296,0.003310450811489,0,1,T1486
asset_5297,0.0033104508115869,0,0,T1486
asset_5298,0.9042692805633136,1,0,T1486
asset_5299,0.0033104508115333,0,1,T1486
asset_5300,0.003345489346825,0,1,T1486
asset_5301,0.9042692805633136,1,0,T1486
asset_5302,0.9042692805633136,1,1,T1486
asset_5303,0.9042692805633136,1,1,T1486
asset_5304,0.0033104508115333,0,1,T1486
asset_5305,0.9042692805633136,1,1,T1486
asset_5306,0.0033104508115333,0,1,T1486
asset_5307,0.9042692805633136,1,1,T1486
asset_5308,0.9042692805633136,1,0,T1486
asset_5309,0.9042692805633136,1,1,T1486
asset_5310,0.9042692805633136,1,1,T1486
asset_5311,0.9042692805633136,1,1,T1486
asset_5312,0.9042692805633136,1,1,T1486
asset_5313,0.0033104508115333,0,1,T1486
asset_5314,0.9042692805633136,1,1,T1486
asset_5315,0.0033104508115333,0,1,T1486
asset_5316,0.9042692805633136,1,1,T1486
asset_5317,0.9042692805633136,1,1,T1486
asset_5318,0.9042692805633136,1,0,T1486
asset_5319,0.9042692805633136,1,0,T1486
asset_5320,0.0033104508115333,0,1,T1486
asset_5321,0.9042692805633136,1,0,T1486
asset_5322,0.0033104508115333,0,0,T1486
asset_5323,0.0033104508114895,0,0,T1486
asset_5324,0.0033104508115333,0,0,T1486
asset_5325,0.9042692805633136,1,0,T1486
asset_5326,0.9042692805633136,1,1,T1486
asset_5327,0.0033104508115309,0,0,T1486
asset_5328,0.0033104464221243,0,1,T1486
asset_5329,0.9042692805633136,1,0,T1486
asset_5330,0.9042692805633136,1,0,T1486
asset_5331,0.9042692805633136,1,0,T1486
asset_5332,0.0033104508115333,0,1,T1486
asset_5333,0.0033104508115333,0,0,T1486
asset_5334,0.9042692805633136,1,0,T1486
asset_5335,0.0033104508115333,0,0,T1486
asset_5336,0.9042692805633136,1,0,T1486
asset_5337,0.9042692805633136,1,0,T1486
asset_5338,0.9042692805633136,1,1,T1486
asset_5339,0.9042692805633136,1,0,T1486
asset_5340,0.9042692805633136,1,0,T1486
asset_5341,0.9042692805633136,1,0,T1486
asset_5342,0.9042692805633136,1,1,T1486
asset_5343,0.9042692805633136,1,1,T1486
asset_5344,0.0033104508115294,0,1,T1486
asset_5345,0.9042692805633136,1,1,T1486
asset_5346,0.9042692805633136,1,1,T1486
asset_5347,0.0033104508115333,0,0,T1486
asset_5348,0.9042692805633136,1,1,T1486
asset_5349,0.9042692805633136,1,0,T1486
asset_5350,0.0033104508115333,0,0,T1486
asset_5351,0.9042692805633136,1,0,T1486
asset_5352,0.0033104508115097,0,0,T1486
asset_5353,0.9042692805633136,1,1,T1486
asset_5354,0.9042692805633136,1,1,T1486
asset_5355,0.0033104508115333,0,0,T1486
asset_5356,0.003310450811466,0,1,T1486
asset_5357,0.9042692805633136,1,0,T1486
asset_5358,0.9042692805633136,1,1,T1486
asset_5359,0.0033104508115061,0,1,T1486
asset_5360,0.9042692805633136,1,1,T1486
asset_5361,0.9042692805633136,1,0,T1486
asset_5362,0.9042692805633136,1,1,T1486
asset_5363,0.003310450811489,0,0,T1486
asset_5364,0.0033104508114824,0,1,T1486
asset_5365,0.0033104508115333,0,0,T1486
asset_5366,0.9042692805633136,1,0,T1486
asset_5367,0.003310450811489,0,0,T1486
asset_5368,0.9042692805633136,1,1,T1486
asset_5369,0.9042692805633136,1,0,T1486
asset_5370,0.0033104508115185,0,1,T1486
asset_5371,0.0033104508115333,0,0,T1486
asset_5372,0.9042692805633136,1,0,T1486
asset_5373,0.9042692805633136,1,1,T1486
asset_5374,0.0033104508115097,0,1,T1486
asset_5375,0.0033104508114552,0,0,T1486
asset_5376,0.0033104508115333,0,1,T1486
asset_5377,0.0033104508114889,0,0,T1486
asset_5378,0.0033104508115225,0,0,T1486
asset_5379,0.9042692805633136,1,0,T1486
asset_5380,0.9042692805633136,1,1,T1486
asset_5381,0.9042692805633136,1,0,T1486
asset_5382,0.0033104508115333,0,1,T1486
asset_5383,0.0033104491359077,0,1,T1486
asset_5384,0.9042692805633136,1,0,T1486
asset_5385,0.0033104490932545,0,1,T1486
asset_5386,0.9042692805633136,1,1,T1486
asset_5387,0.0033104508115333,0,1,T1486
asset_5388,0.9042692805633136,1,1,T1486
asset_5389,0.0033104508115309,0,1,T1486
asset_5390,0.0033104508115186,0,0,T1486
asset_5391,0.0033104508115309,0,0,T1486
asset_5392,0.9042692805633136,1,0,T1486
asset_5393,0.9042692805633136,1,1,T1486
asset_5394,0.9042692805633136,1,1,T1486
asset_5395,0.9042692805633136,1,0,T1486
asset_5396,0.9042692805633136,1,1,T1486
asset_5397,0.0033104508115333,0,1,T1486
asset_5398,0.9042692805633136,1,0,T1486
asset_5399,0.9042692805633136,1,0,T1486
asset_5400,0.9042692805633136,1,0,T1486
asset_5401,0.9042692805633136,1,1,T1486
asset_5402,0.0033104508115333,0,0,T1486
asset_5403,0.9042692805633136,1,1,T1486
asset_5404,0.0033104508115333,0,1,T1486
asset_5405,0.0033104508115293,0,1,T1486
asset_5406,0.0033104508115333,0,0,T1486
asset_5407,0.0033104508115333,0,0,T1486
asset_5408,0.0033104508115333,0,1,T1486
asset_5409,0.9042692805633136,1,1,T1486
asset_5410,0.9042692805633136,1,1,T1486
asset_5411,0.9042692805633136,1,1,T1486
asset_5412,0.9042692805633136,1,1,T1486
asset_5413,0.0033104508115196,0,0,T1486
asset_5414,0.9042692805633136,1,1,T1486
asset_5415,0.9042692805633136,1,1,T1486
asset_5416,0.9042692805633136,1,1,T1486
asset_5417,0.9042692805633136,1,1,T1486
asset_5418,0.9042692805633136,1,1,T1486
asset_5419,0.0033104508115333,0,0,T1486
asset_5420,0.003310450811489,0,1,T1486
asset_5421,0.9042692805633136,1,1,T1486
asset_5422,0.0033104508115333,0,1,T1486
asset_5423,0.0033104508115333,0,1,T1486
asset_5424,0.0033104508115099,0,0,T1486
asset_5425,0.9042692805633136,1,0,T1486
asset_5426,0.9042692805633136,1,1,T1486
asset_5427,0.0033104508115333,0,1,T1486
asset_5428,0.0033104508115333,0,0,T1486
asset_5429,0.9042692805633136,1,1,T1486
asset_5430,0.9042692805633136,1,0,T1486
asset_5431,0.0033104508120334,0,1,T1486
asset_5432,0.9042692805633136,1,1,T1486
asset_5433,0.9042692805633136,1,1,T1486
asset_5434,0.0033104508115271,0,0,T1486
asset_5435,0.9042692805633136,1,1,T1486
asset_5436,0.0033104508115333,0,0,T1486
asset_5437,0.9042692805633136,1,0,T1486
asset_5438,0.0033804668626575,0,1,T1486
asset_5439,0.0033104508115333,0,0,T1486
asset_5440,0.0033104508115333,0,1,T1486
asset_5441,0.9042692805633136,1,0,T1486
asset_5442,0.9042692805633136,1,0,T1486
asset_5443,0.9042692805633136,1,1,T1486
asset_5444,0.9042692805633136,1,1,T1486
asset_5445,0.0033104508115333,0,1,T1486
asset_5446,0.003310450811489,0,0,T1486
asset_5447,0.003310450811531,0,1,T1486
asset_5448,0.0033104508115333,0,1,T1486
asset_5449,0.9042692805633136,1,1,T1486
asset_5450,0.0033104508115309,0,0,T1486
asset_5451,0.0033104490932545,0,0,T1486
asset_5452,0.9042692805633136,1,0,T1486
asset_5453,0.0033104508115169,0,0,T1486
asset_5454,0.9042692805633136,1,0,T1486
asset_5455,0.0033104508114933,0,1,T1486
asset_5456,0.9042692805633136,1,0,T1486
asset_5457,0.0033104508115333,0,1,T1486
asset_5458,0.003345437918551,0,0,T1486
asset_5459,0.0033104508115333,0,0,T1486
asset_5460,0.0033104508115333,0,0,T1486
asset_5461,0.9042692805633136,1,1,T1486
asset_5462,0.0033104508115061,0,0,T1486
asset_5463,0.9042692805633136,1,1,T1486
asset_5464,0.9042692805633136,1,1,T1486
asset_5465,0.9042692805633136,1,0,T1486
asset_5466,0.0033104508115307,0,0,T1486
asset_5467,0.0033104508115205,0,0,T1486
asset_5468,0.0033104508114618,0,0,T1486
asset_5469,0.9042692805633136,1,1,T1486
asset_5470,0.0033104508115221,0,0,T1486
asset_5471,0.0033104508115869,0,0,T1486
asset_5472,0.0033104508115333,0,0,T1486
asset_5473,0.9042692805633136,1,1,T1486
asset_5474,0.0033104508115333,0,0,T1486
asset_5475,0.0033104508114616,0,0,T1486
asset_5476,0.9042692805633136,1,1,T1486
asset_5477,0.0033104508115333,0,0,T1486
asset_5478,0.9042692805633136,1,1,T1486
asset_5479,0.0033104508115333,0,0,T1486
asset_5480,0.9042692805633136,1,0,T1486
asset_5481,0.0033104508115333,0,0,T1486
asset_5482,0.9042692805633136,1,1,T1486
asset_5483,0.9042692805633136,1,1,T1486
asset_5484,0.9042692805633136,1,1,T1486
asset_5485,0.9042692805633136,1,1,T1486
asset_5486,0.0033104508114508,0,1,T1486
asset_5487,0.9042692805633136,1,1,T1486
asset_5488,0.9042692805633136,1,0,T1486
asset_5489,0.0033104508115333,0,0,T1486
asset_5490,0.0033104508115333,0,0,T1486
asset_5491,0.9042692805633136,1,1,T1486
asset_5492,0.9042692805633136,1,1,T1486
asset_5493,0.9042692805633136,1,0,T1486
asset_5494,0.0033104508115309,0,0,T1486
asset_5495,0.9042692805633136,1,1,T1486
asset_5496,0.9042692805633136,1,0,T1486
asset_5497,0.0033104508115097,0,0,T1486
asset_5498,0.0033104508115333,0,1,T1486
asset_5499,0.9042692805633136,1,0,T1486
asset_5500,0.0033454389836629,0,0,T1486
asset_5501,0.0033104508115333,0,1,T1486
asset_5502,0.9042692805633136,1,1,T1486
asset_5503,0.9042692805633136,1,1,T1486
asset_5504,0.0033104508115333,0,1,T1486
asset_5505,0.0033104508115309,0,0,T1486
asset_5506,0.9042692805633136,1,1,T1486
asset_5507,0.0033104508115333,0,1,T1486
asset_5508,0.0033104508115333,0,0,T1486
asset_5509,0.0033104508115318,0,0,T1486
asset_5510,0.0033104508115309,0,1,T1486
asset_5511,0.0033104508115333,0,1,T1486
asset_5512,0.9042692805633136,1,1,T1486
asset_5513,0.9042692805633136,1,0,T1486
asset_5514,0.0033104508115309,0,1,T1486
asset_5515,0.0033104508115333,0,1,T1486
asset_5516,0.0033104508115333,0,0,T1486
asset_5517,0.9042692805633136,1,1,T1486
asset_5518,0.9042692805633136,1,0,T1486
asset_5519,0.0033104508115868,0,0,T1486
asset_5520,0.9042692805633136,1,0,T1486
asset_5521,0.9042692805633136,1,1,T1486
asset_5522,0.0033104508115868,0,1,T1486
asset_5523,0.9042692805633136,1,0,T1486
asset_5524,0.0033104508115333,0,1,T1486
asset_5525,0.0033104508115293,0,1,T1486
asset_5526,0.9042692805633136,1,0,T1486
asset_5527,0.9042692805633136,1,0,T1486
asset_5528,0.9042692805633136,1,1,T1486
asset_5529,0.9042692805633136,1,0,T1486
asset_5530,0.0033104508115333,0,1,T1486
asset_5531,0.0033104508115333,0,0,T1486
asset_5532,0.0033104508115333,0,1,T1486
asset_5533,0.9042692805633136,1,1,T1486
asset_5534,0.9042692805633136,1,0,T1486
asset_5535,0.0033104508115333,0,0,T1486
asset_5536,0.9042692805633136,1,1,T1486
asset_5537,0.9042692805633136,1,0,T1486
asset_5538,0.9042692805633136,1,0,T1486
asset_5539,0.9042692805633136,1,1,T1486
asset_5540,0.9042692805633136,1,0,T1486
asset_5541,0.9042692805633136,1,0,T1486
asset_5542,0.9042692805633136,1,1,T1486
asset_5543,0.0033104508115333,0,1,T1486
asset_5544,0.0033104508115333,0,0,T1486
asset_5545,0.9042692805633136,1,0,T1486
asset_5546,0.9042692805633136,1,0,T1486
asset_5547,0.0033104508115333,0,1,T1486
asset_5548,0.9042692805633136,1,0,T1486
asset_5549,0.9042692805633136,1,1,T1486
asset_5550,0.9042692805633136,1,0,T1486
asset_5551,0.0033104508114897,0,0,T1486
asset_5552,0.0033104508115333,0,0,T1486
asset_5553,0.9042692805633136,1,0,T1486
asset_5554,0.0033104508115333,0,0,T1486
asset_5555,0.0033104508114785,0,1,T1486
asset_5556,0.0033104508115868,0,0,T1486
asset_5557,0.0033104508115333,0,1,T1486
asset_5558,0.0033104508114787,0,1,T1486
asset_5559,0.9042692805633136,1,0,T1486
asset_5560,0.9042692805633136,1,0,T1486
asset_5561,0.9042692805633136,1,0,T1486
asset_5562,0.0033104508115333,0,1,T1486
asset_5563,0.9042692805633136,1,0,T1486
asset_5564,0.0033104508115333,0,0,T1486
asset_5565,0.9042692805633136,1,1,T1486
asset_5566,0.0033104508115309,0,1,T1486
asset_5567,0.0033104490932545,0,0,T1486
asset_5568,0.9042692805633136,1,0,T1486
asset_5569,0.0033104508115309,0,1,T1486
asset_5570,0.9042692805633136,1,0,T1486
asset_5571,0.0033104508115333,0,0,T1486
asset_5572,0.0033104508115333,0,1,T1486
asset_5573,0.0033104508115333,0,0,T1486
asset_5574,0.0033104508115333,0,1,T1486
asset_5575,0.9042692805633136,1,0,T1486
asset_5576,0.9042692805633136,1,0,T1486
asset_5577,0.9042692805633136,1,0,T1486
asset_5578,0.9042692805633136,1,0,T1486
asset_5579,0.0033104508115333,0,0,T1486
asset_5580,0.9042692805633136,1,1,T1486
asset_5581,0.0033104508115309,0,1,T1486
asset_5582,0.0033104508115333,0,0,T1486
asset_5583,0.9042692805633136,1,1,T1486
asset_5584,0.0033104508115333,0,0,T1486
asset_5585,0.9042692805633136,1,0,T1486
asset_5586,0.9042692805633136,1,1,T1486
asset_5587,0.0033104497484606,0,1,T1486
asset_5588,0.9042692805633136,1,0,T1486
asset_5589,0.9042692805633136,1,0,T1486
asset_5590,0.9042692805633136,1,1,T1486
asset_5591,0.9042692805633136,1,1,T1486
asset_5592,0.0033104508114933,0,1,T1486
asset_5593,0.9042692805633136,1,0,T1486
asset_5594,0.0033104508114616,0,1,T1486
asset_5595,0.003310450811489,0,1,T1486
asset_5596,0.0033104508115307,0,1,T1486
asset_5597,0.9042692805633136,1,1,T1486
asset_5598,0.0033104508115333,0,1,T1486
asset_5599,0.003345437918551,0,1,T1486
asset_5600,0.9042692805633136,1,0,T1486
asset_5601,0.0033104508115333,0,0,T1486
asset_5602,0.0033104499672667,0,1,T1486
asset_5603,0.0033104508115333,0,1,T1486
asset_5604,0.0033104508115333,0,0,T1486
asset_5605,0.9042692805633136,1,0,T1486
asset_5606,0.0033104508115333,0,1,T1486
asset_5607,0.9042692805633136,1,0,T1486
asset_5608,0.9042692805633136,1,0,T1486
asset_5609,0.0033104508115196,0,0,T1486
asset_5610,0.0033104508115843,0,0,T1486
asset_5611,0.0033104508115869,0,1,T1486
asset_5612,0.9042692805633136,1,1,T1486
asset_5613,0.0033104508115333,0,0,T1486
asset_5614,0.0033454389816956,0,0,T1486
asset_5615,0.003310450811489,0,1,T1486
asset_5616,0.0033104508115333,0,0,T1486
asset_5617,0.0033104508115333,0,0,T1486
asset_5618,0.9042692805633136,1,1,T1486
asset_5619,0.0033104508115333,0,0,T1486
asset_5620,0.9042692805633136,1,0,T1486
asset_5621,0.9042692805633136,1,0,T1486
asset_5622,0.9042692805633136,1,1,T1486
asset_5623,0.9042692805633136,1,1,T1486
asset_5624,0.9042692805633136,1,0,T1486
asset_5625,0.9042692805633136,1,1,T1486
asset_5626,0.9042692805633136,1,1,T1486
asset_5627,0.0033804652151763,0,1,T1486
asset_5628,0.0033104508114508,0,1,T1486
asset_5629,0.0033104508114552,0,0,T1486
asset_5630,0.003310450811489,0,0,T1486
asset_5631,0.9042692805633136,1,1,T1486
asset_5632,0.9042692805633136,1,0,T1486
asset_5633,0.9042692805633136,1,1,T1486
asset_5634,0.0033104508115333,0,0,T1486
asset_5635,0.9042692805633136,1,0,T1486
asset_5636,0.9042692805633136,1,0,T1486
asset_5637,0.0033104508115205,0,0,T1486
asset_5638,0.0033104508114618,0,1,T1486
asset_5639,0.0033104508115333,0,1,T1486
asset_5640,0.9042692805633136,1,0,T1486
asset_5641,0.0033104508115225,0,1,T1486
asset_5642,0.0033104508115333,0,1,T1486
asset_5643,0.0033104508115318,0,0,T1486
asset_5644,0.0033104508115333,0,0,T1486
asset_5645,0.9042692805633136,1,1,T1486
asset_5646,0.9042692805633136,1,1,T1486
asset_5647,0.9042692805633136,1,1,T1486
asset_5648,0.0033104508115868,0,0,T1486
asset_5649,0.9042692805633136,1,1,T1486
asset_5650,0.0033104508115225,0,1,T1486
asset_5651,0.0033104508115333,0,1,T1486
asset_5652,0.0033104508115333,0,1,T1486
asset_5653,0.9042692805633136,1,1,T1486
asset_5654,0.9042692805633136,1,0,T1486
asset_5655,0.9042692805633136,1,1,T1486
asset_5656,0.0033104508115333,0,0,T1486
asset_5657,0.0033104508115333,0,1,T1486
asset_5658,0.9042692805633136,1,0,T1486
asset_5659,0.0033104508115333,0,1,T1486
asset_5660,0.0033104508115333,0,0,T1486
asset_5661,0.0033104508115333,0,1,T1486
asset_5662,0.0033104464221243,0,0,T1486
asset_5663,0.9042692805633136,1,0,T1486
asset_5664,0.0033104508115333,0,1,T1486
asset_5665,0.0033104508115309,0,1,T1486
asset_5666,0.9042692805633136,1,0,T1486
asset_5667,0.9042692805633136,1,0,T1486
asset_5668,0.0033104508115097,0,0,T1486
asset_5669,0.9042692805633136,1,1,T1486
asset_5670,0.9042692805633136,1,1,T1486
asset_5671,0.9042692805633136,1,1,T1486
asset_5672,0.0033104508115333,0,1,T1486
asset_5673,0.9042692805633136,1,0,T1486
asset_5674,0.9042692805633136,1,0,T1486
asset_5675,0.9042692805633136,1,1,T1486
asset_5676,0.9042692805633136,1,0,T1486
asset_5677,0.9042692805633136,1,0,T1486
asset_5678,0.0033104499683465,0,1,T1486
asset_5679,0.0033104473248358,0,1,T1486
asset_5680,0.9042692805633136,1,1,T1486
asset_5681,0.9042692805633136,1,1,T1486
asset_5682,0.0033104508115333,0,0,T1486
asset_5683,0.0033104508115307,0,0,T1486
asset_5684,0.0033104508115333,0,0,T1486
asset_5685,0.0033104508115309,0,0,T1486
asset_5686,0.9042692805633136,1,1,T1486
asset_5687,0.9042692805633136,1,0,T1486
asset_5688,0.9042692805633136,1,1,T1486
asset_5689,0.0033104508115868,0,1,T1486
asset_5690,0.0034876736340132,0,0,T1486
asset_5691,0.0033104508115333,0,1,T1486
asset_5692,0.9042692805633136,1,0,T1486
asset_5693,0.0033104508115333,0,0,T1486
asset_5694,0.9042692805633136,1,0,T1486
asset_5695,0.0033104508115333,0,1,T1486
asset_5696,0.0033104508115333,0,0,T1486
asset_5697,0.0033104508115333,0,0,T1486
asset_5698,0.003310450811489,0,1,T1486
asset_5699,0.9042692805633136,1,0,T1486
asset_5700,0.9042692805633136,1,0,T1486
asset_5701,0.9042692805633136,1,1,T1486
asset_5702,0.9042692805633136,1,0,T1486
asset_5703,0.9042692805633136,1,0,T1486
asset_5704,0.9042692805633136,1,0,T1486
asset_5705,0.0033454925291896,0,0,T1486
asset_5706,0.0034876895567868,0,1,T1486
asset_5707,0.0033104508115869,0,1,T1486
asset_5708,0.0033104508115333,0,0,T1486
asset_5709,0.0033104508114616,0,0,T1486
asset_5710,0.9042692805633136,1,0,T1486
asset_5711,0.9042692805633136,1,0,T1486
asset_5712,0.9042692805633136,1,0,T1486
asset_5713,0.0033104508115293,0,0,T1486
asset_5714,0.0033104508114889,0,1,T1486
asset_5715,0.0033104508115333,0,0,T1486
asset_5716,0.9042692805633136,1,0,T1486
asset_5717,0.0033104508115333,0,0,T1486
asset_5718,0.0033104508115869,0,1,T1486
asset_5719,0.0034876895567274,0,1,T1486
asset_5720,0.0033104508115333,0,1,T1486
asset_5721,0.0033104508118171,0,0,T1486
asset_5722,0.9042692805633136,1,1,T1486
asset_5723,0.9042692805633136,1,1,T1486
asset_5724,0.9042692805633136,1,0,T1486
asset_5725,0.0033104508115333,0,1,T1486
asset_5726,0.9042692805633136,1,1,T1486
asset_5727,0.0033104508115309,0,0,T1486
asset_5728,0.9042692805633136,1,1,T1486
asset_5729,0.0033104508115333,0,1,T1486
asset_5730,0.9042692805633136,1,0,T1486
asset_5731,0.0033104508115333,0,1,T1486
asset_5732,0.0033104508115333,0,1,T1486
asset_5733,0.9042692805633136,1,0,T1486
asset_5734,0.9042692805633136,1,1,T1486
asset_5735,0.0033104508115333,0,0,T1486
asset_5736,0.9042692805633136,1,1,T1486
asset_5737,0.9042692805633136,1,0,T1486
asset_5738,0.9042692805633136,1,0,T1486
asset_5739,0.9042692805633136,1,0,T1486
asset_5740,0.9042692805633136,1,1,T1486
asset_5741,0.9042692805633136,1,0,T1486
asset_5742,0.9042692805633136,1,0,T1486
asset_5743,0.9042692805633136,1,0,T1486
asset_5744,0.0033104508115333,0,0,T1486
asset_5745,0.0033104508115868,0,0,T1486
asset_5746,0.9042692805633136,1,0,T1486
asset_5747,0.9042692805633136,1,1,T1486
asset_5748,0.0033104508114785,0,1,T1486
asset_5749,0.9042692805633136,1,1,T1486
asset_5750,0.9042692805633136,1,1,T1486
asset_5751,0.0033104508115333,0,1,T1486
asset_5752,0.0033104508115333,0,0,T1486
asset_5753,0.9042692805633136,1,0,T1486
asset_5754,0.0033104508115293,0,0,T1486
asset_5755,0.0033104508115333,0,0,T1486
asset_5756,0.9042692805633136,1,0,T1486
asset_5757,0.9042692805633136,1,1,T1486
asset_5758,0.9042692805633136,1,1,T1486
asset_5759,0.9042692805633136,1,0,T1486
asset_5760,0.9042692805633136,1,0,T1486
asset_5761,0.9042692805633136,1,0,T1486
asset_5762,0.0033104508115333,0,0,T1486
asset_5763,0.0033104508115201,0,1,T1486
asset_5764,0.0033104508115309,0,0,T1486
asset_5765,0.9042692805633136,1,1,T1486
asset_5766,0.0033104508115333,0,0,T1486
asset_5767,0.0033104508115021,0,0,T1486
asset_5768,0.0033104508115176,0,0,T1486
asset_5769,0.9042692805633136,1,0,T1486
asset_5770,0.0033104508115333,0,0,T1486
asset_5771,0.0033104508115333,0,0,T1486
asset_5772,0.0033104508115333,0,0,T1486
asset_5773,0.9042692805633136,1,0,T1486
asset_5774,0.9042692805633136,1,1,T1486
asset_5775,0.0033104508115333,0,1,T1486
asset_5776,0.0033104508115333,0,0,T1486
asset_5777,0.9042692805633136,1,1,T1486
asset_5778,0.9042692805633136,1,0,T1486
asset_5779,0.0033104508115333,0,1,T1486
asset_5780,0.9042692805633136,1,0,T1486
asset_5781,0.0033104508115333,0,1,T1486
asset_5782,0.003310450811489,0,1,T1486
asset_5783,0.0033104508115333,0,0,T1486
asset_5784,0.9042692805633136,1,1,T1486
asset_5785,0.0033104508115333,0,0,T1486
asset_5786,0.0033104508115294,0,1,T1486
asset_5787,0.9042692805633136,1,0,T1486
asset_5788,0.0033104508115146,0,0,T1486
asset_5789,0.0033104508115294,0,1,T1486
asset_5790,0.9042692805633136,1,1,T1486
asset_5791,0.0033104508115869,0,0,T1486
asset_5792,0.9042692805633136,1,0,T1486
asset_5793,0.0033104508115333,0,0,T1486
asset_5794,0.0033104508115205,0,1,T1486
asset_5795,0.9042692805633136,1,0,T1486
asset_5796,0.9042692805633136,1,1,T1486
asset_5797,0.0033104508115284,0,1,T1486
asset_5798,0.9042692805633136,1,0,T1486
asset_5799,0.0033104508115309,0,0,T1486
asset_5800,0.0033104508115333,0,1,T1486
asset_5801,0.0033104508115284,0,0,T1486
asset_5802,0.9042692805633136,1,1,T1486
asset_5803,0.9042692805633136,1,1,T1486
asset_5804,0.9042692805633136,1,0,T1486
asset_5805,0.003310450811489,0,0,T1486
asset_5806,0.0033104508115099,0,0,T1486
asset_5807,0.0033104508115309,0,1,T1486
asset_5808,0.0033104508115333,0,0,T1486
asset_5809,0.0033104508115309,0,1,T1486
asset_5810,0.9042692805633136,1,0,T1486
asset_5811,0.9042692805633136,1,1,T1486
asset_5812,0.9042692805633136,1,0,T1486
asset_5813,0.0033104508115333,0,0,T1486
asset_5814,0.9042692805633136,1,0,T1486
asset_5815,0.9042692805633136,1,1,T1486
asset_5816,0.9042692805633136,1,1,T1486
asset_5817,0.9042692805633136,1,0,T1486
asset_5818,0.9042692805633136,1,0,T1486
asset_5819,0.9042692805633136,1,0,T1486
asset_5820,0.9042692805633136,1,0,T1486
asset_5821,0.0033104508115333,0,0,T1486
asset_5822,0.0033104508115333,0,1,T1486
asset_5823,0.0033104508115333,0,0,T1486
asset_5824,0.9042692805633136,1,0,T1486
asset_5825,0.9042692805633136,1,0,T1486
asset_5826,0.0033104508115333,0,1,T1486
asset_5827,0.9042692805633136,1,0,T1486
asset_5828,0.0033104508115333,0,0,T1486
asset_5829,0.9042692805633136,1,0,T1486
asset_5830,0.0033104508115333,0,1,T1486
asset_5831,0.9042692805633136,1,0,T1486
asset_5832,0.9042692805633136,1,1,T1486
asset_5833,0.9042692805633136,1,1,T1486
asset_5834,0.0033104508115333,0,1,T1486
asset_5835,0.0033104508115333,0,0,T1486
asset_5836,0.9042692805633136,1,1,T1486
asset_5837,0.9042692805633136,1,0,T1486
asset_5838,0.9042692805633136,1,0,T1486
asset_5839,0.9042692805633136,1,0,T1486
asset_5840,0.9042692805633136,1,1,T1486
asset_5841,0.0033104508115333,0,1,T1486
asset_5842,0.9042692805633136,1,0,T1486
asset_5843,0.003310450811489,0,1,T1486
asset_5844,0.9042692805633136,1,0,T1486
asset_5845,0.9042692805633136,1,0,T1486
asset_5846,0.0033104508115333,0,1,T1486
asset_5847,0.0033104508115333,0,0,T1486
asset_5848,0.9042692805633136,1,1,T1486
asset_5849,0.9042692805633136,1,0,T1486
asset_5850,0.9042692805633136,1,0,T1486
asset_5851,0.0033104508115333,0,1,T1486
asset_5852,0.9042692805633136,1,1,T1486
asset_5853,0.9042692805633136,1,1,T1486
asset_5854,0.9042692805633136,1,0,T1486
asset_5855,0.0033104508115309,0,0,T1486
asset_5856,0.0033104508115333,0,0,T1486
asset_5857,0.0033104508115333,0,1,T1486
asset_5858,0.9042692805633136,1,0,T1486
asset_5859,0.9042692805633136,1,1,T1486
asset_5860,0.9042692805633136,1,1,T1486
asset_5861,0.0033104508115333,0,1,T1486
asset_5862,0.0033104508115333,0,0,T1486
asset_5863,0.9042692805633136,1,1,T1486
asset_5864,0.9042692805633136,1,0,T1486
asset_5865,0.0033104508115868,0,1,T1486
asset_5866,0.9042692805633136,1,1,T1486
asset_5867,0.9042692805633136,1,0,T1486
asset_5868,0.9042692805633136,1,0,T1486
asset_5869,0.9042692805633136,1,0,T1486
asset_5870,0.0033104508115333,0,0,T1486
asset_5871,0.0033104508115333,0,1,T1486
asset_5872,0.9042692805633136,1,0,T1486
asset_5873,0.0033104508115097,0,0,T1486
asset_5874,0.9042692805633136,1,0,T1486
asset_5875,0.9042692805633136,1,0,T1486
asset_5876,0.9042692805633136,1,1,T1486
asset_5877,0.0033104508115333,0,1,T1486
asset_5878,0.9042692805633136,1,1,T1486
asset_5879,0.9042692805633136,1,0,T1486
asset_5880,0.9042692805633136,1,0,T1486
asset_5881,0.9042692805633136,1,0,T1486
asset_5882,0.9042692805633136,1,1,T1486
asset_5883,0.003310450811466,0,0,T1486
asset_5884,0.0033104508115333,0,1,T1486
asset_5885,0.0033104508115333,0,1,T1486
asset_5886,0.9042692805633136,1,0,T1486
asset_5887,0.9042692805633136,1,1,T1486
asset_5888,0.0033104508115869,0,1,T1486
asset_5889,0.0033104508115309,0,0,T1486
asset_5890,0.9042692805633136,1,1,T1486
asset_5891,0.9042692805633136,1,1,T1486
asset_5892,0.9042692805633136,1,1,T1486
asset_5893,0.9042692805633136,1,1,T1486
asset_5894,0.0033104508115333,0,1,T1486
asset_5895,0.0033104508115333,0,0,T1486
asset_5896,0.0033104508115018,0,0,T1486
asset_5897,0.0033104508115333,0,0,T1486
asset_5898,0.9042692805633136,1,1,T1486
asset_5899,0.0033104508115333,0,0,T1486
asset_5900,0.0033104508115333,0,1,T1486
asset_5901,0.9042692805633136,1,1,T1486
asset_5902,0.9042692805633136,1,0,T1486
asset_5903,0.9042692805633136,1,1,T1486
asset_5904,0.0033104508115333,0,1,T1486
asset_5905,0.9042692805633136,1,0,T1486
asset_5906,0.0033104508115333,0,1,T1486
asset_5907,0.9042692805633136,1,0,T1486
asset_5908,0.0033104508115333,0,0,T1486
asset_5909,0.9042692805633136,1,1,T1486
asset_5910,0.0033104508115205,0,1,T1486
asset_5911,0.0033104508114933,0,1,T1486
asset_5912,0.9042692805633136,1,0,T1486
asset_5913,0.9042692805633136,1,1,T1486
asset_5914,0.9042692805633136,1,1,T1486
asset_5915,0.9042692805633136,1,1,T1486
asset_5916,0.9042692805633136,1,0,T1486
asset_5917,0.9042692805633136,1,1,T1486
asset_5918,0.0033104508115333,0,0,T1486
asset_5919,0.0034876895567868,0,1,T1486
asset_5920,0.9042692805633136,1,0,T1486
asset_5921,0.9042692805633136,1,1,T1486
asset_5922,0.0033104508115333,0,0,T1486
asset_5923,0.0033104508114856,0,1,T1486
asset_5924,0.9042692805633136,1,0,T1486
asset_5925,0.0033104508115333,0,1,T1486
asset_5926,0.9042692805633136,1,1,T1486
asset_5927,0.0033104508114785,0,1,T1486
asset_5928,0.0033104508115225,0,1,T1486
asset_5929,0.0033104508115333,0,0,T1486
asset_5930,0.0033454904089115,0,1,T1486
asset_5931,0.9042692805633136,1,1,T1486
asset_5932,0.0033104508115333,0,1,T1486
asset_5933,0.0033104508115333,0,0,T1486
asset_5934,0.0033104508115333,0,1,T1486
asset_5935,0.9042692805633136,1,1,T1486
asset_5936,0.0033104508115097,0,0,T1486
asset_5937,0.0033104508115309,0,1,T1486
asset_5938,0.0033104508115309,0,1,T1486
asset_5939,0.9042692805633136,1,0,T1486
asset_5940,0.9042692805633136,1,1,T1486
asset_5941,0.9042692805633136,1,1,T1486
asset_5942,0.9042692805633136,1,1,T1486
asset_5943,0.9042692805633136,1,1,T1486
asset_5944,0.9042692805633136,1,1,T1486
asset_5945,0.0033104508114616,0,1,T1486
asset_5946,0.0033104508115333,0,1,T1486
asset_5947,0.9042692805633136,1,1,T1486
asset_5948,0.9042692805633136,1,0,T1486
asset_5949,0.9042692805633136,1,1,T1486
asset_5950,0.0033104508115333,0,0,T1486
asset_5951,0.9042692805633136,1,0,T1486
asset_5952,0.0033104508115868,0,0,T1486
asset_5953,0.9042692805633136,1,1,T1486
asset_5954,0.0033104508115333,0,1,T1486
asset_5955,0.9042692805633136,1,0,T1486
asset_5956,0.0033104508115333,0,1,T1486
asset_5957,0.0033104508115333,0,1,T1486
asset_5958,0.0033104481083634,0,1,T1486
asset_5959,0.9042692805633136,1,1,T1486
asset_5960,0.0033104508115205,0,1,T1486
asset_5961,0.9042692805633136,1,1,T1486
asset_5962,0.9042692805633136,1,1,T1486
asset_5963,0.0033104508115333,0,1,T1486
asset_5964,0.0033104508115333,0,1,T1486
asset_5965,0.0033104508115333,0,0,T1486
asset_5966,0.0033104508115294,0,1,T1486
asset_5967,0.0033104508115293,0,1,T1486
asset_5968,0.0033104508116689,0,0,T1486
asset_5969,0.0033104499683465,0,0,T1486
asset_5970,0.9042692805633136,1,1,T1486
asset_5971,0.0033104508115333,0,0,T1486
asset_5972,0.0033104508115097,0,1,T1486
asset_5973,0.0033104508114616,0,0,T1486
asset_5974,0.9042692805633136,1,0,T1486
asset_5975,0.9042692805633136,1,0,T1486
asset_5976,0.0033104508115784,0,0,T1486
asset_5977,0.9042692805633136,1,0,T1486
asset_5978,0.9042692805633136,1,0,T1486
asset_5979,0.9042692805633136,1,0,T1486
asset_5980,0.0033104508115869,0,1,T1486
asset_5981,0.9042692805633136,1,0,T1486
asset_5982,0.0033104508115333,0,0,T1486
asset_5983,0.0033104464221243,0,0,T1486
asset_5984,0.0033104508115333,0,1,T1486
asset_5985,0.9042692805633136,1,0,T1486
asset_5986,0.9042692805633136,1,1,T1486
asset_5987,0.0033104508115225,0,0,T1486
asset_5988,0.0033104508115205,0,0,T1486
asset_5989,0.9042692805633136,1,1,T1486
asset_5990,0.0033104508115333,0,1,T1486
asset_5991,0.9042692805633136,1,0,T1486
asset_5992,0.9042692805633136,1,0,T1486
asset_5993,0.9042692805633136,1,0,T1486
asset_5994,0.0033104508115037,0,1,T1486
asset_5995,0.9042692805633136,1,0,T1486
asset_5996,0.9042692805633136,1,0,T1486
asset_5997,0.9042692805633136,1,1,T1486
asset_5998,0.0033104508115868,0,0,T1486
asset_5999,0.9042692805633136,1,0,T1486
asset_6000,0.9042692805633136,1,1,T1486
asset_6001,0.9042692805633136,1,1,T1486
asset_6002,0.0033104508115333,0,1,T1486
asset_6003,0.9042692805633136,1,1,T1486
asset_6004,0.9042692805633136,1,1,T1486
asset_6005,0.9042692805633136,1,1,T1486
asset_6006,0.0033104508115205,0,0,T1486
asset_6007,0.0033104508115333,0,1,T1486
asset_6008,0.0033104508115333,0,1,T1486
asset_6009,0.0033104508115333,0,1,T1486
asset_6010,0.9042692805633136,1,0,T1486
asset_6011,0.9042692805633136,1,0,T1486
asset_6012,0.0033104508115333,0,0,T1486
asset_6013,0.0033104508115225,0,0,T1486
asset_6014,0.0033104508115333,0,0,T1486
asset_6015,0.9042692805633136,1,0,T1486
asset_6016,0.9042692805633136,1,0,T1486
asset_6017,0.9042692805633136,1,1,T1486
asset_6018,0.0033104508115869,0,0,T1486
asset_6019,0.0033104508115333,0,1,T1486
asset_6020,0.0033104508115309,0,0,T1486
asset_6021,0.9042692805633136,1,0,T1486
asset_6022,0.9042692805633136,1,1,T1486
asset_6023,0.9042692805633136,1,1,T1486
asset_6024,0.9042692805633136,1,0,T1486
asset_6025,0.9042692805633136,1,0,T1486
asset_6026,0.0033104508115333,0,0,T1486
asset_6027,0.9042692805633136,1,0,T1486
asset_6028,0.0033104508115225,0,1,T1486
asset_6029,0.0033104508115333,0,1,T1486
asset_6030,0.0033104508115869,0,0,T1486
asset_6031,0.9042692805633136,1,0,T1486
asset_6032,0.0033104508115333,0,0,T1486
asset_6033,0.0033104508115868,0,1,T1486
asset_6034,0.9042692805633136,1,0,T1486
asset_6035,0.9042692805633136,1,1,T1486
asset_6036,0.9042692805633136,1,1,T1486
asset_6037,0.9042692805633136,1,0,T1486
asset_6038,0.9042692805633136,1,1,T1486
asset_6039,0.9042692805633136,1,0,T1486
asset_6040,0.9042692805633136,1,1,T1486
asset_6041,0.0033104508115333,0,0,T1486
asset_6042,0.9042692805633136,1,0,T1486
asset_6043,0.0033104508115868,0,0,T1486
asset_6044,0.003310450811489,0,0,T1486
asset_6045,0.0033454371183524,0,1,T1486
asset_6046,0.0033104508114785,0,0,T1486
asset_6047,0.9042692805633136,1,0,T1486
asset_6048,0.9042692805633136,1,1,T1486
asset_6049,0.9042692805633136,1,0,T1486
asset_6050,0.0041206952685782,0,1,T1486
asset_6051,0.9042692805633136,1,0,T1486
asset_6052,0.0033104508115205,0,1,T1486
asset_6053,0.9042692805633136,1,0,T1486
asset_6054,0.0033104508115333,0,1,T1486
asset_6055,0.9042692805633136,1,0,T1486
asset_6056,0.0033104508115333,0,1,T1486
asset_6057,0.9042692805633136,1,1,T1486
asset_6058,0.9042692805633136,1,1,T1486
asset_6059,0.9042692805633136,1,0,T1486
asset_6060,0.9042692805633136,1,0,T1486
asset_6061,0.0033104508115333,0,0,T1486
asset_6062,0.9042692805633136,1,1,T1486
asset_6063,0.9042692805633136,1,0,T1486
asset_6064,0.0033104508115333,0,0,T1486
asset_6065,0.9042692805633136,1,0,T1486
asset_6066,0.0033104508115333,0,0,T1486
asset_6067,0.9042692805633136,1,0,T1486
asset_6068,0.0033104508115333,0,1,T1486
asset_6069,0.9042692805633136,1,1,T1486
asset_6070,0.9042692805633136,1,0,T1486
asset_6071,0.9042692805633136,1,0,T1486
asset_6072,0.9042692805633136,1,1,T1486
asset_6073,0.9042692805633136,1,0,T1486
asset_6074,0.9042692805633136,1,1,T1486
asset_6075,0.9042692805633136,1,0,T1486
asset_6076,0.0033104508115333,0,0,T1486
asset_6077,0.0033104508115333,0,1,T1486
asset_6078,0.9042692805633136,1,1,T1486
asset_6079,0.9042692805633136,1,0,T1486
asset_6080,0.9042692805633136,1,0,T1486
asset_6081,0.0033104508115333,0,0,T1486
asset_6082,0.9042692805633136,1,1,T1486
asset_6083,0.0033104508115097,0,0,T1486
asset_6084,0.0033104508114933,0,0,T1486
asset_6085,0.9042692805633136,1,1,T1486
asset_6086,0.9042692805633136,1,0,T1486
asset_6087,0.9042692805633136,1,0,T1486
asset_6088,0.9042692805633136,1,1,T1486
asset_6089,0.0033104508115333,0,0,T1486
asset_6090,0.9042692805633136,1,1,T1486
asset_6091,0.9042692805633136,1,0,T1486
asset_6092,0.0033104508115333,0,1,T1486
asset_6093,0.9042692805633136,1,0,T1486
asset_6094,0.0033104508135067,0,0,T1486
asset_6095,0.9042692805633136,1,1,T1486
asset_6096,0.9042692805633136,1,0,T1486
asset_6097,0.0033104508115309,0,0,T1486
asset_6098,0.9042692805633136,1,0,T1486
asset_6099,0.9042692805633136,1,0,T1486
asset_6100,0.0033104508115205,0,1,T1486
asset_6101,0.9042692805633136,1,1,T1486
asset_6102,0.9042692805633136,1,0,T1486
asset_6103,0.0033104508115309,0,1,T1486
asset_6104,0.9042692805633136,1,0,T1486
asset_6105,0.9042692805633136,1,1,T1486
asset_6106,0.0034876895567868,0,1,T1486
asset_6107,0.0033104508115333,0,1,T1486
asset_6108,0.0033104508115049,0,0,T1486
asset_6109,0.9042692805633136,1,1,T1486
asset_6110,0.9042692805633136,1,0,T1486
asset_6111,0.9042692805633136,1,1,T1486
asset_6112,0.9042692805633136,1,1,T1486
asset_6113,0.0033104508115333,0,0,T1486
asset_6114,0.9042692805633136,1,1,T1486
asset_6115,0.0033104508114785,0,1,T1486
asset_6116,0.0033104508115333,0,1,T1486
asset_6117,0.9042692805633136,1,1,T1486
asset_6118,0.9042692805633136,1,1,T1486
asset_6119,0.0033104508115333,0,0,T1486
asset_6120,0.9042692805633136,1,0,T1486
asset_6121,0.0033104508115333,0,1,T1486
asset_6122,0.0033104508115333,0,1,T1486
asset_6123,0.9042692805633136,1,0,T1486
asset_6124,0.0033104508115185,0,0,T1486
asset_6125,0.9042692805633136,1,0,T1486
asset_6126,0.9042692805633136,1,1,T1486
asset_6127,0.9042692805633136,1,0,T1486
asset_6128,0.9042692805633136,1,1,T1486
asset_6129,0.0033104508115294,0,1,T1486
asset_6130,0.0033104508115333,0,0,T1486
asset_6131,0.9042692805633136,1,1,T1486
asset_6132,0.9042692805633136,1,1,T1486
asset_6133,0.9042692805633136,1,1,T1486
asset_6134,0.9042692805633136,1,0,T1486
asset_6135,0.9042692805633136,1,0,T1486
asset_6136,0.0033104508115333,0,0,T1486
asset_6137,0.0033104508115333,0,0,T1486
asset_6138,0.9042692805633136,1,0,T1486
asset_6139,0.9042692805633136,1,1,T1486
asset_6140,0.0033104508115333,0,0,T1486
asset_6141,0.0033104508115868,0,1,T1486
asset_6142,0.9042692805633136,1,0,T1486
asset_6143,0.0033104389333239,0,1,T1486
asset_6144,0.0033104508115333,0,0,T1486
asset_6145,0.9042692805633136,1,0,T1486
asset_6146,0.9042692805633136,1,1,T1486
asset_6147,0.9042692805633136,1,0,T1486
asset_6148,0.9042692805633136,1,0,T1486
asset_6149,0.9042692805633136,1,0,T1486
asset_6150,0.9042692805633136,1,1,T1486
asset_6151,0.9042692805633136,1,1,T1486
asset_6152,0.9042692805633136,1,1,T1486
asset_6153,0.0033104508115271,0,0,T1486
asset_6154,0.0033104508115333,0,0,T1486
asset_6155,0.0033104508115318,0,1,T1486
asset_6156,0.9042692805633136,1,1,T1486
asset_6157,0.9042692805633136,1,1,T1486
asset_6158,0.0033104499673624,0,1,T1486
asset_6159,0.0033104508115333,0,1,T1486
asset_6160,0.0033104508115333,0,0,T1486
asset_6161,0.0033104508115309,0,1,T1486
asset_6162,0.0033104508115205,0,0,T1486
asset_6163,0.9042692805633136,1,0,T1486
asset_6164,0.9042692805633136,1,1,T1486
asset_6165,0.9042692805633136,1,0,T1486
asset_6166,0.0033104508115294,0,1,T1486
asset_6167,0.0033104508115333,0,0,T1486
asset_6168,0.0033104508115333,0,1,T1486
asset_6169,0.0033104508114889,0,1,T1486
asset_6170,0.0033104508115097,0,0,T1486
asset_6171,0.9042692805633136,1,1,T1486
asset_6172,0.0033104508115309,0,1,T1486
asset_6173,0.0033104508115333,0,1,T1486
asset_6174,0.003345489346825,0,1,T1486
asset_6175,0.9042692805633136,1,0,T1486
asset_6176,0.0033104508115333,0,0,T1486
asset_6177,0.9042692805633136,1,0,T1486
asset_6178,0.9042692805633136,1,1,T1486
asset_6179,0.0033104490923377,0,0,T1486
asset_6180,0.0033104508115333,0,0,T1486
asset_6181,0.0033104508115333,0,0,T1486
asset_6182,0.9042692805633136,1,1,T1486
asset_6183,0.0033104508115333,0,1,T1486
asset_6184,0.0033104508115333,0,1,T1486
asset_6185,0.0033104508115333,0,0,T1486
asset_6186,0.9042692805633136,1,1,T1486
asset_6187,0.9042692805633136,1,0,T1486
asset_6188,0.003310450811489,0,1,T1486
asset_6189,0.9042692805633136,1,1,T1486
asset_6190,0.9042692805633136,1,0,T1486
asset_6191,0.0033104508115293,0,0,T1486
asset_6192,0.0033104508115333,0,0,T1486
asset_6193,0.0033104508115333,0,1,T1486
asset_6194,0.0033104508115061,0,0,T1486
asset_6195,0.0033104508115061,0,0,T1486
asset_6196,0.0033104508115333,0,0,T1486
asset_6197,0.0033104508115843,0,1,T1486
asset_6198,0.9042692805633136,1,0,T1486
asset_6199,0.9042692805633136,1,1,T1486
asset_6200,0.0033104508114959,0,1,T1486
asset_6201,0.9042692805633136,1,1,T1486
asset_6202,0.9042692805633136,1,0,T1486
asset_6203,0.9042692805633136,1,0,T1486
asset_6204,0.0033104508115309,0,1,T1486
asset_6205,0.0033104508115185,0,1,T1486
asset_6206,0.003310450811489,0,0,T1486
asset_6207,0.9042692805633136,1,1,T1486
asset_6208,0.9042692805633136,1,1,T1486
asset_6209,0.0033104508115309,0,1,T1486
asset_6210,0.0033104508115869,0,1,T1486
asset_6211,0.9042692805633136,1,0,T1486
asset_6212,0.9042692805633136,1,0,T1486
asset_6213,0.9042692805633136,1,0,T1486
asset_6214,0.9042692805633136,1,1,T1486
asset_6215,0.9042692805633136,1,1,T1486
asset_6216,0.0033104508114895,0,1,T1486
asset_6217,0.0033104508115333,0,1,T1486
asset_6218,0.0033104508115333,0,1,T1486
asset_6219,0.0033104508115205,0,0,T1486
asset_6220,0.9042692805633136,1,0,T1486
asset_6221,0.0033104508115333,0,0,T1486
asset_6222,0.0033104508115225,0,0,T1486
asset_6223,0.9042692805633136,1,0,T1486
asset_6224,0.9042692805633136,1,0,T1486
asset_6225,0.9042692805633136,1,0,T1486
asset_6226,0.0033104508115333,0,0,T1486
asset_6227,0.9042692805633136,1,0,T1486
asset_6228,0.0033104508115333,0,1,T1486
asset_6229,0.9042692805633136,1,1,T1486
asset_6230,0.0033104508114889,0,0,T1486
asset_6231,0.9042692805633136,1,1,T1486
asset_6232,0.0033104508115333,0,0,T1486
asset_6233,0.9042692805633136,1,0,T1486
asset_6234,0.9042692805633136,1,0,T1486
asset_6235,0.0033104508115097,0,1,T1486
asset_6236,0.0033104508115333,0,1,T1486
asset_6237,0.0033104508115333,0,0,T1486
asset_6238,0.9042692805633136,1,0,T1486
asset_6239,0.0033104508114785,0,0,T1486
asset_6240,0.0033104508115333,0,0,T1486
asset_6241,0.9042692805633136,1,0,T1486
asset_6242,0.9042692805633136,1,0,T1486
asset_6243,0.9042692805633136,1,0,T1486
asset_6244,0.9042692805633136,1,0,T1486
asset_6245,0.9042692805633136,1,1,T1486
asset_6246,0.0033104508115333,0,1,T1486
asset_6247,0.0033104508114935,0,0,T1486
asset_6248,0.9042692805633136,1,1,T1486
asset_6249,0.003310450811489,0,0,T1486
asset_6250,0.0033104508115333,0,0,T1486
asset_6251,0.9042692805633136,1,0,T1486
asset_6252,0.9042692805633136,1,0,T1486
asset_6253,0.0033104508115309,0,1,T1486
asset_6254,0.0033104508114785,0,0,T1486
asset_6255,0.0033104508115333,0,1,T1486
asset_6256,0.0033104508115205,0,0,T1486
asset_6257,0.9042692805633136,1,1,T1486
asset_6258,0.9042692805633136,1,0,T1486
asset_6259,0.003310450811489,0,1,T1486
asset_6260,0.0033104491359077,0,0,T1486
asset_6261,0.9042692805633136,1,1,T1486
asset_6262,0.9042692805633136,1,0,T1486
asset_6263,0.0033104508115333,0,1,T1486
asset_6264,0.9042692805633136,1,0,T1486
asset_6265,0.9042692805633136,1,0,T1486
asset_6266,0.9042692805633136,1,0,T1486
asset_6267,0.0033104508115333,0,0,T1486
asset_6268,0.0033104508115333,0,0,T1486
asset_6269,0.0033104508115333,0,0,T1486
asset_6270,0.0033104508114552,0,1,T1486
asset_6271,0.9042692805633136,1,0,T1486
asset_6272,0.0033104508115318,0,1,T1486
asset_6273,0.0033104508115061,0,0,T1486
asset_6274,0.0033104508115333,0,0,T1486
asset_6275,0.0033104508115333,0,1,T1486
asset_6276,0.0033104508115333,0,0,T1486
asset_6277,0.0033104508115284,0,0,T1486
asset_6278,0.0033104508115294,0,0,T1486
asset_6279,0.0033104508115333,0,0,T1486
asset_6280,0.9042692805633136,1,1,T1486
asset_6281,0.9042692805633136,1,0,T1486
asset_6282,0.0033104508115333,0,0,T1486
asset_6283,0.9042692805633136,1,0,T1486
asset_6284,0.9042692805633136,1,0,T1486
asset_6285,0.9042692805633136,1,1,T1486
asset_6286,0.9042692805633136,1,0,T1486
asset_6287,0.0033104508115333,0,1,T1486
asset_6288,0.9042692805633136,1,1,T1486
asset_6289,0.0033104508114786,0,0,T1486
asset_6290,0.0033104508115333,0,0,T1486
asset_6291,0.9042692805633136,1,1,T1486
asset_6292,0.0033104508115333,0,1,T1486
asset_6293,0.0033104508115333,0,1,T1486
asset_6294,0.9042692805633136,1,1,T1486
asset_6295,0.0033104508115284,0,1,T1486
asset_6296,0.9042692805633136,1,1,T1486
asset_6297,0.9042692805633136,1,1,T1486
asset_6298,0.9042692805633136,1,0,T1486
asset_6299,0.9042692805633136,1,1,T1486
asset_6300,0.0033104508115333,0,0,T1486
asset_6301,0.9042692805633136,1,1,T1486
asset_6302,0.0033104508115333,0,1,T1486
asset_6303,0.9042692805633136,1,1,T1486
asset_6304,0.9042692805633136,1,0,T1486
asset_6305,0.9042692805633136,1,1,T1486
asset_6306,0.0033104508115309,0,0,T1486
asset_6307,0.0033104508115333,0,0,T1486
asset_6308,0.0033104508115318,0,1,T1486
asset_6309,0.0033104508114677,0,1,T1486
asset_6310,0.9042692805633136,1,1,T1486
asset_6311,0.9042692805633136,1,0,T1486
asset_6312,0.0033104508115201,0,0,T1486
asset_6313,0.0033104508115333,0,1,T1486
asset_6314,0.9042692805633136,1,1,T1486
asset_6315,0.9042692805633136,1,0,T1486
asset_6316,0.0033104508115186,0,1,T1486
asset_6317,0.9042692805633136,1,0,T1486
asset_6318,0.0033104508115333,0,0,T1486
asset_6319,0.9042692805633136,1,0,T1486
asset_6320,0.003310450811583,0,1,T1486
asset_6321,0.0033104508115333,0,0,T1486
asset_6322,0.9042692805633136,1,1,T1486
asset_6323,0.9042692805633136,1,1,T1486
asset_6324,0.9042692805633136,1,1,T1486
asset_6325,0.0033104508114856,0,0,T1486
asset_6326,0.9042692805633136,1,0,T1486
asset_6327,0.0033104508115333,0,1,T1486
asset_6328,0.0033104508115333,0,0,T1486
asset_6329,0.0033104508115061,0,1,T1486
asset_6330,0.0033104508115868,0,0,T1486
asset_6331,0.9042692805633136,1,0,T1486
asset_6332,0.0033104508115186,0,1,T1486
asset_6333,0.0033104508115333,0,1,T1486
asset_6334,0.0033104508115205,0,0,T1486
asset_6335,0.9042692805633136,1,0,T1486
asset_6336,0.9042692805633136,1,0,T1486
asset_6337,0.9042692805633136,1,1,T1486
asset_6338,0.0033104508115294,0,1,T1486
asset_6339,0.0033104508115333,0,1,T1486
asset_6340,0.0033104508115333,0,1,T1486
asset_6341,0.9042692805633136,1,0,T1486
asset_6342,0.0033104508129547,0,1,T1486
asset_6343,0.9042692805633136,1,0,T1486
asset_6344,0.9042692805633136,1,0,T1486
asset_6345,0.9042692805633136,1,0,T1486
asset_6346,0.0041206952685782,0,1,T1486
asset_6347,0.0033104508115333,0,1,T1486
asset_6348,0.0033104508115333,0,0,T1486
asset_6349,0.9042692805633136,1,1,T1486
asset_6350,0.0033104508114618,0,1,T1486
asset_6351,0.0033104508115309,0,0,T1486
asset_6352,0.0033104508115225,0,1,T1486
asset_6353,0.9042692805633136,1,0,T1486
asset_6354,0.0033104508115205,0,1,T1486
asset_6355,0.9042692805633136,1,0,T1486
asset_6356,0.9042692805633136,1,1,T1486
asset_6357,0.0033104508115333,0,1,T1486
asset_6358,0.003310450811466,0,0,T1486
asset_6359,0.9042692805633136,1,1,T1486
asset_6360,0.9042692805633136,1,1,T1486
asset_6361,0.0033454389817491,0,0,T1486
asset_6362,0.9042692805633136,1,1,T1486
asset_6363,0.9042692805633136,1,0,T1486
asset_6364,0.9042692805633136,1,0,T1486
asset_6365,0.0033104508115333,0,0,T1486
asset_6366,0.9042692805633136,1,0,T1486
asset_6367,0.0033104508115201,0,0,T1486
asset_6368,0.0033104508115333,0,0,T1486
asset_6369,0.0033454389836629,0,1,T1486
asset_6370,0.9042692805633136,1,0,T1486
asset_6371,0.9042692805633136,1,0,T1486
asset_6372,0.0033454389830932,0,1,T1486
asset_6373,0.003345437918551,0,0,T1486
asset_6374,0.0033104508115223,0,0,T1486
asset_6375,0.0033104508115333,0,1,T1486
asset_6376,0.0033104508115784,0,0,T1486
asset_6377,0.9042692805633136,1,0,T1486
asset_6378,0.9042692805633136,1,1,T1486
asset_6379,0.9042692805633136,1,1,T1486
asset_6380,0.0033104508117248,0,1,T1486
asset_6381,0.9042692805633136,1,0,T1486
asset_6382,0.0033104508115333,0,0,T1486
asset_6383,0.0033104508114616,0,1,T1486
asset_6384,0.9042692805633136,1,0,T1486
asset_6385,0.9042692805633136,1,1,T1486
asset_6386,0.0033104508115205,0,1,T1486
asset_6387,0.9042692805633136,1,0,T1486
asset_6388,0.9042692805633136,1,1,T1486
asset_6389,0.0033104508115186,0,1,T1486
asset_6390,0.0033104508115843,0,1,T1486
asset_6391,0.9042692805633136,1,1,T1486
asset_6392,0.9042692805633136,1,1,T1486
asset_6393,0.9042692805633136,1,1,T1486
asset_6394,0.9042692805633136,1,0,T1486
asset_6395,0.9042692805633136,1,1,T1486
asset_6396,0.0033104508115225,0,1,T1486
asset_6397,0.9042692805633136,1,0,T1486
asset_6398,0.0033104508115333,0,0,T1486
asset_6399,0.9042692805633136,1,1,T1486
asset_6400,0.0033104508115333,0,1,T1486
asset_6401,0.0033104508115333,0,1,T1486
asset_6402,0.0033104508115205,0,1,T1486
asset_6403,0.9042692805633136,1,0,T1486
asset_6404,0.9042692805633136,1,1,T1486
asset_6405,0.9042692805633136,1,1,T1486
asset_6406,0.9042692805633136,1,0,T1486
asset_6407,0.9042692805633136,1,1,T1486
asset_6408,0.9042692805633136,1,1,T1486
asset_6409,0.003310450811489,0,1,T1486
asset_6410,0.9042692805633136,1,1,T1486
asset_6411,0.0033104508115333,0,0,T1486
asset_6412,0.0033104508115333,0,1,T1486
asset_6413,0.0033104508115021,0,1,T1486
asset_6414,0.9042692805633136,1,1,T1486
asset_6415,0.0033104508115333,0,0,T1486
asset_6416,0.9042692805633136,1,0,T1486
asset_6417,0.0033104508115333,0,1,T1486
asset_6418,0.0033104508115333,0,0,T1486
asset_6419,0.9042692805633136,1,0,T1486
asset_6420,0.003310450811489,0,1,T1486
asset_6421,0.0033104508115293,0,1,T1486
asset_6422,0.0033104508115021,0,0,T1486
asset_6423,0.0033104508115333,0,1,T1486
asset_6424,0.0033104508115333,0,1,T1486
asset_6425,0.0033104508115333,0,0,T1486
asset_6426,0.9042692805633136,1,1,T1486
asset_6427,0.0033104508115333,0,1,T1486
asset_6428,0.0033104508115333,0,1,T1486
asset_6429,0.9042692805633136,1,1,T1486
asset_6430,0.9042692805633136,1,1,T1486
asset_6431,0.9042692805633136,1,1,T1486
asset_6432,0.9042692805633136,1,1,T1486
asset_6433,0.0033104508115333,0,1,T1486
asset_6434,0.9042692805633136,1,1,T1486
asset_6435,0.9042692805633136,1,0,T1486
asset_6436,0.0033104508115333,0,0,T1486
asset_6437,0.9042692805633136,1,0,T1486
asset_6438,0.9042692805633136,1,0,T1486
asset_6439,0.0033104508115205,0,0,T1486
asset_6440,0.0033104508115293,0,0,T1486
asset_6441,0.0033104462285538,0,1,T1486
asset_6442,0.9042692805633136,1,0,T1486
asset_6443,0.9042692805633136,1,1,T1486
asset_6444,0.0033104508115333,0,1,T1486
asset_6445,0.0033104508115333,0,0,T1486
asset_6446,0.0033104508115333,0,1,T1486
asset_6447,0.9042692805633136,1,0,T1486
asset_6448,0.0033104508115333,0,1,T1486
asset_6449,0.9042692805633136,1,1,T1486
asset_6450,0.9042692805633136,1,0,T1486
asset_6451,0.0033104508115333,0,0,T1486
asset_6452,0.9042692805633136,1,0,T1486
asset_6453,0.9042692805633136,1,0,T1486
asset_6454,0.0033104508115309,0,1,T1486
asset_6455,0.9042692805633136,1,1,T1486
asset_6456,0.0033104508115309,0,1,T1486
asset_6457,0.0033104508115309,0,1,T1486
asset_6458,0.9042692805633136,1,0,T1486
asset_6459,0.9042692805633136,1,1,T1486
asset_6460,0.0033104508115309,0,1,T1486
asset_6461,0.9042692805633136,1,1,T1486
asset_6462,0.9042692805633136,1,0,T1486
asset_6463,0.0033104508115333,0,1,T1486
asset_6464,0.9042692805633136,1,0,T1486
asset_6465,0.9042692805633136,1,1,T1486
asset_6466,0.0033104508115201,0,1,T1486
asset_6467,0.9042692805633136,1,1,T1486
asset_6468,0.9042692805633136,1,1,T1486
asset_6469,0.0033104508115225,0,1,T1486
asset_6470,0.0033104508115284,0,0,T1486
asset_6471,0.0033104508115333,0,1,T1486
asset_6472,0.0033104508115333,0,1,T1486
asset_6473,0.0033104508115333,0,0,T1486
asset_6474,0.0033104508114616,0,0,T1486
asset_6475,0.9042692805633136,1,0,T1486
asset_6476,0.9042692805633136,1,0,T1486
asset_6477,0.0033104508115333,0,0,T1486
asset_6478,0.9042692805633136,1,1,T1486
asset_6479,0.9042692805633136,1,1,T1486
asset_6480,0.9042692805633136,1,0,T1486
asset_6481,0.9042692805633136,1,1,T1486
asset_6482,0.9042692805633136,1,0,T1486
asset_6483,0.0033104508115208,0,1,T1486
asset_6484,0.0033104508114618,0,1,T1486
asset_6485,0.0033104508115333,0,1,T1486
asset_6486,0.9042692805633136,1,1,T1486
asset_6487,0.0033104508115333,0,0,T1486
asset_6488,0.003310450811466,0,1,T1486
asset_6489,0.0033104508115333,0,0,T1486
asset_6490,0.9042692805633136,1,0,T1486
asset_6491,0.9042692805633136,1,1,T1486
asset_6492,0.0033104508122665,0,1,T1486
asset_6493,0.9042692805633136,1,0,T1486
asset_6494,0.9042692805633136,1,1,T1486
asset_6495,0.0033104508115099,0,1,T1486
asset_6496,0.9042692805633136,1,0,T1486
asset_6497,0.0033104508115333,0,1,T1486
asset_6498,0.9042692805633136,1,0,T1486
asset_6499,0.0033104508115225,0,0,T1486
asset_6500,0.9042692805633136,1,0,T1486
asset_6501,0.9042692805633136,1,1,T1486
asset_6502,0.0033104508115333,0,0,T1486
asset_6503,0.9042692805633136,1,1,T1486
asset_6504,0.0033104508115333,0,0,T1486
asset_6505,0.0033104508115333,0,0,T1486
asset_6506,0.0033104508115333,0,1,T1486
asset_6507,0.0033104508115293,0,1,T1486
asset_6508,0.9042692805633136,1,1,T1486
asset_6509,0.9042692805633136,1,1,T1486
asset_6510,0.9042692805633136,1,0,T1486
asset_6511,0.0034876895568891,0,1,T1486
asset_6512,0.9042692805633136,1,1,T1486
asset_6513,0.0033104508117248,0,1,T1486
asset_6514,0.0033104508115868,0,1,T1486
asset_6515,0.0033104508115869,0,0,T1486
asset_6516,0.003310450811489,0,0,T1486
asset_6517,0.0033104508115097,0,0,T1486
asset_6518,0.0033104508115223,0,0,T1486
asset_6519,0.0033104508115333,0,0,T1486
asset_6520,0.0033104508115333,0,0,T1486
asset_6521,0.0033104508115333,0,1,T1486
asset_6522,0.9042692805633136,1,1,T1486
asset_6523,0.0033104508115318,0,1,T1486
asset_6524,0.0033104508115333,0,0,T1486
asset_6525,0.0033104508115333,0,0,T1486
asset_6526,0.0033104508115869,0,1,T1486
asset_6527,0.9042692805633136,1,0,T1486
asset_6528,0.9042692805633136,1,1,T1486
asset_6529,0.0033104508115333,0,1,T1486
asset_6530,0.0033104508115333,0,1,T1486
asset_6531,0.0033104508115046,0,0,T1486
asset_6532,0.0033104508115333,0,1,T1486
asset_6533,0.9042692805633136,1,1,T1486
asset_6534,0.9042692805633136,1,0,T1486
asset_6535,0.9042692805633136,1,1,T1486
asset_6536,0.0033104508115333,0,0,T1486
asset_6537,0.0033104508115333,0,1,T1486
asset_6538,0.9042692805633136,1,0,T1486
asset_6539,0.0033104508115333,0,0,T1486
asset_6540,0.0033104508115333,0,0,T1486
asset_6541,0.9042692805633136,1,0,T1486
asset_6542,0.0033104508115333,0,0,T1486
asset_6543,0.9042692805633136,1,0,T1486
asset_6544,0.9042692805633136,1,0,T1486
asset_6545,0.9042692805633136,1,0,T1486
asset_6546,0.0033104500031795,0,1,T1486
asset_6547,0.9042692805633136,1,0,T1486
asset_6548,0.0033104508115333,0,1,T1486
asset_6549,0.9042692805633136,1,1,T1486
asset_6550,0.9042692805633136,1,0,T1486
asset_6551,0.9042692805633136,1,0,T1486
asset_6552,0.0033104508115869,0,1,T1486
asset_6553,0.0033104508115333,0,0,T1486
asset_6554,0.0033104508115333,0,1,T1486
asset_6555,0.0033104508115333,0,1,T1486
asset_6556,0.9042692805633136,1,0,T1486
asset_6557,0.9042692805633136,1,0,T1486
asset_6558,0.9042692805633136,1,0,T1486
asset_6559,0.0033104508115333,0,1,T1486
asset_6560,0.003310450811489,0,1,T1486
asset_6561,0.9042692805633136,1,1,T1486
asset_6562,0.0033104508115294,0,1,T1486
asset_6563,0.9042692805633136,1,1,T1486
asset_6564,0.0033104508115333,0,1,T1486
asset_6565,0.0033104508115333,0,0,T1486
asset_6566,0.0033104508115309,0,1,T1486
asset_6567,0.0033104508117248,0,0,T1486
asset_6568,0.9042692805633136,1,1,T1486
asset_6569,0.9042692805633136,1,1,T1486
asset_6570,0.0033104508115309,0,1,T1486
asset_6571,0.9042692805633136,1,1,T1486
asset_6572,0.9042692805633136,1,1,T1486
asset_6573,0.0033104508115333,0,1,T1486
asset_6574,0.9042692805633136,1,1,T1486
asset_6575,0.0033104508115309,0,1,T1486
asset_6576,0.0033104508115225,0,1,T1486
asset_6577,0.9042692805633136,1,0,T1486
asset_6578,0.9042692805633136,1,1,T1486
asset_6579,0.0033104508114616,0,1,T1486
asset_6580,0.0033104464221243,0,0,T1486
asset_6581,0.9042692805633136,1,1,T1486
asset_6582,0.9042692805633136,1,0,T1486
asset_6583,0.9042692805633136,1,0,T1486
asset_6584,0.0033104508115021,0,0,T1486
asset_6585,0.0033104508115333,0,1,T1486
asset_6586,0.9042692805633136,1,0,T1486
asset_6587,0.0033104508115333,0,0,T1486
asset_6588,0.9042692805633136,1,0,T1486
asset_6589,0.9042692805633136,1,1,T1486
asset_6590,0.9042692805633136,1,1,T1486
asset_6591,0.9042692805633136,1,0,T1486
asset_6592,0.9042692805633136,1,1,T1486
asset_6593,0.0033104508115333,0,1,T1486
asset_6594,0.9042692805633136,1,1,T1486
asset_6595,0.0033104508115333,0,0,T1486
asset_6596,0.9042692805633136,1,1,T1486
asset_6597,0.9042692805633136,1,1,T1486
asset_6598,0.0033104508115099,0,1,T1486
asset_6599,0.0033104508115333,0,0,T1486
asset_6600,0.9042692805633136,1,1,T1486
asset_6601,0.0033104508115333,0,0,T1486
asset_6602,0.9042692805633136,1,1,T1486
asset_6603,0.0033104508115021,0,1,T1486
asset_6604,0.0033104508115333,0,1,T1486
asset_6605,0.9042692805633136,1,1,T1486
asset_6606,0.9042692805633136,1,0,T1486
asset_6607,0.0033104508115205,0,1,T1486
asset_6608,0.0033104508115333,0,1,T1486
asset_6609,0.9042692805633136,1,0,T1486
asset_6610,0.0033104508115333,0,1,T1486
asset_6611,0.0033104508115186,0,1,T1486
asset_6612,0.0033104508115333,0,1,T1486
asset_6613,0.0033104508115333,0,1,T1486
asset_6614,0.0033104508115333,0,0,T1486
asset_6615,0.0033104508115333,0,1,T1486
asset_6616,0.9042692805633136,1,1,T1486
asset_6617,0.0033104508115333,0,0,T1486
asset_6618,0.0033104508115333,0,0,T1486
asset_6619,0.0033104508115333,0,0,T1486
asset_6620,0.0033104508115055,0,0,T1486
asset_6621,0.0033104508115225,0,0,T1486
asset_6622,0.0033104508115205,0,0,T1486
asset_6623,0.0033104508114508,0,0,T1486
asset_6624,0.0033104508115333,0,0,T1486
asset_6625,0.0033104508115333,0,1,T1486
asset_6626,0.0033104508116791,0,1,T1486
asset_6627,0.0033104508115058,0,0,T1486
asset_6628,0.0033104508115333,0,1,T1486
asset_6629,0.9042692805633136,1,1,T1486
asset_6630,0.0033104508115293,0,1,T1486
asset_6631,0.0033104508115318,0,1,T1486
asset_6632,0.0033104508115333,0,0,T1486
asset_6633,0.0033104508115225,0,0,T1486
asset_6634,0.0033104508115186,0,0,T1486
asset_6635,0.0033104508115333,0,0,T1486
asset_6636,0.9042692805633136,1,1,T1486
asset_6637,0.9042692805633136,1,1,T1486
asset_6638,0.9042692805633136,1,0,T1486
asset_6639,0.9042692805633136,1,1,T1486
asset_6640,0.9042692805633136,1,0,T1486
asset_6641,0.9042692805633136,1,1,T1486
asset_6642,0.0033104508115309,0,0,T1486
asset_6643,0.9042692805633136,1,1,T1486
asset_6644,0.0033104508115333,0,0,T1486
asset_6645,0.9042692805633136,1,1,T1486
asset_6646,0.9042692805633136,1,0,T1486
asset_6647,0.9042692805633136,1,0,T1486
asset_6648,0.0033104508115333,0,0,T1486
asset_6649,0.9042692805633136,1,0,T1486
asset_6650,0.9042692805633136,1,0,T1486
asset_6651,0.9042692805633136,1,1,T1486
asset_6652,0.0033104508115316,0,0,T1486
asset_6653,0.9042692805633136,1,0,T1486
asset_6654,0.0033104508115097,0,0,T1486
asset_6655,0.9042692805633136,1,1,T1486
asset_6656,0.0033104508115333,0,0,T1486
asset_6657,0.9042692805633136,1,0,T1486
asset_6658,0.9042692805633136,1,0,T1486
asset_6659,0.9042692805633136,1,1,T1486
asset_6660,0.0033104508114618,0,1,T1486
asset_6661,0.0033104508114933,0,1,T1486
asset_6662,0.0037873349811709,0,0,T1486
asset_6663,0.0033104508115309,0,0,T1486
asset_6664,0.00331045081212,0,1,T1486
asset_6665,0.003345437918551,0,0,T1486
asset_6666,0.0033104508115205,0,1,T1486
asset_6667,0.0033104508115333,0,1,T1486
asset_6668,0.9042692805633136,1,1,T1486
asset_6669,0.9042692805633136,1,0,T1486
asset_6670,0.9042692805633136,1,0,T1486
asset_6671,0.9042692805633136,1,0,T1486
asset_6672,0.9042692805633136,1,0,T1486
asset_6673,0.9042692805633136,1,1,T1486
asset_6674,0.9042692805633136,1,0,T1486
asset_6675,0.0033104508115284,0,1,T1486
asset_6676,0.003310450811489,0,1,T1486
asset_6677,0.9042692805633136,1,1,T1486
asset_6678,0.0033104508115843,0,1,T1486
asset_6679,0.9042692805633136,1,1,T1486
asset_6680,0.9042692805633136,1,1,T1486
asset_6681,0.9042692805633136,1,1,T1486
asset_6682,0.9042692805633136,1,1,T1486
asset_6683,0.9042692805633136,1,0,T1486
asset_6684,0.9042692805633136,1,0,T1486
asset_6685,0.0033104508115868,0,0,T1486
asset_6686,0.9042692805633136,1,0,T1486
asset_6687,0.0033104508115225,0,0,T1486
asset_6688,0.9042692805633136,1,0,T1486
asset_6689,0.0033104508115333,0,1,T1486
asset_6690,0.0033104508115333,0,0,T1486
asset_6691,0.9042692805633136,1,0,T1486
asset_6692,0.0033104508115333,0,0,T1486
asset_6693,0.0033104508115333,0,1,T1486
asset_6694,0.9042692805633136,1,0,T1486
asset_6695,0.0033104508115333,0,0,T1486
asset_6696,0.9042692805633136,1,0,T1486
asset_6697,0.9042692805633136,1,0,T1486
asset_6698,0.9042692805633136,1,1,T1486
asset_6699,0.9042692805633136,1,1,T1486
asset_6700,0.0033104508115097,0,1,T1486
asset_6701,0.9042692805633136,1,1,T1486
asset_6702,0.9042692805633136,1,0,T1486
asset_6703,0.9042692805633136,1,0,T1486
asset_6704,0.0033104508115099,0,0,T1486
asset_6705,0.9042692805633136,1,1,T1486
asset_6706,0.0033104508115271,0,0,T1486
asset_6707,0.0033104508115868,0,0,T1486
asset_6708,0.0033104508115201,0,1,T1486
asset_6709,0.9042692805633136,1,0,T1486
asset_6710,0.0033104508115294,0,0,T1486
asset_6711,0.9042692805633136,1,1,T1486
asset_6712,0.9042692805633136,1,1,T1486
asset_6713,0.0033104508115333,0,1,T1486
asset_6714,0.0033104508115333,0,1,T1486
asset_6715,0.00331045081212,0,0,T1486
asset_6716,0.0033104508115333,0,1,T1486
asset_6717,0.9042692805633136,1,0,T1486
asset_6718,0.9042692805633136,1,1,T1486
asset_6719,0.9042692805633136,1,0,T1486
asset_6720,0.9042692805633136,1,0,T1486
asset_6721,0.9042692805633136,1,1,T1486
asset_6722,0.9042692805633136,1,1,T1486
asset_6723,0.9042692805633136,1,0,T1486
asset_6724,0.9042692805633136,1,0,T1486
asset_6725,0.9042692805633136,1,0,T1486
asset_6726,0.0033104508115271,0,1,T1486
asset_6727,0.9042692805633136,1,0,T1486
asset_6728,0.9042692805633136,1,0,T1486
asset_6729,0.9042692805633136,1,1,T1486
asset_6730,0.0033104508115309,0,1,T1486
asset_6731,0.9042692805633136,1,0,T1486
asset_6732,0.9042692805633136,1,0,T1486
asset_6733,0.0033104508114785,0,0,T1486
asset_6734,0.9042692805633136,1,0,T1486
asset_6735,0.0033104508115333,0,0,T1486
asset_6736,0.9042692805633136,1,1,T1486
asset_6737,0.0033104508115205,0,1,T1486
asset_6738,0.9042692805633136,1,0,T1486
asset_6739,0.9042692805633136,1,1,T1486
asset_6740,0.0033104508115868,0,1,T1486
asset_6741,0.0033104508115163,0,0,T1486
asset_6742,0.9042692805633136,1,0,T1486
asset_6743,0.9042692805633136,1,1,T1486
asset_6744,0.9042692805633136,1,1,T1486
asset_6745,0.9042692805633136,1,0,T1486
asset_6746,0.0033104508115099,0,1,T1486
asset_6747,0.0033104508115333,0,1,T1486
asset_6748,0.0033104508115333,0,0,T1486
asset_6749,0.0033104508115333,0,0,T1486
asset_6750,0.9042692805633136,1,0,T1486
asset_6751,0.0033104508115196,0,1,T1486
asset_6752,0.9042692805633136,1,0,T1486
asset_6753,0.9042692805633136,1,1,T1486
asset_6754,0.9042692805633136,1,1,T1486
asset_6755,0.9042692805633136,1,1,T1486
asset_6756,0.9042692805633136,1,0,T1486
asset_6757,0.9042692805633136,1,1,T1486
asset_6758,0.0033104508115333,0,0,T1486
asset_6759,0.9042692805633136,1,0,T1486
asset_6760,0.9042692805633136,1,0,T1486
asset_6761,0.003310450811466,0,0,T1486
asset_6762,0.0033104500031795,0,1,T1486
asset_6763,0.9042692805633136,1,0,T1486
asset_6764,0.9042692805633136,1,0,T1486
asset_6765,0.0033104508115333,0,1,T1486
asset_6766,0.9042692805633136,1,0,T1486
asset_6767,0.0033104508115309,0,0,T1486
asset_6768,0.9042692805633136,1,1,T1486
asset_6769,0.0033104508115196,0,0,T1486
asset_6770,0.0033104508115333,0,1,T1486
asset_6771,0.0033104508115333,0,1,T1486
asset_6772,0.9042692805633136,1,1,T1486
asset_6773,0.0033104508115333,0,0,T1486
asset_6774,0.003310450811489,0,1,T1486
asset_6775,0.9042692805633136,1,0,T1486
asset_6776,0.0033104508115843,0,1,T1486
asset_6777,0.9042692805633136,1,1,T1486
asset_6778,0.9042692805633136,1,1,T1486
asset_6779,0.9042692805633136,1,1,T1486
asset_6780,0.9042692805633136,1,1,T1486
asset_6781,0.9042692805633136,1,1,T1486
asset_6782,0.0033104508115309,0,0,T1486
asset_6783,0.9042692805633136,1,0,T1486
asset_6784,0.9042692805633136,1,1,T1486
asset_6785,0.9042692805633136,1,0,T1486
asset_6786,0.0033104508115333,0,0,T1486
asset_6787,0.0033104508115225,0,0,T1486
asset_6788,0.9042692805633136,1,0,T1486
asset_6789,0.9042692805633136,1,1,T1486
asset_6790,0.9042692805633136,1,0,T1486
asset_6791,0.0033104469826889,0,0,T1486
asset_6792,0.0033104508115333,0,1,T1486
asset_6793,0.9042692805633136,1,0,T1486
asset_6794,0.9042692805633136,1,0,T1486
asset_6795,0.9042692805633136,1,1,T1486
asset_6796,0.9042692805633136,1,1,T1486
asset_6797,0.9042692805633136,1,0,T1486
asset_6798,0.0033104508115225,0,0,T1486
asset_6799,0.9042692805633136,1,0,T1486
asset_6800,0.9042692805633136,1,0,T1486
asset_6801,0.9042692805633136,1,0,T1486
asset_6802,0.9042692805633136,1,0,T1486
asset_6803,0.9042692805633136,1,0,T1486
asset_6804,0.9042692805633136,1,1,T1486
asset_6805,0.0033104508115868,0,0,T1486
asset_6806,0.9042692805633136,1,1,T1486
asset_6807,0.0033104508115333,0,0,T1486
asset_6808,0.9042692805633136,1,1,T1486
asset_6809,0.9042692805633136,1,1,T1486
asset_6810,0.0041206952685782,0,0,T1486
asset_6811,0.9042692805633136,1,0,T1486
asset_6812,0.0033104508115318,0,0,T1486
asset_6813,0.0033104508115205,0,1,T1486
asset_6814,0.0033104508115307,0,0,T1486
asset_6815,0.9042692805633136,1,1,T1486
asset_6816,0.0033104508115333,0,1,T1486
asset_6817,0.9042692805633136,1,1,T1486
asset_6818,0.9042692805633136,1,0,T1486
asset_6819,0.9042692805633136,1,1,T1486
asset_6820,0.9042692805633136,1,0,T1486
asset_6821,0.0033104508115309,0,1,T1486
asset_6822,0.0033104508115869,0,1,T1486
asset_6823,0.9042692805633136,1,0,T1486
asset_6824,0.9042692805633136,1,1,T1486
asset_6825,0.0033104508115333,0,1,T1486
asset_6826,0.9042692805633136,1,1,T1486
asset_6827,0.9042692805633136,1,0,T1486
asset_6828,0.0033104508115333,0,1,T1486
asset_6829,0.0033104508115869,0,1,T1486
asset_6830,0.9042692805633136,1,1,T1486
asset_6831,0.9042692805633136,1,1,T1486
asset_6832,0.0033104508115333,0,1,T1486
asset_6833,0.9042692805633136,1,0,T1486
asset_6834,0.9042692805633136,1,0,T1486
asset_6835,0.0033104508114785,0,0,T1486
asset_6836,0.0033104508115869,0,0,T1486
asset_6837,0.9042692805633136,1,0,T1486
asset_6838,0.0033104508115333,0,0,T1486
asset_6839,0.9042692805633136,1,1,T1486
asset_6840,0.0033104508115333,0,1,T1486
asset_6841,0.9042692805633136,1,0,T1486
asset_6842,0.9042692805633136,1,1,T1486
asset_6843,0.9042692805633136,1,0,T1486
asset_6844,0.9042692805633136,1,1,T1486
asset_6845,0.0033104508115333,0,0,T1486
asset_6846,0.9042692805633136,1,0,T1486
asset_6847,0.0033104508115271,0,1,T1486
asset_6848,0.0033104508115333,0,1,T1486
asset_6849,0.9042692805633136,1,0,T1486
asset_6850,0.0033104508115333,0,1,T1486
asset_6851,0.9042692805633136,1,0,T1486
asset_6852,0.9042692805633136,1,1,T1486
asset_6853,0.0033104508115333,0,0,T1486
asset_6854,0.9042692805633136,1,1,T1486
asset_6855,0.9042692805633136,1,0,T1486
asset_6856,0.0033104508115333,0,0,T1486
asset_6857,0.9042692805633136,1,1,T1486
asset_6858,0.0033104508115333,0,1,T1486
asset_6859,0.9042692805633136,1,0,T1486
asset_6860,0.0033104508115333,0,0,T1486
asset_6861,0.9042692805633136,1,1,T1486
asset_6862,0.0033104508115333,0,1,T1486
asset_6863,0.9042692805633136,1,0,T1486
asset_6864,0.9042692805633136,1,0,T1486
asset_6865,0.0033104508115333,0,1,T1486
asset_6866,0.0033104508114856,0,1,T1486
asset_6867,0.9042692805633136,1,1,T1486
asset_6868,0.9042692805633136,1,0,T1486
asset_6869,0.0033104508115333,0,0,T1486
asset_6870,0.9042692805633136,1,1,T1486
asset_6871,0.9042692805633136,1,1,T1486
asset_6872,0.0033104508114618,0,1,T1486
asset_6873,0.9042692805633136,1,0,T1486
asset_6874,0.9042692805633136,1,0,T1486
asset_6875,0.0033104508114616,0,1,T1486
asset_6876,0.9042692805633136,1,0,T1486
asset_6877,0.9042692805633136,1,0,T1486
asset_6878,0.0033104508115784,0,1,T1486
asset_6879,0.9042692805633136,1,1,T1486
asset_6880,0.0033104508115333,0,0,T1486
asset_6881,0.0033104508115869,0,0,T1486
asset_6882,0.0033104508115097,0,0,T1486
asset_6883,0.0033104508115333,0,0,T1486
asset_6884,0.0033104508115225,0,1,T1486
asset_6885,0.9042692805633136,1,1,T1486
asset_6886,0.9042692805633136,1,0,T1486
asset_6887,0.9042692805633136,1,0,T1486
asset_6888,0.9042692805633136,1,1,T1486
asset_6889,0.0033104508115333,0,0,T1486
asset_6890,0.9042692805633136,1,0,T1486
asset_6891,0.0033104508115333,0,0,T1486
asset_6892,0.9042692805633136,1,1,T1486
asset_6893,0.0033104508114616,0,1,T1486
asset_6894,0.9042692805633136,1,1,T1486
asset_6895,0.9042692805633136,1,0,T1486
asset_6896,0.0033104508114935,0,0,T1486
asset_6897,0.0033104508115333,0,0,T1486
asset_6898,0.0033104508115333,0,0,T1486
asset_6899,0.0033104508115869,0,1,T1486
asset_6900,0.0033104508114616,0,1,T1486
asset_6901,0.003345437170895,0,1,T1486
asset_6902,0.0033104508115333,0,0,T1486
asset_6903,0.9042692805633136,1,0,T1486
asset_6904,0.9042692805633136,1,1,T1486
asset_6905,0.9042692805633136,1,1,T1486
asset_6906,0.0033104508115201,0,1,T1486
asset_6907,0.9042692805633136,1,1,T1486
asset_6908,0.9042692805633136,1,0,T1486
asset_6909,0.9042692805633136,1,1,T1486
asset_6910,0.9042692805633136,1,0,T1486
asset_6911,0.0033104508115309,0,0,T1486
asset_6912,0.0033104508115309,0,1,T1486
asset_6913,0.9042692805633136,1,1,T1486
asset_6914,0.9042692805633136,1,1,T1486
asset_6915,0.0033104508115333,0,0,T1486
asset_6916,0.0033104508115167,0,1,T1486
asset_6917,0.0033104508115294,0,0,T1486
asset_6918,0.0033104508114616,0,0,T1486
asset_6919,0.0033104508115309,0,0,T1486
asset_6920,0.9042692805633136,1,0,T1486
asset_6921,0.9042692805633136,1,1,T1486
asset_6922,0.9042692805633136,1,0,T1486
asset_6923,0.9042692805633136,1,1,T1486
asset_6924,0.0033104508115333,0,0,T1486
asset_6925,0.0033104497484606,0,0,T1486
asset_6926,0.0033104508115333,0,1,T1486
asset_6927,0.0033104508115294,0,1,T1486
asset_6928,0.00331045081212,0,1,T1486
asset_6929,0.0033104508114787,0,1,T1486
asset_6930,0.9042692805633136,1,1,T1486
asset_6931,0.0033104508115333,0,0,T1486
asset_6932,0.0033104508115333,0,0,T1486
asset_6933,0.9042692805633136,1,1,T1486
asset_6934,0.0033104508115333,0,1,T1486
asset_6935,0.0033104508115333,0,0,T1486
asset_6936,0.9042692805633136,1,0,T1486
asset_6937,0.0033104508115333,0,0,T1486
asset_6938,0.9042692805633136,1,1,T1486
asset_6939,0.0033104508115333,0,0,T1486
asset_6940,0.0033104508114856,0,1,T1486
asset_6941,0.9042692805633136,1,1,T1486
asset_6942,0.9042692805633136,1,0,T1486
asset_6943,0.9042692805633136,1,0,T1486
asset_6944,0.9042692805633136,1,1,T1486
asset_6945,0.0033104508115333,0,0,T1486
asset_6946,0.9042692805633136,1,1,T1486
asset_6947,0.0033104508115333,0,1,T1486
asset_6948,0.0033104508115333,0,1,T1486
asset_6949,0.0033104508115333,0,1,T1486
asset_6950,0.9042692805633136,1,1,T1486
asset_6951,0.0033104462285538,0,0,T1486
asset_6952,0.0033104508115061,0,0,T1486
asset_6953,0.9042692805633136,1,1,T1486
asset_6954,0.0033104508114508,0,1,T1486
asset_6955,0.0033104508115333,0,1,T1486
asset_6956,0.0033104508114616,0,0,T1486
asset_6957,0.003310450811531,0,0,T1486
asset_6958,0.003310450811489,0,1,T1486
asset_6959,0.9042692805633136,1,0,T1486
asset_6960,0.9042692805633136,1,1,T1486
asset_6961,0.9042692805633136,1,1,T1486
asset_6962,0.0033104508115205,0,0,T1486
asset_6963,0.9042692805633136,1,0,T1486
asset_6964,0.9042692805633136,1,0,T1486
asset_6965,0.9042692805633136,1,0,T1486
asset_6966,0.9042692805633136,1,0,T1486
asset_6967,0.0033104508115869,0,1,T1486
asset_6968,0.9042692805633136,1,1,T1486
asset_6969,0.0033104508115309,0,1,T1486
asset_6970,0.0033104508114856,0,1,T1486
asset_6971,0.9042692805633136,1,1,T1486
asset_6972,0.0033104508115333,0,0,T1486
asset_6973,0.0033104508115333,0,1,T1486
asset_6974,0.9042692805633136,1,0,T1486
asset_6975,0.9042692805633136,1,1,T1486
asset_6976,0.0033104508115333,0,1,T1486
asset_6977,0.9042692805633136,1,1,T1486
asset_6978,0.0033104508115333,0,0,T1486
asset_6979,0.0033104508115333,0,1,T1486
asset_6980,0.0033104508115333,0,0,T1486
asset_6981,0.0033104508115868,0,0,T1486
asset_6982,0.0033104508115333,0,0,T1486
asset_6983,0.0033104508115869,0,0,T1486
asset_6984,0.0033104508115333,0,0,T1486
asset_6985,0.0033104508115333,0,0,T1486
asset_6986,0.0033104508115333,0,1,T1486
asset_6987,0.9042692805633136,1,1,T1486
asset_6988,0.0033104508115333,0,0,T1486
asset_6989,0.9042692805633136,1,1,T1486
asset_6990,0.0033104508115333,0,0,T1486
asset_6991,0.0033104508115333,0,0,T1486
asset_6992,0.0033104508115225,0,1,T1486
asset_6993,0.9042692805633136,1,1,T1486
asset_6994,0.003310450811489,0,0,T1486
asset_6995,0.9042692805633136,1,1,T1486
asset_6996,0.9042692805633136,1,0,T1486
asset_6997,0.9042692805633136,1,1,T1486
asset_6998,0.9042692805633136,1,0,T1486
asset_6999,0.0033454389816956,0,0,T1486
asset_7000,0.0033104508115333,0,0,T1486
asset_7001,0.9042692805633136,1,0,T1486
asset_7002,0.9042692805633136,1,1,T1486
asset_7003,0.9042692805633136,1,0,T1486
asset_7004,0.9042692805633136,1,0,T1486
asset_7005,0.9042692805633136,1,1,T1486
asset_7006,0.0033104508115333,0,1,T1486
asset_7007,0.0033104508115333,0,0,T1486
asset_7008,0.9042692805633136,1,1,T1486
asset_7009,0.0033104508115333,0,1,T1486
asset_7010,0.9042692805633136,1,1,T1486
asset_7011,0.0033104508115097,0,0,T1486
asset_7012,0.0033104508115333,0,1,T1486
asset_7013,0.0033104508115333,0,0,T1486
asset_7014,0.0033104508115208,0,0,T1486
asset_7015,0.9042692805633136,1,0,T1486
asset_7016,0.9042692805633136,1,1,T1486
asset_7017,0.0033104508115333,0,1,T1486
asset_7018,0.9042692805633136,1,0,T1486
asset_7019,0.003310450811489,0,0,T1486
asset_7020,0.0033104508115309,0,0,T1486
asset_7021,0.9042692805633136,1,1,T1486
asset_7022,0.0033104508115333,0,1,T1486
asset_7023,0.0033104508115784,0,0,T1486
asset_7024,0.0033104508115333,0,0,T1486
asset_7025,0.9042692805633136,1,1,T1486
asset_7026,0.9042692805633136,1,1,T1486
asset_7027,0.0033104508115333,0,1,T1486
asset_7028,0.0033104508115309,0,0,T1486
asset_7029,0.0033104508115293,0,0,T1486
asset_7030,0.0033104508115333,0,0,T1486
asset_7031,0.9042692805633136,1,0,T1486
asset_7032,0.0033104508115333,0,0,T1486
asset_7033,0.9042692805633136,1,0,T1486
asset_7034,0.9042692805633136,1,0,T1486
asset_7035,0.0033104508115868,0,1,T1486
asset_7036,0.0033104508115333,0,0,T1486
asset_7037,0.9042692805633136,1,1,T1486
asset_7038,0.9042692805633136,1,0,T1486
asset_7039,0.0033104508115868,0,0,T1486
asset_7040,0.0033104508115309,0,0,T1486
asset_7041,0.0033104508120232,0,1,T1486
asset_7042,0.0033104508115333,0,1,T1486
asset_7043,0.9042692805633136,1,1,T1486
asset_7044,0.0033104508115333,0,0,T1486
asset_7045,0.9042692805633136,1,1,T1486
asset_7046,0.9042692805633136,1,1,T1486
asset_7047,0.9042692805633136,1,0,T1486
asset_7048,0.0033104508115784,0,0,T1486
asset_7049,0.0033104508114785,0,1,T1486
asset_7050,0.9042692805633136,1,0,T1486
asset_7051,0.9042692805633136,1,1,T1486
asset_7052,0.0033104508115333,0,0,T1486
asset_7053,0.9042692805633136,1,1,T1486
asset_7054,0.0033104508115333,0,1,T1486
asset_7055,0.003310450811489,0,1,T1486
asset_7056,0.9042692805633136,1,0,T1486
asset_7057,0.0033104508115294,0,1,T1486
asset_7058,0.9042692805633136,1,0,T1486
asset_7059,0.0033104508114935,0,1,T1486
asset_7060,0.0033104508115333,0,0,T1486
asset_7061,0.0033104508115333,0,1,T1486
asset_7062,0.0033104508115333,0,1,T1486
asset_7063,0.0033104469826889,0,0,T1486
asset_7064,0.9042692805633136,1,0,T1486
asset_7065,0.9042692805633136,1,1,T1486
asset_7066,0.0033104508115333,0,1,T1486
asset_7067,0.0033104508115333,0,0,T1486
asset_7068,0.0033104508115868,0,0,T1486
asset_7069,0.0033104508115333,0,1,T1486
asset_7070,0.9042692805633136,1,0,T1486
asset_7071,0.9042692805633136,1,0,T1486
asset_7072,0.9042692805633136,1,0,T1486
asset_7073,0.0033104508115333,0,1,T1486
asset_7074,0.9042692805633136,1,1,T1486
asset_7075,0.9042692805633136,1,1,T1486
asset_7076,0.9042692805633136,1,0,T1486
asset_7077,0.0033104508115309,0,1,T1486
asset_7078,0.0033104508114677,0,0,T1486
asset_7079,0.9042692805633136,1,0,T1486
asset_7080,0.9042692805633136,1,0,T1486
asset_7081,0.0033104508115333,0,1,T1486
asset_7082,0.0033454371183524,0,0,T1486
asset_7083,0.9042692805633136,1,1,T1486
asset_7084,0.9042692805633136,1,1,T1486
asset_7085,0.0033104508115225,0,0,T1486
asset_7086,0.0033104508115333,0,1,T1486
asset_7087,0.9042692805633136,1,1,T1486
asset_7088,0.0033104508115058,0,1,T1486
asset_7089,0.0033104508115309,0,0,T1486
asset_7090,0.9042692805633136,1,1,T1486
asset_7091,0.0033104508115333,0,1,T1486
asset_7092,0.9042692805633136,1,0,T1486
asset_7093,0.9042692805633136,1,1,T1486
asset_7094,0.9042692805633136,1,1,T1486
asset_7095,0.0033104508115333,0,0,T1486
asset_7096,0.9042692805633136,1,1,T1486
asset_7097,0.9042692805633136,1,0,T1486
asset_7098,0.9042692805633136,1,0,T1486
asset_7099,0.9042692805633136,1,0,T1486
asset_7100,0.9042692805633136,1,0,T1486
asset_7101,0.9042692805633136,1,0,T1486
asset_7102,0.0033104508114785,0,1,T1486
asset_7103,0.9042692805633136,1,1,T1486
asset_7104,0.0033104508115205,0,1,T1486
asset_7105,0.0033104508115333,0,0,T1486
asset_7106,0.0033104508115309,0,1,T1486
asset_7107,0.9042692805633136,1,0,T1486
asset_7108,0.9042692805633136,1,0,T1486
asset_7109,0.9042692805633136,1,1,T1486
asset_7110,0.9042692805633136,1,1,T1486
asset_7111,0.9042692805633136,1,1,T1486
asset_7112,0.9042692805633136,1,0,T1486
asset_7113,0.9042692805633136,1,0,T1486
asset_7114,0.0033104508115333,0,1,T1486
asset_7115,0.0033104508115333,0,1,T1486
asset_7116,0.9042692805633136,1,0,T1486
asset_7117,0.0033104508115333,0,0,T1486
asset_7118,0.9042692805633136,1,0,T1486
asset_7119,0.0033104508115201,0,0,T1486
asset_7120,0.0033104508115294,0,0,T1486
asset_7121,0.0033104508115333,0,0,T1486
asset_7122,0.0033104508114935,0,1,T1486
asset_7123,0.9042692805633136,1,1,T1486
asset_7124,0.9042692805633136,1,1,T1486
asset_7125,0.0033104508115318,0,0,T1486
asset_7126,0.0033104508115333,0,1,T1486
asset_7127,0.9042692805633136,1,1,T1486
asset_7128,0.0033104508115309,0,1,T1486
asset_7129,0.9042692805633136,1,1,T1486
asset_7130,0.0033104508115309,0,1,T1486
asset_7131,0.9042692805633136,1,0,T1486
asset_7132,0.0033104508115333,0,0,T1486
asset_7133,0.9042692805633136,1,1,T1486
asset_7134,0.0033104508115294,0,1,T1486
asset_7135,0.0033104508115333,0,0,T1486
asset_7136,0.0033104508115333,0,0,T1486
asset_7137,0.0033104508114618,0,0,T1486
asset_7138,0.9042692805633136,1,1,T1486
asset_7139,0.0033104508115333,0,1,T1486
asset_7140,0.9042692805633136,1,0,T1486
asset_7141,0.9042692805633136,1,1,T1486
asset_7142,0.0033104508115333,0,1,T1486
asset_7143,0.0033104508115333,0,1,T1486
asset_7144,0.0033104508116689,0,1,T1486
asset_7145,0.9042692805633136,1,0,T1486
asset_7146,0.9042692805633136,1,1,T1486
asset_7147,0.9042692805633136,1,0,T1486
asset_7148,0.0033104508115333,0,0,T1486
asset_7149,0.9042692805633136,1,0,T1486
asset_7150,0.0033104508115293,0,0,T1486
asset_7151,0.0033104508114889,0,1,T1486
asset_7152,0.0033104508115333,0,1,T1486
asset_7153,0.0033104508115333,0,0,T1486
asset_7154,0.0033454389820513,0,1,T1486
asset_7155,0.9042692805633136,1,0,T1486
asset_7156,0.9042692805633136,1,0,T1486
asset_7157,0.9042692805633136,1,0,T1486
asset_7158,0.0033104499673624,0,1,T1486
asset_7159,0.9042692805633136,1,0,T1486
asset_7160,0.0033104508115333,0,0,T1486
asset_7161,0.0033104508115309,0,0,T1486
asset_7162,0.9042692805633136,1,1,T1486
asset_7163,0.0033104508115784,0,0,T1486
asset_7164,0.9042692805633136,1,1,T1486
asset_7165,0.9042692805633136,1,1,T1486
asset_7166,0.0033104508115333,0,0,T1486
asset_7167,0.9042692805633136,1,1,T1486
asset_7168,0.9042692805633136,1,1,T1486
asset_7169,0.9042692805633136,1,1,T1486
asset_7170,0.0033104508115061,0,1,T1486
asset_7171,0.0033104508115784,0,0,T1486
asset_7172,0.9042692805633136,1,0,T1486
asset_7173,0.9042692805633136,1,1,T1486
asset_7174,0.9042692805633136,1,0,T1486
asset_7175,0.9042692805633136,1,0,T1486
asset_7176,0.0033104508115333,0,0,T1486
asset_7177,0.003310450811489,0,0,T1486
asset_7178,0.9042692805633136,1,1,T1486
asset_7179,0.0033104508115333,0,1,T1486
asset_7180,0.9042692805633136,1,0,T1486
asset_7181,0.9042692805633136,1,1,T1486
asset_7182,0.0033104508115333,0,1,T1486
asset_7183,0.9042692805633136,1,1,T1486
asset_7184,0.9042692805633136,1,1,T1486
asset_7185,0.9042692805633136,1,1,T1486
asset_7186,0.0033104508115333,0,1,T1486
asset_7187,0.9042692805633136,1,0,T1486
asset_7188,0.9042692805633136,1,1,T1486
asset_7189,0.0033104508115333,0,1,T1486
asset_7190,0.9042692805633136,1,1,T1486
asset_7191,0.9042692805633136,1,0,T1486
asset_7192,0.9042692805633136,1,1,T1486
asset_7193,0.9042692805633136,1,0,T1486
asset_7194,0.9042692805633136,1,0,T1486
asset_7195,0.0033104508115058,0,0,T1486
asset_7196,0.0033104508115333,0,0,T1486
asset_7197,0.0033104508115333,0,0,T1486
asset_7198,0.9042692805633136,1,0,T1486
asset_7199,0.9042692805633136,1,1,T1486
asset_7200,0.9042692805633136,1,1,T1486
asset_7201,0.0033104508115225,0,0,T1486
asset_7202,0.0033104508115333,0,1,T1486
asset_7203,0.0033104508114552,0,0,T1486
asset_7204,0.0033104508115333,0,0,T1486
asset_7205,0.0033104508115333,0,0,T1486
asset_7206,0.9042692805633136,1,1,T1486
asset_7207,0.0033104508115784,0,0,T1486
asset_7208,0.0033104508115333,0,0,T1486
asset_7209,0.0033104508115333,0,0,T1486
asset_7210,0.9042692805633136,1,0,T1486
asset_7211,0.0033104508115333,0,0,T1486
asset_7212,0.9042692805633136,1,1,T1486
asset_7213,0.0033104508115333,0,1,T1486
asset_7214,0.0033104508115333,0,1,T1486
asset_7215,0.0033104508115333,0,0,T1486
asset_7216,0.0033104508115208,0,0,T1486
asset_7217,0.9042692805633136,1,0,T1486
asset_7218,0.0033104469826889,0,0,T1486
asset_7219,0.0033104508115176,0,1,T1486
asset_7220,0.0033104508115333,0,0,T1486
asset_7221,0.9042692805633136,1,1,T1486
asset_7222,0.9042692805633136,1,1,T1486
asset_7223,0.9042692805633136,1,1,T1486
asset_7224,0.0033104508115333,0,1,T1486
asset_7225,0.9042692805633136,1,1,T1486
asset_7226,0.9042692805633136,1,1,T1486
asset_7227,0.9042692805633136,1,0,T1486
asset_7228,0.0033104508129547,0,0,T1486
asset_7229,0.0033104508115333,0,0,T1486
asset_7230,0.0033104508115758,0,1,T1486
asset_7231,0.9042692805633136,1,1,T1486
asset_7232,0.9042692805633136,1,0,T1486
asset_7233,0.0033104508115333,0,1,T1486
asset_7234,0.0033804806987569,0,0,T1486
asset_7235,0.0033104508115294,0,1,T1486
asset_7236,0.003310450811489,0,1,T1486
asset_7237,0.9042692805633136,1,0,T1486
asset_7238,0.0033104508115293,0,1,T1486
asset_7239,0.9042692805633136,1,0,T1486
asset_7240,0.9042692805633136,1,0,T1486
asset_7241,0.9042692805633136,1,0,T1486
asset_7242,0.9042692805633136,1,1,T1486
asset_7243,0.9042692805633136,1,0,T1486
asset_7244,0.0033104508115333,0,1,T1486
asset_7245,0.0033104508115333,0,0,T1486
asset_7246,0.0033104508115333,0,1,T1486
asset_7247,0.0033804806999925,0,0,T1486
asset_7248,0.9042692805633136,1,1,T1486
asset_7249,0.0033104508115333,0,0,T1486
asset_7250,0.0033104508115784,0,0,T1486
asset_7251,0.9042692805633136,1,1,T1486
asset_7252,0.9042692805633136,1,0,T1486
asset_7253,0.9042692805633136,1,1,T1486
asset_7254,0.9042692805633136,1,1,T1486
asset_7255,0.9042692805633136,1,0,T1486
asset_7256,0.0033104508115333,0,1,T1486
asset_7257,0.9042692805633136,1,0,T1486
asset_7258,0.9042692805633136,1,0,T1486
asset_7259,0.0033104508115333,0,1,T1486
asset_7260,0.9042692805633136,1,0,T1486
asset_7261,0.0033104508115333,0,1,T1486
asset_7262,0.0033104508114785,0,0,T1486
asset_7263,0.9042692805633136,1,0,T1486
asset_7264,0.0033104490933179,0,1,T1486
asset_7265,0.0033104508115333,0,0,T1486
asset_7266,0.0033104508114618,0,0,T1486
asset_7267,0.0033104508115333,0,1,T1486
asset_7268,0.0033104508115333,0,1,T1486
asset_7269,0.9042692805633136,1,0,T1486
asset_7270,0.0033104508115333,0,1,T1486
asset_7271,0.0033104508115097,0,1,T1486
asset_7272,0.0033104508115843,0,0,T1486
asset_7273,0.9042692805633136,1,0,T1486
asset_7274,0.0033104508115333,0,1,T1486
asset_7275,0.0033104508115333,0,1,T1486
asset_7276,0.9042692805633136,1,1,T1486
asset_7277,0.9042692805633136,1,1,T1486
asset_7278,0.0033104508114935,0,0,T1486
asset_7279,0.9042692805633136,1,1,T1486
asset_7280,0.9042692805633136,1,0,T1486
asset_7281,0.0033104508115333,0,1,T1486
asset_7282,0.0033104508115333,0,0,T1486
asset_7283,0.0033104508115333,0,0,T1486
asset_7284,0.0033104508115196,0,0,T1486
asset_7285,0.0033104499674198,0,0,T1486
asset_7286,0.9042692805633136,1,1,T1486
asset_7287,0.9042692805633136,1,1,T1486
asset_7288,0.9042692805633136,1,1,T1486
asset_7289,0.0033104508115146,0,1,T1486
asset_7290,0.0033104508115309,0,1,T1486
asset_7291,0.0033104508115333,0,1,T1486
asset_7292,0.9042692805633136,1,0,T1486
asset_7293,0.0033104508115225,0,1,T1486
asset_7294,0.9042692805633136,1,0,T1486
asset_7295,0.0033104508114677,0,1,T1486
asset_7296,0.9042692805633136,1,1,T1486
asset_7297,0.0033104508115333,0,1,T1486
asset_7298,0.9042692805633136,1,0,T1486
asset_7299,0.0033104508115021,0,0,T1486
asset_7300,0.9042692805633136,1,0,T1486
asset_7301,0.0033104508115333,0,1,T1486
asset_7302,0.9042692805633136,1,1,T1486
asset_7303,0.0033104508115333,0,0,T1486
asset_7304,0.003310450811466,0,0,T1486
asset_7305,0.0033104508114785,0,0,T1486
asset_7306,0.9042692805633136,1,0,T1486
asset_7307,0.9042692805633136,1,0,T1486
asset_7308,0.0033454904089115,0,1,T1486
asset_7309,0.9042692805633136,1,1,T1486
asset_7310,0.9042692805633136,1,0,T1486
asset_7311,0.9042692805633136,1,0,T1486
asset_7312,0.9042692805633136,1,1,T1486
asset_7313,0.0033104508115309,0,0,T1486
asset_7314,0.9042692805633136,1,1,T1486
asset_7315,0.9042692805633136,1,0,T1486
asset_7316,0.0033104508115333,0,0,T1486
asset_7317,0.9042692805633136,1,1,T1486
asset_7318,0.0033104508115309,0,0,T1486
asset_7319,0.0033104508115333,0,1,T1486
asset_7320,0.003310450811583,0,1,T1486
asset_7321,0.0033104508115333,0,1,T1486
asset_7322,0.0033104508115868,0,0,T1486
asset_7323,0.0033104508115333,0,0,T1486
asset_7324,0.0033104508114785,0,0,T1486
asset_7325,0.9042692805633136,1,0,T1486
asset_7326,0.9042692805633136,1,1,T1486
asset_7327,0.0033104508115333,0,0,T1486
asset_7328,0.0033104508115333,0,1,T1486
asset_7329,0.0033104508115869,0,0,T1486
asset_7330,0.0033104508115333,0,1,T1486
asset_7331,0.9042692805633136,1,0,T1486
asset_7332,0.9042692805633136,1,1,T1486
asset_7333,0.0033804806999925,0,0,T1486
asset_7334,0.0033104508115333,0,0,T1486
asset_7335,0.0033104508115333,0,1,T1486
asset_7336,0.9042692805633136,1,1,T1486
asset_7337,0.0033104508115205,0,0,T1486
asset_7338,0.9042692805633136,1,0,T1486
asset_7339,0.0033104508115309,0,0,T1486
asset_7340,0.0033104508115333,0,0,T1486
asset_7341,0.0033104508115333,0,1,T1486
asset_7342,0.9042692805633136,1,1,T1486
asset_7343,0.0033104508115333,0,1,T1486
asset_7344,0.0033104508115333,0,1,T1486
asset_7345,0.9042692805633136,1,0,T1486
asset_7346,0.0033104508115099,0,0,T1486
asset_7347,0.9042692805633136,1,1,T1486
asset_7348,0.9042692805633136,1,1,T1486
asset_7349,0.9042692805633136,1,0,T1486
asset_7350,0.0033104508115333,0,0,T1486
asset_7351,0.0033104508115333,0,1,T1486
asset_7352,0.0037873349811709,0,1,T1486
asset_7353,0.9042692805633136,1,0,T1486
asset_7354,0.9042692805633136,1,0,T1486
asset_7355,0.9042692805633136,1,0,T1486
asset_7356,0.9042692805633136,1,0,T1486
asset_7357,0.0033104508115333,0,0,T1486
asset_7358,0.0033104508115205,0,1,T1486
asset_7359,0.0033104490933179,0,0,T1486
asset_7360,0.9042692805633136,1,1,T1486
asset_7361,0.9042692805633136,1,0,T1486
asset_7362,0.9042692805633136,1,0,T1486
asset_7363,0.0033104508115309,0,0,T1486
asset_7364,0.0033104508115333,0,1,T1486
asset_7365,0.0033104508115333,0,0,T1486
asset_7366,0.0033104508115333,0,1,T1486
asset_7367,0.0033104490923378,0,0,T1486
asset_7368,0.9042692805633136,1,0,T1486
asset_7369,0.0033104508115333,0,1,T1486
asset_7370,0.9042692805633136,1,1,T1486
asset_7371,0.9042692805633136,1,0,T1486
asset_7372,0.9042692805633136,1,0,T1486
asset_7373,0.0033104508115293,0,1,T1486
asset_7374,0.9042692805633136,1,0,T1486
asset_7375,0.0033104508115333,0,0,T1486
asset_7376,0.9042692805633136,1,0,T1486
asset_7377,0.0033104508115333,0,0,T1486
asset_7378,0.0033104508115318,0,0,T1486
asset_7379,0.0033104508115225,0,1,T1486
asset_7380,0.9042692805633136,1,0,T1486
asset_7381,0.0033104508115333,0,0,T1486
asset_7382,0.9042692805633136,1,0,T1486
asset_7383,0.0033104508114616,0,0,T1486
asset_7384,0.9042692805633136,1,1,T1486
asset_7385,0.0033104508114889,0,0,T1486
asset_7386,0.9042692805633136,1,0,T1486
asset_7387,0.0033104508115097,0,1,T1486
asset_7388,0.9042692805633136,1,1,T1486
asset_7389,0.0033104508115333,0,0,T1486
asset_7390,0.9042692805633136,1,0,T1486
asset_7391,0.9042692805633136,1,1,T1486
asset_7392,0.0033104508115333,0,1,T1486
asset_7393,0.0033104508115333,0,1,T1486
asset_7394,0.0033104508115185,0,0,T1486
asset_7395,0.0033104508114889,0,1,T1486
asset_7396,0.0033104508115333,0,0,T1486
asset_7397,0.9042692805633136,1,1,T1486
asset_7398,0.9042692805633136,1,0,T1486
asset_7399,0.9042692805633136,1,1,T1486
asset_7400,0.9042692805633136,1,1,T1486
asset_7401,0.9042692805633136,1,1,T1486
asset_7402,0.9042692805633136,1,0,T1486
asset_7403,0.9042692805633136,1,1,T1486
asset_7404,0.9042692805633136,1,1,T1486
asset_7405,0.0033104508115333,0,1,T1486
asset_7406,0.9042692805633136,1,1,T1486
asset_7407,0.9042692805633136,1,0,T1486
asset_7408,0.9042692805633136,1,0,T1486
asset_7409,0.0033104508115201,0,1,T1486
asset_7410,0.9042692805633136,1,1,T1486
asset_7411,0.0033104508115333,0,1,T1486
asset_7412,0.9042692805633136,1,1,T1486
asset_7413,0.0033104508115333,0,0,T1486
asset_7414,0.0033104508115333,0,0,T1486
asset_7415,0.9042692805633136,1,0,T1486
asset_7416,0.9042692805633136,1,1,T1486
asset_7417,0.0033104464221243,0,0,T1486
asset_7418,0.9042692805633136,1,1,T1486
asset_7419,0.0033104508115333,0,0,T1486
asset_7420,0.0033104508115309,0,0,T1486
asset_7421,0.0033104508115333,0,1,T1486
asset_7422,0.9042692805633136,1,0,T1486
asset_7423,0.0033104508115225,0,1,T1486
asset_7424,0.9042692805633136,1,0,T1486
asset_7425,0.9042692805633136,1,1,T1486
asset_7426,0.0033104508115333,0,0,T1486
asset_7427,0.0033104508115309,0,0,T1486
asset_7428,0.0033104508115333,0,0,T1486
asset_7429,0.0033104508115333,0,1,T1486
asset_7430,0.9042692805633136,1,0,T1486
asset_7431,0.0033104508114933,0,1,T1486
asset_7432,0.9042692805633136,1,0,T1486
asset_7433,0.0033104508115333,0,1,T1486
asset_7434,0.9042692805633136,1,0,T1486
asset_7435,0.9042692805633136,1,0,T1486
asset_7436,0.9042692805633136,1,0,T1486
asset_7437,0.9042692805633136,1,0,T1486
asset_7438,0.9042692805633136,1,1,T1486
asset_7439,0.9042692805633136,1,1,T1486
asset_7440,0.9042692805633136,1,1,T1486
asset_7441,0.0033104508115333,0,0,T1486
asset_7442,0.0033104508115333,0,0,T1486
asset_7443,0.9042692805633136,1,0,T1486
asset_7444,0.0033104508115309,0,0,T1486
asset_7445,0.9042692805633136,1,0,T1486
asset_7446,0.0033104508115333,0,1,T1486
asset_7447,0.0033104508115333,0,1,T1486
asset_7448,0.9042692805633136,1,1,T1486
asset_7449,0.0033104508115333,0,1,T1486
asset_7450,0.0033104508115333,0,1,T1486
asset_7451,0.9042692805633136,1,0,T1486
asset_7452,0.0033104508115333,0,1,T1486
asset_7453,0.0033104508115333,0,0,T1486
asset_7454,0.9042692805633136,1,0,T1486
asset_7455,0.9042692805633136,1,1,T1486
asset_7456,0.9042692805633136,1,0,T1486
asset_7457,0.0033104508115196,0,0,T1486
asset_7458,0.0033104508115309,0,1,T1486
asset_7459,0.0033104508115333,0,0,T1486
asset_7460,0.0033104508115333,0,1,T1486
asset_7461,0.0033104508115333,0,0,T1486
asset_7462,0.0033104508115333,0,0,T1486
asset_7463,0.0033104508114677,0,0,T1486
asset_7464,0.003310450811531,0,1,T1486
asset_7465,0.0033104508115061,0,0,T1486
asset_7466,0.9042692805633136,1,0,T1486
asset_7467,0.0033104508115333,0,0,T1486
asset_7468,0.9042692805633136,1,0,T1486
asset_7469,0.0033104508115333,0,0,T1486
asset_7470,0.0033104508115309,0,1,T1486
asset_7471,0.9042692805633136,1,0,T1486
asset_7472,0.9042692805633136,1,1,T1486
asset_7473,0.0033104508115333,0,0,T1486
asset_7474,0.0033104508114508,0,0,T1486
asset_7475,0.9042692805633136,1,0,T1486
asset_7476,0.0033104508115784,0,1,T1486
asset_7477,0.9042692805633136,1,0,T1486
asset_7478,0.0033104508115333,0,1,T1486
asset_7479,0.0033104508114616,0,1,T1486
asset_7480,0.0033454389836629,0,1,T1486
asset_7481,0.9042692805633136,1,1,T1486
asset_7482,0.9042692805633136,1,0,T1486
asset_7483,0.9042692805633136,1,0,T1486
asset_7484,0.0033104508115333,0,1,T1486
asset_7485,0.0033104508115333,0,1,T1486
asset_7486,0.0033104508115868,0,0,T1486
asset_7487,0.0033104508115333,0,0,T1486
asset_7488,0.9042692805633136,1,0,T1486
asset_7489,0.0033104389333239,0,1,T1486
asset_7490,0.0033104508115225,0,1,T1486
asset_7491,0.9042692805633136,1,0,T1486
asset_7492,0.0033104508115225,0,1,T1486
asset_7493,0.0033104508115333,0,1,T1486
asset_7494,0.0033104508115293,0,1,T1486
asset_7495,0.9042692805633136,1,1,T1486
asset_7496,0.9042692805633136,1,0,T1486
asset_7497,0.0033104508115186,0,0,T1486
asset_7498,0.0033104469826889,0,0,T1486
asset_7499,0.9042692805633136,1,1,T1486
asset_7500,0.0033104508114935,0,1,T1486
asset_7501,0.0033104508115333,0,0,T1486
asset_7502,0.0033104508115333,0,1,T1486
asset_7503,0.0033104508115342,0,1,T1486
asset_7504,0.0033104508115758,0,0,T1486
asset_7505,0.9042692805633136,1,1,T1486
asset_7506,0.0033104508115333,0,0,T1486
asset_7507,0.9042692805633136,1,0,T1486
asset_7508,0.0033104508115186,0,1,T1486
asset_7509,0.0033104508114664,0,0,T1486
asset_7510,0.9042692805633136,1,1,T1486
asset_7511,0.9042692805633136,1,0,T1486
asset_7512,0.9042692805633136,1,1,T1486
asset_7513,0.0033104508115333,0,0,T1486
asset_7514,0.9042692805633136,1,1,T1486
asset_7515,0.9042692805633136,1,0,T1486
asset_7516,0.0033104508115333,0,1,T1486
asset_7517,0.9042692805633136,1,0,T1486
asset_7518,0.0033104508115333,0,0,T1486
asset_7519,0.0033104508115309,0,0,T1486
asset_7520,0.0033104508115333,0,1,T1486
asset_7521,0.9042692805633136,1,1,T1486
asset_7522,0.0033104508115333,0,1,T1486
asset_7523,0.0033104508115333,0,1,T1486
asset_7524,0.9042692805633136,1,1,T1486
asset_7525,0.0033104508115225,0,0,T1486
asset_7526,0.0033104508115333,0,1,T1486
asset_7527,0.9042692805633136,1,1,T1486
asset_7528,0.0033104508115333,0,1,T1486
asset_7529,0.0033104508115333,0,1,T1486
asset_7530,0.0033104508115333,0,0,T1486
asset_7531,0.9042692805633136,1,0,T1486
asset_7532,0.0033104508114933,0,0,T1486
asset_7533,0.0033104508115333,0,1,T1486
asset_7534,0.9042692805633136,1,0,T1486
asset_7535,0.9042692805633136,1,1,T1486
asset_7536,0.9042692805633136,1,1,T1486
asset_7537,0.0033104508114677,0,1,T1486
asset_7538,0.9042692805633136,1,1,T1486
asset_7539,0.9042692805633136,1,1,T1486
asset_7540,0.0033104508115333,0,0,T1486
asset_7541,0.9042692805633136,1,1,T1486
asset_7542,0.9042692805633136,1,0,T1486
asset_7543,0.9042692805633136,1,1,T1486
asset_7544,0.0033104508114616,0,1,T1486
asset_7545,0.9042692805633136,1,1,T1486
asset_7546,0.0033104508115021,0,1,T1486
asset_7547,0.9042692805633136,1,0,T1486
asset_7548,0.0033104508115333,0,1,T1486
asset_7549,0.9042692805633136,1,1,T1486
asset_7550,0.9042692805633136,1,1,T1486
asset_7551,0.0033104508115333,0,0,T1486
asset_7552,0.0033104508115333,0,1,T1486
asset_7553,0.9042692805633136,1,1,T1486
asset_7554,0.9042692805633136,1,0,T1486
asset_7555,0.0033104499672667,0,1,T1486
asset_7556,0.9042692805633136,1,1,T1486
asset_7557,0.0033104508115333,0,0,T1486
asset_7558,0.9042692805633136,1,1,T1486
asset_7559,0.0033104508115205,0,1,T1486
asset_7560,0.0033104508115333,0,0,T1486
asset_7561,0.0033804806999925,0,1,T1486
asset_7562,0.0033104508115309,0,0,T1486
asset_7563,0.0033104508115333,0,0,T1486
asset_7564,0.9042692805633136,1,0,T1486
asset_7565,0.0033104508115049,0,0,T1486
asset_7566,0.9042692805633136,1,1,T1486
asset_7567,0.9042692805633136,1,1,T1486
asset_7568,0.0033104508115333,0,1,T1486
asset_7569,0.9042692805633136,1,1,T1486
asset_7570,0.0033104508115333,0,0,T1486
asset_7571,0.0033104508115294,0,0,T1486
asset_7572,0.9042692805633136,1,1,T1486
asset_7573,0.9042692805633136,1,1,T1486
asset_7574,0.0033104508115318,0,0,T1486
asset_7575,0.003310450812075,0,0,T1486
asset_7576,0.0033104508115868,0,1,T1486
asset_7577,0.9042692805633136,1,0,T1486
asset_7578,0.9042692805633136,1,0,T1486
asset_7579,0.0033104508114677,0,1,T1486
asset_7580,0.9042692805633136,1,1,T1486
asset_7581,0.0033104508115333,0,0,T1486
asset_7582,0.0033104508115309,0,0,T1486
asset_7583,0.0033104508115333,0,1,T1486
asset_7584,0.9042692805633136,1,1,T1486
asset_7585,0.9042692805633136,1,1,T1486
asset_7586,0.9042692805633136,1,1,T1486
asset_7587,0.9042692805633136,1,0,T1486
asset_7588,0.9042692805633136,1,1,T1486
asset_7589,0.0033104508115333,0,0,T1486
asset_7590,0.9042692805633136,1,0,T1486
asset_7591,0.9042692805633136,1,0,T1486
asset_7592,0.9042692805633136,1,0,T1486
asset_7593,0.9042692805633136,1,1,T1486
asset_7594,0.0033104508115333,0,0,T1486
asset_7595,0.9042692805633136,1,0,T1486
asset_7596,0.9042692805633136,1,1,T1486
asset_7597,0.9042692805633136,1,1,T1486
asset_7598,0.9042692805633136,1,1,T1486
asset_7599,0.0033104508115309,0,1,T1486
asset_7600,0.0033104508115333,0,1,T1486
asset_7601,0.0033104508115333,0,0,T1486
asset_7602,0.9042692805633136,1,1,T1486
asset_7603,0.9042692805633136,1,0,T1486
asset_7604,0.0033104508115333,0,0,T1486
asset_7605,0.9042692805633136,1,0,T1486
asset_7606,0.9042692805633136,1,1,T1486
asset_7607,0.9042692805633136,1,0,T1486
asset_7608,0.9042692805633136,1,1,T1486
asset_7609,0.0033104464221243,0,1,T1486
asset_7610,0.0033104490923377,0,1,T1486
asset_7611,0.0033104508115284,0,1,T1486
asset_7612,0.0033104508115333,0,1,T1486
asset_7613,0.9042692805633136,1,1,T1486
asset_7614,0.9042692805633136,1,1,T1486
asset_7615,0.0033104508115333,0,1,T1486
asset_7616,0.0033104508115169,0,1,T1486
asset_7617,0.9042692805633136,1,1,T1486
asset_7618,0.9042692805633136,1,0,T1486
asset_7619,0.0033104508115284,0,0,T1486
asset_7620,0.9042692805633136,1,0,T1486
asset_7621,0.9042692805633136,1,0,T1486
asset_7622,0.0033104508114618,0,0,T1486
asset_7623,0.9042692805633136,1,1,T1486
asset_7624,0.9042692805633136,1,1,T1486
asset_7625,0.9042692805633136,1,1,T1486
asset_7626,0.9042692805633136,1,1,T1486
asset_7627,0.0033104508115307,0,0,T1486
asset_7628,0.9042692805633136,1,1,T1486
asset_7629,0.9042692805633136,1,0,T1486
asset_7630,0.0033104508115868,0,1,T1486
asset_7631,0.0033104508115333,0,0,T1486
asset_7632,0.9042692805633136,1,0,T1486
asset_7633,0.9042692805633136,1,1,T1486
asset_7634,0.0033104508115309,0,0,T1486
asset_7635,0.0033104508115333,0,0,T1486
asset_7636,0.9042692805633136,1,1,T1486
asset_7637,0.9042692805633136,1,0,T1486
asset_7638,0.9042692805633136,1,1,T1486
asset_7639,0.9042692805633136,1,0,T1486
asset_7640,0.0033104508115309,0,0,T1486
asset_7641,0.0033104508115333,0,1,T1486
asset_7642,0.0033104508115333,0,1,T1486
asset_7643,0.9042692805633136,1,0,T1486
asset_7644,0.9042692805633136,1,1,T1486
asset_7645,0.0033104508114933,0,0,T1486
asset_7646,0.0033104508115333,0,0,T1486
asset_7647,0.9042692805633136,1,1,T1486
asset_7648,0.9042692805633136,1,1,T1486
asset_7649,0.0033104508115201,0,0,T1486
asset_7650,0.0033104508115333,0,0,T1486
asset_7651,0.9042692805633136,1,1,T1486
asset_7652,0.0033104508115097,0,0,T1486
asset_7653,0.9042692805633136,1,1,T1486
asset_7654,0.9042692805633136,1,1,T1486
asset_7655,0.9042692805633136,1,0,T1486
asset_7656,0.0033104508115333,0,0,T1486
asset_7657,0.9042692805633136,1,0,T1486
asset_7658,0.0033104508115333,0,0,T1486
asset_7659,0.0033104508115333,0,0,T1486
asset_7660,0.0033104508115293,0,1,T1486
asset_7661,0.9042692805633136,1,0,T1486
asset_7662,0.0033104508115205,0,0,T1486
asset_7663,0.0033104508115333,0,1,T1486
asset_7664,0.0033104462285538,0,1,T1486
asset_7665,0.9042692805633136,1,1,T1486
asset_7666,0.0033104508115333,0,1,T1486
asset_7667,0.9042692805633136,1,1,T1486
asset_7668,0.9042692805633136,1,1,T1486
asset_7669,0.0033104508117248,0,1,T1486
asset_7670,0.9042692805633136,1,0,T1486
asset_7671,0.9042692805633136,1,0,T1486
asset_7672,0.9042692805633136,1,1,T1486
asset_7673,0.0033104508115012,0,1,T1486
asset_7674,0.9042692805633136,1,0,T1486
asset_7675,0.9042692805633136,1,1,T1486
asset_7676,0.9042692805633136,1,1,T1486
asset_7677,0.0033104508115185,0,0,T1486
asset_7678,0.0033104508115333,0,1,T1486
asset_7679,0.9042692805633136,1,0,T1486
asset_7680,0.0033104508115333,0,1,T1486
asset_7681,0.9042692805633136,1,0,T1486
asset_7682,0.9042692805633136,1,1,T1486
asset_7683,0.0033104508115333,0,0,T1486
asset_7684,0.9042692805633136,1,1,T1486
asset_7685,0.9042692805633136,1,0,T1486
asset_7686,0.9042692805633136,1,1,T1486
asset_7687,0.9042692805633136,1,0,T1486
asset_7688,0.9042692805633136,1,0,T1486
asset_7689,0.0033104508115868,0,1,T1486
asset_7690,0.0033104508115333,0,0,T1486
asset_7691,0.0033104508115333,0,1,T1486
asset_7692,0.9042692805633136,1,0,T1486
asset_7693,0.9042692805633136,1,0,T1486
asset_7694,0.9042692805633136,1,1,T1486
asset_7695,0.0033104508114552,0,0,T1486
asset_7696,0.0033104508115333,0,1,T1486
asset_7697,0.9042692805633136,1,0,T1486
asset_7698,0.003310448584853,0,0,T1486
asset_7699,0.0033104508115309,0,0,T1486
asset_7700,0.0033104508115333,0,1,T1486
asset_7701,0.9042692805633136,1,0,T1486
asset_7702,0.9042692805633136,1,0,T1486
asset_7703,0.9042692805633136,1,0,T1486
asset_7704,0.9042692805633136,1,1,T1486
asset_7705,0.9042692805633136,1,1,T1486
asset_7706,0.0033104508115186,0,0,T1486
asset_7707,0.9042692805633136,1,1,T1486
asset_7708,0.0033104508115333,0,0,T1486
asset_7709,0.0033104508115333,0,1,T1486
asset_7710,0.9042692805633136,1,1,T1486
asset_7711,0.0033104508115333,0,1,T1486
asset_7712,0.0033104508115201,0,1,T1486
asset_7713,0.9042692805633136,1,1,T1486
asset_7714,0.9042692805633136,1,0,T1486
asset_7715,0.0033104508115333,0,0,T1486
asset_7716,0.0033104508115333,0,0,T1486
asset_7717,0.0033104508115293,0,0,T1486
asset_7718,0.9042692805633136,1,0,T1486
asset_7719,0.0033104508115333,0,0,T1486
asset_7720,0.0033104508115333,0,0,T1486
asset_7721,0.0033104508115294,0,0,T1486
asset_7722,0.9042692805633136,1,0,T1486
asset_7723,0.0033104508115097,0,1,T1486
asset_7724,0.0033104508115225,0,0,T1486
asset_7725,0.0033104508116792,0,0,T1486
asset_7726,0.0033104508114785,0,1,T1486
asset_7727,0.9042692805633136,1,0,T1486
asset_7728,0.0033104508115309,0,0,T1486
asset_7729,0.0033104508115163,0,0,T1486
asset_7730,0.9042692805633136,1,0,T1486
asset_7731,0.0033804806987569,0,1,T1486
asset_7732,0.9042692805633136,1,0,T1486
asset_7733,0.0033104508115293,0,1,T1486
asset_7734,0.9042692805633136,1,1,T1486
asset_7735,0.9042692805633136,1,0,T1486
asset_7736,0.9042692805633136,1,0,T1486
asset_7737,0.0033104508115333,0,0,T1486
asset_7738,0.9042692805633136,1,0,T1486
asset_7739,0.0033104508115333,0,1,T1486
asset_7740,0.9042692805633136,1,0,T1486
asset_7741,0.9042692805633136,1,1,T1486
asset_7742,0.9042692805633136,1,1,T1486
asset_7743,0.9042692805633136,1,1,T1486
asset_7744,0.9042692805633136,1,1,T1486
asset_7745,0.0033104508115225,0,0,T1486
asset_7746,0.9042692805633136,1,0,T1486
asset_7747,0.0033104508115333,0,0,T1486
asset_7748,0.9042692805633136,1,1,T1486
asset_7749,0.0033104508115309,0,0,T1486
asset_7750,0.003310450811489,0,1,T1486
asset_7751,0.0033104508115167,0,0,T1486
asset_7752,0.9042692805633136,1,0,T1486
asset_7753,0.0033104508115333,0,1,T1486
asset_7754,0.9042692805633136,1,0,T1486
asset_7755,0.0033104508115333,0,1,T1486
asset_7756,0.9042692805633136,1,1,T1486
asset_7757,0.9042692805633136,1,1,T1486
asset_7758,0.0033104508115333,0,1,T1486
asset_7759,0.0033104508115333,0,1,T1486
asset_7760,0.9042692805633136,1,0,T1486
asset_7761,0.9042692805633136,1,1,T1486
asset_7762,0.003310450811521,0,1,T1486
asset_7763,0.0033104508115333,0,1,T1486
asset_7764,0.0033104508115868,0,0,T1486
asset_7765,0.0033104508115333,0,0,T1486
asset_7766,0.0033104508115333,0,1,T1486
asset_7767,0.0033104508115309,0,0,T1486
asset_7768,0.9042692805633136,1,1,T1486
asset_7769,0.0033104508115333,0,1,T1486
asset_7770,0.0033104508115333,0,0,T1486
asset_7771,0.9042692805633136,1,0,T1486
asset_7772,0.0033104508115868,0,0,T1486
asset_7773,0.0033104508115333,0,0,T1486
asset_7774,0.0033104508115196,0,0,T1486
asset_7775,0.9042692805633136,1,0,T1486
asset_7776,0.9042692805633136,1,0,T1486
asset_7777,0.9042692805633136,1,0,T1486
asset_7778,0.9042692805633136,1,0,T1486
asset_7779,0.9042692805633136,1,0,T1486
asset_7780,0.9042692805633136,1,0,T1486
asset_7781,0.9042692805633136,1,1,T1486
asset_7782,0.0033104508115333,0,0,T1486
asset_7783,0.9042692805633136,1,0,T1486
asset_7784,0.9042692805633136,1,1,T1486
asset_7785,0.9042692805633136,1,0,T1486
asset_7786,0.9042692805633136,1,1,T1486
asset_7787,0.9042692805633136,1,1,T1486
asset_7788,0.9042692805633136,1,1,T1486
asset_7789,0.9042692805633136,1,1,T1486
asset_7790,0.9042692805633136,1,1,T1486
asset_7791,0.0033104508115333,0,0,T1486
asset_7792,0.9042692805633136,1,1,T1486
asset_7793,0.9042692805633136,1,1,T1486
asset_7794,0.9042692805633136,1,1,T1486
asset_7795,0.0033104508115333,0,1,T1486
asset_7796,0.9042692805633136,1,0,T1486
asset_7797,0.0033104508115333,0,0,T1486
asset_7798,0.0033104508115333,0,0,T1486
asset_7799,0.9042692805633136,1,0,T1486
asset_7800,0.9042692805633136,1,1,T1486
asset_7801,0.0033104508115186,0,0,T1486
asset_7802,0.9042692805633136,1,0,T1486
asset_7803,0.9042692805633136,1,1,T1486
asset_7804,0.0033454389836629,0,0,T1486
asset_7805,0.0033104508115333,0,0,T1486
asset_7806,0.9042692805633136,1,0,T1486
asset_7807,0.9042692805633136,1,0,T1486
asset_7808,0.9042692805633136,1,1,T1486
asset_7809,0.0033104508115333,0,0,T1486
asset_7810,0.9042692805633136,1,1,T1486
asset_7811,0.0033104508115333,0,1,T1486
asset_7812,0.9042692805633136,1,1,T1486
asset_7813,0.0033104508115333,0,0,T1486
asset_7814,0.0033104508115333,0,0,T1486
asset_7815,0.9042692805633136,1,0,T1486
asset_7816,0.003345437918551,0,1,T1486
asset_7817,0.0033104508115201,0,0,T1486
asset_7818,0.9042692805633136,1,1,T1486
asset_7819,0.9042692805633136,1,0,T1486
asset_7820,0.9042692805633136,1,1,T1486
asset_7821,0.9042692805633136,1,1,T1486
asset_7822,0.0033104508115333,0,0,T1486
asset_7823,0.0033104508115205,0,1,T1486
asset_7824,0.9042692805633136,1,1,T1486
asset_7825,0.9042692805633136,1,1,T1486
asset_7826,0.0033104508114895,0,0,T1486
asset_7827,0.9042692805633136,1,1,T1486
asset_7828,0.9042692805633136,1,1,T1486
asset_7829,0.9042692805633136,1,1,T1486
asset_7830,0.9042692805633136,1,1,T1486
asset_7831,0.0033104508115333,0,0,T1486
asset_7832,0.0033104508115284,0,0,T1486
asset_7833,0.9042692805633136,1,1,T1486
asset_7834,0.0033104508115293,0,1,T1486
asset_7835,0.9042692805633136,1,1,T1486
asset_7836,0.0033104508115333,0,0,T1486
asset_7837,0.0033104508115333,0,1,T1486
asset_7838,0.0033104508115307,0,1,T1486
asset_7839,0.0033104508114552,0,1,T1486
asset_7840,0.0033104508115061,0,1,T1486
asset_7841,0.0033104508115333,0,0,T1486
asset_7842,0.0033104508115333,0,0,T1486
asset_7843,0.0034876895568891,0,0,T1486
asset_7844,0.0033104508115784,0,0,T1486
asset_7845,0.0033104508129547,0,0,T1486
asset_7846,0.9042692805633136,1,1,T1486
asset_7847,0.9042692805633136,1,1,T1486
asset_7848,0.9042692805633136,1,0,T1486
asset_7849,0.0033104508115784,0,0,T1486
asset_7850,0.0033104508115869,0,0,T1486
asset_7851,0.0033104508115333,0,1,T1486
asset_7852,0.9042692805633136,1,0,T1486
asset_7853,0.9042692805633136,1,0,T1486
asset_7854,0.9042692805633136,1,0,T1486
asset_7855,0.0033104508115333,0,0,T1486
asset_7856,0.9042692805633136,1,0,T1486
asset_7857,0.0033104508115333,0,1,T1486
asset_7858,0.9042692805633136,1,1,T1486
asset_7859,0.0033104508115333,0,0,T1486
asset_7860,0.9042692805633136,1,1,T1486
asset_7861,0.9042692805633136,1,0,T1486
asset_7862,0.0033104508115293,0,1,T1486
asset_7863,0.0033104508115868,0,0,T1486
asset_7864,0.9042692805633136,1,0,T1486
asset_7865,0.9042692805633136,1,0,T1486
asset_7866,0.9042692805633136,1,1,T1486
asset_7867,0.0033104508115333,0,0,T1486
asset_7868,0.9042692805633136,1,0,T1486
asset_7869,0.0033104508115333,0,1,T1486
asset_7870,0.0033104508114508,0,1,T1486
asset_7871,0.0033104508115333,0,1,T1486
asset_7872,0.9042692805633136,1,0,T1486
asset_7873,0.9042692805633136,1,1,T1486
asset_7874,0.0033104508115293,0,0,T1486
asset_7875,0.9042692805633136,1,0,T1486
asset_7876,0.9042692805633136,1,0,T1486
asset_7877,0.9042692805633136,1,1,T1486
asset_7878,0.9042692805633136,1,0,T1486
asset_7879,0.0033104468656574,0,0,T1486
asset_7880,0.0033104508115333,0,0,T1486
asset_7881,0.003310450811489,0,0,T1486
asset_7882,0.9042692805633136,1,0,T1486
asset_7883,0.9042692805633136,1,0,T1486
asset_7884,0.0033804652151763,0,0,T1486
asset_7885,0.0033104508115225,0,0,T1486
asset_7886,0.9042692805633136,1,1,T1486
asset_7887,0.0033104508115333,0,0,T1486
asset_7888,0.0033104508115333,0,1,T1486
asset_7889,0.0033104508115293,0,1,T1486
asset_7890,0.0033104508115333,0,0,T1486
asset_7891,0.9042692805633136,1,1,T1486
asset_7892,0.9042692805633136,1,0,T1486
asset_7893,0.0033104508115333,0,0,T1486
asset_7894,0.0033104508115333,0,1,T1486
asset_7895,0.0033104508115309,0,1,T1486
asset_7896,0.9042692805633136,1,0,T1486
asset_7897,0.0033104508115333,0,0,T1486
asset_7898,0.9042692805633136,1,0,T1486
asset_7899,0.003310450811489,0,0,T1486
asset_7900,0.9042692805633136,1,0,T1486
asset_7901,0.9042692805633136,1,1,T1486
asset_7902,0.0033104508115333,0,1,T1486
asset_7903,0.0033104508115309,0,1,T1486
asset_7904,0.9042692805633136,1,1,T1486
asset_7905,0.9042692805633136,1,1,T1486
asset_7906,0.9042692805633136,1,0,T1486
asset_7907,0.003310450811489,0,0,T1486
asset_7908,0.9042692805633136,1,1,T1486
asset_7909,0.9042692805633136,1,0,T1486
asset_7910,0.0033454389830932,0,1,T1486
asset_7911,0.0033104508114616,0,1,T1486
asset_7912,0.0033104508115021,0,0,T1486
asset_7913,0.9042692805633136,1,0,T1486
asset_7914,0.9042692805633136,1,1,T1486
asset_7915,0.0033454389830932,0,0,T1486
asset_7916,0.003310450811489,0,1,T1486
asset_7917,0.0033104508114785,0,1,T1486
asset_7918,0.0033104508115333,0,0,T1486
asset_7919,0.0033104508115333,0,0,T1486
asset_7920,0.9042692805633136,1,0,T1486
asset_7921,0.0033104508115333,0,1,T1486
asset_7922,0.0033104508115333,0,1,T1486
asset_7923,0.9042692805633136,1,0,T1486
asset_7924,0.9042692805633136,1,1,T1486
asset_7925,0.9042692805633136,1,1,T1486
asset_7926,0.9042692805633136,1,0,T1486
asset_7927,0.9042692805633136,1,0,T1486
asset_7928,0.0033104508115309,0,0,T1486
asset_7929,0.0033104508115333,0,0,T1486
asset_7930,0.9042692805633136,1,1,T1486
asset_7931,0.0033104508115333,0,0,T1486
asset_7932,0.0033104508115167,0,1,T1486
asset_7933,0.9042692805633136,1,1,T1486
asset_7934,0.9042692805633136,1,0,T1486
asset_7935,0.0033104508115248,0,1,T1486
asset_7936,0.0033104508115868,0,0,T1486
asset_7937,0.0033104508114508,0,1,T1486
asset_7938,0.9042692805633136,1,1,T1486
asset_7939,0.9042692805633136,1,1,T1486
asset_7940,0.0033104508115333,0,0,T1486
asset_7941,0.0033104508115333,0,1,T1486
asset_7942,0.9042692805633136,1,0,T1486
asset_7943,0.9042692805633136,1,0,T1486
asset_7944,0.0033104508115333,0,0,T1486
asset_7945,0.0033104508115333,0,1,T1486
asset_7946,0.9042692805633136,1,0,T1486
asset_7947,0.0033104508115868,0,1,T1486
asset_7948,0.0033104508115333,0,0,T1486
asset_7949,0.9042692805633136,1,0,T1486
asset_7950,0.9042692805633136,1,0,T1486
asset_7951,0.9042692805633136,1,1,T1486
asset_7952,0.9042692805633136,1,0,T1486
asset_7953,0.0033104508115333,0,1,T1486
asset_7954,0.003310450811489,0,1,T1486
asset_7955,0.9042692805633136,1,1,T1486
asset_7956,0.9042692805633136,1,0,T1486
asset_7957,0.0033104508115309,0,0,T1486
asset_7958,0.9042692805633136,1,1,T1486
asset_7959,0.0033104508114889,0,0,T1486
asset_7960,0.9042692805633136,1,0,T1486
asset_7961,0.0033104508114618,0,0,T1486
asset_7962,0.9042692805633136,1,0,T1486
asset_7963,0.9042692805633136,1,1,T1486
asset_7964,0.0033104508115342,0,1,T1486
asset_7965,0.9042692805633136,1,0,T1486
asset_7966,0.0033104508115333,0,0,T1486
asset_7967,0.9042692805633136,1,0,T1486
asset_7968,0.9042692805633136,1,0,T1486
asset_7969,0.0033104508115333,0,0,T1486
asset_7970,0.9042692805633136,1,1,T1486
asset_7971,0.9042692805633136,1,0,T1486
asset_7972,0.9042692805633136,1,0,T1486
asset_7973,0.9042692805633136,1,0,T1486
asset_7974,0.9042692805633136,1,1,T1486
asset_7975,0.0033104508115333,0,0,T1486
asset_7976,0.0033104508115333,0,0,T1486
asset_7977,0.0033104508115333,0,1,T1486
asset_7978,0.9042692805633136,1,0,T1486
asset_7979,0.9042692805633136,1,0,T1486
asset_7980,0.0033104508115205,0,1,T1486
asset_7981,0.9042692805633136,1,1,T1486
asset_7982,0.9042692805633136,1,0,T1486
asset_7983,0.9042692805633136,1,0,T1486
asset_7984,0.9042692805633136,1,0,T1486
asset_7985,0.9042692805633136,1,0,T1486
asset_7986,0.9042692805633136,1,1,T1486
asset_7987,0.0033104508115869,0,1,T1486
asset_7988,0.0033104508115333,0,1,T1486
asset_7989,0.0033104508115309,0,1,T1486
asset_7990,0.9042692805633136,1,0,T1486
asset_7991,0.0033104508115333,0,0,T1486
asset_7992,0.0033104508115333,0,1,T1486
asset_7993,0.0033104508115333,0,0,T1486
asset_7994,0.0033104508115205,0,0,T1486
asset_7995,0.9042692805633136,1,0,T1486
asset_7996,0.0033104508115186,0,1,T1486
asset_7997,0.0033104508115868,0,1,T1486
asset_7998,0.0033104508115225,0,1,T1486
asset_7999,0.9042692805633136,1,0,T1486
asset_8000,0.0033104508114616,0,0,T1486
asset_8001,0.0033104508115333,0,1,T1486
asset_8002,0.9042692805633136,1,0,T1486
asset_8003,0.0033104508115333,0,0,T1486
asset_8004,0.0033104508114785,0,0,T1486
asset_8005,0.9042692805633136,1,0,T1486
asset_8006,0.0033104508115333,0,1,T1486
asset_8007,0.0033104508114616,0,1,T1486
asset_8008,0.0033104508115333,0,0,T1486
asset_8009,0.9042692805633136,1,0,T1486
asset_8010,0.0033104508114616,0,1,T1486
asset_8011,0.9042692805633136,1,0,T1486
asset_8012,0.0033104508115309,0,1,T1486
asset_8013,0.0033104508115333,0,0,T1486
asset_8014,0.9042692805633136,1,1,T1486
asset_8015,0.0033104508114935,0,1,T1486
asset_8016,0.0033104508115333,0,1,T1486
asset_8017,0.9042692805633136,1,1,T1486
asset_8018,0.0033104508115868,0,1,T1486
asset_8019,0.0033104508115333,0,1,T1486
asset_8020,0.9042692805633136,1,1,T1486
asset_8021,0.0033104508115201,0,0,T1486
asset_8022,0.9042692805633136,1,0,T1486
asset_8023,0.0033104508115333,0,1,T1486
asset_8024,0.9042692805633136,1,0,T1486
asset_8025,0.0033104490933179,0,1,T1486
asset_8026,0.003310450811489,0,1,T1486
asset_8027,0.0033104508115333,0,0,T1486
asset_8028,0.0033104508114933,0,1,T1486
asset_8029,0.0033104508115225,0,0,T1486
asset_8030,0.0033104508115333,0,0,T1486
asset_8031,0.9042692805633136,1,1,T1486
asset_8032,0.0033104508115333,0,0,T1486
asset_8033,0.9042692805633136,1,1,T1486
asset_8034,0.0033104508115225,0,0,T1486
asset_8035,0.9042692805633136,1,0,T1486
asset_8036,0.003310450811466,0,1,T1486
asset_8037,0.0033104508115333,0,0,T1486
asset_8038,0.0033104508115333,0,1,T1486
asset_8039,0.0033104508118171,0,1,T1486
asset_8040,0.9042692805633136,1,0,T1486
asset_8041,0.9042692805633136,1,0,T1486
asset_8042,0.9042692805633136,1,1,T1486
asset_8043,0.9042692805633136,1,0,T1486
asset_8044,0.0033104508115333,0,0,T1486
asset_8045,0.0033104389333239,0,1,T1486
asset_8046,0.0033104508115333,0,1,T1486
asset_8047,0.9042692805633136,1,1,T1486
asset_8048,0.0033104508115333,0,1,T1486
asset_8049,0.9042692805633136,1,1,T1486
asset_8050,0.0033104508115868,0,1,T1486
asset_8051,0.9042692805633136,1,1,T1486
asset_8052,0.0033104508115284,0,0,T1486
asset_8053,0.9042692805633136,1,0,T1486
asset_8054,0.9042692805633136,1,1,T1486
asset_8055,0.9042692805633136,1,1,T1486
asset_8056,0.0033104508115333,0,1,T1486
asset_8057,0.9042692805633136,1,1,T1486
asset_8058,0.0033104508115333,0,0,T1486
asset_8059,0.0033104508115309,0,0,T1486
asset_8060,0.0033104508115333,0,1,T1486
asset_8061,0.0033104508115868,0,0,T1486
asset_8062,0.9042692805633136,1,0,T1486
asset_8063,0.0033104508115309,0,0,T1486
asset_8064,0.9042692805633136,1,1,T1486
asset_8065,0.0033104508115333,0,1,T1486
asset_8066,0.9042692805633136,1,1,T1486
asset_8067,0.9042692805633136,1,0,T1486
asset_8068,0.0033104508115333,0,1,T1486
asset_8069,0.0033104508115333,0,0,T1486
asset_8070,0.0033104508115333,0,1,T1486
asset_8071,0.9042692805633136,1,1,T1486
asset_8072,0.9042692805633136,1,0,T1486
asset_8073,0.9042692805633136,1,1,T1486
asset_8074,0.9042692805633136,1,0,T1486
asset_8075,0.0033104508115333,0,1,T1486
asset_8076,0.0033104508115333,0,0,T1486
asset_8077,0.0033104508115333,0,1,T1486
asset_8078,0.0033104508115333,0,1,T1486
asset_8079,0.0033104508115333,0,0,T1486
asset_8080,0.9042692805633136,1,0,T1486
asset_8081,0.0033104508115333,0,0,T1486
asset_8082,0.9042692805633136,1,0,T1486
asset_8083,0.0033104508115333,0,0,T1486
asset_8084,0.0033104508115333,0,0,T1486
asset_8085,0.9042692805633136,1,1,T1486
asset_8086,0.9042692805633136,1,0,T1486
asset_8087,0.9042692805633136,1,1,T1486
asset_8088,0.003310450811489,0,0,T1486
asset_8089,0.9042692805633136,1,0,T1486
asset_8090,0.9042692805633136,1,0,T1486
asset_8091,0.0033104508115869,0,0,T1486
asset_8092,0.0033104508115333,0,0,T1486
asset_8093,0.9042692805633136,1,1,T1486
asset_8094,0.0033104482481914,0,0,T1486
asset_8095,0.003310450811489,0,0,T1486
asset_8096,0.0033104508115333,0,0,T1486
asset_8097,0.0033104508115333,0,0,T1486
asset_8098,0.9042692805633136,1,1,T1486
asset_8099,0.9042692805633136,1,1,T1486
asset_8100,0.9042692805633136,1,0,T1486
asset_8101,0.9042692805633136,1,0,T1486
asset_8102,0.9042692805633136,1,1,T1486
asset_8103,0.0033104508115333,0,0,T1486
asset_8104,0.9042692805633136,1,1,T1486
asset_8105,0.0033104508115271,0,0,T1486
asset_8106,0.0033104508115333,0,0,T1486
asset_8107,0.0033104508115333,0,1,T1486
asset_8108,0.9042692805633136,1,0,T1486
asset_8109,0.9042692805633136,1,1,T1486
asset_8110,0.9042692805633136,1,1,T1486
asset_8111,0.0033104508115333,0,1,T1486
asset_8112,0.0033104508115333,0,0,T1486
asset_8113,0.0033104508115333,0,1,T1486
asset_8114,0.0033104508115333,0,1,T1486
asset_8115,0.0033104508115333,0,0,T1486
asset_8116,0.9042692805633136,1,0,T1486
asset_8117,0.0033104508115333,0,0,T1486
asset_8118,0.0033104508115333,0,0,T1486
asset_8119,0.0033104508115097,0,0,T1486
asset_8120,0.0033104508115333,0,1,T1486
asset_8121,0.0033104508115287,0,1,T1486
asset_8122,0.9042692805633136,1,0,T1486
asset_8123,0.0033104508114552,0,1,T1486
asset_8124,0.0033104508115333,0,1,T1486
asset_8125,0.0033104508115333,0,1,T1486
asset_8126,0.9042692805633136,1,1,T1486
asset_8127,0.0033104508114616,0,0,T1486
asset_8128,0.9042692805633136,1,1,T1486
asset_8129,0.9042692805633136,1,0,T1486
asset_8130,0.0033104508115333,0,0,T1486
asset_8131,0.0033104508115333,0,0,T1486
asset_8132,0.9042692805633136,1,0,T1486
asset_8133,0.9042692805633136,1,1,T1486
asset_8134,0.9042692805633136,1,0,T1486
asset_8135,0.9042692805633136,1,1,T1486
asset_8136,0.0033104508115333,0,0,T1486
asset_8137,0.9042692805633136,1,0,T1486
asset_8138,0.9042692805633136,1,1,T1486
asset_8139,0.0033104508115333,0,0,T1486
asset_8140,0.9042692805633136,1,1,T1486
asset_8141,0.0033104508115333,0,1,T1486
asset_8142,0.0033104508115333,0,1,T1486
asset_8143,0.9042692805633136,1,0,T1486
asset_8144,0.9042692805633136,1,1,T1486
asset_8145,0.0033104508115333,0,1,T1486
asset_8146,0.9042692805633136,1,0,T1486
asset_8147,0.9042692805633136,1,1,T1486
asset_8148,0.9042692805633136,1,0,T1486
asset_8149,0.0033104508115333,0,1,T1486
asset_8150,0.0033104508115333,0,1,T1486
asset_8151,0.0033804806987569,0,0,T1486
asset_8152,0.9042692805633136,1,0,T1486
asset_8153,0.0033104508115294,0,1,T1486
asset_8154,0.0033104508115309,0,0,T1486
asset_8155,0.9042692805633136,1,1,T1486
asset_8156,0.9042692805633136,1,0,T1486
asset_8157,0.9042692805633136,1,1,T1486
asset_8158,0.9042692805633136,1,0,T1486
asset_8159,0.0033104508115225,0,0,T1486
asset_8160,0.0033104508114552,0,1,T1486
asset_8161,0.9042692805633136,1,0,T1486
asset_8162,0.0033104508115333,0,1,T1486
asset_8163,0.0033454371183524,0,0,T1486
asset_8164,0.0033104508115333,0,0,T1486
asset_8165,0.0033104508114933,0,0,T1486
asset_8166,0.0033104508115869,0,1,T1486
asset_8167,0.0033104508115333,0,1,T1486
asset_8168,0.0033104508115333,0,0,T1486
asset_8169,0.003310450811489,0,1,T1486
asset_8170,0.0033104508115097,0,0,T1486
asset_8171,0.9042692805633136,1,1,T1486
asset_8172,0.0033104508114933,0,1,T1486
asset_8173,0.9042692805633136,1,0,T1486
asset_8174,0.9042692805633136,1,1,T1486
asset_8175,0.0033104508115333,0,0,T1486
asset_8176,0.0033104468656574,0,0,T1486
asset_8177,0.0033104490933179,0,0,T1486
asset_8178,0.0033104508115333,0,0,T1486
asset_8179,0.9042692805633136,1,1,T1486
asset_8180,0.0033104508115097,0,0,T1486
asset_8181,0.9042692805633136,1,0,T1486
asset_8182,0.9042692805633136,1,0,T1486
asset_8183,0.9042692805633136,1,0,T1486
asset_8184,0.9042692805633136,1,0,T1486
asset_8185,0.0033104508115333,0,0,T1486
asset_8186,0.0033104508115333,0,0,T1486
asset_8187,0.003310450811489,0,1,T1486
asset_8188,0.0033104508115333,0,1,T1486
asset_8189,0.9042692805633136,1,0,T1486
asset_8190,0.9042692805633136,1,0,T1486
asset_8191,0.0033104508115333,0,1,T1486
asset_8192,0.9042692805633136,1,0,T1486
asset_8193,0.9042692805633136,1,0,T1486
asset_8194,0.9042692805633136,1,1,T1486
asset_8195,0.9042692805633136,1,1,T1486
asset_8196,0.0033104508115293,0,0,T1486
asset_8197,0.0033104508115205,0,0,T1486
asset_8198,0.0033104508115333,0,1,T1486
asset_8199,0.0033104508115333,0,0,T1486
asset_8200,0.9042692805633136,1,1,T1486
asset_8201,0.9042692805633136,1,1,T1486
asset_8202,0.9042692805633136,1,0,T1486
asset_8203,0.9042692805633136,1,0,T1486
asset_8204,0.0033104508115333,0,1,T1486
asset_8205,0.9042692805633136,1,1,T1486
asset_8206,0.9042692805633136,1,1,T1486
asset_8207,0.0033104508115333,0,1,T1486
asset_8208,0.9042692805633136,1,0,T1486
asset_8209,0.9042692805633136,1,1,T1486
asset_8210,0.9042692805633136,1,0,T1486
asset_8211,0.9042692805633136,1,1,T1486
asset_8212,0.9042692805633136,1,1,T1486
asset_8213,0.0033104508115333,0,0,T1486
asset_8214,0.9042692805633136,1,0,T1486
asset_8215,0.0033104508115333,0,1,T1486
asset_8216,0.0033104508115333,0,0,T1486
asset_8217,0.9042692805633136,1,1,T1486
asset_8218,0.0033104508116689,0,1,T1486
asset_8219,0.0033104508115333,0,1,T1486
asset_8220,0.0033104508115309,0,0,T1486
asset_8221,0.0033104508115225,0,1,T1486
asset_8222,0.9042692805633136,1,1,T1486
asset_8223,0.0033104508115333,0,0,T1486
asset_8224,0.0033104508115333,0,0,T1486
asset_8225,0.0033104508115294,0,0,T1486
asset_8226,0.0033104508115333,0,1,T1486
asset_8227,0.0033104508115333,0,0,T1486
asset_8228,0.0033104508115333,0,1,T1486
asset_8229,0.9042692805633136,1,1,T1486
asset_8230,0.0033104508115333,0,0,T1486
asset_8231,0.0033104508115099,0,0,T1486
asset_8232,0.9042692805633136,1,1,T1486
asset_8233,0.9042692805633136,1,1,T1486
asset_8234,0.0033104508115333,0,1,T1486
asset_8235,0.9042692805633136,1,0,T1486
asset_8236,0.0033104508115333,0,0,T1486
asset_8237,0.0033104508115333,0,0,T1486
asset_8238,0.9042692805633136,1,1,T1486
asset_8239,0.9042692805633136,1,0,T1486
asset_8240,0.0033104508115333,0,0,T1486
asset_8241,0.0033104508115333,0,0,T1486
asset_8242,0.0033104508115333,0,1,T1486
asset_8243,0.9042692805633136,1,1,T1486
asset_8244,0.0033104508115333,0,1,T1486
asset_8245,0.0033104508115205,0,0,T1486
asset_8246,0.0033104508115333,0,1,T1486
asset_8247,0.9042692805633136,1,0,T1486
asset_8248,0.0033104508115316,0,0,T1486
asset_8249,0.0033104508115186,0,0,T1486
asset_8250,0.9042692805633136,1,0,T1486
asset_8251,0.9042692805633136,1,1,T1486
asset_8252,0.9042692805633136,1,0,T1486
asset_8253,0.0033104508115333,0,0,T1486
asset_8254,0.9042692805633136,1,1,T1486
asset_8255,0.0033104508115868,0,0,T1486
asset_8256,0.0033104508115294,0,1,T1486
asset_8257,0.9042692805633136,1,1,T1486
asset_8258,0.003310450811583,0,1,T1486
asset_8259,0.9042692805633136,1,1,T1486
asset_8260,0.0033104508115186,0,1,T1486
asset_8261,0.0033104508115333,0,0,T1486
asset_8262,0.9042692805633136,1,0,T1486
asset_8263,0.0033104508115868,0,1,T1486
asset_8264,0.0033104508114935,0,0,T1486
asset_8265,0.9042692805633136,1,1,T1486
asset_8266,0.0033104508115284,0,1,T1486
asset_8267,0.9042692805633136,1,1,T1486
asset_8268,0.0033454925291896,0,0,T1486
asset_8269,0.9042692805633136,1,1,T1486
asset_8270,0.0033454389817491,0,1,T1486
asset_8271,0.0033104508115333,0,0,T1486
asset_8272,0.0033104508115333,0,0,T1486
asset_8273,0.9042692805633136,1,1,T1486
asset_8274,0.9042692805633136,1,0,T1486
asset_8275,0.0033104508115309,0,0,T1486
asset_8276,0.9042692805633136,1,1,T1486
asset_8277,0.0033104508115333,0,1,T1486
asset_8278,0.9042692805633136,1,1,T1486
asset_8279,0.9042692805633136,1,1,T1486
asset_8280,0.0033104508115333,0,1,T1486
asset_8281,0.9042692805633136,1,1,T1486
asset_8282,0.9042692805633136,1,0,T1486
asset_8283,0.9042692805633136,1,0,T1486
asset_8284,0.9042692805633136,1,0,T1486
asset_8285,0.9042692805633136,1,1,T1486
asset_8286,0.9042692805633136,1,1,T1486
asset_8287,0.9042692805633136,1,1,T1486
asset_8288,0.0033104508115333,0,1,T1486
asset_8289,0.9042692805633136,1,1,T1486
asset_8290,0.9042692805633136,1,1,T1486
asset_8291,0.9042692805633136,1,0,T1486
asset_8292,0.0033104508114786,0,0,T1486
asset_8293,0.9042692805633136,1,0,T1486
asset_8294,0.9042692805633136,1,0,T1486
asset_8295,0.9042692805633136,1,0,T1486
asset_8296,0.9042692805633136,1,0,T1486
asset_8297,0.9042692805633136,1,0,T1486
asset_8298,0.9042692805633136,1,1,T1486
asset_8299,0.9042692805633136,1,0,T1486
asset_8300,0.0033104508115333,0,1,T1486
asset_8301,0.9042692805633136,1,0,T1486
asset_8302,0.0033104508115333,0,1,T1486
asset_8303,0.9042692805633136,1,1,T1486
asset_8304,0.9042692805633136,1,1,T1486
asset_8305,0.9042692805633136,1,1,T1486
asset_8306,0.0033104508115225,0,0,T1486
asset_8307,0.9042692805633136,1,1,T1486
asset_8308,0.0033104469826889,0,0,T1486
asset_8309,0.0033104508115868,0,1,T1486
asset_8310,0.0033104508115333,0,1,T1486
asset_8311,0.9042692805633136,1,0,T1486
asset_8312,0.9042692805633136,1,0,T1486
asset_8313,0.9042692805633136,1,1,T1486
asset_8314,0.0033104508115333,0,0,T1486
asset_8315,0.9042692805633136,1,1,T1486
asset_8316,0.003310450811466,0,0,T1486
asset_8317,0.0033104508115333,0,1,T1486
asset_8318,0.9042692805633136,1,1,T1486
asset_8319,0.9042692805633136,1,0,T1486
asset_8320,0.0033104508115333,0,1,T1486
asset_8321,0.0033804806999925,0,0,T1486
asset_8322,0.9042692805633136,1,0,T1486
asset_8323,0.0033104508115333,0,1,T1486
asset_8324,0.0033104508115333,0,1,T1486
asset_8325,0.9042692805633136,1,0,T1486
asset_8326,0.9042692805633136,1,0,T1486
asset_8327,0.0033104508115333,0,0,T1486
asset_8328,0.0033104508115333,0,0,T1486
asset_8329,0.0033104508115333,0,0,T1486
asset_8330,0.0033104508115333,0,0,T1486
asset_8331,0.0033104508115333,0,0,T1486
asset_8332,0.9042692805633136,1,0,T1486
asset_8333,0.9042692805633136,1,0,T1486
asset_8334,0.9042692805633136,1,0,T1486
asset_8335,0.0033104508115333,0,0,T1486
asset_8336,0.0033104508115205,0,0,T1486
asset_8337,0.0033104508114552,0,0,T1486
asset_8338,0.0033104508115333,0,1,T1486
asset_8339,0.9042692805633136,1,1,T1486
asset_8340,0.0033104508115309,0,1,T1486
asset_8341,0.9042692805633136,1,0,T1486
asset_8342,0.9042692805633136,1,1,T1486
asset_8343,0.9042692805633136,1,0,T1486
asset_8344,0.0033104508115333,0,1,T1486
asset_8345,0.0033104508115333,0,0,T1486
asset_8346,0.0033104508115333,0,0,T1486
asset_8347,0.0033104508115333,0,1,T1486
asset_8348,0.9042692805633136,1,0,T1486
asset_8349,0.9042692805633136,1,1,T1486
asset_8350,0.0033104508115333,0,0,T1486
asset_8351,0.9042692805633136,1,1,T1486
asset_8352,0.9042692805633136,1,0,T1486
asset_8353,0.9042692805633136,1,0,T1486
asset_8354,0.003310450811466,0,0,T1486
asset_8355,0.0033104508115318,0,0,T1486
asset_8356,0.0033104508115869,0,0,T1486
asset_8357,0.0033104508115038,0,0,T1486
asset_8358,0.0033104508115868,0,1,T1486
asset_8359,0.9042692805633136,1,0,T1486
asset_8360,0.9042692805633136,1,0,T1486
asset_8361,0.0033104508115309,0,0,T1486
asset_8362,0.9042692805633136,1,0,T1486
asset_8363,0.9042692805633136,1,0,T1486
asset_8364,0.9042692805633136,1,1,T1486
asset_8365,0.0033104508115333,0,0,T1486
asset_8366,0.9042692805633136,1,1,T1486
asset_8367,0.9042692805633136,1,1,T1486
asset_8368,0.0033104508115333,0,1,T1486
asset_8369,0.9042692805633136,1,1,T1486
asset_8370,0.0033104508115333,0,0,T1486
asset_8371,0.0033104508115333,0,1,T1486
asset_8372,0.0033104508115333,0,0,T1486
asset_8373,0.9042692805633136,1,1,T1486
asset_8374,0.9042692805633136,1,0,T1486
asset_8375,0.0033104508115333,0,0,T1486
asset_8376,0.0033104508115309,0,0,T1486
asset_8377,0.9042692805633136,1,1,T1486
asset_8378,0.9042692805633136,1,1,T1486
asset_8379,0.9042692805633136,1,0,T1486
asset_8380,0.9042692805633136,1,0,T1486
asset_8381,0.0033104508115333,0,0,T1486
asset_8382,0.0033104508115843,0,0,T1486
asset_8383,0.9042692805633136,1,1,T1486
asset_8384,0.0033104508115284,0,0,T1486
asset_8385,0.9042692805633136,1,0,T1486
asset_8386,0.9042692805633136,1,0,T1486
asset_8387,0.0033104508115333,0,1,T1486
asset_8388,0.9042692805633136,1,0,T1486
asset_8389,0.9042692805633136,1,0,T1486
asset_8390,0.0033104508114935,0,0,T1486
asset_8391,0.9042692805633136,1,0,T1486
asset_8392,0.9042692805633136,1,0,T1486
asset_8393,0.0033104508115018,0,0,T1486
asset_8394,0.9042692805633136,1,0,T1486
asset_8395,0.9042692805633136,1,0,T1486
asset_8396,0.0033104508115163,0,1,T1486
asset_8397,0.0033104508115333,0,0,T1486
asset_8398,0.9042692805633136,1,1,T1486
asset_8399,0.0033104508115058,0,1,T1486
asset_8400,0.9042692805633136,1,1,T1486
asset_8401,0.0033104508115309,0,1,T1486
asset_8402,0.0033104508115333,0,0,T1486
asset_8403,0.9042692805633136,1,0,T1486
asset_8404,0.0033104508115333,0,0,T1486
asset_8405,0.9042692805633136,1,0,T1486
asset_8406,0.9042692805633136,1,0,T1486
asset_8407,0.0033104508115248,0,0,T1486
asset_8408,0.9042692805633136,1,1,T1486
asset_8409,0.9042692805633136,1,0,T1486
asset_8410,0.9042692805633136,1,0,T1486
asset_8411,0.9042692805633136,1,1,T1486
asset_8412,0.9042692805633136,1,0,T1486
asset_8413,0.9042692805633136,1,1,T1486
asset_8414,0.9042692805633136,1,1,T1486
asset_8415,0.9042692805633136,1,1,T1486
asset_8416,0.0033104508115333,0,1,T1486
asset_8417,0.0033104508115333,0,0,T1486
asset_8418,0.9042692805633136,1,0,T1486
asset_8419,0.9042692805633136,1,0,T1486
asset_8420,0.9042692805633136,1,0,T1486
asset_8421,0.9042692805633136,1,0,T1486
asset_8422,0.0033104508116791,0,0,T1486
asset_8423,0.0033104508115333,0,1,T1486
asset_8424,0.9042692805633136,1,1,T1486
asset_8425,0.9042692805633136,1,0,T1486
asset_8426,0.9042692805633136,1,0,T1486
asset_8427,0.9042692805633136,1,0,T1486
asset_8428,0.9042692805633136,1,1,T1486
asset_8429,0.0033104508115333,0,1,T1486
asset_8430,0.0033104508115333,0,0,T1486
asset_8431,0.9042692805633136,1,1,T1486
asset_8432,0.0033104508115097,0,1,T1486
asset_8433,0.9042692805633136,1,1,T1486
asset_8434,0.003310450811489,0,0,T1486
asset_8435,0.0033104508115205,0,0,T1486
asset_8436,0.9042692805633136,1,1,T1486
asset_8437,0.9042692805633136,1,0,T1486
asset_8438,0.0033104508115333,0,1,T1486
asset_8439,0.0033104508114616,0,0,T1486
asset_8440,0.0033104508115333,0,1,T1486
asset_8441,0.0033104508114618,0,0,T1486
asset_8442,0.9042692805633136,1,0,T1486
asset_8443,0.0033104508115333,0,0,T1486
asset_8444,0.9042692805633136,1,0,T1486
asset_8445,0.9042692805633136,1,1,T1486
asset_8446,0.9042692805633136,1,0,T1486
asset_8447,0.9042692805633136,1,0,T1486
asset_8448,0.9042692805633136,1,0,T1486
asset_8449,0.9042692805633136,1,0,T1486
asset_8450,0.9042692805633136,1,0,T1486
asset_8451,0.9042692805633136,1,1,T1486
asset_8452,0.9042692805633136,1,1,T1486
asset_8453,0.0033104508115205,0,1,T1486
asset_8454,0.0033104508115333,0,0,T1486
asset_8455,0.0033104508115333,0,0,T1486
asset_8456,0.9042692805633136,1,0,T1486
asset_8457,0.9042692805633136,1,1,T1486
asset_8458,0.0033104508115333,0,1,T1486
asset_8459,0.9042692805633136,1,0,T1486
asset_8460,0.0033104508115061,0,1,T1486
asset_8461,0.9042692805633136,1,0,T1486
asset_8462,0.9042692805633136,1,0,T1486
asset_8463,0.9042692805633136,1,1,T1486
asset_8464,0.0033104508115333,0,1,T1486
asset_8465,0.0033104508115309,0,0,T1486
asset_8466,0.9042692805633136,1,0,T1486
asset_8467,0.9042692805633136,1,0,T1486
asset_8468,0.0033104508115333,0,0,T1486
asset_8469,0.003310450811489,0,1,T1486
asset_8470,0.9042692805633136,1,1,T1486
asset_8471,0.0033104508115333,0,1,T1486
asset_8472,0.0033104508115333,0,0,T1486
asset_8473,0.0033104508114785,0,1,T1486
asset_8474,0.9042692805633136,1,1,T1486
asset_8475,0.0033104508115333,0,0,T1486
asset_8476,0.0033104499673624,0,0,T1486
asset_8477,0.0033104508115186,0,1,T1486
asset_8478,0.0033104508115333,0,0,T1486
asset_8479,0.9042692805633136,1,1,T1486
asset_8480,0.9042692805633136,1,0,T1486
asset_8481,0.0033104508115225,0,1,T1486
asset_8482,0.0033104508115869,0,0,T1486
asset_8483,0.0033104508115333,0,0,T1486
asset_8484,0.0033104508114677,0,0,T1486
asset_8485,0.9042692805633136,1,1,T1486
asset_8486,0.9042692805633136,1,0,T1486
asset_8487,0.0033104508115333,0,1,T1486
asset_8488,0.9042692805633136,1,1,T1486
asset_8489,0.9042692805633136,1,1,T1486
asset_8490,0.9042692805633136,1,0,T1486
asset_8491,0.9042692805633136,1,0,T1486
asset_8492,0.0033104508115309,0,1,T1486
asset_8493,0.9042692805633136,1,0,T1486
asset_8494,0.0033104508115333,0,1,T1486
asset_8495,0.0033104508115333,0,1,T1486
asset_8496,0.0033104508115225,0,0,T1486
asset_8497,0.0033104508115201,0,1,T1486
asset_8498,0.9042692805633136,1,0,T1486
asset_8499,0.9042692805633136,1,1,T1486
asset_8500,0.9042692805633136,1,1,T1486
asset_8501,0.9042692805633136,1,1,T1486
asset_8502,0.9042692805633136,1,0,T1486
asset_8503,0.0033104508115309,0,0,T1486
asset_8504,0.0033104508115309,0,1,T1486
asset_8505,0.0033104508115225,0,1,T1486
asset_8506,0.0033104508115333,0,0,T1486
asset_8507,0.9042692805633136,1,1,T1486
asset_8508,0.9042692805633136,1,1,T1486
asset_8509,0.0033104508115333,0,0,T1486
asset_8510,0.9042692805633136,1,0,T1486
asset_8511,0.0033104500031795,0,0,T1486
asset_8512,0.9042692805633136,1,1,T1486
asset_8513,0.9042692805633136,1,1,T1486
asset_8514,0.0033104508115293,0,1,T1486
asset_8515,0.9042692805633136,1,1,T1486
asset_8516,0.0033104508115333,0,1,T1486
asset_8517,0.0033104508115868,0,1,T1486
asset_8518,0.9042692805633136,1,0,T1486
asset_8519,0.0033104490923377,0,0,T1486
asset_8520,0.9042692805633136,1,1,T1486
asset_8521,0.9042692805633136,1,1,T1486
asset_8522,0.9042692805633136,1,1,T1486
asset_8523,0.0033104508114616,0,1,T1486
asset_8524,0.0033104508115333,0,0,T1486
asset_8525,0.9042692805633136,1,1,T1486
asset_8526,0.9042692805633136,1,1,T1486
asset_8527,0.9042692805633136,1,0,T1486
asset_8528,0.0033104508115176,0,1,T1486
asset_8529,0.9042692805633136,1,1,T1486
asset_8530,0.9042692805633136,1,1,T1486
asset_8531,0.0033104508116792,0,0,T1486
asset_8532,0.9042692805633136,1,0,T1486
asset_8533,0.0033104508115333,0,0,T1486
asset_8534,0.9042692805633136,1,1,T1486
asset_8535,0.9042692805633136,1,0,T1486
asset_8536,0.9042692805633136,1,0,T1486
asset_8537,0.0033104508115333,0,0,T1486
asset_8538,0.9042692805633136,1,1,T1486
asset_8539,0.9042692805633136,1,0,T1486
asset_8540,0.9042692805633136,1,1,T1486
asset_8541,0.0033104508115333,0,0,T1486
asset_8542,0.0033104468656574,0,0,T1486
asset_8543,0.9042692805633136,1,0,T1486
asset_8544,0.0033104508114616,0,0,T1486
asset_8545,0.9042692805633136,1,1,T1486
asset_8546,0.0033104508115333,0,1,T1486
asset_8547,0.9042692805633136,1,0,T1486
asset_8548,0.9042692805633136,1,1,T1486
asset_8549,0.9042692805633136,1,1,T1486
asset_8550,0.9042692805633136,1,1,T1486
asset_8551,0.9042692805633136,1,0,T1486
asset_8552,0.0033104508115333,0,0,T1486
asset_8553,0.9042692805633136,1,1,T1486
asset_8554,0.9042692805633136,1,0,T1486
asset_8555,0.003310450811489,0,0,T1486
asset_8556,0.9042692805633136,1,0,T1486
asset_8557,0.0033104508114618,0,1,T1486
asset_8558,0.0033104508115333,0,1,T1486
asset_8559,0.9042692805633136,1,1,T1486
asset_8560,0.9042692805633136,1,1,T1486
asset_8561,0.0033104508115868,0,0,T1486
asset_8562,0.0033104457881829,0,1,T1486
asset_8563,0.0033104508115205,0,0,T1486
asset_8564,0.0033104508114935,0,0,T1486
asset_8565,0.9042692805633136,1,0,T1486
asset_8566,0.9042692805633136,1,0,T1486
asset_8567,0.9042692805633136,1,1,T1486
asset_8568,0.9042692805633136,1,0,T1486
asset_8569,0.0033104508115333,0,1,T1486
asset_8570,0.9042692805633136,1,0,T1486
asset_8571,0.003310450811489,0,0,T1486
asset_8572,0.0033104508115333,0,1,T1486
asset_8573,0.9042692805633136,1,1,T1486
asset_8574,0.0033104508114895,0,1,T1486
asset_8575,0.9042692805633136,1,1,T1486
asset_8576,0.0033104508115869,0,1,T1486
asset_8577,0.9042692805633136,1,0,T1486
asset_8578,0.0033104508115333,0,0,T1486
asset_8579,0.9042692805633136,1,0,T1486
asset_8580,0.9042692805633136,1,0,T1486
asset_8581,0.9042692805633136,1,1,T1486
asset_8582,0.0033104508115333,0,0,T1486
asset_8583,0.9042692805633136,1,0,T1486
asset_8584,0.0033104508115333,0,0,T1486
asset_8585,0.0033104508115333,0,1,T1486
asset_8586,0.0033104508115843,0,1,T1486
asset_8587,0.9042692805633136,1,0,T1486
asset_8588,0.9042692805633136,1,1,T1486
asset_8589,0.9042692805633136,1,1,T1486
asset_8590,0.0033104508114552,0,0,T1486
asset_8591,0.9042692805633136,1,1,T1486
asset_8592,0.9042692805633136,1,1,T1486
asset_8593,0.0033104508115058,0,1,T1486
asset_8594,0.9042692805633136,1,0,T1486
asset_8595,0.9042692805633136,1,0,T1486
asset_8596,0.0033104508115333,0,1,T1486
asset_8597,0.0033104508115333,0,0,T1486
asset_8598,0.0033104508115333,0,1,T1486
asset_8599,0.0033104508115061,0,1,T1486
asset_8600,0.0033104508114824,0,0,T1486
asset_8601,0.9042692805633136,1,0,T1486
asset_8602,0.0033104508115333,0,1,T1486
asset_8603,0.9042692805633136,1,0,T1486
asset_8604,0.003310450811466,0,0,T1486
asset_8605,0.9042692805633136,1,1,T1486
asset_8606,0.9042692805633136,1,0,T1486
asset_8607,0.0033104508115333,0,0,T1486
asset_8608,0.0033104508114895,0,0,T1486
asset_8609,0.0033104508114618,0,1,T1486
asset_8610,0.0033104508115333,0,0,T1486
asset_8611,0.0033104508115333,0,0,T1486
asset_8612,0.0033104508115869,0,0,T1486
asset_8613,0.0033104508115868,0,1,T1486
asset_8614,0.9042692805633136,1,1,T1486
asset_8615,0.0033104508115309,0,0,T1486
asset_8616,0.0033104508115784,0,1,T1486
asset_8617,0.9042692805633136,1,0,T1486
asset_8618,0.9042692805633136,1,0,T1486
asset_8619,0.0033104508115205,0,0,T1486
asset_8620,0.0033104500031795,0,1,T1486
asset_8621,0.0033104508115333,0,0,T1486
asset_8622,0.9042692805633136,1,1,T1486
asset_8623,0.0033104508115333,0,1,T1486
asset_8624,0.9042692805633136,1,1,T1486
asset_8625,0.0033104508115333,0,1,T1486
asset_8626,0.9042692805633136,1,0,T1486
asset_8627,0.0033104508115333,0,0,T1486
asset_8628,0.0033104508114785,0,0,T1486
asset_8629,0.9042692805633136,1,1,T1486
asset_8630,0.9042692805633136,1,1,T1486
asset_8631,0.0033104508115225,0,1,T1486
asset_8632,0.0033104508115309,0,1,T1486
asset_8633,0.9042692805633136,1,0,T1486
asset_8634,0.9042692805633136,1,0,T1486
asset_8635,0.9042692805633136,1,1,T1486
asset_8636,0.9042692805633136,1,0,T1486
asset_8637,0.0033104508115333,0,1,T1486
asset_8638,0.003310450811489,0,1,T1486
asset_8639,0.9042692805633136,1,1,T1486
asset_8640,0.9042692805633136,1,1,T1486
asset_8641,0.0033104508115333,0,0,T1486
asset_8642,0.0033104508114785,0,1,T1486
asset_8643,0.9042692805633136,1,0,T1486
asset_8644,0.9042692805633136,1,1,T1486
asset_8645,0.0033104508115868,0,0,T1486
asset_8646,0.9042692805633136,1,0,T1486
asset_8647,0.0033104508115205,0,0,T1486
asset_8648,0.9042692805633136,1,0,T1486
asset_8649,0.0033454389817491,0,0,T1486
asset_8650,0.0033104508115333,0,1,T1486
asset_8651,0.9042692805633136,1,0,T1486
asset_8652,0.9042692805633136,1,0,T1486
asset_8653,0.9042692805633136,1,0,T1486
asset_8654,0.0033104508115333,0,0,T1486
asset_8655,0.9042692805633136,1,1,T1486
asset_8656,0.9042692805633136,1,1,T1486
asset_8657,0.003345437170895,0,1,T1486
asset_8658,0.0033104508115333,0,1,T1486
asset_8659,0.003310450811489,0,1,T1486
asset_8660,0.0033104508115868,0,1,T1486
asset_8661,0.0033104508115333,0,0,T1486
asset_8662,0.9042692805633136,1,0,T1486
asset_8663,0.0033104508115333,0,1,T1486
asset_8664,0.0033104508115333,0,1,T1486
asset_8665,0.9042692805633136,1,0,T1486
asset_8666,0.0033104508115333,0,1,T1486
asset_8667,0.0033104508115784,0,0,T1486
asset_8668,0.9042692805633136,1,1,T1486
asset_8669,0.0033104508115186,0,0,T1486
asset_8670,0.0033104508115333,0,0,T1486
asset_8671,0.0033454925291896,0,1,T1486
asset_8672,0.9042692805633136,1,0,T1486
asset_8673,0.0033104508115333,0,1,T1486
asset_8674,0.9042692805633136,1,1,T1486
asset_8675,0.9042692805633136,1,0,T1486
asset_8676,0.9042692805633136,1,1,T1486
asset_8677,0.0033104508115333,0,1,T1486
asset_8678,0.9042692805633136,1,0,T1486
asset_8679,0.9042692805633136,1,1,T1486
asset_8680,0.0033104508115333,0,1,T1486
asset_8681,0.9042692805633136,1,0,T1486
asset_8682,0.0033104508115294,0,1,T1486
asset_8683,0.0033104508115046,0,0,T1486
asset_8684,0.9042692805633136,1,1,T1486
asset_8685,0.9042692805633136,1,1,T1486
asset_8686,0.9042692805633136,1,0,T1486
asset_8687,0.0033104508115333,0,0,T1486
asset_8688,0.0033104508115293,0,1,T1486
asset_8689,0.9042692805633136,1,1,T1486
asset_8690,0.9042692805633136,1,0,T1486
asset_8691,0.9042692805633136,1,1,T1486
asset_8692,0.9042692805633136,1,0,T1486
asset_8693,0.9042692805633136,1,0,T1486
asset_8694,0.0033104508115333,0,0,T1486
asset_8695,0.9042692805633136,1,0,T1486
asset_8696,0.0033104508115333,0,1,T1486
asset_8697,0.0033104508115333,0,1,T1486
asset_8698,0.9042692805633136,1,0,T1486
asset_8699,0.003310450811489,0,0,T1486
asset_8700,0.9042692805633136,1,1,T1486
asset_8701,0.9042692805633136,1,1,T1486
asset_8702,0.0033104508115333,0,0,T1486
asset_8703,0.9042692805633136,1,1,T1486
asset_8704,0.9042692805633136,1,1,T1486
asset_8705,0.0033104508115333,0,1,T1486
asset_8706,0.0033104508115318,0,0,T1486
asset_8707,0.003310450811489,0,1,T1486
asset_8708,0.9042692805633136,1,1,T1486
asset_8709,0.9042692805633136,1,0,T1486
asset_8710,0.9042692805633136,1,0,T1486
asset_8711,0.0033104508115333,0,0,T1486
asset_8712,0.9042692805633136,1,0,T1486
asset_8713,0.0033104508115869,0,1,T1486
asset_8714,0.0033104508115309,0,0,T1486
asset_8715,0.0033104508115309,0,1,T1486
asset_8716,0.0033104508115333,0,0,T1486
asset_8717,0.0033104508115333,0,0,T1486
asset_8718,0.9042692805633136,1,1,T1486
asset_8719,0.0033104508115097,0,0,T1486
asset_8720,0.0033104499674198,0,1,T1486
asset_8721,0.0033104499673624,0,0,T1486
asset_8722,0.9042692805633136,1,0,T1486
asset_8723,0.0033104508115333,0,0,T1486
asset_8724,0.0033104508115225,0,1,T1486
asset_8725,0.9042692805633136,1,1,T1486
asset_8726,0.9042692805633136,1,1,T1486
asset_8727,0.0033104508115333,0,1,T1486
asset_8728,0.0033104508115333,0,1,T1486
asset_8729,0.9042692805633136,1,0,T1486
asset_8730,0.9042692805633136,1,0,T1486
asset_8731,0.0033104508115333,0,1,T1486
asset_8732,0.0033104490933179,0,1,T1486
asset_8733,0.9042692805633136,1,0,T1486
asset_8734,0.9042692805633136,1,0,T1486
asset_8735,0.0033104508115333,0,0,T1486
asset_8736,0.0033104508115333,0,0,T1486
asset_8737,0.9042692805633136,1,0,T1486
asset_8738,0.9042692805633136,1,0,T1486
asset_8739,0.9042692805633136,1,0,T1486
asset_8740,0.9042692805633136,1,1,T1486
asset_8741,0.0033454389817491,0,0,T1486
asset_8742,0.9042692805633136,1,1,T1486
asset_8743,0.9042692805633136,1,0,T1486
asset_8744,0.0033104508115333,0,0,T1486
asset_8745,0.9042692805633136,1,1,T1486
asset_8746,0.9042692805633136,1,0,T1486
asset_8747,0.0033104508115333,0,0,T1486
asset_8748,0.9042692805633136,1,0,T1486
asset_8749,0.9042692805633136,1,0,T1486
asset_8750,0.0033104508115333,0,0,T1486
asset_8751,0.9042692805633136,1,0,T1486
asset_8752,0.9042692805633136,1,1,T1486
asset_8753,0.0033104508115333,0,1,T1486
asset_8754,0.9042692805633136,1,1,T1486
asset_8755,0.9042692805633136,1,1,T1486
asset_8756,0.0033104508115333,0,1,T1486
asset_8757,0.0033104508115333,0,0,T1486
asset_8758,0.9042692805633136,1,0,T1486
asset_8759,0.9042692805633136,1,1,T1486
asset_8760,0.0033104508115294,0,0,T1486
asset_8761,0.9042692805633136,1,1,T1486
asset_8762,0.0033104508115333,0,0,T1486
asset_8763,0.0033104508115333,0,0,T1486
asset_8764,0.0033104508115205,0,1,T1486
asset_8765,0.0033104508115099,0,0,T1486
asset_8766,0.9042692805633136,1,1,T1486
asset_8767,0.9042692805633136,1,0,T1486
asset_8768,0.0033104508115333,0,1,T1486
asset_8769,0.9042692805633136,1,0,T1486
asset_8770,0.0033454904089115,0,0,T1486
asset_8771,0.0033104508115146,0,1,T1486
asset_8772,0.0033104508115333,0,0,T1486
asset_8773,0.9042692805633136,1,1,T1486
asset_8774,0.0033104508115333,0,1,T1486
asset_8775,0.0033104508115333,0,0,T1486
asset_8776,0.9042692805633136,1,1,T1486
asset_8777,0.9042692805633136,1,1,T1486
asset_8778,0.9042692805633136,1,1,T1486
asset_8779,0.9042692805633136,1,0,T1486
asset_8780,0.0033104508115333,0,1,T1486
asset_8781,0.0033104473248358,0,0,T1486
asset_8782,0.9042692805633136,1,0,T1486
asset_8783,0.9042692805633136,1,0,T1486
asset_8784,0.0033104508115333,0,0,T1486
asset_8785,0.9042692805633136,1,1,T1486
asset_8786,0.0033104508115333,0,1,T1486
asset_8787,0.9042692805633136,1,0,T1486
asset_8788,0.0033104508115333,0,0,T1486
asset_8789,0.9042692805633136,1,0,T1486
asset_8790,0.0033104508115205,0,0,T1486
asset_8791,0.0033104508115333,0,0,T1486
asset_8792,0.9042692805633136,1,0,T1486
asset_8793,0.9042692805633136,1,0,T1486
asset_8794,0.9042692805633136,1,0,T1486
asset_8795,0.9042692805633136,1,1,T1486
asset_8796,0.0033104508115333,0,0,T1486
asset_8797,0.0033104508115333,0,0,T1486
asset_8798,0.0033104508115333,0,0,T1486
asset_8799,0.9042692805633136,1,0,T1486
asset_8800,0.0033104508115333,0,1,T1486
asset_8801,0.9042692805633136,1,0,T1486
asset_8802,0.0033104508115205,0,1,T1486
asset_8803,0.9042692805633136,1,0,T1486
asset_8804,0.9042692805633136,1,0,T1486
asset_8805,0.9042692805633136,1,1,T1486
asset_8806,0.9042692805633136,1,0,T1486
asset_8807,0.0033104508115293,0,1,T1486
asset_8808,0.9042692805633136,1,0,T1486
asset_8809,0.0033104508115333,0,0,T1486
asset_8810,0.0033104508114895,0,1,T1486
asset_8811,0.9042692805633136,1,1,T1486
asset_8812,0.9042692805633136,1,1,T1486
asset_8813,0.0033104508115333,0,1,T1486
asset_8814,0.0033104508115333,0,1,T1486
asset_8815,0.9042692805633136,1,0,T1486
asset_8816,0.0033104508115333,0,1,T1486
asset_8817,0.0033104508115333,0,1,T1486
asset_8818,0.9042692805633136,1,0,T1486
asset_8819,0.0033104508115333,0,0,T1486
asset_8820,0.9042692805633136,1,1,T1486
asset_8821,0.0033104508114785,0,1,T1486
asset_8822,0.9042692805633136,1,0,T1486
asset_8823,0.0033104508115333,0,0,T1486
asset_8824,0.9042692805633136,1,0,T1486
asset_8825,0.9042692805633136,1,1,T1486
asset_8826,0.9042692805633136,1,1,T1486
asset_8827,0.9042692805633136,1,1,T1486
asset_8828,0.0033104508115868,0,0,T1486
asset_8829,0.9042692805633136,1,0,T1486
asset_8830,0.9042692805633136,1,0,T1486
asset_8831,0.9042692805633136,1,1,T1486
asset_8832,0.0033104508115309,0,0,T1486
asset_8833,0.9042692805633136,1,0,T1486
asset_8834,0.0033104508115784,0,1,T1486
asset_8835,0.003310450811489,0,0,T1486
asset_8836,0.9042692805633136,1,1,T1486
asset_8837,0.0033104508115333,0,0,T1486
asset_8838,0.0033104508115333,0,1,T1486
asset_8839,0.0033104508115333,0,1,T1486
asset_8840,0.003345489346825,0,0,T1486
asset_8841,0.9042692805633136,1,1,T1486
asset_8842,0.9042692805633136,1,1,T1486
asset_8843,0.0033104508114785,0,1,T1486
asset_8844,0.0033104508115284,0,1,T1486
asset_8845,0.9042692805633136,1,1,T1486
asset_8846,0.9042692805633136,1,1,T1486
asset_8847,0.9042692805633136,1,0,T1486
asset_8848,0.0033104508115318,0,0,T1486
asset_8849,0.9042692805633136,1,0,T1486
asset_8850,0.0033104508115309,0,0,T1486
asset_8851,0.9042692805633136,1,1,T1486
asset_8852,0.9042692805633136,1,0,T1486
asset_8853,0.0033104508115333,0,0,T1486
asset_8854,0.9042692805633136,1,0,T1486
asset_8855,0.0033104508115333,0,0,T1486
asset_8856,0.9042692805633136,1,1,T1486
asset_8857,0.0033104508114889,0,0,T1486
asset_8858,0.0033104508119878,0,1,T1486
asset_8859,0.9042692805633136,1,1,T1486
asset_8860,0.9042692805633136,1,1,T1486
asset_8861,0.0033104508115333,0,0,T1486
asset_8862,0.0033104508115333,0,0,T1486
asset_8863,0.0033104508115097,0,1,T1486
asset_8864,0.9042692805633136,1,0,T1486
asset_8865,0.9042692805633136,1,1,T1486
asset_8866,0.9042692805633136,1,1,T1486
asset_8867,0.0033104508115333,0,0,T1486
asset_8868,0.0033104508115333,0,0,T1486
asset_8869,0.0033104508115061,0,1,T1486
asset_8870,0.9042692805633136,1,0,T1486
asset_8871,0.0033104508115333,0,1,T1486
asset_8872,0.0033104508120334,0,0,T1486
asset_8873,0.0033104508115307,0,0,T1486
asset_8874,0.9042692805633136,1,1,T1486
asset_8875,0.9042692805633136,1,0,T1486
asset_8876,0.9042692805633136,1,0,T1486
asset_8877,0.9042692805633136,1,0,T1486
asset_8878,0.9042692805633136,1,0,T1486
asset_8879,0.9042692805633136,1,1,T1486
asset_8880,0.9042692805633136,1,1,T1486
asset_8881,0.0033104508115294,0,1,T1486
asset_8882,0.0033104508115333,0,0,T1486
asset_8883,0.0033104508115205,0,0,T1486
asset_8884,0.9042692805633136,1,0,T1486
asset_8885,0.9042692805633136,1,0,T1486
asset_8886,0.9042692805633136,1,0,T1486
asset_8887,0.0033104508115097,0,1,T1486
asset_8888,0.9042692805633136,1,0,T1486
asset_8889,0.9042692805633136,1,0,T1486
asset_8890,0.0033104508115225,0,0,T1486
asset_8891,0.0033104508115294,0,1,T1486
asset_8892,0.0033104508115333,0,1,T1486
asset_8893,0.0033104508115318,0,1,T1486
asset_8894,0.0033104508115225,0,1,T1486
asset_8895,0.0033104508115333,0,1,T1486
asset_8896,0.9042692805633136,1,0,T1486
asset_8897,0.9042692805633136,1,0,T1486
asset_8898,0.003310450811489,0,1,T1486
asset_8899,0.0033104508115333,0,0,T1486
asset_8900,0.9042692805633136,1,1,T1486
asset_8901,0.9042692805633136,1,1,T1486
asset_8902,0.9042692805633136,1,1,T1486
asset_8903,0.0033104508115333,0,0,T1486
asset_8904,0.9042692805633136,1,0,T1486
asset_8905,0.9042692805633136,1,1,T1486
asset_8906,0.0033104508115869,0,0,T1486
asset_8907,0.9042692805633136,1,0,T1486
asset_8908,0.9042692805633136,1,1,T1486
asset_8909,0.0033104508115333,0,0,T1486
asset_8910,0.0033104508115868,0,0,T1486
asset_8911,0.0033104508115146,0,0,T1486
asset_8912,0.0033104508115309,0,0,T1486
asset_8913,0.9042692805633136,1,0,T1486
asset_8914,0.9042692805633136,1,1,T1486
asset_8915,0.0033104508115333,0,0,T1486
asset_8916,0.9042692805633136,1,1,T1486
asset_8917,0.9042692805633136,1,1,T1486
asset_8918,0.9042692805633136,1,0,T1486
asset_8919,0.9042692805633136,1,0,T1486
asset_8920,0.0033104508115333,0,1,T1486
asset_8921,0.0033104508115333,0,1,T1486
asset_8922,0.9042692805633136,1,0,T1486
asset_8923,0.0033104508114616,0,1,T1486
asset_8924,0.0033104508115333,0,1,T1486
asset_8925,0.0033104508115333,0,0,T1486
asset_8926,0.9042692805633136,1,1,T1486
asset_8927,0.9042692805633136,1,0,T1486
asset_8928,0.0033104508115333,0,1,T1486
asset_8929,0.9042692805633136,1,0,T1486
asset_8930,0.9042692805633136,1,1,T1486
asset_8931,0.9042692805633136,1,0,T1486
asset_8932,0.0033104508115294,0,1,T1486
asset_8933,0.9042692805633136,1,0,T1486
asset_8934,0.9042692805633136,1,0,T1486
asset_8935,0.9042692805633136,1,1,T1486
asset_8936,0.0033104508115225,0,1,T1486
asset_8937,0.9042692805633136,1,1,T1486
asset_8938,0.9042692805633136,1,0,T1486
asset_8939,0.9042692805633136,1,1,T1486
asset_8940,0.9042692805633136,1,1,T1486
asset_8941,0.0033104508115309,0,0,T1486
asset_8942,0.9042692805633136,1,1,T1486
asset_8943,0.9042692805633136,1,1,T1486
asset_8944,0.9042692805633136,1,0,T1486
asset_8945,0.0033104508115333,0,0,T1486
asset_8946,0.0033104508115333,0,0,T1486
asset_8947,0.0033104508115309,0,1,T1486
asset_8948,0.9042692805633136,1,1,T1486
asset_8949,0.9042692805633136,1,0,T1486
asset_8950,0.0033454925291896,0,0,T1486
asset_8951,0.0033104508135067,0,0,T1486
asset_8952,0.9042692805633136,1,1,T1486
asset_8953,0.0033104508115333,0,0,T1486
asset_8954,0.9042692805633136,1,1,T1486
asset_8955,0.0033104508115333,0,0,T1486
asset_8956,0.9042692805633136,1,1,T1486
asset_8957,0.9042692805633136,1,0,T1486
asset_8958,0.0033104508115333,0,1,T1486
asset_8959,0.0033104508115333,0,0,T1486
asset_8960,0.0033104508115333,0,1,T1486
asset_8961,0.9042692805633136,1,1,T1486
asset_8962,0.0033104508115333,0,1,T1486
asset_8963,0.0033104508115333,0,1,T1486
asset_8964,0.0033104508115333,0,1,T1486
asset_8965,0.9042692805633136,1,1,T1486
asset_8966,0.9042692805633136,1,0,T1486
asset_8967,0.9042692805633136,1,1,T1486
asset_8968,0.9042692805633136,1,0,T1486
asset_8969,0.0033104508115333,0,0,T1486
asset_8970,0.0033104508115869,0,0,T1486
asset_8971,0.0033104508115333,0,0,T1486
asset_8972,0.0033104508115146,0,1,T1486
asset_8973,0.9042692805633136,1,1,T1486
asset_8974,0.9042692805633136,1,1,T1486
asset_8975,0.9042692805633136,1,0,T1486
asset_8976,0.9042692805633136,1,1,T1486
asset_8977,0.9042692805633136,1,0,T1486
asset_8978,0.9042692805633136,1,1,T1486
asset_8979,0.0033104508115333,0,1,T1486
asset_8980,0.0033104508115869,0,0,T1486
asset_8981,0.9042692805633136,1,1,T1486
asset_8982,0.0033104508115333,0,0,T1486
asset_8983,0.9042692805633136,1,0,T1486
asset_8984,0.003310450811489,0,1,T1486
asset_8985,0.9042692805633136,1,0,T1486
asset_8986,0.0033104468656574,0,0,T1486
asset_8987,0.0033104490005228,0,0,T1486
asset_8988,0.0033104508115223,0,0,T1486
asset_8989,0.0033104508115293,0,1,T1486
asset_8990,0.0033104508115309,0,0,T1486
asset_8991,0.0033104508115869,0,0,T1486
asset_8992,0.9042692805633136,1,1,T1486
asset_8993,0.0033104508115333,0,0,T1486
asset_8994,0.9042692805633136,1,0,T1486
asset_8995,0.0033104508114959,0,0,T1486
asset_8996,0.9042692805633136,1,0,T1486
asset_8997,0.9042692805633136,1,0,T1486
asset_8998,0.0033104508115294,0,0,T1486
asset_8999,0.9042692805633136,1,1,T1486
asset_9000,0.9042692805633136,1,1,T1486
asset_9001,0.9042692805633136,1,1,T1486
asset_9002,0.0033104508115196,0,0,T1486
asset_9003,0.9042692805633136,1,1,T1486
asset_9004,0.0033104508114935,0,0,T1486
asset_9005,0.9042692805633136,1,0,T1486
asset_9006,0.9042692805633136,1,1,T1486
asset_9007,0.0033104508115333,0,0,T1486
asset_9008,0.9042692805633136,1,1,T1486
asset_9009,0.9042692805633136,1,0,T1486
asset_9010,0.0033104508115333,0,1,T1486
asset_9011,0.0033104508115333,0,0,T1486
asset_9012,0.0033104508115333,0,1,T1486
asset_9013,0.9042692805633136,1,0,T1486
asset_9014,0.0033104508114677,0,0,T1486
asset_9015,0.0033104508115225,0,0,T1486
asset_9016,0.0033104508115333,0,0,T1486
asset_9017,0.0033104508115186,0,1,T1486
asset_9018,0.0033104508115294,0,1,T1486
asset_9019,0.9042692805633136,1,0,T1486
asset_9020,0.0033104508115205,0,1,T1486
asset_9021,0.9042692805633136,1,1,T1486
asset_9022,0.0033104508115097,0,1,T1486
asset_9023,0.003310450811489,0,0,T1486
asset_9024,0.0033104508115223,0,0,T1486
asset_9025,0.0033104508115316,0,1,T1486
asset_9026,0.9042692805633136,1,1,T1486
asset_9027,0.9042692805633136,1,0,T1486
asset_9028,0.0033104508115333,0,1,T1486
asset_9029,0.0033104508115309,0,1,T1486
asset_9030,0.0033104490932545,0,0,T1486
asset_9031,0.9042692805633136,1,1,T1486
asset_9032,0.9042692805633136,1,0,T1486
asset_9033,0.9042692805633136,1,1,T1486
asset_9034,0.0033104508115333,0,1,T1486
asset_9035,0.0033104508115333,0,0,T1486
asset_9036,0.0033104508115333,0,1,T1486
asset_9037,0.9042692805633136,1,0,T1486
asset_9038,0.9042692805633136,1,1,T1486
asset_9039,0.9042692805633136,1,1,T1486
asset_9040,0.0033104508115333,0,1,T1486
asset_9041,0.0033104508115333,0,0,T1486
asset_9042,0.0033104508115225,0,1,T1486
asset_9043,0.9042692805633136,1,0,T1486
asset_9044,0.9042692805633136,1,0,T1486
asset_9045,0.0033104508115099,0,1,T1486
asset_9046,0.0033104508114935,0,1,T1486
asset_9047,0.003310445788183,0,1,T1486
asset_9048,0.9042692805633136,1,0,T1486
asset_9049,0.0033104508115099,0,1,T1486
asset_9050,0.9042692805633136,1,1,T1486
asset_9051,0.0033104508115333,0,0,T1486
asset_9052,0.9042692805633136,1,0,T1486
asset_9053,0.9042692805633136,1,0,T1486
asset_9054,0.0033104508115333,0,0,T1486
asset_9055,0.0033104508115333,0,0,T1486
asset_9056,0.9042692805633136,1,1,T1486
asset_9057,0.9042692805633136,1,1,T1486
asset_9058,0.9042692805633136,1,1,T1486
asset_9059,0.0033104508115333,0,0,T1486
asset_9060,0.9042692805633136,1,0,T1486
asset_9061,0.0033104508115225,0,0,T1486
asset_9062,0.0033104508115333,0,0,T1486
asset_9063,0.0033104508115333,0,1,T1486
asset_9064,0.0033104508115309,0,1,T1486
asset_9065,0.9042692805633136,1,0,T1486
asset_9066,0.9042692805633136,1,1,T1486
asset_9067,0.9042692805633136,1,0,T1486
asset_9068,0.003310450811489,0,1,T1486
asset_9069,0.0033104508115333,0,1,T1486
asset_9070,0.0033104508115333,0,1,T1486
asset_9071,0.9042692805633136,1,1,T1486
asset_9072,0.0033104508115333,0,1,T1486
asset_9073,0.0033104508115293,0,1,T1486
asset_9074,0.9042692805633136,1,0,T1486
asset_9075,0.0033104508115333,0,0,T1486
asset_9076,0.0033104508115333,0,0,T1486
asset_9077,0.9042692805633136,1,1,T1486
asset_9078,0.0033104508115333,0,0,T1486
asset_9079,0.0033104508115333,0,1,T1486
asset_9080,0.0033104508115284,0,0,T1486
asset_9081,0.9042692805633136,1,0,T1486
asset_9082,0.0033104508115333,0,1,T1486
asset_9083,0.0033104508115333,0,1,T1486
asset_9084,0.9042692805633136,1,0,T1486
asset_9085,0.0033104508115333,0,0,T1486
asset_9086,0.0033104508115293,0,1,T1486
asset_9087,0.9042692805633136,1,0,T1486
asset_9088,0.0033104508115333,0,1,T1486
asset_9089,0.0033104508115333,0,0,T1486
asset_9090,0.9042692805633136,1,1,T1486
asset_9091,0.9042692805633136,1,0,T1486
asset_9092,0.9042692805633136,1,1,T1486
asset_9093,0.9042692805633136,1,0,T1486
asset_9094,0.9042692805633136,1,1,T1486
asset_9095,0.0033104508115869,0,1,T1486
asset_9096,0.0033104508115333,0,0,T1486
asset_9097,0.0033104508115333,0,0,T1486
asset_9098,0.9042692805633136,1,0,T1486
asset_9099,0.0033104508115309,0,1,T1486
asset_9100,0.0033804652151763,0,1,T1486
asset_9101,0.0033104508115333,0,1,T1486
asset_9102,0.0033104508115333,0,0,T1486
asset_9103,0.9042692805633136,1,1,T1486
asset_9104,0.003310450811466,0,0,T1486
asset_9105,0.9042692805633136,1,1,T1486
asset_9106,0.9042692805633136,1,0,T1486
asset_9107,0.9042692805633136,1,0,T1486
asset_9108,0.9042692805633136,1,1,T1486
asset_9109,0.9042692805633136,1,1,T1486
asset_9110,0.0033104508114933,0,0,T1486
asset_9111,0.9042692805633136,1,1,T1486
asset_9112,0.0033104508115333,0,0,T1486
asset_9113,0.9042692805633136,1,0,T1486
asset_9114,0.9042692805633136,1,1,T1486
asset_9115,0.0033104508115758,0,1,T1486
asset_9116,0.9042692805633136,1,1,T1486
asset_9117,0.003310450811466,0,0,T1486
asset_9118,0.9042692805633136,1,0,T1486
asset_9119,0.0033104508115333,0,0,T1486
asset_9120,0.0033104508115333,0,1,T1486
asset_9121,0.9042692805633136,1,1,T1486
asset_9122,0.0033104508115333,0,1,T1486
asset_9123,0.9042692805633136,1,1,T1486
asset_9124,0.9042692805633136,1,0,T1486
asset_9125,0.0033104508114856,0,0,T1486
asset_9126,0.0033104508115869,0,0,T1486
asset_9127,0.0033454389816956,0,1,T1486
asset_9128,0.9042692805633136,1,1,T1486
asset_9129,0.9042692805633136,1,0,T1486
asset_9130,0.0033104508115333,0,1,T1486
asset_9131,0.9042692805633136,1,1,T1486
asset_9132,0.9042692805633136,1,0,T1486
asset_9133,0.0033104508115333,0,1,T1486
asset_9134,0.0033104508115099,0,1,T1486
asset_9135,0.0033104508117248,0,0,T1486
asset_9136,0.9042692805633136,1,1,T1486
asset_9137,0.9042692805633136,1,1,T1486
asset_9138,0.9042692805633136,1,0,T1486
asset_9139,0.0033104508115333,0,1,T1486
asset_9140,0.9042692805633136,1,1,T1486
asset_9141,0.9042692805633136,1,0,T1486
asset_9142,0.9042692805633136,1,1,T1486
asset_9143,0.0033104508115333,0,0,T1486
asset_9144,0.0033104508115333,0,0,T1486
asset_9145,0.9042692805633136,1,0,T1486
asset_9146,0.9042692805633136,1,1,T1486
asset_9147,0.9042692805633136,1,0,T1486
asset_9148,0.9042692805633136,1,0,T1486
asset_9149,0.0033104508115333,0,0,T1486
asset_9150,0.9042692805633136,1,0,T1486
asset_9151,0.9042692805633136,1,0,T1486
asset_9152,0.9042692805633136,1,1,T1486
asset_9153,0.9042692805633136,1,0,T1486
asset_9154,0.0033104508115333,0,0,T1486
asset_9155,0.0033104508115293,0,0,T1486
asset_9156,0.0033104508115333,0,0,T1486
asset_9157,0.0033104508115333,0,0,T1486
asset_9158,0.0033104508115333,0,1,T1486
asset_9159,0.0033104508115333,0,1,T1486
asset_9160,0.9042692805633136,1,0,T1486
asset_9161,0.0033104508115333,0,0,T1486
asset_9162,0.0033104508115284,0,1,T1486
asset_9163,0.9042692805633136,1,0,T1486
asset_9164,0.9042692805633136,1,1,T1486
asset_9165,0.0033104508115309,0,0,T1486
asset_9166,0.9042692805633136,1,1,T1486
asset_9167,0.9042692805633136,1,1,T1486
asset_9168,0.9042692805633136,1,0,T1486
asset_9169,0.9042692805633136,1,1,T1486
asset_9170,0.0033104508115333,0,1,T1486
asset_9171,0.9042692805633136,1,0,T1486
asset_9172,0.0033104508115333,0,0,T1486
asset_9173,0.9042692805633136,1,1,T1486
asset_9174,0.9042692805633136,1,0,T1486
asset_9175,0.9042692805633136,1,1,T1486
asset_9176,0.0033104508115309,0,1,T1486
asset_9177,0.0033104508115333,0,0,T1486
asset_9178,0.9042692805633136,1,0,T1486
asset_9179,0.0033104508115318,0,0,T1486
asset_9180,0.0033104508115333,0,1,T1486
asset_9181,0.9042692805633136,1,1,T1486
asset_9182,0.9042692805633136,1,1,T1486
asset_9183,0.0033104499672667,0,0,T1486
asset_9184,0.0033104508115333,0,1,T1486
asset_9185,0.9042692805633136,1,1,T1486
asset_9186,0.9042692805633136,1,1,T1486
asset_9187,0.9042692805633136,1,1,T1486
asset_9188,0.9042692805633136,1,0,T1486
asset_9189,0.9042692805633136,1,1,T1486
asset_9190,0.9042692805633136,1,0,T1486
asset_9191,0.003310450811489,0,1,T1486
asset_9192,0.0033104508114664,0,1,T1486
asset_9193,0.0033104508114933,0,0,T1486
asset_9194,0.0033104508114616,0,0,T1486
asset_9195,0.0033104508115333,0,1,T1486
asset_9196,0.9042692805633136,1,0,T1486
asset_9197,0.9042692805633136,1,1,T1486
asset_9198,0.9042692805633136,1,1,T1486
asset_9199,0.9042692805633136,1,0,T1486
asset_9200,0.9042692805633136,1,0,T1486
asset_9201,0.0033104508115333,0,0,T1486
asset_9202,0.0033104508115869,0,1,T1486
asset_9203,0.0033104508115333,0,0,T1486
asset_9204,0.9042692805633136,1,0,T1486
asset_9205,0.9042692805633136,1,0,T1486
asset_9206,0.9042692805633136,1,0,T1486
asset_9207,0.9042692805633136,1,1,T1486
asset_9208,0.0033104508115333,0,1,T1486
asset_9209,0.003310450811489,0,0,T1486
asset_9210,0.9042692805633136,1,1,T1486
asset_9211,0.0033104508115333,0,0,T1486
asset_9212,0.9042692805633136,1,0,T1486
asset_9213,0.0033104508115333,0,0,T1486
asset_9214,0.9042692805633136,1,0,T1486
asset_9215,0.0033104508115843,0,1,T1486
asset_9216,0.0033104508115333,0,1,T1486
asset_9217,0.9042692805633136,1,0,T1486
asset_9218,0.0033104508115333,0,1,T1486
asset_9219,0.9042692805633136,1,0,T1486
asset_9220,0.0033104508115333,0,1,T1486
asset_9221,0.9042692805633136,1,0,T1486
asset_9222,0.9042692805633136,1,0,T1486
asset_9223,0.9042692805633136,1,0,T1486
asset_9224,0.0033104508115333,0,1,T1486
asset_9225,0.0033104508115333,0,1,T1486
asset_9226,0.9042692805633136,1,1,T1486
asset_9227,0.0033104508115333,0,0,T1486
asset_9228,0.0033104508115333,0,0,T1486
asset_9229,0.0033104508115333,0,0,T1486
asset_9230,0.003310450811489,0,0,T1486
asset_9231,0.9042692805633136,1,1,T1486
asset_9232,0.0033104508115333,0,1,T1486
asset_9233,0.0033104508115205,0,1,T1486
asset_9234,0.9042692805633136,1,1,T1486
asset_9235,0.0033104508115333,0,0,T1486
asset_9236,0.0033104508115186,0,0,T1486
asset_9237,0.9042692805633136,1,1,T1486
asset_9238,0.9042692805633136,1,0,T1486
asset_9239,0.0033104508115205,0,0,T1486
asset_9240,0.9042692805633136,1,0,T1486
asset_9241,0.9042692805633136,1,1,T1486
asset_9242,0.0033104508115309,0,1,T1486
asset_9243,0.9042692805633136,1,0,T1486
asset_9244,0.9042692805633136,1,1,T1486
asset_9245,0.9042692805633136,1,0,T1486
asset_9246,0.9042692805633136,1,1,T1486
asset_9247,0.9042692805633136,1,1,T1486
asset_9248,0.9042692805633136,1,1,T1486
asset_9249,0.9042692805633136,1,0,T1486
asset_9250,0.0033104508115333,0,0,T1486
asset_9251,0.9042692805633136,1,0,T1486
asset_9252,0.0033104508115309,0,1,T1486
asset_9253,0.9042692805633136,1,0,T1486
asset_9254,0.0033104508115333,0,0,T1486
asset_9255,0.9042692805633136,1,1,T1486
asset_9256,0.9042692805633136,1,0,T1486
asset_9257,0.9042692805633136,1,0,T1486
asset_9258,0.9042692805633136,1,0,T1486
asset_9259,0.9042692805633136,1,0,T1486
asset_9260,0.0033104508115869,0,1,T1486
asset_9261,0.0033104508115333,0,0,T1486
asset_9262,0.0033104490923377,0,0,T1486
asset_9263,0.0033104508115205,0,0,T1486
asset_9264,0.9042692805633136,1,1,T1486
asset_9265,0.9042692805633136,1,0,T1486
asset_9266,0.9042692805633136,1,1,T1486
asset_9267,0.9042692805633136,1,1,T1486
asset_9268,0.9042692805633136,1,0,T1486
asset_9269,0.9042692805633136,1,1,T1486
asset_9270,0.0033104508121311,0,1,T1486
asset_9271,0.003310450811489,0,0,T1486
asset_9272,0.0033104508115333,0,0,T1486
asset_9273,0.9042692805633136,1,0,T1486
asset_9274,0.0033104508115099,0,0,T1486
asset_9275,0.9042692805633136,1,0,T1486
asset_9276,0.9042692805633136,1,0,T1486
asset_9277,0.9042692805633136,1,1,T1486
asset_9278,0.9042692805633136,1,0,T1486
asset_9279,0.9042692805633136,1,0,T1486
asset_9280,0.0033104508115333,0,0,T1486
asset_9281,0.9042692805633136,1,0,T1486
asset_9282,0.9042692805633136,1,1,T1486
asset_9283,0.0033104508115333,0,0,T1486
asset_9284,0.0033104508115333,0,0,T1486
asset_9285,0.9042692805633136,1,1,T1486
asset_9286,0.0033104508115061,0,0,T1486
asset_9287,0.0033104508115333,0,0,T1486
asset_9288,0.9042692805633136,1,0,T1486
asset_9289,0.0033104508115333,0,0,T1486
asset_9290,0.003310450811489,0,1,T1486
asset_9291,0.0033104508115333,0,1,T1486
asset_9292,0.0033104508115784,0,1,T1486
asset_9293,0.9042692805633136,1,1,T1486
asset_9294,0.0033104508114785,0,0,T1486
asset_9295,0.9042692805633136,1,0,T1486
asset_9296,0.9042692805633136,1,1,T1486
asset_9297,0.0033104508115333,0,1,T1486
asset_9298,0.9042692805633136,1,0,T1486
asset_9299,0.0033104462285538,0,0,T1486
asset_9300,0.0033104508115061,0,0,T1486
asset_9301,0.0033104508114618,0,0,T1486
asset_9302,0.0033104508115333,0,0,T1486
asset_9303,0.9042692805633136,1,0,T1486
asset_9304,0.0034876895568891,0,1,T1486
asset_9305,0.9042692805633136,1,1,T1486
asset_9306,0.9042692805633136,1,1,T1486
asset_9307,0.0033104508115333,0,0,T1486
asset_9308,0.0033104508115868,0,1,T1486
asset_9309,0.0033104499674198,0,1,T1486
asset_9310,0.9042692805633136,1,0,T1486
asset_9311,0.9042692805633136,1,0,T1486
asset_9312,0.9042692805633136,1,0,T1486
asset_9313,0.9042692805633136,1,0,T1486
asset_9314,0.9042692805633136,1,1,T1486
asset_9315,0.0033104508115169,0,1,T1486
asset_9316,0.0033104508115333,0,1,T1486
asset_9317,0.9042692805633136,1,1,T1486
asset_9318,0.9042692805633136,1,1,T1486
asset_9319,0.0033104508115333,0,0,T1486
asset_9320,0.9042692805633136,1,0,T1486
asset_9321,0.9042692805633136,1,1,T1486
asset_9322,0.0033104508115333,0,1,T1486
asset_9323,0.9042692805633136,1,0,T1486
asset_9324,0.9042692805633136,1,0,T1486
asset_9325,0.0033104508115333,0,0,T1486
asset_9326,0.9042692805633136,1,1,T1486
asset_9327,0.0033104508115221,0,1,T1486
asset_9328,0.9042692805633136,1,1,T1486
asset_9329,0.9042692805633136,1,0,T1486
asset_9330,0.9042692805633136,1,1,T1486
asset_9331,0.9042692805633136,1,0,T1486
asset_9332,0.9042692805633136,1,0,T1486
asset_9333,0.0033104508115333,0,0,T1486
asset_9334,0.0033454389817491,0,1,T1486
asset_9335,0.0033104508115333,0,0,T1486
asset_9336,0.9042692805633136,1,0,T1486
asset_9337,0.0033104508115309,0,1,T1486
asset_9338,0.0033104508116689,0,1,T1486
asset_9339,0.0033104508115294,0,1,T1486
asset_9340,0.9042692805633136,1,1,T1486
asset_9341,0.9042692805633136,1,1,T1486
asset_9342,0.0033104508115333,0,0,T1486
asset_9343,0.003310449967819,0,0,T1486
asset_9344,0.0033104508115294,0,1,T1486
asset_9345,0.0033104508115333,0,0,T1486
asset_9346,0.0033104508115333,0,0,T1486
asset_9347,0.0033104508115333,0,1,T1486
asset_9348,0.9042692805633136,1,1,T1486
asset_9349,0.0033104508114508,0,0,T1486
asset_9350,0.9042692805633136,1,0,T1486
asset_9351,0.9042692805633136,1,0,T1486
asset_9352,0.0033104508115333,0,1,T1486
asset_9353,0.0033104508115225,0,1,T1486
asset_9354,0.9042692805633136,1,1,T1486
asset_9355,0.9042692805633136,1,0,T1486
asset_9356,0.0033104508115333,0,1,T1486
asset_9357,0.9042692805633136,1,1,T1486
asset_9358,0.0033104508115333,0,0,T1486
asset_9359,0.0033104508115333,0,1,T1486
asset_9360,0.9042692805633136,1,1,T1486
asset_9361,0.9042692805633136,1,0,T1486
asset_9362,0.003310450811489,0,1,T1486
asset_9363,0.9042692805633136,1,0,T1486
asset_9364,0.9042692805633136,1,1,T1486
asset_9365,0.0033104508115333,0,0,T1486
asset_9366,0.9042692805633136,1,0,T1486
asset_9367,0.0033104508115333,0,1,T1486
asset_9368,0.0033104508115333,0,0,T1486
asset_9369,0.9042692805633136,1,0,T1486
asset_9370,0.0033104508115333,0,0,T1486
asset_9371,0.9042692805633136,1,1,T1486
asset_9372,0.9042692805633136,1,0,T1486
asset_9373,0.9042692805633136,1,0,T1486
asset_9374,0.003310450811489,0,0,T1486
asset_9375,0.9042692805633136,1,0,T1486
asset_9376,0.9042692805633136,1,0,T1486
asset_9377,0.9042692805633136,1,0,T1486
asset_9378,0.9042692805633136,1,0,T1486
asset_9379,0.0033454904089115,0,1,T1486
asset_9380,0.0033104508115333,0,1,T1486
asset_9381,0.9042692805633136,1,1,T1486
asset_9382,0.9042692805633136,1,1,T1486
asset_9383,0.9042692805633136,1,0,T1486
asset_9384,0.9042692805633136,1,0,T1486
asset_9385,0.0033104508114618,0,1,T1486
asset_9386,0.0033104508115225,0,0,T1486
asset_9387,0.9042692805633136,1,0,T1486
asset_9388,0.9042692805633136,1,1,T1486
asset_9389,0.0033104508115333,0,1,T1486
asset_9390,0.9042692805633136,1,0,T1486
asset_9391,0.9042692805633136,1,1,T1486
asset_9392,0.0033104508115333,0,0,T1486
asset_9393,0.9042692805633136,1,1,T1486
asset_9394,0.9042692805633136,1,1,T1486
asset_9395,0.9042692805633136,1,1,T1486
asset_9396,0.0033104508115333,0,1,T1486
asset_9397,0.0033104508115333,0,0,T1486
asset_9398,0.0033104508115333,0,1,T1486
asset_9399,0.0033104508115309,0,1,T1486
asset_9400,0.0033104508115333,0,1,T1486
asset_9401,0.0033104508115333,0,0,T1486
asset_9402,0.9042692805633136,1,0,T1486
asset_9403,0.9042692805633136,1,0,T1486
asset_9404,0.9042692805633136,1,0,T1486
asset_9405,0.9042692805633136,1,0,T1486
asset_9406,0.0033104508115333,0,1,T1486
asset_9407,0.9042692805633136,1,0,T1486
asset_9408,0.9042692805633136,1,1,T1486
asset_9409,0.9042692805633136,1,1,T1486
asset_9410,0.9042692805633136,1,0,T1486
asset_9411,0.0033104508115225,0,1,T1486
asset_9412,0.9042692805633136,1,1,T1486
asset_9413,0.0033104508115333,0,1,T1486
asset_9414,0.9042692805633136,1,1,T1486
asset_9415,0.9042692805633136,1,0,T1486
asset_9416,0.9042692805633136,1,0,T1486
asset_9417,0.0033104508115333,0,1,T1486
asset_9418,0.0033104508115333,0,0,T1486
asset_9419,0.9042692805633136,1,1,T1486
asset_9420,0.9042692805633136,1,0,T1486
asset_9421,0.003310450811489,0,1,T1486
asset_9422,0.0033104508115318,0,1,T1486
asset_9423,0.0033104508115333,0,0,T1486
asset_9424,0.9042692805633136,1,0,T1486
asset_9425,0.003310450811489,0,1,T1486
asset_9426,0.0033104508115333,0,0,T1486
asset_9427,0.9042692805633136,1,0,T1486
asset_9428,0.0033104508115333,0,0,T1486
asset_9429,0.9042692805633136,1,0,T1486
asset_9430,0.9042692805633136,1,0,T1486
asset_9431,0.9042692805633136,1,1,T1486
asset_9432,0.9042692805633136,1,1,T1486
asset_9433,0.0033104508115333,0,1,T1486
asset_9434,0.9042692805633136,1,0,T1486
asset_9435,0.0033104508115333,0,1,T1486
asset_9436,0.0033104508115309,0,1,T1486
asset_9437,0.0033104508115333,0,0,T1486
asset_9438,0.9042692805633136,1,1,T1486
asset_9439,0.9042692805633136,1,0,T1486
asset_9440,0.9042692805633136,1,0,T1486
asset_9441,0.0033104508114897,0,0,T1486
asset_9442,0.9042692805633136,1,0,T1486
asset_9443,0.0033104508114616,0,0,T1486
asset_9444,0.9042692805633136,1,0,T1486
asset_9445,0.0033104508118171,0,0,T1486
asset_9446,0.9042692805633136,1,1,T1486
asset_9447,0.0033104508115868,0,1,T1486
asset_9448,0.0033104508115333,0,1,T1486
asset_9449,0.9042692805633136,1,0,T1486
asset_9450,0.9042692805633136,1,1,T1486
asset_9451,0.9042692805633136,1,1,T1486
asset_9452,0.0033104508115333,0,1,T1486
asset_9453,0.0033104508115333,0,1,T1486
asset_9454,0.0033804668626575,0,0,T1486
asset_9455,0.0033104508115333,0,0,T1486
asset_9456,0.0033104508115333,0,0,T1486
asset_9457,0.0033104508115333,0,0,T1486
asset_9458,0.0033104508115225,0,1,T1486
asset_9459,0.0033104508115333,0,0,T1486
asset_9460,0.0033104508114786,0,0,T1486
asset_9461,0.9042692805633136,1,1,T1486
asset_9462,0.0033104508115099,0,0,T1486
asset_9463,0.0033104508115205,0,0,T1486
asset_9464,0.0033104508115333,0,1,T1486
asset_9465,0.0033104508115333,0,1,T1486
asset_9466,0.0033104508115333,0,1,T1486
asset_9467,0.9042692805633136,1,0,T1486
asset_9468,0.9042692805633136,1,0,T1486
asset_9469,0.9042692805633136,1,0,T1486
asset_9470,0.0033104508115333,0,0,T1486
asset_9471,0.9042692805633136,1,1,T1486
asset_9472,0.0033104508115333,0,1,T1486
asset_9473,0.0033104508115868,0,1,T1486
asset_9474,0.0033104508115097,0,1,T1486
asset_9475,0.0033104508115333,0,0,T1486
asset_9476,0.9042692805633136,1,0,T1486
asset_9477,0.9042692805633136,1,1,T1486
asset_9478,0.9042692805633136,1,0,T1486
asset_9479,0.0033104508114935,0,1,T1486
asset_9480,0.9042692805633136,1,1,T1486
asset_9481,0.9042692805633136,1,0,T1486
asset_9482,0.9042692805633136,1,1,T1486
asset_9483,0.9042692805633136,1,0,T1486
asset_9484,0.0033104508115333,0,1,T1486
asset_9485,0.0033104508115309,0,1,T1486
asset_9486,0.003310450811521,0,0,T1486
asset_9487,0.9042692805633136,1,1,T1486
asset_9488,0.9042692805633136,1,0,T1486
asset_9489,0.9042692805633136,1,1,T1486
asset_9490,0.9042692805633136,1,1,T1486
asset_9491,0.9042692805633136,1,0,T1486
asset_9492,0.9042692805633136,1,0,T1486
asset_9493,0.0033104508115293,0,0,T1486
asset_9494,0.9042692805633136,1,1,T1486
asset_9495,0.0033104508115333,0,1,T1486
asset_9496,0.9042692805633136,1,0,T1486
asset_9497,0.9042692805633136,1,0,T1486
asset_9498,0.0033104508115333,0,0,T1486
asset_9499,0.0037873349811709,0,0,T1486
asset_9500,0.9042692805633136,1,1,T1486
asset_9501,0.0033104508115333,0,0,T1486
asset_9502,0.9042692805633136,1,0,T1486
asset_9503,0.0033104508115333,0,0,T1486
asset_9504,0.9042692805633136,1,0,T1486
asset_9505,0.9042692805633136,1,1,T1486
asset_9506,0.9042692805633136,1,1,T1486
asset_9507,0.0033104508115333,0,1,T1486
asset_9508,0.0033104508115869,0,1,T1486
asset_9509,0.0033104508115333,0,1,T1486
asset_9510,0.9042692805633136,1,0,T1486
asset_9511,0.0033104508115333,0,1,T1486
asset_9512,0.0033104508115309,0,0,T1486
asset_9513,0.0033104508115333,0,1,T1486
asset_9514,0.9042692805633136,1,1,T1486
asset_9515,0.9042692805633136,1,0,T1486
asset_9516,0.0033104508115333,0,0,T1486
asset_9517,0.0033104508115309,0,1,T1486
asset_9518,0.003310450811489,0,1,T1486
asset_9519,0.0033104508115333,0,1,T1486
asset_9520,0.9042692805633136,1,0,T1486
asset_9521,0.0033104508115333,0,0,T1486
asset_9522,0.9042692805633136,1,0,T1486
asset_9523,0.0033104508115225,0,1,T1486
asset_9524,0.9042692805633136,1,0,T1486
asset_9525,0.9042692805633136,1,0,T1486
asset_9526,0.0033104508115333,0,1,T1486
asset_9527,0.9042692805633136,1,0,T1486
asset_9528,0.9042692805633136,1,0,T1486
asset_9529,0.9042692805633136,1,1,T1486
asset_9530,0.9042692805633136,1,1,T1486
asset_9531,0.0033104508115333,0,0,T1486
asset_9532,0.0033104508115307,0,0,T1486
asset_9533,0.9042692805633136,1,0,T1486
asset_9534,0.0033104508115784,0,0,T1486
asset_9535,0.0033104508115333,0,1,T1486
asset_9536,0.9042692805633136,1,1,T1486
asset_9537,0.0033104508115333,0,1,T1486
asset_9538,0.0033104508114616,0,1,T1486
asset_9539,0.9042692805633136,1,1,T1486
asset_9540,0.9042692805633136,1,1,T1486
asset_9541,0.9042692805633136,1,0,T1486
asset_9542,0.9042692805633136,1,0,T1486
asset_9543,0.9042692805633136,1,1,T1486
asset_9544,0.9042692805633136,1,0,T1486
asset_9545,0.9042692805633136,1,0,T1486
asset_9546,0.9042692805633136,1,1,T1486
asset_9547,0.0033104508115333,0,1,T1486
asset_9548,0.0033104508115868,0,0,T1486
asset_9549,0.0033104508115333,0,1,T1486
asset_9550,0.0033104508115333,0,1,T1486
asset_9551,0.9042692805633136,1,0,T1486
asset_9552,0.9042692805633136,1,0,T1486
asset_9553,0.0033104508115309,0,1,T1486
asset_9554,0.9042692805633136,1,1,T1486
asset_9555,0.0033104508115333,0,0,T1486
asset_9556,0.9042692805633136,1,0,T1486
asset_9557,0.0033104508115309,0,0,T1486
asset_9558,0.9042692805633136,1,0,T1486
asset_9559,0.0033104508115333,0,1,T1486
asset_9560,0.9042692805633136,1,0,T1486
asset_9561,0.9042692805633136,1,1,T1486
asset_9562,0.9042692805633136,1,1,T1486
asset_9563,0.9042692805633136,1,1,T1486
asset_9564,0.0033104468656574,0,0,T1486
asset_9565,0.9042692805633136,1,0,T1486
asset_9566,0.003310449967819,0,0,T1486
asset_9567,0.9042692805633136,1,1,T1486
asset_9568,0.0033104508115333,0,0,T1486
asset_9569,0.0033104508115309,0,1,T1486
asset_9570,0.0033104508115309,0,0,T1486
asset_9571,0.0033104508115333,0,1,T1486
asset_9572,0.9042692805633136,1,0,T1486
asset_9573,0.9042692805633136,1,1,T1486
asset_9574,0.0033104508115869,0,1,T1486
asset_9575,0.9042692805633136,1,1,T1486
asset_9576,0.0033104508115196,0,0,T1486
asset_9577,0.0033104508115097,0,0,T1486
asset_9578,0.9042692805633136,1,0,T1486
asset_9579,0.0033104508115333,0,1,T1486
asset_9580,0.0033104508115225,0,1,T1486
asset_9581,0.0033104508115333,0,0,T1486
asset_9582,0.9042692805633136,1,1,T1486
asset_9583,0.9042692805633136,1,0,T1486
asset_9584,0.9042692805633136,1,1,T1486
asset_9585,0.9042692805633136,1,1,T1486
asset_9586,0.0033104508115201,0,1,T1486
asset_9587,0.9042692805633136,1,0,T1486
asset_9588,0.0033104508115333,0,1,T1486
asset_9589,0.9042692805633136,1,0,T1486
asset_9590,0.9042692805633136,1,0,T1486
asset_9591,0.9042692805633136,1,0,T1486
asset_9592,0.9042692805633136,1,1,T1486
asset_9593,0.9042692805633136,1,0,T1486
asset_9594,0.9042692805633136,1,0,T1486
asset_9595,0.0033104508114623,0,1,T1486
asset_9596,0.9042692805633136,1,0,T1486
asset_9597,0.0033104508115333,0,0,T1486
asset_9598,0.0033104508114618,0,0,T1486
asset_9599,0.0033104508114616,0,1,T1486
asset_9600,0.9042692805633136,1,1,T1486
asset_9601,0.0033104508114508,0,0,T1486
asset_9602,0.0033104508115167,0,0,T1486
asset_9603,0.0033104508115333,0,1,T1486
asset_9604,0.0033104508115333,0,1,T1486
asset_9605,0.9042692805633136,1,0,T1486
asset_9606,0.9042692805633136,1,1,T1486
asset_9607,0.0033104508115333,0,0,T1486
asset_9608,0.9042692805633136,1,1,T1486
asset_9609,0.9042692805633136,1,1,T1486
asset_9610,0.0033104508114895,0,0,T1486
asset_9611,0.9042692805633136,1,1,T1486
asset_9612,0.9042692805633136,1,1,T1486
asset_9613,0.0033104508115309,0,0,T1486
asset_9614,0.0033104508115294,0,0,T1486
asset_9615,0.9042692805633136,1,1,T1486
asset_9616,0.0033104508115205,0,0,T1486
asset_9617,0.9042692805633136,1,0,T1486
asset_9618,0.9042692805633136,1,0,T1486
asset_9619,0.9042692805633136,1,0,T1486
asset_9620,0.9042692805633136,1,1,T1486
asset_9621,0.0033104508115205,0,0,T1486
asset_9622,0.9042692805633136,1,1,T1486
asset_9623,0.9042692805633136,1,0,T1486
asset_9624,0.9042692805633136,1,0,T1486
asset_9625,0.9042692805633136,1,1,T1486
asset_9626,0.9042692805633136,1,0,T1486
asset_9627,0.9042692805633136,1,1,T1486
asset_9628,0.0033104508115205,0,1,T1486
asset_9629,0.9042692805633136,1,1,T1486
asset_9630,0.0033104508115201,0,0,T1486
asset_9631,0.9042692805633136,1,0,T1486
asset_9632,0.9042692805633136,1,1,T1486
asset_9633,0.0033104508115333,0,1,T1486
asset_9634,0.0033104508115333,0,1,T1486
asset_9635,0.9042692805633136,1,0,T1486
asset_9636,0.0033104508115333,0,1,T1486
asset_9637,0.0033104508115021,0,0,T1486
asset_9638,0.9042692805633136,1,1,T1486
asset_9639,0.9042692805633136,1,1,T1486
asset_9640,0.9042692805633136,1,0,T1486
asset_9641,0.0033104508114933,0,1,T1486
asset_9642,0.9042692805633136,1,1,T1486
asset_9643,0.0033454389816956,0,1,T1486
asset_9644,0.0033104508115333,0,1,T1486
asset_9645,0.0033104508115309,0,0,T1486
asset_9646,0.0033104508115333,0,0,T1486
asset_9647,0.0033104508115333,0,0,T1486
asset_9648,0.0033104508115333,0,1,T1486
asset_9649,0.0033104508115333,0,1,T1486
asset_9650,0.9042692805633136,1,1,T1486
asset_9651,0.9042692805633136,1,1,T1486
asset_9652,0.0033104508115333,0,1,T1486
asset_9653,0.9042692805633136,1,0,T1486
asset_9654,0.0033104508115333,0,1,T1486
asset_9655,0.9042692805633136,1,0,T1486
asset_9656,0.9042692805633136,1,0,T1486
asset_9657,0.0033104508114935,0,0,T1486
asset_9658,0.0033104508115309,0,1,T1486
asset_9659,0.0033104508114785,0,1,T1486
asset_9660,0.9042692805633136,1,0,T1486
asset_9661,0.0033104508115333,0,1,T1486
asset_9662,0.0033104508114552,0,0,T1486
asset_9663,0.9042692805633136,1,0,T1486
asset_9664,0.0033104508115868,0,1,T1486
asset_9665,0.9042692805633136,1,1,T1486
asset_9666,0.9042692805633136,1,0,T1486
asset_9667,0.9042692805633136,1,0,T1486
asset_9668,0.9042692805633136,1,1,T1486
asset_9669,0.0033104508115205,0,1,T1486
asset_9670,0.9042692805633136,1,0,T1486
asset_9671,0.9042692805633136,1,1,T1486
asset_9672,0.0033104508115018,0,0,T1486
asset_9673,0.9042692805633136,1,1,T1486
asset_9674,0.0033104508115205,0,1,T1486
asset_9675,0.9042692805633136,1,0,T1486
asset_9676,0.0033104508115333,0,0,T1486
asset_9677,0.0033104508115333,0,0,T1486
asset_9678,0.9042692805633136,1,0,T1486
asset_9679,0.9042692805633136,1,1,T1486
asset_9680,0.0033104508115333,0,1,T1486
asset_9681,0.9042692805633136,1,0,T1486
asset_9682,0.9042692805633136,1,0,T1486
asset_9683,0.0033104508115333,0,1,T1486
asset_9684,0.9042692805633136,1,0,T1486
asset_9685,0.9042692805633136,1,0,T1486
asset_9686,0.9042692805633136,1,1,T1486
asset_9687,0.9042692805633136,1,1,T1486
asset_9688,0.9042692805633136,1,0,T1486
asset_9689,0.9042692805633136,1,1,T1486
asset_9690,0.9042692805633136,1,1,T1486
asset_9691,0.0033104508115309,0,1,T1486
asset_9692,0.9042692805633136,1,0,T1486
asset_9693,0.9042692805633136,1,0,T1486
asset_9694,0.9042692805633136,1,1,T1486
asset_9695,0.9042692805633136,1,1,T1486
asset_9696,0.9042692805633136,1,1,T1486
asset_9697,0.9042692805633136,1,1,T1486
asset_9698,0.9042692805633136,1,1,T1486
asset_9699,0.9042692805633136,1,1,T1486
asset_9700,0.9042692805633136,1,0,T1486
asset_9701,0.9042692805633136,1,1,T1486
asset_9702,0.0033104508115333,0,0,T1486
asset_9703,0.9042692805633136,1,0,T1486
asset_9704,0.0033104508115309,0,1,T1486
asset_9705,0.9042692805633136,1,0,T1486
asset_9706,0.0033104508115333,0,0,T1486
asset_9707,0.0033104508115869,0,0,T1486
asset_9708,0.9042692805633136,1,1,T1486
asset_9709,0.0033104508115333,0,1,T1486
asset_9710,0.9042692805633136,1,0,T1486
asset_9711,0.9042692805633136,1,0,T1486
asset_9712,0.9042692805633136,1,1,T1486
asset_9713,0.0033104508114785,0,0,T1486
asset_9714,0.9042692805633136,1,0,T1486
asset_9715,0.9042692805633136,1,0,T1486
asset_9716,0.9042692805633136,1,1,T1486
asset_9717,0.9042692805633136,1,1,T1486
asset_9718,0.9042692805633136,1,1,T1486
asset_9719,0.0033104508115333,0,1,T1486
asset_9720,0.0033104508115333,0,1,T1486
asset_9721,0.9042692805633136,1,0,T1486
asset_9722,0.0033104508115333,0,0,T1486
asset_9723,0.0033104508115869,0,1,T1486
asset_9724,0.9042692805633136,1,1,T1486
asset_9725,0.0033104508114618,0,1,T1486
asset_9726,0.0033104508115309,0,1,T1486
asset_9727,0.0033104508115333,0,0,T1486
asset_9728,0.0033104508115333,0,1,T1486
asset_9729,0.0033104508115333,0,0,T1486
asset_9730,0.0033104508115333,0,0,T1486
asset_9731,0.0033104508115309,0,0,T1486
asset_9732,0.0033104508115333,0,0,T1486
asset_9733,0.9042692805633136,1,1,T1486
asset_9734,0.0033104508115309,0,1,T1486
asset_9735,0.0033104508115333,0,1,T1486
asset_9736,0.9042692805633136,1,1,T1486
asset_9737,0.0033104508115333,0,0,T1486
asset_9738,0.9042692805633136,1,0,T1486
asset_9739,0.9042692805633136,1,1,T1486
asset_9740,0.9042692805633136,1,0,T1486
asset_9741,0.0033104508115333,0,0,T1486
asset_9742,0.9042692805633136,1,1,T1486
asset_9743,0.0033104508115333,0,1,T1486
asset_9744,0.0033104508115333,0,1,T1486
asset_9745,0.0033104508115784,0,0,T1486
asset_9746,0.9042692805633136,1,1,T1486
asset_9747,0.9042692805633136,1,0,T1486
asset_9748,0.9042692805633136,1,0,T1486
asset_9749,0.9042692805633136,1,1,T1486
asset_9750,0.0033104508115869,0,0,T1486
asset_9751,0.0033104508115225,0,0,T1486
asset_9752,0.0033104508115225,0,1,T1486
asset_9753,0.0033104508115333,0,0,T1486
asset_9754,0.9042692805633136,1,1,T1486
asset_9755,0.0033104508114935,0,0,T1486
asset_9756,0.9042692805633136,1,1,T1486
asset_9757,0.0033104508115333,0,1,T1486
asset_9758,0.0033104508115843,0,1,T1486
asset_9759,0.0033104508115333,0,1,T1486
asset_9760,0.9042692805633136,1,1,T1486
asset_9761,0.9042692805633136,1,0,T1486
asset_9762,0.9042692805633136,1,1,T1486
asset_9763,0.0033104508115294,0,0,T1486
asset_9764,0.9042692805633136,1,1,T1486
asset_9765,0.9042692805633136,1,0,T1486
asset_9766,0.0033104508115333,0,1,T1486
asset_9767,0.9042692805633136,1,0,T1486
asset_9768,0.0033104508115333,0,1,T1486
asset_9769,0.9042692805633136,1,0,T1486
asset_9770,0.0033104508115294,0,1,T1486
asset_9771,0.9042692805633136,1,1,T1486
asset_9772,0.0033104508115333,0,0,T1486
asset_9773,0.9042692805633136,1,0,T1486
asset_9774,0.9042692805633136,1,1,T1486
asset_9775,0.9042692805633136,1,0,T1486
asset_9776,0.9042692805633136,1,1,T1486
asset_9777,0.0033104508115309,0,0,T1486
asset_9778,0.9042692805633136,1,1,T1486
asset_9779,0.9042692805633136,1,0,T1486
asset_9780,0.9042692805633136,1,1,T1486
asset_9781,0.9042692805633136,1,0,T1486
asset_9782,0.9042692805633136,1,1,T1486
asset_9783,0.9042692805633136,1,0,T1486
asset_9784,0.0033104508115333,0,1,T1486
asset_9785,0.9042692805633136,1,1,T1486
asset_9786,0.9042692805633136,1,0,T1486
asset_9787,0.9042692805633136,1,1,T1486
asset_9788,0.0033104508115333,0,0,T1486
asset_9789,0.9042692805633136,1,1,T1486
asset_9790,0.9042692805633136,1,1,T1486
asset_9791,0.9042692805633136,1,1,T1486
asset_9792,0.0033104508115333,0,0,T1486
asset_9793,0.9042692805633136,1,0,T1486
asset_9794,0.9042692805633136,1,1,T1486
asset_9795,0.9042692805633136,1,0,T1486
asset_9796,0.0033104508115316,0,0,T1486
asset_9797,0.0033104508115333,0,0,T1486
asset_9798,0.0033104508115333,0,0,T1486
asset_9799,0.0033104508115333,0,0,T1486
asset_9800,0.0033104508115333,0,0,T1486
asset_9801,0.9042692805633136,1,0,T1486
asset_9802,0.0033104481083634,0,1,T1486
asset_9803,0.0033104508114785,0,0,T1486
asset_9804,0.9042692805633136,1,0,T1486
asset_9805,0.9042692805633136,1,0,T1486
asset_9806,0.9042692805633136,1,0,T1486
asset_9807,0.9042692805633136,1,0,T1486
asset_9808,0.9042692805633136,1,0,T1486
asset_9809,0.003310450811489,0,1,T1486
asset_9810,0.9042692805633136,1,1,T1486
asset_9811,0.0033104508115333,0,1,T1486
asset_9812,0.0033104508115333,0,0,T1486
asset_9813,0.0033104508115333,0,0,T1486
asset_9814,0.9042692805633136,1,0,T1486
asset_9815,0.9042692805633136,1,1,T1486
asset_9816,0.9042692805633136,1,1,T1486
asset_9817,0.0034876895568891,0,0,T1486
asset_9818,0.0033104508115333,0,1,T1486
asset_9819,0.9042692805633136,1,1,T1486
asset_9820,0.9042692805633136,1,1,T1486
asset_9821,0.9042692805633136,1,1,T1486
asset_9822,0.9042692805633136,1,0,T1486
asset_9823,0.9042692805633136,1,0,T1486
asset_9824,0.0033104499673624,0,1,T1486
asset_9825,0.0033104508115309,0,1,T1486
asset_9826,0.0033104508115309,0,0,T1486
asset_9827,0.0041206952685782,0,1,T1486
asset_9828,0.0033104508115333,0,1,T1486
asset_9829,0.0033104508115333,0,1,T1486
asset_9830,0.0033104508115333,0,0,T1486
asset_9831,0.9042692805633136,1,0,T1486
asset_9832,0.0033104508115293,0,0,T1486
asset_9833,0.0033104508115333,0,0,T1486
asset_9834,0.9042692805633136,1,0,T1486
asset_9835,0.0033104508115333,0,1,T1486
asset_9836,0.9042692805633136,1,1,T1486
asset_9837,0.0033104508115333,0,0,T1486
asset_9838,0.9042692805633136,1,0,T1486
asset_9839,0.9042692805633136,1,0,T1486
asset_9840,0.9042692805633136,1,1,T1486
asset_9841,0.0033104508135067,0,0,T1486
asset_9842,0.0033104508115333,0,1,T1486
asset_9843,0.0033104508114889,0,0,T1486
asset_9844,0.9042692805633136,1,0,T1486
asset_9845,0.9042692805633136,1,1,T1486
asset_9846,0.0033104508115333,0,1,T1486
asset_9847,0.0033104508114508,0,0,T1486
asset_9848,0.9042692805633136,1,1,T1486
asset_9849,0.9042692805633136,1,0,T1486
asset_9850,0.0033104508115333,0,1,T1486
asset_9851,0.0033104508115333,0,0,T1486
asset_9852,0.0033104508115333,0,0,T1486
asset_9853,0.0033104508115333,0,0,T1486
asset_9854,0.0033804652151763,0,1,T1486
asset_9855,0.9042692805633136,1,0,T1486
asset_9856,0.9042692805633136,1,1,T1486
asset_9857,0.0033104508115333,0,0,T1486
asset_9858,0.9042692805633136,1,1,T1486
asset_9859,0.0033804806999925,0,0,T1486
asset_9860,0.0033104508115205,0,0,T1486
asset_9861,0.003310450811489,0,1,T1486
asset_9862,0.9042692805633136,1,0,T1486
asset_9863,0.9042692805633136,1,0,T1486
asset_9864,0.0038345488388173,0,0,T1486
asset_9865,0.0033104508115146,0,0,T1486
asset_9866,0.9042692805633136,1,1,T1486
asset_9867,0.0033104508115758,0,0,T1486
asset_9868,0.9042692805633136,1,1,T1486
asset_9869,0.9042692805633136,1,1,T1486
asset_9870,0.9042692805633136,1,1,T1486
asset_9871,0.9042692805633136,1,0,T1486
asset_9872,0.9042692805633136,1,1,T1486
asset_9873,0.0033104508115061,0,0,T1486
asset_9874,0.0033104508115333,0,0,T1486
asset_9875,0.9042692805633136,1,0,T1486
asset_9876,0.0033104508115225,0,0,T1486
asset_9877,0.0033104508115097,0,0,T1486
asset_9878,0.9042692805633136,1,0,T1486
asset_9879,0.9042692805633136,1,1,T1486
asset_9880,0.9042692805633136,1,1,T1486
asset_9881,0.9042692805633136,1,1,T1486
asset_9882,0.0033104508115333,0,1,T1486
asset_9883,0.0033104508115333,0,0,T1486
asset_9884,0.0033104508115186,0,0,T1486
asset_9885,0.9042692805633136,1,1,T1486
asset_9886,0.9042692805633136,1,0,T1486
asset_9887,0.0033104508114618,0,0,T1486
asset_9888,0.9042692805633136,1,0,T1486
asset_9889,0.9042692805633136,1,1,T1486
asset_9890,0.0033104508115333,0,1,T1486
asset_9891,0.9042692805633136,1,0,T1486
asset_9892,0.9042692805633136,1,1,T1486
asset_9893,0.9042692805633136,1,0,T1486
asset_9894,0.9042692805633136,1,1,T1486
asset_9895,0.0033104508115061,0,1,T1486
asset_9896,0.0033104508115333,0,0,T1486
asset_9897,0.9042692805633136,1,0,T1486
asset_9898,0.9042692805633136,1,1,T1486
asset_9899,0.9042692805633136,1,0,T1486
asset_9900,0.003310450811489,0,1,T1486
asset_9901,0.0033104508115186,0,1,T1486
asset_9902,0.0033104508115205,0,0,T1486
asset_9903,0.9042692805633136,1,1,T1486
asset_9904,0.9042692805633136,1,0,T1486
asset_9905,0.9042692805633136,1,0,T1486
asset_9906,0.9042692805633136,1,0,T1486
asset_9907,0.0033104508115333,0,1,T1486
asset_9908,0.0033104508115333,0,0,T1486
asset_9909,0.9042692805633136,1,0,T1486
asset_9910,0.9042692805633136,1,1,T1486
asset_9911,0.9042692805633136,1,0,T1486
asset_9912,0.9042692805633136,1,0,T1486
asset_9913,0.0033104508115333,0,0,T1486
asset_9914,0.9042692805633136,1,1,T1486
asset_9915,0.9042692805633136,1,0,T1486
asset_9916,0.0033104508115868,0,0,T1486
asset_9917,0.9042692805633136,1,0,T1486
asset_9918,0.0033104508115333,0,1,T1486
asset_9919,0.9042692805633136,1,1,T1486
asset_9920,0.9042692805633136,1,1,T1486
asset_9921,0.9042692805633136,1,0,T1486
asset_9922,0.0033104508115333,0,0,T1486
asset_9923,0.9042692805633136,1,0,T1486
asset_9924,0.0033104508115333,0,1,T1486
asset_9925,0.0033104508115333,0,0,T1486
asset_9926,0.9042692805633136,1,0,T1486
asset_9927,0.0033104508115205,0,0,T1486
asset_9928,0.9042692805633136,1,0,T1486
asset_9929,0.0033104508115333,0,0,T1486
asset_9930,0.003310450811489,0,1,T1486
asset_9931,0.0033104508115293,0,1,T1486
asset_9932,0.0033104508115333,0,1,T1486
asset_9933,0.0033104508115868,0,1,T1486
asset_9934,0.9042692805633136,1,0,T1486
asset_9935,0.9042692805633136,1,1,T1486
asset_9936,0.0033104508115333,0,1,T1486
asset_9937,0.9042692805633136,1,1,T1486
asset_9938,0.9042692805633136,1,1,T1486
asset_9939,0.9042692805633136,1,0,T1486
asset_9940,0.9042692805633136,1,0,T1486
asset_9941,0.9042692805633136,1,0,T1486
asset_9942,0.0033104508115309,0,1,T1486
asset_9943,0.0033104508115333,0,0,T1486
asset_9944,0.0033104508115333,0,1,T1486
asset_9945,0.9042692805633136,1,0,T1486
asset_9946,0.0033104508115333,0,1,T1486
asset_9947,0.9042692805633136,1,1,T1486
asset_9948,0.0033104508115869,0,1,T1486
asset_9949,0.0033104508115333,0,0,T1486
asset_9950,0.0033104508115201,0,1,T1486
asset_9951,0.9042692805633136,1,0,T1486
asset_9952,0.9042692805633136,1,0,T1486
asset_9953,0.9042692805633136,1,0,T1486
asset_9954,0.9042692805633136,1,1,T1486
asset_9955,0.9042692805633136,1,0,T1486
asset_9956,0.9042692805633136,1,0,T1486
asset_9957,0.0033104508115309,0,0,T1486
asset_9958,0.0033104508115333,0,1,T1486
asset_9959,0.9042692805633136,1,0,T1486
asset_9960,0.0033104508115333,0,1,T1486
asset_9961,0.9042692805633136,1,1,T1486
asset_9962,0.0033104508115185,0,1,T1486
asset_9963,0.9042692805633136,1,1,T1486
asset_9964,0.0033104508115061,0,0,T1486
asset_9965,0.9042692805633136,1,0,T1486
asset_9966,0.9042692805633136,1,0,T1486
asset_9967,0.9042692805633136,1,1,T1486
asset_9968,0.9042692805633136,1,1,T1486
asset_9969,0.0033104508115333,0,1,T1486
asset_9970,0.0033104508115333,0,1,T1486
asset_9971,0.9042692805633136,1,0,T1486
asset_9972,0.9042692805633136,1,0,T1486
asset_9973,0.0033104508115097,0,0,T1486
asset_9974,0.9042692805633136,1,0,T1486
asset_9975,0.0033104508115333,0,0,T1486
asset_9976,0.0033104508115333,0,1,T1486
asset_9977,0.0033104508115333,0,1,T1486
asset_9978,0.0033104508115333,0,0,T1486
asset_9979,0.0033104508115333,0,1,T1486
asset_9980,0.9042692805633136,1,0,T1486
asset_9981,0.0033104508115284,0,0,T1486
asset_9982,0.9042692805633136,1,0,T1486
asset_9983,0.9042692805633136,1,1,T1486
asset_9984,0.0033104508115333,0,1,T1486
asset_9985,0.0033104508115333,0,1,T1486
asset_9986,0.0033104508115037,0,1,T1486
asset_9987,0.9042692805633136,1,0,T1486
asset_9988,0.9042692805633136,1,1,T1486
asset_9989,0.0033104508115294,0,0,T1486
asset_9990,0.0033104508115333,0,1,T1486
asset_9991,0.0033104508115333,0,1,T1486
asset_9992,0.9042692805633136,1,0,T1486
asset_9993,0.0033104508115333,0,1,T1486
asset_9994,0.0033104508115294,0,0,T1486
asset_9995,0.0033104508115333,0,1,T1486
asset_9996,0.0033104508115333,0,0,T1486
asset_9997,0.9042692805633136,1,1,T1486
asset_9998,0.0033104508115333,0,0,T1486
asset_9999,0.9042692805633136,1,0,T1486
