sample_id,true_label,family,p_ransomware,predicted_label,split_part
main_000000,1,upatre,0.9999999999957334,1,test
main_000001,0,unknown,5.579903539318479e-12,0,test
main_000002,0,unknown,6.997045335971467e-08,0,test
main_000003,1,unknown,0.9999999501564283,1,test
main_000004,1,kerneldrutil,0.9999999999671321,1,test
main_000005,1,xmrig,1.0,1,test
main_000006,0,unknown,3.080621036478154e-10,0,test
main_000007,0,unknown,4.454595787388893e-09,0,test
main_000008,0,unknown,1.0204594857925278e-05,0,test
main_000009,0,unknown,3.3070556930401844e-11,0,test
main_000010,0,unknown,3.5053244013251204e-11,0,test
main_000011,1,unknown,0.982631108885211,1,test
main_000012,1,unknown,0.9999907668038535,1,test
main_000013,1,expiro,0.9999999999999953,1,test
main_000014,0,unknown,0.00041772345416343966,0,test
main_000015,0,unknown,5.70227310671528e-07,0,test
main_000016,0,unknown,5.719287663713639e-10,0,test
main_000017,0,unknown,1.2849627749202778e-11,0,test
main_000018,1,unknown,0.9999349272293669,1,test
main_000019,0,unknown,0.0008541472820355167,0,test
main_000020,1,expiro,0.999999999928332,1,test
main_000021,1,grandoreiro,0.9999999999994318,1,test
main_000022,0,unknown,1.101939761608101e-05,0,test
main_000023,0,unknown,6.12626554266367e-11,0,test
main_000024,1,ulise,0.9999982690132214,1,test
main_000025,1,remsim,0.9999997625131136,1,test
main_000026,1,banload,0.9999999999999998,1,test
main_000027,0,unknown,1.4583663926060524e-05,0,test
main_000028,0,unknown,3.756140640374254e-08,0,test
main_000029,0,unknown,6.103158019328642e-09,0,test
main_000030,0,unknown,2.664583277322529e-05,0,test
main_000031,0,unknown,1.3332008536038217e-10,0,test
main_000032,0,unknown,3.175771612542548e-11,0,test
main_000033,0,unknown,5.597140617644384e-07,0,test
main_000034,1,expiro,0.9999987860833314,1,test
main_000035,1,xmrig,0.9999999999999067,1,test
main_000036,1,banload,0.9999999999999998,1,test
main_000037,0,unknown,3.1915363787500022e-06,0,test
main_000038,0,unknown,1.1061795752695056e-07,0,test
main_000039,0,unknown,7.891467537433858e-05,0,test
main_000040,1,cobaltstrike,0.9999999360876654,1,test
main_000041,0,unknown,7.427209460831609e-08,0,test
main_000042,0,unknown,3.552673054621965e-14,0,test
main_000043,1,banload,0.9999999999999998,1,test
main_000044,1,premine,0.999999999999948,1,test
main_000045,1,unknown,0.9999999992040056,1,test
main_000046,1,xmrig,0.9999999985529571,1,test
main_000047,1,ndaof,0.9999936997883221,1,test
main_000048,0,unknown,3.694544797744118e-07,0,test
main_000049,1,unknown,0.9999999999361044,1,test
main_000050,0,unknown,2.0030904861415936e-09,0,test
main_000051,0,unknown,1.6631166834960113e-06,0,test
main_000052,0,unknown,4.717471621603236e-11,0,test
main_000053,0,unknown,1.5429673113394026e-08,0,test
main_000054,0,unknown,1.0602315161163945e-08,0,test
main_000055,0,unknown,1.0275184527053923e-09,0,test
main_000056,0,unknown,4.008906982665617e-08,0,test
main_000057,0,unknown,4.069214472312384e-07,0,test
main_000058,0,unknown,1.769835986946184e-09,0,test
main_000059,0,unknown,3.1409834580779405e-09,0,test
main_000060,0,unknown,4.763951775701955e-08,0,test
main_000061,0,unknown,5.5420607983291155e-08,0,test
main_000062,0,unknown,1.135183982917078e-06,0,test
main_000063,0,unknown,4.393329772258122e-06,0,test
main_000064,0,unknown,6.650640056620998e-06,0,test
main_000065,0,unknown,5.34466610459362e-07,0,test
main_000066,0,unknown,6.616171254504619e-10,0,test
main_000067,0,unknown,7.960801684197305e-08,0,test
main_000068,0,unknown,1.9871254979497612e-08,0,test
main_000069,0,unknown,1.164583849618124e-05,0,test
main_000070,1,bedep,0.999999457937574,1,test
main_000071,1,flystudio,0.9999968872118233,1,test
main_000072,1,peed,0.999999990048981,1,test
main_000073,1,expiro,0.9999999999544966,1,test
main_000074,1,flystudio,0.9982465883304648,1,test
main_000075,0,unknown,1.4014523032672927e-14,0,test
main_000076,0,unknown,4.8997708485746046e-14,0,test
main_000077,0,unknown,2.1372386373654455e-08,0,test
main_000078,1,xmrig,1.0,1,test
main_000079,0,unknown,7.794204895833568e-07,0,test
main_000080,0,unknown,6.050275236256416e-06,0,test
main_000081,1,xmrig,1.0,1,test
main_000082,0,unknown,0.0004853310306930346,0,test
main_000083,0,unknown,2.6411939446144418e-09,0,test
main_000084,0,unknown,0.0007556939739021686,0,test
main_000085,0,unknown,4.51482056443958e-09,0,test
main_000086,0,unknown,1.8289397974818328e-07,0,test
main_000087,0,unknown,2.0697794044618106e-09,0,test
main_000088,1,unknown,0.999998904331118,1,test
main_000089,0,unknown,1.801610148281459e-05,0,test
main_000090,0,unknown,1.4969289291109092e-10,0,test
main_000091,0,unknown,2.1042729577034374e-09,0,test
main_000092,0,unknown,2.0012136501908484e-08,0,test
main_000093,0,unknown,1.4602723265304628e-08,0,test
main_000094,0,unknown,4.840562899791678e-07,0,test
main_000095,0,unknown,9.447985637908345e-06,0,test
main_000096,0,unknown,3.152201336449636e-05,0,test
main_000097,0,unknown,1.0462099623999496e-07,0,test
main_000098,0,unknown,1.905167292150333e-09,0,test
main_000099,0,unknown,6.22635931893982e-05,0,test
main_000100,0,unknown,4.056812462406401e-05,0,test
main_000101,1,unknown,0.9999999997656808,1,test
main_000102,0,unknown,1.8772319021015865e-05,0,test
main_000103,0,unknown,1.2042768157356124e-08,0,test
main_000104,0,unknown,1.6467774100445044e-05,0,test
main_000105,1,xmrig,1.0,1,test
main_000106,0,unknown,1.7179553823538138e-07,0,test
main_000107,0,unknown,1.6614803574771085e-09,0,test
main_000108,0,unknown,9.98263834511663e-09,0,test
main_000109,0,unknown,5.986819106933842e-07,0,test
main_000110,1,sisron,0.9999999934816699,1,test
main_000111,1,vindor,0.9999999999999996,1,test
main_000112,1,expiro,0.9999999999999905,1,test
main_000113,0,unknown,2.6064074052860115e-08,0,test
main_000114,0,unknown,1.0672809542541703e-06,0,test
main_000115,0,unknown,3.4337390019626794e-06,0,test
main_000116,1,unknown,0.9999973597661718,1,test
main_000117,0,unknown,1.0477830468290205e-05,0,test
main_000118,1,xmrig,1.0,1,test
main_000119,1,unknown,0.9999999999999996,1,test
main_000120,1,xmrig,1.0,1,test
main_000121,0,unknown,6.579043934126795e-11,0,test
main_000122,0,unknown,1.1649783247613846e-07,0,test
main_000123,1,unknown,0.9999997024611625,1,test
main_000124,0,unknown,6.616154456019325e-07,0,test
main_000125,0,unknown,1.3396423598488902e-06,0,test
main_000126,1,xmrig,1.0,1,test
main_000127,1,scarletflash,0.9999999651705344,1,test
main_000128,1,unknown,0.9999999999999629,1,test
main_000129,0,unknown,1.079253489325953e-08,0,test
main_000130,0,unknown,5.226211380637347e-07,0,test
main_000131,1,xmrig,1.0,1,test
main_000132,1,expiro,0.9999999999994114,1,test
main_000133,0,unknown,1.4200951341671758e-08,0,test
main_000134,1,xmrig,0.9999999998435365,1,test
main_000135,0,unknown,2.2001969284984835e-08,0,test
main_000136,0,unknown,3.126079992457625e-10,0,test
main_000137,1,berbew,0.9999999999890505,1,test
main_000138,0,unknown,2.392174785976159e-07,0,test
main_000139,1,bedep,0.9999999440883316,1,test
main_000140,1,xmrig,1.0,1,test
main_000141,1,disin,0.999999945402588,1,test
main_000142,1,disco,0.9999996660162974,1,test
main_000143,1,xmrig,1.0,1,test
main_000144,1,expiro,0.9999999999999383,1,test
main_000145,1,expiro,0.9999999999997748,1,test
main_000146,1,phonzy,0.999999999937571,1,test
main_000147,0,unknown,9.645507339410852e-05,0,test
main_000148,0,unknown,0.2539523091680047,1,test
main_000149,0,unknown,1.353234523457965e-07,0,test
main_000150,0,unknown,0.0001922784684979899,0,test
main_000151,0,unknown,6.287245751905655e-05,0,test
main_000152,0,unknown,1.7578970803078059e-10,0,test
main_000153,0,unknown,3.856838756894766e-05,0,test
main_000154,1,expiro,0.9999822395472464,1,test
main_000155,1,xmrig,1.0,1,test
main_000156,1,unknown,0.9999999999855791,1,test
main_000157,1,xmrig,0.9999999999999993,1,test
main_000158,1,knight,0.9999992833783167,1,test
main_000159,1,xmrig,1.0,1,test
main_000160,1,xmrig,1.0,1,test
main_000161,1,expiro,0.9999992799795994,1,test
main_000162,1,scarletflash,0.9999999999999782,1,test
main_000163,1,jaiko,0.9999999999968936,1,test
main_000164,1,xmrig,1.0,1,test
main_000165,1,expiro,0.9999999999999949,1,test
main_000166,0,unknown,7.318473228923631e-13,0,test
main_000167,1,scarletflash,0.999999999983749,1,test
main_000168,1,scarletflash,0.9999999999999418,1,test
main_000169,1,expiro,0.9999999999997047,1,test
main_000170,1,xmrig,1.0,1,test
main_000171,1,xmrig,0.9999999999999996,1,test
main_000172,1,xmrig,1.0,1,test
main_000173,0,unknown,1.4637983072232203e-08,0,test
main_000174,1,xmrig,1.0,1,test
main_000175,0,unknown,6.515856552337282e-11,0,test
main_000176,0,unknown,1.618193251844717e-07,0,test
main_000177,0,unknown,3.0753235268967064e-06,0,test
main_000178,0,unknown,1.365018378904928e-09,0,test
main_000179,0,unknown,1.8281194024875536e-11,0,test
main_000180,0,unknown,6.401517171374434e-10,0,test
main_000181,0,unknown,5.478840619573755e-09,0,test
main_000182,0,unknown,2.5172152700307106e-05,0,test
main_000183,0,unknown,1.5754333201598247e-06,0,test
main_000184,1,metasploit,0.9999999999995375,1,test
main_000185,0,unknown,1.4572269392376447e-08,0,test
main_000186,1,wacatac,0.9999999999999407,1,test
main_000187,1,metasploit,0.9999999997264104,1,test
main_000188,1,metasploit,0.999999998563244,1,test
main_000189,1,expiro,0.999999999999929,1,test
main_000190,1,expiro,0.9999999999999389,1,test
main_000191,1,expiro,0.9999999999999947,1,test
main_000192,1,expiro,0.9999999999980584,1,test
main_000193,1,berbew,0.9999999987918073,1,test
main_000194,0,unknown,1.3767687478860633e-06,0,test
main_000195,0,unknown,1.018520618805859e-09,0,test
main_000196,0,unknown,2.947060703253281e-10,0,test
main_000197,1,xmrig,1.0,1,test
main_000198,0,unknown,3.967386532686388e-10,0,test
main_000199,0,unknown,7.480401413588456e-11,0,test
main_000200,1,xmrig,1.0,1,test
main_000201,0,unknown,3.523434184653619e-10,0,test
main_000202,1,expiro,0.9999999999999905,1,test
main_000203,1,expiro,0.9999999999999944,1,test
main_000204,1,xmrig,1.0,1,test
main_000205,0,unknown,2.582056367888225e-05,0,test
main_000206,0,unknown,3.9966738811868805e-10,0,test
main_000207,0,unknown,5.0476652483190565e-11,0,test
main_000208,1,unknown,0.9999999999653926,1,test
main_000209,0,unknown,2.0766150941581143e-07,0,test
main_000210,0,unknown,2.2453141178145443e-08,0,test
main_000211,0,unknown,1.2050943607123387e-08,0,test
main_000212,0,unknown,6.256030335331296e-11,0,test
main_000213,1,scarletflash,0.9999999752925633,1,test
main_000214,1,xmrig,1.0,1,test
main_000215,0,unknown,8.054162606516328e-08,0,test
main_000216,1,cheathappens,0.9997905014664024,1,test
main_000217,1,expiro,0.9999999999992313,1,test
main_000218,1,expiro,0.9999999999999378,1,test
main_000219,1,unknown,0.9999997853894474,1,test
main_000220,1,xmrig,1.0,1,test
main_000221,0,unknown,1.2326111184636928e-07,0,test
main_000222,0,unknown,2.0784319632551004e-05,0,test
main_000223,0,unknown,1.9969000651065623e-08,0,test
main_000224,0,unknown,3.189882950538408e-08,0,test
main_000225,0,unknown,7.811675961503348e-08,0,test
main_000226,0,unknown,1.2792518651806131e-08,0,test
main_000227,0,unknown,1.86829433186562e-06,0,test
main_000228,0,unknown,8.621690583648266e-09,0,test
main_000229,1,scarletflash,0.9999822572142815,1,test
main_000230,1,disin,0.9999999999995646,1,test
main_000231,1,crampes,0.9999999995416164,1,test
main_000232,1,xmrig,0.9999998566525751,1,test
main_000233,1,xmrig,0.9999999990412456,1,test
main_000234,1,grandoreiro,0.9999999999973812,1,test
main_000235,1,grandoreiro,0.9999999990942949,1,test
main_000236,1,scarletflash,0.9999999851933077,1,test
main_000237,1,xmrig,1.0,1,test
main_000238,0,unknown,1.6093355820885695e-05,0,test
main_000239,1,xmrig,1.0,1,test
main_000240,1,unknown,0.9994597796157149,1,test
main_000241,1,killwin,0.9999726230777285,1,test
main_000242,1,xmrig,1.0,1,test
main_000243,1,xmrig,1.0,1,test
main_000244,1,xmrig,1.0,1,test
main_000245,1,wacatac,0.9999999983417485,1,test
main_000246,1,wacatac,0.9999994116558879,1,test
main_000247,1,wacatac,0.9999975396994879,1,test
main_000248,1,scarletflash,0.9999464376312712,1,test
main_000249,0,unknown,8.296405628046966e-07,0,test
main_000250,0,unknown,4.495681899476884e-10,0,test
main_000251,0,unknown,6.424764932587667e-12,0,test
main_000252,0,unknown,1.8070667143852789e-07,0,test
main_000253,0,unknown,2.2600900104112877e-12,0,test
main_000254,0,unknown,0.0035543267309848347,0,test
main_000255,0,unknown,5.536722886243639e-13,0,test
main_000256,0,unknown,7.618049870253515e-12,0,test
main_000257,0,unknown,2.8371306468470153e-09,0,test
main_000258,0,unknown,1.7991009512153392e-11,0,test
main_000259,0,unknown,0.0001233047717716436,0,test
main_000260,0,unknown,6.982222923070385e-10,0,test
main_000261,1,xmrig,1.0,1,test
main_000262,1,unknown,0.9999999999999996,1,test
main_000263,1,unknown,0.9999999999999996,1,test
main_000264,1,unknown,0.9995397204554158,1,test
main_000265,1,taskun,0.9999999959467647,1,test
main_000266,1,wacatac,0.999999999999432,1,test
main_000267,1,unknown,0.9999980572472518,1,test
main_000268,1,bodegun,0.9999526412848435,1,test
main_000269,1,unknown,0.9453867375314968,1,test
main_000270,1,xmrig,1.0,1,test
main_000271,1,xmrig,1.0,1,test
main_000272,1,xmrig,1.0,1,test
main_000273,1,unknown,0.9999996974965224,1,test
main_000274,1,coroxy,0.9999999807706504,1,test
main_000275,1,disco,0.9999714432349924,1,test
main_000276,1,xmrig,1.0,1,test
main_000277,1,expiro,0.9999999999893159,1,test
main_000278,1,expiro,0.9999999999999594,1,test
main_000279,0,unknown,4.1403192341405317e-08,0,test
main_000280,0,unknown,2.6603622418825853e-08,0,test
main_000281,0,unknown,1.5655022506323494e-08,0,test
main_000282,0,unknown,0.0003225518882559302,0,test
main_000283,1,xmrig,1.0,1,test
main_000284,1,unknown,0.9999417194148317,1,test
main_000285,0,unknown,1.6915263010890452e-06,0,test
main_000286,1,unknown,0.999943772322952,1,test
main_000287,0,unknown,3.65930765398646e-07,0,test
main_000288,0,unknown,3.8208882426777e-08,0,test
main_000289,0,unknown,5.702668067260664e-06,0,test
main_000290,1,premine,0.9999999999999318,1,test
main_000291,1,wacatac,0.9999999980650773,1,test
main_000292,1,unknown,0.952094383229603,1,test
main_000293,0,unknown,2.1867654265949395e-06,0,test
main_000294,1,bedep,0.999999167753365,1,test
main_000295,1,vindor,0.9999999999999996,1,test
main_000296,1,xmrig,1.0,1,test
main_000297,1,xmrig,1.0,1,test
main_000298,0,unknown,3.508217010431984e-07,0,test
main_000299,0,unknown,3.7979306061166226e-07,0,test
main_000300,0,unknown,2.8014540807821588e-06,0,test
main_000301,0,unknown,6.831402676477024e-06,0,test
main_000302,1,unknown,0.999999999998513,1,test
main_000303,1,xmrig,1.0,1,test
main_000304,1,unknown,0.9999999515480705,1,test
main_000305,1,expiro,0.9999966898963493,1,test
main_000306,1,banload,0.9999999999999998,1,test
main_000307,1,premine,0.9999999999999885,1,test
main_000308,1,xmrig,0.999999999999978,1,test
main_000309,0,unknown,5.258298073332643e-11,0,test
main_000310,0,unknown,1.0122562033093807e-10,0,test
main_000311,0,unknown,2.0037999328050573e-08,0,test
main_000312,1,disin,0.9999999999998996,1,test
main_000313,1,unknown,0.9995989943194373,1,test
main_000314,0,unknown,2.4885480838592077e-05,0,test
main_000315,0,unknown,2.582517730909882e-09,0,test
main_000316,1,ramnit,0.9999999947419944,1,test
main_000317,0,unknown,1.358482147611592e-11,0,test
main_000318,1,scarletflash,0.9999999999998923,1,test
main_000319,1,shelm,0.9999999969811728,1,test
main_000320,1,disin,0.9999999999796514,1,test
main_000321,0,unknown,4.667321994713803e-10,0,test
main_000322,0,unknown,6.085814715702e-05,0,test
main_000323,1,cstealer,0.9999999998374274,1,test
main_000324,0,unknown,2.52421575684212e-11,0,test
main_000325,1,expiro,0.9999468688381038,1,test
main_000326,1,luna,0.9999999999997782,1,test
main_000327,0,unknown,1.805213456314723e-09,0,test
main_000328,0,unknown,8.688179806052866e-08,0,test
main_000329,0,unknown,0.9812832501101071,1,test
main_000330,0,unknown,2.702629483451811e-13,0,test
main_000331,0,unknown,2.112395595179794e-06,0,test
main_000332,0,unknown,6.548312938492102e-06,0,test
main_000333,0,unknown,5.625733660611093e-05,0,test
main_000334,0,unknown,5.267380766282755e-07,0,test
main_000335,1,unknown,0.9999998033274153,1,test
main_000336,1,unknown,0.9999969082676929,1,test
main_000337,0,unknown,3.068690664180822e-08,0,test
main_000338,1,unknown,0.9999999632236756,1,test
main_000339,0,unknown,3.052112493482984e-10,0,test
main_000340,1,unknown,0.9999994996183909,1,test
main_000341,1,unknown,0.9999956423174978,1,test
main_000342,1,unknown,0.9999991014811813,1,test
main_000343,1,unknown,0.9999892648298405,1,test
main_000344,1,stelega,0.9999104321118476,1,test
main_000345,0,unknown,1.1188327532967095e-13,0,test
main_000346,0,unknown,0.005846710747486304,0,test
main_000347,0,unknown,4.777119964223629e-10,0,test
main_000348,1,scarletflash,0.9999999994327495,1,test
main_000349,0,unknown,4.973769947008075e-07,0,test
main_000350,0,unknown,4.0735755494841003e-10,0,test
main_000351,1,wacatac,0.9999999999989786,1,test
main_000352,0,unknown,7.966491256681667e-07,0,test
main_000353,1,unknown,0.999999829132172,1,test
main_000354,1,unknown,0.9999997651139035,1,test
main_000355,0,unknown,2.4740338728093456e-11,0,test
main_000356,0,unknown,1.3064903952132303e-09,0,test
main_000357,0,unknown,4.075315530484322e-12,0,test
main_000358,1,scarletflash,0.8451710378721052,1,test
main_000359,1,wacatac,0.9999999997662992,1,test
main_000360,0,unknown,1.049633389803418e-09,0,test
main_000361,0,unknown,6.847344324715381e-07,0,test
main_000362,1,ctsinf,0.9999834281618307,1,test
main_000363,1,unknown,0.999982804069229,1,test
main_000364,1,bedep,0.9999999998004736,1,test
main_000365,0,unknown,3.5047801524859287e-06,0,test
main_000366,0,unknown,4.333844166632881e-09,0,test
main_000367,1,wacatac,0.9999996317451824,1,test
main_000368,1,wacatac,0.9999999999999973,1,test
main_000369,1,wacatac,0.9999999999999971,1,test
main_000370,1,wacatac,0.9999999999854638,1,test
main_000371,1,ammyy,0.9964727180500123,1,test
main_000372,0,unknown,7.424456028841678e-07,0,test
main_000373,0,unknown,1.455641999381738e-10,0,test
main_000374,0,unknown,2.39143192971702e-07,0,test
main_000375,0,unknown,1.4559203726468247e-13,0,test
main_000376,0,unknown,1.9486045491192578e-13,0,test
main_000377,0,unknown,4.6711886602700775e-09,0,test
main_000378,0,unknown,3.003499649683086e-14,0,test
main_000379,1,scarletflash,0.9999981876550329,1,test
main_000380,1,barys,0.9999999999997871,1,test
main_000381,0,unknown,0.020038189656236948,1,test
main_000382,1,unknown,0.9999989608456648,1,test
main_000383,1,unknown,0.9999999999999776,1,test
main_000384,0,unknown,8.355565147516754e-07,0,test
main_000385,1,mikey,0.9999999999998352,1,test
main_000386,1,grandoreiro,0.999999999997319,1,test
main_000387,1,onlinegames,0.998445415479084,1,test
main_000388,1,grandoreiro,0.9999999999985445,1,test
main_000389,1,trollav,0.9999999999999569,1,test
main_000390,1,grandoreiro,0.9999999999993228,1,test
main_000391,1,grandoreiro,0.9999999999959843,1,test
main_000392,1,xmrig,0.9999999999999993,1,test
main_000393,1,expiro,0.9999999999999842,1,test
main_000394,1,xmrig,1.0,1,test
main_000395,1,wacatac,0.9999999999764297,1,test
main_000396,1,banload,0.9999999999999991,1,test
main_000397,1,xmrig,1.0,1,test
main_000398,1,xmrig,1.0,1,test
main_000399,1,dinwod,0.9999999999998797,1,test
main_000400,1,berbew,0.9999999959607562,1,test
main_000401,1,xmrig,0.999999999981523,1,test
main_000402,1,xmrig,0.9999999999999569,1,test
main_000403,1,xmrig,1.0,1,test
main_000404,1,xmrig,1.0,1,test
main_000405,1,berbew,0.9999999999946358,1,test
main_000406,0,unknown,3.733894629496001e-07,0,test
main_000407,1,xmrig,1.0,1,test
main_000408,1,berbew,0.9999999999567899,1,test
main_000409,1,xmrig,0.9999999999984734,1,test
main_000410,1,xmrig,0.9999999999999998,1,test
main_000411,1,xmrig,1.0,1,test
main_000412,1,xmrig,0.9999999999999996,1,test
main_000413,1,xmrig,1.0,1,test
main_000414,1,xmrig,0.9999999999999998,1,test
main_000415,1,cobaltstrike,0.9999391628908545,1,test
main_000416,0,unknown,2.9578710443561693e-07,0,test
main_000417,0,unknown,1.227617226853399e-06,0,test
main_000418,0,unknown,1.3344347581814844e-06,0,test
main_000419,0,unknown,6.162746443604967e-07,0,test
main_000420,0,unknown,1.0548443589817734e-07,0,test
main_000421,0,unknown,1.0389510900930438e-07,0,test
main_000422,0,unknown,4.732419836312902e-06,0,test
main_000423,0,unknown,1.8610414774251044e-09,0,test
main_000424,0,unknown,0.637484958734189,1,test
main_000425,1,xmrig,0.9999999999999982,1,test
main_000426,0,unknown,4.239028659823103e-07,0,test
main_000427,1,bedep,0.9999999674605287,1,test
main_000428,1,xmrig,1.0,1,test
main_000429,0,unknown,3.34618517075248e-07,0,test
main_000430,1,xmrig,1.0,1,test
main_000431,1,xmrig,1.0,1,test
main_000432,0,unknown,4.314555194586844e-06,0,test
main_000433,1,xmrig,1.0,1,test
main_000434,1,xmrig,1.0,1,test
main_000435,1,xmrig,1.0,1,test
main_000436,1,xmrig,1.0,1,test
main_000437,1,xmrig,1.0,1,test
main_000438,1,fasong,0.9999999999999669,1,test
main_000439,1,cryptonote,0.9989674489371262,1,test
main_000440,1,xmrig,1.0,1,test
main_000441,1,ctsinf,0.999999999316024,1,test
main_000442,1,smallagent,0.987705582354004,1,test
main_000443,1,xmrig,1.0,1,test
main_000444,1,sfone,0.999999998201422,1,test
main_000445,1,xmrig,1.0,1,test
main_000446,1,sufrar,0.9999982295209286,1,test
main_000447,1,xmrig,1.0,1,test
main_000448,1,qqrob,0.9999999999793419,1,test
main_000449,0,unknown,5.325748556595028e-06,0,test
main_000450,1,mikey,0.9996745644988961,1,test
main_000451,0,unknown,0.0003656302352792559,0,test
main_000452,1,wacatac,0.999999999900939,1,test
main_000453,1,kerneldrutil,0.9999999999916525,1,test
main_000454,1,xmrig,1.0,1,test
main_000455,0,unknown,3.856744013314734e-09,0,test
main_000456,1,unknown,0.9999999971251461,1,test
main_000457,1,xmrig,0.9999999965457305,1,test
main_000458,1,xmrig,1.0,1,test
main_000459,1,expiro,0.9999999999998348,1,test
main_000460,1,xmrig,0.9999999999999982,1,test
main_000461,1,airadinstaller,0.9999845484434305,1,test
main_000462,1,xmrig,0.9999999999999996,1,test
main_000463,0,unknown,3.942387575771567e-09,0,test
main_000464,1,unknown,0.9999927158596686,1,test
main_000465,0,unknown,2.599551426134246e-09,0,test
main_000466,0,unknown,0.0001278161905371814,0,test
main_000467,0,unknown,1.623118634612725e-11,0,test
main_000468,0,unknown,6.661255984617923e-08,0,test
main_000469,1,xmrig,0.9999999999999998,1,test
main_000470,1,xmrig,1.0,1,test
main_000471,1,xmrig,0.9999999995696554,1,test
main_000472,1,xmrig,1.0,1,test
main_000473,1,xmrig,1.0,1,test
main_000474,1,xmrig,1.0,1,test
main_000475,1,xmrig,1.0,1,test
main_000476,1,tidebypass,0.999487016530723,1,test
main_000477,1,xmrig,1.0,1,test
main_000478,1,ctsinf,0.9999999974043452,1,test
main_000479,1,xmrig,0.9999999999999982,1,test
main_000480,1,xmrig,0.9999999999999996,1,test
main_000481,1,blackv,0.9999999995140236,1,test
main_000482,1,bedep,0.9999999753980927,1,test
main_000483,1,wacatac,0.9994152841364538,1,test
main_000484,1,unknown,0.9999999999417506,1,test
main_000485,1,xmrig,1.0,1,test
main_000486,1,xmrig,1.0,1,test
main_000487,1,xmrig,1.0,1,test
main_000488,1,xmrig,1.0,1,test
main_000489,0,unknown,2.858756977023289e-09,0,test
main_000490,1,xmrig,1.0,1,test
main_000491,1,xmrig,1.0,1,test
main_000492,1,xmrig,1.0,1,test
main_000493,0,unknown,1.4517639948384044e-13,0,test
main_000494,0,unknown,3.710985109831774e-13,0,test
main_000495,0,unknown,1.6720388707665682e-09,0,test
main_000496,0,unknown,1.849020922088464e-10,0,test
main_000497,0,unknown,1.4910814069569789e-13,0,test
main_000498,0,unknown,4.944856262687315e-08,0,test
main_000499,0,unknown,6.038613674129785e-12,0,test
main_000500,0,unknown,9.829718974822709e-07,0,test
main_000501,0,unknown,1.2588947663219628e-12,0,test
main_000502,0,unknown,6.832487582587071e-11,0,test
main_000503,0,unknown,7.686171799337178e-10,0,test
main_000504,0,unknown,1.6283938914059575e-12,0,test
main_000505,0,unknown,1.109008683763133e-13,0,test
main_000506,0,unknown,1.4473705552534982e-11,0,test
main_000507,0,unknown,3.340666340920061e-09,0,test
main_000508,0,unknown,2.0446401184300243e-11,0,test
main_000509,0,unknown,7.964914905608352e-12,0,test
main_000510,0,unknown,3.716554213310969e-13,0,test
main_000511,0,unknown,2.4358439418802668e-12,0,test
main_000512,1,xmrig,1.0,1,test
main_000513,0,unknown,5.995344845154592e-12,0,test
main_000514,0,unknown,3.489033665404096e-11,0,test
main_000515,0,unknown,3.897151913263839e-13,0,test
main_000516,0,unknown,1.8877651384857263e-06,0,test
main_000517,0,unknown,6.439514160668443e-10,0,test
main_000518,0,unknown,3.006053799222037e-11,0,test
main_000519,0,unknown,3.775461170832409e-06,0,test
main_000520,0,unknown,7.444248739797555e-10,0,test
main_000521,0,unknown,8.58343575357915e-09,0,test
main_000522,0,unknown,2.760807002859516e-12,0,test
main_000523,0,unknown,2.4995499335970644e-11,0,test
main_000524,0,unknown,5.8868580952493975e-12,0,test
main_000525,0,unknown,2.600599899189627e-13,0,test
main_000526,0,unknown,5.237537666927855e-09,0,test
main_000527,0,unknown,1.6918757890534957e-09,0,test
main_000528,0,unknown,2.80565133694108e-13,0,test
main_000529,1,xmrig,1.0,1,test
main_000530,0,unknown,1.003953283984989e-07,0,test
main_000531,1,xmrig,1.0,1,test
main_000532,1,xmrig,1.0,1,test
main_000533,0,unknown,1.3151870141432885e-12,0,test
main_000534,0,unknown,2.117914769187352e-09,0,test
main_000535,0,unknown,7.491968019476373e-14,0,test
main_000536,0,unknown,1.184380847953473e-11,0,test
main_000537,0,unknown,7.770373487802597e-10,0,test
main_000538,1,berbew,0.999999999377907,1,test
main_000539,0,unknown,3.165493092373055e-13,0,test
main_000540,0,unknown,3.918716912894674e-09,0,test
main_000541,1,ulise,0.999999999996829,1,test
main_000542,1,unknown,0.9999999999996152,1,test
main_000543,1,xmrig,1.0,1,test
main_000544,1,wacatac,0.9999999999950164,1,test
main_000545,1,xmrig,0.9999999999887028,1,test
main_000546,1,ulise,0.9999999999935163,1,test
main_000547,1,berbew,0.9999999999953819,1,test
main_000548,1,xmrig,1.0,1,test
main_000549,1,xmrig,0.9999999999999996,1,test
main_000550,1,xmrig,1.0,1,test
main_000551,1,xmrig,1.0,1,test
main_000552,1,blackv,0.9999999972870703,1,test
main_000553,1,xmrig,0.9999999999996703,1,test
main_000554,1,xmrig,1.0,1,test
main_000555,1,wacatac,0.9999999917487822,1,test
main_000556,1,xmrig,0.9999999999999993,1,test
main_000557,1,xmrig,1.0,1,test
main_000558,1,xmrig,1.0,1,test
main_000559,1,xmrig,1.0,1,test
main_000560,1,unknown,0.9999991083989561,1,test
main_000561,1,xmrig,1.0,1,test
main_000562,1,xmrig,1.0,1,test
main_000563,1,berbew,0.9999999999999607,1,test
main_000564,1,xmrig,1.0,1,test
main_000565,0,unknown,8.495692628637154e-07,0,test
main_000566,1,xmrig,1.0,1,test
main_000567,1,wacatac,0.9999997615971525,1,test
main_000568,1,xmrig,1.0,1,test
main_000569,1,xmrig,0.9999999999999996,1,test
main_000570,1,xmrig,1.0,1,test
main_000571,1,xmrig,1.0,1,test
main_000572,1,xmrig,1.0,1,test
main_000573,0,unknown,0.0001807240108761228,0,test
main_000574,1,xmrig,1.0,1,test
main_000575,1,wacatac,0.9999999978694223,1,test
main_000576,0,unknown,5.747140939190281e-09,0,test
main_000577,1,xmrig,1.0,1,test
main_000578,1,unknown,0.9978404895230041,1,test
main_000579,0,unknown,2.4474870761209924e-13,0,test
main_000580,0,unknown,4.404393990550132e-13,0,test
main_000581,0,unknown,8.984290411378865e-15,0,test
main_000582,0,unknown,1.0176131981330213e-13,0,test
main_000583,0,unknown,2.4444887298501002e-14,0,test
main_000584,0,unknown,1.0726296957664721e-11,0,test
main_000585,0,unknown,3.3903514292075347e-13,0,test
main_000586,0,unknown,3.858918300221868e-13,0,test
main_000587,0,unknown,5.297843283347197e-14,0,test
main_000588,0,unknown,2.3177024617387137e-10,0,test
main_000589,0,unknown,4.647300235775233e-14,0,test
main_000590,0,unknown,2.0824565344419036e-12,0,test
main_000591,0,unknown,2.1287032789565786e-13,0,test
main_000592,0,unknown,1.7599191946050963e-12,0,test
main_000593,0,unknown,5.008282893911121e-12,0,test
main_000594,0,unknown,1.1675929077621237e-11,0,test
main_000595,0,unknown,1.7252448942003958e-13,0,test
main_000596,0,unknown,5.171677641143192e-11,0,test
main_000597,0,unknown,3.318927274734252e-14,0,test
main_000598,0,unknown,4.838427791893658e-12,0,test
main_000599,0,unknown,1.2057268825729352e-13,0,test
main_000600,0,unknown,4.9809567127341455e-14,0,test
main_000601,0,unknown,1.0139842667787578e-12,0,test
main_000602,0,unknown,6.755321939838499e-14,0,test
main_000603,0,unknown,5.891704899291003e-13,0,test
main_000604,0,unknown,2.695916711500335e-12,0,test
main_000605,0,unknown,3.717217728669385e-13,0,test
main_000606,0,unknown,7.806043963993992e-14,0,test
main_000607,0,unknown,2.4728355813668487e-11,0,test
main_000608,0,unknown,1.498409875279027e-11,0,test
main_000609,0,unknown,7.147945445996915e-12,0,test
main_000610,0,unknown,4.5250184327431524e-12,0,test
main_000611,0,unknown,4.272771645621336e-07,0,test
main_000612,1,xmrig,1.0,1,test
main_000613,0,unknown,1.7783308378590384e-07,0,test
main_000614,0,unknown,1.9582025727023004e-08,0,test
main_000615,0,unknown,1.6336981292897062e-07,0,test
main_000616,0,unknown,7.731263095959403e-07,0,test
main_000617,1,xmrig,1.0,1,test
main_000618,1,xmrig,1.0,1,test
main_000619,0,unknown,4.41438205550027e-12,0,test
main_000620,1,xmrig,1.0,1,test
main_000621,1,xmrig,1.0,1,test
main_000622,0,unknown,2.9093159291002318e-11,0,test
main_000623,0,unknown,3.336953466451078e-14,0,test
main_000624,0,unknown,1.1644932803879746e-13,0,test
main_000625,0,unknown,4.459762468143294e-08,0,test
main_000626,0,unknown,3.779632155380345e-13,0,test
main_000627,0,unknown,3.806145813327336e-14,0,test
main_000628,0,unknown,5.242725521516291e-07,0,test
main_000629,1,xmrig,0.9999999999999998,1,test
main_000630,0,unknown,3.512860715198942e-10,0,test
main_000631,0,unknown,3.4729129946719087e-09,0,test
main_000632,0,unknown,1.198582919963262e-09,0,test
main_000633,0,unknown,4.074766134491877e-14,0,test
main_000634,0,unknown,8.6691246447917e-14,0,test
main_000635,0,unknown,3.2369432220299196e-14,0,test
main_000636,0,unknown,2.9645212002178875e-13,0,test
main_000637,0,unknown,2.311701234452688e-10,0,test
main_000638,0,unknown,2.8166156054548074e-13,0,test
main_000639,0,unknown,2.68022919926293e-13,0,test
main_000640,0,unknown,3.944888513897184e-14,0,test
main_000641,0,unknown,2.348375579074481e-13,0,test
main_000642,0,unknown,9.29198727652768e-14,0,test
main_000643,0,unknown,4.14607782889644e-13,0,test
main_000644,0,unknown,2.0844779483047756e-13,0,test
main_000645,0,unknown,5.931744588167599e-14,0,test
main_000646,0,unknown,6.381764951393668e-14,0,test
main_000647,0,unknown,2.624316746001614e-13,0,test
main_000648,0,unknown,8.485296609631134e-13,0,test
main_000649,0,unknown,2.5481899328164267e-14,0,test
main_000650,0,unknown,1.4168253386899e-12,0,test
main_000651,0,unknown,8.605257965611902e-15,0,test
main_000652,0,unknown,2.2359937119101056e-14,0,test
main_000653,0,unknown,7.962523100693557e-14,0,test
main_000654,0,unknown,2.922634549813309e-13,0,test
main_000655,0,unknown,1.7529143706685273e-14,0,test
main_000656,0,unknown,5.927795730905134e-11,0,test
main_000657,0,unknown,2.8229179004985903e-13,0,test
main_000658,0,unknown,9.09621887717698e-13,0,test
main_000659,0,unknown,7.28180228911233e-09,0,test
main_000660,1,xmrig,1.0,1,test
main_000661,1,xmrig,1.0,1,test
main_000662,1,xmrig,1.0,1,test
main_000663,1,xmrig,1.0,1,test
main_000664,1,xmrig,0.9999999999999996,1,test
main_000665,1,xmrig,0.9999999999999998,1,test
main_000666,1,xmrig,0.9999999999999993,1,test
main_000667,1,unknown,0.9997437337995543,1,test
main_000668,1,xmrig,0.9999999999996849,1,test
main_000669,1,detplock,0.9999996603948665,1,test
main_000670,0,unknown,1.0958225006778824e-09,0,test
main_000671,0,unknown,9.937394692938143e-06,0,test
main_000672,0,unknown,0.0003443512999252342,0,test
main_000673,0,unknown,3.8953203870018057e-07,0,test
main_000674,1,xmrig,1.0,1,test
main_000675,0,unknown,0.0011170212702764262,0,test
main_000676,0,unknown,0.0010973759098912292,0,test
main_000677,0,unknown,4.699281348263536e-08,0,test
main_000678,0,unknown,4.1036603043152214e-11,0,test
main_000679,0,unknown,1.0725169258620767e-09,0,test
main_000680,0,unknown,3.2012584584960635e-11,0,test
main_000681,0,unknown,1.1658620551120537e-11,0,test
main_000682,0,unknown,1.0508217405278157e-06,0,test
main_000683,0,unknown,1.700193985589001e-09,0,test
main_000684,0,unknown,3.91676290585422e-10,0,test
main_000685,0,unknown,3.274250926004451e-09,0,test
main_000686,1,xmrig,1.0,1,test
main_000687,1,xmrig,1.0,1,test
main_000688,1,xmrig,1.0,1,test
main_000689,1,berbew,0.999999994682268,1,test
main_000690,1,xmrig,1.0,1,test
main_000691,1,xmrig,1.0,1,test
main_000692,1,xmrig,1.0,1,test
main_000693,1,xmrig,1.0,1,test
main_000694,1,vindor,0.9999999995009645,1,test
main_000695,1,xmrig,0.9999999999999998,1,test
main_000696,1,xmrig,1.0,1,test
main_000697,1,xmrig,1.0,1,test
main_000698,1,xmrig,1.0,1,test
main_000699,1,berbew,0.9999999985729826,1,test
main_000700,1,xmrig,0.9999999999999996,1,test
main_000701,1,xmrig,1.0,1,test
main_000702,1,batavprockill,0.9999999999221678,1,test
main_000703,0,unknown,5.576057408177153e-08,0,test
main_000704,1,xmrig,0.9999999999999749,1,test
main_000705,1,unknown,0.999999999890457,1,test
main_000706,1,xmrig,1.0,1,test
main_000707,1,xmrig,1.0,1,test
main_000708,1,xmrig,1.0,1,test
main_000709,1,xmrig,0.9999999999999993,1,test
main_000710,1,xmrig,1.0,1,test
main_000711,1,vindor,0.9999999999999996,1,test
main_000712,1,xmrig,1.0,1,test
main_000713,1,xmrig,1.0,1,test
main_000714,1,xmrig,1.0,1,test
main_000715,1,xmrig,1.0,1,test
main_000716,0,unknown,3.2959976265581937e-11,0,test
main_000717,0,unknown,7.390857864736939e-10,0,test
main_000718,0,unknown,8.054875352637912e-11,0,test
main_000719,0,unknown,3.778336386305647e-09,0,test
main_000720,1,xmrig,1.0,1,test
main_000721,1,xmrig,1.0,1,test
main_000722,1,xmrig,1.0,1,test
main_000723,1,xmrig,1.0,1,test
main_000724,1,amsibypass,0.9999665835800223,1,test
main_000725,1,xmrig,1.0,1,test
main_000726,1,rugmi,0.9947283948629632,1,test
main_000727,1,berbew,0.9999999494050206,1,test
main_000728,1,xmrig,1.0,1,test
main_000729,1,berbew,0.9999999999874853,1,test
main_000730,1,xmrig,0.9999999999999998,1,test
main_000731,1,xmrig,1.0,1,test
main_000732,1,xmrig,0.999999977919207,1,test
main_000733,1,astral,0.9990519475685895,1,test
main_000734,1,xmrig,1.0,1,test
main_000735,1,unknown,0.9999999999769404,1,test
main_000736,1,xmrig,0.9999999999999998,1,test
main_000737,1,xmrig,0.9999999999999996,1,test
main_000738,1,xmrig,1.0,1,test
main_000739,1,unknown,0.7551240957239653,1,test
main_000740,1,xmrig,1.0,1,test
main_000741,0,unknown,0.0003078936018113626,0,test
main_000742,0,unknown,5.595721917306048e-07,0,test
main_000743,0,unknown,1.1197409984118468e-07,0,test
main_000744,1,xmrig,1.0,1,test
main_000745,1,berbew,0.9999999373951992,1,test
main_000746,1,xmrig,0.9999999999999989,1,test
main_000747,0,unknown,0.0008664538826349767,0,test
main_000748,1,xmrig,1.0,1,test
main_000749,1,banload,0.9999999999999998,1,test
main_000750,1,ddosia,0.9999999996807829,1,test
main_000751,0,unknown,2.8483989772474697e-06,0,test
main_000752,1,berbew,0.999999999992957,1,test
main_000753,0,unknown,4.170800966750803e-08,0,test
main_000754,1,wacatac,0.9999999999538447,1,test
main_000755,1,xmrig,1.0,1,test
main_000756,1,grandoreiro,0.9999999997779823,1,test
main_000757,1,unknown,0.999999794651137,1,test
main_000758,1,xmrig,1.0,1,test
main_000759,0,unknown,1.2958073519378219e-08,0,test
main_000760,1,xmrig,0.9999999999919951,1,test
main_000761,1,grandoreiro,0.9999999999646314,1,test
main_000762,1,xmrig,1.0,1,test
main_000763,1,wacatac,0.9999999999945579,1,test
main_000764,1,connectwise,0.9999852318539544,1,test
main_000765,1,xmrig,1.0,1,test
main_000766,1,xmrig,0.9999999999999998,1,test
main_000767,0,unknown,2.1859081776012596e-10,0,test
main_000768,1,berbew,0.9999999999948304,1,test
main_000769,1,xmrig,1.0,1,test
main_000770,1,xmrig,1.0,1,test
main_000771,1,dridex,0.9999514337528548,1,test
main_000772,1,xmrig,0.9999999999999993,1,test
main_000773,1,xmrig,0.9999999999999996,1,test
main_000774,1,xmrig,1.0,1,test
main_000775,1,xmrig,1.0,1,test
main_000776,1,premine,0.9999999999999252,1,test
main_000777,1,xmrig,1.0,1,test
main_000778,1,xmrig,1.0,1,test
main_000779,1,xmrig,0.9999999999999993,1,test
main_000780,1,xmrig,1.0,1,test
main_000781,1,xmrig,1.0,1,test
main_000782,1,unknown,0.9999999999971028,1,test
main_000783,0,unknown,1.6125297921830137e-10,0,test
main_000784,0,unknown,1.6125297921830137e-10,0,test
main_000785,0,unknown,9.18011592421274e-10,0,test
main_000786,0,unknown,1.926191186327157e-10,0,test
main_000787,0,unknown,1.6156573978477907e-10,0,test
main_000788,0,unknown,5.687131214238557e-08,0,test
main_000789,1,unknown,0.9999994357624109,1,test
main_000790,0,unknown,1.0991268826540673e-08,0,test
main_000791,1,expiro,0.9999999999999314,1,test
main_000792,1,xmrig,1.0,1,test
main_000793,1,xmrig,1.0,1,test
main_000794,1,unknown,0.9998599817297903,1,test
main_000795,1,xmrig,0.9999999999999996,1,test
main_000796,1,xmrig,1.0,1,test
main_000797,1,xmrig,0.9999999999999996,1,test
main_000798,1,berbew,0.9999999999953677,1,test
main_000799,1,xmrig,1.0,1,test
main_000800,1,expiro,0.9999999999958202,1,test
main_000801,1,xmrig,0.9999999999999996,1,test
main_000802,1,xmrig,1.0,1,test
main_000803,1,xmrig,0.9999999999999993,1,test
main_000804,1,xmrig,0.9999999999999967,1,test
main_000805,1,berbew,0.999999999371697,1,test
main_000806,1,xmrig,1.0,1,test
main_000807,1,vindor,0.9999971862269642,1,test
main_000808,1,xmrig,1.0,1,test
main_000809,1,creprote,0.9999999953525172,1,test
main_000810,1,khalesi,0.9999978831079409,1,test
main_000811,1,wacatac,0.9999999999842601,1,test
main_000812,1,xmrig,0.9999999999999993,1,test
main_000813,1,xmrig,1.0,1,test
main_000814,1,expiro,0.9999897490921903,1,test
main_000815,1,xmrig,1.0,1,test
main_000816,1,ulise,0.9999999999911282,1,test
main_000817,1,cuegoe,0.9999998663716406,1,test
main_000818,0,unknown,5.923436110615871e-07,0,test
main_000819,0,unknown,7.675605499526335e-12,0,test
main_000820,1,conti,0.99995376711838,1,test
main_000821,0,unknown,2.956310820600664e-11,0,test
main_000822,0,unknown,5.659414881251732e-13,0,test
main_000823,0,unknown,1.4849370365067582e-07,0,test
main_000824,0,unknown,4.3262934478102757e-07,0,test
main_000825,0,unknown,1.9106244999226276e-07,0,test
main_000826,0,unknown,2.225699572127119e-10,0,test
main_000827,0,unknown,1.3735573954448474e-09,0,test
main_000828,0,unknown,2.545859036448775e-06,0,test
main_000829,0,unknown,1.838630396390787e-08,0,test
main_000830,0,unknown,2.3504355376896408e-07,0,test
main_000831,1,xmrig,1.0,1,test
main_000832,0,unknown,6.533353822538661e-11,0,test
main_000833,0,unknown,4.626816092721202e-08,0,test
main_000834,0,unknown,0.9767790278849711,1,test
main_000835,1,wacatac,0.9999999999999301,1,test
main_000836,1,lockbit,0.9999999999993718,1,test
main_000837,0,unknown,3.3499135241589806e-16,0,test
main_000838,0,unknown,2.137650770547714e-14,0,test
main_000839,0,unknown,4.379658644282198e-11,0,test
main_000840,0,unknown,1.39284820715981e-14,0,test
main_000841,0,unknown,1.1465693834476325e-14,0,test
main_000842,0,unknown,6.228627038419724e-14,0,test
main_000843,0,unknown,0.00267075078110641,0,test
main_000844,0,unknown,1.654067176082003e-05,0,test
main_000845,1,qhost,0.9999405216685043,1,test
main_000846,0,unknown,1.6759494384054697e-05,0,test
main_000847,1,lockergoga,0.9999999982418353,1,test
main_000848,1,unknown,0.9999999999997864,1,test
main_000849,1,unknown,0.9999999756934003,1,test
main_000850,1,unknown,0.9798043773660324,1,test
main_000851,1,unknown,0.9723500264105355,1,test
main_000852,1,unknown,0.6663536761791239,1,test
main_000853,1,shelm,0.9999999475140818,1,test
main_000854,1,unknown,0.999999994073467,1,test
main_000855,0,unknown,2.28054172512293e-05,0,test
main_000856,0,unknown,5.7874735397928865e-11,0,test
main_000857,0,unknown,4.867008360642242e-15,0,test
main_000858,0,unknown,1.662430832544452e-16,0,test
main_000859,0,unknown,1.4819628372801705e-15,0,test
main_000860,0,unknown,1.5413842710147326e-13,0,test
main_000861,0,unknown,3.7362090073155414e-12,0,test
main_000862,0,unknown,2.91790831464848e-11,0,test
main_000863,0,unknown,7.84037942868261e-11,0,test
main_000864,0,unknown,3.65648594974332e-07,0,test
main_000865,0,unknown,1.9493185034942173e-12,0,test
main_000866,0,unknown,1.0142224686564002e-15,0,test
main_000867,0,unknown,8.858598715773565e-16,0,test
main_000868,0,unknown,8.384352440933551e-07,0,test
main_000869,0,unknown,5.64870998118873e-14,0,test
main_000870,0,unknown,1.893829009497829e-09,0,test
main_000871,0,unknown,5.454045546335488e-09,0,test
main_000872,0,unknown,2.943346499212674e-14,0,test
main_000873,0,unknown,6.220379348956243e-10,0,test
main_000874,0,unknown,1.472599117009987e-14,0,test
main_000875,0,unknown,4.590947478556313e-09,0,test
main_000876,0,unknown,8.181365481528112e-09,0,test
main_000877,0,unknown,4.119028766662592e-11,0,test
main_000878,0,unknown,5.222659522831238e-11,0,test
main_000879,0,unknown,2.8676917068268306e-15,0,test
main_000880,0,unknown,8.251430717311613e-08,0,test
main_000881,0,unknown,1.3648918550105208e-09,0,test
main_000882,0,unknown,1.0774767970129659e-05,0,test
main_000883,0,unknown,1.235991823082065e-09,0,test
main_000884,0,unknown,4.072137710688171e-05,0,test
main_000885,0,unknown,8.658828422134499e-08,0,test
main_000886,0,unknown,1.4794609416780936e-08,0,test
main_000887,0,unknown,8.506204737644168e-09,0,test
main_000888,0,unknown,3.67274790393825e-09,0,test
main_000889,0,unknown,1.4320113152254475e-08,0,test
main_000890,0,unknown,5.859434282878899e-06,0,test
main_000891,0,unknown,4.46326783988209e-05,0,test
main_000892,0,unknown,1.50642435938309e-13,0,test
main_000893,0,unknown,9.656868334982221e-06,0,test
main_000894,0,unknown,1.242636634985185e-11,0,test
main_000895,0,unknown,1.1623309228618107e-12,0,test
main_000896,0,unknown,3.965147099389768e-12,0,test
main_000897,0,unknown,9.082995976735666e-11,0,test
main_000898,0,unknown,3.1307173051557967e-13,0,test
main_000899,0,unknown,3.6824984113382756e-05,0,test
main_000900,0,unknown,3.573123353264525e-07,0,test
main_000901,0,unknown,1.6367001181447302e-14,0,test
main_000902,0,unknown,3.1346171331830297e-06,0,test
main_000903,0,unknown,9.345094561478905e-08,0,test
main_000904,0,unknown,4.886063360403657e-09,0,test
main_000905,0,unknown,1.4731509177122896e-05,0,test
main_000906,0,unknown,1.7295359646900756e-08,0,test
main_000907,0,unknown,3.7155575086317265e-07,0,test
main_000908,0,unknown,3.4763774878758147e-11,0,test
main_000909,0,unknown,8.619631903531459e-07,0,test
main_000910,1,donut,0.9999999585744613,1,test
main_000911,0,unknown,2.253620923461082e-08,0,test
main_000912,0,unknown,4.068910353843726e-12,0,test
main_000913,0,unknown,8.437514619176378e-13,0,test
main_000914,0,unknown,5.714526062503699e-12,0,test
main_000915,0,unknown,3.739371670570395e-07,0,test
main_000916,0,unknown,2.1210497515100318e-07,0,test
main_000917,0,unknown,4.687251048844995e-06,0,test
main_000918,0,unknown,6.140942686878393e-13,0,test
main_000919,0,unknown,6.791919115466367e-09,0,test
main_000920,0,unknown,3.400036597595075e-10,0,test
main_000921,0,unknown,2.512193288382996e-10,0,test
main_000922,1,unknown,0.9999999999885594,1,test
main_000923,1,scarletflash,0.9999999999998364,1,test
main_000924,1,virut,0.9999994702142001,1,test
main_000925,1,unknown,0.999429087841888,1,test
main_000926,0,unknown,0.00016730925160936323,0,test
main_000927,0,unknown,2.4838177987627507e-10,0,test
main_000928,1,unknown,0.9975537520394113,1,test
main_000929,1,unknown,0.9992491639949125,1,test
main_000930,1,connectwise,0.9999773082229605,1,test
main_000931,1,unknown,0.9997778785715105,1,test
main_000932,1,lockbit,0.9999992625860477,1,test
main_000933,1,metasploit,0.9999999999995841,1,test
main_000934,1,barys,0.9997499935472958,1,test
main_000935,0,unknown,3.065694498794315e-10,0,test
main_000936,1,unknown,0.9999999998375164,1,test
main_000937,1,bedep,0.9999999998134657,1,test
main_000938,1,disin,0.9999999992838802,1,test
main_000939,1,wacatac,0.9999999942298983,1,test
main_000940,1,kdmapper,0.9999575395180276,1,test
main_000941,0,unknown,1.3529554357212813e-12,0,test
main_000942,0,unknown,1.74464533625095e-05,0,test
main_000943,0,unknown,2.9678473414452753e-08,0,test
main_000944,0,unknown,3.7281780915656053e-14,0,test
main_000945,0,unknown,3.0121177736314936e-09,0,test
main_000946,0,unknown,0.0008208451800525235,0,test
main_000947,0,unknown,1.7641121004205478e-09,0,test
main_000948,0,unknown,4.008837453544202e-10,0,test
main_000949,1,unknown,0.8350985753471525,1,test
main_000950,0,unknown,2.550378131650369e-07,0,test
main_000951,0,unknown,1.639954839027863e-05,0,test
main_000952,1,stubo,0.9999999999918197,1,test
main_000953,1,unknown,0.999999996634765,1,test
main_000954,1,wacatac,0.9999999999980114,1,test
main_000955,0,unknown,5.428811084335649e-06,0,test
main_000956,1,metasploit,0.9999999999682112,1,test
main_000957,1,cobaltstrike,0.999999998486993,1,test
main_000958,0,unknown,0.0011814662335488638,0,test
main_000959,1,vidar,0.9610608053851661,1,test
main_000960,1,caynamer,0.9999999999994731,1,test
main_000961,0,unknown,1.938723137771816e-10,0,test
main_000962,1,wacatac,0.9999994310811452,1,test
main_000963,1,wacatac,0.9999999999812812,1,test
main_000964,1,rugmi,0.9999377361172788,1,test
main_000965,0,unknown,2.162828609546365e-10,0,test
main_000966,0,unknown,4.513579815485961e-10,0,test
main_000967,0,unknown,5.625429031526087e-10,0,test
main_000968,0,unknown,4.9623930478144385e-11,0,test
main_000969,0,unknown,9.385616939318175e-11,0,test
main_000970,1,scarletflash,0.9999999999999492,1,test
main_000971,0,unknown,1.2502245740422863e-06,0,test
main_000972,0,unknown,1.4064130047194032e-06,0,test
main_000973,0,unknown,0.0003834833259622394,0,test
main_000974,0,unknown,4.3295205762520123e-07,0,test
main_000975,0,unknown,0.00017672079284295465,0,test
main_000976,0,unknown,3.41093564388421e-10,0,test
main_000977,0,unknown,2.0475568265074723e-11,0,test
main_000978,1,berbew,0.9999999999998805,1,test
main_000979,1,vbclone,0.9999998749136968,1,test
main_000980,1,trollav,0.9999999999999738,1,test
main_000981,1,xmrig,0.9999999999999993,1,test
main_000982,1,wacatac,0.9999994705958657,1,test
main_000983,1,wacatac,0.999999999997162,1,test
main_000984,1,rugmi,0.9999997125159625,1,test
main_000985,0,unknown,6.717606416880379e-08,0,test
main_000986,0,unknown,3.9603191647860785e-08,0,test
main_000987,0,unknown,1.3145183566323837e-06,0,test
main_000988,1,xmrig,1.0,1,test
main_000989,1,xmrig,1.0,1,test
main_000990,0,unknown,6.709749782591543e-08,0,test
main_000991,0,unknown,2.0142964705426405e-08,0,test
main_000992,1,crypmodng,0.9999999998579157,1,test
main_000993,0,unknown,1.0797485887395654e-09,0,test
main_000994,0,unknown,3.3630269292689264e-05,0,test
main_000995,0,unknown,4.5002310548812225e-06,0,test
main_000996,1,dinwod,0.9999999996825979,1,test
main_000997,0,unknown,2.56248089164791e-08,0,test
main_000998,1,xmrig,0.9999999999999996,1,test
main_000999,1,xmrig,1.0,1,test
main_001000,1,disin,0.9999999999998235,1,test
main_001001,1,xmrig,0.9999999999999996,1,test
main_001002,0,unknown,0.002502464995119982,0,test
main_001003,1,donut,0.9999999942852777,1,test
main_001004,1,mydoom,0.9999999998466045,1,test
main_001005,1,xmrig,0.9999999999999996,1,test
main_001006,1,fasong,0.999999999999309,1,test
main_001007,1,unknown,0.9999731100006738,1,test
main_001008,1,donut,0.9999999997497968,1,test
main_001009,0,unknown,3.939684912915944e-05,0,test
main_001010,1,crypmodng,0.9999999999999523,1,test
main_001011,1,alien,0.9999999999982898,1,test
main_001012,1,xmrig,0.9999999999999996,1,test
main_001013,1,bingoml,0.9995844525737395,1,test
main_001014,1,legmir,0.9999976318776075,1,test
main_001015,1,unknown,0.9999999870209295,1,test
main_001016,0,unknown,3.3455900017625107e-10,0,test
main_001017,0,unknown,9.479472463972064e-12,0,test
main_001018,0,unknown,3.66539437941065e-08,0,test
main_001019,0,unknown,7.571220956731677e-10,0,test
main_001020,0,unknown,2.7674973871656846e-10,0,test
main_001021,0,unknown,3.8887655441640863e-10,0,test
main_001022,0,unknown,5.1441159785340294e-11,0,test
main_001023,0,unknown,1.2224481951399328e-07,0,test
main_001024,0,unknown,4.898319864601496e-12,0,test
main_001025,0,unknown,1.8729567429040369e-10,0,test
main_001026,0,unknown,3.226124771295419e-11,0,test
main_001027,0,unknown,4.41041218306991e-11,0,test
main_001028,0,unknown,2.4002610808478586e-10,0,test
main_001029,0,unknown,3.124030169786761e-10,0,test
main_001030,0,unknown,1.0134584168315829e-08,0,test
main_001031,1,dorifel,0.9999999650406427,1,test
main_001032,1,disco,0.9999998513121876,1,test
main_001033,0,unknown,5.6753667436068127e-11,0,test
main_001034,1,scarletflash,0.9999994374739469,1,test
main_001035,0,unknown,7.723964097012705e-14,0,test
main_001036,0,unknown,2.533917941836427e-12,0,test
main_001037,0,unknown,7.44533019993788e-12,0,test
main_001038,0,unknown,1.981564582013786e-13,0,test
main_001039,0,unknown,7.58306814118172e-13,0,test
main_001040,0,unknown,3.276906349779842e-13,0,test
main_001041,0,unknown,0.000764801640125952,0,test
main_001042,0,unknown,1.6053087684556795e-12,0,test
main_001043,0,unknown,1.7813228008396357e-13,0,test
main_001044,0,unknown,1.80283693571126e-12,0,test
main_001045,0,unknown,1.9305991377721767e-13,0,test
main_001046,0,unknown,3.2752797065492527e-14,0,test
main_001047,0,unknown,2.7819750633142953e-12,0,test
main_001048,0,unknown,7.594739616452046e-09,0,test
main_001049,0,unknown,2.2798869285313303e-13,0,test
main_001050,0,unknown,2.75437007599842e-11,0,test
main_001051,0,unknown,3.3922340800161805e-13,0,test
main_001052,0,unknown,4.628880150021723e-13,0,test
main_001053,0,unknown,3.584726780192324e-12,0,test
main_001054,1,emdup,0.9999999999915665,1,test
main_001055,1,teslacrypt,0.9999998135088787,1,test
main_001056,1,unknown,0.9999219027130506,1,test
main_001057,1,qqrob,0.9999999999997391,1,test
main_001058,0,unknown,5.4460574718171e-16,0,test
main_001059,1,berbew,0.9999999999999571,1,test
main_001060,1,xmrig,1.0,1,test
main_001061,1,xmrig,1.0,1,test
main_001062,1,xmrig,1.0,1,test
main_001063,0,unknown,3.191238604742518e-10,0,test
main_001064,0,unknown,2.3750989017966428e-12,0,test
main_001065,1,xmrig,1.0,1,test
main_001066,0,unknown,1.5959452725083555e-08,0,test
main_001067,0,unknown,3.1472963993030415e-07,0,test
main_001068,1,unknown,0.9999999997330873,1,test
main_001069,1,unknown,0.9999966512860206,1,test
main_001070,0,unknown,0.0006108005434856412,0,test
main_001071,1,banload,0.9999999999999902,1,test
main_001072,1,xmrig,1.0,1,test
main_001073,1,xmrig,1.0,1,test
main_001074,1,berbew,0.9999999999999818,1,test
main_001075,1,wacatac,0.9999999540197132,1,test
main_001076,1,unknown,0.9999937328873775,1,test
main_001077,0,unknown,9.049362187061091e-10,0,test
main_001078,1,unknown,0.9990537092808246,1,test
main_001079,1,scarletflash,0.9997246607327421,1,test
main_001080,1,xmrig,1.0,1,test
main_001081,1,unknown,0.9999746811858219,1,test
main_001082,1,xmrig,1.0,1,test
main_001083,0,unknown,6.648910369548876e-12,0,test
main_001084,1,unknown,0.9984395288180355,1,test
main_001085,1,disin,0.999999999999974,1,test
main_001086,1,xmrig,0.9997820376635659,1,test
main_001087,1,xmrig,1.0,1,test
main_001088,1,xmrig,1.0,1,test
main_001089,0,unknown,2.2007886292318156e-11,0,test
main_001090,1,xmrig,1.0,1,test
main_001091,0,unknown,7.343061792111302e-13,0,test
main_001092,1,unknown,0.9999999995383151,1,test
main_001093,0,unknown,0.00013083489151652591,0,test
main_001094,0,unknown,0.00021373697845133806,0,test
main_001095,1,xmrig,1.0,1,test
main_001096,1,xmrig,1.0,1,test
main_001097,0,unknown,5.66814327444248e-06,0,test
main_001098,0,unknown,0.001151567078846545,0,test
main_001099,0,unknown,8.027154010282335e-11,0,test
main_001100,0,unknown,2.3848832054997853e-08,0,test
main_001101,0,unknown,3.4632340270435036e-06,0,test
main_001102,1,helloxd,0.9999995374125142,1,test
main_001103,1,magictools,0.9985297709708043,1,test
main_001104,1,xmrig,1.0,1,test
main_001105,1,xmrig,0.9999999999999996,1,test
main_001106,1,scarletflash,0.9999999915771861,1,test
main_001107,1,shelm,0.9999999996133246,1,test
main_001108,1,yongyufeed,0.9621246979449711,1,test
main_001109,0,unknown,3.698380051337055e-06,0,test
main_001110,1,cobaltstrike,0.9999999372401133,1,test
main_001111,1,killall,0.9999965686585612,1,test
main_001112,1,xmrig,1.0,1,test
main_001113,1,banload,0.9999999999999418,1,test
main_001114,1,xmrig,1.0,1,test
main_001115,1,noobyprotect,0.9999839181367853,1,test
main_001116,0,unknown,1.4676938788950609e-08,0,test
main_001117,1,unknown,0.9999997925106414,1,test
main_001118,1,picsys,0.9999999999846134,1,test
main_001119,0,unknown,2.6795360404281716e-07,0,test
main_001120,1,xmrig,1.0,1,test
main_001121,1,blackv,0.9999999804807423,1,test
main_001122,1,dinwod,0.9999999999999833,1,test
main_001123,0,unknown,9.304224966280448e-06,0,test
main_001124,0,unknown,1.0153372971734786e-07,0,test
main_001125,0,unknown,3.6517216581496163e-07,0,test
main_001126,1,diplugem,0.9999998923218847,1,test
main_001127,1,blackv,0.9999999995881887,1,test
main_001128,1,wacatac,0.9999997066209406,1,test
main_001129,1,gator,0.9999998186938932,1,test
main_001130,1,unknown,0.9999220899634959,1,test
main_001131,1,cobaltstrike,0.9999999800205921,1,test
main_001132,0,unknown,2.7338134830667393e-08,0,test
main_001133,1,unknown,0.9999998781231751,1,test
main_001134,1,unknown,0.9999999999705111,1,test
main_001135,1,unknown,0.9999999220344892,1,test
main_001136,0,unknown,4.843276181961601e-13,0,test
main_001137,0,unknown,3.607591501872371e-13,0,test
main_001138,0,unknown,1.0263567471758123e-12,0,test
main_001139,0,unknown,7.234611745255298e-14,0,test
main_001140,1,unknown,0.9999999888007357,1,test
main_001141,0,unknown,2.1304705230839222e-10,0,test
main_001142,0,unknown,2.554888626424444e-10,0,test
main_001143,1,unknown,0.9999999815759452,1,test
main_001144,0,unknown,5.778508449901096e-07,0,test
main_001145,1,unknown,0.9999999998894318,1,test
main_001146,0,unknown,2.072927116008422e-06,0,test
main_001147,1,lockbit,0.9999999999998663,1,test
main_001148,0,unknown,3.1778877391910834e-07,0,test
main_001149,0,unknown,1.0366121254690652e-06,0,test
main_001150,0,unknown,1.3403341109518793e-05,0,test
main_001151,0,unknown,2.966519491189213e-07,0,test
main_001152,0,unknown,6.1296572926492596e-09,0,test
main_001153,0,unknown,1.7059669450240994e-08,0,test
main_001154,0,unknown,7.877650619660769e-07,0,test
main_001155,1,unknown,0.9986310508978109,1,test
main_001156,1,grandoreiro,0.9999999999996039,1,test
main_001157,0,unknown,2.0756959664083554e-05,0,test
main_001158,0,unknown,1.5251491867450111e-06,0,test
main_001159,0,unknown,2.83109221070268e-05,0,test
main_001160,1,pykspa,0.9999401520717413,1,test
main_001161,0,unknown,2.454372750173515e-06,0,test
main_001162,1,scarletflash,0.9999999963752375,1,test
main_001163,1,phonzy,0.999999954174165,1,test
main_001164,0,unknown,4.6735729186200246e-06,0,test
main_001165,0,unknown,2.1905277223718883e-11,0,test
main_001166,0,unknown,2.4053906736567666e-08,0,test
main_001167,0,unknown,4.982898034241764e-11,0,test
main_001168,1,unknown,0.9999999999989457,1,test
main_001169,0,unknown,7.062963537792581e-14,0,test
main_001170,0,unknown,1.0449553301584809e-05,0,test
main_001171,0,unknown,4.839294236281444e-05,0,test
main_001172,0,unknown,6.566353116871966e-05,0,test
main_001173,0,unknown,6.315881150992072e-07,0,test
main_001174,0,unknown,4.901288681414681e-06,0,test
main_001175,0,unknown,5.453865745800597e-07,0,test
main_001176,0,unknown,0.00011649402621547987,0,test
main_001177,0,unknown,0.00030412165258762426,0,test
main_001178,0,unknown,5.053537375017508e-07,0,test
main_001179,0,unknown,9.26320490308075e-06,0,test
main_001180,0,unknown,4.154143242132808e-07,0,test
main_001181,0,unknown,2.728102779027838e-06,0,test
main_001182,0,unknown,6.322256053840169e-07,0,test
main_001183,0,unknown,3.726844471374995e-09,0,test
main_001184,1,puwaders,0.9999999925114836,1,test
main_001185,1,unknown,0.9999508699537858,1,test
main_001186,1,unknown,0.9998267161699085,1,test
main_001187,0,unknown,2.2937233302072705e-06,0,test
main_001188,0,unknown,0.00023951992236540234,0,test
main_001189,1,unknown,0.999442883554354,1,test
main_001190,1,unknown,0.9999640412096819,1,test
main_001191,1,unknown,0.9999994711014788,1,test
main_001192,1,emotet,0.9999980123918888,1,test
main_001193,1,connectscreen,0.999920638231846,1,test
main_001194,1,connectwise,0.9999924690355012,1,test
main_001195,1,unknown,0.9995616963926267,1,test
main_001196,1,unknown,0.999934569933112,1,test
main_001197,1,barys,0.999999999569589,1,test
main_001198,0,unknown,4.63520326676184e-14,0,test
main_001199,1,goshell,0.9999999999939784,1,test
main_001200,1,cerbu,0.9999999813573449,1,test
main_001201,1,wacatac,0.9999098652020114,1,test
main_001202,1,disin,0.999999999999517,1,test
main_001203,0,unknown,1.0134296731293043e-13,0,test
main_001204,0,unknown,6.087945440127087e-15,0,test
main_001205,1,bedep,0.9996815742834407,1,test
main_001206,0,unknown,1.0718195231324272e-12,0,test
main_001207,0,unknown,1.0774334597270356e-15,0,test
main_001208,0,unknown,7.545420517272402e-16,0,test
main_001209,0,unknown,5.193037797754921e-09,0,test
main_001210,0,unknown,1.8776553945411857e-06,0,test
main_001211,0,unknown,3.418446572338108e-10,0,test
main_001212,1,leadlabs,0.9999822751192436,1,test
main_001213,1,expiro,0.9979081837624467,1,test
main_001214,0,unknown,4.804127852465592e-13,0,test
main_001215,0,unknown,4.633228114745089e-06,0,test
main_001216,0,unknown,5.07524423203392e-15,0,test
main_001217,0,unknown,1.3578834682899133e-09,0,test
main_001218,1,opensupdater,0.9999972058022111,1,test
main_001219,1,stubo,0.999999999999335,1,test
main_001220,1,khalesi,0.9999911249023838,1,test
main_001221,1,scarletflash,0.9998616843617356,1,test
main_001222,1,expiro,0.9999999999945528,1,test
main_001223,0,unknown,2.753186378009307e-05,0,test
main_001224,1,unknown,0.9992340016800577,1,test
main_001225,1,bobik,0.9999221911111207,1,test
main_001226,1,disin,0.9999999999990516,1,test
main_001227,1,luna,0.999999999993507,1,test
main_001228,0,unknown,8.198926134478346e-10,0,test
main_001229,0,unknown,1.5393860682668673e-07,0,test
main_001230,0,unknown,8.380940812852009e-11,0,test
main_001231,1,khalesi,0.9999950610177902,1,test
main_001232,1,unknown,0.9996984884085651,1,test
main_001233,0,unknown,1.817987445499566e-06,0,test
main_001234,0,unknown,2.32331059879588e-08,0,test
main_001235,1,wacatac,0.999999999999992,1,test
main_001236,1,phonzy,0.999999999161381,1,test
main_001237,0,unknown,1.1290233392015603e-14,0,test
main_001238,0,unknown,1.246159022927297e-16,0,test
main_001239,1,unknown,0.9988898013844303,1,test
main_001240,1,scarletflash,0.9988766831614289,1,test
main_001241,1,redline,0.9999949499955985,1,test
main_001242,0,unknown,5.77616278655995e-06,0,test
main_001243,1,unknown,0.9999462189446777,1,test
main_001244,1,convagent,0.999999964036296,1,test
main_001245,1,lockergoga,0.9999999998608406,1,test
main_001246,0,unknown,3.5259327402212003e-10,0,test
main_001247,0,unknown,5.739379164470421e-07,0,test
main_001248,1,trollav,0.9999999999998401,1,test
main_001249,0,unknown,0.0005567124648084414,0,test
main_001250,1,unknown,0.9999999973591944,1,test
main_001251,1,emdup,0.9999999998277929,1,test
main_001252,1,nuitka,0.999999996585226,1,test
main_001253,1,shelm,0.9999999998568079,1,test
main_001254,0,unknown,7.004141613254287e-09,0,test
main_001255,1,wacatac,0.9999999819063995,1,test
main_001256,0,unknown,2.4209885134675867e-10,0,test
main_001257,1,unknown,0.9990782547237906,1,test
main_001258,1,wacatac,0.9999999825418403,1,test
main_001259,0,unknown,2.400067603747822e-08,0,test
main_001260,1,wacatac,0.9999999906350902,1,test
main_001261,0,unknown,2.124505487653004e-09,0,test
main_001262,1,scarletflash,0.9999995448427226,1,test
main_001263,1,unknown,0.9999994936571842,1,test
main_001264,1,wacatac,0.9999999998207401,1,test
main_001265,1,bedep,0.9999999999991307,1,test
main_001266,0,unknown,1.3301545997896274e-10,0,test
main_001267,0,unknown,1.539965063750054e-08,0,test
main_001268,0,unknown,2.480388157800271e-10,0,test
main_001269,0,unknown,9.922231391037976e-13,0,test
main_001270,0,unknown,1.7369232007184774e-11,0,test
main_001271,0,unknown,1.1818438152582547e-08,0,test
main_001272,1,unknown,0.9999995703263446,1,test
main_001273,0,unknown,1.3901614284706508e-13,0,test
main_001274,0,unknown,1.7052251467289135e-09,0,test
main_001275,0,unknown,5.798925017214555e-07,0,test
main_001276,0,unknown,3.0750456466536805e-10,0,test
main_001277,0,unknown,1.514282372367185e-11,0,test
main_001278,0,unknown,1.2574660303277454e-17,0,test
main_001279,0,unknown,2.155901471229458e-05,0,test
main_001280,0,unknown,1.0697650119587353e-06,0,test
main_001281,0,unknown,6.36088655713149e-09,0,test
main_001282,0,unknown,8.625492367375276e-08,0,test
main_001283,0,unknown,5.796861838513226e-08,0,test
main_001284,0,unknown,0.0034002825508750094,0,test
main_001285,1,unknown,0.9999999996740325,1,test
main_001286,1,disin,0.9999999998370608,1,test
main_001287,1,unknown,0.9999999999999545,1,test
main_001288,0,unknown,4.0323442365075865e-05,0,test
main_001289,0,unknown,1.4561664049289272e-07,0,test
main_001290,1,engimastealer,0.9999999509101445,1,test
main_001291,1,unknown,0.870279635510943,1,test
main_001292,1,qqrob,0.9999999999980922,1,test
main_001293,1,strab,0.9840073313064728,1,test
main_001294,1,redline,0.9996629779898917,1,test
main_001295,1,nilage,0.9999967286148307,1,test
main_001296,0,unknown,4.107222117905326e-06,0,test
main_001297,0,unknown,6.092039678994703e-10,0,test
main_001298,1,disin,0.999999999999849,1,test
main_001299,1,winage,0.9999999993092477,1,test
main_001300,0,unknown,2.7179658462604495e-10,0,test
main_001301,0,unknown,0.000638406697294635,0,test
main_001302,0,unknown,2.5574770179354772e-09,0,test
main_001303,0,unknown,1.480674077079753e-10,0,test
main_001304,0,unknown,3.0600057390245725e-06,0,test
main_001305,1,taurusstealer,0.9999104228348977,1,test
main_001306,0,unknown,1.54595512395189e-09,0,test
main_001307,1,wacatac,0.9999999999588647,1,test
main_001308,0,unknown,7.001417564256938e-07,0,test
main_001309,1,unknown,0.9999999999989673,1,test
main_001310,1,disco,0.9999999998598375,1,test
main_001311,0,unknown,4.350109615064735e-14,0,test
main_001312,0,unknown,4.605346935686203e-15,0,test
main_001313,0,unknown,1.4968041484990077e-06,0,test
main_001314,1,unknown,0.9999997213067873,1,test
main_001315,0,unknown,0.00013342262611312552,0,test
main_001316,0,unknown,4.145159874396767e-09,0,test
main_001317,1,unknown,0.9999999999672546,1,test
main_001318,0,unknown,7.652923495625633e-05,0,test
main_001319,1,grandoreiro,0.9999999995335507,1,test
main_001320,0,unknown,6.562575890133054e-15,0,test
main_001321,1,unknown,0.9999999999999287,1,test
main_001322,1,bedep,0.999999999979563,1,test
main_001323,0,unknown,9.800335387445518e-10,0,test
main_001324,0,unknown,1.1915033578386666e-08,0,test
main_001325,1,wacatac,0.999999999998455,1,test
main_001326,1,unknown,0.9999999390539843,1,test
main_001327,0,unknown,1.754080426733564e-07,0,test
main_001328,1,wacatac,0.9999999999291658,1,test
main_001329,1,almi,0.9999999999999751,1,test
main_001330,0,unknown,2.818660692787814e-11,0,test
main_001331,0,unknown,1.5400114476121525e-13,0,test
main_001332,0,unknown,6.143176843546775e-08,0,test
main_001333,0,unknown,3.3410170121907267e-10,0,test
main_001334,1,stubo,0.9999999999999618,1,test
main_001335,0,unknown,4.002305792061447e-14,0,test
main_001336,0,unknown,1.305167852627016e-06,0,test
main_001337,0,unknown,0.0015717066855609548,0,test
main_001338,1,xmrig,0.9999999999999998,1,test
main_001339,0,unknown,1.593848203680392e-05,0,test
main_001340,0,unknown,2.1684496196607534e-06,0,test
main_001341,1,nevereg,0.9999980284640765,1,test
main_001342,0,unknown,8.0826773953139e-08,0,test
main_001343,1,lockergoga,0.9999999999999603,1,test
main_001344,1,scarletflash,0.9999999999709321,1,test
main_001345,0,unknown,6.173396157750095e-10,0,test
main_001346,0,unknown,5.90074582269609e-12,0,test
main_001347,1,wabot,0.9999999999199576,1,test
main_001348,0,unknown,0.0010736381421649,0,test
main_001349,1,marte,0.9999999997171816,1,test
main_001350,0,unknown,9.171819503446629e-06,0,test
main_001351,0,unknown,9.811177768482563e-06,0,test
main_001352,0,unknown,5.911007570744626e-09,0,test
main_001353,0,unknown,7.560191199743183e-09,0,test
main_001354,1,banload,0.9999999999999991,1,test
main_001355,1,xmrig,1.0,1,test
main_001356,0,unknown,2.042655602140418e-05,0,test
main_001357,0,unknown,9.018761362260354e-09,0,test
main_001358,0,unknown,8.762847756693666e-07,0,test
main_001359,0,unknown,5.254610614083863e-08,0,test
main_001360,0,unknown,2.779786901191903e-07,0,test
main_001361,0,unknown,8.913340139717205e-12,0,test
main_001362,1,unknown,0.9998537867711511,1,test
main_001363,1,virlock,0.9999999992381485,1,test
main_001364,1,andromeda,0.9999999744759187,1,test
main_001365,1,cosmu,0.9999999454177292,1,test
main_001366,1,disin,0.99999999999918,1,test
main_001367,0,unknown,0.0005329844273487249,0,test
main_001368,1,xmrig,1.0,1,test
main_001369,1,unknown,0.999999461118726,1,test
main_001370,1,xmrig,0.9999999973982996,1,test
main_001371,1,bodegun,0.99999119656428,1,test
main_001372,1,blankgrabber,0.9999999999953779,1,test
main_001373,1,ultravnc,0.9987349303628952,1,test
main_001374,1,xmrig,0.9999999999983331,1,test
main_001375,1,ultravnc,0.9999116333528125,1,test
main_001376,0,unknown,2.663102024703687e-06,0,test
main_001377,0,unknown,1.928178606248148e-06,0,test
main_001378,0,unknown,2.679012173144134e-07,0,test
main_001379,1,unknown,0.9999408065441442,1,test
main_001380,1,xmrig,1.0,1,test
main_001381,1,xmrig,1.0,1,test
main_001382,1,expiro,0.999999999999974,1,test
main_001383,0,unknown,1.3360482482822245e-08,0,test
main_001384,1,bedep,0.9999999982332202,1,test
main_001385,1,bedep,0.9999999996993798,1,test
main_001386,0,unknown,1.4141827762110448e-09,0,test
main_001387,1,unknown,0.999999690048066,1,test
main_001388,0,unknown,6.573535556827039e-05,0,test
main_001389,0,unknown,1.0353730994309074e-17,0,test
main_001390,1,xmrig,0.9999999999999993,1,test
main_001391,1,bedep,0.9989027200021614,1,test
main_001392,0,unknown,1.6070622001872444e-16,0,test
main_001393,0,unknown,1.432660625742676e-17,0,test
main_001394,0,unknown,1.443789639839141e-16,0,test
main_001395,0,unknown,1.8968821908145498e-16,0,test
main_001396,0,unknown,1.9331417961864155e-17,0,test
main_001397,0,unknown,4.9281778183852564e-17,0,test
main_001398,0,unknown,2.851454286091637e-17,0,test
main_001399,0,unknown,7.698006697269233e-18,0,test
main_001400,0,unknown,1.2285571229474874e-17,0,test
main_001401,0,unknown,1.0830309541647057e-17,0,test
main_001402,0,unknown,1.3882625782226624e-17,0,test
main_001403,0,unknown,1.0928308271775878e-17,0,test
main_001404,0,unknown,1.5218876596046923e-16,0,test
main_001405,0,unknown,1.2547806360733996e-17,0,test
main_001406,0,unknown,3.19665339181831e-18,0,test
main_001407,0,unknown,1.159057071661511e-17,0,test
main_001408,0,unknown,6.7220781831951926e-18,0,test
main_001409,0,unknown,1.8255298390891206e-17,0,test
main_001410,0,unknown,6.314039815275814e-18,0,test
main_001411,0,unknown,7.302251479687736e-18,0,test
main_001412,0,unknown,3.261528533632622e-17,0,test
main_001413,0,unknown,4.800743351712008e-18,0,test
main_001414,0,unknown,2.719835073317285e-17,0,test
main_001415,0,unknown,3.598411403089117e-17,0,test
main_001416,0,unknown,6.458231305529224e-17,0,test
main_001417,0,unknown,6.7757420789386834e-18,0,test
main_001418,0,unknown,8.75853612941503e-18,0,test
main_001419,0,unknown,5.593639732913641e-18,0,test
main_001420,0,unknown,8.305462444318064e-18,0,test
main_001421,0,unknown,8.52227885067581e-18,0,test
main_001422,0,unknown,1.7775594882280654e-18,0,test
main_001423,0,unknown,3.170765954652193e-17,0,test
main_001424,0,unknown,7.425999720749021e-18,0,test
main_001425,0,unknown,1.1844293268487071e-17,0,test
main_001426,0,unknown,3.6777303663673375e-17,0,test
main_001427,0,unknown,8.037156055004762e-18,0,test
main_001428,0,unknown,1.2611657030118133e-17,0,test
main_001429,0,unknown,7.493795902682533e-18,0,test
main_001430,0,unknown,2.221373232889349e-17,0,test
main_001431,0,unknown,7.919386415466518e-18,0,test
main_001432,0,unknown,8.030924419819437e-18,0,test
main_001433,0,unknown,1.0169888250099125e-17,0,test
main_001434,0,unknown,2.3988016556394653e-17,0,test
main_001435,0,unknown,8.277349447323449e-18,0,test
main_001436,0,unknown,0.0004093567485160261,0,test
main_001437,1,unknown,0.9913549642778039,1,test
main_001438,0,unknown,3.518963349023908e-11,0,test
main_001439,1,redline,0.9998771678862027,1,test
main_001440,1,almi,0.9999999363094835,1,test
main_001441,0,unknown,1.3530484953576665e-09,0,test
main_001442,1,redline,0.9999925148534679,1,test
main_001443,1,wacatac,0.9999999950655536,1,test
main_001444,0,unknown,8.997719858836469e-08,0,test
main_001445,1,bedep,0.99919580288265,1,test
main_001446,0,unknown,3.5708810258543204e-07,0,test
main_001447,0,unknown,6.522015960659065e-08,0,test
main_001448,0,unknown,3.730112343262528e-12,0,test
main_001449,1,emotet,0.999999999719337,1,test
main_001450,1,disco,0.9999999999993252,1,test
main_001451,1,wacatac,0.9999999999999729,1,test
main_001452,1,unknown,0.9992792661155085,1,test
main_001453,1,metasploit,0.9999999999554083,1,test
main_001454,1,scarletflash,0.999999999998896,1,test
main_001455,0,unknown,2.631321564073283e-08,0,test
main_001456,1,penguish,0.9992073096253138,1,test
main_001457,1,fugrafa,0.9999730089996953,1,test
main_001458,1,ekstak,0.9934761776987312,1,test
main_001459,0,unknown,6.400229099110992e-11,0,test
main_001460,0,unknown,8.422114667903673e-07,0,test
main_001461,1,diztakun,0.9999999998758409,1,test
main_001462,1,scarletflash,0.9999994465167702,1,test
main_001463,1,wacatac,0.9999999999995823,1,test
main_001464,1,wacatac,0.9999999999978235,1,test
main_001465,1,luna,0.9999999999999936,1,test
main_001466,0,unknown,8.006225163376529e-17,0,test
main_001467,1,scarletflash,0.9999999999995322,1,test
main_001468,1,marte,0.9961300141264401,1,test
main_001469,1,unknown,0.9999999720545464,1,test
main_001470,1,unknown,0.9999971695015449,1,test
main_001471,0,unknown,3.110450327481769e-11,0,test
main_001472,0,unknown,2.0688151031666558e-07,0,test
main_001473,0,unknown,3.2293664897976452e-06,0,test
main_001474,0,unknown,1.0827879273292396e-06,0,test
main_001475,0,unknown,3.343765329393417e-07,0,test
main_001476,0,unknown,2.5505394836446284e-07,0,test
main_001477,0,unknown,5.889581871465427e-06,0,test
main_001478,0,unknown,1.3637813041427172e-07,0,test
main_001479,0,unknown,3.7378045406269775e-05,0,test
main_001480,0,unknown,3.400503501755315e-06,0,test
main_001481,0,unknown,0.011839611499712903,1,test
main_001482,0,unknown,2.5652224002088825e-06,0,test
main_001483,0,unknown,3.188115098108302e-05,0,test
main_001484,0,unknown,2.160914340249374e-05,0,test
main_001485,0,unknown,4.3039897772574533e-07,0,test
main_001486,1,unidl,0.9999942247053852,1,test
main_001487,0,unknown,2.1651536028617583e-09,0,test
main_001488,0,unknown,2.9388556161748356e-05,0,test
main_001489,0,unknown,2.153849519078386e-05,0,test
main_001490,0,unknown,6.603647535670723e-08,0,test
main_001491,0,unknown,3.2252821421376298e-09,0,test
main_001492,0,unknown,5.813223064241096e-09,0,test
main_001493,0,unknown,9.896593044437936e-10,0,test
main_001494,1,expiro,0.9999999971984954,1,test
main_001495,0,unknown,1.886769432753803e-07,0,test
main_001496,0,unknown,8.783269207861553e-11,0,test
main_001497,0,unknown,2.9639347719204965e-14,0,test
main_001498,0,unknown,8.26401273158652e-13,0,test
main_001499,0,unknown,6.0581018847767894e-12,0,test
main_001500,0,unknown,7.824145377363267e-09,0,test
main_001501,1,rugmi,0.9999972857823292,1,test
main_001502,1,wacatac,0.999999999825119,1,test
main_001503,1,pytr,0.9999999999999827,1,test
main_001504,1,disin,0.9999999998830991,1,test
main_001505,0,unknown,0.006687218492112624,0,test
main_001506,0,unknown,1.1427836639120242e-09,0,test
main_001507,0,unknown,1.1177664104481952e-05,0,test
main_001508,0,unknown,2.0297082205680538e-10,0,test
main_001509,0,unknown,1.2128504875233441e-12,0,test
main_001510,0,unknown,1.5980403253434025e-10,0,test
main_001511,0,unknown,7.566391501387524e-11,0,test
main_001512,0,unknown,8.587129178602728e-11,0,test
main_001513,0,unknown,5.6630559771915056e-11,0,test
main_001514,0,unknown,2.5855784843172374e-10,0,test
main_001515,0,unknown,6.441322205036168e-07,0,test
main_001516,0,unknown,2.1066830393603217e-09,0,test
main_001517,0,unknown,5.511652654269157e-13,0,test
main_001518,0,unknown,7.821248891434522e-14,0,test
main_001519,0,unknown,1.7282250293806936e-08,0,test
main_001520,0,unknown,5.3778952886951254e-08,0,test
main_001521,0,unknown,5.158815267340392e-10,0,test
main_001522,0,unknown,2.0424831171611025e-09,0,test
main_001523,0,unknown,3.538031993452634e-08,0,test
main_001524,0,unknown,4.51695912746151e-09,0,test
main_001525,0,unknown,3.177797169057448e-07,0,test
main_001526,0,unknown,1.0459117660135248e-10,0,test
main_001527,0,unknown,5.485864402444961e-07,0,test
main_001528,0,unknown,3.4702985910985075e-09,0,test
main_001529,0,unknown,1.0675642204390995e-09,0,test
main_001530,0,unknown,2.51407767187002e-08,0,test
main_001531,0,unknown,3.86806366035255e-07,0,test
main_001532,0,unknown,0.0002727977825436928,0,test
main_001533,0,unknown,0.00035776691828390386,0,test
main_001534,0,unknown,9.141511460219453e-14,0,test
main_001535,0,unknown,2.0462262108990206e-11,0,test
main_001536,0,unknown,1.1006886194861954e-10,0,test
main_001537,0,unknown,7.688201300651653e-11,0,test
main_001538,0,unknown,1.3784297101408237e-07,0,test
main_001539,0,unknown,8.611665478158307e-12,0,test
main_001540,0,unknown,0.0004149411516393178,0,test
main_001541,0,unknown,2.3058863973666394e-09,0,test
main_001542,0,unknown,3.2193775665720954e-08,0,test
main_001543,0,unknown,3.61262649215986e-09,0,test
main_001544,0,unknown,1.839538828957564e-06,0,test
main_001545,0,unknown,1.750175660275551e-10,0,test
main_001546,0,unknown,1.0827555525926118e-09,0,test
main_001547,0,unknown,3.0512769045736556e-08,0,test
main_001548,0,unknown,1.839526147450194e-07,0,test
main_001549,0,unknown,5.6683433653258046e-11,0,test
main_001550,0,unknown,7.667754681471148e-11,0,test
main_001551,0,unknown,1.30561216150332e-07,0,test
main_001552,1,unknown,0.9999999999377103,1,test
main_001553,0,unknown,3.0801164221916263e-09,0,test
main_001554,0,unknown,4.423825312966516e-08,0,test
main_001555,0,unknown,7.803982563707635e-07,0,test
main_001556,0,unknown,7.050156890025886e-08,0,test
main_001557,0,unknown,1.2953154668165133e-08,0,test
main_001558,0,unknown,2.596926096678212e-05,0,test
main_001559,0,unknown,2.3470163922180084e-11,0,test
main_001560,0,unknown,6.533641164005419e-10,0,test
main_001561,0,unknown,6.200959072542082e-07,0,test
main_001562,0,unknown,3.160986046035034e-10,0,test
main_001563,0,unknown,1.1231204559856579e-09,0,test
main_001564,0,unknown,4.3508441324605484e-10,0,test
main_001565,0,unknown,5.534400673576314e-08,0,test
main_001566,0,unknown,1.803583415765493e-07,0,test
main_001567,0,unknown,1.6023552167642978e-09,0,test
main_001568,0,unknown,1.53781127829985e-05,0,test
main_001569,1,lotok,0.9999950826121481,1,test
main_001570,1,unknown,0.9999999999996132,1,test
main_001571,1,disin,0.9999999999809868,1,test
main_001572,1,khalesi,0.9999999999556966,1,test
main_001573,0,unknown,6.323032471856553e-08,0,test
main_001574,1,convagent,0.9994472042502255,1,test
main_001575,0,unknown,3.65351631413416e-06,0,test
main_001576,0,unknown,7.495001478056093e-07,0,test
main_001577,0,unknown,5.382906709814409e-08,0,test
main_001578,0,unknown,1.0652202339216355e-11,0,test
main_001579,0,unknown,0.0002702692339695754,0,test
main_001580,0,unknown,5.355974114296754e-09,0,test
main_001581,0,unknown,9.570583068256727e-12,0,test
main_001582,0,unknown,0.001090630172253941,0,test
main_001583,0,unknown,3.497622824865408e-07,0,test
main_001584,0,unknown,9.77935378665985e-12,0,test
main_001585,1,wacatac,0.9999999966644815,1,test
main_001586,1,worgtop,0.9999999266387871,1,test
main_001587,1,wacatac,0.9999859857683869,1,test
main_001588,1,unknown,0.999938174488872,1,test
main_001589,1,unknown,0.9999999788514322,1,test
main_001590,0,unknown,9.617079678965345e-06,0,test
main_001591,0,unknown,3.0680498450404488e-06,0,test
main_001592,0,unknown,8.999301746365923e-18,0,test
main_001593,1,bedep,0.9999999894461414,1,test
main_001594,0,unknown,1.5915714668172344e-05,0,test
main_001595,0,unknown,3.822483242082869e-15,0,test
main_001596,0,unknown,1.0770782688131265e-10,0,test
main_001597,0,unknown,4.6578121938196446e-14,0,test
main_001598,0,unknown,2.816801748670559e-11,0,test
main_001599,0,unknown,4.732693842411726e-12,0,test
main_001600,0,unknown,5.089282095620981e-14,0,test
main_001601,0,unknown,1.0586840983301003e-12,0,test
main_001602,0,unknown,6.393814851195141e-14,0,test
main_001603,0,unknown,1.2371175141213267e-10,0,test
main_001604,0,unknown,2.8888605764125916e-13,0,test
main_001605,0,unknown,7.978377651080187e-11,0,test
main_001606,0,unknown,2.817431471242973e-06,0,test
main_001607,1,disin,0.9999999999949944,1,test
main_001608,1,clipbanker,0.9999988124980503,1,test
main_001609,0,unknown,9.103745098572465e-13,0,test
main_001610,0,unknown,3.8057740732246693e-07,0,test
main_001611,0,unknown,1.3064054500518216e-10,0,test
main_001612,0,unknown,5.074174598947824e-10,0,test
main_001613,0,unknown,1.0545029983284634e-07,0,test
main_001614,0,unknown,0.001234540721150484,0,test
main_001615,0,unknown,6.524802832783734e-12,0,test
main_001616,0,unknown,1.8125551388226131e-06,0,test
main_001617,0,unknown,1.6241094316098446e-11,0,test
main_001618,0,unknown,5.958841570463262e-11,0,test
main_001619,1,rugmi,0.9999979967787765,1,test
main_001620,0,unknown,9.348298003185682e-06,0,test
main_001621,1,stubo,0.999999999993546,1,test
main_001622,1,recyl,0.9999413657614893,1,test
main_001623,1,bedep,0.9999999999946765,1,test
main_001624,0,unknown,2.4651980567004613e-05,0,test
main_001625,0,unknown,5.5114043998713265e-06,0,test
main_001626,0,unknown,2.7250986509626087e-09,0,test
main_001627,1,unknown,0.9996788691792279,1,test
main_001628,0,unknown,9.640676396135875e-12,0,test
main_001629,0,unknown,9.064310304196231e-10,0,test
main_001630,0,unknown,4.671128890597875e-07,0,test
main_001631,0,unknown,7.769363587132324e-08,0,test
main_001632,0,unknown,3.4766759321666755e-11,0,test
main_001633,0,unknown,1.0015847779288935e-10,0,test
main_001634,0,unknown,3.999628780494906e-08,0,test
main_001635,0,unknown,5.588157084232048e-13,0,test
main_001636,0,unknown,1.6390096544253646e-09,0,test
main_001637,0,unknown,6.70110422251467e-08,0,test
main_001638,1,wacatac,0.9999935002783844,1,test
main_001639,1,bedep,0.9999996701821956,1,test
main_001640,0,unknown,4.587134902544008e-09,0,test
main_001641,1,scarletflash,0.9999996374708457,1,test
main_001642,1,unknown,0.9999999769008637,1,test
main_001643,0,unknown,5.7827018982632786e-09,0,test
main_001644,0,unknown,6.8642692823292625e-09,0,test
main_001645,0,unknown,4.088232953231629e-07,0,test
main_001646,0,unknown,1.830436106005265e-11,0,test
main_001647,0,unknown,3.0883392606198846e-07,0,test
main_001648,0,unknown,3.5845714036113127e-06,0,test
main_001649,0,unknown,2.113332505190531e-09,0,test
main_001650,1,wacatac,0.999999999999738,1,test
main_001651,1,unknown,0.9999998281511069,1,test
main_001652,0,unknown,0.0008555263291723889,0,test
main_001653,1,unknown,0.9999999991352739,1,test
main_001654,1,cobaltstrike,0.9999995065030098,1,test
main_001655,1,mikey,0.9999999861381161,1,test
main_001656,1,diztakun,0.9999999986720283,1,test
main_001657,1,wipass,0.9999803922926648,1,test
main_001658,1,mikey,0.9999999873414879,1,test
main_001659,1,nuitka,0.9999999451427038,1,test
main_001660,1,alien,0.9999999984026111,1,test
main_001661,0,unknown,0.0001005617406376157,0,test
main_001662,1,wacatac,0.9999996866381118,1,test
main_001663,1,unknown,0.9999998359591229,1,test
main_001664,1,phonzy,0.9999999999993965,1,test
main_001665,1,unknown,0.9044664162062191,1,test
main_001666,0,unknown,2.7209901870414706e-09,0,test
main_001667,1,wacatac,0.9999999999550995,1,test
main_001668,1,unknown,0.9999947400618542,1,test
main_001669,1,bedep,0.9999999999349762,1,test
main_001670,1,reverse64,0.9999999999995473,1,test
main_001671,1,alien,0.9999999999997349,1,test
main_001672,1,grandoreiro,0.9999999999986324,1,test
main_001673,0,unknown,1.7262574721830325e-09,0,test
main_001674,0,unknown,0.00015328174587070297,0,test
main_001675,1,metasploit,0.9999999999574631,1,test
main_001676,1,areses,0.9999999990833164,1,test
main_001677,1,neshta,0.9702124781634262,1,test
main_001678,0,unknown,0.007878286492513917,0,test
main_001679,0,unknown,3.1907139174906406e-17,0,test
main_001680,0,unknown,6.038471640911453e-05,0,test
main_001681,1,doenerium,0.9999999873653632,1,test
main_001682,0,unknown,1.2442805031673664e-10,0,test
main_001683,0,unknown,9.550506581460652e-06,0,test
main_001684,1,cerbu,0.9999999999874329,1,test
main_001685,0,unknown,4.63148361297027e-12,0,test
main_001686,0,unknown,1.3836780259665721e-12,0,test
main_001687,0,unknown,1.6082661374106268e-05,0,test
main_001688,0,unknown,0.0017663063144146324,0,test
main_001689,1,disin,0.999999988247004,1,test
main_001690,0,unknown,7.600533527907446e-18,0,test
main_001691,0,unknown,1.2873099306837454e-10,0,test
main_001692,0,unknown,1.9451506694358292e-05,0,test
main_001693,0,unknown,3.1438280840270144e-12,0,test
main_001694,0,unknown,4.853895465882304e-10,0,test
main_001695,0,unknown,7.968468202262184e-12,0,test
main_001696,0,unknown,3.66828604477758e-07,0,test
main_001697,0,unknown,1.9071777858323452e-12,0,test
main_001698,0,unknown,9.30918316956152e-12,0,test
main_001699,0,unknown,1.0012486354457004e-12,0,test
main_001700,0,unknown,1.2968542858878815e-12,0,test
main_001701,0,unknown,4.232242305133481e-12,0,test
main_001702,0,unknown,4.393326173049462e-11,0,test
main_001703,0,unknown,1.916733367464988e-12,0,test
main_001704,0,unknown,7.390398453749138e-13,0,test
main_001705,0,unknown,4.4905722037097337e-13,0,test
main_001706,0,unknown,2.683249662849611e-12,0,test
main_001707,0,unknown,3.028082872387094e-11,0,test
main_001708,0,unknown,1.1600248650807947e-12,0,test
main_001709,0,unknown,6.255064904166427e-12,0,test
main_001710,0,unknown,3.757575111786784e-15,0,test
main_001711,0,unknown,1.391597572792335e-12,0,test
main_001712,0,unknown,1.5405785064661373e-13,0,test
main_001713,1,wacatac,0.9999991709334674,1,test
main_001714,0,unknown,4.5327985424495743e-10,0,test
main_001715,0,unknown,2.615462202965557e-10,0,test
main_001716,0,unknown,7.499740782009476e-09,0,test
main_001717,0,unknown,5.551584457783405e-08,0,test
main_001718,0,unknown,4.130238439656081e-12,0,test
main_001719,0,unknown,5.385211330573247e-09,0,test
main_001720,0,unknown,3.28573416530077e-08,0,test
main_001721,0,unknown,1.3076478270888968e-07,0,test
main_001722,0,unknown,1.53280160358379e-16,0,test
main_001723,1,unknown,0.9999983419164206,1,test
main_001724,1,disin,0.9999999997510971,1,test
main_001725,1,crifi,0.9999999999978257,1,test
main_001726,0,unknown,1.3196777349022042e-06,0,test
main_001727,0,unknown,7.365093931032803e-10,0,test
main_001728,1,unknown,0.9815380515698479,1,test
main_001729,1,unknown,0.9999999994439175,1,test
main_001730,0,unknown,9.801700322266126e-11,0,test
main_001731,1,stealc,0.9999055709978973,1,test
main_001732,1,wacatac,0.9999999999991644,1,test
main_001733,1,ramnit,0.9998342546892822,1,test
main_001734,1,psexec,0.9999982050096202,1,test
main_001735,1,wacatac,0.9999999961970425,1,test
main_001736,1,wacatac,0.9999999998412439,1,test
main_001737,1,mufila,0.9999981526678867,1,test
main_001738,1,wacatac,0.9999999758324064,1,test
main_001739,0,unknown,1.0695223832436187e-09,0,test
main_001740,0,unknown,0.0015412615691799546,0,test
main_001741,1,caypnamer,0.9999999999993474,1,test
main_001742,1,khalesi,0.9999999990705517,1,test
main_001743,1,wacatac,0.9999999999993758,1,test
main_001744,0,unknown,7.047179312931024e-05,0,test
main_001745,0,unknown,6.917450234133099e-07,0,test
main_001746,0,unknown,1.560495924923961e-06,0,test
main_001747,1,unknown,0.9573125320542502,1,test
main_001748,1,quasar,0.9999964386054606,1,test
main_001749,1,wacatac,0.9999997632195737,1,test
main_001750,1,wacatac,0.9999999999842111,1,test
main_001751,1,discordbot,0.9999999999996925,1,test
main_001752,1,shelm,0.9999994535860434,1,test
main_001753,0,unknown,6.30357965050473e-08,0,test
main_001754,1,unknown,0.9999995412967632,1,test
main_001755,0,unknown,4.1528356771223355e-07,0,test
main_001756,0,unknown,8.565230312032465e-08,0,test
main_001757,0,unknown,0.007663000520767393,0,test
main_001758,0,unknown,1.632094952352021e-05,0,test
main_001759,0,unknown,7.100194915993326e-11,0,test
main_001760,0,unknown,0.0006730106508161458,0,test
main_001761,0,unknown,1.8442507815771736e-09,0,test
main_001762,1,unknown,0.9999999983963417,1,test
main_001763,0,unknown,5.074533130713121e-08,0,test
main_001764,1,unknown,0.99999322662435,1,test
main_001765,1,bedep,0.9999999999872802,1,test
main_001766,1,grandoreiro,0.9999999999692515,1,test
main_001767,1,grandoreiro,0.9999999999982749,1,test
main_001768,0,unknown,2.642695897244954e-11,0,test
main_001769,0,unknown,0.0010617065135959784,0,test
main_001770,0,unknown,1.514895578593328e-07,0,test
main_001771,0,unknown,1.0059986477813253e-06,0,test
main_001772,0,unknown,2.365596370007477e-17,0,test
main_001773,1,unknown,0.9999999998934759,1,test
main_001774,1,cobaltstrike,0.9999941179610987,1,test
main_001775,1,expiro,0.9999995753682485,1,test
main_001776,1,xmrig,1.0,1,test
main_001777,0,unknown,3.6632862734470144e-09,0,test
main_001778,0,unknown,1.3421607061314074e-06,0,test
main_001779,1,xmrig,0.9999999999999996,1,test
main_001780,1,syswhispers,0.9993376016256401,1,test
main_001781,1,unknown,0.9999999999960869,1,test
main_001782,0,unknown,7.68350679422682e-09,0,test
main_001783,0,unknown,2.7656019891949236e-06,0,test
main_001784,0,unknown,8.89922634086549e-11,0,test
main_001785,1,xmrig,1.0,1,test
main_001786,1,unknown,0.9999786507570515,1,test
main_001787,1,bedep,0.9999999999959921,1,test
main_001788,1,neshta,0.9997806354456698,1,test
main_001789,1,freeze,0.9999999572879497,1,test
main_001790,1,expiro,0.9999999999642368,1,test
main_001791,1,premine,0.9999999999987212,1,test
main_001792,1,wacatac,0.9996214978162619,1,test
main_001793,1,berbew,0.9999997179357091,1,test
main_001794,1,banload,0.9999999999999998,1,test
main_001795,0,unknown,1.4216142610985747e-05,0,test
main_001796,0,unknown,1.0542264651584263e-06,0,test
main_001797,0,unknown,2.8395151105566453e-11,0,test
main_001798,0,unknown,8.08305514860626e-07,0,test
main_001799,0,unknown,5.171101549043204e-07,0,test
main_001800,1,unknown,0.9999999999975311,1,test
main_001801,1,shodi,0.9999984761229562,1,test
main_001802,1,xmrig,1.0,1,test
main_001803,1,vxlang,0.9999999987859456,1,test
main_001804,0,unknown,7.247853598293178e-05,0,test
main_001805,1,birddog,0.9999999615550846,1,test
main_001806,1,xmrig,1.0,1,test
main_001807,1,crypmodng,0.9999999991581676,1,test
main_001808,1,strab,0.9999999977420098,1,test
main_001809,1,asyncrat,0.9983421460538502,1,test
main_001810,1,unknown,0.9999999969361666,1,test
main_001811,1,unknown,0.9999999952701366,1,test
main_001812,1,unknown,0.999999456053973,1,test
main_001813,0,unknown,6.037103623203904e-06,0,test
main_001814,1,berbew,0.9999999999999958,1,test
main_001815,0,unknown,3.6381018717292746e-07,0,test
main_001816,1,unknown,0.9999994627081379,1,test
main_001817,1,unknown,0.891847450830062,1,test
main_001818,0,unknown,3.83897888331622e-14,0,test
main_001819,1,kdmapper,0.999818428670282,1,test
main_001820,1,trollav,0.9999999999962648,1,test
main_001821,1,xmrig,1.0,1,test
main_001822,1,xmrig,1.0,1,test
main_001823,1,installcore,0.9979499284422239,1,test
main_001824,1,banload,0.9999999999999996,1,test
main_001825,0,unknown,6.118128818255892e-07,0,test
main_001826,1,unknown,0.9999999999400642,1,test
main_001827,1,redline,0.9993329649863113,1,test
main_001828,1,leadlabs,0.9999936468765223,1,test
main_001829,1,phonzy,0.9999999999997238,1,test
main_001830,1,luna,0.9999999999985456,1,test
main_001831,1,disco,0.9998570004204456,1,test
main_001832,1,wacatac,0.9975606701713047,1,test
main_001833,1,unknown,0.9999999999999749,1,test
main_001834,0,unknown,3.906488732258063e-18,0,test
main_001835,1,unknown,0.9587652995063544,1,test
main_001836,0,unknown,8.833884244976902e-07,0,test
main_001837,1,remcos,0.9998244992369811,1,test
main_001838,0,unknown,2.6172112204171223e-09,0,test
main_001839,0,unknown,7.128295983260257e-09,0,test
main_001840,1,stop,0.9999999999973299,1,test
main_001841,0,unknown,6.878632031984903e-09,0,test
main_001842,1,unknown,0.999999229950837,1,test
main_001843,0,unknown,4.1049570338767716e-05,0,test
main_001844,1,unknown,0.9999999991608168,1,test
main_001845,1,unknown,0.9999999991456023,1,test
main_001846,1,zeus,0.999999999647526,1,test
main_001847,1,xmrig,1.0,1,test
main_001848,1,netloader,0.9988122677048369,1,test
main_001849,1,unknown,0.9999999999999607,1,test
main_001850,1,unknown,0.9999999796817074,1,test
main_001851,1,scarletflash,0.9999981597507975,1,test
main_001852,1,unknown,0.9998821275531362,1,test
main_001853,0,unknown,3.1295144128445723e-09,0,test
main_001854,0,unknown,6.987823970346093e-06,0,test
main_001855,1,discordbot,0.9995005939094553,1,test
main_001856,1,njrat,0.9999863410043828,1,test
main_001857,1,unknown,0.999778685966779,1,test
main_001858,0,unknown,6.591331273625351e-13,0,test
main_001859,1,mediaget,0.9999695736721598,1,test
main_001860,1,berbew,0.999999999999958,1,test
main_001861,1,xmrig,1.0,1,test
main_001862,1,goblin,0.9998454797004657,1,test
main_001863,1,dinwod,0.9999999999999645,1,test
main_001864,1,fugrafa,0.9962784860202635,1,test
main_001865,1,goblin,0.9999999821027267,1,test
main_001866,1,goblin,0.9993971379646368,1,test
main_001867,1,xmrig,1.0,1,test
main_001868,1,emdup,0.9999999992018787,1,test
main_001869,1,unknown,0.9999998610772658,1,test
main_001870,1,wacatac,0.9999999858583386,1,test
main_001871,1,remcos,0.9999983067068903,1,test
main_001872,1,lockergoga,0.9999995580327695,1,test
main_001873,0,unknown,3.1779361798788425e-13,0,test
main_001874,1,berbew,0.9999999999842046,1,test
main_001875,1,unknown,0.9999949869514901,1,test
main_001876,1,redline,0.9999930143836302,1,test
main_001877,1,scarletflash,0.9999999999286058,1,test
main_001878,1,conime,0.9999997274963371,1,test
main_001879,1,conime,0.9999996883356878,1,test
main_001880,1,wacatac,0.9999999926541732,1,test
main_001881,1,goblin,0.9999991965959161,1,test
main_001882,1,unknown,0.9999999999976252,1,test
main_001883,1,unknown,0.9999565641666052,1,test
main_001884,1,unknown,0.9999999896544532,1,test
main_001885,1,mufila,0.9999999998767408,1,test
main_001886,1,berbew,0.9999999983239602,1,test
main_001887,1,reflo,0.9999999999984917,1,test
main_001888,1,eggnog,0.9999999999542435,1,test
main_001889,1,kimsuky,0.9999999794327175,1,test
main_001890,0,unknown,2.0373577392016356e-05,0,test
main_001891,1,unknown,0.9999995160891991,1,test
main_001892,1,unknown,0.9998564773063253,1,test
main_001893,1,poisonivy,0.9999999999966585,1,test
main_001894,1,kimsuky,0.9999996645393614,1,test
main_001895,1,crifi,0.9999999999995259,1,test
main_001896,1,wacatac,0.9993298906479048,1,test
main_001897,1,disin,0.9999999999973366,1,test
main_001898,1,bingoml,0.9999999999295985,1,test
main_001899,0,unknown,3.5548875080968057e-10,0,test
main_001900,1,bingoml,0.9999999999295985,1,test
main_001901,0,unknown,6.790068880604157e-10,0,test
main_001902,0,unknown,8.636398745109524e-11,0,test
main_001903,0,unknown,3.0850796064408355e-07,0,test
main_001904,0,unknown,7.621727992661606e-09,0,test
main_001905,1,whisperer,0.9999999999923517,1,test
main_001906,0,unknown,2.9259017770112803e-09,0,test
main_001907,1,unknown,0.9998001366813729,1,test
main_001908,1,unknown,0.9999999960495505,1,test
main_001909,1,wacatac,0.9999999999931182,1,test
main_001910,1,mydoom,0.9999991329019691,1,test
main_001911,1,wacatac,0.9999999999214446,1,test
main_001912,0,unknown,7.990860386571034e-09,0,test
main_001913,0,unknown,2.1447201000923767e-09,0,test
main_001914,0,unknown,6.847463341574279e-10,0,test
main_001915,1,scarletflash,0.9999992446355132,1,test
main_001916,1,wacatac,0.9999998346775638,1,test
main_001917,0,unknown,1.638291195982921e-08,0,test
main_001918,1,banload,0.9999999999999996,1,test
main_001919,1,unknown,0.9999604346430296,1,test
main_001920,1,wacatac,0.9999999026007899,1,test
main_001921,0,unknown,0.00015136384335332972,0,test
main_001922,1,unknown,0.9999999975304366,1,test
main_001923,1,wacatac,0.9999994109948177,1,test
main_001924,1,freeze,0.999999998663085,1,test
main_001925,1,disco,0.9999999999961084,1,test
main_001926,1,scarletflash,0.9999999466990097,1,test
main_001927,0,unknown,0.007653121235188384,0,test
main_001928,1,disin,0.9999998112030252,1,test
main_001929,1,ipamor,0.9942913988988827,1,test
main_001930,0,unknown,1.1585490660735815e-07,0,test
main_001931,1,grandoreiro,0.999999999987903,1,test
main_001932,1,scarletflash,0.9999999226097553,1,test
main_001933,0,unknown,3.5778517653535146e-09,0,test
main_001934,0,unknown,5.255760086541627e-09,0,test
main_001935,1,idlebuddy,0.9992217489243395,1,test
main_001936,1,cobaltstrike,0.9999170439136251,1,test
main_001937,1,crifi,0.9999999999969713,1,test
main_001938,1,crifi,0.9999999999981768,1,test
main_001939,1,cstealer,0.9999999999999809,1,test
main_001940,1,realprotect,0.999998600127293,1,test
main_001941,1,xmrig,0.999999986819377,1,test
main_001942,1,wacatac,0.9999999999999789,1,test
main_001943,1,luna,0.9999999853003838,1,test
main_001944,1,goblin,0.9999999805906249,1,test
main_001945,1,nuitka,0.9999999844085119,1,test
main_001946,1,floxif,0.4904534372334003,1,test
main_001947,1,realprotect,0.9999996907692076,1,test
main_001948,0,unknown,1.4807382185794044e-08,0,test
main_001949,0,unknown,4.9120949433761013e-08,0,test
main_001950,0,unknown,1.960653098254828e-11,0,test
main_001951,0,unknown,4.2349356907153246e-16,0,test
main_001952,1,unknown,0.9999937022132196,1,test
main_001953,1,scarletflash,0.9999999969119175,1,test
main_001954,1,convagent,0.9999999567626489,1,test
main_001955,0,unknown,1.610872454609719e-08,0,test
main_001956,0,unknown,1.0046748376643741e-08,0,test
main_001957,0,unknown,9.884783187615252e-11,0,test
main_001958,0,unknown,3.1692358348787614e-07,0,test
main_001959,0,unknown,1.119266092065517e-05,0,test
main_001960,0,unknown,8.432197455984772e-10,0,test
main_001961,1,xmrig,0.9999999999596401,1,test
main_001962,1,pyspy,0.9999953422951514,1,test
main_001963,1,disin,0.999999999992534,1,test
main_001964,1,unknown,0.9993608428444652,1,test
main_001965,0,unknown,3.669730986622251e-09,0,test
main_001966,0,unknown,2.0570721185402314e-07,0,test
main_001967,0,unknown,5.661343043925582e-07,0,test
main_001968,0,unknown,5.328636506579624e-09,0,test
main_001969,0,unknown,1.4294173845753147e-11,0,test
main_001970,1,goblin,0.9979973146259346,1,test
main_001971,1,xmrig,0.9999999963652364,1,test
main_001972,0,unknown,8.324408106153021e-18,0,test
main_001973,1,disin,0.9999999999979641,1,test
main_001974,0,unknown,2.3282018484684905e-09,0,test
main_001975,1,disin,0.9999999999976812,1,test
main_001976,1,stubo,0.9999999999645495,1,test
main_001977,1,unknown,0.9999999998326334,1,test
main_001978,0,unknown,6.157247423069367e-18,0,test
main_001979,1,unknown,0.9999998402958299,1,test
main_001980,0,unknown,2.4945925391958267e-10,0,test
main_001981,0,unknown,5.111468113973223e-12,0,test
main_001982,1,grandoreiro,0.9999999999980915,1,test
main_001983,1,expiro,0.9953507850790051,1,test
main_001984,1,grandoreiro,0.9999999999992857,1,test
main_001985,1,luna,0.9999999999996725,1,test
main_001986,0,unknown,1.4961517992224537e-16,0,test
main_001987,0,unknown,1.5286433181286543e-11,0,test
main_001988,0,unknown,7.141729439100334e-13,0,test
main_001989,0,unknown,7.573084875129145e-11,0,test
main_001990,0,unknown,3.6312551451971806e-12,0,test
main_001991,0,unknown,2.3963841340076686e-05,0,test
main_001992,0,unknown,1.1817155670225477e-07,0,test
main_001993,0,unknown,1.5656606591999083e-06,0,test
main_001994,0,unknown,1.731379871833258e-14,0,test
main_001995,0,unknown,5.771486486740658e-06,0,test
main_001996,0,unknown,4.1062629767920405e-06,0,test
main_001997,1,wacatac,0.999999999999879,1,test
main_001998,1,wacatac,0.9999999992787305,1,test
main_001999,0,unknown,6.173264620269424e-08,0,test
main_002000,0,unknown,7.227883365481011e-09,0,test
main_002001,0,unknown,1.4076480403457102e-07,0,test
main_002002,1,caypnamer,0.9958366080216321,1,test
main_002003,0,unknown,1.1706602903082146e-06,0,test
main_002004,0,unknown,6.824045298835873e-09,0,test
main_002005,0,unknown,2.45981425383408e-15,0,test
main_002006,0,unknown,3.026702304631324e-14,0,test
main_002007,0,unknown,6.022306271447024e-10,0,test
main_002008,0,unknown,1.6433886439151054e-16,0,test
main_002009,0,unknown,2.6279559274397324e-14,0,test
main_002010,0,unknown,1.4188163250339903e-08,0,test
main_002011,0,unknown,3.077715907410635e-14,0,test
main_002012,0,unknown,1.685733729715766e-13,0,test
main_002013,1,privateloader,0.9999931137000246,1,test
main_002014,0,unknown,2.2076561925358147e-07,0,test
main_002015,1,crifi,0.9999999999995617,1,test
main_002016,0,unknown,3.992705919829228e-06,0,test
main_002017,0,unknown,3.1002674695587537e-10,0,test
main_002018,0,unknown,4.710991546097195e-12,0,test
main_002019,1,wacatac,0.999731903489989,1,test
main_002020,1,unknown,0.9998995738766034,1,test
main_002021,1,qqrob,0.9999999999869507,1,test
main_002022,1,unknown,0.999996885838569,1,test
main_002023,0,unknown,3.059296197250145e-09,0,test
main_002024,0,unknown,4.09063987557763e-09,0,test
main_002025,1,expiro,0.999999999999873,1,test
main_002026,0,unknown,8.772359692071612e-11,0,test
main_002027,1,wacatac,0.9999999706530678,1,test
main_002028,1,disin,0.9999999999970703,1,test
main_002029,0,unknown,5.5002332209288406e-08,0,test
main_002030,0,unknown,1.7221216465059607e-07,0,test
main_002031,0,unknown,4.2365021153718044e-06,0,test
main_002032,1,expiro,0.9999999999999889,1,test
main_002033,1,xmrig,1.0,1,test
main_002034,1,xmrig,0.9999999999999971,1,test
main_002035,1,xmrig,1.0,1,test
main_002036,1,xmrig,1.0,1,test
main_002037,1,xmrig,1.0,1,test
main_002038,1,xmrig,1.0,1,test
main_002039,1,caynamer,0.9999999989381751,1,test
main_002040,1,wacatac,0.9999999990271169,1,test
main_002041,1,unknown,0.9999998021244932,1,test
main_002042,1,banload,0.9999939962092456,1,test
main_002043,1,berbew,0.9999999999999956,1,test
main_002044,1,expiro,0.9999999999999936,1,test
main_002045,1,xmrig,1.0,1,test
main_002046,1,scarletflash,0.9999999999079883,1,test
main_002047,1,disin,0.9999999999999056,1,test
main_002048,1,expiro,0.9999999994566995,1,test
main_002049,1,xmrig,1.0,1,test
main_002050,1,crifi,0.9999999999954523,1,test
main_002051,0,unknown,3.9109714748433416e-07,0,test
main_002052,1,xmrig,1.0,1,test
main_002053,1,shelm,0.9999947767506471,1,test
main_002054,1,berbew,0.9999999987816022,1,test
main_002055,1,xmrig,1.0,1,test
main_002056,1,xmrig,0.9999999999999993,1,test
main_002057,0,unknown,1.1941890331842175e-09,0,test
main_002058,0,unknown,6.585564689811249e-09,0,test
main_002059,0,unknown,1.334227900462277e-08,0,test
main_002060,0,unknown,3.77381497658743e-11,0,test
main_002061,0,unknown,8.216284182588814e-10,0,test
main_002062,0,unknown,1.10635281719154e-13,0,test
main_002063,0,unknown,9.410992347265186e-10,0,test
main_002064,0,unknown,1.6691099167434044e-08,0,test
main_002065,0,unknown,2.705906567653587e-09,0,test
main_002066,0,unknown,4.636360341271304e-12,0,test
main_002067,0,unknown,2.36639152196875e-12,0,test
main_002068,0,unknown,1.5609536129694094e-12,0,test
main_002069,0,unknown,1.0833515869104477e-12,0,test
main_002070,0,unknown,2.1577454720255827e-10,0,test
main_002071,0,unknown,1.1048974098450586e-12,0,test
main_002072,0,unknown,1.384111149904187e-10,0,test
main_002073,0,unknown,4.245234568022045e-10,0,test
main_002074,0,unknown,5.921451476435169e-10,0,test
main_002075,0,unknown,4.646096077154766e-08,0,test
main_002076,1,xmrig,0.9999912553598015,1,test
main_002077,1,mufila,0.9999999492007815,1,test
main_002078,1,banload,0.9999999999999996,1,test
main_002079,1,expiro,0.999999999999988,1,test
main_002080,1,xmrig,1.0,1,test
main_002081,0,unknown,5.113034579681861e-07,0,test
main_002082,1,xmrig,1.0,1,test
main_002083,1,unknown,0.9999672368696212,1,test
main_002084,1,pyspy,0.999999972978345,1,test
main_002085,1,expiro,0.9999999999999232,1,test
main_002086,1,xmrig,1.0,1,test
main_002087,0,unknown,1.2194743057707117e-14,0,test
main_002088,0,unknown,1.718662171511856e-13,0,test
main_002089,1,expiro,0.9999999999998967,1,test
main_002090,1,flystudio,0.999999999957655,1,test
main_002091,1,grandoreiro,0.9999999999615825,1,test
main_002092,1,xmrig,1.0,1,test
main_002093,1,wacatac,0.9999999542485144,1,test
main_002094,1,whisperer,0.9999999991953812,1,test
main_002095,0,unknown,8.625888413719689e-12,0,test
main_002096,1,quasar,0.9999884942258839,1,test
main_002097,1,expiro,0.9999999999999629,1,test
main_002098,1,unknown,0.9999999984179089,1,test
main_002099,0,unknown,8.975028256309247e-08,0,test
main_002100,1,emdup,0.9999999998798257,1,test
main_002101,1,disin,0.9999999999888933,1,test
main_002102,0,unknown,3.616389258678047e-15,0,test
main_002103,1,unknown,0.9999999997085847,1,test
main_002104,1,xmrig,1.0,1,test
main_002105,1,blackv,0.9999999892637835,1,test
main_002106,1,expiro,0.999999999999972,1,test
main_002107,1,privateloader,0.9994597982125963,1,test
main_002108,1,disin,0.9999999999999698,1,test
main_002109,1,xmrig,1.0,1,test
main_002110,0,unknown,3.5508132368120344e-09,0,test
main_002111,0,unknown,8.329352820114131e-08,0,test
main_002112,0,unknown,7.407261554790454e-06,0,test
main_002113,0,unknown,7.50144446023465e-08,0,test
main_002114,0,unknown,1.0698091051208017e-06,0,test
main_002115,0,unknown,4.0119671529238224e-07,0,test
main_002116,0,unknown,2.774858849292597e-07,0,test
main_002117,1,wipass,0.9999999999993265,1,test
main_002118,1,xmrig,0.9999999999976499,1,test
main_002119,0,unknown,8.54974389217693e-18,0,test
main_002120,1,upatre,0.9999999999945703,1,test
main_002121,1,xmrig,1.0,1,test
main_002122,1,xmrig,1.0,1,test
main_002123,0,unknown,8.754104334367619e-06,0,test
main_002124,1,disin,0.9999999999949722,1,test
main_002125,1,unknown,0.9999930169781549,1,test
main_002126,1,mufila,0.9999999974922922,1,test
main_002127,1,wacatac,0.9999999989960537,1,test
main_002128,1,xmrig,0.9999999999999998,1,test
main_002129,0,unknown,2.1199657598298982e-11,0,test
main_002130,1,xmrig,1.0,1,test
main_002131,0,unknown,1.9863095581552353e-14,0,test
main_002132,0,unknown,6.419207094399229e-11,0,test
main_002133,0,unknown,5.816983151492108e-14,0,test
main_002134,0,unknown,1.6423688807518967e-14,0,test
main_002135,0,unknown,4.661839843509923e-13,0,test
main_002136,0,unknown,2.0984699443543537e-14,0,test
main_002137,0,unknown,2.6177544251420814e-13,0,test
main_002138,0,unknown,9.319012272527902e-13,0,test
main_002139,0,unknown,9.604291658363898e-12,0,test
main_002140,1,whisperer,0.9999999984787826,1,test
main_002141,0,unknown,1.1789077248875675e-10,0,test
main_002142,0,unknown,4.816571321455268e-14,0,test
main_002143,1,wacatac,0.9999999999939131,1,test
main_002144,1,xmrig,1.0,1,test
main_002145,0,unknown,2.843817148095957e-09,0,test
main_002146,1,xmrig,1.0,1,test
main_002147,0,unknown,1.866216739438996e-08,0,test
main_002148,0,unknown,2.718650027478195e-06,0,test
main_002149,0,unknown,1.8023211519856643e-06,0,test
main_002150,0,unknown,0.00015399287690658458,0,test
main_002151,1,discordbot,0.9999999506960193,1,test
main_002152,1,xmrig,1.0,1,test
main_002153,1,beebone,0.9999999964298065,1,test
main_002154,1,xmrig,1.0,1,test
main_002155,1,xmrig,1.0,1,test
main_002156,1,berbew,0.9999999999995453,1,test
main_002157,1,expiro,0.999999999999996,1,test
main_002158,1,pondfull,0.999826057603005,1,test
main_002159,1,wacatac,0.9999999999211018,1,test
main_002160,1,upatre,0.9999999999991154,1,test
main_002161,1,xmrig,1.0,1,test
main_002162,1,shelm,0.9999999999894964,1,test
main_002163,1,cobaltstrike,0.9999994613084835,1,test
main_002164,0,unknown,1.86747051939341e-08,0,test
main_002165,1,xmrig,0.9999999999999996,1,test
main_002166,1,unknown,0.9999997987254888,1,test
main_002167,1,crifi,0.9999999999927496,1,test
main_002168,1,wacatac,0.9999999994972022,1,test
main_002169,1,xmrig,1.0,1,test
main_002170,1,expiro,0.9999999999375557,1,test
main_002171,1,xmrig,1.0,1,test
main_002172,1,wacatac,0.9999999203158211,1,test
main_002173,1,formbook,0.9999900643218934,1,test
main_002174,0,unknown,1.082446878591015e-10,0,test
main_002175,1,disco,0.9963279439513929,1,test
main_002176,1,ulise,0.9999999999999498,1,test
main_002177,1,berbew,0.9999999997105113,1,test
main_002178,1,sennaonemaker,0.9948298741387738,1,test
main_002179,1,berbew,0.9999999999992573,1,test
main_002180,0,unknown,3.184463826376793e-06,0,test
main_002181,0,unknown,2.7329542091934755e-05,0,test
main_002182,1,wacatac,0.9999989491924304,1,test
main_002183,1,unknown,0.9999782295611869,1,test
main_002184,1,expiro,0.9999999996655766,1,test
main_002185,1,berbew,0.9999999999995897,1,test
main_002186,1,ulises,0.9999999999125564,1,test
main_002187,1,xmrig,1.0,1,test
main_002188,1,juched,0.999999996810665,1,test
main_002189,1,cobaltstrike,0.9999999983779402,1,test
main_002190,0,unknown,2.932938488924287e-08,0,test
main_002191,1,expiro,0.9999999999999807,1,test
main_002192,1,xmrig,1.0,1,test
main_002193,1,xmrig,1.0,1,test
main_002194,1,berbew,0.9999999999999953,1,test
main_002195,1,xmrig,0.999999994873177,1,test
main_002196,1,xmrig,1.0,1,test
main_002197,1,unknown,0.9999955083769312,1,test
main_002198,1,xmrig,1.0,1,test
main_002199,1,xmrig,0.9999999992280655,1,test
main_002200,1,xmrig,0.9999999999999996,1,test
main_002201,1,goshell,0.9999996704697665,1,test
main_002202,1,unknown,0.9999999999999958,1,test
main_002203,1,banload,0.9999999999999998,1,test
main_002204,1,xmrig,1.0,1,test
main_002205,1,realprotect,0.9999999902693814,1,test
main_002206,1,unknown,0.9998492088843699,1,test
main_002207,1,cosmu,0.9999999999920015,1,test
main_002208,1,berbew,0.9999999999940894,1,test
main_002209,1,upatre,0.999999556303477,1,test
main_002210,1,expiro,0.9999999999996001,1,test
main_002211,0,unknown,0.00013453747891639713,0,test
main_002212,1,banload,0.999999999999994,1,test
main_002213,1,xmrig,0.9999999999997995,1,test
main_002214,1,berbew,0.9999999999999556,1,test
main_002215,0,unknown,2.6466710570685577e-10,0,test
main_002216,0,unknown,9.657248236334537e-11,0,test
main_002217,1,beebone,0.9999999858288711,1,test
main_002218,1,berbew,0.9999999985524339,1,test
main_002219,1,berbew,0.9999999999999978,1,test
main_002220,1,wacatac,0.9996900725366873,1,test
main_002221,1,xmrig,1.0,1,test
main_002222,1,wabot,0.9999999200985401,1,test
main_002223,1,xmrig,1.0,1,test
main_002224,1,xmrig,1.0,1,test
main_002225,1,unknown,0.9999999990083281,1,test
main_002226,1,convagent,0.9999999828079073,1,test
main_002227,1,expiro,0.9999999935119008,1,test
main_002228,0,unknown,7.354789807328992e-11,0,test
main_002229,0,unknown,1.16647747294946e-07,0,test
main_002230,1,unknown,0.9999999811408115,1,test
main_002231,1,xmrig,1.0,1,test
main_002232,1,xmrig,1.0,1,test
main_002233,1,berbew,0.9999999999999889,1,test
main_002234,1,poker,0.9999999895405706,1,test
main_002235,1,sfone,0.9999999999999285,1,test
main_002236,1,berbew,0.9999999999982521,1,test
main_002237,0,unknown,3.2294010011938978e-06,0,test
main_002238,0,unknown,1.973235255232758e-11,0,test
main_002239,0,unknown,1.5205356349721368e-07,0,test
main_002240,0,unknown,2.8555991183768063e-09,0,test
main_002241,0,unknown,4.675477219254866e-07,0,test
main_002242,0,unknown,1.3857981458484707e-12,0,test
main_002243,0,unknown,3.30349049033977e-09,0,test
main_002244,1,shifu,0.9999999999347671,1,test
main_002245,1,upatre,0.9999999753812264,1,test
main_002246,0,unknown,9.096773245258812e-09,0,test
main_002247,0,unknown,1.1099928527582785e-10,0,test
main_002248,0,unknown,4.453779852172005e-12,0,test
main_002249,0,unknown,2.9342765043569383e-12,0,test
main_002250,0,unknown,1.1475805410983151e-09,0,test
main_002251,0,unknown,2.4313942606996527e-09,0,test
main_002252,0,unknown,2.9044919034233016e-08,0,test
main_002253,1,xmrig,1.0,1,test
main_002254,0,unknown,9.03510992824934e-05,0,test
main_002255,1,unknown,0.9999997587764067,1,test
main_002256,1,xmrig,1.0,1,test
main_002257,0,unknown,1.9543953644297293e-08,0,test
main_002258,1,berbew,0.9999999994458721,1,test
main_002259,1,xmrig,0.9999999999999993,1,test
main_002260,1,upatre,0.9999999999999292,1,test
main_002261,1,xmrig,1.0,1,test
main_002262,1,disin,0.9999999999997224,1,test
main_002263,1,unknown,0.9999999985502619,1,test
main_002264,1,berbew,0.9999999999832196,1,test
main_002265,1,berbew,0.9999999999989837,1,test
main_002266,1,unknown,0.9999854437515593,1,test
main_002267,1,upatre,0.9999999985923245,1,test
main_002268,0,unknown,2.954856730988934e-06,0,test
main_002269,0,unknown,1.720740326432499e-10,0,test
main_002270,0,unknown,3.095801768946843e-09,0,test
main_002271,0,unknown,1.0867428190287128e-11,0,test
main_002272,1,unknown,0.9999999999996259,1,test
main_002273,1,aenjaris,0.9999999940282653,1,test
main_002274,1,dridex,0.9999989485752373,1,test
main_002275,1,convagent,0.9999999971491802,1,test
main_002276,1,nuitka,0.9999999949301839,1,test
main_002277,1,unknown,0.9999963936500416,1,test
main_002278,1,unknown,0.9999997076803537,1,test
main_002279,1,unknown,0.9999919672705062,1,test
main_002280,1,unknown,0.9999989840813119,1,test
main_002281,1,scarletflash,0.9998191627355576,1,test
main_002282,1,vanbot,0.9998778435779272,1,test
main_002283,0,unknown,0.00027322238568926107,0,test
main_002284,1,unknown,0.9999979824365279,1,test
main_002285,1,unknown,0.9999999895960733,1,test
main_002286,1,virut,0.99999945397561,1,test
main_002287,1,virut,0.999997089413137,1,test
main_002288,1,bedep,0.9999999903930529,1,test
main_002289,1,unknown,0.9989018201700383,1,test
main_002290,1,unknown,0.9999999847644392,1,test
main_002291,1,wacatac,0.9999998455361366,1,test
main_002292,1,unknown,0.9999999987511081,1,test
main_002293,1,wacatac,0.9999999824776175,1,test
main_002294,1,wacatac,0.9999999996056539,1,test
main_002295,1,unknown,0.9981822899491374,1,test
main_002296,1,puwaders,0.9997491192613639,1,test
main_002297,1,pcclient,0.9999339894764578,1,test
main_002298,1,unknown,0.9927410237363843,1,test
main_002299,1,unknown,0.999484312417347,1,test
main_002300,1,perfect,0.9996430436833463,1,test
main_002301,1,virut,0.9999858038581902,1,test
main_002302,1,sohanad,0.9999999988046131,1,test
main_002303,1,unknown,0.9999998074698495,1,test
main_002304,1,wacatac,0.9968825239827128,1,test
main_002305,1,refog,0.9999991961792045,1,test
main_002306,1,wacatac,0.999999896691395,1,test
main_002307,1,nsismod,0.9999999998700864,1,test
main_002308,1,wacatac,0.9999990747765489,1,test
main_002309,1,unknown,0.9999997847606815,1,test
main_002310,1,unknown,0.9995786226964639,1,test
main_002311,1,mabezat,0.9999876410852739,1,test
main_002312,1,boran,0.9996063798410809,1,test
main_002313,1,unknown,0.9999642518399632,1,test
main_002314,1,unknown,0.9999999975948584,1,test
main_002315,1,beijing,0.9997401592759055,1,test
main_002316,1,unknown,0.9997928179919012,1,test
main_002317,1,wacatac,0.9961515960514575,1,test
main_002318,1,scarletflash,0.9999894496691083,1,test
main_002319,1,babar,0.9999990763127132,1,test
main_002320,1,unknown,0.9959153544352669,1,test
main_002321,0,unknown,0.003228475013084751,0,test
main_002322,1,unknown,0.9999996531819716,1,test
main_002323,1,virut,0.9999898366580718,1,test
main_002324,0,unknown,1.4751086491002277e-09,0,test
main_002325,0,unknown,9.712744979687874e-07,0,test
main_002326,1,unknown,0.9999999997296891,1,test
main_002327,0,unknown,7.086059375440899e-08,0,test
main_002328,0,unknown,2.138302466007726e-08,0,test
main_002329,1,unknown,0.9998243194289307,1,test
main_002330,1,flystudio,0.9999999999876306,1,test
main_002331,1,wacatac,0.9999288843509332,1,test
main_002332,1,hupigon,0.9999996642392909,1,test
main_002333,1,flystudio,0.999999993091391,1,test
main_002334,1,unknown,0.9999791088137927,1,test
main_002335,1,unknown,0.999999999650443,1,test
main_002336,1,virut,0.9972667809581628,1,test
main_002337,1,wacatac,0.9999926380652008,1,test
main_002338,1,onion,0.8776347095393974,1,test
main_002339,0,unknown,3.064092056234719e-08,0,test
main_002340,0,unknown,1.120491964533878e-08,0,test
main_002341,1,unknown,0.9999956793834403,1,test
main_002342,0,unknown,4.153028088368623e-09,0,test
main_002343,0,unknown,2.636350851668505e-11,0,test
main_002344,1,unknown,0.9999997612625412,1,test
main_002345,1,gepys,0.9999999984681873,1,test
main_002346,1,unknown,0.9999767258009906,1,test
main_002347,1,unknown,0.9999999999845268,1,test
main_002348,1,unknown,0.9998935534139535,1,test
main_002349,1,flystudio,0.9999999472119517,1,test
main_002350,1,mabezat,0.9999725896728654,1,test
main_002351,1,unknown,0.9999907929418922,1,test
main_002352,1,wacatac,0.9999998275528175,1,test
main_002353,1,unknown,0.9999993675897638,1,test
main_002354,1,unknown,0.9999999999937614,1,test
main_002355,1,buzus,0.9999898346444988,1,test
main_002356,1,scarletflash,0.9999999999992037,1,test
main_002357,1,unknown,0.9999995277651176,1,test
main_002358,1,unknown,0.999999999975133,1,test
main_002359,1,unknown,0.9994096586992961,1,test
main_002360,1,unknown,0.9671708802738714,1,test
main_002361,1,unknown,0.99823147551562,1,test
main_002362,1,unknown,0.9999999714874602,1,test
main_002363,1,unknown,0.9999649949492564,1,test
main_002364,1,unknown,0.9999959666938341,1,test
main_002365,1,triusor,0.9999999995097939,1,test
main_002366,0,unknown,1.4381222529561559e-06,0,test
main_002367,1,fasong,0.9999999280832367,1,test
main_002368,1,unknown,0.9999999994368054,1,test
main_002369,1,unknown,0.9999080460367513,1,test
main_002370,1,unknown,0.9953792634865737,1,test
main_002371,0,unknown,0.066500546261345,1,test
main_002372,1,unknown,0.9999999839165143,1,test
main_002373,1,pcclient,0.9999919302948276,1,test
main_002374,1,flystudio,0.999999962938255,1,test
main_002375,1,wronginf,0.999989960749611,1,test
main_002376,1,flystudio,0.9999999948916838,1,test
main_002377,0,unknown,0.0025324684774443496,0,test
main_002378,1,unknown,0.999999951559856,1,test
main_002379,1,unknown,0.9999439685138813,1,test
main_002380,1,unknown,0.9999999637982275,1,test
main_002381,1,unknown,0.9999999972063707,1,test
main_002382,1,unknown,0.9998968916954989,1,test
main_002383,1,scarletflash,0.9999999997998665,1,test
main_002384,1,berbew,0.9999999997119948,1,test
main_002385,0,unknown,5.351157584094488e-07,0,test
main_002386,1,flystudio,0.9999811634999602,1,test
main_002387,1,flystudio,0.9998315282028252,1,test
main_002388,1,unknown,0.999999200501494,1,test
main_002389,1,unknown,0.9999628387674827,1,test
main_002390,1,flystudio,0.9999999920660215,1,test
main_002391,0,unknown,4.780782566867503e-05,0,test
main_002392,1,pcclient,0.9953285133736005,1,test
main_002393,1,banload,0.9999999999999998,1,test
main_002394,1,wacatac,0.9999999992806456,1,test
main_002395,0,unknown,2.1836943234282447e-05,0,test
main_002396,1,unknown,0.9978964445157136,1,test
main_002397,0,unknown,0.0004712526370467133,0,test
main_002398,1,virut,0.9972213488484789,1,test
main_002399,0,unknown,9.75122774409599e-09,0,test
main_002400,0,unknown,1.872723340172523e-12,0,test
main_002401,0,unknown,1.9634449363318686e-11,0,test
main_002402,1,almanahe,0.9999893543097732,1,test
main_002403,0,unknown,0.015353003312680424,1,test
main_002404,1,realprotect,0.9993599070521115,1,test
main_002405,1,virtumonde,0.9999949720738923,1,test
main_002406,0,unknown,2.608954243351637e-06,0,test
main_002407,1,unknown,0.9999995681944741,1,test
main_002408,1,unknown,0.999918258865439,1,test
main_002409,1,unknown,0.9999999741325578,1,test
main_002410,1,kolovorot,0.9998972293673171,1,test
main_002411,1,orboddos,0.9987922794128744,1,test
main_002412,1,unknown,0.9999999757531076,1,test
main_002413,0,unknown,5.775815881033713e-14,0,test
main_002414,0,unknown,5.331759561322067e-10,0,test
main_002415,0,unknown,3.709162235913395e-11,0,test
main_002416,1,unknown,0.9999705060348352,1,test
main_002417,1,wacatac,0.9999999999951141,1,test
main_002418,0,unknown,2.2884145034355788e-11,0,test
main_002419,1,pemalform,0.9999638521520448,1,test
main_002420,1,flystudio,0.9999999837003397,1,test
main_002421,1,unknown,0.9999999395005353,1,test
main_002422,1,flystudio,0.9999999992322954,1,test
main_002423,1,swisyn,0.9999999998901199,1,test
main_002424,0,unknown,2.4781911802026776e-08,0,test
main_002425,1,unknown,0.9999994816841016,1,test
main_002426,1,cryptic,0.9999999992577953,1,test
main_002427,1,unknown,0.9999389653559972,1,test
main_002428,0,unknown,9.845010054615255e-10,0,test
main_002429,0,unknown,1.4126408638925259e-11,0,test
main_002430,1,unknown,0.9999995172007488,1,test
main_002431,1,cerbu,0.9999999957494066,1,test
main_002432,1,flystudio,0.9999999889648333,1,test
main_002433,1,unknown,0.9999999998710747,1,test
main_002434,1,fragtor,0.9993197630727226,1,test
main_002435,1,flystudio,0.9999183171014384,1,test
main_002436,1,scarletflash,0.9999842814086014,1,test
main_002437,1,unknown,0.9999857764012275,1,test
main_002438,1,unknown,0.9999975649132522,1,test
main_002439,1,poisonivy,0.999253054991189,1,test
main_002440,1,unknown,0.9999999144678962,1,test
main_002441,1,unknown,0.9999892718108043,1,test
main_002442,1,sality,0.9999999999044351,1,test
main_002443,1,fragtor,0.9999997671001527,1,test
main_002444,1,wacatac,0.9999996927483705,1,test
main_002445,1,unknown,0.999999339080454,1,test
main_002446,1,unknown,0.999999902517698,1,test
main_002447,1,unknown,0.9999003844628171,1,test
main_002448,1,unknown,0.9999985981492509,1,test
main_002449,1,unknown,0.9999996561260288,1,test
main_002450,1,wacatac,0.9999637804774658,1,test
main_002451,1,wacatac,0.9999998298718235,1,test
main_002452,1,unknown,0.9999386782727929,1,test
main_002453,1,unknown,0.9999996814205332,1,test
main_002454,1,unknown,0.9999912201144744,1,test
main_002455,0,unknown,6.173064374914683e-06,0,test
main_002456,1,unknown,0.999995848921126,1,test
main_002457,1,wacatac,0.9999991442072677,1,test
main_002458,1,unknown,0.9999991476425556,1,test
main_002459,1,unknown,0.9845864974739061,1,test
main_002460,1,unknown,0.9995668660033726,1,test
main_002461,1,unknown,0.9999983513613091,1,test
main_002462,1,unknown,0.9994655397884281,1,test
main_002463,1,buzus,0.9999998941973381,1,test
main_002464,1,flystudio,0.9999621028145818,1,test
main_002465,0,unknown,1.199818328153735e-08,0,test
main_002466,1,scarletflash,0.9999990237873033,1,test
main_002467,1,unknown,0.9986344119701828,1,test
main_002468,1,unknown,0.9999918064991083,1,test
main_002469,0,unknown,2.9284343434240346e-05,0,test
main_002470,0,unknown,2.459674922038836e-06,0,test
main_002471,1,unknown,0.9999988849807357,1,test
main_002472,1,unknown,0.9925594430864308,1,test
main_002473,1,caypnamer,0.9999999672195949,1,test
main_002474,1,unknown,0.9999540611859206,1,test
main_002475,1,unknown,0.9994936788954586,1,test
main_002476,1,baidu,0.9999990004917119,1,test
main_002477,1,redline,0.9999766824898334,1,test
main_002478,1,unknown,0.999738728456102,1,test
main_002479,1,zapchast,0.9999999879051936,1,test
main_002480,1,unknown,0.999999999681402,1,test
main_002481,1,unknown,0.9999984772579785,1,test
main_002482,1,unknown,0.9999999015213333,1,test
main_002483,1,wacatac,0.9999355549472921,1,test
main_002484,1,unknown,0.999999998831355,1,test
main_002485,1,zeus,0.9997414790675273,1,test
main_002486,1,unknown,0.9999191502809398,1,test
main_002487,0,unknown,1.1401364386505322e-10,0,test
main_002488,1,cayunamer,0.9999998923781939,1,test
main_002489,1,unknown,0.9999999999765921,1,test
main_002490,1,rubinurd,0.9999999929453562,1,test
main_002491,1,unknown,0.9992457506500726,1,test
main_002492,1,unknown,0.9983453542536084,1,test
main_002493,1,unknown,0.9999999597188792,1,test
main_002494,1,flystudio,0.9999998240143707,1,test
main_002495,1,flystudio,0.9999990978252461,1,test
main_002496,1,banload,0.999994699017937,1,test
main_002497,1,unknown,0.9963089703339573,1,test
main_002498,1,wacatac,0.9999944844761741,1,test
main_002499,1,wacatac,0.9993149624472991,1,test
main_002500,1,wronginf,0.9999999969786295,1,test
main_002501,1,ramnit,0.9984981948352809,1,test
main_002502,1,ramnit,0.998991564157836,1,test
main_002503,1,engimastealer,0.999943275363136,1,test
main_002504,1,unknown,0.99992307911993,1,test
main_002505,1,wacatac,0.999922784186705,1,test
main_002506,1,virut,0.9933289593594121,1,test
main_002507,1,unknown,0.9999998115421365,1,test
main_002508,1,unknown,0.9999999772009714,1,test
main_002509,1,unknown,0.9999815956302336,1,test
main_002510,0,unknown,7.387062340584406e-07,0,test
main_002511,1,unknown,0.924781159240944,1,test
main_002512,1,unknown,0.9997658555260379,1,test
main_002513,1,unknown,0.9999760602941431,1,test
main_002514,1,banbra,0.9999958686290309,1,test
main_002515,1,adanti,0.99507018775424,1,test
main_002516,1,boran,0.9999149951152159,1,test
main_002517,1,berbew,0.9999999999946934,1,test
main_002518,1,flystudio,0.9999717364093411,1,test
main_002519,1,unknown,0.9999972399881041,1,test
main_002520,1,unknown,0.9998459370083115,1,test
main_002521,1,unknown,0.9999994524803244,1,test
main_002522,1,unknown,0.9998607823280623,1,test
main_002523,1,taranis,0.9999782626408505,1,test
main_002524,1,unknown,0.999802482207828,1,test
main_002525,1,virut,0.990311150737374,1,test
main_002526,1,unknown,0.9999988085519587,1,test
main_002527,1,flystudio,0.9999999203958373,1,test
main_002528,1,unknown,0.9999937715437877,1,test
main_002529,1,unknown,0.999999606558061,1,test
main_002530,1,virut,0.9999858554233744,1,test
main_002531,1,unknown,0.9987068701537443,1,test
main_002532,1,unknown,0.9999979992245308,1,test
main_002533,1,unknown,0.999999999160806,1,test
main_002534,1,unknown,0.9999995599440124,1,test
main_002535,1,unknown,0.9965484856981366,1,test
main_002536,1,unknown,0.999998713496075,1,test
main_002537,1,caypnamer,0.9999979822982005,1,test
main_002538,1,unknown,0.9999989193127806,1,test
main_002539,1,unknown,0.9999996566563409,1,test
main_002540,1,murlo,0.9999999994762285,1,test
main_002541,1,almanahe,0.9999999939932267,1,test
main_002542,1,flystudio,0.9999999993058792,1,test
main_002543,1,hckpk,0.999999999985635,1,test
main_002544,1,unknown,0.9998593044832194,1,test
main_002545,1,presenoker,0.9997940331791488,1,test
main_002546,1,alien,0.9999999999996447,1,test
main_002547,0,unknown,3.753759422813357e-06,0,test
main_002548,1,unknown,0.9999997217189804,1,test
main_002549,1,unknown,0.9999080393018254,1,test
main_002550,0,unknown,1.4711712042375803e-07,0,test
main_002551,1,unknown,0.9997737290933062,1,test
main_002552,1,mabezat,0.9999732821920102,1,test
main_002553,1,unknown,0.9995237783250343,1,test
main_002554,1,unknown,0.9999997499900758,1,test
main_002555,1,flystudio,0.9999991163637131,1,test
main_002556,1,wacatac,0.999999292491451,1,test
main_002557,1,flystudio,0.9999999999055926,1,test
main_002558,1,sality,0.9999978909345899,1,test
main_002559,1,flystudio,0.9999999979850558,1,test
main_002560,1,scarletflash,0.9999999993888158,1,test
main_002561,1,wacatac,0.9999999999833693,1,test
main_002562,0,unknown,6.505633311570304e-05,0,test
main_002563,1,unknown,0.9999914921210528,1,test
main_002564,1,unknown,0.9997101378768801,1,test
main_002565,1,unknown,0.9999999366332464,1,test
main_002566,1,unknown,0.9999284439166609,1,test
main_002567,1,flystudio,0.9999998906089553,1,test
main_002568,1,unknown,0.9978009984388704,1,test
main_002569,1,flystudio,0.9999999989150121,1,test
main_002570,1,unknown,0.9998368176637211,1,test
main_002571,1,unknown,0.999994803583345,1,test
main_002572,1,fraudpack,0.9999506324945476,1,test
main_002573,1,wronginf,0.9999994679189701,1,test
main_002574,1,creprote,0.9998644488860554,1,test
main_002575,1,unknown,0.9999999995552897,1,test
main_002576,1,sality,0.9998453201065874,1,test
main_002577,1,tdss,0.9999999999402336,1,test
main_002578,1,kolovorot,0.9999999996215216,1,test
main_002579,1,unknown,0.9999999998185358,1,test
main_002580,1,baidusearch,0.9996951952049918,1,test
main_002581,1,unknown,0.9999997612884309,1,test
main_002582,1,ulise,0.999951168263753,1,test
main_002583,1,unknown,0.9999999773284257,1,test
main_002584,1,hupigon,0.9999809420636199,1,test
main_002585,1,blackmoon,1.0,1,test
main_002586,0,unknown,0.0011323120444945126,0,test
main_002587,1,wacatac,0.9999990094375342,1,test
main_002588,1,wacatac,0.9968883452681641,1,test
main_002589,1,unknown,0.9999629653736619,1,test
main_002590,1,upatre,0.9999224270724102,1,test
main_002591,1,almanahe,0.9999218286593827,1,test
main_002592,1,unknown,0.9999913407351725,1,test
main_002593,1,unknown,0.9999991853063823,1,test
main_002594,0,unknown,1.1509049571692755e-10,0,test
main_002595,0,unknown,8.761731638708916e-14,0,test
main_002596,0,unknown,1.1444751499684195e-06,0,test
main_002597,0,unknown,8.905633053070033e-12,0,test
main_002598,0,unknown,9.876397959239687e-12,0,test
main_002599,0,unknown,2.655476017164752e-12,0,test
main_002600,0,unknown,1.1193286377081178e-10,0,test
main_002601,0,unknown,1.2297950090146653e-13,0,test
main_002602,0,unknown,1.2298363167126632e-11,0,test
main_002603,0,unknown,5.249848592459755e-12,0,test
main_002604,0,unknown,2.2064441084607766e-13,0,test
main_002605,0,unknown,7.977466567133614e-13,0,test
main_002606,0,unknown,7.180277842430568e-12,0,test
main_002607,0,unknown,4.40499407704968e-09,0,test
main_002608,0,unknown,7.71909603670764e-09,0,test
main_002609,0,unknown,9.718718729857891e-14,0,test
main_002610,0,unknown,2.611974608836738e-11,0,test
main_002611,0,unknown,7.876981651064501e-12,0,test
main_002612,1,flystudio,0.999999630705916,1,test
main_002613,0,unknown,1.2926863999263998e-08,0,test
main_002614,0,unknown,3.8488999546473393e-10,0,test
main_002615,0,unknown,8.941073252637448e-08,0,test
main_002616,0,unknown,9.679032285798784e-14,0,test
main_002617,0,unknown,7.44895060632755e-14,0,test
main_002618,0,unknown,8.133548216451952e-11,0,test
main_002619,0,unknown,2.909288468734737e-13,0,test
main_002620,0,unknown,4.661124678696407e-14,0,test
main_002621,0,unknown,3.5164342643891915e-12,0,test
main_002622,0,unknown,2.949458733862504e-13,0,test
main_002623,0,unknown,4.832155951765314e-13,0,test
main_002624,0,unknown,8.79178770728697e-09,0,test
main_002625,0,unknown,4.0375559999869084e-13,0,test
main_002626,1,unknown,0.9999997976600371,1,test
main_002627,0,unknown,2.8238085526906786e-12,0,test
main_002628,0,unknown,5.188607743944517e-13,0,test
main_002629,0,unknown,3.131940980886907e-10,0,test
main_002630,0,unknown,4.379669791822968e-15,0,test
main_002631,0,unknown,3.238763932756496e-13,0,test
main_002632,0,unknown,1.9303945282962098e-10,0,test
main_002633,0,unknown,3.0226375688949494e-13,0,test
main_002634,0,unknown,1.024342194132494e-12,0,test
main_002635,0,unknown,1.0585254249036541e-11,0,test
main_002636,0,unknown,2.467952184523948e-13,0,test
main_002637,0,unknown,1.0517850683414817e-14,0,test
main_002638,0,unknown,4.566048906600847e-13,0,test
main_002639,0,unknown,7.20355197577003e-15,0,test
main_002640,0,unknown,7.9627725972731e-13,0,test
main_002641,0,unknown,3.6255188621900505e-14,0,test
main_002642,0,unknown,3.148404068210051e-14,0,test
main_002643,0,unknown,1.0323153419856331e-11,0,test
main_002644,0,unknown,5.984565974985684e-14,0,test
main_002645,0,unknown,1.118359754557528e-14,0,test
main_002646,0,unknown,7.400193018196133e-15,0,test
main_002647,0,unknown,1.3358674460564867e-13,0,test
main_002648,0,unknown,6.549160298369528e-14,0,test
main_002649,1,ramnit,0.99999762393549,1,test
main_002650,0,unknown,1.6467105621524392e-12,0,test
main_002651,0,unknown,2.5348106300889813e-12,0,test
main_002652,0,unknown,1.007901198200131e-12,0,test
main_002653,0,unknown,1.0620016821204264e-10,0,test
main_002654,0,unknown,5.606623203890641e-13,0,test
main_002655,0,unknown,5.1633741711592534e-11,0,test
main_002656,0,unknown,1.1820540921165128e-13,0,test
main_002657,0,unknown,3.7304874971245386e-13,0,test
main_002658,0,unknown,5.6576712900623244e-12,0,test
main_002659,0,unknown,1.2821807066566366e-11,0,test
main_002660,0,unknown,5.310508564459927e-13,0,test
main_002661,0,unknown,1.69259786212454e-11,0,test
main_002662,0,unknown,6.682733276163326e-11,0,test
main_002663,0,unknown,2.794069894237573e-12,0,test
main_002664,0,unknown,2.622401526915131e-12,0,test
main_002665,0,unknown,4.6743828552322187e-11,0,test
main_002666,0,unknown,4.165501062617071e-12,0,test
main_002667,0,unknown,7.834891674194233e-11,0,test
main_002668,0,unknown,1.0143296606127413e-11,0,test
main_002669,0,unknown,2.1382184900864499e-13,0,test
main_002670,0,unknown,1.6254794790631156e-11,0,test
main_002671,0,unknown,1.309378090281738e-12,0,test
main_002672,0,unknown,8.265586697666142e-11,0,test
main_002673,0,unknown,1.0559392389871485e-10,0,test
main_002674,0,unknown,1.8095656547903589e-12,0,test
main_002675,0,unknown,1.199509619787582e-10,0,test
main_002676,0,unknown,2.3003208433639147e-11,0,test
main_002677,0,unknown,4.1707249806295955e-11,0,test
main_002678,0,unknown,3.917035456230406e-15,0,test
main_002679,0,unknown,5.226108277782202e-13,0,test
main_002680,0,unknown,1.802655330878448e-12,0,test
main_002681,0,unknown,4.6986878548860695e-11,0,test
main_002682,0,unknown,1.2040940816569749e-11,0,test
main_002683,1,unknown,0.9999998943245102,1,test
main_002684,0,unknown,2.651654662110294e-10,0,test
main_002685,0,unknown,6.347637189032195e-13,0,test
main_002686,0,unknown,9.772035854201628e-13,0,test
main_002687,0,unknown,8.543672946725203e-10,0,test
main_002688,0,unknown,1.225880012316506e-10,0,test
main_002689,0,unknown,5.382741902967466e-13,0,test
main_002690,0,unknown,1.474926853011583e-13,0,test
main_002691,0,unknown,1.687153941815803e-12,0,test
main_002692,1,blackmoon,0.9999999999999971,1,test
main_002693,1,unknown,0.9999997488213874,1,test
main_002694,1,sality,0.999489151559845,1,test
main_002695,1,unknown,0.9996345564372099,1,test
main_002696,0,unknown,6.6582174828868e-08,0,test
main_002697,1,ramnit,0.9965659839665696,1,test
main_002698,0,unknown,7.500328732945199e-09,0,test
main_002699,1,unknown,0.9999980198523403,1,test
main_002700,1,bccrypt,0.9999999919481842,1,test
main_002701,0,unknown,0.0002656746741821626,0,test
main_002702,1,unknown,0.9999998013746737,1,test
main_002703,1,sohanad,0.9999999999786051,1,test
main_002704,1,wacatac,0.9999986466314719,1,test
main_002705,1,unknown,0.9999798460794885,1,test
main_002706,1,unknown,0.999998906128543,1,test
main_002707,1,wacatac,0.9999084522349284,1,test
main_002708,1,convagent,0.9999999999998106,1,test
main_002709,1,wacatac,0.9999576181717481,1,test
main_002710,0,unknown,5.699395030280214e-07,0,test
main_002711,1,unknown,0.9999992558551374,1,test
main_002712,0,unknown,5.984419436797978e-10,0,test
main_002713,0,unknown,4.5594359064971063e-07,0,test
main_002714,0,unknown,4.308265901778097e-08,0,test
main_002715,1,unknown,0.9998721090435714,1,test
main_002716,1,unknown,0.9994304384921678,1,test
main_002717,1,vilsel,0.9999999998501943,1,test
main_002718,1,wacatac,0.9996879316879502,1,test
main_002719,1,unknown,0.9999999999936207,1,test
main_002720,1,flystudio,0.9999999852758872,1,test
main_002721,0,unknown,9.01507600763224e-05,0,test
main_002722,1,legmir,0.9999963714776782,1,test
main_002723,1,unknown,0.999947360267025,1,test
main_002724,1,wacatac,0.9999981939878563,1,test
main_002725,1,sality,0.9999999999590239,1,test
main_002726,1,unknown,0.9999964601158733,1,test
main_002727,1,unknown,0.999998677560731,1,test
main_002728,1,unknown,0.9992951192062335,1,test
main_002729,1,unknown,0.9999984374028704,1,test
main_002730,1,wacatac,0.9999970612040417,1,test
main_002731,1,unknown,0.9999999771549862,1,test
main_002732,1,unknown,0.9999686212271678,1,test
main_002733,1,scarletflash,0.9999999971179712,1,test
main_002734,1,unknown,0.9999999975155047,1,test
main_002735,1,wacatac,0.99999646493258,1,test
main_002736,1,flystudio,0.9999997501675197,1,test
main_002737,1,unknown,0.9999999997570201,1,test
main_002738,1,kipodtoolscby,0.9999999971245157,1,test
main_002739,1,babar,0.9756829716766945,1,test
main_002740,1,unknown,0.9999999853562604,1,test
main_002741,1,wacatac,0.9999999997392037,1,test
main_002742,1,injuke,0.999915214503397,1,test
main_002743,1,unknown,0.9999972923967962,1,test
main_002744,0,unknown,6.853202651487785e-05,0,test
main_002745,0,unknown,3.202569457424544e-06,0,test
main_002746,1,unknown,0.9999999978530059,1,test
main_002747,0,unknown,2.6640365908219247e-07,0,test
main_002748,1,wacatac,0.9999999760312469,1,test
main_002749,0,unknown,5.42308576482626e-06,0,test
main_002750,1,unknown,0.9997558149087378,1,test
main_002751,0,unknown,6.404115596332181e-06,0,test
main_002752,1,unknown,0.9950900276687166,1,test
main_002753,0,unknown,1.7533687972632753e-05,0,test
main_002754,0,unknown,1.8303772432041903e-08,0,test
main_002755,1,unknown,0.9999716710547814,1,test
main_002756,0,unknown,8.359395196160451e-07,0,test
main_002757,0,unknown,1.5592616142684546e-07,0,test
main_002758,0,unknown,8.072407140159678e-06,0,test
main_002759,0,unknown,8.93378519618836e-08,0,test
main_002760,0,unknown,3.0511819332039616e-09,0,test
main_002761,0,unknown,4.806419459498855e-08,0,test
main_002762,0,unknown,2.063750611337984e-05,0,test
main_002763,1,unknown,0.9998760255379104,1,test
main_002764,1,unknown,0.9999999073148892,1,test
main_002765,1,rimod,0.9992384730914956,1,test
main_002766,1,engimastealer,0.9999999463090397,1,test
main_002767,1,unknown,0.9999523084303472,1,test
main_002768,1,sohanad,0.9999998592131908,1,test
main_002769,1,almanahe,0.9999395014532835,1,test
main_002770,1,crysan,0.9999998561478325,1,test
main_002771,1,unknown,0.9998809819392043,1,test
main_002772,1,unknown,0.9999986996247631,1,test
main_002773,1,unknown,0.9999999997793394,1,test
main_002774,1,unknown,0.9999998529929771,1,test
main_002775,1,wronginf,0.9999543468140049,1,test
main_002776,1,unknown,0.9999978948545293,1,test
main_002777,0,unknown,7.869595973426275e-08,0,test
main_002778,1,uztuby,0.9998971587366329,1,test
main_002779,1,unknown,0.9884271522631837,1,test
main_002780,1,kolovorot,0.9999998656797197,1,test
main_002781,1,unknown,0.9999706450464593,1,test
main_002782,1,unknown,0.9997699836766324,1,test
main_002783,1,temcac,0.9999960164389066,1,test
main_002784,1,wacatac,0.999671726760517,1,test
main_002785,1,unknown,0.9997316502395224,1,test
main_002786,1,unknown,0.9993769030764673,1,test
main_002787,1,unknown,0.9999986402061806,1,test
main_002788,1,unknown,0.9999943053031574,1,test
main_002789,0,unknown,4.473296686405039e-08,0,test
main_002790,1,unknown,0.999996160340851,1,test
main_002791,1,unknown,0.9999695155243807,1,test
main_002792,1,wacatac,0.9999534815513853,1,test
main_002793,0,unknown,1.3376802002695182e-08,0,test
main_002794,0,unknown,5.970488637853298e-06,0,test
main_002795,0,unknown,9.429506477372e-07,0,test
main_002796,0,unknown,2.0037321295995808e-08,0,test
main_002797,0,unknown,5.572050536796752e-11,0,test
main_002798,0,unknown,9.515205372094613e-10,0,test
main_002799,0,unknown,2.38578353287138e-09,0,test
main_002800,0,unknown,2.558487797443819e-07,0,test
main_002801,0,unknown,1.0530598475088676e-06,0,test
main_002802,1,flystudio,0.9999905374504637,1,test
main_002803,1,unknown,0.9999997267325408,1,test
main_002804,0,unknown,1.5133544671176916e-05,0,test
main_002805,0,unknown,1.9806901423354424e-06,0,test
main_002806,0,unknown,3.4097737044459903e-08,0,test
main_002807,0,unknown,2.026428614225965e-07,0,test
main_002808,1,emotet,0.9999999993615003,1,test
main_002809,1,injurer,0.9999999999981459,1,test
main_002810,1,unknown,0.9999999664965129,1,test
main_002811,1,flystudio,0.9999727219745878,1,test
main_002812,0,unknown,7.969573807583359e-05,0,test
main_002813,1,unknown,0.9999908815933111,1,test
main_002814,0,unknown,6.095294524720555e-06,0,test
main_002815,1,havoc,0.9999994042355563,1,test
main_002816,1,sliver,0.9999996067737623,1,test
main_002817,1,unknown,0.9999999786110978,1,test
main_002818,1,havoc,0.9994294555711752,1,test
main_002819,0,unknown,4.5580426456949575e-05,0,test
main_002820,0,unknown,6.450667403438891e-08,0,test
main_002821,0,unknown,7.784089697148016e-07,0,test
main_002822,0,unknown,1.6510499074796203e-07,0,test
main_002823,0,unknown,3.9206446138732976e-05,0,test
main_002824,0,unknown,0.0003296626396610614,0,test
main_002825,0,unknown,4.93873358938935e-11,0,test
main_002826,1,picsys,0.9999999999852422,1,test
main_002827,1,wacatac,0.9999999370063413,1,test
main_002828,1,engimastealer,0.999994865142205,1,test
main_002829,1,lockergoga,0.9999999993844713,1,test
main_002830,1,havoc,0.9991517717359236,1,test
main_002831,0,unknown,0.000784787173689362,0,test
main_002832,0,unknown,1.667657096975081e-05,0,test
main_002833,0,unknown,6.55070393592711e-11,0,test
main_002834,1,wacatac,0.9999999999982168,1,test
main_002835,1,wacatac,0.9999999999995222,1,test
main_002836,0,unknown,2.21937040917916e-11,0,test
main_002837,0,unknown,0.0005128233265520563,0,test
main_002838,1,conficker,0.9999999839746225,1,test
main_002839,1,conficker,0.9999999999972551,1,test
main_002840,1,unknown,0.9999999999853804,1,test
main_002841,1,unknown,0.9894186812587425,1,test
main_002842,0,unknown,0.0006037213343843213,0,test
main_002843,1,berbew,0.9999999999996421,1,test
main_002844,0,unknown,1.4019980583109253e-09,0,test
main_002845,0,unknown,1.572618237460091e-05,0,test
main_002846,1,swisyn,0.9999999997801905,1,test
main_002847,1,grandoreiro,0.9999999999996703,1,test
main_002848,1,cobaltstrike,0.9999999997111098,1,test
main_002849,0,unknown,0.0017244854750455068,0,test
main_002850,0,unknown,4.956406195333385e-07,0,test
main_002851,1,stormattack,0.9999991845375551,1,test
main_002852,0,unknown,1.0057244001671284e-06,0,test
main_002853,0,unknown,4.663993045691213e-08,0,test
main_002854,1,unknown,0.9999839588190601,1,test
main_002855,0,unknown,1.5214502409453433e-07,0,test
main_002856,1,scarletflash,0.9999999999999736,1,test
main_002857,1,unknown,0.9999999875593054,1,test
main_002858,0,unknown,0.003210878616772275,0,test
main_002859,1,berbew,0.9999999074496911,1,test
main_002860,0,unknown,0.08546912628553045,1,test
main_002861,1,wacatac,0.9999999970404727,1,test
main_002862,1,berbew,0.9999999999885711,1,test
main_002863,0,unknown,1.1987892782216816e-08,0,test
main_002864,1,unknown,0.9999999982365393,1,test
main_002865,0,unknown,1.9957113250199226e-07,0,test
main_002866,1,wews87,0.9994724356099174,1,test
main_002867,1,berbew,0.9999999999992228,1,test
main_002868,0,unknown,1.0889436096835326e-09,0,test
main_002869,0,unknown,2.0657439673462982e-10,0,test
main_002870,0,unknown,5.990885363877556e-08,0,test
main_002871,0,unknown,2.242948438947725e-08,0,test
main_002872,1,febipos,0.9999184907782229,1,test
main_002873,1,unknown,0.9999994484643866,1,test
main_002874,1,unknown,0.9999999997016722,1,test
main_002875,1,unknown,0.9985628650506416,1,test
main_002876,0,unknown,5.45426626684073e-07,0,test
main_002877,0,unknown,3.4835758313961485e-07,0,test
main_002878,1,berbew,0.9999999987200021,1,test
main_002879,1,unknown,0.9999017929008723,1,test
main_002880,1,mufila,0.999999987081686,1,test
main_002881,0,unknown,9.830870656888844e-06,0,test
main_002882,0,unknown,4.9251740958856007e-08,0,test
main_002883,0,unknown,4.5648436172984e-06,0,test
main_002884,0,unknown,1.7713099550158527e-06,0,test
main_002885,0,unknown,2.5638562305876206e-06,0,test
main_002886,0,unknown,1.3586008180355371e-05,0,test
main_002887,0,unknown,1.4619757115395616e-08,0,test
main_002888,1,crifi,0.9999999999978817,1,test
main_002889,1,bayrob,0.9999966490677177,1,test
main_002890,0,unknown,4.325855255888046e-05,0,test
main_002891,0,unknown,0.0018043865045282465,0,test
main_002892,1,scarletflash,0.9999982120014281,1,test
main_002893,0,unknown,7.111841638175296e-05,0,test
main_002894,0,unknown,5.335791992241166e-09,0,test
main_002895,0,unknown,1.9224489186204593e-07,0,test
main_002896,0,unknown,3.597809253190305e-09,0,test
main_002897,0,unknown,3.882050221335135e-06,0,test
main_002898,1,alien,0.9999999999999578,1,test
main_002899,0,unknown,0.00010441983404815188,0,test
main_002900,0,unknown,9.464517703492551e-07,0,test
main_002901,0,unknown,0.0020763473504376963,0,test
main_002902,1,wacatac,0.9999999999768678,1,test
main_002903,0,unknown,8.477867722583262e-10,0,test
main_002904,0,unknown,3.5224516081044384e-07,0,test
main_002905,0,unknown,1.0041521901972665e-08,0,test
main_002906,0,unknown,1.360612117815427e-07,0,test
main_002907,1,engimastealer,0.9999997457785494,1,test
main_002908,0,unknown,7.118392565054837e-06,0,test
main_002909,0,unknown,9.882090390068441e-08,0,test
main_002910,1,bedep,0.9999999981407843,1,test
main_002911,1,opensupdater,0.9969957226491495,1,test
main_002912,1,unknown,0.9999999211987338,1,test
main_002913,0,unknown,1.4102810705530751e-12,0,test
main_002914,0,unknown,1.7803395100143682e-16,0,test
main_002915,0,unknown,4.986653480037273e-09,0,test
main_002916,1,wacatac,0.9999997902343469,1,test
main_002917,0,unknown,3.269244866945584e-09,0,test
main_002918,0,unknown,4.185892194468821e-08,0,test
main_002919,0,unknown,9.14754992748463e-09,0,test
main_002920,0,unknown,4.281334021159512e-08,0,test
main_002921,0,unknown,4.038293485216469e-11,0,test
main_002922,0,unknown,4.67986071718344e-08,0,test
main_002923,1,unknown,0.9996026725031422,1,test
main_002924,1,unknown,0.9999999934830626,1,test
main_002925,0,unknown,2.415061777175844e-11,0,test
main_002926,0,unknown,3.053319216396591e-11,0,test
main_002927,1,cobaltstrike,0.9999753526812006,1,test
main_002928,0,unknown,2.8532094930506792e-09,0,test
main_002929,1,wacatac,0.9999999999019349,1,test
main_002930,1,xmrig,1.0,1,test
main_002931,0,unknown,6.383518538485747e-07,0,test
main_002932,1,xmrig,0.9999999964878974,1,test
main_002933,1,xmrig,0.9999999999999862,1,test
main_002934,0,unknown,2.871073934482863e-14,0,test
main_002935,0,unknown,7.371447364786169e-14,0,test
main_002936,0,unknown,1.3659719377520265e-14,0,test
main_002937,0,unknown,6.209921278433093e-09,0,test
main_002938,0,unknown,9.056864001308091e-14,0,test
main_002939,0,unknown,7.824282722852406e-12,0,test
main_002940,0,unknown,1.1413125346012793e-08,0,test
main_002941,0,unknown,6.559817450839058e-09,0,test
main_002942,0,unknown,3.154492820146822e-12,0,test
main_002943,0,unknown,2.1337470795171686e-10,0,test
main_002944,0,unknown,3.423575501991327e-10,0,test
main_002945,0,unknown,4.816445346870444e-13,0,test
main_002946,1,xmrig,0.9999999999987514,1,test
main_002947,1,xmrig,0.9999999999999996,1,test
main_002948,1,xmrig,1.0,1,test
main_002949,1,disin,0.9999999999966804,1,test
main_002950,1,scarletflash,0.9999999999476923,1,test
main_002951,1,wacatac,0.9999999999999982,1,test
main_002952,0,unknown,9.063413296406672e-09,0,test
main_002953,1,sysdupate,0.9999978325238431,1,test
main_002954,1,multiinjector,0.9999999995898856,1,test
main_002955,0,unknown,1.6804075627379297e-13,0,test
main_002956,0,unknown,5.708849875427185e-08,0,test
main_002957,1,xmrig,1.0,1,test
main_002958,1,athenago,0.9995358228443753,1,test
main_002959,1,disco,0.9999999999998117,1,test
main_002960,1,xmrig,1.0,1,test
main_002961,1,xmrig,1.0,1,test
main_002962,1,xmrig,0.9999999999999993,1,test
main_002963,1,lockergoga,0.9999999999998674,1,test
main_002964,0,unknown,1.0170086969692637e-08,0,test
main_002965,0,unknown,4.05323098983816e-06,0,test
main_002966,0,unknown,1.2006062000960335e-07,0,test
main_002967,0,unknown,1.3308646206639223e-07,0,test
main_002968,0,unknown,2.809447884312892e-09,0,test
main_002969,0,unknown,1.5257748034292173e-06,0,test
main_002970,0,unknown,3.444133900949924e-08,0,test
main_002971,0,unknown,3.966400293257903e-11,0,test
main_002972,1,xmrig,1.0,1,test
main_002973,0,unknown,1.6745007126521634e-14,0,test
main_002974,1,unknown,0.9980069798617134,1,test
main_002975,1,xmrig,0.9999999999999996,1,test
main_002976,0,unknown,1.4670070859255172e-08,0,test
main_002977,1,unknown,0.9999978350279601,1,test
main_002978,0,unknown,1.053316758257323e-10,0,test
main_002979,0,unknown,4.295981151581484e-11,0,test
main_002980,0,unknown,1.7496315532116627e-09,0,test
main_002981,0,unknown,4.650918756166668e-11,0,test
main_002982,0,unknown,2.4781696463927584e-10,0,test
main_002983,0,unknown,8.3012915061585e-10,0,test
main_002984,0,unknown,3.973044917103453e-06,0,test
main_002985,0,unknown,0.002486968342752485,0,test
main_002986,0,unknown,1.7481338884246476e-07,0,test
main_002987,0,unknown,5.381246046487982e-11,0,test
main_002988,0,unknown,3.6568008235225943e-06,0,test
main_002989,0,unknown,6.311028471323328e-14,0,test
main_002990,0,unknown,2.1833970413340033e-05,0,test
main_002991,0,unknown,6.37821688180223e-07,0,test
main_002992,0,unknown,5.365624578218055e-14,0,test
main_002993,0,unknown,4.0850953721377965e-12,0,test
main_002994,0,unknown,1.1317332635882864e-15,0,test
main_002995,0,unknown,3.7738759087740996e-12,0,test
main_002996,0,unknown,4.885078491600609e-14,0,test
main_002997,0,unknown,1.632366513386351e-14,0,test
main_002998,0,unknown,2.5131183843172113e-12,0,test
main_002999,0,unknown,1.1110406082223651e-14,0,test
main_003000,1,berbew,0.9999999999998912,1,test
main_003001,1,unknown,0.9999959823371679,1,test
main_003002,0,unknown,3.75516744780833e-11,0,test
main_003003,0,unknown,2.5015566653521205e-14,0,test
main_003004,0,unknown,8.68083625692871e-11,0,test
main_003005,0,unknown,1.121241804268673e-11,0,test
main_003006,0,unknown,2.3445539165812934e-12,0,test
main_003007,0,unknown,1.9350578301832556e-13,0,test
main_003008,0,unknown,2.1595048591689056e-14,0,test
main_003009,0,unknown,2.0213348794138487e-11,0,test
main_003010,0,unknown,6.73999911160512e-13,0,test
main_003011,0,unknown,4.9451152665484966e-14,0,test
main_003012,1,bedep,0.9999999860539261,1,test
main_003013,1,wacatac,0.999999999927663,1,test
main_003014,0,unknown,2.0397619610204713e-10,0,test
main_003015,0,unknown,1.821568702231618e-08,0,test
main_003016,0,unknown,2.1750093813263943e-07,0,test
main_003017,1,clipbanker,0.9999576678754342,1,test
main_003018,0,unknown,8.503354408699074e-07,0,test
main_003019,1,lummastealer,0.9957309722687305,1,test
main_003020,1,poisonivy,0.9999999984018988,1,test
main_003021,1,crifi,0.9999999999995084,1,test
main_003022,1,kudj,0.9999999996677889,1,test
main_003023,0,unknown,2.7513323354957455e-09,0,test
main_003024,0,unknown,1.248965175262118e-09,0,test
main_003025,0,unknown,1.033159017952649e-08,0,test
main_003026,0,unknown,2.436670814533313e-09,0,test
main_003027,0,unknown,4.7881286513564985e-08,0,test
main_003028,0,unknown,1.2980010483009903e-07,0,test
main_003029,1,mydoom,0.9999999978875698,1,test
main_003030,0,unknown,2.8919077549859518e-08,0,test
main_003031,0,unknown,1.0928459834084626e-12,0,test
main_003032,0,unknown,4.006708206663759e-09,0,test
main_003033,0,unknown,2.5733746717107192e-09,0,test
main_003034,0,unknown,3.6610849764518764e-09,0,test
main_003035,0,unknown,6.920509044525019e-09,0,test
main_003036,0,unknown,3.428343487827336e-08,0,test
main_003037,0,unknown,0.002077285770847906,0,test
main_003038,1,lotok,0.9999416778549943,1,test
main_003039,1,lockergoga,0.9999999970933908,1,test
main_003040,1,xmrig,0.9999999999999998,1,test
main_003041,1,unknown,0.9999999878242719,1,test
main_003042,1,berbew,0.9999999975575398,1,test
main_003043,1,wacatac,0.9999999955026304,1,test
main_003044,1,lockergoga,0.9999999995325974,1,test
main_003045,1,xmrig,1.0,1,test
main_003046,1,xmrig,1.0,1,test
main_003047,1,emdup,0.9999999999883002,1,test
main_003048,1,virut,0.9999999999987812,1,test
main_003049,1,xmrig,1.0,1,test
main_003050,1,scarletflash,0.9999999988758308,1,test
main_003051,1,lockergoga,0.9999999982180134,1,test
main_003052,1,bccrypt,0.9989468424137895,1,test
main_003053,0,unknown,6.663910407711361e-06,0,test
main_003054,0,unknown,1.1212788403149644e-05,0,test
main_003055,1,advertload,0.9983447006810251,1,test
main_003056,0,unknown,0.008240066337732757,0,test
main_003057,1,unknown,0.999999672381824,1,test
main_003058,0,unknown,0.001952277649708921,0,test
main_003059,0,unknown,0.0008523047644671065,0,test
main_003060,1,paradise,0.9979220436078156,1,test
main_003061,1,wacatac,0.9999999999985876,1,test
main_003062,0,unknown,1.5751149053885926e-10,0,test
main_003063,0,unknown,1.5875515119225161e-10,0,test
main_003064,0,unknown,0.00014411693380922825,0,test
main_003065,0,unknown,2.0491348186321622e-12,0,test
main_003066,1,unknown,0.9996926374490801,1,test
main_003067,0,unknown,3.8960116510651475e-05,0,test
main_003068,0,unknown,5.321853572241034e-08,0,test
main_003069,0,unknown,2.467716803882062e-08,0,test
main_003070,0,unknown,2.2432292584906732e-12,0,test
main_003071,0,unknown,1.1969464068386413e-07,0,test
main_003072,0,unknown,4.018062219820148e-10,0,test
main_003073,0,unknown,5.747377780715741e-10,0,test
main_003074,0,unknown,3.952259240362054e-09,0,test
main_003075,0,unknown,4.2642375691791524e-08,0,test
main_003076,0,unknown,2.2377787632704765e-09,0,test
main_003077,0,unknown,5.0792405781728925e-17,0,test
main_003078,1,unknown,0.999998883056194,1,test
main_003079,1,wacatac,0.9999999999531861,1,test
main_003080,0,unknown,5.544843244451629e-07,0,test
main_003081,1,webhancer,0.9184098206468748,1,test
main_003082,0,unknown,1.0710876346637051e-08,0,test
main_003083,0,unknown,2.1107597446828895e-08,0,test
main_003084,0,unknown,9.223362611959936e-07,0,test
main_003085,0,unknown,0.0001672581136103313,0,test
main_003086,0,unknown,3.489318416107393e-08,0,test
main_003087,0,unknown,1.2408876016421369e-05,0,test
main_003088,0,unknown,1.419610078849715e-09,0,test
main_003089,0,unknown,1.2904977399426694e-05,0,test
main_003090,0,unknown,2.0600220651390696e-11,0,test
main_003091,1,goshell,0.9999999937743975,1,test
main_003092,0,unknown,0.06911031632997372,1,test
main_003093,0,unknown,6.056029382792236e-13,0,test
main_003094,1,unknown,0.9999222980999475,1,test
main_003095,1,xmrig,0.9999999491320121,1,test
main_003096,1,wacatac,0.9999999999998517,1,test
main_003097,0,unknown,8.597187070407725e-12,0,test
main_003098,0,unknown,1.8070188291442565e-10,0,test
main_003099,0,unknown,6.225635887770949e-11,0,test
main_003100,0,unknown,4.74696548811061e-11,0,test
main_003101,0,unknown,1.5497902666741378e-07,0,test
main_003102,0,unknown,3.9431364605094636e-08,0,test
main_003103,0,unknown,1.7024647057176186e-13,0,test
main_003104,1,realprotect,0.9999999994189854,1,test
main_003105,1,wacatac,0.9998904442196009,1,test
main_003106,1,luna,0.9999999999995504,1,test
main_003107,0,unknown,7.708299008666451e-05,0,test
main_003108,0,unknown,1.1994338705876832e-07,0,test
main_003109,1,unknown,0.999966387731157,1,test
main_003110,1,unknown,0.999999921028756,1,test
main_003111,1,unknown,0.9984809490321361,1,test
main_003112,1,donut,0.9999999929450429,1,test
main_003113,0,unknown,2.5105108756925785e-07,0,test
main_003114,0,unknown,5.850634589170718e-07,0,test
main_003115,0,unknown,2.838218569640842e-07,0,test
main_003116,0,unknown,3.475507610494079e-08,0,test
main_003117,1,unknown,0.9999886786530818,1,test
main_003118,0,unknown,5.1222118270850566e-11,0,test
main_003119,0,unknown,3.0615445297665644e-07,0,test
main_003120,1,unknown,0.9999999317612869,1,test
main_003121,1,coroxy,0.9999999982017509,1,test
main_003122,0,unknown,0.0030275144174065497,0,test
main_003123,1,luna,0.9999999999999059,1,test
main_003124,1,unknown,0.9999999495722954,1,test
main_003125,1,banload,0.9999999999999998,1,test
main_003126,0,unknown,2.3938908432825885e-14,0,test
main_003127,0,unknown,2.3077566878672498e-10,0,test
main_003128,1,unknown,0.9995107739149051,1,test
main_003129,0,unknown,2.152883504638104e-09,0,test
main_003130,0,unknown,4.019605928909783e-09,0,test
main_003131,0,unknown,2.5067521717420946e-07,0,test
main_003132,0,unknown,2.987270779914021e-09,0,test
main_003133,0,unknown,9.257137080969703e-10,0,test
main_003134,0,unknown,8.461174097742637e-13,0,test
main_003135,0,unknown,2.592732947670123e-18,0,test
main_003136,1,stop,0.999891203116394,1,test
main_003137,1,wacatac,0.99936095535604,1,test
main_003138,0,unknown,5.8226185425946165e-08,0,test
main_003139,0,unknown,4.4779269726455746e-06,0,test
main_003140,1,derdero,0.9999967070684989,1,test
main_003141,1,wacatac,0.9999984316925155,1,test
main_003142,1,scarletflash,0.9999999999921243,1,test
main_003143,0,unknown,4.532489468324839e-11,0,test
main_003144,0,unknown,6.186173189272741e-13,0,test
main_003145,0,unknown,2.80716659394822e-12,0,test
main_003146,0,unknown,6.34403481200189e-13,0,test
main_003147,0,unknown,5.647390615348402e-13,0,test
main_003148,0,unknown,3.539579335643811e-09,0,test
main_003149,1,shelm,0.999999014432675,1,test
main_003150,0,unknown,2.3735285873216523e-07,0,test
main_003151,0,unknown,1.242691996855705e-06,0,test
main_003152,1,xmrig,0.9999999999998568,1,test
main_003153,0,unknown,7.395289094089195e-12,0,test
main_003154,0,unknown,6.216465943457174e-14,0,test
main_003155,0,unknown,8.940526714707241e-15,0,test
main_003156,0,unknown,3.7384455071394477e-13,0,test
main_003157,0,unknown,1.3030561272719823e-14,0,test
main_003158,0,unknown,1.8930851338530095e-15,0,test
main_003159,0,unknown,4.380130032639211e-12,0,test
main_003160,0,unknown,1.2186463461869845e-06,0,test
main_003161,0,unknown,1.7930346684552272e-08,0,test
main_003162,0,unknown,9.733954657154037e-08,0,test
main_003163,0,unknown,0.0006423093556918268,0,test
main_003164,0,unknown,9.289094790138805e-06,0,test
main_003165,1,unknown,0.9999999998745477,1,test
main_003166,0,unknown,5.0186764151578926e-12,0,test
main_003167,0,unknown,4.5016343634442986e-11,0,test
main_003168,0,unknown,2.0213023209035195e-11,0,test
main_003169,0,unknown,6.88463735361352e-07,0,test
main_003170,1,reversessh,0.9999607534012768,1,test
main_003171,1,convagent,0.9998560691547037,1,test
main_003172,0,unknown,7.61101705904964e-10,0,test
main_003173,0,unknown,3.7840626714657e-08,0,test
main_003174,1,shelm,0.999999999768745,1,test
main_003175,0,unknown,5.510038144252215e-09,0,test
main_003176,0,unknown,5.4320609553126986e-11,0,test
main_003177,1,expiro,0.9999999999992562,1,test
main_003178,0,unknown,0.003528350186394844,0,test
main_003179,0,unknown,3.901703321082049e-09,0,test
main_003180,0,unknown,1.0782172050656073e-15,0,test
main_003181,1,unknown,0.9807039950266594,1,test
main_003182,1,unknown,0.9999999729718024,1,test
main_003183,1,unknown,0.9999999463384028,1,test
main_003184,0,unknown,4.360685957222995e-08,0,test
main_003185,1,nuitka,0.9999924813469989,1,test
main_003186,0,unknown,3.0286691643156394e-08,0,test
main_003187,0,unknown,4.3719363201922415e-05,0,test
main_003188,1,unknown,0.9999999553261865,1,test
main_003189,0,unknown,3.7454493875713435e-06,0,test
main_003190,1,shelm,0.9999999794251981,1,test
main_003191,1,unknown,0.999999045862922,1,test
main_003192,0,unknown,2.4702220377965163e-05,0,test
main_003193,1,unknown,0.9999999999982156,1,test
main_003194,1,wacatac,0.9999999999975615,1,test
main_003195,1,lockergoga,0.9999999999999976,1,test
main_003196,1,unknown,0.9999999971499645,1,test
main_003197,1,fakecert,0.9990914865292173,1,test
main_003198,1,ammyy,0.9996994406835951,1,test
main_003199,1,unknown,0.9999999998471067,1,test
main_003200,1,scarletflash,0.9999999996034377,1,test
main_003201,0,unknown,6.22210758964517e-10,0,test
main_003202,1,wacatac,0.9812917944431366,1,test
main_003203,1,unknown,0.9999999999157905,1,test
main_003204,1,khalesi,0.997077706840068,1,test
main_003205,1,wacatac,0.9999999999952991,1,test
main_003206,1,shelm,0.9999999006708588,1,test
main_003207,0,unknown,0.0008497993049238995,0,test
main_003208,0,unknown,1.2845414652348874e-12,0,test
main_003209,1,banload,0.9999999999999998,1,test
main_003210,1,scarletflash,0.9999999243760778,1,test
main_003211,0,unknown,8.760460234040324e-06,0,test
main_003212,1,bedep,0.999969339966202,1,test
main_003213,1,wacatac,0.999999999429714,1,test
main_003214,0,unknown,1.287270141041282e-12,0,test
main_003215,0,unknown,3.6035563779353083e-07,0,test
main_003216,1,wacatac,0.9999125862076895,1,test
main_003217,1,povertel,0.9999999788574967,1,test
main_003218,0,unknown,6.429421722047021e-07,0,test
main_003219,1,wacatac,0.9999999932790018,1,test
main_003220,0,unknown,0.03148514235202687,1,test
main_003221,1,goshell,0.9999999987827013,1,test
main_003222,0,unknown,9.237019498226858e-05,0,test
main_003223,1,scarletflash,0.9999998267672425,1,test
main_003224,0,unknown,1.3408099721924126e-05,0,test
main_003225,1,havoc,0.9999999999870057,1,test
main_003226,1,stubo,0.9999999999999927,1,test
main_003227,0,unknown,5.241989677575982e-07,0,test
main_003228,0,unknown,3.4683689139703114e-12,0,test
main_003229,1,unknown,0.9990127919592358,1,test
main_003230,1,havoc,0.9999999987919097,1,test
main_003231,0,unknown,1.8434165351677036e-08,0,test
main_003232,0,unknown,8.42904264424487e-09,0,test
main_003233,0,unknown,9.717204942745057e-05,0,test
main_003234,1,unknown,0.999999936744083,1,test
main_003235,0,unknown,1.3098940801993327e-11,0,test
main_003236,0,unknown,4.057521729513093e-11,0,test
main_003237,0,unknown,1.8518148388578386e-11,0,test
main_003238,0,unknown,7.34604472918999e-11,0,test
main_003239,0,unknown,6.839939444400548e-08,0,test
main_003240,0,unknown,3.4570833280759353e-09,0,test
main_003241,0,unknown,1.6206413695044947e-08,0,test
main_003242,0,unknown,6.589356482454701e-12,0,test
main_003243,0,unknown,8.751530159058978e-10,0,test
main_003244,0,unknown,1.829755648763883e-07,0,test
main_003245,0,unknown,3.1660158824789195e-10,0,test
main_003246,1,unknown,0.999944339816674,1,test
main_003247,1,unknown,0.9999999927290812,1,test
main_003248,1,metasploit,0.999999899587766,1,test
main_003249,0,unknown,1.6156890789780264e-07,0,test
main_003250,0,unknown,4.959131155552753e-07,0,test
main_003251,0,unknown,7.635661694028869e-10,0,test
main_003252,1,unknown,0.9999999999986324,1,test
main_003253,0,unknown,5.733499234269518e-05,0,test
main_003254,0,unknown,2.8733652738012154e-11,0,test
main_003255,0,unknown,0.009937858808458214,0,test
main_003256,0,unknown,3.1269848696307394e-17,0,test
main_003257,0,unknown,2.6639968942430875e-11,0,test
main_003258,0,unknown,4.620747723342332e-11,0,test
main_003259,1,goshell,0.9999999960205135,1,test
main_003260,0,unknown,4.571692423047016e-18,0,test
main_003261,0,unknown,9.1636639057021e-11,0,test
main_003262,0,unknown,2.541074958184198e-11,0,test
main_003263,0,unknown,9.806016000755302e-11,0,test
main_003264,0,unknown,1.4965891262282894e-05,0,test
main_003265,0,unknown,4.143285643138154e-11,0,test
main_003266,0,unknown,6.828941861660202e-09,0,test
main_003267,0,unknown,6.139610550477043e-12,0,test
main_003268,0,unknown,7.34999947608764e-12,0,test
main_003269,0,unknown,4.2449500693747704e-12,0,test
main_003270,0,unknown,7.621620691114149e-08,0,test
main_003271,0,unknown,1.9890128463552054e-08,0,test
main_003272,0,unknown,0.0008265924829090479,0,test
main_003273,0,unknown,1.3433491353492026e-10,0,test
main_003274,0,unknown,1.0503387270582892e-10,0,test
main_003275,0,unknown,1.7428416560469076e-12,0,test
main_003276,0,unknown,1.3633869957623123e-07,0,test
main_003277,0,unknown,2.2372215964035162e-11,0,test
main_003278,0,unknown,6.855655338378225e-12,0,test
main_003279,0,unknown,2.0213045000035657e-11,0,test
main_003280,1,unknown,0.9999306513478586,1,test
main_003281,0,unknown,3.1887861910386956e-07,0,test
main_003282,1,cuegoe,0.9999999423195072,1,test
main_003283,0,unknown,6.003525183244233e-11,0,test
main_003284,0,unknown,3.2187201153221605e-06,0,test
main_003285,0,unknown,3.3501277773863616e-10,0,test
main_003286,0,unknown,2.028183079550466e-10,0,test
main_003287,0,unknown,5.250330435204181e-12,0,test
main_003288,0,unknown,6.166431640761503e-07,0,test
main_003289,0,unknown,2.7835479587467597e-09,0,test
main_003290,0,unknown,1.5983763952552447e-10,0,test
main_003291,0,unknown,1.2152619468758729e-08,0,test
main_003292,0,unknown,4.864579970799097e-07,0,test
main_003293,0,unknown,7.701961473391351e-11,0,test
main_003294,0,unknown,5.576385969072355e-12,0,test
main_003295,0,unknown,3.4461448453183646e-12,0,test
main_003296,0,unknown,3.094603477910657e-17,0,test
main_003297,0,unknown,4.175751732460454e-07,0,test
main_003298,0,unknown,3.818243385295671e-09,0,test
main_003299,0,unknown,3.5817249936634324e-09,0,test
main_003300,0,unknown,1.5449792160843484e-06,0,test
main_003301,0,unknown,2.3364909168314376e-11,0,test
main_003302,0,unknown,4.082840390574224e-09,0,test
main_003303,0,unknown,2.938868736517474e-11,0,test
main_003304,0,unknown,0.00034778891485392284,0,test
main_003305,0,unknown,5.853412267446329e-07,0,test
main_003306,0,unknown,3.3128507509176493e-07,0,test
main_003307,0,unknown,1.9587708417525396e-07,0,test
main_003308,0,unknown,3.090160944654001e-10,0,test
main_003309,0,unknown,5.46338230254416e-06,0,test
main_003310,0,unknown,4.746767021600803e-08,0,test
main_003311,0,unknown,6.778129912106603e-07,0,test
main_003312,0,unknown,5.376273627316284e-18,0,test
main_003313,0,unknown,7.040829123910082e-11,0,test
main_003314,0,unknown,1.103727657895033e-11,0,test
main_003315,1,almi,0.9999999996925086,1,test
main_003316,1,havoc,0.9999999918328567,1,test
main_003317,0,unknown,0.00013849279606953366,0,test
main_003318,0,unknown,6.1056870815792416e-18,0,test
main_003319,0,unknown,4.1745566550981164e-08,0,test
main_003320,1,qqrob,0.99999999998227,1,test
main_003321,1,unknown,0.9999999995911004,1,test
main_003322,0,unknown,1.558217107667652e-07,0,test
main_003323,1,grandoreiro,0.999999999999611,1,test
main_003324,1,shodi,0.9994868824858649,1,test
main_003325,1,hackkms,0.9987396592747781,1,test
main_003326,0,unknown,3.462370377229629e-08,0,test
main_003327,1,cuegoe,0.999999969751511,1,test
main_003328,1,berbew,0.9999999999939595,1,test
main_003329,1,scarletflash,0.9999962761536683,1,test
main_003330,0,unknown,0.00040008334515926,0,test
main_003331,0,unknown,1.4184007969188513e-13,0,test
main_003332,0,unknown,0.002385820303361714,0,test
main_003333,0,unknown,2.3148567740091244e-06,0,test
main_003334,1,berbew,0.9999999980776983,1,test
main_003335,1,xmrig,1.0,1,test
main_003336,0,unknown,2.727919556163198e-10,0,test
main_003337,1,berbew,0.9999999999949585,1,test
main_003338,1,xmrig,1.0,1,test
main_003339,0,unknown,2.6504910837155804e-07,0,test
main_003340,1,emdup,0.9999998113682769,1,test
main_003341,0,unknown,9.79718021291647e-10,0,test
main_003342,0,unknown,3.0415064628508095e-09,0,test
main_003343,1,xmrig,0.9999999999999993,1,test
main_003344,1,upatre,0.9999999999998539,1,test
main_003345,0,unknown,1.669840498030271e-11,0,test
main_003346,1,banload,0.9999999999999163,1,test
main_003347,1,cobaltstrike,0.99999999999834,1,test
main_003348,0,unknown,0.0008476931026487551,0,test
main_003349,1,wacatac,0.9999976310226094,1,test
main_003350,1,xmrig,1.0,1,test
main_003351,1,xmrig,0.9999997198001648,1,test
main_003352,1,xmrig,0.9999999999999993,1,test
main_003353,1,wabot,0.9999999983606263,1,test
main_003354,1,wacatac,0.9999999927776664,1,test
main_003355,1,berbew,0.9999949428817342,1,test
main_003356,1,berbew,0.9999999999999858,1,test
main_003357,1,berbew,0.999999999990556,1,test
main_003358,1,unknown,0.9999999927637371,1,test
main_003359,0,unknown,1.4350503451665397e-17,0,test
main_003360,1,mewsspy,0.9999992494924345,1,test
main_003361,1,qqrob,0.9999855962099974,1,test
main_003362,0,unknown,1.9234606601152842e-05,0,test
main_003363,1,upatre,0.9999999948698752,1,test
main_003364,1,banload,0.9999999999999643,1,test
main_003365,1,goft,0.9999999988126256,1,test
main_003366,1,unknown,0.9999999995909119,1,test
main_003367,1,wacatac,0.9999999999301712,1,test
main_003368,0,unknown,3.645725043841589e-06,0,test
main_003369,0,unknown,3.6428945776938936e-10,0,test
main_003370,0,unknown,1.2451286869292972e-06,0,test
main_003371,1,expiro,0.9999999890907393,1,test
main_003372,0,unknown,7.03020436148278e-09,0,test
main_003373,0,unknown,5.404263682592185e-06,0,test
main_003374,0,unknown,1.6285195819817253e-06,0,test
main_003375,0,unknown,9.503332867579158e-07,0,test
main_003376,1,berbew,0.9999999999999898,1,test
main_003377,1,wacatac,0.9999997360121349,1,test
main_003378,1,wacatac,0.9999999996352973,1,test
main_003379,1,khalesi,0.9999999999999201,1,test
main_003380,1,xmrig,0.9999999999999998,1,test
main_003381,0,unknown,1.3750839343154612e-10,0,test
main_003382,0,unknown,1.289506632002724e-07,0,test
main_003383,1,wacatac,0.9871742037862297,1,test
main_003384,1,unknown,0.9999933710202079,1,test
main_003385,1,cobaltstrike,0.9999994045832289,1,test
main_003386,1,dridex,0.9999999999910874,1,test
main_003387,1,xmrig,1.0,1,test
main_003388,1,unknown,0.9999958208666321,1,test
main_003389,1,disin,0.9999999999999756,1,test
main_003390,1,eggnog,0.9999999968004378,1,test
main_003391,1,xmrig,1.0,1,test
main_003392,1,blackv,0.9999994355168083,1,test
main_003393,1,berbew,0.9999999997051898,1,test
main_003394,1,cuegoe,0.9999999648395971,1,test
main_003395,1,unknown,0.9999999808090502,1,test
main_003396,0,unknown,7.298926325912961e-07,0,test
main_003397,1,emdup,0.9999999984755159,1,test
main_003398,0,unknown,1.1309216334172658e-08,0,test
main_003399,1,blackmoon,1.0,1,test
main_003400,1,xmrig,1.0,1,test
main_003401,1,xmrig,1.0,1,test
main_003402,1,xmrig,1.0,1,test
main_003403,1,xmrig,1.0,1,test
main_003404,0,unknown,0.005217346261710507,0,test
main_003405,1,xmrig,1.0,1,test
main_003406,1,xmrig,1.0,1,test
main_003407,0,unknown,0.030175425758952122,1,test
main_003408,1,unknown,0.9520493946194792,1,test
main_003409,0,unknown,8.310141040115811e-11,0,test
main_003410,1,xmrig,1.0,1,test
main_003411,1,berbew,0.9999993809067895,1,test
main_003412,0,unknown,0.001193109770492585,0,test
main_003413,1,expiro,0.9999986843765614,1,test
main_003414,1,eggnog,0.9999999999951266,1,test
main_003415,1,xmrig,1.0,1,test
main_003416,1,berbew,0.9999997322356025,1,test
main_003417,1,xmrig,1.0,1,test
main_003418,1,vindor,0.9999992772297291,1,test
main_003419,1,xmrig,1.0,1,test
main_003420,1,xmrig,1.0,1,test
main_003421,1,berbew,0.9999999999999978,1,test
main_003422,1,cuegoe,0.9999999717790481,1,test
main_003423,1,pemalform,0.9999987166041115,1,test
main_003424,1,xmrig,1.0,1,test
main_003425,0,unknown,3.417597559163296e-10,0,test
main_003426,0,unknown,1.8853022632126316e-12,0,test
main_003427,0,unknown,3.2917366639159753e-10,0,test
main_003428,0,unknown,3.5413347871553064e-13,0,test
main_003429,0,unknown,2.2387302182581994e-05,0,test
main_003430,0,unknown,1.8012358526311792e-10,0,test
main_003431,0,unknown,6.299633261891515e-09,0,test
main_003432,0,unknown,1.1072344754203837e-11,0,test
main_003433,0,unknown,9.673957392086235e-10,0,test
main_003434,0,unknown,9.396476417212046e-12,0,test
main_003435,0,unknown,1.7330180918818967e-07,0,test
main_003436,0,unknown,2.7006851083181824e-06,0,test
main_003437,0,unknown,4.353220012745613e-09,0,test
main_003438,0,unknown,2.0338477230526948e-08,0,test
main_003439,1,wacatac,0.9999570964810668,1,test
main_003440,0,unknown,1.50037610560326e-10,0,test
main_003441,1,disin,0.9999999999998537,1,test
main_003442,1,berbew,0.9999999995585829,1,test
main_003443,1,xmrig,0.9999999999999265,1,test
main_003444,1,xmrig,1.0,1,test
main_003445,1,xmrig,1.0,1,test
main_003446,1,multikey,0.9999815068023181,1,test
main_003447,1,xmrig,1.0,1,test
main_003448,1,xmrig,1.0,1,test
main_003449,1,xmrig,1.0,1,test
main_003450,0,unknown,1.3623939998099585e-05,0,test
main_003451,1,berbew,0.9999999904397082,1,test
main_003452,0,unknown,1.9294898251541626e-11,0,test
main_003453,1,wacatac,0.9999640824300252,1,test
main_003454,1,wacatac,0.9999999985954453,1,test
main_003455,0,unknown,6.787801385836685e-09,0,test
main_003456,0,unknown,5.621962877685492e-10,0,test
main_003457,0,unknown,5.956037491035675e-06,0,test
main_003458,0,unknown,1.6379682060001427e-09,0,test
main_003459,1,xmrig,1.0,1,test
main_003460,0,unknown,3.495672190394596e-06,0,test
main_003461,0,unknown,6.186379816046753e-10,0,test
main_003462,0,unknown,1.6282651041826966e-08,0,test
main_003463,0,unknown,7.79906292901051e-08,0,test
main_003464,0,unknown,6.308639390576576e-08,0,test
main_003465,0,unknown,3.0462025557156676e-08,0,test
main_003466,0,unknown,2.208434358501988e-08,0,test
main_003467,0,unknown,2.589580727372037e-07,0,test
main_003468,0,unknown,2.0406685307952798e-08,0,test
main_003469,1,fastreverseproxy,0.9992984163785301,1,test
main_003470,1,expiro,0.9999999999941718,1,test
main_003471,1,ogneglazka,0.9999998194001916,1,test
main_003472,1,banload,0.9999999999999925,1,test
main_003473,0,unknown,0.0004543464029035289,0,test
main_003474,1,xmrig,0.9999999986447643,1,test
main_003475,0,unknown,7.254572381458703e-14,0,test
main_003476,0,unknown,3.453957684814466e-08,0,test
main_003477,1,ogneglazka,0.9999999597876034,1,test
main_003478,1,xmrig,0.9999999999999996,1,test
main_003479,0,unknown,1.4823677553801808e-07,0,test
main_003480,1,wipass,0.9999999999993086,1,test
main_003481,1,xmrig,0.9999998021389284,1,test
main_003482,1,cuegoe,0.9999998180063845,1,test
main_003483,1,xmrig,1.0,1,test
main_003484,1,grandoreiro,0.9999999999995575,1,test
main_003485,1,unknown,0.999968246981222,1,test
main_003486,1,unknown,0.9999999473947804,1,test
main_003487,1,xmrig,1.0,1,test
main_003488,0,unknown,3.2816884003488253e-11,0,test
main_003489,0,unknown,1.0870330078972092e-05,0,test
main_003490,0,unknown,0.0018966852167670771,0,test
main_003491,0,unknown,2.3701401243259822e-12,0,test
main_003492,0,unknown,4.1157127134165486e-13,0,test
main_003493,0,unknown,2.820972560797544e-12,0,test
main_003494,0,unknown,1.8952446595452337e-13,0,test
main_003495,1,xmrig,1.0,1,test
main_003496,1,berbew,0.9999999999944624,1,test
main_003497,1,ogneglazka,0.9999999741392378,1,test
main_003498,0,unknown,2.6395356666830444e-07,0,test
main_003499,0,unknown,2.0760746757052667e-09,0,test
main_003500,0,unknown,5.204330056075977e-07,0,test
main_003501,0,unknown,9.605488913828436e-06,0,test
main_003502,0,unknown,5.368212479504931e-09,0,test
main_003503,0,unknown,5.152384989543318e-08,0,test
main_003504,0,unknown,2.403820172938461e-09,0,test
main_003505,0,unknown,5.380650408481911e-08,0,test
main_003506,0,unknown,6.425356086081319e-12,0,test
main_003507,0,unknown,5.506397319454047e-12,0,test
main_003508,0,unknown,8.738426232406429e-12,0,test
main_003509,0,unknown,5.278226560077106e-07,0,test
main_003510,0,unknown,1.8685410861719613e-10,0,test
main_003511,0,unknown,1.2383716853503422e-12,0,test
main_003512,0,unknown,1.652449195929861e-11,0,test
main_003513,0,unknown,2.1417085418199628e-08,0,test
main_003514,1,xmrig,1.0,1,test
main_003515,0,unknown,0.0011507015551086258,0,test
main_003516,1,wabot,0.9999999999520308,1,test
main_003517,1,xmrig,0.9999999999999887,1,test
main_003518,1,barys,0.9999999680042554,1,test
main_003519,0,unknown,2.2625766913663886e-07,0,test
main_003520,0,unknown,4.692929069430021e-08,0,test
main_003521,0,unknown,4.239662740771351e-13,0,test
main_003522,0,unknown,1.2973761917996435e-12,0,test
main_003523,0,unknown,1.7022614003728069e-12,0,test
main_003524,0,unknown,9.131676758800496e-13,0,test
main_003525,0,unknown,1.677851264204783e-13,0,test
main_003526,0,unknown,1.839176643527626e-13,0,test
main_003527,0,unknown,2.6183065037774894e-13,0,test
main_003528,0,unknown,6.972601085448254e-13,0,test
main_003529,0,unknown,6.876873004582758e-13,0,test
main_003530,0,unknown,2.7689719554876236e-12,0,test
main_003531,0,unknown,5.461119093076581e-14,0,test
main_003532,0,unknown,7.508263478718957e-12,0,test
main_003533,0,unknown,8.487486009196228e-11,0,test
main_003534,0,unknown,1.0316750062119453e-08,0,test
main_003535,0,unknown,2.908979499593206e-11,0,test
main_003536,0,unknown,3.695499728396947e-09,0,test
main_003537,0,unknown,0.00030809512549773415,0,test
main_003538,0,unknown,9.134269966233567e-05,0,test
main_003539,0,unknown,8.888158299055647e-07,0,test
main_003540,1,xmrig,1.0,1,test
main_003541,1,xmrig,0.9999999646361896,1,test
main_003542,0,unknown,6.925952450552366e-05,0,test
main_003543,0,unknown,2.335245628061753e-07,0,test
main_003544,0,unknown,0.0004958226331010096,0,test
main_003545,0,unknown,0.0006479032681655242,0,test
main_003546,0,unknown,4.650612262516973e-14,0,test
main_003547,0,unknown,1.413472501908628e-07,0,test
main_003548,0,unknown,9.53509396683847e-06,0,test
main_003549,0,unknown,3.9646208356970767e-07,0,test
main_003550,0,unknown,4.928278261925708e-05,0,test
main_003551,0,unknown,3.807346247475023e-09,0,test
main_003552,0,unknown,9.298257274016033e-09,0,test
main_003553,0,unknown,2.827287955841161e-09,0,test
main_003554,0,unknown,8.13677558664864e-10,0,test
main_003555,1,disco,0.9999463679600921,1,test
main_003556,0,unknown,8.380852087419105e-11,0,test
main_003557,1,trollav,0.9999999999997717,1,test
main_003558,0,unknown,8.107667778786608e-11,0,test
main_003559,0,unknown,0.0004453577644283991,0,test
main_003560,0,unknown,1.1008198258796835e-08,0,test
main_003561,0,unknown,3.0083416876725258e-09,0,test
main_003562,1,dorifel,0.999999964863486,1,test
main_003563,0,unknown,5.419297984305977e-08,0,test
main_003564,0,unknown,7.827700890985577e-09,0,test
main_003565,0,unknown,4.894472124299384e-06,0,test
main_003566,0,unknown,1.5704632637870619e-13,0,test
main_003567,0,unknown,2.56095981732363e-10,0,test
main_003568,0,unknown,7.263050434247162e-10,0,test
main_003569,0,unknown,2.5624012839833176e-12,0,test
main_003570,0,unknown,5.880545625961456e-12,0,test
main_003571,0,unknown,6.28975360948587e-06,0,test
main_003572,0,unknown,8.901061417062481e-07,0,test
main_003573,1,emdup,0.9999999981090657,1,test
main_003574,1,r77rootkit,0.9999999900192044,1,test
main_003575,1,wacatac,0.9999999999999412,1,test
main_003576,0,unknown,1.2826935499047564e-17,0,test
main_003577,0,unknown,3.53673237095908e-06,0,test
main_003578,0,unknown,3.7600972694289844e-06,0,test
main_003579,1,unknown,0.9999963220630393,1,test
main_003580,0,unknown,1.0114745794880257e-08,0,test
main_003581,0,unknown,1.5044780606667618e-09,0,test
main_003582,1,shipshape,0.9999999999713689,1,test
main_003583,1,scarletflash,0.999999639244578,1,test
main_003584,1,fastreverseproxy,0.9999719899240708,1,test
main_003585,0,unknown,5.288636523181753e-09,0,test
main_003586,1,zeus,0.9999999999873939,1,test
main_003587,1,batavprockill,0.9999999957478773,1,test
main_003588,0,unknown,3.446403651752794e-10,0,test
main_003589,0,unknown,5.076086256979063e-10,0,test
main_003590,0,unknown,9.397454334408702e-10,0,test
main_003591,0,unknown,4.003035324743591e-11,0,test
main_003592,0,unknown,3.725558289377072e-05,0,test
main_003593,0,unknown,1.9694701153978586e-09,0,test
main_003594,0,unknown,1.081850505236951e-09,0,test
main_003595,1,wacatac,0.9999989557955272,1,test
main_003596,0,unknown,3.7390703561567103e-10,0,test
main_003597,0,unknown,6.51552739130363e-09,0,test
main_003598,0,unknown,0.00013695255073378467,0,test
main_003599,1,unknown,0.999999999992429,1,test
main_003600,1,wacatac,0.9999999999998082,1,test
main_003601,1,areses,0.9999999997754159,1,test
main_003602,1,unknown,0.9999999999924467,1,test
main_003603,1,areses,0.9999995804971508,1,test
main_003604,1,fastreverseproxy,0.9999969880947444,1,test
main_003605,1,unknown,0.9999999998913738,1,test
main_003606,1,unknown,0.9999999999720945,1,test
main_003607,1,areses,0.9999999999991191,1,test
main_003608,1,areses,0.9999998787224658,1,test
main_003609,1,areses,0.9999956950234481,1,test
main_003610,1,areses,0.9999999959080041,1,test
main_003611,1,unknown,0.9999854148316965,1,test
main_003612,1,cobaltstrike,0.9999996773762669,1,test
main_003613,0,unknown,7.458736356286009e-07,0,test
main_003614,0,unknown,3.77923101348829e-11,0,test
main_003615,0,unknown,1.5280969885837667e-08,0,test
main_003616,0,unknown,1.4201642081108661e-11,0,test
main_003617,0,unknown,1.0187663559340912e-07,0,test
main_003618,0,unknown,4.534883768816277e-06,0,test
main_003619,0,unknown,7.595468256507007e-10,0,test
main_003620,0,unknown,2.064552890637123e-11,0,test
main_003621,1,donut,0.997155428350465,1,test
main_003622,0,unknown,5.333216294828236e-12,0,test
main_003623,0,unknown,2.325539751330606e-13,0,test
main_003624,0,unknown,3.6416946490572545e-11,0,test
main_003625,0,unknown,2.4725602247427204e-11,0,test
main_003626,1,unknown,0.9999999996134608,1,test
main_003627,0,unknown,3.5310383188094474e-05,0,test
main_003628,0,unknown,0.001566900438233555,0,test
main_003629,1,znyonm,0.9999999928017811,1,test
main_003630,0,unknown,0.016166016469775495,1,test
main_003631,0,unknown,7.018436212178411e-14,0,test
main_003632,0,unknown,1.7659651671385046e-07,0,test
main_003633,0,unknown,7.554113823465966e-12,0,test
main_003634,0,unknown,1.807717482515677e-14,0,test
main_003635,0,unknown,8.217608893075933e-15,0,test
main_003636,0,unknown,7.933529454405622e-15,0,test
main_003637,0,unknown,2.0650235023817113e-16,0,test
main_003638,0,unknown,3.311792026694266e-15,0,test
main_003639,0,unknown,6.592007348776038e-10,0,test
main_003640,0,unknown,1.777217671474953e-14,0,test
main_003641,0,unknown,1.2912707081605294e-08,0,test
main_003642,0,unknown,2.1579813500960321e-13,0,test
main_003643,0,unknown,4.5276380283376166e-14,0,test
main_003644,0,unknown,9.405349599990603e-14,0,test
main_003645,0,unknown,7.811865165157683e-13,0,test
main_003646,1,scarletflash,0.9999999949812837,1,test
main_003647,0,unknown,8.466568247229039e-08,0,test
main_003648,1,unknown,0.9999999998902349,1,test
main_003649,0,unknown,2.343549312992361e-07,0,test
main_003650,1,metasploit,0.999999999444761,1,test
main_003651,1,unknown,0.9999997925653847,1,test
main_003652,0,unknown,4.299119673857205e-09,0,test
main_003653,0,unknown,1.5967038039600863e-06,0,test
main_003654,1,unknown,0.9999999999999645,1,test
main_003655,0,unknown,1.3553907614404027e-06,0,test
main_003656,0,unknown,2.4152788311227613e-06,0,test
main_003657,1,jatif,0.9999711482643182,1,test
main_003658,0,unknown,7.620750932902221e-09,0,test
main_003659,0,unknown,1.9033004646861524e-12,0,test
main_003660,0,unknown,1.8846717160656133e-11,0,test
main_003661,0,unknown,1.3289211952950324e-13,0,test
main_003662,0,unknown,1.6473051448675371e-09,0,test
main_003663,0,unknown,4.460557027547529e-08,0,test
main_003664,0,unknown,1.5476333924626435e-11,0,test
main_003665,0,unknown,9.781461461946414e-09,0,test
main_003666,0,unknown,1.0188196535796296e-11,0,test
main_003667,0,unknown,2.8799877305194304e-11,0,test
main_003668,0,unknown,3.51276339925388e-10,0,test
main_003669,0,unknown,1.3568566637373498e-10,0,test
main_003670,0,unknown,6.497537145860684e-10,0,test
main_003671,0,unknown,2.3289681894987188e-06,0,test
main_003672,0,unknown,6.924989828924488e-10,0,test
main_003673,0,unknown,1.4485048901997167e-12,0,test
main_003674,0,unknown,1.206204352482342e-11,0,test
main_003675,0,unknown,2.5010968601670762e-11,0,test
main_003676,0,unknown,8.422975200459748e-09,0,test
main_003677,0,unknown,1.6982133621102087e-07,0,test
main_003678,0,unknown,2.8733762296748507e-10,0,test
main_003679,0,unknown,1.9388231844687916e-12,0,test
main_003680,0,unknown,1.437650247725067e-12,0,test
main_003681,0,unknown,1.5278147178615686e-11,0,test
main_003682,0,unknown,2.5978828297369674e-06,0,test
main_003683,0,unknown,2.844628425091467e-10,0,test
main_003684,0,unknown,0.0001069400036276037,0,test
main_003685,0,unknown,1.7621878019299233e-11,0,test
main_003686,0,unknown,3.688601708857382e-11,0,test
main_003687,0,unknown,6.275369077371859e-08,0,test
main_003688,0,unknown,3.077010085867502e-12,0,test
main_003689,0,unknown,2.1910706636163867e-11,0,test
main_003690,0,unknown,9.971303010625354e-09,0,test
main_003691,0,unknown,3.323008033733838e-09,0,test
main_003692,1,unknown,0.9999998669541322,1,test
main_003693,1,wacatac,0.999821091088378,1,test
main_003694,1,upatre,0.9999999999962064,1,test
main_003695,1,unknown,0.9999999999999525,1,test
main_003696,1,r77rootkit,0.9999999682382313,1,test
main_003697,0,unknown,2.5276811400273897e-08,0,test
main_003698,1,unknown,0.9999983076733767,1,test
main_003699,1,unknown,0.9999997566047079,1,test
main_003700,0,unknown,1.1916639953494964e-13,0,test
main_003701,0,unknown,1.6876981156641153e-11,0,test
main_003702,0,unknown,2.0344791824656203e-07,0,test
main_003703,0,unknown,8.610323057772151e-07,0,test
main_003704,0,unknown,2.3277514993659744e-11,0,test
main_003705,0,unknown,4.35056158669248e-05,0,test
main_003706,0,unknown,1.4388118424372114e-13,0,test
main_003707,0,unknown,7.420909252605467e-11,0,test
main_003708,0,unknown,8.120454569106438e-11,0,test
main_003709,1,polypatch,0.9999999433640011,1,test
main_003710,1,crypmodng,0.9999999999987286,1,test
main_003711,0,unknown,5.595280597711734e-05,0,test
main_003712,1,unknown,0.9700410530330456,1,test
main_003713,1,sfone,0.9999999999999041,1,test
main_003714,0,unknown,1.135593946341413e-07,0,test
main_003715,1,hwatch,0.9946106267921386,1,test
main_003716,1,unknown,0.9999999903904385,1,test
main_003717,1,phonzy,0.9999937327738904,1,test
main_003718,0,unknown,8.359392621235425e-06,0,test
main_003719,0,unknown,1.3624272505525314e-11,0,test
main_003720,0,unknown,6.8586363707016495e-12,0,test
main_003721,0,unknown,4.70714544692582e-14,0,test
main_003722,0,unknown,1.0615966169123039e-12,0,test
main_003723,0,unknown,2.530368912030482e-11,0,test
main_003724,0,unknown,2.9497721871670963e-08,0,test
main_003725,0,unknown,6.061470292987082e-12,0,test
main_003726,0,unknown,5.1581252417673186e-12,0,test
main_003727,0,unknown,1.1534364355760847e-12,0,test
main_003728,0,unknown,1.4343540809893993e-12,0,test
main_003729,0,unknown,2.330982757462609e-09,0,test
main_003730,0,unknown,4.159608024820397e-12,0,test
main_003731,0,unknown,1.1376281815421404e-08,0,test
main_003732,0,unknown,8.766858284708253e-07,0,test
main_003733,0,unknown,2.434598291544925e-07,0,test
main_003734,1,unknown,0.9999983766337858,1,test
main_003735,1,metasploit,0.9999999999309512,1,test
main_003736,0,unknown,8.322401816938638e-07,0,test
main_003737,1,xmrig,1.0,1,test
main_003738,0,unknown,4.518639476335632e-12,0,test
main_003739,0,unknown,2.423746384445057e-07,0,test
main_003740,1,xmrig,1.0,1,test
main_003741,1,wacatac,0.9999999999999512,1,test
main_003742,0,unknown,3.9434076127998484e-06,0,test
main_003743,0,unknown,6.527243692572013e-06,0,test
main_003744,0,unknown,2.292935216681782e-06,0,test
main_003745,0,unknown,2.9097786846766547e-08,0,test
main_003746,0,unknown,6.082294807882474e-08,0,test
main_003747,0,unknown,8.503091821789775e-07,0,test
main_003748,0,unknown,4.497249329492674e-05,0,test
main_003749,0,unknown,1.6450856185484615e-05,0,test
main_003750,0,unknown,4.930565525107211e-10,0,test
main_003751,1,bedep,0.9999999411711754,1,test
main_003752,0,unknown,3.2707250055535825e-13,0,test
main_003753,0,unknown,2.8776657112643467e-08,0,test
main_003754,1,ipamor,0.9999973100183224,1,test
main_003755,0,unknown,2.455652762251906e-07,0,test
main_003756,1,goft,0.9999999995353688,1,test
main_003757,0,unknown,2.2120882088297717e-10,0,test
main_003758,1,unknown,0.94329884175499,1,test
main_003759,0,unknown,5.313851279320354e-09,0,test
main_003760,0,unknown,3.565061980680344e-08,0,test
main_003761,0,unknown,1.1453997629750115e-11,0,test
main_003762,0,unknown,1.7280349121281548e-06,0,test
main_003763,0,unknown,9.263048261427842e-08,0,test
main_003764,1,plugx,0.999999957433259,1,test
main_003765,1,diztakun,0.9999949527748405,1,test
main_003766,0,unknown,1.0363565806927726e-06,0,test
main_003767,1,wacatac,0.9999999595946564,1,test
main_003768,1,berbew,0.999999999996378,1,test
main_003769,1,berbew,0.999999378999312,1,test
main_003770,0,unknown,0.0850431030244317,1,test
main_003771,1,dinwod,1.0,1,test
main_003772,1,cosmu,0.9999999999969691,1,test
main_003773,1,upatre,0.9999999999894589,1,test
main_003774,1,unknown,0.999998616306543,1,test
main_003775,1,unknown,0.9999169098238637,1,test
main_003776,0,unknown,9.903698067463178e-09,0,test
main_003777,0,unknown,9.435689674617084e-14,0,test
main_003778,0,unknown,0.00010287258330565009,0,test
main_003779,0,unknown,7.37791824849507e-08,0,test
main_003780,0,unknown,6.722540354141825e-13,0,test
main_003781,0,unknown,6.936199944978348e-10,0,test
main_003782,0,unknown,2.074054549682248e-09,0,test
main_003783,0,unknown,3.3885930029790705e-08,0,test
main_003784,0,unknown,3.640029457321545e-10,0,test
main_003785,0,unknown,3.7099929463864835e-10,0,test
main_003786,0,unknown,6.686180384923947e-08,0,test
main_003787,0,unknown,3.260190240283956e-11,0,test
main_003788,0,unknown,1.022819135349202e-13,0,test
main_003789,0,unknown,3.553724705498638e-11,0,test
main_003790,0,unknown,5.922669309798291e-14,0,test
main_003791,0,unknown,3.1085924278667865e-14,0,test
main_003792,0,unknown,4.43602665107915e-09,0,test
main_003793,0,unknown,2.911338233570254e-13,0,test
main_003794,0,unknown,5.926066964875937e-06,0,test
main_003795,0,unknown,5.828490986840499e-13,0,test
main_003796,0,unknown,4.158084966553823e-12,0,test
main_003797,0,unknown,1.480676365938925e-12,0,test
main_003798,0,unknown,9.58868760127273e-10,0,test
main_003799,0,unknown,3.0115648646530134e-08,0,test
main_003800,1,unknown,0.9999982010007676,1,test
main_003801,0,unknown,8.481832791753848e-07,0,test
main_003802,1,dorshel,0.9999851430277437,1,test
main_003803,0,unknown,2.958833223136622e-12,0,test
main_003804,0,unknown,4.786887374629297e-14,0,test
main_003805,0,unknown,5.81497693190163e-11,0,test
main_003806,0,unknown,5.481727804715285e-13,0,test
main_003807,0,unknown,7.382028977661822e-12,0,test
main_003808,1,xmrig,0.999999999999349,1,test
main_003809,0,unknown,0.025124907010568947,1,test
main_003810,1,scarletflash,0.9999999999599285,1,test
main_003811,0,unknown,5.937137520845168e-06,0,test
main_003812,1,almi,0.999999999999758,1,test
main_003813,0,unknown,6.380568636071574e-09,0,test
main_003814,0,unknown,3.6887541806683396e-08,0,test
main_003815,1,redline,0.9999679197237001,1,test
main_003816,0,unknown,0.0032676546387213905,0,test
main_003817,1,sliver,0.9999999444235745,1,test
main_003818,0,unknown,3.5139429399046544e-09,0,test
main_003819,0,unknown,0.0023256236235742896,0,test
main_003820,0,unknown,2.052860583958136e-06,0,test
main_003821,0,unknown,4.6652306061316205e-06,0,test
main_003822,0,unknown,2.5766063137318755e-08,0,test
main_003823,0,unknown,2.6514965871099193e-07,0,test
main_003824,0,unknown,2.3965745107135304e-14,0,test
main_003825,0,unknown,1.5356470863195706e-15,0,test
main_003826,0,unknown,3.0669749068748563e-14,0,test
main_003827,0,unknown,3.482640068187477e-14,0,test
main_003828,0,unknown,5.581935560642213e-07,0,test
main_003829,0,unknown,2.0080250010710173e-13,0,test
main_003830,0,unknown,3.595721795951184e-08,0,test
main_003831,0,unknown,2.9167033883916388e-09,0,test
main_003832,0,unknown,1.6960315309438239e-10,0,test
main_003833,0,unknown,1.2509903289194038e-09,0,test
main_003834,0,unknown,5.118243402618617e-11,0,test
main_003835,0,unknown,2.2435749606368026e-08,0,test
main_003836,0,unknown,0.00011829663735750936,0,test
main_003837,0,unknown,2.859487599909801e-07,0,test
main_003838,0,unknown,1.2461869982379237e-08,0,test
main_003839,0,unknown,2.5433718968291515e-12,0,test
main_003840,0,unknown,2.2270657053649242e-08,0,test
main_003841,0,unknown,3.221210181187384e-13,0,test
main_003842,0,unknown,6.714988000541643e-13,0,test
main_003843,0,unknown,9.241026309339813e-05,0,test
main_003844,0,unknown,3.829552561103622e-12,0,test
main_003845,0,unknown,6.029410233074086e-13,0,test
main_003846,0,unknown,5.738716157156947e-14,0,test
main_003847,0,unknown,1.8522769149979464e-08,0,test
main_003848,0,unknown,1.9430002311881087e-07,0,test
main_003849,0,unknown,2.000305025298019e-06,0,test
main_003850,0,unknown,1.9164865156430722e-11,0,test
main_003851,0,unknown,1.4068653562506352e-11,0,test
main_003852,0,unknown,9.265996614998796e-06,0,test
main_003853,0,unknown,7.348994596056568e-06,0,test
main_003854,0,unknown,2.8352196850228797e-10,0,test
main_003855,1,lotok,0.9999971067565072,1,test
main_003856,0,unknown,5.299161518218964e-17,0,test
main_003857,0,unknown,3.0952649357022003e-10,0,test
main_003858,1,redline,0.9995088417656166,1,test
main_003859,1,unknown,0.9999999998051066,1,test
main_003860,1,aloneguid,0.9999986510779745,1,test
main_003861,1,unknown,0.9999981510620866,1,test
main_003862,0,unknown,1.5003721428367827e-09,0,test
main_003863,1,cobaltstrike,0.9999999999553482,1,test
main_003864,0,unknown,8.758063127332671e-09,0,test
main_003865,0,unknown,2.0884584064031525e-10,0,test
main_003866,0,unknown,6.751240074095327e-08,0,test
main_003867,0,unknown,2.0834566109931315e-07,0,test
main_003868,0,unknown,0.00011098754645323027,0,test
main_003869,0,unknown,7.828496049483469e-07,0,test
main_003870,0,unknown,4.335038048348472e-12,0,test
main_003871,0,unknown,1.7087575046544845e-16,0,test
main_003872,1,wacatac,0.9999999999999754,1,test
main_003873,1,bedep,0.9999999999995601,1,test
main_003874,0,unknown,1.3109500095379144e-05,0,test
main_003875,1,scarletflash,0.9999996557527783,1,test
main_003876,0,unknown,1.0168401529599287e-07,0,test
main_003877,0,unknown,1.9184837830146638e-10,0,test
main_003878,1,unknown,0.9999999993873137,1,test
main_003879,0,unknown,2.1146150106078692e-08,0,test
main_003880,0,unknown,7.698890774785641e-08,0,test
main_003881,1,unknown,0.9999998427566307,1,test
main_003882,1,unknown,0.9999999999999438,1,test
main_003883,0,unknown,3.187260850638429e-11,0,test
main_003884,0,unknown,0.0018200219011395373,0,test
main_003885,0,unknown,9.97457805374464e-10,0,test
main_003886,0,unknown,2.6089842600601956e-10,0,test
main_003887,0,unknown,1.6922469829036497e-06,0,test
main_003888,0,unknown,1.968702568817357e-11,0,test
main_003889,0,unknown,4.264778822262734e-09,0,test
main_003890,0,unknown,7.109328314953797e-11,0,test
main_003891,1,fabookie,0.998985399673949,1,test
main_003892,1,unknown,0.9999779240148514,1,test
main_003893,1,wacatac,0.9455774248824276,1,test
main_003894,0,unknown,1.2266756957559816e-12,0,test
main_003895,0,unknown,1.4915896550593236e-09,0,test
main_003896,0,unknown,1.0224736858108769e-08,0,test
main_003897,0,unknown,1.256527330358744e-06,0,test
main_003898,1,turtleloader,0.9999999999995552,1,test
main_003899,0,unknown,2.5425126894803774e-08,0,test
main_003900,0,unknown,1.6886600265454053e-05,0,test
main_003901,1,unknown,0.9999999996903597,1,test
main_003902,0,unknown,4.165301877508195e-07,0,test
main_003903,0,unknown,4.315220144093053e-06,0,test
main_003904,1,flystudio,0.9989890742440704,1,test
main_003905,0,unknown,1.404247711726239e-07,0,test
main_003906,1,unknown,0.999954044341036,1,test
main_003907,1,disco,0.9999999890349606,1,test
main_003908,0,unknown,5.10136995068429e-11,0,test
main_003909,0,unknown,4.711706472732231e-05,0,test
main_003910,0,unknown,2.447202614940918e-06,0,test
main_003911,1,disin,0.9999999999983189,1,test
main_003912,1,exebundle,0.9998354472770485,1,test
main_003913,1,berbew,0.999999999999724,1,test
main_003914,1,grandoreiro,0.9999999998982079,1,test
main_003915,0,unknown,7.504842693512891e-11,0,test
main_003916,1,unknown,0.9999999979995253,1,test
main_003917,1,alien,0.999999896326453,1,test
main_003918,0,unknown,9.812017249499094e-05,0,test
main_003919,1,expiro,0.9999999999869436,1,test
main_003920,1,redline,0.9999992052097826,1,test
main_003921,1,acapulco,0.9999987903245282,1,test
main_003922,0,unknown,6.484193576303324e-11,0,test
main_003923,0,unknown,8.008193146735681e-08,0,test
main_003924,1,convagent,0.9999986862936375,1,test
main_003925,1,nuitka,0.9994890914232494,1,test
main_003926,0,unknown,3.873427821694643e-12,0,test
main_003927,1,metasploit,0.9999999999995473,1,test
main_003928,1,lotok,0.9999991303903012,1,test
main_003929,1,unknown,0.9999986419329143,1,test
main_003930,0,unknown,1.1324574408571967e-08,0,test
main_003931,1,andromeda,0.9997315207275778,1,test
main_003932,0,unknown,4.134460081477721e-07,0,test
main_003933,0,unknown,7.221746588933448e-09,0,test
main_003934,0,unknown,4.778143418444502e-06,0,test
main_003935,1,premine,0.9999999999999782,1,test
main_003936,0,unknown,0.00032190836353025785,0,test
main_003937,1,metasploit,0.9999999999504932,1,test
main_003938,0,unknown,0.015596600835100276,1,test
main_003939,1,convagent,0.9999999236104472,1,test
main_003940,1,sality,0.9999998411687602,1,test
main_003941,1,wacatac,0.9999981341186414,1,test
main_003942,0,unknown,0.0010869284717991584,0,test
main_003943,0,unknown,1.6272564214078355e-11,0,test
main_003944,0,unknown,1.654639973748867e-12,0,test
main_003945,0,unknown,3.2122250433054107e-12,0,test
main_003946,0,unknown,1.1152761576148295e-11,0,test
main_003947,0,unknown,4.9319109611619543e-14,0,test
main_003948,0,unknown,7.802882305942863e-12,0,test
main_003949,0,unknown,1.1205361853963273e-11,0,test
main_003950,0,unknown,7.509177714686618e-12,0,test
main_003951,0,unknown,3.3960796731532974e-13,0,test
main_003952,0,unknown,1.9227109173347806e-08,0,test
main_003953,0,unknown,1.1261456404747974e-09,0,test
main_003954,1,agenttesla,0.9977487110907048,1,test
main_003955,0,unknown,6.589649907849161e-05,0,test
main_003956,1,luna,0.999999999999925,1,test
main_003957,0,unknown,6.769963201496515e-11,0,test
main_003958,0,unknown,6.243653721284609e-05,0,test
main_003959,0,unknown,8.841691760645675e-08,0,test
main_003960,0,unknown,0.022464639641989737,1,test
main_003961,0,unknown,5.669349928970041e-10,0,test
main_003962,0,unknown,2.1695357816600092e-12,0,test
main_003963,0,unknown,2.782593789730555e-08,0,test
main_003964,0,unknown,2.3398524457044175e-09,0,test
main_003965,0,unknown,1.396412481053025e-09,0,test
main_003966,0,unknown,1.4029385579853947e-08,0,test
main_003967,0,unknown,6.856083785311435e-06,0,test
main_003968,1,alien,0.9999999999997522,1,test
main_003969,0,unknown,0.00015261894960366296,0,test
main_003970,0,unknown,1.010490523301315e-12,0,test
main_003971,0,unknown,4.0344125261060754e-10,0,test
main_003972,0,unknown,9.020572770797822e-09,0,test
main_003973,0,unknown,8.356650292538384e-05,0,test
main_003974,0,unknown,2.1421728674935143e-11,0,test
main_003975,0,unknown,3.682498822678088e-10,0,test
main_003976,0,unknown,9.068355677410208e-13,0,test
main_003977,0,unknown,1.9705238040260254e-15,0,test
main_003978,0,unknown,1.947901834578706e-10,0,test
main_003979,0,unknown,3.9252263189679704e-10,0,test
main_003980,0,unknown,1.0678298000958094e-12,0,test
main_003981,0,unknown,2.3568023639782374e-10,0,test
main_003982,0,unknown,1.4037925192159535e-07,0,test
main_003983,0,unknown,9.908352673399866e-07,0,test
main_003984,1,unknown,0.9926031676435182,1,test
main_003985,0,unknown,1.34326486728421e-09,0,test
main_003986,0,unknown,5.307242762845375e-08,0,test
main_003987,0,unknown,7.209411173219315e-05,0,test
main_003988,0,unknown,7.373632667065613e-11,0,test
main_003989,0,unknown,3.789630220289271e-11,0,test
main_003990,0,unknown,1.4178871561294717e-09,0,test
main_003991,0,unknown,2.2985524210016684e-10,0,test
main_003992,0,unknown,1.6983568337200807e-10,0,test
main_003993,0,unknown,1.0254763342637257e-09,0,test
main_003994,0,unknown,2.7578351216481725e-10,0,test
main_003995,0,unknown,2.1639194021843878e-10,0,test
main_003996,0,unknown,2.1274793946249034e-08,0,test
main_003997,0,unknown,2.4306284500146007e-10,0,test
main_003998,0,unknown,1.0398430636865105e-07,0,test
main_003999,0,unknown,3.151371261386474e-08,0,test
main_004000,0,unknown,9.835593331674763e-09,0,test
main_004001,0,unknown,3.7565019958304147e-10,0,test
main_004002,0,unknown,6.778085374884526e-10,0,test
main_004003,0,unknown,5.66208129169174e-10,0,test
main_004004,0,unknown,9.361576353997536e-08,0,test
main_004005,0,unknown,4.102266640579447e-06,0,test
main_004006,0,unknown,5.529138332200562e-08,0,test
main_004007,1,unknown,0.999999999999615,1,test
main_004008,0,unknown,1.121458361301094e-06,0,test
main_004009,0,unknown,3.969880529760985e-09,0,test
main_004010,0,unknown,5.081380180676011e-09,0,test
main_004011,0,unknown,3.0991347260600403e-09,0,test
main_004012,0,unknown,9.973812777260995e-08,0,test
main_004013,0,unknown,2.0401995263133055e-09,0,test
main_004014,0,unknown,2.833235679504114e-08,0,test
main_004015,0,unknown,6.460645022008483e-08,0,test
main_004016,0,unknown,1.0554672653965102e-08,0,test
main_004017,1,disin,0.9999999999997096,1,test
main_004018,1,unknown,0.8545104153938148,1,test
main_004019,0,unknown,9.84583414431519e-09,0,test
main_004020,0,unknown,2.4168942102864913e-08,0,test
main_004021,0,unknown,6.747732981674613e-07,0,test
main_004022,0,unknown,5.570612364525447e-07,0,test
main_004023,0,unknown,2.7706210385577144e-10,0,test
main_004024,0,unknown,6.124101797207164e-11,0,test
main_004025,0,unknown,1.0245443529958956e-08,0,test
main_004026,0,unknown,1.0119529216903253e-07,0,test
main_004027,0,unknown,5.139622922925403e-10,0,test
main_004028,0,unknown,7.284961220282898e-10,0,test
main_004029,0,unknown,3.222037372178458e-07,0,test
main_004030,0,unknown,2.690708585147562e-08,0,test
main_004031,0,unknown,5.925540550749351e-07,0,test
main_004032,0,unknown,1.157390373182619e-07,0,test
main_004033,0,unknown,1.9310061089327716e-08,0,test
main_004034,0,unknown,7.710653691147912e-07,0,test
main_004035,0,unknown,3.611815809995907e-07,0,test
main_004036,0,unknown,1.612479864456486e-06,0,test
main_004037,0,unknown,1.1808726355850657e-06,0,test
main_004038,0,unknown,1.4757801612822976e-08,0,test
main_004039,0,unknown,1.1540032643219871e-08,0,test
main_004040,0,unknown,1.9389261521651633e-08,0,test
main_004041,0,unknown,6.336918607166836e-08,0,test
main_004042,0,unknown,5.0453373936917614e-08,0,test
main_004043,0,unknown,7.203637964034596e-08,0,test
main_004044,0,unknown,1.694857341013113e-08,0,test
main_004045,0,unknown,5.24934815100349e-07,0,test
main_004046,0,unknown,1.3106009735983996e-10,0,test
main_004047,0,unknown,9.004098265614512e-10,0,test
main_004048,0,unknown,3.986712182031329e-10,0,test
main_004049,0,unknown,9.391824883577132e-08,0,test
main_004050,0,unknown,2.691656200354964e-09,0,test
main_004051,0,unknown,1.6517818650604876e-09,0,test
main_004052,0,unknown,4.039057316901737e-09,0,test
main_004053,0,unknown,3.623215756222083e-09,0,test
main_004054,0,unknown,1.972562255584458e-08,0,test
main_004055,0,unknown,1.2397481289485717e-07,0,test
main_004056,0,unknown,4.309064709336558e-09,0,test
main_004057,0,unknown,3.111505942985028e-10,0,test
main_004058,0,unknown,4.530019800371768e-09,0,test
main_004059,0,unknown,2.620438580679298e-08,0,test
main_004060,1,unknown,0.9999891470915563,1,test
main_004061,0,unknown,3.689780459092159e-09,0,test
main_004062,0,unknown,8.707313036513319e-08,0,test
main_004063,0,unknown,1.9207586079021222e-10,0,test
main_004064,0,unknown,1.7693704885562784e-09,0,test
main_004065,0,unknown,9.803986122991242e-09,0,test
main_004066,0,unknown,2.4579267919600867e-08,0,test
main_004067,0,unknown,9.382301277131642e-09,0,test
main_004068,0,unknown,4.769507821868051e-10,0,test
main_004069,0,unknown,1.445786516091789e-08,0,test
main_004070,0,unknown,9.824074691920794e-09,0,test
main_004071,0,unknown,3.179126236831468e-09,0,test
main_004072,0,unknown,3.420001191356657e-08,0,test
main_004073,1,wizard,0.9999720366281242,1,test
main_004074,0,unknown,1.3908279142569112e-06,0,test
main_004075,0,unknown,4.27574986402346e-09,0,test
main_004076,0,unknown,1.7764349651589968e-07,0,test
main_004077,1,stubo,0.999999928692116,1,test
main_004078,1,unknown,0.9999998709889013,1,test
main_004079,1,disin,0.9999999999999758,1,test
main_004080,1,unknown,0.999849514774801,1,test
main_004081,0,unknown,9.387650978591922e-10,0,test
main_004082,0,unknown,0.0008282446910794674,0,test
main_004083,1,wacatac,0.999999988538174,1,test
main_004084,1,rugmi,0.9999318284211972,1,test
main_004085,1,unknown,0.9999995482128206,1,test
main_004086,0,unknown,9.42858694170684e-13,0,test
main_004087,0,unknown,1.4827508607023676e-10,0,test
main_004088,0,unknown,1.0723102643419418e-13,0,test
main_004089,0,unknown,1.2568990911619281e-09,0,test
main_004090,0,unknown,2.42846146594317e-10,0,test
main_004091,0,unknown,3.4531814421499863e-15,0,test
main_004092,0,unknown,2.2426932932689804e-09,0,test
main_004093,1,hackkms,0.9999999682234765,1,test
main_004094,0,unknown,8.027609296385198e-16,0,test
main_004095,0,unknown,9.172606897619379e-16,0,test
main_004096,0,unknown,1.1326680887389398e-14,0,test
main_004097,0,unknown,3.3057576301327127e-12,0,test
main_004098,0,unknown,1.5736164896797452e-08,0,test
main_004099,0,unknown,0.000652765657609439,0,test
main_004100,0,unknown,1.8530017337420557e-08,0,test
main_004101,0,unknown,6.1725813705295076e-12,0,test
main_004102,0,unknown,1.0565616591941816e-06,0,test
main_004103,0,unknown,2.884816017882708e-12,0,test
main_004104,0,unknown,1.4521174610555246e-12,0,test
main_004105,1,disin,0.9999999976851137,1,test
main_004106,1,unknown,0.9999999999996263,1,test
main_004107,1,injurer,0.9959165353979462,1,test
main_004108,0,unknown,5.118757396693025e-16,0,test
main_004109,0,unknown,2.4481627250451624e-07,0,test
main_004110,0,unknown,4.5774033447024964e-08,0,test
main_004111,0,unknown,2.002977409425446e-10,0,test
main_004112,1,wacatac,0.9999999999997049,1,test
main_004113,1,scarletflash,0.999999999940171,1,test
main_004114,1,wacatac,0.9999997271769319,1,test
main_004115,0,unknown,5.451178783218281e-09,0,test
main_004116,0,unknown,8.911278755715622e-15,0,test
main_004117,0,unknown,1.8581516580276596e-14,0,test
main_004118,0,unknown,1.3318811759915271e-07,0,test
main_004119,1,shelm,0.9999999946970797,1,test
main_004120,0,unknown,2.3818492659721393e-07,0,test
main_004121,0,unknown,6.599630831697763e-11,0,test
main_004122,0,unknown,1.2051905405877878e-12,0,test
main_004123,0,unknown,3.3185399675323893e-13,0,test
main_004124,0,unknown,4.105493235418599e-11,0,test
main_004125,0,unknown,7.169203205377365e-12,0,test
main_004126,0,unknown,5.76477584327385e-11,0,test
main_004127,0,unknown,2.4477293184887925e-08,0,test
main_004128,0,unknown,5.143420949691519e-09,0,test
main_004129,0,unknown,5.695359047753021e-12,0,test
main_004130,0,unknown,1.3798901327942173e-08,0,test
main_004131,0,unknown,7.866942900171311e-06,0,test
main_004132,0,unknown,6.957143724464529e-09,0,test
main_004133,1,upatre,0.9999999999973521,1,test
main_004134,0,unknown,2.4971801567007372e-08,0,test
main_004135,0,unknown,1.1249402312442058e-08,0,test
main_004136,1,unknown,0.9999998824587903,1,test
main_004137,0,unknown,5.3739951058424595e-15,0,test
main_004138,0,unknown,1.6042294966831113e-14,0,test
main_004139,1,lotok,0.9999999352994702,1,test
main_004140,1,bedep,0.9999999984127375,1,test
main_004141,0,unknown,1.9019267984003728e-13,0,test
main_004142,0,unknown,1.0468326212626778e-09,0,test
main_004143,0,unknown,1.2510753989204742e-13,0,test
main_004144,0,unknown,1.0397035073406384e-07,0,test
main_004145,0,unknown,3.4268894346950065e-09,0,test
main_004146,0,unknown,2.3802876617889235e-08,0,test
main_004147,0,unknown,5.536893114813691e-14,0,test
main_004148,1,consoler,0.9999950284435879,1,test
main_004149,0,unknown,4.6627518034122685e-05,0,test
main_004150,0,unknown,1.0258607190344506e-09,0,test
main_004151,0,unknown,1.047180548131921e-08,0,test
main_004152,0,unknown,2.2232140493133228e-06,0,test
main_004153,0,unknown,1.4680761517986552e-09,0,test
main_004154,1,upatre,0.999999999763048,1,test
main_004155,1,pcspeedcat,0.9999978835350855,1,test
main_004156,1,midie,0.999999999296681,1,test
main_004157,0,unknown,4.265178543312734e-06,0,test
main_004158,1,disin,0.9999999999968143,1,test
main_004159,1,crifi,0.9999999999992768,1,test
main_004160,0,unknown,3.7046386384159036e-06,0,test
main_004161,1,stealc,0.99996446639904,1,test
main_004162,0,unknown,0.5778083825584843,1,test
main_004163,0,unknown,1.9010058365314985e-08,0,test
main_004164,0,unknown,1.433867862637729e-07,0,test
main_004165,0,unknown,7.427452661095886e-10,0,test
main_004166,0,unknown,4.5655535306502847e-10,0,test
main_004167,0,unknown,5.641401773847972e-09,0,test
main_004168,0,unknown,2.747412976467938e-07,0,test
main_004169,0,unknown,4.903406321462936e-10,0,test
main_004170,0,unknown,3.546365573316153e-11,0,test
main_004171,0,unknown,2.437269356416888e-10,0,test
main_004172,0,unknown,1.2899036670680252e-11,0,test
main_004173,0,unknown,1.2596605478621992e-09,0,test
main_004174,0,unknown,8.768603997395992e-06,0,test
main_004175,1,expiro,0.999999937085909,1,test
main_004176,0,unknown,2.7351259676963005e-11,0,test
main_004177,0,unknown,9.636597328315463e-13,0,test
main_004178,0,unknown,3.6251036322679095e-13,0,test
main_004179,0,unknown,9.62694552745223e-08,0,test
main_004180,0,unknown,4.892046362206366e-12,0,test
main_004181,0,unknown,7.917852592505924e-13,0,test
main_004182,0,unknown,9.577195480459064e-07,0,test
main_004183,0,unknown,8.554481884258659e-13,0,test
main_004184,0,unknown,1.4270240027505938e-08,0,test
main_004185,0,unknown,1.253737939400475e-09,0,test
main_004186,0,unknown,8.334289036976039e-09,0,test
main_004187,0,unknown,1.031205964545861e-12,0,test
main_004188,0,unknown,6.293685284886565e-12,0,test
main_004189,0,unknown,4.39685959939983e-12,0,test
main_004190,0,unknown,1.8454727548507225e-11,0,test
main_004191,0,unknown,1.1567223518209793e-10,0,test
main_004192,0,unknown,3.7711997076509495e-12,0,test
main_004193,0,unknown,1.1916178005110826e-10,0,test
main_004194,0,unknown,2.007739146279057e-11,0,test
main_004195,0,unknown,5.018727082893231e-12,0,test
main_004196,1,unknown,0.9999958638786405,1,test
main_004197,1,bumblebee,0.9999997948073486,1,test
main_004198,0,unknown,1.749623500416102e-07,0,test
main_004199,0,unknown,3.762981968555146e-09,0,test
main_004200,0,unknown,1.9155513063447624e-09,0,test
main_004201,0,unknown,0.002206341859217446,0,test
main_004202,1,grandoreiro,0.9999999999765983,1,test
main_004203,1,grandoreiro,0.9999999999997513,1,test
main_004204,1,metasploit,0.999999999999978,1,test
main_004205,0,unknown,2.5255117803862726e-06,0,test
main_004206,0,unknown,6.769686199105898e-10,0,test
main_004207,0,unknown,1.2963812947313758e-12,0,test
main_004208,0,unknown,6.896865137509286e-09,0,test
main_004209,0,unknown,3.6139518639528496e-09,0,test
main_004210,1,wacatac,0.9993191546571043,1,test
main_004211,0,unknown,4.019699394128783e-13,0,test
main_004212,0,unknown,3.8746880657912083e-13,0,test
main_004213,0,unknown,6.007175836801788e-13,0,test
main_004214,0,unknown,3.3533522802191064e-08,0,test
main_004215,0,unknown,2.1675064279354897e-10,0,test
main_004216,1,grandoreiro,0.9999999999842406,1,test
main_004217,0,unknown,2.303579027391748e-16,0,test
main_004218,0,unknown,3.065047953815115e-14,0,test
main_004219,0,unknown,3.243639872812984e-14,0,test
main_004220,0,unknown,2.953883572139245e-09,0,test
main_004221,0,unknown,9.874405652463896e-10,0,test
main_004222,0,unknown,1.4648927129696724e-12,0,test
main_004223,0,unknown,2.2907996707025063e-08,0,test
main_004224,0,unknown,2.941202068891879e-10,0,test
main_004225,0,unknown,9.276260400486934e-12,0,test
main_004226,1,worgtop,0.9999860109316436,1,test
main_004227,1,wacatac,0.999999542199181,1,test
main_004228,1,grandoreiro,0.9999999999988969,1,test
main_004229,1,grandoreiro,0.9999999999712206,1,test
main_004230,1,xmrig,0.9999999999999998,1,test
main_004231,1,metasploit,0.9999999999017772,1,test
main_004232,1,wacatac,0.9999999090551634,1,test
main_004233,0,unknown,2.53604654943657e-09,0,test
main_004234,0,unknown,2.6845316013533348e-08,0,test
main_004235,1,expiro,0.9999999996951303,1,test
main_004236,0,unknown,8.3372323737579e-08,0,test
main_004237,0,unknown,6.094905481333618e-07,0,test
main_004238,1,shodi,0.9999712912275563,1,test
main_004239,1,gofot,0.9999999999999809,1,test
main_004240,1,midie,0.999999947572758,1,test
main_004241,0,unknown,0.0036653094273976874,0,test
main_004242,0,unknown,1.963399985753648e-12,0,test
main_004243,0,unknown,3.379394784112105e-05,0,test
main_004244,0,unknown,3.3417942279924086e-05,0,test
main_004245,0,unknown,5.430366874850549e-08,0,test
main_004246,1,outsurf,0.9999948658037826,1,test
main_004247,1,bobik,0.999999998612995,1,test
main_004248,0,unknown,1.9643984749411006e-11,0,test
main_004249,0,unknown,8.997049772204528e-09,0,test
main_004250,1,metasploit,0.999999999615717,1,test
main_004251,1,unknown,0.9996009344194525,1,test
main_004252,1,grandoreiro,0.9999999999990792,1,test
main_004253,0,unknown,1.8810156633180516e-07,0,test
main_004254,0,unknown,3.2598271052911506e-07,0,test
main_004255,1,unknown,0.9999999996866327,1,test
main_004256,0,unknown,1.01048895121191e-09,0,test
main_004257,1,wacatac,0.9999999802542077,1,test
main_004258,1,wacatac,0.014247532253679676,1,test
main_004259,0,unknown,2.2013752828198432e-10,0,test
main_004260,0,unknown,1.7686692370097294e-11,0,test
main_004261,0,unknown,4.213373727826935e-09,0,test
main_004262,0,unknown,1.8781451664108575e-13,0,test
main_004263,0,unknown,3.539348222888063e-10,0,test
main_004264,0,unknown,7.495929480761786e-12,0,test
main_004265,0,unknown,2.1379409565240318e-13,0,test
main_004266,0,unknown,2.936918883875406e-08,0,test
main_004267,0,unknown,6.764983780140928e-12,0,test
main_004268,1,meshagent,0.9992808637663626,1,test
main_004269,0,unknown,5.75184895386201e-17,0,test
main_004270,0,unknown,3.823965476244377e-07,0,test
main_004271,0,unknown,2.53137960483775e-05,0,test
main_004272,0,unknown,7.130940023734757e-12,0,test
main_004273,0,unknown,9.440402215695041e-12,0,test
main_004274,0,unknown,3.44437141055148e-10,0,test
main_004275,0,unknown,0.000227543647619259,0,test
main_004276,0,unknown,4.040819280584797e-06,0,test
main_004277,0,unknown,4.9542285068762075e-11,0,test
main_004278,0,unknown,4.824246723348125e-10,0,test
main_004279,0,unknown,1.6563638987141053e-11,0,test
main_004280,0,unknown,1.5619732472814332e-09,0,test
main_004281,0,unknown,4.92939644933648e-07,0,test
main_004282,0,unknown,8.528639287060777e-14,0,test
main_004283,0,unknown,2.913709586661683e-11,0,test
main_004284,1,wacatac,0.9999996986793525,1,test
main_004285,0,unknown,1.2984589828543986e-08,0,test
main_004286,0,unknown,8.870044101419841e-07,0,test
main_004287,0,unknown,2.276863934667726e-10,0,test
main_004288,0,unknown,4.363376553108321e-10,0,test
main_004289,0,unknown,1.7206144583864493e-06,0,test
main_004290,1,shelm,0.9999936722842044,1,test
main_004291,0,unknown,9.279297228704046e-15,0,test
main_004292,0,unknown,6.348900758583743e-15,0,test
main_004293,0,unknown,3.774780690342528e-14,0,test
main_004294,0,unknown,5.884424984992829e-11,0,test
main_004295,1,shelm,0.9971396763907517,1,test
main_004296,0,unknown,3.7703512661769746e-11,0,test
main_004297,0,unknown,5.744358405627548e-11,0,test
main_004298,0,unknown,2.921367062717868e-11,0,test
main_004299,0,unknown,4.0434322984091035e-12,0,test
main_004300,1,gamini,0.9999496580199204,1,test
main_004301,0,unknown,1.0427859459755926e-10,0,test
main_004302,0,unknown,7.218786805219623e-12,0,test
main_004303,0,unknown,1.6587457736789164e-10,0,test
main_004304,0,unknown,7.213656653275542e-10,0,test
main_004305,0,unknown,2.2346735214048924e-11,0,test
main_004306,0,unknown,5.810153555051789e-11,0,test
main_004307,0,unknown,5.677435747309445e-10,0,test
main_004308,0,unknown,2.6755515050143818e-05,0,test
main_004309,0,unknown,1.1725782079116785e-09,0,test
main_004310,0,unknown,2.5857485361414256e-12,0,test
main_004311,0,unknown,4.2941573031439507e-10,0,test
main_004312,0,unknown,5.710589382078629e-10,0,test
main_004313,0,unknown,1.4269449553939775e-12,0,test
main_004314,0,unknown,5.38922096336613e-12,0,test
main_004315,0,unknown,3.0386403492270368e-06,0,test
main_004316,0,unknown,2.8471686682209676e-09,0,test
main_004317,0,unknown,2.6672185961585676e-09,0,test
main_004318,1,unknown,0.9999999750476374,1,test
main_004319,0,unknown,5.332944064092536e-12,0,test
main_004320,0,unknown,1.0783245509156823e-11,0,test
main_004321,0,unknown,9.89955814239593e-12,0,test
main_004322,0,unknown,7.25982682181921e-11,0,test
main_004323,0,unknown,4.864708431465126e-12,0,test
main_004324,0,unknown,2.513763657441311e-12,0,test
main_004325,0,unknown,4.5050606359951657e-13,0,test
main_004326,0,unknown,1.5625010289549376e-12,0,test
main_004327,0,unknown,1.626954654582174e-12,0,test
main_004328,0,unknown,1.2767014984232577e-12,0,test
main_004329,1,unknown,0.999959973442612,1,test
main_004330,0,unknown,6.425097502001116e-09,0,test
main_004331,0,unknown,5.176385880040128e-10,0,test
main_004332,0,unknown,1.821897765567897e-12,0,test
main_004333,0,unknown,1.215895503442998e-12,0,test
main_004334,0,unknown,7.067587675922494e-12,0,test
main_004335,1,valyria,0.999999965106024,1,test
main_004336,0,unknown,3.3111045607886217e-13,0,test
main_004337,0,unknown,2.6142851746068366e-12,0,test
main_004338,0,unknown,5.77092266316321e-13,0,test
main_004339,0,unknown,3.3443226484443495e-12,0,test
main_004340,0,unknown,8.254952973749837e-11,0,test
main_004341,0,unknown,7.944921282213389e-12,0,test
main_004342,0,unknown,3.3221446694203977e-10,0,test
main_004343,0,unknown,0.0004826260073293154,0,test
main_004344,0,unknown,2.2151422075170113e-12,0,test
main_004345,0,unknown,0.0016216242335319994,0,test
main_004346,0,unknown,3.721233401318081e-05,0,test
main_004347,0,unknown,0.00012417409364602836,0,test
main_004348,0,unknown,4.692368544853504e-10,0,test
main_004349,0,unknown,1.1042046287374477e-10,0,test
main_004350,1,qqrob,0.9999999999997236,1,test
main_004351,0,unknown,8.290838917404791e-13,0,test
main_004352,0,unknown,1.7830520412701482e-10,0,test
main_004353,0,unknown,1.9977378413182096e-11,0,test
main_004354,0,unknown,9.548944019967647e-11,0,test
main_004355,0,unknown,4.413753481194637e-07,0,test
main_004356,0,unknown,5.092472470849404e-10,0,test
main_004357,1,unknown,0.9999999970994364,1,test
main_004358,1,alien,0.9999992163873445,1,test
main_004359,0,unknown,2.2539819352719356e-10,0,test
main_004360,0,unknown,1.5406790301842572e-12,0,test
main_004361,0,unknown,3.7307804240846473e-11,0,test
main_004362,1,unknown,0.9991188670700463,1,test
main_004363,0,unknown,8.210960058468057e-11,0,test
main_004364,0,unknown,2.235318695558727e-11,0,test
main_004365,1,unknown,0.9997398182796942,1,test
main_004366,1,zapchast,0.9999999893942245,1,test
main_004367,0,unknown,4.919079139139229e-12,0,test
main_004368,0,unknown,3.414075518328546e-11,0,test
main_004369,0,unknown,5.313555135709024e-12,0,test
main_004370,0,unknown,8.342671250422057e-09,0,test
main_004371,0,unknown,1.1183437724900604e-08,0,test
main_004372,1,convagent,0.9999999999748286,1,test
main_004373,1,rugmi,0.999999650263008,1,test
main_004374,1,unknown,0.9979417324904746,1,test
main_004375,1,unknown,0.9999998086007125,1,test
main_004376,0,unknown,1.826704537762486e-07,0,test
main_004377,0,unknown,4.3981344508334286e-05,0,test
main_004378,0,unknown,0.0013509885192157115,0,test
main_004379,1,expiro,0.9999999999999711,1,test
main_004380,1,emdup,0.9999999999998688,1,test
main_004381,0,unknown,2.2778675207470993e-06,0,test
main_004382,1,metasploit,0.9999999993729722,1,test
main_004383,1,expiro,0.9999999932847545,1,test
main_004384,0,unknown,1.3495639022387593e-08,0,test
main_004385,1,unknown,0.9999519121034173,1,test
main_004386,0,unknown,3.730476995679103e-07,0,test
main_004387,1,wacatac,0.9999999556215795,1,test
main_004388,1,alien,0.9999998992681526,1,test
main_004389,1,unknown,0.9998092808554787,1,test
main_004390,1,xmrig,0.9999999999999996,1,test
main_004391,1,xmrig,0.9999999999999989,1,test
main_004392,1,wacatac,0.9999994932131889,1,test
main_004393,1,unknown,0.9999998193744242,1,test
main_004394,1,vidar,0.9355240601495963,1,test
main_004395,0,unknown,3.808900508404601e-08,0,test
main_004396,1,upatre,0.9999999999999365,1,test
main_004397,0,unknown,1.306952721028709e-11,0,test
main_004398,1,conteban,0.9999999760347459,1,test
main_004399,1,disco,0.9999962485898927,1,test
main_004400,0,unknown,1.1359837633824889e-07,0,test
main_004401,0,unknown,3.871349297554896e-06,0,test
main_004402,0,unknown,1.2793357059564107e-10,0,test
main_004403,0,unknown,7.070763935313377e-13,0,test
main_004404,0,unknown,1.6433726654925908e-10,0,test
main_004405,0,unknown,3.025838140239032e-11,0,test
main_004406,0,unknown,3.0580970781673327e-12,0,test
main_004407,0,unknown,4.910509816862542e-06,0,test
main_004408,0,unknown,3.3945894941053584e-12,0,test
main_004409,0,unknown,4.191538028337626e-13,0,test
main_004410,0,unknown,2.1405596006279764e-12,0,test
main_004411,0,unknown,4.6515057883016296e-10,0,test
main_004412,0,unknown,1.1300520166079022e-11,0,test
main_004413,1,unknown,0.9999999996836688,1,test
main_004414,0,unknown,5.2866745867061724e-08,0,test
main_004415,1,nuitka,0.9999999153151616,1,test
main_004416,0,unknown,3.571398593284063e-07,0,test
main_004417,0,unknown,1.0805405050965898e-12,0,test
main_004418,0,unknown,4.803872492614901e-07,0,test
main_004419,0,unknown,2.622586429501315e-08,0,test
main_004420,0,unknown,3.389798360157203e-07,0,test
main_004421,0,unknown,7.604344188050656e-12,0,test
main_004422,0,unknown,3.278555824118772e-11,0,test
main_004423,0,unknown,8.746845265314987e-11,0,test
main_004424,0,unknown,9.869436561461215e-08,0,test
main_004425,0,unknown,3.976849337525761e-09,0,test
main_004426,0,unknown,2.551456702473536e-07,0,test
main_004427,0,unknown,8.976014924489956e-11,0,test
main_004428,0,unknown,4.279368276429431e-10,0,test
main_004429,0,unknown,5.0756320939942503e-11,0,test
main_004430,0,unknown,1.2398031751718925e-08,0,test
main_004431,0,unknown,1.5569026408615986e-10,0,test
main_004432,1,unknown,0.9999987779668814,1,test
main_004433,0,unknown,8.547660881294817e-08,0,test
main_004434,0,unknown,3.424117235346265e-08,0,test
main_004435,1,unknown,0.9999999955638939,1,test
main_004436,0,unknown,5.395848752494161e-05,0,test
main_004437,0,unknown,1.2414439841059887e-11,0,test
main_004438,0,unknown,1.6412318965029084e-11,0,test
main_004439,0,unknown,3.3947812094141834e-10,0,test
main_004440,0,unknown,2.299272538329003e-14,0,test
main_004441,0,unknown,4.077876400828513e-12,0,test
main_004442,0,unknown,3.6876008380670286e-09,0,test
main_004443,0,unknown,9.39020181830525e-12,0,test
main_004444,0,unknown,1.6502568756043096e-06,0,test
main_004445,0,unknown,2.9163407728893126e-06,0,test
main_004446,0,unknown,3.8277957127621465e-08,0,test
main_004447,0,unknown,1.2438975608691807e-05,0,test
main_004448,1,havoc,0.9999991712330006,1,test
main_004449,0,unknown,2.5591669393922125e-09,0,test
main_004450,0,unknown,1.1338727511694847e-06,0,test
main_004451,0,unknown,4.4717464688110434e-08,0,test
main_004452,0,unknown,8.383940761863095e-07,0,test
main_004453,0,unknown,1.124047013642718e-06,0,test
main_004454,0,unknown,9.441401718017507e-08,0,test
main_004455,0,unknown,7.795014978512286e-08,0,test
main_004456,0,unknown,3.6326890373417886e-08,0,test
main_004457,0,unknown,1.9949474908268777e-09,0,test
main_004458,0,unknown,2.6398637819203803e-08,0,test
main_004459,0,unknown,1.4715311886501216e-09,0,test
main_004460,0,unknown,4.3819262867874233e-10,0,test
main_004461,1,qqrob,0.9999999999663369,1,test
main_004462,1,wacatac,0.9999904458781952,1,test
main_004463,1,graviwa,0.9686598621942291,1,test
main_004464,1,disin,0.9999999999955009,1,test
main_004465,0,unknown,1.6628532519257949e-09,0,test
main_004466,0,unknown,2.3020095536006514e-06,0,test
main_004467,0,unknown,0.017251539099984673,1,test
main_004468,0,unknown,2.666430726172266e-06,0,test
main_004469,1,unknown,0.9999999979283636,1,test
main_004470,0,unknown,0.00038993597146106854,0,test
main_004471,1,wacatac,0.9999999999999174,1,test
main_004472,1,unknown,0.9999999995856532,1,test
main_004473,0,unknown,0.0002549617463046925,0,test
main_004474,1,luna,0.9999999998710867,1,test
main_004475,0,unknown,6.40088527992549e-05,0,test
main_004476,0,unknown,3.262342782669254e-08,0,test
main_004477,0,unknown,1.977739333281854e-08,0,test
main_004478,0,unknown,1.7386755519290626e-09,0,test
main_004479,0,unknown,8.763402475282549e-06,0,test
main_004480,0,unknown,3.937021868932598e-08,0,test
main_004481,0,unknown,7.032064381622666e-11,0,test
main_004482,0,unknown,2.4214892139751394e-08,0,test
main_004483,0,unknown,1.5913789612849e-05,0,test
main_004484,1,unknown,0.9999124563157102,1,test
main_004485,0,unknown,0.0002679304140224752,0,test
main_004486,0,unknown,1.5949417792550575e-07,0,test
main_004487,0,unknown,1.4591686124426204e-08,0,test
main_004488,0,unknown,8.351998860941455e-08,0,test
main_004489,1,shelm,0.9996331613766152,1,test
main_004490,0,unknown,2.6000716457031558e-06,0,test
main_004491,0,unknown,4.00722697672665e-08,0,test
main_004492,0,unknown,1.0859161062121156e-17,0,test
main_004493,0,unknown,0.00015017999184626542,0,test
main_004494,0,unknown,4.674212139258582e-12,0,test
main_004495,0,unknown,8.85267462347483e-14,0,test
main_004496,0,unknown,4.934146466240154e-12,0,test
main_004497,0,unknown,1.0725059205505314e-09,0,test
main_004498,0,unknown,3.7342271653022765e-09,0,test
main_004499,0,unknown,4.740676772918983e-12,0,test
main_004500,0,unknown,7.025700505129798e-14,0,test
main_004501,0,unknown,8.734142756323597e-13,0,test
main_004502,0,unknown,3.4536824653416617e-13,0,test
main_004503,0,unknown,2.7095375543493687e-13,0,test
main_004504,0,unknown,4.498172153541472e-11,0,test
main_004505,0,unknown,1.3888796416427817e-12,0,test
main_004506,0,unknown,2.480442143271472e-13,0,test
main_004507,1,virut,0.9999785329513244,1,test
main_004508,1,unknown,0.9999338704610626,1,test
main_004509,1,shelm,0.9999993119371027,1,test
main_004510,0,unknown,4.437005280403798e-10,0,test
main_004511,0,unknown,4.960725767626315e-10,0,test
main_004512,0,unknown,8.934507784034323e-08,0,test
main_004513,0,unknown,1.3613939087201674e-09,0,test
main_004514,1,pcclient,0.9999999996752804,1,test
main_004515,0,unknown,3.739155084882623e-07,0,test
main_004516,1,rhysida,0.9960871501513602,1,test
main_004517,0,unknown,5.617948361286824e-17,0,test
main_004518,1,pcclient,0.9999976218537227,1,test
main_004519,1,reflo,0.999999999976974,1,test
main_004520,1,shifu,0.999999998363384,1,test
main_004521,0,unknown,5.4693384261929044e-09,0,test
main_004522,1,unknown,0.999999999999986,1,test
main_004523,0,unknown,1.7019147540461797e-12,0,test
main_004524,0,unknown,8.990791197823457e-09,0,test
main_004525,1,flystudio,0.9999961885509571,1,test
main_004526,1,wacatac,0.9999985611565251,1,test
main_004527,1,recoverkeys,0.998144329605016,1,test
main_004528,1,alien,0.9999999997728954,1,test
main_004529,1,unknown,0.9997389767491174,1,test
main_004530,1,spyrix,0.9823722947637475,1,test
main_004531,0,unknown,2.90450334409585e-08,0,test
main_004532,1,darkgate,0.9991213453119284,1,test
main_004533,1,unknown,0.9999921076423884,1,test
main_004534,0,unknown,4.576884042491236e-11,0,test
main_004535,0,unknown,5.091871757465897e-12,0,test
main_004536,0,unknown,1.3392228352574956e-05,0,test
main_004537,0,unknown,1.8815192751531783e-14,0,test
main_004538,1,havoc,0.9999999999781484,1,test
main_004539,1,unknown,0.999999904362145,1,test
main_004540,1,barys,0.9891397225820664,1,test
main_004541,0,unknown,2.3476360842528056e-07,0,test
main_004542,0,unknown,2.4831621189974205e-06,0,test
main_004543,1,havoc,0.9999999999474012,1,test
main_004544,0,unknown,3.78205936104015e-09,0,test
main_004545,0,unknown,3.562885567012081e-09,0,test
main_004546,0,unknown,1.2265195980909938e-09,0,test
main_004547,0,unknown,4.1289569977473227e-10,0,test
main_004548,0,unknown,6.530427826679678e-09,0,test
main_004549,0,unknown,5.0917717198280745e-09,0,test
main_004550,0,unknown,0.029076286074876855,1,test
main_004551,0,unknown,2.7109053282517854e-09,0,test
main_004552,0,unknown,8.469951180287824e-12,0,test
main_004553,1,havoc,0.9999999999967704,1,test
main_004554,1,barys,0.9999999991866391,1,test
main_004555,1,reverse64,0.9999999999184803,1,test
main_004556,1,havoc,0.9999999999860512,1,test
main_004557,0,unknown,1.5323322228329672e-06,0,test
main_004558,1,unknown,0.9999933339062528,1,test
main_004559,1,wacatac,0.9999999999905989,1,test
main_004560,1,nuitka,0.9999998480176062,1,test
main_004561,1,reverse64,0.999999998846069,1,test
main_004562,1,splinter,0.9999999477305924,1,test
main_004563,0,unknown,1.5530371922333764e-09,0,test
main_004564,0,unknown,3.0693379541466264e-10,0,test
main_004565,1,cobaltstrike,0.9999999998967641,1,test
main_004566,0,unknown,3.513675003004801e-07,0,test
main_004567,1,nuitka,0.9999999387172613,1,test
main_004568,0,unknown,9.626526713824826e-08,0,test
main_004569,0,unknown,9.207724835107327e-06,0,test
main_004570,1,wacatac,0.9995637334104581,1,test
main_004571,0,unknown,9.561772930968834e-07,0,test
main_004572,0,unknown,5.545247633733231e-07,0,test
main_004573,1,unknown,0.9939706907522485,1,test
main_004574,1,unknown,0.9985020598848294,1,test
main_004575,1,bedep,0.9999999998243885,1,test
main_004576,1,alien,0.9999999999975624,1,test
main_004577,0,unknown,6.025096717974533e-14,0,test
main_004578,1,lummastealer,0.9999472320413384,1,test
main_004579,1,wacatac,0.9999998649337418,1,test
main_004580,0,unknown,1.4408922452753473e-09,0,test
main_004581,0,unknown,0.0011048207792945285,0,test
main_004582,0,unknown,3.7947783065773465e-10,0,test
main_004583,0,unknown,8.843889079156947e-08,0,test
main_004584,1,rugmi,0.9841749720675488,1,test
main_004585,1,khalesi,0.9999988924039807,1,test
main_004586,1,bedep,0.999999998239016,1,test
main_004587,1,disin,0.9999999999975537,1,test
main_004588,0,unknown,3.433222497309406e-08,0,test
main_004589,1,wacatac,0.9999839989993333,1,test
main_004590,0,unknown,1.652625208862707e-10,0,test
main_004591,0,unknown,5.39046238341326e-12,0,test
main_004592,0,unknown,3.368634336112857e-11,0,test
main_004593,1,unknown,0.9999425968412767,1,test
main_004594,0,unknown,7.609394934039218e-13,0,test
main_004595,1,almi,0.9999999999972777,1,test
main_004596,0,unknown,1.1185694122601646e-09,0,test
main_004597,0,unknown,3.946365147190541e-06,0,test
main_004598,0,unknown,5.505845224088707e-07,0,test
main_004599,0,unknown,2.633621051659645e-05,0,test
main_004600,1,ramnit,0.9940421783612299,1,test
main_004601,0,unknown,2.8538018164107147e-08,0,test
main_004602,1,unknown,0.9999859174500144,1,test
main_004603,1,unknown,0.9999998976922047,1,test
main_004604,1,wacatac,0.9999999928973098,1,test
main_004605,1,grandoreiro,0.9999999999981772,1,test
main_004606,1,expiro,0.9999996468439017,1,test
main_004607,1,scarletflash,0.9999999999997713,1,test
main_004608,1,unknown,0.999999998469097,1,test
main_004609,1,makoob,0.9999938822311153,1,test
main_004610,1,grandoreiro,0.9999999999985638,1,test
main_004611,1,expiro,0.9999999998263136,1,test
main_004612,1,unknown,0.9999939805346763,1,test
main_004613,0,unknown,9.500521625790807e-08,0,test
main_004614,1,barys,0.9782467122306064,1,test
main_004615,1,mikey,0.9999997422021168,1,test
main_004616,0,unknown,0.000311118334970095,0,test
main_004617,0,unknown,2.797856779821676e-06,0,test
main_004618,1,grandoreiro,0.9999999995488551,1,test
main_004619,1,swisyn,0.9999982480239774,1,test
main_004620,0,unknown,9.051894039201852e-12,0,test
main_004621,1,niktol,0.9999992558694364,1,test
main_004622,0,unknown,6.781550528008119e-08,0,test
main_004623,0,unknown,4.454557509507611e-09,0,test
main_004624,1,cerber,0.9991254185718337,1,test
main_004625,1,goblin,0.9999999090775693,1,test
main_004626,0,unknown,1.0973827947238964e-12,0,test
main_004627,0,unknown,1.2362031603217702e-12,0,test
main_004628,0,unknown,1.0809666248572431e-12,0,test
main_004629,0,unknown,1.474766590712289e-08,0,test
main_004630,0,unknown,1.4626660199171654e-12,0,test
main_004631,0,unknown,5.300749391312377e-12,0,test
main_004632,0,unknown,7.626475379022842e-12,0,test
main_004633,0,unknown,2.59862175397617e-13,0,test
main_004634,0,unknown,7.872698174225006e-13,0,test
main_004635,0,unknown,6.510070163219414e-08,0,test
main_004636,0,unknown,3.126106882151174e-11,0,test
main_004637,0,unknown,1.9786213582800364e-11,0,test
main_004638,1,trollav,0.9999999999957083,1,test
main_004639,1,wacatac,0.9999999999738003,1,test
main_004640,1,doina,0.9942198535092791,1,test
main_004641,0,unknown,3.064856678661958e-17,0,test
main_004642,1,sinowal,0.999975599723031,1,test
main_004643,1,expiro,0.9999999999998983,1,test
main_004644,1,berbew,0.9999999999947673,1,test
main_004645,1,wacatac,0.9999999999997269,1,test
main_004646,1,swisyn,0.999999468095583,1,test
main_004647,1,expiro,0.9999999922907804,1,test
main_004648,1,swisyn,0.9999976723018672,1,test
main_004649,1,unknown,0.9999840796729416,1,test
main_004650,1,neoreklami,0.999943489057056,1,test
main_004651,0,unknown,3.110262080897216e-09,0,test
main_004652,1,upatre,0.9999999999999143,1,test
main_004653,1,bedep,0.9999999998601332,1,test
main_004654,1,flystudio,0.9999999999820726,1,test
main_004655,1,wacatac,0.9999999999998945,1,test
main_004656,1,scarletflash,0.999990688129164,1,test
main_004657,1,grandoreiro,0.9999999999983034,1,test
main_004658,0,unknown,2.782307733757962e-09,0,test
main_004659,0,unknown,6.5785959854027975e-09,0,test
main_004660,0,unknown,0.0003379955700360601,0,test
main_004661,0,unknown,2.518349974873102e-09,0,test
main_004662,1,wacatac,0.99999999991419,1,test
main_004663,0,unknown,0.0005255392941011421,0,test
main_004664,0,unknown,1.3227723467715121e-07,0,test
main_004665,0,unknown,8.662342489389227e-12,0,test
main_004666,1,adsearch,0.9997275197274544,1,test
main_004667,1,vaklik,0.9972306026707619,1,test
main_004668,1,expiro,0.9999999999991829,1,test
main_004669,1,expiro,0.9999900304633359,1,test
main_004670,1,grandoreiro,0.9999999999956075,1,test
main_004671,1,polypatch,0.9999903615267023,1,test
main_004672,1,wacatac,0.9999911425834802,1,test
main_004673,1,donut,0.9999996456801231,1,test
main_004674,1,expiro,0.999999999999946,1,test
main_004675,1,expiro,0.9999999999999911,1,test
main_004676,1,expiro,0.9999999999999982,1,test
main_004677,1,expiro,0.99999999999943,1,test
main_004678,0,unknown,1.1841088582544652e-11,0,test
main_004679,0,unknown,3.555337876360379e-10,0,test
main_004680,1,dinwod,0.9999999999999816,1,test
main_004681,1,grandoreiro,0.999999999998975,1,test
main_004682,1,cstealer,0.9999999997705498,1,test
main_004683,1,bedep,0.9927199209584512,1,test
main_004684,1,beebone,0.9999999986201678,1,test
main_004685,1,kerneldrutil,0.9999999990367798,1,test
main_004686,1,emotet,0.9999993900978706,1,test
main_004687,0,unknown,1.0017908074734993e-06,0,test
main_004688,1,redline,0.9999972144998722,1,test
main_004689,1,wacatac,0.9999312201438544,1,test
main_004690,1,babar,0.9999999938697026,1,test
main_004691,1,anmalpro,0.9792739333377772,1,test
main_004692,1,hwidchanger,0.9998586149049123,1,test
main_004693,1,emdup,0.9999999983328027,1,test
main_004694,0,unknown,2.5977242166599015e-08,0,test
main_004695,1,berbew,0.9999999999958555,1,test
main_004696,0,unknown,9.745854343003045e-11,0,test
main_004697,1,unknown,0.9940299460403417,1,test
main_004698,1,neshta,0.9999952080036,1,test
main_004699,1,cobaltstrike,0.9994972697539104,1,test
main_004700,1,goft,0.9999999983307586,1,test
main_004701,1,berbew,0.999999982108763,1,test
main_004702,0,unknown,1.3690206302254566e-05,0,test
main_004703,1,unknown,0.9999999945931086,1,test
main_004704,1,unknown,0.9999999997892592,1,test
main_004705,1,xmrig,1.0,1,test
main_004706,1,berbew,0.9999291895602875,1,test
main_004707,1,wacatac,0.9999662693199132,1,test
main_004708,1,killdisk,0.9992031920456639,1,test
main_004709,0,unknown,2.8279046341431705e-07,0,test
main_004710,1,ransomsnatch,0.9999999685333255,1,test
main_004711,1,wacatac,0.9999300198110629,1,test
main_004712,1,wacatac,0.9999999999999714,1,test
main_004713,1,goblin,0.9999999953335115,1,test
main_004714,0,unknown,2.2034101976924165e-05,0,test
main_004715,1,gepys,0.9999999945714351,1,test
main_004716,0,unknown,5.501759546297063e-10,0,test
main_004717,1,unknown,0.9999573168962504,1,test
main_004718,1,unknown,0.9992307574605689,1,test
main_004719,0,unknown,3.457879950590517e-12,0,test
main_004720,0,unknown,1.2810595636969012e-09,0,test
main_004721,1,xmrig,0.9560594484500478,1,test
main_004722,0,unknown,1.1077373245886537e-10,0,test
main_004723,0,unknown,5.311571324171607e-13,0,test
main_004724,1,lockergoga,0.9999999999940306,1,test
main_004725,0,unknown,7.642748686191686e-13,0,test
main_004726,0,unknown,1.3470963926896135e-08,0,test
main_004727,0,unknown,4.849360921478973e-07,0,test
main_004728,0,unknown,3.184733530189835e-11,0,test
main_004729,1,wajam,0.9978077988673798,1,test
main_004730,1,xmrig,0.9999999182103463,1,test
main_004731,1,unknown,0.9999982507928686,1,test
main_004732,1,wacatac,0.999999999987413,1,test
main_004733,1,bedep,0.9999941438770921,1,test
main_004734,1,beebone,0.9999999995884854,1,test
main_004735,0,unknown,1.5334667377717152e-14,0,test
main_004736,0,unknown,1.273873667616181e-13,0,test
main_004737,1,unknown,0.9999999996348721,1,test
main_004738,0,unknown,8.10982515894733e-05,0,test
main_004739,1,unknown,0.9999999973107176,1,test
main_004740,0,unknown,6.273205808586963e-11,0,test
main_004741,0,unknown,1.9112969423947502e-10,0,test
main_004742,1,realprotect,0.9994972575296716,1,test
main_004743,0,unknown,2.2525959257342912e-12,0,test
main_004744,1,disin,0.9999999999982787,1,test
main_004745,1,wacatac,0.9999983824925529,1,test
main_004746,1,unknown,0.9988945248304205,1,test
main_004747,1,unknown,0.9999999998894318,1,test
main_004748,0,unknown,2.741337809351727e-07,0,test
main_004749,1,phonzy,0.9999999999998657,1,test
main_004750,1,convagent,0.9999356319668082,1,test
main_004751,1,wacatac,0.9999999999994238,1,test
main_004752,0,unknown,3.855552984952407e-11,0,test
main_004753,0,unknown,0.001091298826306258,0,test
main_004754,1,goshell,0.9999999970164306,1,test
main_004755,0,unknown,5.537822429145246e-07,0,test
main_004756,1,jeefo,0.9957628385509611,1,test
main_004757,1,shikataganai,0.9647602515176527,1,test
main_004758,0,unknown,6.5816140723896225e-06,0,test
main_004759,0,unknown,6.603449664165859e-09,0,test
main_004760,0,unknown,4.750545356988487e-08,0,test
main_004761,1,bedep,0.9999955684241291,1,test
main_004762,0,unknown,2.52585735915534e-10,0,test
main_004763,1,cobaltstrike,0.9999999987145656,1,test
main_004764,1,wacatac,0.9999999903578397,1,test
main_004765,1,scarletflash,0.9999991523038672,1,test
main_004766,1,scarletflash,0.9999999999999376,1,test
main_004767,1,discordbot,0.9999321535731188,1,test
main_004768,1,unknown,0.9999996401259147,1,test
main_004769,1,unknown,0.9999088791172743,1,test
main_004770,0,unknown,5.019797444669455e-17,0,test
main_004771,0,unknown,1.937620824518446e-13,0,test
main_004772,0,unknown,5.426528131841437e-12,0,test
main_004773,0,unknown,9.248846052751173e-16,0,test
main_004774,0,unknown,4.064412557907025e-12,0,test
main_004775,0,unknown,4.4158719011425976e-08,0,test
main_004776,1,wacatac,0.9999997786753013,1,test
main_004777,0,unknown,4.95166843083112e-12,0,test
main_004778,0,unknown,1.467528768173508e-11,0,test
main_004779,0,unknown,1.434456596716954e-13,0,test
main_004780,0,unknown,5.4976632962864725e-12,0,test
main_004781,0,unknown,1.7103651539225645e-12,0,test
main_004782,0,unknown,4.232262771342704e-12,0,test
main_004783,0,unknown,3.4398361514924792e-12,0,test
main_004784,0,unknown,4.498741639969688e-12,0,test
main_004785,0,unknown,2.3665618480361945e-11,0,test
main_004786,0,unknown,5.921433495474274e-11,0,test
main_004787,1,wacatac,0.9999999935028483,1,test
main_004788,1,convagent,0.9999999823780702,1,test
main_004789,1,disco,0.9999999999763465,1,test
main_004790,0,unknown,2.8198836295927244e-11,0,test
main_004791,0,unknown,1.0110914392955584e-12,0,test
main_004792,0,unknown,7.303599339331904e-13,0,test
main_004793,0,unknown,1.7213567328894667e-12,0,test
main_004794,0,unknown,1.9401134281223257e-09,0,test
main_004795,0,unknown,1.3781131763949478e-13,0,test
main_004796,1,wacatac,0.9999999999463673,1,test
main_004797,1,unknown,0.9999549182752863,1,test
main_004798,1,unknown,0.9999999998154443,1,test
main_004799,0,unknown,6.427573976219492e-10,0,test
main_004800,0,unknown,1.7120445435629296e-14,0,test
main_004801,0,unknown,7.164848738381811e-10,0,test
main_004802,0,unknown,3.418313841205045e-15,0,test
main_004803,0,unknown,6.8487815289252144e-09,0,test
main_004804,0,unknown,1.4982818257832301e-06,0,test
main_004805,0,unknown,3.253976815581794e-11,0,test
main_004806,0,unknown,2.335084952960657e-10,0,test
main_004807,0,unknown,1.161143570115168e-12,0,test
main_004808,0,unknown,2.9115444526106136e-12,0,test
main_004809,0,unknown,2.0320387557456086e-12,0,test
main_004810,0,unknown,5.655671434836833e-12,0,test
main_004811,0,unknown,1.6428775531506907e-08,0,test
main_004812,0,unknown,5.072031193369883e-12,0,test
main_004813,0,unknown,2.992378023624848e-07,0,test
main_004814,0,unknown,2.3761399175980763e-10,0,test
main_004815,0,unknown,7.172048035101143e-07,0,test
main_004816,0,unknown,1.1830968577229927e-14,0,test
main_004817,0,unknown,0.00029940339541398975,0,test
main_004818,0,unknown,2.045665469977274e-10,0,test
main_004819,0,unknown,3.946586951186551e-11,0,test
main_004820,0,unknown,2.881886219262809e-13,0,test
main_004821,0,unknown,1.7932677955801777e-12,0,test
main_004822,0,unknown,3.594455238724147e-11,0,test
main_004823,0,unknown,1.7468849213024282e-11,0,test
main_004824,0,unknown,9.981645658756355e-11,0,test
main_004825,0,unknown,1.0767289127099104e-06,0,test
main_004826,1,ulise,0.9999999999953075,1,test
main_004827,0,unknown,4.7561586496875666e-07,0,test
main_004828,0,unknown,5.004532483498245e-10,0,test
main_004829,0,unknown,1.0352833115496731e-10,0,test
main_004830,0,unknown,7.127612119693202e-10,0,test
main_004831,0,unknown,4.137829094449509e-09,0,test
main_004832,0,unknown,4.63865598924148e-10,0,test
main_004833,0,unknown,8.056324995896515e-11,0,test
main_004834,0,unknown,2.2759716759855392e-08,0,test
main_004835,1,unknown,0.9999619125311815,1,test
main_004836,1,shelm,0.9999164685398657,1,test
main_004837,0,unknown,2.509803747395626e-09,0,test
main_004838,1,unknown,0.9969794647779784,1,test
main_004839,0,unknown,2.941584242849301e-10,0,test
main_004840,1,wacatac,0.9999999999996563,1,test
main_004841,0,unknown,7.894901101810367e-15,0,test
main_004842,1,virut,0.9997597709582853,1,test
main_004843,1,expiro,0.9999999999874489,1,test
main_004844,0,unknown,1.2432212575266007e-11,0,test
main_004845,0,unknown,3.1928127242719855e-13,0,test
main_004846,1,blusimul,0.9999999990230417,1,test
main_004847,0,unknown,1.0426193897692776e-10,0,test
main_004848,0,unknown,1.4101649254341064e-12,0,test
main_004849,0,unknown,6.7426575602290625e-12,0,test
main_004850,0,unknown,1.5624768008324133e-09,0,test
main_004851,0,unknown,2.7056948908836216e-10,0,test
main_004852,0,unknown,0.026192424763026873,1,test
main_004853,1,unknown,0.9998448297264013,1,test
main_004854,0,unknown,8.060379075298157e-06,0,test
main_004855,1,almi,0.9999999999999281,1,test
main_004856,0,unknown,2.1026372103700987e-10,0,test
main_004857,0,unknown,1.5511328906459645e-12,0,test
main_004858,0,unknown,6.567669050565197e-10,0,test
main_004859,0,unknown,1.172897015775415e-14,0,test
main_004860,0,unknown,5.75469993451479e-09,0,test
main_004861,0,unknown,2.4770332864578067e-13,0,test
main_004862,0,unknown,1.7788357871785938e-12,0,test
main_004863,0,unknown,4.708338436714604e-10,0,test
main_004864,0,unknown,5.270189329727281e-10,0,test
main_004865,0,unknown,3.889666520686828e-12,0,test
main_004866,0,unknown,2.132510195192309e-11,0,test
main_004867,0,unknown,1.45168799114204e-12,0,test
main_004868,0,unknown,5.1190171168575947e-11,0,test
main_004869,0,unknown,1.6375450884518657e-06,0,test
main_004870,0,unknown,9.031561800994437e-09,0,test
main_004871,0,unknown,3.2233297972115107e-09,0,test
main_004872,0,unknown,1.5191043593388704e-08,0,test
main_004873,0,unknown,1.5547997403626613e-11,0,test
main_004874,0,unknown,3.648035645938989e-14,0,test
main_004875,0,unknown,1.3139926977373323e-15,0,test
main_004876,0,unknown,1.9341055972127483e-12,0,test
main_004877,0,unknown,3.4553370757731733e-16,0,test
main_004878,0,unknown,4.733092994403153e-11,0,test
main_004879,0,unknown,6.385204822814566e-11,0,test
main_004880,0,unknown,3.6532514247750125e-11,0,test
main_004881,0,unknown,1.032400758791555e-15,0,test
main_004882,0,unknown,2.0035364200454252e-10,0,test
main_004883,0,unknown,6.630869661902953e-11,0,test
main_004884,0,unknown,3.0435744200906906e-12,0,test
main_004885,0,unknown,5.603138821071044e-11,0,test
main_004886,1,phonzy,0.9999999998001439,1,test
main_004887,0,unknown,0.0010238426280354176,0,test
main_004888,0,unknown,0.002917128942437223,0,test
main_004889,0,unknown,1.0991106156090086e-07,0,test
main_004890,0,unknown,2.350884104232522e-09,0,test
main_004891,0,unknown,1.5452693915491287e-09,0,test
main_004892,0,unknown,4.731128856608344e-05,0,test
main_004893,0,unknown,3.4657739879782567e-09,0,test
main_004894,0,unknown,4.94755592092938e-08,0,test
main_004895,0,unknown,1.1155547200117928e-09,0,test
main_004896,0,unknown,2.141625681455847e-10,0,test
main_004897,0,unknown,7.55803264358845e-11,0,test
main_004898,0,unknown,6.888057306202691e-09,0,test
main_004899,0,unknown,1.4022118078980117e-09,0,test
main_004900,0,unknown,1.5146694591233616e-09,0,test
main_004901,1,scarletflash,0.9999999999864153,1,test
main_004902,0,unknown,3.803828436087892e-10,0,test
main_004903,0,unknown,4.7233581888977617e-07,0,test
main_004904,0,unknown,2.1083937085737815e-08,0,test
main_004905,1,fasong,0.9999941768388086,1,test
main_004906,0,unknown,7.929816773692502e-13,0,test
main_004907,0,unknown,2.488756857479352e-09,0,test
main_004908,0,unknown,3.6364884041053766e-08,0,test
main_004909,0,unknown,6.085561600649506e-11,0,test
main_004910,1,scarletflash,0.9999992551500579,1,test
main_004911,0,unknown,3.6199204807183496e-11,0,test
main_004912,0,unknown,2.420308048317422e-10,0,test
main_004913,1,expiro,0.9999979765591644,1,test
main_004914,1,unknown,0.9999999193672974,1,test
main_004915,0,unknown,9.092777153167601e-07,0,test
main_004916,0,unknown,1.5002371261382737e-06,0,test
main_004917,0,unknown,2.289064109785098e-05,0,test
main_004918,1,scarletflash,0.9999996603457345,1,test
main_004919,1,hwidchanger,0.9999999999999629,1,test
main_004920,0,unknown,1.5312920344071802e-09,0,test
main_004921,1,wacatac,0.999999999999819,1,test
main_004922,0,unknown,3.508611137758115e-08,0,test
main_004923,0,unknown,1.899168952845277e-13,0,test
main_004924,0,unknown,1.5231485049105266e-12,0,test
main_004925,1,unknown,0.9999999053592877,1,test
main_004926,1,upatre,0.999999999994406,1,test
main_004927,0,unknown,5.049715502372764e-09,0,test
main_004928,1,wacatac,0.9999999999677445,1,test
main_004929,0,unknown,1.0080093539047947e-11,0,test
main_004930,0,unknown,1.1910444361880007e-14,0,test
main_004931,0,unknown,5.196611803787045e-13,0,test
main_004932,1,cobaltstrike,0.9999985455440394,1,test
main_004933,0,unknown,1.667049371408571e-08,0,test
main_004934,1,bedep,0.9999999986811643,1,test
main_004935,1,minerva,0.9993105522818657,1,test
main_004936,1,somhoveran,0.9999671243034767,1,test
main_004937,0,unknown,8.018014582180279e-07,0,test
main_004938,1,midie,0.999999999998394,1,test
main_004939,0,unknown,1.008164028700808e-12,0,test
main_004940,1,cryfile,0.9992921107548794,1,test
main_004941,1,unknown,0.999999950729926,1,test
main_004942,1,alien,0.9999999999418878,1,test
main_004943,1,wacatac,0.9999999962609252,1,test
main_004944,1,barys,0.9999850944782355,1,test
main_004945,1,berbew,0.9999999999529869,1,test
main_004946,0,unknown,1.4156465999882136e-09,0,test
main_004947,0,unknown,3.077717728656154e-07,0,test
main_004948,1,wacatac,0.999999999766471,1,test
main_004949,1,unknown,0.9999999999993521,1,test
main_004950,1,unknown,0.9999485885141072,1,test
main_004951,1,cerbu,0.9999999999990163,1,test
main_004952,0,unknown,4.1185266336182263e-10,0,test
main_004953,0,unknown,3.4834190935061654e-08,0,test
main_004954,0,unknown,4.8101213976709577e-11,0,test
main_004955,0,unknown,3.913685618224213e-07,0,test
main_004956,0,unknown,4.885818078672795e-07,0,test
main_004957,0,unknown,4.5586989052209056e-08,0,test
main_004958,1,wacatac,0.999960533033823,1,test
main_004959,1,bedep,0.9999993118833769,1,test
main_004960,0,unknown,0.00012309680054715382,0,test
main_004961,1,mindlated,0.9999012700245274,1,test
main_004962,1,scarletflash,0.9999999999960207,1,test
main_004963,0,unknown,0.00013563125820727697,0,test
main_004964,1,unknown,0.9999999280289201,1,test
main_004965,0,unknown,1.3547277496238847e-11,0,test
main_004966,0,unknown,1.3548334984791292e-06,0,test
main_004967,1,wacatac,0.9999904801206202,1,test
main_004968,0,unknown,5.7960446838940236e-08,0,test
main_004969,1,bedep,0.9999999999562676,1,test
main_004970,0,unknown,2.0913570803845963e-06,0,test
main_004971,0,unknown,6.087867549714012e-10,0,test
main_004972,0,unknown,2.842283510643369e-11,0,test
main_004973,0,unknown,1.9201592493498725e-12,0,test
main_004974,0,unknown,2.0384333133173076e-11,0,test
main_004975,0,unknown,5.207471923529429e-07,0,test
main_004976,1,coroxy,0.9999999996528222,1,test
main_004977,1,unknown,0.9998671176199181,1,test
main_004978,1,wacatac,0.9999999993971196,1,test
main_004979,0,unknown,3.340898162012047e-07,0,test
main_004980,1,unknown,0.998643673272003,1,test
main_004981,1,unknown,0.9999999209956367,1,test
main_004982,1,cayunamer,0.9999954299437694,1,test
main_004983,1,wacatac,0.9999899369418279,1,test
main_004984,1,unknown,0.9999999999999778,1,test
main_004985,0,unknown,6.782295514477699e-07,0,test
main_004986,0,unknown,1.122730760809817e-05,0,test
main_004987,1,unknown,0.9999905282411469,1,test
main_004988,1,unknown,0.9999999995669162,1,test
main_004989,0,unknown,1.6849173978003042e-10,0,test
main_004990,1,unknown,0.999999738277436,1,test
main_004991,1,lockbit,0.9999999999985603,1,test
main_004992,1,redline,0.9998039950432333,1,test
main_004993,0,unknown,2.3179070528896087e-06,0,test
main_004994,0,unknown,0.0037282819775736023,0,test
main_004995,0,unknown,5.114980760385837e-07,0,test
main_004996,0,unknown,0.012816629929303191,1,test
main_004997,0,unknown,2.7765199363536385e-11,0,test
main_004998,0,unknown,5.317935669895616e-08,0,test
main_004999,0,unknown,1.734283885965965e-06,0,test
main_005000,0,unknown,1.682118156851757e-06,0,test
main_005001,0,unknown,8.494821729393668e-09,0,test
main_005002,0,unknown,2.6843322147274573e-06,0,test
main_005003,0,unknown,2.0968836701875912e-17,0,test
main_005004,0,unknown,9.998730882478302e-05,0,test
main_005005,0,unknown,7.377050954248288e-12,0,test
main_005006,1,wacatac,0.9999999963228428,1,test
main_005007,1,unknown,0.999948448722342,1,test
main_005008,0,unknown,0.07629511423686408,1,test
main_005009,0,unknown,2.3028693187740814e-10,0,test
main_005010,0,unknown,1.8073929777638796e-05,0,test
main_005011,0,unknown,9.125336696445325e-10,0,test
main_005012,1,wacatac,0.999999506118931,1,test
main_005013,0,unknown,3.460400769719055e-10,0,test
main_005014,1,disco,0.9999999999999774,1,test
main_005015,0,unknown,2.3566115776712105e-10,0,test
main_005016,0,unknown,3.629408153720126e-11,0,test
main_005017,0,unknown,4.3558443326495434e-11,0,test
main_005018,0,unknown,2.6321886088350145e-06,0,test
main_005019,0,unknown,0.031549811367727505,1,test
main_005020,0,unknown,1.2525246313317074e-13,0,test
main_005021,0,unknown,3.29599156935223e-11,0,test
main_005022,0,unknown,5.047837135227183e-13,0,test
main_005023,0,unknown,8.46120479156989e-12,0,test
main_005024,0,unknown,2.3332589125731924e-09,0,test
main_005025,0,unknown,7.875257441327598e-13,0,test
main_005026,0,unknown,1.4976270198862457e-11,0,test
main_005027,0,unknown,1.4886416240509445e-09,0,test
main_005028,0,unknown,1.8258337067953362e-11,0,test
main_005029,1,hidinstsfx,0.9999999967637092,1,test
main_005030,0,unknown,6.860179577678807e-10,0,test
main_005031,1,scarletflash,0.9999999983858356,1,test
main_005032,1,wacatac,0.999999999999996,1,test
main_005033,1,ulise,0.999999999999932,1,test
main_005034,1,vxlang,0.9999999999963494,1,test
main_005035,0,unknown,1.743727305057878e-07,0,test
main_005036,0,unknown,3.4207305490904543e-09,0,test
main_005037,1,puwaders,0.9999999029734633,1,test
main_005038,1,wacatac,0.9999999999999891,1,test
main_005039,1,wacatac,0.9999999960461448,1,test
main_005040,1,unknown,0.9999999986710675,1,test
main_005041,1,unknown,0.9995672301829271,1,test
main_005042,0,unknown,6.172113029005363e-06,0,test
main_005043,0,unknown,5.054193161721701e-07,0,test
main_005044,0,unknown,1.9038408633814875e-06,0,test
main_005045,0,unknown,7.606624071721133e-06,0,test
main_005046,0,unknown,5.335452276910155e-09,0,test
main_005047,0,unknown,4.567373358614009e-05,0,test
main_005048,0,unknown,2.8076163981979403e-09,0,test
main_005049,0,unknown,1.744564240973837e-06,0,test
main_005050,1,khalesi,0.9999842996648554,1,test
main_005051,1,unknown,0.9999999999999996,1,test
main_005052,0,unknown,5.3865781947179024e-11,0,test
main_005053,1,unknown,0.9999999986096142,1,test
main_005054,0,unknown,0.031417899188527276,1,test
main_005055,1,qqrob,0.9999999999751721,1,test
main_005056,1,amsibypass,0.9999999795766836,1,test
main_005057,1,berbew,0.9999999999946712,1,test
main_005058,0,unknown,1.5065960023873404e-07,0,test
main_005059,1,bedep,0.9999999998882412,1,test
main_005060,0,unknown,1.397895910614426e-09,0,test
main_005061,1,emdup,0.9999999999971547,1,test
main_005062,1,berbew,0.9999999996963633,1,test
main_005063,1,unknown,0.9999999999999405,1,test
main_005064,1,gator,0.9999999993877879,1,test
main_005065,1,unknown,0.9999999997166167,1,test
main_005066,1,berbew,0.9999999999036382,1,test
main_005067,1,reflo,0.9999980179573852,1,test
main_005068,1,wacatac,0.998126884493565,1,test
main_005069,1,wacatac,0.9999999999303117,1,test
main_005070,1,berbew,0.9999999998394431,1,test
main_005071,1,banload,0.9999999999999998,1,test
main_005072,1,stormattack,0.9999981314019961,1,test
main_005073,0,unknown,7.737601799752942e-08,0,test
main_005074,0,unknown,7.719883598982077e-08,0,test
main_005075,0,unknown,2.6516176995217745e-06,0,test
main_005076,1,unknown,0.9999999966407342,1,test
main_005077,0,unknown,8.448369444697504e-12,0,test
main_005078,0,unknown,5.387850720757567e-06,0,test
main_005079,1,vxlang,0.9999999999542881,1,test
main_005080,1,lucastealer,0.9999285527583686,1,test
main_005081,0,unknown,3.4597628379006147e-08,0,test
main_005082,0,unknown,1.6454828037086658e-08,0,test
main_005083,1,trollav,0.999999999999956,1,test
main_005084,1,nevereg,0.9999999999830917,1,test
main_005085,0,unknown,2.5890022079282858e-05,0,test
main_005086,0,unknown,4.572037331631358e-07,0,test
main_005087,1,cobaltstrike,0.9999999999999183,1,test
main_005088,1,emdup,0.9999999991637849,1,test
main_005089,1,banload,0.9999999999999551,1,test
main_005090,1,wacatac,0.9994549213957555,1,test
main_005091,0,unknown,7.840338138215076e-12,0,test
main_005092,0,unknown,4.831147353569488e-12,0,test
main_005093,0,unknown,1.3379896508988855e-11,0,test
main_005094,1,banload,0.9999999999999936,1,test
main_005095,1,unknown,0.9999999998863245,1,test
main_005096,1,vindor,0.9999999999999996,1,test
main_005097,1,disin,0.9999999999997506,1,test
main_005098,0,unknown,3.3534586409037313e-10,0,test
main_005099,1,unknown,0.9999999998431857,1,test
main_005100,1,xmrig,0.9999998136379854,1,test
main_005101,1,xmrig,1.0,1,test
main_005102,0,unknown,3.809306093099277e-05,0,test
main_005103,1,unknown,0.9998123540077231,1,test
main_005104,1,berbew,0.99999999999639,1,test
main_005105,1,scarletflash,0.9999873164614628,1,test
main_005106,1,berbew,0.9999999999999607,1,test
main_005107,1,polycrypt,0.999816429947983,1,test
main_005108,1,shipshape,0.9999999999569469,1,test
main_005109,1,berbew,0.9999999999935076,1,test
main_005110,1,scarletflash,0.9999999981651162,1,test
main_005111,0,unknown,3.3413875880464584e-08,0,test
main_005112,0,unknown,2.5975790973273324e-07,0,test
main_005113,0,unknown,2.4727437899482253e-07,0,test
main_005114,1,xmrig,1.0,1,test
main_005115,0,unknown,2.8012169772799207e-06,0,test
main_005116,0,unknown,1.971650193407093e-05,0,test
main_005117,1,glupteba,0.9999999999700957,1,test
main_005118,1,berbew,0.9999999999962961,1,test
main_005119,1,ulise,0.9999999858111448,1,test
main_005120,1,dinwod,0.9999999999999905,1,test
main_005121,1,wipass,0.9999999992128317,1,test
main_005122,1,scarletflash,0.99999999998201,1,test
main_005123,1,qqrob,0.9999984171845593,1,test
main_005124,1,unknown,0.9999998975744635,1,test
main_005125,1,lummastealer,0.99991347364878,1,test
main_005126,0,unknown,7.417455321171961e-06,0,test
main_005127,1,expiro,0.9999999998496685,1,test
main_005128,1,cobaltstrike,0.9999999999555444,1,test
main_005129,1,wacatac,0.9999999999996156,1,test
main_005130,1,wacatac,0.999999857603911,1,test
main_005131,1,discordbot,0.9999999997278173,1,test
main_005132,1,xmrig,1.0,1,test
main_005133,1,berbew,0.9999999996980435,1,test
main_005134,1,ulise,0.9999999999999891,1,test
main_005135,0,unknown,1.9799618399529847e-10,0,test
main_005136,1,grandoreiro,0.9999999999829814,1,test
main_005137,1,grandoreiro,0.9999999999995732,1,test
main_005138,1,unknown,0.999999999684281,1,test
main_005139,0,unknown,2.0007996077664584e-05,0,test
main_005140,1,crifi,0.999999999997464,1,test
main_005141,1,phonzy,0.9999999999999873,1,test
main_005142,1,cryrar,0.9999659792521286,1,test
main_005143,0,unknown,3.9447235839310486e-15,0,test
main_005144,0,unknown,4.1618014175619e-06,0,test
main_005145,0,unknown,2.780052479918434e-09,0,test
main_005146,1,unknown,0.9999695189638216,1,test
main_005147,1,vkontaktedj,0.7590181180013481,1,test
main_005148,1,banload,0.9999999999999998,1,test
main_005149,1,unknown,0.9999999999987235,1,test
main_005150,1,satana,0.9999999998398763,1,test
main_005151,1,shodi,0.9999463812415332,1,test
main_005152,0,unknown,2.002556749434853e-12,0,test
main_005153,0,unknown,2.8220002190126585e-10,0,test
main_005154,0,unknown,2.4084441455225105e-10,0,test
main_005155,0,unknown,3.301309646403342e-07,0,test
main_005156,0,unknown,1.0427862384567003e-06,0,test
main_005157,1,berbew,0.9999999999999949,1,test
main_005158,1,wabot,0.9999999998562363,1,test
main_005159,0,unknown,8.271150835773338e-11,0,test
main_005160,0,unknown,8.149383704870949e-11,0,test
main_005161,0,unknown,1.6843436074609882e-08,0,test
main_005162,1,disin,0.9999999999997704,1,test
main_005163,0,unknown,9.247213054796166e-06,0,test
main_005164,0,unknown,1.4399241708801163e-05,0,test
main_005165,0,unknown,1.7245776032236872e-05,0,test
main_005166,0,unknown,0.0002246794487252904,0,test
main_005167,0,unknown,4.557819395431874e-08,0,test
main_005168,0,unknown,2.2797251140562477e-08,0,test
main_005169,0,unknown,4.2018364726794605e-07,0,test
main_005170,0,unknown,1.4282712376584975e-06,0,test
main_005171,0,unknown,6.676233819072704e-06,0,test
main_005172,0,unknown,5.2030032029281785e-09,0,test
main_005173,1,cordimik,0.9999999797211379,1,test
main_005174,0,unknown,9.183589541889467e-12,0,test
main_005175,1,wacatac,0.9999993467949041,1,test
main_005176,1,expiro,0.9985031882562397,1,test
main_005177,1,crifi,0.9999999999993174,1,test
main_005178,1,doina,0.9999999999871343,1,test
main_005179,1,vobfus,0.9999999999953295,1,test
main_005180,0,unknown,3.5957513721384526e-10,0,test
main_005181,0,unknown,3.070145762707971e-10,0,test
main_005182,0,unknown,0.002375793983545044,0,test
main_005183,0,unknown,2.0400846822130164e-05,0,test
main_005184,0,unknown,2.7672589479712005e-07,0,test
main_005185,0,unknown,4.106162378379305e-09,0,test
main_005186,1,upatre,0.9999999999881264,1,test
main_005187,0,unknown,1.408042108786442e-10,0,test
main_005188,1,disin,0.9999999999999893,1,test
main_005189,0,unknown,3.8094110012979776e-05,0,test
main_005190,0,unknown,0.002713378423250589,0,test
main_005191,1,unknown,0.9999997932879828,1,test
main_005192,1,lunastorm,0.9999999999823272,1,test
main_005193,0,unknown,2.4996367194551114e-07,0,test
main_005194,0,unknown,6.193215605547762e-10,0,test
main_005195,1,qqrob,0.9999999999954696,1,test
main_005196,1,wacatac,0.9999999999382883,1,test
main_005197,1,ipamor,0.9999999959624837,1,test
main_005198,1,sfile,0.9991865918501406,1,test
main_005199,0,unknown,2.773121992313255e-14,0,test
main_005200,0,unknown,7.597409762835946e-08,0,test
main_005201,0,unknown,5.906267792890241e-13,0,test
main_005202,0,unknown,7.712494408928168e-12,0,test
main_005203,0,unknown,1.9257138800260525e-08,0,test
main_005204,1,shelm,0.9999995380555895,1,test
main_005205,1,berbew,0.9999999148529372,1,test
main_005206,1,virut,0.9999151563793632,1,test
main_005207,1,virut,0.9998698170267166,1,test
main_005208,1,unknown,0.9999986154156847,1,test
main_005209,0,unknown,0.003939746179827254,0,test
main_005210,0,unknown,1.5793972307850435e-06,0,test
main_005211,1,penguish,0.9987801129394953,1,test
main_005212,0,unknown,3.2717037629202003e-06,0,test
main_005213,0,unknown,3.133896279793521e-10,0,test
main_005214,0,unknown,4.2863431964427545e-08,0,test
main_005215,0,unknown,2.6580187157814928e-05,0,test
main_005216,0,unknown,0.03447734089578823,1,test
main_005217,0,unknown,0.0004204957489041607,0,test
main_005218,0,unknown,5.08451888084817e-13,0,test
main_005219,1,xmrig,1.0,1,test
main_005220,0,unknown,2.241475777061242e-05,0,test
main_005221,0,unknown,7.447352903956742e-08,0,test
main_005222,0,unknown,2.639132410777897e-07,0,test
main_005223,0,unknown,8.63768852748758e-06,0,test
main_005224,0,unknown,1.2183269211378252e-08,0,test
main_005225,0,unknown,1.3204449889163336e-07,0,test
main_005226,0,unknown,1.7910037915072055e-10,0,test
main_005227,0,unknown,1.660189418111812e-08,0,test
main_005228,0,unknown,7.67933798354506e-08,0,test
main_005229,0,unknown,1.7333512513347114e-12,0,test
main_005230,0,unknown,2.1974553139608493e-08,0,test
main_005231,0,unknown,2.376565517511545e-11,0,test
main_005232,0,unknown,2.9291129691384957e-13,0,test
main_005233,0,unknown,1.8526657102742876e-12,0,test
main_005234,0,unknown,7.894864060721293e-12,0,test
main_005235,0,unknown,6.112020947067567e-11,0,test
main_005236,0,unknown,1.3647297252104462e-12,0,test
main_005237,0,unknown,6.054000783853149e-13,0,test
main_005238,0,unknown,4.07279270642136e-13,0,test
main_005239,0,unknown,2.2583618165577693e-06,0,test
main_005240,0,unknown,5.226601518922166e-06,0,test
main_005241,1,berbew,0.9999999999968012,1,test
main_005242,0,unknown,3.597992822984565e-09,0,test
main_005243,0,unknown,8.243628536254162e-09,0,test
main_005244,1,alien,0.9999999999999976,1,test
main_005245,1,crifi,0.9999999999826974,1,test
main_005246,1,engimastealer,0.9999977842393797,1,test
main_005247,0,unknown,1.687495979018964e-17,0,test
main_005248,1,badiis,0.6005373728798175,1,test
main_005249,1,unknown,0.9967413011068603,1,test
main_005250,1,dlass,0.9999999548743341,1,test
main_005251,0,unknown,2.788023003248428e-11,0,test
main_005252,1,bedep,0.999999998549199,1,test
main_005253,0,unknown,2.677795314361046e-14,0,test
main_005254,0,unknown,8.307353350981231e-14,0,test
main_005255,0,unknown,1.5910900135427165e-12,0,test
main_005256,0,unknown,6.087612269292906e-14,0,test
main_005257,0,unknown,3.865846900575246e-09,0,test
main_005258,0,unknown,6.1775973549276215e-12,0,test
main_005259,0,unknown,1.4935106031234438e-11,0,test
main_005260,0,unknown,2.1864279256125934e-11,0,test
main_005261,0,unknown,3.793491226638712e-14,0,test
main_005262,0,unknown,1.1923880001175434e-12,0,test
main_005263,0,unknown,2.43264308702681e-13,0,test
main_005264,0,unknown,5.314875733357561e-14,0,test
main_005265,0,unknown,3.58862578488013e-13,0,test
main_005266,0,unknown,3.394489827867214e-10,0,test
main_005267,0,unknown,1.8962652041652206e-09,0,test
main_005268,0,unknown,1.381747508229304e-09,0,test
main_005269,1,bedep,0.9999999999739924,1,test
main_005270,0,unknown,1.768161698269208e-08,0,test
main_005271,1,cobaltstrike,0.999996879989263,1,test
main_005272,1,convagent,0.9982489521050119,1,test
main_005273,0,unknown,0.0001221678080994381,0,test
main_005274,1,unknown,0.9999999999673355,1,test
main_005275,1,barys,0.9999914309515947,1,test
main_005276,1,reverse64,0.9999999999891296,1,test
main_005277,1,zenapak,0.9999984832570835,1,test
main_005278,1,upatre,0.9999999999996023,1,test
main_005279,1,expiro,0.9999999999782712,1,test
main_005280,1,ad2345,0.9426002548655543,1,test
main_005281,1,darkgate,0.9999990676875116,1,test
main_005282,1,banload,0.9999999999999998,1,test
main_005283,0,unknown,1.5702419799338774e-08,0,test
main_005284,0,unknown,1.32636702785349e-09,0,test
main_005285,0,unknown,1.545690428276002e-09,0,test
main_005286,0,unknown,8.481006028123002e-10,0,test
main_005287,0,unknown,1.6626576653911895e-08,0,test
main_005288,0,unknown,2.89351508920989e-10,0,test
main_005289,0,unknown,5.355077201297719e-09,0,test
main_005290,0,unknown,3.70652896155504e-10,0,test
main_005291,1,wacatac,0.9999999999592581,1,test
main_005292,1,clipbanker,0.9999745249302667,1,test
main_005293,0,unknown,7.691772231289935e-10,0,test
main_005294,0,unknown,4.629222314011545e-09,0,test
main_005295,1,dinwod,1.0,1,test
main_005296,0,unknown,1.7171634474995264e-09,0,test
main_005297,1,chinky,0.9999999999465314,1,test
main_005298,1,upatre,0.9999999999918052,1,test
main_005299,1,berbew,0.9999999999350704,1,test
main_005300,0,unknown,1.2464368883428045e-09,0,test
main_005301,0,unknown,6.425442872305664e-08,0,test
main_005302,0,unknown,7.808321911614155e-13,0,test
main_005303,0,unknown,1.019187046041166e-12,0,test
main_005304,1,vuldriver,0.9742311663250994,1,test
main_005305,1,trickbot,0.9999999965833615,1,test
main_005306,0,unknown,3.0221488268271485e-05,0,test
main_005307,1,killor,0.9999983420636692,1,test
main_005308,0,unknown,6.51856658359089e-09,0,test
main_005309,1,brontok,0.9999993775095137,1,test
main_005310,1,soltern,0.999999999798443,1,test
main_005311,1,gepys,0.9999999999844054,1,test
main_005312,0,unknown,0.0038943348949504503,0,test
main_005313,1,aenjaris,0.9999999994432374,1,test
main_005314,1,berbew,0.9999999999994047,1,test
main_005315,1,unknown,0.999111329011004,1,test
main_005316,1,shelm,0.99999994163105,1,test
main_005317,1,goshell,0.9999999533741457,1,test
main_005318,1,cryptowall,0.9999999999999782,1,test
main_005319,1,wacatac,0.9999999476125198,1,test
main_005320,0,unknown,9.662758053610853e-06,0,test
main_005321,0,unknown,0.0015015139968787903,0,test
main_005322,1,upatre,0.9999999999966205,1,test
main_005323,1,bedep,0.9999836003836219,1,test
main_005324,1,berbew,0.9999999962498034,1,test
main_005325,0,unknown,7.995146788907384e-09,0,test
main_005326,0,unknown,5.139438229878803e-08,0,test
main_005327,0,unknown,2.2085278520434097e-08,0,test
main_005328,1,shelm,0.9999950782356931,1,test
main_005329,1,unknown,0.9976626206353413,1,test
main_005330,1,swjoy,0.989598658254784,1,test
main_005331,1,mekoban,0.9992396706839201,1,test
main_005332,1,hidecon,0.998178596385524,1,test
main_005333,1,vanbot,0.9997688140392055,1,test
main_005334,1,unknown,0.9999727590761871,1,test
main_005335,1,unknown,0.9997504421372854,1,test
main_005336,1,unknown,0.9999135630047725,1,test
main_005337,1,flystudio,0.9999999788845892,1,test
main_005338,1,unknown,0.9986788027691758,1,test
main_005339,1,cryakl,0.999999999863743,1,test
main_005340,1,unknown,0.9999998016362959,1,test
main_005341,1,genkryptikagen,0.999999971354485,1,test
main_005342,1,shelm,0.9999954564142911,1,test
main_005343,1,unknown,0.9999999887220355,1,test
main_005344,1,unknown,0.9993112991464838,1,test
main_005345,1,unknown,0.9999999717476752,1,test
main_005346,1,daserf,0.9999999727299383,1,test
main_005347,1,unknown,0.9995755922345432,1,test
main_005348,1,unknown,0.9996308044780212,1,test
main_005349,1,nitol,0.99992525157071,1,test
main_005350,1,wacatac,0.999964834631445,1,test
main_005351,1,emdup,0.9999999908345644,1,test
main_005352,1,unknown,0.9999999987490196,1,test
main_005353,1,unknown,0.9999177018749161,1,test
main_005354,1,pophot,0.9999861596886027,1,test
main_005355,1,unknown,0.9999997419866338,1,test
main_005356,1,pcclient,0.9980232021050219,1,test
main_005357,1,miscx,0.9869013817388507,1,test
main_005358,0,unknown,0.006760535482970235,0,test
main_005359,1,unknown,0.9999998584649283,1,test
main_005360,1,strictor,0.9999718801999627,1,test
main_005361,1,unknown,0.9998512971699468,1,test
main_005362,1,unknown,0.9980517247062337,1,test
main_005363,0,unknown,1.2698952028596788e-05,0,test
main_005364,1,unknown,0.9997686899399187,1,test
main_005365,1,parite,0.9999999996517552,1,test
main_005366,1,flystudio,0.9999895911329574,1,test
main_005367,1,flystudio,0.9999999817427826,1,test
main_005368,1,flystudio,0.9999873711506898,1,test
main_005369,1,unknown,0.9999991266787753,1,test
main_005370,1,salgorea,0.9999926462698673,1,test
main_005371,1,unknown,0.9998655881389932,1,test
main_005372,1,flystudio,0.999999992519928,1,test
main_005373,1,eggnog,0.999999989289518,1,test
main_005374,0,unknown,7.822504100574152e-07,0,test
main_005375,0,unknown,0.00012106874963060115,0,test
main_005376,1,qqten,0.9999999414883903,1,test
main_005377,1,wacatac,0.999999999999498,1,test
main_005378,1,flystudio,0.9999999999870768,1,test
main_005379,1,unknown,0.9983518562997347,1,test
main_005380,1,berbew,0.9999999667608401,1,test
main_005381,1,opiker,0.9988713842649984,1,test
main_005382,1,casino,0.9998133073953497,1,test
main_005383,1,flystudio,0.9999947573510114,1,test
main_005384,1,unknown,0.9991523368486598,1,test
main_005385,1,unknown,0.9973192410058415,1,test
main_005386,0,unknown,5.701661409501854e-09,0,test
main_005387,0,unknown,1.4650946640655305e-09,0,test
main_005388,1,wacatac,0.9999606018891896,1,test
main_005389,1,unknown,0.9999546351598091,1,test
main_005390,1,unknown,0.8819290348526119,1,test
main_005391,1,mabezat,0.999994161974098,1,test
main_005392,1,unknown,0.9983799992568452,1,test
main_005393,1,unknown,0.9999987501448114,1,test
main_005394,1,flystudio,0.9999707205978328,1,test
main_005395,1,flystudio,0.9999999863475726,1,test
main_005396,0,unknown,0.0017082432630033256,0,test
main_005397,1,unknown,0.9999922382668172,1,test
main_005398,1,wacatac,0.9999994369204817,1,test
main_005399,1,unknown,0.999999999809071,1,test
main_005400,1,unknown,0.9999998583549797,1,test
main_005401,1,scarletflash,0.9999985398811054,1,test
main_005402,1,unknown,0.9999996948674014,1,test
main_005403,1,sksocket,0.9999999985098249,1,test
main_005404,1,unknown,0.9999999999998919,1,test
main_005405,1,procpatcher,0.999999988428533,1,test
main_005406,0,unknown,1.1836208607798178e-07,0,test
main_005407,1,wacatac,0.9999997140414113,1,test
main_005408,1,crifi,0.9999999999958267,1,test
main_005409,1,onlinegames,0.999504714366276,1,test
main_005410,1,bdsearch,0.9999999995570621,1,test
main_005411,1,cosmu,0.9999672015846858,1,test
main_005412,1,unknown,0.9999796802283591,1,test
main_005413,1,unknown,0.9999984436933604,1,test
main_005414,1,unknown,0.9999871408184623,1,test
main_005415,0,unknown,1.1280021807754846e-07,0,test
main_005416,0,unknown,0.0013018591670907428,0,test
main_005417,0,unknown,9.820952874695951e-05,0,test
main_005418,1,unknown,0.999992518241111,1,test
main_005419,1,unknown,0.9999999844636784,1,test
main_005420,1,unknown,0.9999998082114882,1,test
main_005421,1,wacatac,0.9999915030544959,1,test
main_005422,1,sality,0.8983371788591553,1,test
main_005423,1,wacatac,0.9999946913265387,1,test
main_005424,1,unknown,0.9999875272637413,1,test
main_005425,1,unknown,0.9994467569783398,1,test
main_005426,1,wacatac,0.9999455861614259,1,test
main_005427,1,sality,0.9984288352123256,1,test
main_005428,1,unknown,0.9994440568644712,1,test
main_005429,1,adaebook,0.9999999999061624,1,test
main_005430,1,unknown,0.9998149457411898,1,test
main_005431,1,unknown,0.9999571143904354,1,test
main_005432,1,upatre,0.9999999999714675,1,test
main_005433,1,wacatac,0.9999995522442708,1,test
main_005434,1,fosniw,0.9999999999997753,1,test
main_005435,1,sality,0.9999986202107358,1,test
main_005436,1,unknown,0.9753844205011318,1,test
main_005437,1,kolovorot,0.999999999964978,1,test
main_005438,1,unknown,0.9999999982234069,1,test
main_005439,1,wacatac,0.9999999999588522,1,test
main_005440,1,urelas,0.9999999996508713,1,test
main_005441,1,unknown,0.9999193257740583,1,test
main_005442,1,scarletflash,0.9999999999998193,1,test
main_005443,1,unknown,0.9999977836087853,1,test
main_005444,1,buzus,0.9999890677853034,1,test
main_005445,1,unknown,0.9999999872061759,1,test
main_005446,1,sdbot,0.9999999999994971,1,test
main_005447,1,unknown,0.9999998622468197,1,test
main_005448,1,unknown,0.999985868135356,1,test
main_005449,1,unknown,0.9995957276552165,1,test
main_005450,1,scarletflash,0.9999981413999182,1,test
main_005451,1,flystudio,0.9999998126137009,1,test
main_005452,1,scarletflash,0.999987404944623,1,test
main_005453,1,fignya,0.999999999999919,1,test
main_005454,1,unknown,0.9999853379420496,1,test
main_005455,1,disin,0.9999999999961273,1,test
main_005456,1,unknown,0.9995483370006768,1,test
main_005457,1,unknown,0.9999098769996859,1,test
main_005458,1,sality,0.9999271070485984,1,test
main_005459,1,unknown,0.9995300303737199,1,test
main_005460,1,unknown,0.9992784909037008,1,test
main_005461,1,caypnamer,0.9999999969051525,1,test
main_005462,1,wronginf,0.9999944066171595,1,test
main_005463,1,wronginf,0.9918871533608717,1,test
main_005464,1,banload,0.9970601671685788,1,test
main_005465,1,unknown,0.9999906802697521,1,test
main_005466,1,unknown,0.9999999440530487,1,test
main_005467,1,unknown,0.9999863748280428,1,test
main_005468,1,unknown,0.9980624276409878,1,test
main_005469,1,unknown,0.999999999486572,1,test
main_005470,1,wacatac,0.999999875513609,1,test
main_005471,1,unknown,0.9999982485893627,1,test
main_005472,1,flystudio,0.9999992544157351,1,test
main_005473,0,unknown,3.923292430490455e-08,0,test
main_005474,1,unknown,0.9999999998996727,1,test
main_005475,1,unknown,0.998827801644562,1,test
main_005476,1,parite,0.9992123476615701,1,test
main_005477,0,unknown,3.1814179702993007e-06,0,test
main_005478,1,sality,0.9998834412274314,1,test
main_005479,1,unknown,0.999999845698716,1,test
main_005480,1,unknown,0.9999874428210405,1,test
main_005481,1,wacatac,0.9999999985971595,1,test
main_005482,1,unknown,0.9999998426480846,1,test
main_005483,1,flystudio,0.9999999980556302,1,test
main_005484,1,unknown,0.999999020233989,1,test
main_005485,1,unknown,0.9999994862149115,1,test
main_005486,1,unknown,0.9738966362610011,1,test
main_005487,1,scarletflash,0.9999982666353372,1,test
main_005488,1,unknown,0.9998938963444567,1,test
main_005489,1,zegost,0.9986767688898084,1,test
main_005490,1,grandoreiro,0.9999999999998486,1,test
main_005491,1,grandoreiro,0.99999999996971,1,test
main_005492,1,flystudio,0.9999999993182791,1,test
main_005493,1,unknown,0.9999974920260629,1,test
main_005494,1,wacatac,0.9999760021989236,1,test
main_005495,1,wacatac,0.99999935461823,1,test
main_005496,1,webmoner,0.9999755653281699,1,test
main_005497,1,kolovorot,0.9999999943840023,1,test
main_005498,1,virut,0.999999974138368,1,test
main_005499,0,unknown,2.1671949823070456e-12,0,test
main_005500,0,unknown,6.863959452490559e-05,0,test
main_005501,1,unknown,0.9999998945676587,1,test
main_005502,1,unknown,0.9824994058565861,1,test
main_005503,1,unknown,0.9629427944305927,1,test
main_005504,1,wronginf,0.9998321473782407,1,test
main_005505,1,unknown,0.9999182724203004,1,test
main_005506,0,unknown,2.7896372646047143e-07,0,test
main_005507,1,buzus,0.9999970354568704,1,test
main_005508,0,unknown,6.713234356118708e-08,0,test
main_005509,1,flystudio,0.9999508140356484,1,test
main_005510,0,unknown,1.138029789440719e-05,0,test
main_005511,0,unknown,1.3783258259933322e-06,0,test
main_005512,0,unknown,0.0010287149551926817,0,test
main_005513,1,flystudio,0.9999999703480906,1,test
main_005514,1,flystudio,0.9999999979195753,1,test
main_005515,1,flystudio,0.9999986882999644,1,test
main_005516,1,unknown,0.9999991089370028,1,test
main_005517,1,unknown,0.9999921741900831,1,test
main_005518,0,unknown,2.2162937986418705e-08,0,test
main_005519,0,unknown,1.4430955782918553e-08,0,test
main_005520,0,unknown,2.8762222370410566e-07,0,test
main_005521,0,unknown,6.828358705188261e-08,0,test
main_005522,0,unknown,7.931511653920822e-07,0,test
main_005523,0,unknown,1.5188778714487676e-06,0,test
main_005524,0,unknown,8.987528331573631e-05,0,test
main_005525,1,flystudio,0.9996613269947577,1,test
main_005526,0,unknown,2.288680969550642e-08,0,test
main_005527,1,poisonivy,0.999886020170421,1,test
main_005528,1,zegost,0.9965554635312737,1,test
main_005529,1,scarletflash,0.9999998844383744,1,test
main_005530,0,unknown,0.08094478857363062,1,test
main_005531,1,unknown,0.9999999907364289,1,test
main_005532,1,unknown,0.9999999669756154,1,test
main_005533,1,noobyprotect,0.9999995066185426,1,test
main_005534,1,unknown,0.9999999888357504,1,test
main_005535,1,unknown,0.9999964790029474,1,test
main_005536,1,unknown,0.9955855102245671,1,test
main_005537,1,unknown,0.9999999998806535,1,test
main_005538,1,unknown,0.9999874530656218,1,test
main_005539,1,pcclient,0.9935928778556462,1,test
main_005540,1,kudj,0.998977107870121,1,test
main_005541,1,flystudio,0.9999999989298751,1,test
main_005542,1,flystudio,0.9999990210878799,1,test
main_005543,0,unknown,5.245415552744838e-07,0,test
main_005544,1,wronginf,0.9992238116377926,1,test
main_005545,1,flystudio,0.9999999940463673,1,test
main_005546,1,virut,0.999931415022967,1,test
main_005547,1,onlinegames,0.9994608554908225,1,test
main_005548,1,jadtre,0.9999954538937389,1,test
main_005549,1,poisonivy,0.9999999999375475,1,test
main_005550,1,wacatac,0.99992982944485,1,test
main_005551,1,flystudio,0.9999999124745306,1,test
main_005552,0,unknown,0.013972097682618239,1,test
main_005553,0,unknown,0.00015283566058822812,0,test
main_005554,1,unknown,0.9999999999953322,1,test
main_005555,1,unknown,0.9999844130978731,1,test
main_005556,0,unknown,5.081460018917008e-07,0,test
main_005557,1,blackmoon,0.9981709703647484,1,test
main_005558,1,softcnapp,0.9998993220958463,1,test
main_005559,1,kolovorot,0.9999999739660015,1,test
main_005560,1,flystudio,0.9999997395347399,1,test
main_005561,1,wacatac,0.9999197955597746,1,test
main_005562,1,unknown,0.9998526680605071,1,test
main_005563,0,unknown,1.136149754226592e-05,0,test
main_005564,1,flystudio,0.9999050447399732,1,test
main_005565,0,unknown,0.00024366618649251777,0,test
main_005566,0,unknown,1.193645113636849e-06,0,test
main_005567,0,unknown,1.846806506974334e-06,0,test
main_005568,1,unknown,0.9999999966189412,1,test
main_005569,1,gottle,0.9997333706334003,1,test
main_005570,1,unknown,0.9999897797324917,1,test
main_005571,1,unknown,0.9999082641206015,1,test
main_005572,1,unknown,0.9999381129912907,1,test
main_005573,1,lockergoga,0.9999999985939665,1,test
main_005574,1,flystudio,0.9999994958710786,1,test
main_005575,1,jadtre,0.9946537370855993,1,test
main_005576,0,unknown,0.0002806856771579347,0,test
main_005577,1,virut,0.9953817688354623,1,test
main_005578,1,unknown,0.9999216059930488,1,test
main_005579,1,unknown,0.9999646394366163,1,test
main_005580,0,unknown,0.0008192473765354356,0,test
main_005581,1,unknown,0.9999178011583747,1,test
main_005582,1,xmrig,0.9999998922597207,1,test
main_005583,1,wacatac,0.9999999646704095,1,test
main_005584,1,unknown,0.9999999998837417,1,test
main_005585,1,unknown,0.9999434153388083,1,test
main_005586,1,unknown,0.9999999999721103,1,test
main_005587,1,shelm,0.9993124773327048,1,test
main_005588,1,unknown,0.9999289153609782,1,test
main_005589,1,puwaders,0.9998567933510966,1,test
main_005590,1,flystudio,0.9999983974075143,1,test
main_005591,1,unknown,0.9999955790698273,1,test
main_005592,1,disfa,0.9999983867568991,1,test
main_005593,0,unknown,4.325994606326018e-05,0,test
main_005594,1,wacatac,0.9999929851082607,1,test
main_005595,1,debris,0.9999803413400713,1,test
main_005596,1,debris,0.9999986560988832,1,test
main_005597,1,unknown,0.9999998732407359,1,test
main_005598,1,unknown,0.9999999953722274,1,test
main_005599,1,vkhost,0.9999991320109682,1,test
main_005600,1,flystudio,0.9999990562077473,1,test
main_005601,1,blackmoon,0.999990900422896,1,test
main_005602,1,unknown,0.9999828638258594,1,test
main_005603,1,noobyprotect,0.9999942000481284,1,test
main_005604,0,unknown,2.0926162797886958e-08,0,test
main_005605,0,unknown,5.009739309487703e-07,0,test
main_005606,0,unknown,2.842510551801694e-08,0,test
main_005607,0,unknown,2.146809614873592e-09,0,test
main_005608,0,unknown,9.190368334409123e-06,0,test
main_005609,1,sohanad,0.9999999738981282,1,test
main_005610,0,unknown,2.7975317300604488e-08,0,test
main_005611,0,unknown,6.343256037501916e-05,0,test
main_005612,0,unknown,9.66334505910567e-10,0,test
main_005613,0,unknown,3.8793560073109125e-12,0,test
main_005614,0,unknown,9.157166386376687e-06,0,test
main_005615,0,unknown,3.5671402062289775e-07,0,test
main_005616,0,unknown,2.633117810742609e-09,0,test
main_005617,0,unknown,4.3796265705825705e-08,0,test
main_005618,0,unknown,0.008329323729718617,0,test
main_005619,0,unknown,4.452871691652451e-10,0,test
main_005620,0,unknown,2.0233985925023516e-09,0,test
main_005621,1,flystudio,0.9999999032060094,1,test
main_005622,1,unknown,0.9999999605782905,1,test
main_005623,1,unknown,0.9940690491649252,1,test
main_005624,1,flystudio,0.9999091919718691,1,test
main_005625,1,flystudio,0.999999913064179,1,test
main_005626,1,creprote,0.9999834046366084,1,test
main_005627,1,flystudio,0.9999960899880342,1,test
main_005628,1,onlinegames,0.9997044919670577,1,test
main_005629,1,unknown,0.9999989117667437,1,test
main_005630,1,virut,0.9999940035885116,1,test
main_005631,0,unknown,7.056240038945557e-06,0,test
main_005632,0,unknown,3.9941068614892875e-06,0,test
main_005633,1,unknown,0.9883088766980256,1,test
main_005634,1,unknown,0.9999995005757029,1,test
main_005635,1,scarletflash,0.9999936728898028,1,test
main_005636,1,wacatac,0.992013956605471,1,test
main_005637,0,unknown,1.1520826531188508e-08,0,test
main_005638,1,scarletflash,0.9999999999783067,1,test
main_005639,1,unknown,0.9999113318724278,1,test
main_005640,1,unknown,0.9997333139016219,1,test
main_005641,1,flystudio,0.9999840288158148,1,test
main_005642,1,unknown,0.99523273843406,1,test
main_005643,0,unknown,5.627309390957267e-07,0,test
main_005644,1,unknown,0.9999999998800344,1,test
main_005645,1,unknown,0.9997071408984936,1,test
main_005646,1,unknown,0.9999999999322571,1,test
main_005647,1,unknown,0.9997902004894944,1,test
main_005648,1,urlblazer,0.9988413607049583,1,test
main_005649,1,flyagent,0.999994085825897,1,test
main_005650,1,mbrlock,0.9999999996957218,1,test
main_005651,1,unknown,0.9828633904182645,1,test
main_005652,0,unknown,2.4950921140986533e-07,0,test
main_005653,1,unknown,0.9999735464452524,1,test
main_005654,0,unknown,1.3007613917696044e-05,0,test
main_005655,1,unknown,0.9998840276694311,1,test
main_005656,1,unknown,0.18113480006141428,1,test
main_005657,1,flystudio,0.9998415713920523,1,test
main_005658,1,unknown,0.9999976092516076,1,test
main_005659,1,convagent,0.9999957823436008,1,test
main_005660,1,fakevimes,0.9999999991024009,1,test
main_005661,1,unknown,0.9999933998208214,1,test
main_005662,1,unknown,0.9999999665125452,1,test
main_005663,0,unknown,9.654378107762347e-06,0,test
main_005664,1,unknown,0.9999503631081569,1,test
main_005665,1,unknown,0.9999755268533104,1,test
main_005666,1,unknown,0.9998804310323258,1,test
main_005667,1,klone,0.9999999996998292,1,test
main_005668,1,qqten,0.999999999965355,1,test
main_005669,1,blackmoon,0.9999996693303769,1,test
main_005670,0,unknown,5.913877644492553e-06,0,test
main_005671,0,unknown,1.0799036199760147e-05,0,test
main_005672,0,unknown,0.0004948324889853735,0,test
main_005673,0,unknown,2.0298769628037935e-06,0,test
main_005674,0,unknown,0.00017996126036712437,0,test
main_005675,1,wronginf,0.9990302945190574,1,test
main_005676,1,flystudio,0.9999834273755305,1,test
main_005677,1,unknown,0.9867058650580479,1,test
main_005678,1,unknown,0.9953472798182363,1,test
main_005679,1,sality,0.9999638270474239,1,test
main_005680,1,unknown,0.9999969038420292,1,test
main_005681,0,unknown,2.8542865637538722e-11,0,test
main_005682,1,virut,0.999999999942105,1,test
main_005683,1,unknown,0.9973892009888018,1,test
main_005684,1,virut,0.9999227933883067,1,test
main_005685,1,unknown,0.9997900926209125,1,test
main_005686,1,unknown,0.9970161873309806,1,test
main_005687,1,unknown,0.9998947439459036,1,test
main_005688,1,flystudio,0.9999791865265775,1,test
main_005689,1,wacatac,0.9999999999180575,1,test
main_005690,1,unknown,0.9858150784724589,1,test
main_005691,1,mabezat,0.9999999735122891,1,test
main_005692,1,navipromo,0.9999970976747723,1,test
main_005693,0,unknown,1.713762655553885e-09,0,test
main_005694,0,unknown,0.00019165343843620416,0,test
main_005695,1,unknown,0.9999941912052752,1,test
main_005696,0,unknown,1.9519645637484363e-08,0,test
main_005697,1,scarletflash,0.9999999999998592,1,test
main_005698,1,upatre,0.9999999589962433,1,test
main_005699,1,wronginf,0.9999535335324684,1,test
main_005700,1,unknown,0.9998453335501916,1,test
main_005701,1,unknown,0.9999999611184103,1,test
main_005702,1,unknown,0.9999999999070173,1,test
main_005703,1,wacatac,0.9999996895446477,1,test
main_005704,1,unknown,0.9999999992761064,1,test
main_005705,1,bundled,0.9918488022756268,1,test
main_005706,1,unknown,0.9998064156120315,1,test
main_005707,1,wronginf,0.9992387508423506,1,test
main_005708,1,unknown,0.9999998583957631,1,test
main_005709,1,wacatac,0.9902842062973383,1,test
main_005710,1,virut,0.9999515322164552,1,test
main_005711,1,flystudio,0.9999999795632659,1,test
main_005712,1,flystudio,0.9999999937087993,1,test
main_005713,1,unknown,0.9999997652336972,1,test
main_005714,1,hipak,0.9999361951018308,1,test
main_005715,1,wacatac,0.9999998502642475,1,test
main_005716,1,unknown,0.9987290616526491,1,test
main_005717,1,unknown,0.9993718094204752,1,test
main_005718,1,flystudio,0.9999999987809125,1,test
main_005719,0,unknown,0.012263077407439656,1,test
main_005720,1,zeus,0.9999997247116194,1,test
main_005721,1,unknown,0.9999999951136209,1,test
main_005722,1,unknown,0.9982308456338503,1,test
main_005723,1,koutodoor,0.9999175070234164,1,test
main_005724,1,unknown,0.9999974337641959,1,test
main_005725,0,unknown,1.9069482908347732e-08,0,test
main_005726,1,flystudio,0.9999291061605432,1,test
main_005727,1,unknown,0.999999356113584,1,test
main_005728,1,unknown,0.9999985843594618,1,test
main_005729,0,unknown,5.367422516053068e-07,0,test
main_005730,0,unknown,7.311076003107066e-10,0,test
main_005731,0,unknown,1.5359703566342813e-08,0,test
main_005732,0,unknown,9.192043493838528e-09,0,test
main_005733,0,unknown,5.832874260725245e-06,0,test
main_005734,0,unknown,5.031186687449664e-08,0,test
main_005735,0,unknown,2.0774230453780644e-07,0,test
main_005736,0,unknown,3.0437312981040248e-05,0,test
main_005737,0,unknown,5.794556009055506e-09,0,test
main_005738,0,unknown,6.796716446996704e-07,0,test
main_005739,1,virut,0.99891009810035,1,test
main_005740,1,hckpk,0.9999724484275154,1,test
main_005741,1,unknown,0.9994951995541491,1,test
main_005742,1,unknown,0.9999940028749248,1,test
main_005743,1,unknown,0.8439301757596901,1,test
main_005744,1,unknown,0.9876171369344202,1,test
main_005745,1,bedep,0.9999999999994349,1,test
main_005746,1,unknown,0.9999999999913687,1,test
main_005747,1,unknown,0.9999962693474874,1,test
main_005748,1,cinmus,0.9999999965847235,1,test
main_005749,1,bccrypt,0.9999994311054518,1,test
main_005750,0,unknown,1.9877995750571864e-10,0,test
main_005751,1,offend,0.999979713147104,1,test
main_005752,1,logsnif,0.9999893266617632,1,test
main_005753,1,unknown,0.9999987721106602,1,test
main_005754,1,flystudio,0.9999999996798579,1,test
main_005755,1,flystudio,0.9999575377222892,1,test
main_005756,1,unknown,0.9999858030825007,1,test
main_005757,1,unknown,0.9999999994164639,1,test
main_005758,1,flystudio,0.9999553449192942,1,test
main_005759,1,unknown,0.9999938166150772,1,test
main_005760,1,ramnit,0.9999485796310045,1,test
main_005761,0,unknown,0.01953207635013354,1,test
main_005762,1,pcclient,0.9999671952006078,1,test
main_005763,0,unknown,9.108564118461369e-14,0,test
main_005764,0,unknown,1.1206214803482087e-13,0,test
main_005765,0,unknown,8.911949888214805e-14,0,test
main_005766,0,unknown,4.5290915423353196e-10,0,test
main_005767,0,unknown,1.7823799983933553e-13,0,test
main_005768,0,unknown,8.347795354518259e-15,0,test
main_005769,0,unknown,1.9003117184801595e-11,0,test
main_005770,0,unknown,1.088630876573604e-13,0,test
main_005771,0,unknown,3.597223101646475e-14,0,test
main_005772,0,unknown,8.32621404380762e-12,0,test
main_005773,0,unknown,3.5440485196039836e-14,0,test
main_005774,1,flystudio,0.9999999999253515,1,test
main_005775,0,unknown,3.18623334739541e-14,0,test
main_005776,0,unknown,6.049200147034074e-07,0,test
main_005777,0,unknown,1.2378757680523313e-09,0,test
main_005778,0,unknown,6.9874827081827295e-09,0,test
main_005779,1,nimda,0.9999995190164022,1,test
main_005780,1,unknown,0.9999914512237442,1,test
main_005781,1,flystudio,0.9999999046627954,1,test
main_005782,1,unknown,0.9992981673365829,1,test
main_005783,0,unknown,3.8736058820849156e-08,0,test
main_005784,1,unknown,0.999999163083214,1,test
main_005785,1,cheatengine,0.997835202541626,1,test
main_005786,0,unknown,0.030283315069710253,1,test
main_005787,1,unknown,0.9939159251111818,1,test
main_005788,0,unknown,2.9992752026662175e-06,0,test
main_005789,0,unknown,1.5163450534169668e-08,0,test
main_005790,0,unknown,4.270253137451528e-10,0,test
main_005791,1,flystudio,0.9999999922937014,1,test
main_005792,1,unknown,0.999989028250658,1,test
main_005793,1,unknown,0.9999328419571977,1,test
main_005794,1,flystudio,0.99999955737295,1,test
main_005795,1,unknown,0.9996338838247667,1,test
main_005796,0,unknown,2.1893406258763793e-07,0,test
main_005797,1,unknown,0.9988051618251722,1,test
main_005798,1,scarletflash,0.9999997873167451,1,test
main_005799,1,grandoreiro,0.9999999999973201,1,test
main_005800,1,eorezo,0.9999939755035161,1,test
main_005801,1,flystudio,0.9999999897174717,1,test
main_005802,1,unknown,0.9999999997872602,1,test
main_005803,1,phonzy,0.9999978315560675,1,test
main_005804,1,unknown,0.9999997743823521,1,test
main_005805,1,sality,0.9999410060813544,1,test
main_005806,1,flystudio,0.9999999999387497,1,test
main_005807,1,unknown,0.9999999736100296,1,test
main_005808,1,dinwod,0.9999999862783946,1,test
main_005809,1,unknown,0.9999999987965991,1,test
main_005810,1,zeus,0.9999999999997518,1,test
main_005811,0,unknown,1.0298485629349062e-07,0,test
main_005812,1,wronginf,0.9993176897325436,1,test
main_005813,0,unknown,1.1892973643484733e-08,0,test
main_005814,0,unknown,5.013998511025848e-06,0,test
main_005815,1,wacatac,0.9999998697566209,1,test
main_005816,0,unknown,9.077607465737593e-07,0,test
main_005817,1,wacatac,0.999999853684748,1,test
main_005818,1,wacatac,0.9992487908045862,1,test
main_005819,1,whiteice,0.9999999999213747,1,test
main_005820,0,unknown,4.315689671434303e-09,0,test
main_005821,0,unknown,7.573323754825706e-08,0,test
main_005822,0,unknown,1.987574267491062e-08,0,test
main_005823,0,unknown,4.3976595079042225e-09,0,test
main_005824,0,unknown,0.01211510800565263,1,test
main_005825,0,unknown,5.510308320068716e-13,0,test
main_005826,1,osmonitor,0.9999987529680573,1,test
main_005827,1,osmonitor,0.9103554689725344,1,test
main_005828,1,unknown,0.9999976288686817,1,test
main_005829,0,unknown,1.2761989570913268e-09,0,test
main_005830,0,unknown,2.2518821537871628e-10,0,test
main_005831,1,unknown,0.9996197617896078,1,test
main_005832,1,scarletflash,0.9999999975657261,1,test
main_005833,0,unknown,1.374045132095477e-05,0,test
main_005834,0,unknown,3.6625098296745428e-09,0,test
main_005835,0,unknown,3.81075524057708e-06,0,test
main_005836,0,unknown,2.9113931712901334e-06,0,test
main_005837,0,unknown,8.090094050106598e-09,0,test
main_005838,1,flystudio,0.9999999940263644,1,test
main_005839,0,unknown,2.896353489076654e-05,0,test
main_005840,0,unknown,9.372967710720583e-05,0,test
main_005841,1,bedep,0.9991320306580531,1,test
main_005842,0,unknown,4.6186529328632285e-05,0,test
main_005843,1,xmrig,0.9999780819009284,1,test
main_005844,0,unknown,6.935742259850329e-06,0,test
main_005845,0,unknown,0.003857787738257197,0,test
main_005846,0,unknown,2.6477528643797257e-09,0,test
main_005847,0,unknown,2.1289322696147444e-05,0,test
main_005848,0,unknown,2.1721587865597684e-07,0,test
main_005849,0,unknown,1.9752479759529134e-08,0,test
main_005850,0,unknown,4.455479656197433e-07,0,test
main_005851,0,unknown,1.844069426335795e-08,0,test
main_005852,0,unknown,1.2804349063784387e-09,0,test
main_005853,1,vindor,0.9999648848051473,1,test
main_005854,1,scarletflash,0.9999999955481413,1,test
main_005855,1,unknown,0.9999926321415737,1,test
main_005856,1,wacatac,0.9999999980437329,1,test
main_005857,1,lunalogger,0.9999999999999971,1,test
main_005858,0,unknown,0.001180023974331145,0,test
main_005859,0,unknown,4.880952976410214e-07,0,test
main_005860,0,unknown,1.0880589395870897e-10,0,test
main_005861,1,wacatac,0.9999999370530117,1,test
main_005862,0,unknown,4.120668607572481e-09,0,test
main_005863,1,dinwod,0.9999999999999949,1,test
main_005864,1,mimikatz,0.9999999898559434,1,test
main_005865,0,unknown,2.2917421324449495e-05,0,test
main_005866,1,unknown,0.9999999995215698,1,test
main_005867,1,pemalform,0.999964385216723,1,test
main_005868,1,azvo,0.9986323928926573,1,test
main_005869,1,unknown,0.9975464129708125,1,test
main_005870,1,scarletflash,0.9999999999999754,1,test
main_005871,0,unknown,3.654493865771506e-11,0,test
main_005872,0,unknown,4.386403548859208e-10,0,test
main_005873,0,unknown,4.575967122082028e-07,0,test
main_005874,1,garvi,0.9999143344183712,1,test
main_005875,1,shodi,0.9999646073976483,1,test
main_005876,0,unknown,1.451063355965632e-10,0,test
main_005877,0,unknown,1.5769133162433365e-05,0,test
main_005878,1,wacatac,0.9999999999999518,1,test
main_005879,1,blackv,0.9999999755895649,1,test
main_005880,1,vobfus,0.9999999941669369,1,test
main_005881,0,unknown,3.1673332795704825e-06,0,test
main_005882,1,xmrig,0.9999999999999998,1,test
main_005883,0,unknown,1.2510595902153916e-08,0,test
main_005884,0,unknown,1.1336022767163607e-07,0,test
main_005885,1,grandoreiro,0.9999999999993616,1,test
main_005886,0,unknown,7.038177404448472e-08,0,test
main_005887,1,nitol,0.9999999999705163,1,test
main_005888,1,simbot,0.999999999932988,1,test
main_005889,1,unknown,0.9999999999844649,1,test
main_005890,0,unknown,8.349687650788318e-08,0,test
main_005891,0,unknown,6.496235544766919e-05,0,test
main_005892,1,unknown,0.9999999999998908,1,test
main_005893,1,luna,0.9999999999890203,1,test
main_005894,0,unknown,9.360119132082654e-09,0,test
main_005895,1,unknown,0.9999991021772746,1,test
main_005896,0,unknown,0.0018423922679500285,0,test
main_005897,1,wacatac,0.9999999893499439,1,test
main_005898,0,unknown,1.1901838419432503e-10,0,test
main_005899,0,unknown,8.537664434137708e-12,0,test
main_005900,0,unknown,1.9722229850431053e-06,0,test
main_005901,0,unknown,7.036752559604033e-08,0,test
main_005902,1,lockergoga,0.9999999999999176,1,test
main_005903,0,unknown,8.681047715390817e-09,0,test
main_005904,1,grandoreiro,0.9999999999990752,1,test
main_005905,1,unknown,0.9999999986956987,1,test
main_005906,0,unknown,1.9849080686605652e-10,0,test
main_005907,1,unknown,0.9996058781388328,1,test
main_005908,0,unknown,0.006582161267873752,0,test
main_005909,1,conti,0.999985573043842,1,test
main_005910,1,conti,0.9999988233724195,1,test
main_005911,0,unknown,2.800208774669615e-13,0,test
main_005912,0,unknown,0.0007760815401669504,0,test
main_005913,0,unknown,2.6733455988616483e-07,0,test
main_005914,0,unknown,3.9139763684046926e-08,0,test
main_005915,1,disco,0.9999999999969482,1,test
main_005916,0,unknown,1.534068048669768e-06,0,test
main_005917,1,shelm,0.9999999975596643,1,test
main_005918,0,unknown,5.886002374579308e-05,0,test
main_005919,0,unknown,5.357684247322757e-10,0,test
main_005920,1,berbew,0.9999999999996625,1,test
main_005921,0,unknown,1.0213484839677716e-08,0,test
main_005922,1,wacatac,0.9992241955700658,1,test
main_005923,0,unknown,4.985542296935096e-08,0,test
main_005924,0,unknown,1.1673583316941826e-08,0,test
main_005925,0,unknown,4.2724659504336496e-07,0,test
main_005926,0,unknown,4.23143348614067e-08,0,test
main_005927,0,unknown,4.197304935631113e-08,0,test
main_005928,0,unknown,1.7849028021644102e-07,0,test
main_005929,0,unknown,1.4763167277886056e-08,0,test
main_005930,1,unknown,0.9999978531315054,1,test
main_005931,0,unknown,9.033081231936953e-10,0,test
main_005932,0,unknown,3.6654027755832735e-08,0,test
main_005933,0,unknown,0.0003764036986651282,0,test
main_005934,1,shelm,0.9999999841589808,1,test
main_005935,0,unknown,4.926002035883322e-10,0,test
main_005936,1,azovwiper,0.9927515787912955,1,test
main_005937,1,azovwiper,0.9997891981851393,1,test
main_005938,0,unknown,2.1503039482729978e-09,0,test
main_005939,1,shelm,0.9999880078861636,1,test
main_005940,0,unknown,0.000787601966850192,0,test
main_005941,0,unknown,8.860545736300778e-09,0,test
main_005942,0,unknown,2.14997098235768e-06,0,test
main_005943,0,unknown,2.0246341367297634e-08,0,test
main_005944,0,unknown,5.25615408671918e-05,0,test
main_005945,0,unknown,1.2139507186906765e-06,0,test
main_005946,0,unknown,3.4395331991149885e-09,0,test
main_005947,0,unknown,2.0881832625283236e-12,0,test
main_005948,0,unknown,1.1614130340517491e-07,0,test
main_005949,0,unknown,1.6286512873103614e-09,0,test
main_005950,1,almi,0.9999999999984641,1,test
main_005951,0,unknown,3.5617312831252935e-05,0,test
main_005952,0,unknown,4.573548301719089e-05,0,test
main_005953,0,unknown,2.82532939338261e-08,0,test
main_005954,0,unknown,7.451928718676217e-07,0,test
main_005955,0,unknown,1.3493632815252387e-08,0,test
main_005956,0,unknown,1.1586634876280933e-07,0,test
main_005957,0,unknown,3.7204507479324006e-11,0,test
main_005958,0,unknown,1.2902132524757869e-05,0,test
main_005959,0,unknown,8.363896068977947e-09,0,test
main_005960,0,unknown,1.0008138695359745e-07,0,test
main_005961,0,unknown,2.5553883623110114e-08,0,test
main_005962,1,scarletflash,0.993306557585127,1,test
main_005963,1,scarletflash,0.99999965653409,1,test
main_005964,1,unknown,0.9999999993018851,1,test
main_005965,1,scarletflash,0.9999999999998166,1,test
main_005966,0,unknown,0.0017912313226897082,0,test
main_005967,0,unknown,0.0004401174567241638,0,test
main_005968,1,trollav,0.999999999999577,1,test
main_005969,0,unknown,0.00017493461062021012,0,test
main_005970,1,wacatac,0.995585951939765,1,test
main_005971,0,unknown,1.472976914444582e-12,0,test
main_005972,1,unknown,0.9999999288188919,1,test
main_005973,0,unknown,3.713343082594195e-05,0,test
main_005974,0,unknown,2.5027041452104596e-07,0,test
main_005975,1,unknown,0.9988675683244187,1,test
main_005976,0,unknown,0.0001132772297100985,0,test
main_005977,0,unknown,4.623152233242577e-11,0,test
main_005978,1,wacatac,0.9999999999990872,1,test
main_005979,0,unknown,1.7739910873289368e-06,0,test
main_005980,0,unknown,0.0025383579646120666,0,test
main_005981,0,unknown,1.4544849109353915e-07,0,test
main_005982,0,unknown,5.304037597066697e-05,0,test
main_005983,1,privateloader,0.999999861988573,1,test
main_005984,0,unknown,0.0031090305335752413,0,test
main_005985,0,unknown,8.799967067869861e-11,0,test
main_005986,0,unknown,1.3048754153454417e-10,0,test
main_005987,0,unknown,2.9295702882965703e-12,0,test
main_005988,1,wacatac,0.9999999855558444,1,test
main_005989,1,unknown,0.9999993927882896,1,test
main_005990,1,unknown,0.9999951876702282,1,test
main_005991,1,hwidchanger,0.9999999995152271,1,test
main_005992,0,unknown,1.8570725437113806e-11,0,test
main_005993,0,unknown,1.8667931498958606e-11,0,test
main_005994,0,unknown,1.184555522798961e-10,0,test
main_005995,0,unknown,2.34465080400531e-05,0,test
main_005996,1,unknown,0.9999999981229519,1,test
main_005997,0,unknown,2.1448941464295844e-13,0,test
main_005998,1,hidinstsfx,0.9999999985582062,1,test
main_005999,1,lockergoga,0.9999999999786768,1,test
main_006000,1,unknown,0.9998708764151494,1,test
main_006001,0,unknown,6.590771515570454e-10,0,test
main_006002,1,jatif,0.9999999174606881,1,test
main_006003,1,expiro,0.9999999999982669,1,test
main_006004,1,wacatac,0.9999999998914844,1,test
main_006005,1,wacatac,0.9999999999999463,1,test
main_006006,0,unknown,4.1277655607052294e-05,0,test
main_006007,0,unknown,2.215964790532913e-08,0,test
main_006008,1,tidebypass,0.9999965387114612,1,test
main_006009,0,unknown,3.5537906453420634e-08,0,test
main_006010,1,khaosz,0.9999960587526179,1,test
main_006011,0,unknown,0.0036496516400419173,0,test
main_006012,0,unknown,3.0663697989299985e-12,0,test
main_006013,0,unknown,2.1697118510544786e-11,0,test
main_006014,0,unknown,1.7865017166545607e-09,0,test
main_006015,0,unknown,1.0399318059002765e-12,0,test
main_006016,0,unknown,4.859180667921781e-09,0,test
main_006017,0,unknown,3.3342703760226966e-10,0,test
main_006018,1,pytr,0.9999999999932094,1,test
main_006019,1,shelm,0.9999998754899744,1,test
main_006020,1,wacatac,0.9999999999999856,1,test
main_006021,1,unknown,0.9999992739022675,1,test
main_006022,0,unknown,5.583574947950505e-13,0,test
main_006023,1,recoverkeys,0.9999994124122713,1,test
main_006024,0,unknown,2.714287808387812e-12,0,test
main_006025,0,unknown,6.527059811703802e-08,0,test
main_006026,0,unknown,3.2219479163320317e-10,0,test
main_006027,0,unknown,0.00031715808132802765,0,test
main_006028,0,unknown,4.327920347605995e-08,0,test
main_006029,1,recoverkeys,0.9978029721202295,1,test
main_006030,0,unknown,1.2169389490322756e-05,0,test
main_006031,0,unknown,1.5014051323897682e-07,0,test
main_006032,1,lockergoga,0.9999995198233368,1,test
main_006033,1,phonzy,0.9999999666512513,1,test
main_006034,1,goshell,0.999999687287915,1,test
main_006035,1,scarletflash,0.99999997720921,1,test
main_006036,1,scarletflash,0.9999999751714592,1,test
main_006037,0,unknown,4.34145705256019e-12,0,test
main_006038,0,unknown,3.967480600865268e-08,0,test
main_006039,1,unknown,0.9999999999883589,1,test
main_006040,0,unknown,2.5710353455213355e-06,0,test
main_006041,0,unknown,1.798220647209582e-07,0,test
main_006042,1,xmrig,0.9999717168219977,1,test
main_006043,0,unknown,4.402464103531591e-09,0,test
main_006044,0,unknown,5.135426497872707e-05,0,test
main_006045,0,unknown,4.741316962123285e-10,0,test
main_006046,1,shelm,0.9999999999965674,1,test
main_006047,1,scarletflash,0.9999998390253259,1,test
main_006048,1,wacatac,0.9999999999999032,1,test
main_006049,0,unknown,1.4595866154141215e-05,0,test
main_006050,0,unknown,5.364052989320157e-09,0,test
main_006051,0,unknown,9.935806812085317e-08,0,test
main_006052,0,unknown,9.090351764407084e-07,0,test
main_006053,0,unknown,0.0009474841285967416,0,test
main_006054,1,goback,0.9999994058699831,1,test
main_006055,0,unknown,2.4735556308803705e-12,0,test
main_006056,0,unknown,2.849820854887467e-08,0,test
main_006057,0,unknown,1.2867958201349902e-05,0,test
main_006058,0,unknown,0.009799607391636244,0,test
main_006059,1,unknown,0.9999999975577136,1,test
main_006060,0,unknown,2.1583223143818307e-08,0,test
main_006061,1,dexel,0.9981169490011703,1,test
main_006062,1,njrat,0.9999923545318737,1,test
main_006063,1,convagent,0.9998616783216261,1,test
main_006064,1,unknown,0.99881671403591,1,test
main_006065,0,unknown,8.802654708209757e-07,0,test
main_006066,0,unknown,1.0470395348023883e-05,0,test
main_006067,0,unknown,2.0315745954307182e-05,0,test
main_006068,0,unknown,5.432264370897582e-05,0,test
main_006069,0,unknown,1.0988820374526417e-12,0,test
main_006070,1,scarletflash,0.941884676078762,1,test
main_006071,1,shelm,0.9999953279156343,1,test
main_006072,1,unknown,0.9999999979370522,1,test
main_006073,0,unknown,4.940658400015982e-06,0,test
main_006074,1,shlem,0.9999961421553525,1,test
main_006075,0,unknown,1.5870765295717e-08,0,test
main_006076,0,unknown,1.6449492534718315e-07,0,test
main_006077,0,unknown,1.0985570728276649e-10,0,test
main_006078,1,toolkitoffers,0.9999996077122497,1,test
main_006079,0,unknown,5.7920012981669346e-08,0,test
main_006080,1,wacatac,0.9999972851616576,1,test
main_006081,0,unknown,1.4593267521683585e-07,0,test
main_006082,0,unknown,1.8122677444328555e-07,0,test
main_006083,0,unknown,3.675473202674832e-08,0,test
main_006084,0,unknown,9.725955020846633e-09,0,test
main_006085,1,wacatac,0.999983864026368,1,test
main_006086,1,bedep,0.9999999999753608,1,test
main_006087,0,unknown,1.1344498847567378e-07,0,test
main_006088,1,disin,0.9999999999928268,1,test
main_006089,0,unknown,4.908406089530979e-07,0,test
main_006090,0,unknown,3.948263594314328e-12,0,test
main_006091,0,unknown,0.8093872558796065,1,test
main_006092,0,unknown,0.010616834616434978,1,test
main_006093,1,unknown,0.9999999967305249,1,test
main_006094,0,unknown,2.7870438702806144e-14,0,test
main_006095,0,unknown,1.6381080666768399e-09,0,test
main_006096,0,unknown,2.0177716899191535e-09,0,test
main_006097,0,unknown,9.919276052436339e-11,0,test
main_006098,0,unknown,2.845132853008595e-13,0,test
main_006099,0,unknown,5.044503539886651e-13,0,test
main_006100,0,unknown,2.5243027948746704e-09,0,test
main_006101,0,unknown,2.452337672738918e-08,0,test
main_006102,0,unknown,4.1292113189715205e-06,0,test
main_006103,0,unknown,5.859128109292114e-06,0,test
main_006104,0,unknown,5.024580275034846e-09,0,test
main_006105,0,unknown,1.1770172621356352e-11,0,test
main_006106,0,unknown,4.5208006372305805e-12,0,test
main_006107,0,unknown,9.113794796310815e-09,0,test
main_006108,0,unknown,3.3737660920693894e-07,0,test
main_006109,0,unknown,1.2465894533646154e-07,0,test
main_006110,0,unknown,2.469654867421439e-13,0,test
main_006111,0,unknown,1.2018531278691158e-09,0,test
main_006112,0,unknown,0.006617381439917248,0,test
main_006113,1,pythonpacked,0.99999959885785,1,test
main_006114,0,unknown,3.225031657273289e-09,0,test
main_006115,0,unknown,7.756718238212964e-07,0,test
main_006116,0,unknown,9.383215477284579e-07,0,test
main_006117,0,unknown,7.814477545395825e-14,0,test
main_006118,0,unknown,4.75989871815831e-12,0,test
main_006119,0,unknown,1.3422797889842125e-11,0,test
main_006120,1,grandoreiro,0.9999999998313411,1,test
main_006121,0,unknown,3.4907276675292087e-12,0,test
main_006122,0,unknown,2.4317414200961677e-13,0,test
main_006123,0,unknown,0.0073970480871442465,0,test
main_006124,1,kmsauto,0.9999993045952191,1,test
main_006125,0,unknown,6.786020007303987e-13,0,test
main_006126,0,unknown,1.674142374274598e-07,0,test
main_006127,0,unknown,7.506518466732186e-09,0,test
main_006128,0,unknown,4.423086511931215e-13,0,test
main_006129,1,grandoreiro,0.999999999997998,1,test
main_006130,0,unknown,3.212125716374546e-07,0,test
main_006131,0,unknown,9.020254588548923e-09,0,test
main_006132,0,unknown,1.652932427879056e-13,0,test
main_006133,0,unknown,3.880280332325085e-08,0,test
main_006134,0,unknown,7.658092338135069e-07,0,test
main_006135,0,unknown,2.8667508361341973e-12,0,test
main_006136,0,unknown,7.0449718595402834e-12,0,test
main_006137,0,unknown,1.0063670666819992e-09,0,test
main_006138,0,unknown,9.809949259065982e-09,0,test
main_006139,0,unknown,4.409335743347747e-12,0,test
main_006140,0,unknown,3.351057989994555e-07,0,test
main_006141,0,unknown,1.1919828365849463e-12,0,test
main_006142,0,unknown,1.1729625612051878e-14,0,test
main_006143,0,unknown,4.08881184504178e-11,0,test
main_006144,0,unknown,7.884978720485348e-07,0,test
main_006145,1,scarletflash,0.9999999999972666,1,test
main_006146,1,unknown,0.9999727996257349,1,test
main_006147,1,xmrig,0.9999999999999936,1,test
main_006148,0,unknown,1.7948055975653968e-08,0,test
main_006149,1,unknown,0.999955033385217,1,test
main_006150,1,scarletflash,0.9999999999998541,1,test
main_006151,1,unknown,0.9999997790502291,1,test
main_006152,1,qqrob,0.999999999999104,1,test
main_006153,0,unknown,1.491507243035813e-09,0,test
main_006154,0,unknown,8.861376405420857e-07,0,test
main_006155,0,unknown,9.039317246780952e-09,0,test
main_006156,0,unknown,1.7135902974834805e-06,0,test
main_006157,0,unknown,5.540591707254823e-06,0,test
main_006158,0,unknown,2.3705018062911885e-08,0,test
main_006159,0,unknown,9.48964367338204e-12,0,test
main_006160,0,unknown,3.4552074245986124e-06,0,test
main_006161,0,unknown,7.597846475552863e-09,0,test
main_006162,1,xmrig,1.0,1,test
main_006163,1,xmrig,1.0,1,test
main_006164,1,unknown,0.9993805003178164,1,test
main_006165,1,xmrig,1.0,1,test
main_006166,0,unknown,2.2926220847700774e-05,0,test
main_006167,1,bedep,0.999999999998503,1,test
main_006168,0,unknown,5.7442213816343106e-05,0,test
main_006169,1,scarletflash,0.9999999999999984,1,test
main_006170,1,xmrig,1.0,1,test
main_006171,1,guildma,0.9999999986434853,1,test
main_006172,0,unknown,5.318413595280571e-12,0,test
main_006173,1,unknown,0.9999975233770443,1,test
main_006174,1,unknown,0.9989190946878089,1,test
main_006175,0,unknown,7.620887238836222e-12,0,test
main_006176,0,unknown,1.2667707002058749e-08,0,test
main_006177,0,unknown,2.042478898235401e-08,0,test
main_006178,1,wacatac,0.9999999426849433,1,test
main_006179,1,dinwod,1.0,1,test
main_006180,1,xmrig,0.9999999999999989,1,test
main_006181,0,unknown,0.0004343378146388097,0,test
main_006182,1,expiro,0.9999999999999765,1,test
main_006183,1,unknown,0.999998332668186,1,test
main_006184,1,xmrig,1.0,1,test
main_006185,1,blackv,0.9999999975861431,1,test
main_006186,0,unknown,1.2985904676050954e-07,0,test
main_006187,1,xmrig,0.9999999999999987,1,test
main_006188,1,phonzy,0.9999984025299442,1,test
main_006189,1,unknown,0.9999397111498389,1,test
main_006190,0,unknown,8.803870890957947e-14,0,test
main_006191,0,unknown,7.32084140817248e-12,0,test
main_006192,0,unknown,2.4366919996066128e-08,0,test
main_006193,0,unknown,2.06626535699119e-12,0,test
main_006194,0,unknown,0.00014931460820557689,0,test
main_006195,1,grandoreiro,0.9999999999838265,1,test
main_006196,1,alien,0.9999999999999989,1,test
main_006197,1,wacatac,0.986270116659307,1,test
main_006198,0,unknown,1.0020964829009615e-13,0,test
main_006199,1,scarletflash,0.9999975326335683,1,test
main_006200,1,xmrig,1.0,1,test
main_006201,1,xmrig,1.0,1,test
main_006202,1,xmrig,1.0,1,test
main_006203,1,xmrig,1.0,1,test
main_006204,0,unknown,5.210039754418137e-13,0,test
main_006205,1,xmrig,1.0,1,test
main_006206,0,unknown,7.904394540094638e-12,0,test
main_006207,0,unknown,1.6186436442601884e-13,0,test
main_006208,0,unknown,1.9308999931360486e-12,0,test
main_006209,1,xmrig,1.0,1,test
main_006210,0,unknown,4.851240672330932e-13,0,test
main_006211,0,unknown,1.123130731772602e-11,0,test
main_006212,0,unknown,7.532655257402311e-13,0,test
main_006213,0,unknown,6.262128399683885e-12,0,test
main_006214,0,unknown,5.739933822738975e-13,0,test
main_006215,0,unknown,5.39799877633804e-11,0,test
main_006216,0,unknown,1.0762426426200656e-12,0,test
main_006217,0,unknown,9.702442479916434e-14,0,test
main_006218,0,unknown,1.2865830862587234e-11,0,test
main_006219,0,unknown,3.192508819447872e-12,0,test
main_006220,0,unknown,3.6003329022129816e-13,0,test
main_006221,0,unknown,1.8349065428584972e-10,0,test
main_006222,0,unknown,8.103780644634684e-10,0,test
main_006223,0,unknown,4.4973053550892987e-07,0,test
main_006224,1,fearso,0.999999999366735,1,test
main_006225,1,plugx,0.9999563747479802,1,test
main_006226,1,unknown,0.9999986896844363,1,test
main_006227,0,unknown,8.70702678839936e-08,0,test
main_006228,1,expiro,0.9999999951285474,1,test
main_006229,0,unknown,0.00023144685455263125,0,test
main_006230,1,xmrig,1.0,1,test
main_006231,1,expiro,0.9999999999999898,1,test
main_006232,1,quasar,0.9999741836526138,1,test
main_006233,0,unknown,9.156640233676251e-10,0,test
main_006234,1,crifi,0.999999999999083,1,test
main_006235,0,unknown,1.3290711871574629e-06,0,test
main_006236,0,unknown,1.1077856592364804e-07,0,test
main_006237,0,unknown,1.671031123283141e-06,0,test
main_006238,0,unknown,1.531640124889239e-09,0,test
main_006239,0,unknown,1.297900541432086e-10,0,test
main_006240,1,xmrig,1.0,1,test
main_006241,1,beebone,0.9999999890328312,1,test
main_006242,1,xmrig,1.0,1,test
main_006243,1,wacatac,0.999999998821282,1,test
main_006244,1,unknown,0.9999997822051047,1,test
main_006245,0,unknown,2.8477623816148475e-06,0,test
main_006246,1,flystudio,0.9999999785245952,1,test
main_006247,1,crypmodng,0.9999999999999731,1,test
main_006248,1,gamup,0.9999998280598643,1,test
main_006249,0,unknown,5.98762355650417e-10,0,test
main_006250,1,bedep,0.9999999996043663,1,test
main_006251,1,disin,0.9999999882920653,1,test
main_006252,1,nimda,0.9893520395353842,1,test
main_006253,1,berbew,0.9999999999893312,1,test
main_006254,1,xmrig,1.0,1,test
main_006255,1,berbew,0.9999999999987763,1,test
main_006256,1,ousaban,0.9999999234373652,1,test
main_006257,1,xmrig,0.9999999999999998,1,test
main_006258,1,xmrig,1.0,1,test
main_006259,1,expiro,0.9999937253375437,1,test
main_006260,1,xmrig,1.0,1,test
main_006261,1,xmrig,1.0,1,test
main_006262,1,barys,0.9999999880844533,1,test
main_006263,1,expiro,0.9999999977748155,1,test
main_006264,1,xmrig,1.0,1,test
main_006265,1,xmrig,1.0,1,test
main_006266,1,xmrig,1.0,1,test
main_006267,1,xmrig,1.0,1,test
main_006268,1,xmrig,1.0,1,test
main_006269,1,xmrig,1.0,1,test
main_006270,1,xmrig,1.0,1,test
main_006271,1,luna,0.9999999999991602,1,test
main_006272,1,scarletflash,0.9999999999999976,1,test
main_006273,1,wacatac,0.9999998798506511,1,test
main_006274,0,unknown,6.030322104313652e-14,0,test
main_006275,1,xmrig,1.0,1,test
main_006276,1,xmrig,1.0,1,test
main_006277,1,xmrig,1.0,1,test
main_006278,1,xmrig,0.9999999999999989,1,test
main_006279,1,berbew,0.9999999998614508,1,test
main_006280,1,xmrig,0.9999999999999996,1,test
main_006281,1,berbew,0.9999999999791787,1,test
main_006282,1,xmrig,0.9999999999999998,1,test
main_006283,0,unknown,1.8158527116732426e-07,0,test
main_006284,1,berbew,0.9999999999962583,1,test
main_006285,1,xmrig,1.0,1,test
main_006286,1,xmrig,0.9999999999999996,1,test
main_006287,1,xmrig,0.9999999999998834,1,test
main_006288,1,xmrig,1.0,1,test
main_006289,1,xmrig,0.9999999999999996,1,test
main_006290,0,unknown,4.1474277983469345e-08,0,test
main_006291,1,expiro,0.9999999999974964,1,test
main_006292,1,xmrig,1.0,1,test
main_006293,1,banload,0.9999482864564111,1,test
main_006294,1,xmrig,0.9999999999999998,1,test
main_006295,1,expiro,0.999999999999996,1,test
main_006296,1,xmrig,0.9999999999999996,1,test
main_006297,1,xmrig,1.0,1,test
main_006298,1,xmrig,0.9999999999999998,1,test
main_006299,1,hematite,0.9999398336420039,1,test
main_006300,1,xmrig,1.0,1,test
main_006301,1,emotet,0.9999989425017651,1,test
main_006302,1,xmrig,0.9999999999999996,1,test
main_006303,1,xmrig,1.0,1,test
main_006304,1,xmrig,1.0,1,test
main_006305,0,unknown,6.3746047689522285e-15,0,test
main_006306,1,xmrig,0.9999999999991536,1,test
main_006307,1,unknown,0.999571353092113,1,test
main_006308,1,banload,0.9999999999999998,1,test
main_006309,1,xmrig,1.0,1,test
main_006310,0,unknown,1.3155796996377844e-11,0,test
main_006311,0,unknown,8.047768391849408e-13,0,test
main_006312,0,unknown,7.713829677187581e-11,0,test
main_006313,1,berbew,0.9999999999546574,1,test
main_006314,1,expiro,0.9999999999999849,1,test
main_006315,1,xmrig,1.0,1,test
main_006316,1,xmrig,0.9999999999999993,1,test
main_006317,0,unknown,2.1928091942936906e-09,0,test
main_006318,1,xmrig,1.0,1,test
main_006319,1,xmrig,1.0,1,test
main_006320,1,unknown,0.9999991720167313,1,test
main_006321,0,unknown,2.940821299667393e-08,0,test
main_006322,0,unknown,9.576202942481995e-10,0,test
main_006323,0,unknown,1.377315319206989e-08,0,test
main_006324,0,unknown,2.4266037208783724e-08,0,test
main_006325,0,unknown,2.3101277444045042e-07,0,test
main_006326,0,unknown,1.6839305499141392e-08,0,test
main_006327,0,unknown,1.3879544388792747e-07,0,test
main_006328,1,banload,0.9999999999999998,1,test
main_006329,0,unknown,2.1462662671113606e-10,0,test
main_006330,0,unknown,5.309423487425638e-07,0,test
main_006331,0,unknown,8.373741498396512e-08,0,test
main_006332,0,unknown,1.0668195006545495e-07,0,test
main_006333,0,unknown,6.533936066141104e-07,0,test
main_006334,0,unknown,2.477333472635189e-06,0,test
main_006335,1,xmrig,1.0,1,test
main_006336,1,xmrig,1.0,1,test
main_006337,1,xmrig,0.9999999999979337,1,test
main_006338,1,expiro,0.9999245973860104,1,test
main_006339,1,xmrig,1.0,1,test
main_006340,1,unknown,0.9997795463052331,1,test
main_006341,1,grandoreiro,0.999999999997681,1,test
main_006342,1,xmrig,0.9999999999999996,1,test
main_006343,1,xmrig,1.0,1,test
main_006344,1,vindor,0.9999999999999996,1,test
main_006345,1,xmrig,0.9999999999999996,1,test
main_006346,1,xmrig,1.0,1,test
main_006347,1,xmrig,0.9999999999999927,1,test
main_006348,1,xmrig,1.0,1,test
main_006349,1,xmrig,1.0,1,test
main_006350,1,expiro,0.9999999846825249,1,test
main_006351,1,xmrig,0.9999999999999996,1,test
main_006352,1,xmrig,1.0,1,test
main_006353,1,xmrig,1.0,1,test
main_006354,1,xmrig,1.0,1,test
main_006355,1,xmrig,1.0,1,test
main_006356,1,xmrig,1.0,1,test
main_006357,1,xmrig,1.0,1,test
main_006358,1,xmrig,1.0,1,test
main_006359,1,xmrig,1.0,1,test
main_006360,0,unknown,1.9384270767710603e-07,0,test
main_006361,1,xmrig,0.9999999999999996,1,test
main_006362,1,berbew,0.9999999882569001,1,test
main_006363,1,expiro,0.9999999999999696,1,test
main_006364,0,unknown,1.684754079976908e-10,0,test
main_006365,1,berbew,0.9999999999972373,1,test
main_006366,1,xmrig,1.0,1,test
main_006367,1,xmrig,1.0,1,test
main_006368,1,xmrig,1.0,1,test
main_006369,1,moarider,0.9995430003809148,1,test
main_006370,1,lockergoga,0.9999999999998304,1,test
main_006371,1,xmrig,1.0,1,test
main_006372,1,xmrig,1.0,1,test
main_006373,1,xmrig,1.0,1,test
main_006374,1,xmrig,1.0,1,test
main_006375,1,unknown,0.9994482830755659,1,test
main_006376,1,xmrig,1.0,1,test
main_006377,1,xmrig,0.999999999995149,1,test
main_006378,1,xmrig,1.0,1,test
main_006379,1,xmrig,1.0,1,test
main_006380,1,doenerium,0.9999923926320465,1,test
main_006381,1,berbew,0.9999999999997935,1,test
main_006382,1,berbew,0.9999999917916019,1,test
main_006383,1,ulise,0.9999921087718422,1,test
main_006384,0,unknown,2.7370666398284595e-10,0,test
main_006385,1,xmrig,1.0,1,test
main_006386,1,unknown,0.977792406829136,1,test
main_006387,1,xmrig,1.0,1,test
main_006388,1,xmrig,1.0,1,test
main_006389,1,xmrig,0.9999999999999865,1,test
main_006390,1,xmrig,1.0,1,test
main_006391,1,berbew,0.9999999999999654,1,test
main_006392,0,unknown,0.017435425229480536,1,test
main_006393,1,disdroth,0.9964192128390246,1,test
main_006394,1,xmrig,1.0,1,test
main_006395,1,expiro,0.9999999979117771,1,test
main_006396,0,unknown,2.724199582467838e-08,0,test
main_006397,1,xmrig,1.0,1,test
main_006398,1,xmrig,1.0,1,test
main_006399,1,xmrig,1.0,1,test
main_006400,1,xmrig,1.0,1,test
main_006401,1,banload,0.9999999999999998,1,test
main_006402,0,unknown,7.181696770428889e-10,0,test
main_006403,0,unknown,1.0158679252340274e-07,0,test
main_006404,0,unknown,1.5725082787188335e-12,0,test
main_006405,0,unknown,4.4533010410616985e-08,0,test
main_006406,0,unknown,9.212233570122815e-12,0,test
main_006407,0,unknown,2.572344272551972e-11,0,test
main_006408,0,unknown,4.058784768870681e-12,0,test
main_006409,0,unknown,5.671811010224122e-11,0,test
main_006410,0,unknown,4.35770634760473e-11,0,test
main_006411,0,unknown,5.106678915003346e-13,0,test
main_006412,0,unknown,6.202987080681299e-09,0,test
main_006413,0,unknown,6.050749885644326e-09,0,test
main_006414,0,unknown,5.252730519759076e-13,0,test
main_006415,1,xmrig,1.0,1,test
main_006416,0,unknown,4.297267284691851e-10,0,test
main_006417,0,unknown,8.762665990702567e-14,0,test
main_006418,0,unknown,2.5872825034490028e-11,0,test
main_006419,0,unknown,2.8843743290489245e-11,0,test
main_006420,0,unknown,1.725980528994182e-10,0,test
main_006421,0,unknown,5.594350731362411e-11,0,test
main_006422,0,unknown,3.7623367366476724e-12,0,test
main_006423,0,unknown,2.3035380231141442e-10,0,test
main_006424,0,unknown,1.1775851685203524e-12,0,test
main_006425,0,unknown,1.2336397432418417e-12,0,test
main_006426,0,unknown,5.777327414663583e-12,0,test
main_006427,0,unknown,1.4433986708263454e-12,0,test
main_006428,0,unknown,7.206894433656026e-13,0,test
main_006429,0,unknown,3.5034077857208967e-12,0,test
main_006430,0,unknown,3.5951458955191975e-12,0,test
main_006431,0,unknown,3.784636538241894e-11,0,test
main_006432,0,unknown,2.48314941432308e-12,0,test
main_006433,0,unknown,2.691169299862232e-14,0,test
main_006434,0,unknown,3.7865080625256334e-06,0,test
main_006435,0,unknown,1.895403169186854e-12,0,test
main_006436,0,unknown,9.042878323242836e-14,0,test
main_006437,0,unknown,2.4247222447761245e-12,0,test
main_006438,1,xmrig,1.0,1,test
main_006439,0,unknown,3.097512750167784e-13,0,test
main_006440,1,xmrig,1.0,1,test
main_006441,1,xmrig,1.0,1,test
main_006442,0,unknown,2.2782721588983084e-13,0,test
main_006443,0,unknown,7.506829761496443e-09,0,test
main_006444,0,unknown,2.848007114979717e-11,0,test
main_006445,1,xmrig,1.0,1,test
main_006446,0,unknown,1.6896474417746038e-12,0,test
main_006447,0,unknown,3.2944650646288886e-11,0,test
main_006448,1,xmrig,1.0,1,test
main_006449,1,xmrig,1.0,1,test
main_006450,0,unknown,9.534401340747369e-13,0,test
main_006451,1,xmrig,1.0,1,test
main_006452,0,unknown,8.390546749845972e-07,0,test
main_006453,0,unknown,4.623051674837648e-09,0,test
main_006454,0,unknown,2.6202754912541736e-10,0,test
main_006455,0,unknown,8.512925962080878e-06,0,test
main_006456,1,expiro,0.9999999999999973,1,test
main_006457,0,unknown,8.409444320216762e-12,0,test
main_006458,0,unknown,1.1596034531432769e-07,0,test
main_006459,1,xmrig,1.0,1,test
main_006460,1,lotok,0.9999930836822801,1,test
main_006461,1,xmrig,0.9999999999999996,1,test
main_006462,1,banload,0.9999999999999998,1,test
main_006463,0,unknown,1.0019163438571286e-08,0,test
main_006464,1,virut,0.9920481721148802,1,test
main_006465,1,xmrig,0.9999999772391123,1,test
main_006466,1,berbew,0.999999999996156,1,test
main_006467,1,xmrig,1.0,1,test
main_006468,1,xmrig,1.0,1,test
main_006469,1,xmrig,1.0,1,test
main_006470,1,berbew,0.9999999999841664,1,test
main_006471,0,unknown,4.5117924372586685e-10,0,test
main_006472,0,unknown,3.5703916933636113e-13,0,test
main_006473,1,xmrig,0.9999961986001851,1,test
main_006474,0,unknown,1.0126946527044791e-06,0,test
main_006475,1,xmrig,0.9999999999999998,1,test
main_006476,1,xmrig,1.0,1,test
main_006477,0,unknown,2.090747650201647e-09,0,test
main_006478,1,unknown,0.9998972059377483,1,test
main_006479,1,cerbu,0.9999999999996769,1,test
main_006480,1,berbew,0.9999999999928233,1,test
main_006481,1,xmrig,1.0,1,test
main_006482,0,unknown,1.839483611831026e-07,0,test
main_006483,1,berbew,0.9999999933213222,1,test
main_006484,1,berbew,0.9999999999977398,1,test
main_006485,1,xmrig,1.0,1,test
main_006486,1,xmrig,1.0,1,test
main_006487,1,xmrig,1.0,1,test
main_006488,0,unknown,5.346883696111538e-06,0,test
main_006489,0,unknown,1.3651083075556534e-05,0,test
main_006490,1,xmrig,1.0,1,test
main_006491,1,xmrig,0.9999999999999993,1,test
main_006492,1,eyoorun,0.9999999642540491,1,test
main_006493,1,xmrig,1.0,1,test
main_006494,1,xmrig,0.9999999999999996,1,test
main_006495,1,xmrig,1.0,1,test
main_006496,0,unknown,6.047508424670073e-13,0,test
main_006497,1,xmrig,1.0,1,test
main_006498,1,xmrig,1.0,1,test
main_006499,1,xmrig,1.0,1,test
main_006500,0,unknown,8.41118159932237e-12,0,test
main_006501,0,unknown,9.754206991646052e-10,0,test
main_006502,1,metasploit,0.9999999999995501,1,test
main_006503,0,unknown,1.885322241803476e-15,0,test
main_006504,0,unknown,2.919629332490536e-15,0,test
main_006505,0,unknown,5.930276851070847e-07,0,test
main_006506,0,unknown,1.1467638948235615e-09,0,test
main_006507,0,unknown,7.619622762886991e-06,0,test
main_006508,0,unknown,2.1237437268761556e-08,0,test
main_006509,0,unknown,4.1768968233995416e-14,0,test
main_006510,0,unknown,3.181295873671405e-12,0,test
main_006511,1,bedep,0.9999999999992462,1,test
main_006512,1,xmrig,1.0,1,test
main_006513,1,unknown,0.9999934732929678,1,test
main_006514,1,vindor,0.9999999999999996,1,test
main_006515,1,xmrig,0.9999999999999998,1,test
main_006516,1,xmrig,1.0,1,test
main_006517,1,xmrig,1.0,1,test
main_006518,0,unknown,1.6150590093027514e-10,0,test
main_006519,1,xmrig,1.0,1,test
main_006520,1,xmrig,1.0,1,test
main_006521,0,unknown,4.049948447328198e-05,0,test
main_006522,1,xmrig,1.0,1,test
main_006523,1,berbew,0.9999999999999838,1,test
main_006524,1,xmrig,1.0,1,test
main_006525,1,bedep,0.9999999999997564,1,test
main_006526,1,berbew,0.9999999999509452,1,test
main_006527,1,reverse64,0.9999999999995166,1,test
main_006528,1,banload,0.9999999999999998,1,test
main_006529,1,xmrig,1.0,1,test
main_006530,1,aenjaris,0.9999997507600302,1,test
main_006531,1,sality,0.9999986337059592,1,test
main_006532,1,expiro,0.9999999999999256,1,test
main_006533,1,xmrig,1.0,1,test
main_006534,1,xmrig,1.0,1,test
main_006535,1,xmrig,1.0,1,test
main_006536,1,xmrig,1.0,1,test
main_006537,1,berbew,0.9999999999939746,1,test
main_006538,0,unknown,5.3124650691918256e-05,0,test
main_006539,1,xmrig,1.0,1,test
main_006540,0,unknown,1.4356210117917088e-14,0,test
main_006541,0,unknown,9.093545844685414e-12,0,test
main_006542,0,unknown,1.1731150597027523e-09,0,test
main_006543,0,unknown,1.5630154009881516e-11,0,test
main_006544,0,unknown,8.657935135276589e-07,0,test
main_006545,0,unknown,9.387968238133564e-08,0,test
main_006546,0,unknown,1.7456694721503657e-07,0,test
main_006547,0,unknown,8.067610943854605e-10,0,test
main_006548,0,unknown,1.207395842980765e-06,0,test
main_006549,0,unknown,6.781766799221396e-11,0,test
main_006550,1,scarletflash,0.9999999999805762,1,test
main_006551,1,wacatac,0.9999999883978862,1,test
main_006552,1,expiro,0.9999999999954501,1,test
main_006553,1,lockergoga,0.9999999150392872,1,test
main_006554,1,cobaltstrike,0.999954661775172,1,test
main_006555,1,expiro,0.9999999999999891,1,test
main_006556,1,wacatac,0.9999924989955982,1,test
main_006557,1,aukrat,0.9998738661524856,1,test
main_006558,0,unknown,5.999376146739024e-05,0,test
main_006559,0,unknown,1.026383897357201e-09,0,test
main_006560,0,unknown,1.7284124166467688e-11,0,test
main_006561,0,unknown,6.093700831690253e-12,0,test
main_006562,0,unknown,1.338486333668588e-14,0,test
main_006563,0,unknown,4.812967204849974e-12,0,test
main_006564,0,unknown,1.2962666962588708e-08,0,test
main_006565,1,bedep,0.9999997490438676,1,test
main_006566,0,unknown,1.897163212017352e-08,0,test
main_006567,0,unknown,0.0161543836547947,1,test
main_006568,0,unknown,4.081143723972726e-11,0,test
main_006569,0,unknown,6.892489218558278e-11,0,test
main_006570,0,unknown,1.4362430466395181e-09,0,test
main_006571,0,unknown,7.906599485163476e-09,0,test
main_006572,0,unknown,5.210479329406207e-13,0,test
main_006573,1,scarletflash,0.9999999997380151,1,test
main_006574,0,unknown,6.326307980624453e-12,0,test
main_006575,0,unknown,1.2714892489270954e-13,0,test
main_006576,0,unknown,1.479623784178797e-11,0,test
main_006577,0,unknown,8.31948012693786e-09,0,test
main_006578,1,scarletflash,0.9999999955417862,1,test
main_006579,1,fugrafa,0.9999999999999905,1,test
main_006580,1,wacatac,0.9999991588004489,1,test
main_006581,1,unknown,0.9913164039682744,1,test
main_006582,0,unknown,2.0781542026256342e-10,0,test
main_006583,0,unknown,4.408464741412106e-07,0,test
main_006584,0,unknown,1.0616000359176872e-08,0,test
main_006585,0,unknown,9.125334696460148e-08,0,test
main_006586,0,unknown,2.2329916556178615e-10,0,test
main_006587,1,upatre,0.9999999999999722,1,test
main_006588,1,wacatac,0.9999996288180754,1,test
main_006589,0,unknown,1.7251860054258797e-09,0,test
main_006590,0,unknown,1.1050679590064001e-11,0,test
main_006591,0,unknown,2.471032782048883e-10,0,test
main_006592,0,unknown,5.150659900386739e-11,0,test
main_006593,0,unknown,9.630815191331785e-07,0,test
main_006594,0,unknown,6.41904051900463e-11,0,test
main_006595,0,unknown,5.173612610524762e-16,0,test
main_006596,0,unknown,4.2145401153526466e-11,0,test
main_006597,1,shlem,0.9999187762864618,1,test
main_006598,0,unknown,4.110451929531345e-07,0,test
main_006599,0,unknown,5.706996247092745e-07,0,test
main_006600,0,unknown,5.324822268117457e-09,0,test
main_006601,0,unknown,3.368175437113305e-11,0,test
main_006602,0,unknown,7.332865768022815e-11,0,test
main_006603,0,unknown,8.645768514143688e-13,0,test
main_006604,0,unknown,5.830845224800043e-08,0,test
main_006605,0,unknown,1.3440868102935509e-05,0,test
main_006606,0,unknown,4.8551229301702e-10,0,test
main_006607,0,unknown,3.075899547916955e-08,0,test
main_006608,0,unknown,1.515413871916459e-14,0,test
main_006609,0,unknown,6.540825482396035e-08,0,test
main_006610,1,epsilon,0.23470241189661536,1,test
main_006611,0,unknown,9.351445345727603e-09,0,test
main_006612,1,unknown,0.9996181707984763,1,test
main_006613,1,crypmodng,0.9999999999991258,1,test
main_006614,1,scarletflash,0.9999999988056112,1,test
main_006615,1,qqrob,0.9999999999997902,1,test
main_006616,0,unknown,1.366242872837135e-06,0,test
main_006617,0,unknown,3.2443778729871854e-05,0,test
main_006618,0,unknown,7.666282619731164e-13,0,test
main_006619,0,unknown,2.615780040174071e-10,0,test
main_006620,1,pyspy,0.9999999999974218,1,test
main_006621,0,unknown,9.474752397358056e-14,0,test
main_006622,0,unknown,1.9793005329220383e-13,0,test
main_006623,0,unknown,1.1551916914748855e-11,0,test
main_006624,0,unknown,5.6857393059564625e-12,0,test
main_006625,0,unknown,4.7039177980671856e-11,0,test
main_006626,0,unknown,5.008195477722192e-11,0,test
main_006627,0,unknown,6.755798789055744e-13,0,test
main_006628,0,unknown,7.264272337028386e-11,0,test
main_006629,0,unknown,1.7332393173150925e-13,0,test
main_006630,0,unknown,8.295770170356992e-11,0,test
main_006631,0,unknown,1.2409358320300652e-12,0,test
main_006632,0,unknown,4.905041701538452e-13,0,test
main_006633,0,unknown,1.292742538640951e-10,0,test
main_006634,0,unknown,1.9154385614445473e-10,0,test
main_006635,0,unknown,1.2361854581754414e-11,0,test
main_006636,0,unknown,4.220413335992437e-12,0,test
main_006637,0,unknown,2.5643581298299803e-14,0,test
main_006638,0,unknown,5.125248015423133e-13,0,test
main_006639,0,unknown,1.8502413942100108e-12,0,test
main_006640,0,unknown,2.1825149246605308e-13,0,test
main_006641,0,unknown,3.7698455435033594e-08,0,test
main_006642,0,unknown,2.296298799856738e-15,0,test
main_006643,0,unknown,6.761571228027962e-11,0,test
main_006644,0,unknown,7.421620972422283e-14,0,test
main_006645,0,unknown,1.2734562861456533e-12,0,test
main_006646,0,unknown,1.731102029690249e-13,0,test
main_006647,0,unknown,1.0612227788677462e-11,0,test
main_006648,0,unknown,3.2410603446476456e-14,0,test
main_006649,0,unknown,3.3324320363778266e-11,0,test
main_006650,0,unknown,8.793292593345924e-13,0,test
main_006651,0,unknown,7.26681105981993e-13,0,test
main_006652,0,unknown,9.695361405871328e-12,0,test
main_006653,0,unknown,9.231408136965548e-14,0,test
main_006654,0,unknown,3.714775724556226e-12,0,test
main_006655,0,unknown,1.2754273367040432e-08,0,test
main_006656,0,unknown,1.2240863058570597e-07,0,test
main_006657,0,unknown,4.926112795124105e-12,0,test
main_006658,0,unknown,4.556278496772092e-10,0,test
main_006659,0,unknown,4.443110011044581e-10,0,test
main_006660,0,unknown,2.9042840221593103e-11,0,test
main_006661,0,unknown,1.5733372832807296e-08,0,test
main_006662,0,unknown,1.0680449747583692e-12,0,test
main_006663,0,unknown,3.8158791332970244e-13,0,test
main_006664,0,unknown,9.098133531938394e-14,0,test
main_006665,0,unknown,3.3995333523671523e-12,0,test
main_006666,0,unknown,7.422920371752029e-14,0,test
main_006667,0,unknown,1.694632386655091e-09,0,test
main_006668,0,unknown,4.4519869132482434e-10,0,test
main_006669,0,unknown,3.896978646342747e-08,0,test
main_006670,0,unknown,3.344440666645044e-13,0,test
main_006671,0,unknown,1.7350151647517524e-14,0,test
main_006672,0,unknown,4.4887454216530676e-13,0,test
main_006673,0,unknown,3.398051787319636e-12,0,test
main_006674,0,unknown,1.585130485229929e-05,0,test
main_006675,0,unknown,1.1582933296068506e-10,0,test
main_006676,0,unknown,5.3028917050247684e-12,0,test
main_006677,0,unknown,5.140919041846247e-11,0,test
main_006678,0,unknown,4.060429986312515e-12,0,test
main_006679,0,unknown,1.0511638716024776e-12,0,test
main_006680,0,unknown,1.1081541821368389e-11,0,test
main_006681,0,unknown,3.45296523787185e-11,0,test
main_006682,0,unknown,1.264625381969629e-12,0,test
main_006683,0,unknown,1.3361482029234344e-09,0,test
main_006684,0,unknown,2.0520169404852325e-12,0,test
main_006685,0,unknown,9.125889583478568e-08,0,test
main_006686,0,unknown,9.194153184297889e-08,0,test
main_006687,0,unknown,1.4462050357199888e-12,0,test
main_006688,0,unknown,1.1857214735936804e-13,0,test
main_006689,0,unknown,0.013745329380183238,1,test
main_006690,0,unknown,1.1535544074693722e-06,0,test
main_006691,0,unknown,3.748717744112681e-07,0,test
main_006692,0,unknown,2.7876433440207675e-09,0,test
main_006693,0,unknown,4.259575839664019e-07,0,test
main_006694,1,reverse64,0.9999999999910953,1,test
main_006695,0,unknown,5.3913433204449465e-11,0,test
main_006696,0,unknown,5.400671228618196e-10,0,test
main_006697,0,unknown,1.0645786682404778e-13,0,test
main_006698,0,unknown,6.560461066087101e-13,0,test
main_006699,0,unknown,1.0125089185152039e-11,0,test
main_006700,0,unknown,8.128688502334657e-09,0,test
main_006701,0,unknown,7.338168262103352e-10,0,test
main_006702,0,unknown,4.035870446698846e-06,0,test
main_006703,0,unknown,7.712640841361256e-07,0,test
main_006704,0,unknown,7.342192162163673e-11,0,test
main_006705,1,wacatac,0.9999998807109485,1,test
main_006706,0,unknown,4.892714062363143e-09,0,test
main_006707,0,unknown,1.263931212316831e-12,0,test
main_006708,0,unknown,1.2791737668121693e-09,0,test
main_006709,0,unknown,1.121257358992842e-09,0,test
main_006710,0,unknown,9.143056951819227e-06,0,test
main_006711,0,unknown,1.07359433525179e-08,0,test
main_006712,1,unknown,0.9999998088566439,1,test
main_006713,0,unknown,1.5518123589209045e-10,0,test
main_006714,1,cryrar,0.9997934030086127,1,test
main_006715,0,unknown,1.329693807351563e-10,0,test
main_006716,0,unknown,5.278291623933051e-07,0,test
main_006717,0,unknown,2.0533392221810138e-11,0,test
main_006718,0,unknown,2.770368371094948e-10,0,test
main_006719,0,unknown,5.341014403667236e-10,0,test
main_006720,0,unknown,8.142329857425861e-08,0,test
main_006721,0,unknown,9.214133782958027e-10,0,test
main_006722,0,unknown,4.6174201957984584e-08,0,test
main_006723,0,unknown,8.043289872747266e-12,0,test
main_006724,0,unknown,8.755904623730939e-08,0,test
main_006725,0,unknown,9.413325839776531e-06,0,test
main_006726,0,unknown,7.792280114416805e-11,0,test
main_006727,0,unknown,2.115945283371608e-08,0,test
main_006728,0,unknown,2.345062581240809e-08,0,test
main_006729,0,unknown,1.058929744213503e-10,0,test
main_006730,0,unknown,3.7789212463734146e-10,0,test
main_006731,0,unknown,2.0323889425212557e-07,0,test
main_006732,0,unknown,4.137682864670555e-14,0,test
main_006733,0,unknown,8.261442108275411e-15,0,test
main_006734,0,unknown,2.112938492648259e-15,0,test
main_006735,0,unknown,2.0301564941251154e-10,0,test
main_006736,0,unknown,2.8278540084358547e-12,0,test
main_006737,0,unknown,8.325940352591442e-11,0,test
main_006738,1,unknown,0.9997496974367852,1,test
main_006739,0,unknown,0.015198753184040889,1,test
main_006740,0,unknown,5.436726538218376e-07,0,test
main_006741,0,unknown,2.4992167930061377e-09,0,test
main_006742,1,wacatac,0.9999998723134159,1,test
main_006743,0,unknown,8.03019859654268e-08,0,test
main_006744,1,scarletflash,0.999999996624011,1,test
main_006745,1,windigo,0.999999391993029,1,test
main_006746,0,unknown,2.7728547269348303e-09,0,test
main_006747,0,unknown,1.328507796857654e-09,0,test
main_006748,0,unknown,1.3947902106111878e-11,0,test
main_006749,0,unknown,2.176328325580702e-11,0,test
main_006750,0,unknown,4.932825683557056e-07,0,test
main_006751,0,unknown,5.018477533710422e-07,0,test
main_006752,1,alien,0.9999998980704272,1,test
main_006753,0,unknown,7.222500110600027e-08,0,test
main_006754,1,unknown,0.999999994519184,1,test
main_006755,0,unknown,5.172309799182611e-06,0,test
main_006756,1,unknown,0.9999999999392502,1,test
main_006757,0,unknown,3.1603884041112568e-09,0,test
main_006758,0,unknown,1.4160913388911787e-07,0,test
main_006759,0,unknown,6.334685826392727e-09,0,test
main_006760,0,unknown,7.841438464645405e-06,0,test
main_006761,0,unknown,1.3342015751254152e-12,0,test
main_006762,1,scarletflash,0.9999999999987752,1,test
main_006763,1,upatre,0.9999999999999039,1,test
main_006764,0,unknown,1.1572977865745603e-15,0,test
main_006765,0,unknown,3.683507575875959e-13,0,test
main_006766,0,unknown,9.398318388644712e-12,0,test
main_006767,1,trollav,0.999999999998691,1,test
main_006768,0,unknown,3.030122635455608e-11,0,test
main_006769,0,unknown,1.6013410090533515e-11,0,test
main_006770,1,wacatac,0.9999437208608961,1,test
main_006771,1,scarletflash,0.9999999996604942,1,test
main_006772,0,unknown,0.00010754671948725388,0,test
main_006773,0,unknown,1.2144481144593137e-08,0,test
main_006774,0,unknown,1.866764334726611e-09,0,test
main_006775,0,unknown,2.3047649416017995e-11,0,test
main_006776,0,unknown,1.9323749818734994e-09,0,test
main_006777,0,unknown,1.6587025656170227e-07,0,test
main_006778,0,unknown,1.2121768037308144e-05,0,test
main_006779,0,unknown,5.285958347998031e-10,0,test
main_006780,1,scarletflash,0.999999999571199,1,test
main_006781,0,unknown,2.4800589077115026e-11,0,test
main_006782,0,unknown,4.7064871152984926e-15,0,test
main_006783,1,unknown,0.9999204235587407,1,test
main_006784,0,unknown,4.3950301048860145e-06,0,test
main_006785,1,xmrig,1.0,1,test
main_006786,0,unknown,1.1073383127737604e-06,0,test
main_006787,0,unknown,6.94957324634236e-10,0,test
main_006788,1,disin,0.999999972868641,1,test
main_006789,1,ogneglazka,0.9999999975200196,1,test
main_006790,1,metasploit,0.9999999999918527,1,test
main_006791,1,dinwod,0.9999999999997464,1,test
main_006792,1,makoob,0.999999375600545,1,test
main_006793,1,unknown,0.9988977939529796,1,test
main_006794,0,unknown,1.6589558962199822e-05,0,test
main_006795,0,unknown,2.296625122370779e-09,0,test
main_006796,0,unknown,1.4194879864893908e-11,0,test
main_006797,0,unknown,4.6690026436550105e-09,0,test
main_006798,0,unknown,1.5791840381351175e-11,0,test
main_006799,1,ogneglazka,0.9999999939663669,1,test
main_006800,0,unknown,2.4809087366340515e-11,0,test
main_006801,0,unknown,2.428933537264386e-09,0,test
main_006802,1,wacatac,0.9996309582901169,1,test
main_006803,0,unknown,2.773572606538668e-08,0,test
main_006804,0,unknown,1.346558820884737e-07,0,test
main_006805,1,scarletflash,0.9999996880329732,1,test
main_006806,0,unknown,3.26753919549637e-07,0,test
main_006807,0,unknown,4.694971107151147e-10,0,test
main_006808,0,unknown,4.705227954201584e-08,0,test
main_006809,1,xmrig,0.9999999999999996,1,test
main_006810,1,blankgrabber,0.9998039694036006,1,test
main_006811,0,unknown,4.968029865556825e-10,0,test
main_006812,0,unknown,4.209177065199856e-07,0,test
main_006813,0,unknown,5.139103588537516e-09,0,test
main_006814,0,unknown,7.423765080675838e-13,0,test
main_006815,0,unknown,0.00010199964724981285,0,test
main_006816,0,unknown,1.0676405814726501e-10,0,test
main_006817,1,nuitka,0.9999999907639755,1,test
main_006818,0,unknown,4.0026322972822734e-05,0,test
main_006819,1,upatre,0.9999999997766051,1,test
main_006820,0,unknown,5.21880434214109e-06,0,test
main_006821,1,trollav,0.9999999999999607,1,test
main_006822,0,unknown,9.784398171334437e-05,0,test
main_006823,0,unknown,8.242024253078953e-05,0,test
main_006824,1,cobaltstrike,0.9999947882482603,1,test
main_006825,1,emdup,0.9999999999843943,1,test
main_006826,1,wacatac,0.9999999999991909,1,test
main_006827,1,unknown,0.9999999956672052,1,test
main_006828,1,unknown,0.8148496841814005,1,test
main_006829,0,unknown,2.163964631633895e-09,0,test
main_006830,1,alien,0.999999602006744,1,test
main_006831,0,unknown,2.1021936951478933e-07,0,test
main_006832,1,alien,0.9999997643183467,1,test
main_006833,1,berbew,0.999999957298433,1,test
main_006834,1,stubo,0.9999999999999143,1,test
main_006835,0,unknown,5.1419643206761965e-11,0,test
main_006836,1,berbew,0.9999999999999996,1,test
main_006837,1,scarletflash,0.9999999999864448,1,test
main_006838,1,berbew,0.9999999980387164,1,test
main_006839,1,shelm,0.9999999987795765,1,test
main_006840,0,unknown,3.4838115517930207e-06,0,test
main_006841,0,unknown,4.480993905070565e-11,0,test
main_006842,1,wabot,0.9999999999496947,1,test
main_006843,1,poisonivy,0.9999999995754827,1,test
main_006844,0,unknown,1.518872742437611e-06,0,test
main_006845,0,unknown,7.102311642094747e-08,0,test
main_006846,0,unknown,1.780377813421959e-05,0,test
main_006847,1,khalesi,0.9999988147849076,1,test
main_006848,0,unknown,5.744654375164752e-09,0,test
main_006849,0,unknown,5.399900695229293e-10,0,test
main_006850,1,berbew,0.9999999999968021,1,test
main_006851,1,berbew,0.9999999999973954,1,test
main_006852,1,xmrig,1.0,1,test
main_006853,0,unknown,2.7960229639029176e-11,0,test
main_006854,0,unknown,2.2590171242740734e-05,0,test
main_006855,0,unknown,1.6266163112644967e-08,0,test
main_006856,0,unknown,9.865989978404831e-13,0,test
main_006857,0,unknown,4.2541219550719367e-11,0,test
main_006858,0,unknown,3.2073538246738378e-06,0,test
main_006859,0,unknown,5.47945574263401e-09,0,test
main_006860,0,unknown,1.3615640638008997e-11,0,test
main_006861,0,unknown,1.6777990819764556e-11,0,test
main_006862,0,unknown,4.191892005353082e-11,0,test
main_006863,0,unknown,4.40421967041685e-09,0,test
main_006864,0,unknown,1.5080174537324488e-08,0,test
main_006865,1,khalesi,0.9999990167444521,1,test
main_006866,0,unknown,1.3056565376602656e-09,0,test
main_006867,1,metasploit,0.9999999929204739,1,test
main_006868,0,unknown,8.193699103665424e-07,0,test
main_006869,0,unknown,3.699487097712193e-08,0,test
main_006870,0,unknown,0.284310376086322,1,test
main_006871,0,unknown,6.198447649641957e-14,0,test
main_006872,1,luna,0.9999999999999862,1,test
main_006873,0,unknown,2.3341549444035225e-13,0,test
main_006874,0,unknown,1.850462034565552e-08,0,test
main_006875,1,berbew,0.9999950769427675,1,test
main_006876,0,unknown,7.656677733426909e-10,0,test
main_006877,0,unknown,0.00018016530975269277,0,test
main_006878,0,unknown,2.2882645289275093e-12,0,test
main_006879,0,unknown,1.9578217065463307e-08,0,test
main_006880,1,cerbu,0.9999995463758092,1,test
main_006881,1,unknown,0.989787454787418,1,test
main_006882,1,xmrig,1.0,1,test
main_006883,0,unknown,8.996567376804354e-11,0,test
main_006884,0,unknown,1.2182018145754372e-05,0,test
main_006885,0,unknown,2.2316445514977793e-08,0,test
main_006886,1,scarletflash,0.9999999999951112,1,test
main_006887,1,qqrob,0.9995472054151409,1,test
main_006888,1,disin,0.9999999999930809,1,test
main_006889,0,unknown,7.782784783656983e-05,0,test
main_006890,1,scarletflash,0.9975418370112199,1,test
main_006891,0,unknown,4.788984616454317e-07,0,test
main_006892,1,crypmodng,0.9999999999999065,1,test
main_006893,0,unknown,8.541988674592629e-07,0,test
main_006894,1,blackv,0.9999939745562662,1,test
main_006895,1,xmrig,1.0,1,test
main_006896,1,wacatac,0.9999999687501818,1,test
main_006897,1,xmrig,1.0,1,test
main_006898,1,bedep,0.9999999992943469,1,test
main_006899,1,realprotect,0.9999015285216841,1,test
main_006900,1,expiro,0.999999999929555,1,test
main_006901,1,xmrig,0.999999982959563,1,test
main_006902,1,mikey,0.9990154331049236,1,test
main_006903,1,yapo,0.999999988821041,1,test
main_006904,0,unknown,5.012162431985507e-05,0,test
main_006905,1,pemalform,0.9988880114680089,1,test
main_006906,1,wacatac,0.9999999904394193,1,test
main_006907,0,unknown,3.9866135317867537e-13,0,test
main_006908,0,unknown,8.431754780017782e-12,0,test
main_006909,0,unknown,0.4866731712793435,1,test
main_006910,0,unknown,8.183604016915178e-06,0,test
main_006911,1,wacatac,0.9993837214376668,1,test
main_006912,0,unknown,9.652035703489064e-10,0,test
main_006913,0,unknown,1.462890616001115e-06,0,test
main_006914,1,alien,0.999999875834907,1,test
main_006915,1,alien,0.9999997444706119,1,test
main_006916,0,unknown,6.617591473164098e-08,0,test
main_006917,0,unknown,5.2718584434009114e-09,0,test
main_006918,1,playanext,0.9999069414177846,1,test
main_006919,1,chisel,0.9999996535813108,1,test
main_006920,0,unknown,7.185042762502618e-05,0,test
main_006921,0,unknown,0.007049228479825439,0,test
main_006922,0,unknown,0.007714031428631217,0,test
main_006923,0,unknown,0.012450272195346015,1,test
main_006924,0,unknown,0.001076290365398005,0,test
main_006925,0,unknown,0.09814036960652177,1,test
main_006926,0,unknown,4.463732231929688e-07,0,test
main_006927,1,wacatac,0.9998500913470398,1,test
main_006928,0,unknown,3.9379802909229226e-12,0,test
main_006929,1,alien,0.999999425828691,1,test
main_006930,1,disin,0.9999999999950802,1,test
main_006931,0,unknown,8.798513095989883e-11,0,test
main_006932,0,unknown,5.733435836707951e-08,0,test
main_006933,0,unknown,2.508503326559795e-10,0,test
main_006934,0,unknown,1.5987302682710315e-12,0,test
main_006935,0,unknown,3.600298213674116e-09,0,test
main_006936,0,unknown,6.016794504672862e-13,0,test
main_006937,0,unknown,4.84537842152448e-08,0,test
main_006938,0,unknown,6.486994365171316e-13,0,test
main_006939,0,unknown,4.6650368276151954e-11,0,test
main_006940,0,unknown,2.0199987449802475e-08,0,test
main_006941,0,unknown,1.0834954314138019e-07,0,test
main_006942,0,unknown,1.3380145502548072e-11,0,test
main_006943,0,unknown,3.730109170061545e-08,0,test
main_006944,0,unknown,1.8208570309805195e-08,0,test
main_006945,0,unknown,1.3130009293900438e-09,0,test
main_006946,0,unknown,1.458662467846321e-09,0,test
main_006947,0,unknown,9.376468676615555e-13,0,test
main_006948,1,emdup,0.9999999999765863,1,test
main_006949,1,wacatac,0.9999968364396662,1,test
main_006950,0,unknown,2.592667957172272e-10,0,test
main_006951,0,unknown,2.055506794562167e-10,0,test
main_006952,1,xmrig,0.9999998020615689,1,test
main_006953,0,unknown,4.37143431861822e-07,0,test
main_006954,0,unknown,1.3223764742933781e-09,0,test
main_006955,0,unknown,6.925989581214325e-08,0,test
main_006956,1,bedep,0.9999999999971863,1,test
main_006957,0,unknown,3.5226449008246096e-06,0,test
main_006958,1,unknown,0.9999999990729196,1,test
main_006959,1,unknown,0.9999999995110123,1,test
main_006960,0,unknown,6.141644850907616e-10,0,test
main_006961,0,unknown,0.0023568799749204244,0,test
main_006962,0,unknown,7.513012338446699e-06,0,test
main_006963,0,unknown,5.456585236424717e-09,0,test
main_006964,0,unknown,9.992051901206122e-10,0,test
main_006965,1,grandoreiro,0.9999999996925382,1,test
main_006966,1,grandoreiro,0.9999999999992446,1,test
main_006967,0,unknown,1.1232926466959695e-07,0,test
main_006968,0,unknown,7.184038211384017e-13,0,test
main_006969,1,wacatac,0.9999937971767765,1,test
main_006970,1,fileless,0.9999999732240188,1,test
main_006971,1,unknown,0.999999957315892,1,test
main_006972,1,unknown,0.9999999817834863,1,test
main_006973,1,unknown,0.9999995769547247,1,test
main_006974,0,unknown,3.1987800441203584e-08,0,test
main_006975,0,unknown,1.2927477943748861e-11,0,test
main_006976,0,unknown,2.178518108000565e-11,0,test
main_006977,0,unknown,9.161283514849046e-13,0,test
main_006978,0,unknown,8.688680233495149e-07,0,test
main_006979,0,unknown,0.002741919457820652,0,test
main_006980,0,unknown,1.4651312583058694e-07,0,test
main_006981,0,unknown,6.420307388308255e-07,0,test
main_006982,0,unknown,5.033660754851986e-09,0,test
main_006983,0,unknown,1.6179134989490054e-08,0,test
main_006984,0,unknown,1.2480001445122348e-07,0,test
main_006985,0,unknown,6.96335238652647e-07,0,test
main_006986,0,unknown,8.205709895946616e-09,0,test
main_006987,0,unknown,3.2512255385888456e-07,0,test
main_006988,0,unknown,1.263452192097906e-07,0,test
main_006989,0,unknown,4.479827584938494e-06,0,test
main_006990,0,unknown,3.393753921865344e-06,0,test
main_006991,0,unknown,3.972345102221608e-07,0,test
main_006992,0,unknown,3.4618270903183236e-10,0,test
main_006993,0,unknown,3.304915740851967e-06,0,test
main_006994,0,unknown,6.135600745638269e-07,0,test
main_006995,0,unknown,2.9833147783617463e-07,0,test
main_006996,0,unknown,9.428705817792715e-08,0,test
main_006997,1,lockergoga,0.9999999999772757,1,test
main_006998,1,mikey,0.9999999999992157,1,test
main_006999,0,unknown,0.40644227387188975,1,test
main_007000,0,unknown,2.3604703307284337e-09,0,test
main_007001,0,unknown,1.3906104711736707e-07,0,test
main_007002,0,unknown,1.2544804864101014e-09,0,test
main_007003,0,unknown,4.957885306020971e-10,0,test
main_007004,0,unknown,5.533928080645559e-09,0,test
main_007005,0,unknown,1.6512509430146843e-10,0,test
main_007006,0,unknown,2.002366135863995e-07,0,test
main_007007,0,unknown,2.2253861056595848e-06,0,test
main_007008,0,unknown,4.251901591799359e-14,0,test
main_007009,0,unknown,6.108664414529843e-12,0,test
main_007010,0,unknown,0.00013009579665577845,0,test
main_007011,0,unknown,1.2937602712881426e-10,0,test
main_007012,0,unknown,9.644316187962556e-07,0,test
main_007013,0,unknown,2.9013535847052445e-07,0,test
main_007014,1,wacatac,0.9999991126822783,1,test
main_007015,0,unknown,2.189140000513362e-05,0,test
main_007016,1,lazagne,0.9999466640514013,1,test
main_007017,0,unknown,4.743274690882738e-07,0,test
main_007018,0,unknown,1.6540336333309364e-13,0,test
main_007019,0,unknown,2.0896693236251026e-06,0,test
main_007020,1,bedep,0.9999999999717946,1,test
main_007021,0,unknown,4.340626649310283e-07,0,test
main_007022,0,unknown,6.589202999629279e-10,0,test
main_007023,1,crypren,0.9999720800031653,1,test
main_007024,0,unknown,3.296320615507939e-07,0,test
main_007025,0,unknown,2.0433849025499223e-08,0,test
main_007026,1,browsefox,0.9975281891758204,1,test
main_007027,1,unknown,0.9999995173844858,1,test
main_007028,1,metasploit,0.9999999999996378,1,test
main_007029,1,unknown,0.9997996890993043,1,test
main_007030,0,unknown,0.0001647207910510063,0,test
main_007031,0,unknown,2.955876879969411e-07,0,test
main_007032,0,unknown,2.4400371655564947e-08,0,test
main_007033,0,unknown,2.2134511826471417e-12,0,test
main_007034,0,unknown,1.037352676739673e-09,0,test
main_007035,1,forkbomb,0.9999999948920026,1,test
main_007036,1,unknown,0.99972347136218,1,test
main_007037,0,unknown,9.58289851020211e-10,0,test
main_007038,0,unknown,3.004699404613449e-12,0,test
main_007039,1,unknown,0.9998479966988979,1,test
main_007040,1,wipass,0.9999999999998557,1,test
main_007041,0,unknown,2.203382334751356e-08,0,test
main_007042,1,mikey,0.9999999969060325,1,test
main_007043,1,unknown,0.999998286912212,1,test
main_007044,0,unknown,3.564174495375232e-11,0,test
main_007045,1,icedid,0.819351216702982,1,test
main_007046,0,unknown,4.482517253330504e-06,0,test
main_007047,1,disin,0.9999999982330454,1,test
main_007048,1,unknown,0.9999984000033006,1,test
main_007049,0,unknown,2.944830066803822e-07,0,test
main_007050,0,unknown,2.6835576266782754e-07,0,test
main_007051,0,unknown,8.769680446253238e-07,0,test
main_007052,0,unknown,1.4843086176258927e-09,0,test
main_007053,0,unknown,1.1036919233037875e-06,0,test
main_007054,0,unknown,8.253355987936757e-10,0,test
main_007055,1,unknown,0.9999991825502906,1,test
main_007056,1,autorunner,0.9980599532013974,1,test
main_007057,0,unknown,6.2592630533517525e-06,0,test
main_007058,1,xmrig,1.0,1,test
main_007059,1,shelm,0.9999998298957061,1,test
main_007060,0,unknown,4.927832210802343e-13,0,test
main_007061,0,unknown,4.484889121222136e-13,0,test
main_007062,1,unknown,0.9999201858378017,1,test
main_007063,0,unknown,2.0845539271208347e-10,0,test
main_007064,1,shelm,0.9999999999716964,1,test
main_007065,1,alien,0.9999988583190791,1,test
main_007066,1,coroxy,0.9999999967518038,1,test
main_007067,1,alien,0.9999982782818415,1,test
main_007068,1,unknown,0.9533104243731899,1,test
main_007069,0,unknown,1.9452921186142363e-09,0,test
main_007070,1,redline,0.9999994382228591,1,test
main_007071,1,mufila,0.9999999285290868,1,test
main_007072,1,alien,0.9999992386099417,1,test
main_007073,0,unknown,1.5563194652257721e-13,0,test
main_007074,0,unknown,1.4742536835760563e-10,0,test
main_007075,1,wacatac,0.9999999999965636,1,test
main_007076,1,wacatac,0.9999999999999789,1,test
main_007077,0,unknown,1.562474234480535e-11,0,test
main_007078,0,unknown,2.1235518338450485e-10,0,test
main_007079,1,wacatac,0.9999998405352789,1,test
main_007080,0,unknown,4.554991550905294e-09,0,test
main_007081,0,unknown,6.153809791426384e-09,0,test
main_007082,0,unknown,6.464501784156825e-08,0,test
main_007083,0,unknown,2.329425578933926e-10,0,test
main_007084,0,unknown,1.4210299536070678e-07,0,test
main_007085,1,almi,0.9999999999996994,1,test
main_007086,1,unknown,0.9999822108305794,1,test
main_007087,1,unknown,0.9999999994118054,1,test
main_007088,0,unknown,0.00022059729091944378,0,test
main_007089,1,wacatac,0.999999999836594,1,test
main_007090,0,unknown,1.7972223293058282e-16,0,test
main_007091,0,unknown,1.120000243834498e-11,0,test
main_007092,0,unknown,1.650424660287845e-12,0,test
main_007093,0,unknown,1.9207612658991261e-07,0,test
main_007094,0,unknown,1.5858959612741116e-11,0,test
main_007095,0,unknown,3.576826410487468e-14,0,test
main_007096,0,unknown,2.159415998102193e-07,0,test
main_007097,0,unknown,6.849803435717952e-07,0,test
main_007098,0,unknown,1.1422973801091232e-10,0,test
main_007099,1,unknown,0.9999999718780618,1,test
main_007100,0,unknown,2.9818847533976716e-09,0,test
main_007101,0,unknown,1.5924774616297097e-10,0,test
main_007102,0,unknown,0.00019914719264345926,0,test
main_007103,0,unknown,3.54052276305887e-11,0,test
main_007104,0,unknown,7.595949026849863e-06,0,test
main_007105,1,ludashi,0.9940014264669821,1,test
main_007106,1,qihoo360,0.7488717614062989,1,test
main_007107,1,burden,0.8317690015734451,1,test
main_007108,1,qihoo360,0.9905884283615733,1,test
main_007109,1,qihoo360,0.9987905684440087,1,test
main_007110,1,magniber,0.9999999993607918,1,test
main_007111,1,darkgate,0.9999997342805775,1,test
main_007112,1,dnoper,0.9990656943628267,1,test
main_007113,1,vindor,0.9995508779554453,1,test
main_007114,0,unknown,0.0009017595306676807,0,test
main_007115,0,unknown,0.00240452415153769,0,test
main_007116,0,unknown,0.04006481784431874,1,test
main_007117,0,unknown,3.71826464190069e-11,0,test
main_007118,0,unknown,1.8606140285911596e-15,0,test
main_007119,1,unknown,0.9999997206858292,1,test
main_007120,0,unknown,7.122526039994479e-11,0,test
main_007121,0,unknown,1.561915795083375e-10,0,test
main_007122,0,unknown,3.969395470590396e-10,0,test
main_007123,0,unknown,2.212233076441971e-08,0,test
main_007124,1,unknown,0.9999999999878548,1,test
main_007125,0,unknown,1.5823947448720156e-09,0,test
main_007126,0,unknown,4.579305566522761e-11,0,test
main_007127,0,unknown,6.293151806556064e-11,0,test
main_007128,0,unknown,6.145541319172565e-11,0,test
main_007129,0,unknown,6.453377475758394e-12,0,test
main_007130,0,unknown,1.1493800298147816e-06,0,test
main_007131,1,unknown,0.999999999994744,1,test
main_007132,1,berbew,0.9999999999989897,1,test
main_007133,0,unknown,0.0016938970325199583,0,test
main_007134,0,unknown,2.1977957930390272e-11,0,test
main_007135,0,unknown,1.7520241399412264e-11,0,test
main_007136,1,expiro,0.9999999993007231,1,test
main_007137,1,expiro,0.9999999999993807,1,test
main_007138,0,unknown,1.7078422174032367e-08,0,test
main_007139,0,unknown,2.866054868629571e-07,0,test
main_007140,0,unknown,1.9511962344446106e-09,0,test
main_007141,0,unknown,2.4010932680090026e-09,0,test
main_007142,1,xmrig,1.0,1,test
main_007143,1,upatre,0.9999999742488532,1,test
main_007144,0,unknown,2.0583089882302728e-11,0,test
main_007145,0,unknown,2.038556050187306e-07,0,test
main_007146,0,unknown,6.835599732083251e-14,0,test
main_007147,0,unknown,0.006509978950934474,0,test
main_007148,0,unknown,1.4918789245618728e-07,0,test
main_007149,1,unknown,0.9998399651029942,1,test
main_007150,0,unknown,4.886268183203942e-07,0,test
main_007151,1,xmrig,1.0,1,test
main_007152,1,berbew,0.9999999999085658,1,test
main_007153,1,wabot,0.9999999999664166,1,test
main_007154,1,wacatac,0.9999999999080191,1,test
main_007155,0,unknown,3.771744286678863e-14,0,test
main_007156,0,unknown,2.0880254153025103e-10,0,test
main_007157,0,unknown,3.302043243463488e-08,0,test
main_007158,0,unknown,5.681844886199178e-07,0,test
main_007159,0,unknown,1.4426031791678921e-10,0,test
main_007160,0,unknown,0.00027968987605534395,0,test
main_007161,0,unknown,2.4225883059110076e-08,0,test
main_007162,0,unknown,0.0003060781530236153,0,test
main_007163,1,rugmi,0.9999977117242107,1,test
main_007164,1,xmrig,1.0,1,test
main_007165,0,unknown,9.488821046006912e-06,0,test
main_007166,0,unknown,0.000412070478992767,0,test
main_007167,0,unknown,1.2619368365297205e-10,0,test
main_007168,0,unknown,9.686268082706938e-10,0,test
main_007169,1,crypmodng,0.9998775451430438,1,test
main_007170,0,unknown,7.618151431801528e-11,0,test
main_007171,0,unknown,3.661902306825523e-08,0,test
main_007172,0,unknown,1.96115693929951e-06,0,test
main_007173,0,unknown,3.349144493952535e-11,0,test
main_007174,1,presenoker,0.9999997029333624,1,test
main_007175,1,dumpex,0.999984466546013,1,test
main_007176,0,unknown,3.857892424286763e-06,0,test
main_007177,0,unknown,8.486517958455681e-05,0,test
main_007178,0,unknown,1.4443325437941395e-05,0,test
main_007179,0,unknown,6.845295348219885e-05,0,test
main_007180,0,unknown,0.07980778291216029,1,test
main_007181,0,unknown,0.05253351244834627,1,test
main_007182,0,unknown,0.010971580924401382,1,test
main_007183,0,unknown,0.0002026359286797803,0,test
main_007184,0,unknown,9.610574926165122e-15,0,test
main_007185,1,unknown,0.9999999640046391,1,test
main_007186,0,unknown,2.8879755679091544e-12,0,test
main_007187,0,unknown,1.6268837180526245e-05,0,test
main_007188,0,unknown,2.2279177298646453e-10,0,test
main_007189,1,unknown,0.9998678229948844,1,test
main_007190,0,unknown,9.64970963835737e-07,0,test
main_007191,1,berbew,0.9999973474752017,1,test
main_007192,1,andromeda,0.9999999998459572,1,test
main_007193,0,unknown,3.787645537387051e-11,0,test
main_007194,0,unknown,1.7578650503289972e-09,0,test
main_007195,0,unknown,1.5883595947584293e-07,0,test
main_007196,0,unknown,3.748718997584842e-09,0,test
main_007197,0,unknown,0.0002589648405791194,0,test
main_007198,0,unknown,2.5447323826541183e-12,0,test
main_007199,0,unknown,5.586803798173188e-09,0,test
main_007200,0,unknown,0.0017744135781933544,0,test
main_007201,0,unknown,4.5877403191322585e-07,0,test
main_007202,0,unknown,8.169176520141343e-10,0,test
main_007203,0,unknown,1.340771963284138e-05,0,test
main_007204,0,unknown,3.415714893286202e-14,0,test
main_007205,1,wacatac,0.9999634847971492,1,test
main_007206,1,flystudio,0.9994895819521072,1,test
main_007207,1,dridex,0.9999999999871312,1,test
main_007208,1,mufila,0.9999999658336148,1,test
main_007209,1,blackv,0.9999999098251527,1,test
main_007210,0,unknown,3.784366863515465e-05,0,test
main_007211,1,ekstak,0.8609129915903105,1,test
main_007212,1,wacatac,0.9999999981642687,1,test
main_007213,1,unknown,0.9998746936164689,1,test
main_007214,1,sliver,0.9999922561813743,1,test
main_007215,0,unknown,3.055461083043208e-11,0,test
main_007216,1,scarletflash,0.9999983376573012,1,test
main_007217,1,cobaltstrike,0.9998056189674472,1,test
main_007218,1,bobik,0.9997132768518073,1,test
main_007219,1,unknown,0.9999999993701454,1,test
main_007220,1,unknown,0.9999999872939004,1,test
main_007221,1,banload,0.9999999999999996,1,test
main_007222,1,banload,0.9999999999999996,1,test
main_007223,1,wacatac,0.9999999999991982,1,test
main_007224,1,unknown,0.9999635024801803,1,test
main_007225,1,wacatac,0.9999999999995799,1,test
main_007226,0,unknown,6.715194017068742e-09,0,test
main_007227,1,unknown,0.9999999142534115,1,test
main_007228,1,gasti,0.9999968242620153,1,test
main_007229,0,unknown,5.084174365805801e-06,0,test
main_007230,0,unknown,6.918392702869741e-07,0,test
main_007231,0,unknown,2.7786245261843265e-07,0,test
main_007232,0,unknown,8.74352141005059e-09,0,test
main_007233,0,unknown,2.105152766591127e-05,0,test
main_007234,1,unknown,0.9999998444097944,1,test
main_007235,0,unknown,2.0396073099964522e-10,0,test
main_007236,0,unknown,1.8293333710750366e-09,0,test
main_007237,0,unknown,5.747732430688494e-06,0,test
main_007238,1,dndownloader,0.5178686792311055,1,test
main_007239,0,unknown,1.1801308388438092e-10,0,test
main_007240,0,unknown,1.0601302178474168e-09,0,test
main_007241,0,unknown,6.805843015457327e-13,0,test
main_007242,0,unknown,1.9206450526737748e-12,0,test
main_007243,0,unknown,6.235051136859665e-13,0,test
main_007244,0,unknown,1.730679495578995e-13,0,test
main_007245,0,unknown,1.0844942081526636e-07,0,test
main_007246,0,unknown,3.4100165622997863e-10,0,test
main_007247,1,unknown,0.9999999717274893,1,test
main_007248,0,unknown,5.707902562601912e-12,0,test
main_007249,0,unknown,9.89478728020292e-10,0,test
main_007250,0,unknown,2.1991756612294536e-10,0,test
main_007251,0,unknown,6.213705709318193e-13,0,test
main_007252,0,unknown,3.0910138929778465e-12,0,test
main_007253,0,unknown,5.085675303755148e-13,0,test
main_007254,0,unknown,9.704363230115811e-13,0,test
main_007255,0,unknown,6.376057093887989e-13,0,test
main_007256,0,unknown,1.3228428489006585e-15,0,test
main_007257,0,unknown,1.8251804740100502e-14,0,test
main_007258,0,unknown,9.195641168593269e-15,0,test
main_007259,0,unknown,1.5208373087272802e-15,0,test
main_007260,0,unknown,5.97915464601158e-12,0,test
main_007261,0,unknown,5.419722525790856e-09,0,test
main_007262,0,unknown,3.0485121076850464e-13,0,test
main_007263,0,unknown,2.1129132723228205e-08,0,test
main_007264,0,unknown,1.3283816406006543e-06,0,test
main_007265,0,unknown,1.8002302018679834e-08,0,test
main_007266,0,unknown,1.7165787365599542e-07,0,test
main_007267,0,unknown,5.39376592283043e-07,0,test
main_007268,0,unknown,8.445547803816888e-11,0,test
main_007269,1,wacatac,0.999999999975846,1,test
main_007270,0,unknown,2.0554612352863384e-12,0,test
main_007271,1,alien,0.9999998970552132,1,test
main_007272,0,unknown,4.6619868478315476e-18,0,test
main_007273,0,unknown,0.0032380688336545323,0,test
main_007274,0,unknown,1.0418429221041113e-06,0,test
main_007275,0,unknown,1.0072317141760052e-07,0,test
main_007276,0,unknown,1.4590732626678603e-07,0,test
main_007277,0,unknown,2.5889411581279413e-10,0,test
main_007278,0,unknown,5.33109092858884e-06,0,test
main_007279,0,unknown,1.2313691063531967e-09,0,test
main_007280,0,unknown,0.005848268218803004,0,test
main_007281,1,bedep,0.9999999999602365,1,test
main_007282,1,xworm,0.9999999999915026,1,test
main_007283,1,wacatac,0.9999999968197031,1,test
main_007284,1,unknown,0.999999999890457,1,test
main_007285,0,unknown,2.6305666146418114e-18,0,test
main_007286,0,unknown,7.549526635701347e-11,0,test
main_007287,0,unknown,3.1248126108320214e-05,0,test
main_007288,0,unknown,5.5190934339323305e-06,0,test
main_007289,0,unknown,3.03703640056624e-08,0,test
main_007290,0,unknown,1.893880724328549e-07,0,test
main_007291,1,cerbu,0.9999999980972321,1,test
main_007292,1,wacatac,0.9999999999999052,1,test
main_007293,1,upatre,0.9999999999965681,1,test
main_007294,0,unknown,5.4424899339926165e-05,0,test
main_007295,1,convagent,0.9919147481123944,1,test
main_007296,1,unknown,0.9998984418149899,1,test
main_007297,0,unknown,1.6577133029699939e-07,0,test
main_007298,0,unknown,2.072436644295641e-08,0,test
main_007299,0,unknown,3.896658144019134e-10,0,test
main_007300,1,unknown,0.9999988144161239,1,test
main_007301,1,unknown,0.9999999975195912,1,test
main_007302,0,unknown,4.5453225834154e-08,0,test
main_007303,1,caypnamer,0.9729028411335783,1,test
main_007304,1,unknown,0.9999999997286793,1,test
main_007305,0,unknown,1.716615332011414e-05,0,test
main_007306,0,unknown,8.95522801307487e-09,0,test
main_007307,0,unknown,7.244470376110702e-09,0,test
main_007308,0,unknown,4.0000622447218335e-09,0,test
main_007309,1,unknown,0.9999999979966108,1,test
main_007310,0,unknown,4.348371917287495e-09,0,test
main_007311,0,unknown,9.810058959992052e-13,0,test
main_007312,0,unknown,1.0661331849438113e-11,0,test
main_007313,0,unknown,1.011504334761581e-11,0,test
main_007314,0,unknown,2.0663917779540957e-12,0,test
main_007315,0,unknown,1.307148244487209e-11,0,test
main_007316,0,unknown,4.872060863857879e-09,0,test
main_007317,0,unknown,2.0338665012561096e-11,0,test
main_007318,1,unknown,0.9999924533663299,1,test
main_007319,0,unknown,0.0017185631101330422,0,test
main_007320,0,unknown,2.078026284937331e-07,0,test
main_007321,0,unknown,6.916259459584017e-08,0,test
main_007322,1,unknown,0.9986933762563988,1,test
main_007323,0,unknown,6.800629802519944e-12,0,test
main_007324,0,unknown,9.028872514830965e-06,0,test
main_007325,0,unknown,1.7460587048029714e-09,0,test
main_007326,1,upatre,0.9999999999999571,1,test
main_007327,0,unknown,5.419923413256343e-07,0,test
main_007328,0,unknown,1.0384247396034762e-10,0,test
main_007329,0,unknown,1.6827783694738172e-10,0,test
main_007330,1,unknown,0.9999897777614121,1,test
main_007331,0,unknown,3.820046754141552e-09,0,test
main_007332,1,raccoonstealer,0.9999994672556849,1,test
main_007333,0,unknown,2.8082920008263164e-18,0,test
main_007334,0,unknown,1.3361081508691099e-09,0,test
main_007335,0,unknown,2.703547680540058e-11,0,test
main_007336,1,shelm,0.9999999999783209,1,test
main_007337,0,unknown,1.80316885557783e-14,0,test
main_007338,0,unknown,3.188210254148515e-13,0,test
main_007339,1,stubo,0.999999999946446,1,test
main_007340,0,unknown,6.691789183945997e-14,0,test
main_007341,0,unknown,1.031279440608422e-14,0,test
main_007342,0,unknown,1.438650749614579e-12,0,test
main_007343,1,backdoorcobaltstr,0.9999999373831597,1,test
main_007344,0,unknown,0.00017851146896154132,0,test
main_007345,0,unknown,1.3521074435671366e-07,0,test
main_007346,1,wacatac,0.9999999360364095,1,test
main_007347,0,unknown,8.635687710902676e-08,0,test
main_007348,0,unknown,3.175554945937841e-08,0,test
main_007349,0,unknown,2.0175683044601405e-05,0,test
main_007350,1,unknown,0.9999090851470346,1,test
main_007351,1,cobaltstrike,0.9999999605640857,1,test
main_007352,1,bedep,0.9998515750176589,1,test
main_007353,1,unknown,0.9999999998946822,1,test
main_007354,1,disin,0.9999999998717299,1,test
main_007355,1,unknown,0.9997944184452828,1,test
main_007356,1,flystudio,0.999947099793806,1,test
main_007357,1,upatre,0.9999999999999878,1,test
main_007358,1,disco,0.9999999994889914,1,test
main_007359,0,unknown,1.6752559764810203e-11,0,test
main_007360,1,metasploit,0.9999999999996378,1,test
main_007361,0,unknown,5.098444144668791e-12,0,test
main_007362,0,unknown,3.782296890663912e-11,0,test
main_007363,0,unknown,2.9537025985154157e-12,0,test
main_007364,0,unknown,2.2660499844251233e-13,0,test
main_007365,0,unknown,2.6583423424277895e-11,0,test
main_007366,0,unknown,1.7058006222589112e-14,0,test
main_007367,0,unknown,1.0951640725427398e-06,0,test
main_007368,0,unknown,5.293300144014918e-09,0,test
main_007369,0,unknown,2.2886183429983556e-07,0,test
main_007370,0,unknown,3.4258815503766225e-06,0,test
main_007371,0,unknown,1.3124010933876346e-08,0,test
main_007372,0,unknown,2.3043726110815954e-12,0,test
main_007373,1,reverse64,0.9999999999995783,1,test
main_007374,1,unknown,0.9999929939722039,1,test
main_007375,0,unknown,7.918218173522145e-06,0,test
main_007376,1,unknown,0.9940702519526047,1,test
main_007377,0,unknown,2.0397718220193866e-07,0,test
main_007378,0,unknown,5.2971235184066735e-09,0,test
main_007379,0,unknown,8.960858820594989e-08,0,test
main_007380,0,unknown,7.348955194034795e-07,0,test
main_007381,0,unknown,3.113146235516674e-09,0,test
main_007382,0,unknown,1.863190966324625e-06,0,test
main_007383,0,unknown,3.319583515267483e-08,0,test
main_007384,0,unknown,3.6003106408153123e-07,0,test
main_007385,0,unknown,2.874370768948678e-07,0,test
main_007386,0,unknown,2.7548777470938038e-06,0,test
main_007387,0,unknown,3.139981588758784e-06,0,test
main_007388,0,unknown,4.589260770921572e-07,0,test
main_007389,0,unknown,4.5023697787434325e-08,0,test
main_007390,0,unknown,0.00602156333886141,0,test
main_007391,0,unknown,0.06519576746276787,1,test
main_007392,1,pcappstore,0.7771985701559986,1,test
main_007393,1,rugmi,0.9832619442465517,1,test
main_007394,1,cobaltstrike,0.999886743091847,1,test
main_007395,0,unknown,1.2229722437550285e-07,0,test
main_007396,0,unknown,6.780510109196802e-07,0,test
main_007397,0,unknown,7.214092457974733e-08,0,test
main_007398,0,unknown,1.3497259297268346e-10,0,test
main_007399,1,pcappstore,0.9855519008212966,1,test
main_007400,0,unknown,7.0178880759768e-13,0,test
main_007401,0,unknown,0.3623546926224795,1,test
main_007402,1,expiro,0.9998894181760036,1,test
main_007403,1,black,0.9999999995579645,1,test
main_007404,0,unknown,5.918611293784707e-14,0,test
main_007405,0,unknown,2.3532359030000794e-13,0,test
main_007406,0,unknown,2.0185666541750578e-13,0,test
main_007407,0,unknown,2.5346625026410352e-14,0,test
main_007408,0,unknown,1.6515316837709684e-13,0,test
main_007409,0,unknown,1.4977441238134402e-10,0,test
main_007410,0,unknown,1.5762757978438572e-12,0,test
main_007411,0,unknown,2.6781564131095545e-13,0,test
main_007412,0,unknown,7.382634107297108e-11,0,test
main_007413,0,unknown,5.281471265067253e-09,0,test
main_007414,0,unknown,1.8708352296247098e-14,0,test
main_007415,0,unknown,5.064958730056975e-12,0,test
main_007416,0,unknown,5.674789557092185e-13,0,test
main_007417,0,unknown,2.447536974347407e-07,0,test
main_007418,0,unknown,2.455438757109066e-10,0,test
main_007419,0,unknown,5.2353883916402205e-15,0,test
main_007420,0,unknown,8.609443425645505e-07,0,test
main_007421,1,amadey,0.9994330611318211,1,test
main_007422,0,unknown,4.784699420244994e-06,0,test
main_007423,1,unknown,0.9999964104744546,1,test
main_007424,1,unknown,0.9999940398967676,1,test
main_007425,1,unknown,0.9999923497771267,1,test
main_007426,0,unknown,2.055471382970871e-06,0,test
main_007427,1,wacatac,0.9574795578651359,1,test
main_007428,0,unknown,4.744188044360283e-09,0,test
main_007429,0,unknown,0.00045646372798628524,0,test
main_007430,0,unknown,6.565354778724838e-06,0,test
main_007431,1,cerbu,0.9980742018227862,1,test
main_007432,0,unknown,2.9221186964326577e-10,0,test
main_007433,1,convagent,0.9999999822373032,1,test
main_007434,0,unknown,1.0166981848633875e-09,0,test
main_007435,1,cobaltstrike,0.9954758263497709,1,test
main_007436,1,disin,0.9999999999975406,1,test
main_007437,1,multikey,0.9999911055270939,1,test
main_007438,1,wacatac,0.9999999999996738,1,test
main_007439,1,unknown,0.9999999999999722,1,test
main_007440,1,unknown,0.9999999952756577,1,test
main_007441,0,unknown,7.071245086045797e-06,0,test
main_007442,0,unknown,3.6864007293333736e-09,0,test
main_007443,0,unknown,5.472527391699887e-07,0,test
main_007444,0,unknown,4.079538752516279e-10,0,test
main_007445,1,disco,0.9997695423977723,1,test
main_007446,0,unknown,1.2010709986480434e-09,0,test
main_007447,0,unknown,2.1168746503358158e-08,0,test
main_007448,1,wacatac,0.9999999923169726,1,test
main_007449,0,unknown,2.751445011302089e-10,0,test
main_007450,0,unknown,1.2440147718615544e-07,0,test
main_007451,1,wacatac,0.9997140435402869,1,test
main_007452,0,unknown,3.601208817910534e-05,0,test
main_007453,0,unknown,3.5170040116754573e-09,0,test
main_007454,1,qqrob,0.9999999999998124,1,test
main_007455,0,unknown,2.6748918148189066e-09,0,test
main_007456,0,unknown,8.890363315629148e-09,0,test
main_007457,0,unknown,2.0654206723902332e-05,0,test
main_007458,1,ruberoid,0.9999351466043142,1,test
main_007459,0,unknown,5.288285799386348e-09,0,test
main_007460,0,unknown,2.371746868672667e-09,0,test
main_007461,1,wacatac,0.9999999944355711,1,test
main_007462,1,disin,0.9999999999968383,1,test
main_007463,1,unknown,0.9999999994240987,1,test
main_007464,0,unknown,1.1687004216226938e-06,0,test
main_007465,0,unknown,1.1518416550881174e-05,0,test
main_007466,0,unknown,1.2261817448075453e-11,0,test
main_007467,0,unknown,5.9983700155619807e-05,0,test
main_007468,0,unknown,9.154048542807758e-07,0,test
main_007469,0,unknown,8.472743999007756e-08,0,test
main_007470,0,unknown,3.920845722901835e-07,0,test
main_007471,1,scarletflash,0.9998321296874138,1,test
main_007472,1,unknown,0.99999999950407,1,test
main_007473,0,unknown,1.0560929102340288e-07,0,test
main_007474,1,disin,0.9999999999993117,1,test
main_007475,1,donglehack,0.9990018261916024,1,test
main_007476,0,unknown,1.0764925597412074e-10,0,test
main_007477,1,qqrob,0.9999999999996929,1,test
main_007478,0,unknown,5.4270475579304303e-11,0,test
main_007479,1,unknown,0.9999999997320466,1,test
main_007480,0,unknown,9.432595054194464e-16,0,test
main_007481,1,grandoreiro,0.9996996191520225,1,test
main_007482,0,unknown,1.655110099329063e-05,0,test
main_007483,0,unknown,3.667879490980279e-11,0,test
main_007484,0,unknown,8.852849308955538e-12,0,test
main_007485,0,unknown,1.7642715273027033e-06,0,test
main_007486,0,unknown,3.332579857857387e-10,0,test
main_007487,0,unknown,2.272112602292809e-12,0,test
main_007488,0,unknown,6.31358888073723e-14,0,test
main_007489,0,unknown,7.57510214287541e-08,0,test
main_007490,0,unknown,2.015169182129404e-11,0,test
main_007491,1,scarletflash,0.9999999999949565,1,test
main_007492,1,bedep,0.9999999335473828,1,test
main_007493,0,unknown,1.187563049487359e-10,0,test
main_007494,0,unknown,1.2710990075358233e-12,0,test
main_007495,0,unknown,1.0736144584423516e-08,0,test
main_007496,0,unknown,7.62158622889983e-09,0,test
main_007497,0,unknown,5.139437559053934e-10,0,test
main_007498,0,unknown,1.5324391226678186e-12,0,test
main_007499,1,unknown,0.9999999991639201,1,test
main_007500,1,unknown,0.9999999992454318,1,test
main_007501,0,unknown,9.437973793943225e-08,0,test
main_007502,1,redline,0.9999988456497662,1,test
main_007503,1,unknown,0.9999931739693989,1,test
main_007504,1,unknown,0.9999999999842613,1,test
main_007505,1,unknown,0.9997054358790554,1,test
main_007506,0,unknown,0.010314154020557343,1,test
main_007507,1,unknown,0.9999999214987612,1,test
main_007508,0,unknown,0.2542065025478572,1,test
main_007509,0,unknown,9.88907230981726e-10,0,test
main_007510,0,unknown,0.003120491109942037,0,test
main_007511,1,wacatac,0.9999999999840021,1,test
main_007512,0,unknown,2.662987890938142e-07,0,test
main_007513,0,unknown,3.2948865574720743e-07,0,test
main_007514,0,unknown,2.9512789395027106e-12,0,test
main_007515,0,unknown,5.858242472282482e-11,0,test
main_007516,0,unknown,1.1585951531545552e-06,0,test
main_007517,0,unknown,4.129080584645848e-05,0,test
main_007518,0,unknown,2.040026032785598e-08,0,test
main_007519,0,unknown,4.250030344224156e-05,0,test
main_007520,0,unknown,2.153625785141703e-07,0,test
main_007521,1,scarletflash,0.9999999859781465,1,test
main_007522,1,scarletflash,0.9999999998262101,1,test
main_007523,1,qqrob,0.9999999999997786,1,test
main_007524,1,expiro,0.9999999260461018,1,test
main_007525,1,cobaltstrike,0.9999933127843406,1,test
main_007526,1,expiro,0.9999999999746003,1,test
main_007527,0,unknown,3.6768911561155467e-06,0,test
main_007528,0,unknown,7.598142215328677e-07,0,test
main_007529,1,purplefox,0.9999999190625012,1,test
main_007530,1,gandcrab,0.9999867958237891,1,test
main_007531,0,unknown,5.1443819984692875e-18,0,test
main_007532,1,unknown,0.9999990470036828,1,test
main_007533,1,phonzy,0.9965628575793649,1,test
main_007534,1,malheur,0.8531285685376341,1,test
main_007535,1,expiro,0.9999999999999938,1,test
main_007536,0,unknown,0.001303026272722734,0,test
main_007537,1,unknown,0.9999999999820783,1,test
main_007538,1,pemalform,0.9999628823756215,1,test
main_007539,0,unknown,8.868044916016595e-09,0,test
main_007540,0,unknown,5.411317085658517e-07,0,test
main_007541,0,unknown,0.0031407177487248143,0,test
main_007542,1,expiro,0.9999999999999922,1,test
main_007543,1,wacatac,0.9999999999756157,1,test
main_007544,0,unknown,8.585107718189895e-18,0,test
main_007545,0,unknown,2.0656013229437353e-10,0,test
main_007546,1,allsoftpad,0.9955916613854485,1,test
main_007547,1,unknown,0.9999998987107726,1,test
main_007548,0,unknown,0.0006534787244159946,0,test
main_007549,0,unknown,5.247220950576815e-06,0,test
main_007550,1,puwaders,0.9999664808219453,1,test
main_007551,1,ulise,0.9999999999295985,1,test
main_007552,1,grandoreiro,0.9999999999849203,1,test
main_007553,1,heracles,0.9998456044329969,1,test
main_007554,1,bingoml,0.9999999999295985,1,test
main_007555,1,unknown,0.9996411198329496,1,test
main_007556,1,unknown,0.9994527014586041,1,test
main_007557,1,powersploit,0.999999998971911,1,test
main_007558,1,fugrafa,0.9999964658006005,1,test
main_007559,1,unknown,0.9999999996810669,1,test
main_007560,1,goshell,0.9999999883964182,1,test
main_007561,1,expiro,0.9999999999999936,1,test
main_007562,1,redline,0.999943717808703,1,test
main_007563,1,grandoreiro,0.9999999999442826,1,test
main_007564,0,unknown,2.0935754498657535e-08,0,test
main_007565,1,unknown,0.9999984711026003,1,test
main_007566,1,protux,0.9837817258347784,1,test
main_007567,1,disin,0.9999999999962697,1,test
main_007568,0,unknown,9.564387362748797e-11,0,test
main_007569,0,unknown,5.372480671861702e-09,0,test
main_007570,0,unknown,3.2590793733711416e-07,0,test
main_007571,0,unknown,6.128165610043048e-08,0,test
main_007572,0,unknown,5.011591823092771e-07,0,test
main_007573,0,unknown,2.4006989503438444e-08,0,test
main_007574,1,unknown,0.9998847856707623,1,test
main_007575,0,unknown,1.9920432364284785e-11,0,test
main_007576,0,unknown,1.3355492139036908e-06,0,test
main_007577,0,unknown,2.272244541362733e-08,0,test
main_007578,0,unknown,9.108821677378928e-07,0,test
main_007579,0,unknown,5.194202989152059e-11,0,test
main_007580,0,unknown,6.541938798357391e-07,0,test
main_007581,0,unknown,3.238577983089567e-11,0,test
main_007582,0,unknown,1.6587305218894774e-10,0,test
main_007583,1,disin,0.9999999960626318,1,test
main_007584,1,stubo,0.9999999999903857,1,test
main_007585,1,fragtor,0.9999999916933441,1,test
main_007586,1,powersploit,0.9999999952556919,1,test
main_007587,1,virut,0.9999248216817798,1,test
main_007588,1,cobaltstrike,0.9999999997868925,1,test
main_007589,1,xmrig,0.9999999999999993,1,test
main_007590,0,unknown,6.566695818412455e-15,0,test
main_007591,0,unknown,2.3456333256698344e-15,0,test
main_007592,0,unknown,1.6870478090190525e-15,0,test
main_007593,0,unknown,3.0460435399595826e-15,0,test
main_007594,0,unknown,5.914922580842996e-15,0,test
main_007595,0,unknown,5.304901922590021e-15,0,test
main_007596,0,unknown,4.265703311908157e-15,0,test
main_007597,0,unknown,9.096843057621759e-09,0,test
main_007598,0,unknown,3.242429616804511e-05,0,test
main_007599,1,bingoml,0.9999999999295985,1,test
main_007600,0,unknown,0.0002355737844685539,0,test
main_007601,1,expiro,0.9999999995437847,1,test
main_007602,0,unknown,2.4483308395241e-05,0,test
main_007603,1,expiro,0.9999848804940183,1,test
main_007604,1,caynamer,0.9999999999999782,1,test
main_007605,1,unknown,0.9999932920961783,1,test
main_007606,1,unknown,0.999999996555728,1,test
main_007607,1,grandoreiro,0.999999999999047,1,test
main_007608,0,unknown,3.2285733760639015e-10,0,test
main_007609,0,unknown,2.8598543919565497e-11,0,test
main_007610,0,unknown,1.1636420263311098e-10,0,test
main_007611,0,unknown,1.9120800240212986e-14,0,test
main_007612,0,unknown,1.2125310788506585e-13,0,test
main_007613,0,unknown,1.86017684493303e-09,0,test
main_007614,0,unknown,8.373747758597164e-07,0,test
main_007615,0,unknown,3.6441939572326344e-11,0,test
main_007616,0,unknown,1.0351546236341253e-07,0,test
main_007617,0,unknown,6.847267502054678e-08,0,test
main_007618,0,unknown,7.458223925629144e-10,0,test
main_007619,0,unknown,4.925547576935852e-08,0,test
main_007620,0,unknown,1.7542822293482927e-13,0,test
main_007621,0,unknown,2.9282354945181093e-07,0,test
main_007622,0,unknown,3.243060067135586e-13,0,test
main_007623,0,unknown,9.215826745182458e-13,0,test
main_007624,0,unknown,7.338892155936407e-07,0,test
main_007625,0,unknown,5.242222239134272e-10,0,test
main_007626,0,unknown,1.8624184880485638e-08,0,test
main_007627,0,unknown,1.5322428508494768e-06,0,test
main_007628,0,unknown,4.915526530378616e-09,0,test
main_007629,0,unknown,4.704069207636134e-08,0,test
main_007630,0,unknown,9.685574078899661e-11,0,test
main_007631,0,unknown,1.3997029875023572e-10,0,test
main_007632,0,unknown,5.770973301708595e-12,0,test
main_007633,1,unruy,0.9999999999568427,1,test
main_007634,1,wacatac,0.9999260175282437,1,test
main_007635,1,trollav,0.9999999999999198,1,test
main_007636,1,babar,0.9998286229403865,1,test
main_007637,0,unknown,0.0034824332181016653,0,test
main_007638,0,unknown,4.461726870528488e-10,0,test
main_007639,0,unknown,3.662003515351087e-10,0,test
main_007640,1,disin,0.9999999999999953,1,test
main_007641,0,unknown,1.9137431022270172e-11,0,test
main_007642,0,unknown,3.244601154884629e-06,0,test
main_007643,1,wacatac,0.9999999999883447,1,test
main_007644,1,unknown,0.9999997925106414,1,test
main_007645,0,unknown,2.2529245900964608e-13,0,test
main_007646,1,unknown,0.9999999999938214,1,test
main_007647,1,unknown,0.999999999999857,1,test
main_007648,0,unknown,7.260032650136931e-14,0,test
main_007649,0,unknown,3.4718189207210767e-05,0,test
main_007650,1,cobaltstrike,0.9999999973265963,1,test
main_007651,1,reflo,0.9999998627829079,1,test
main_007652,1,unknown,0.9999999988019155,1,test
main_007653,1,bedep,0.9999999999270484,1,test
main_007654,0,unknown,7.545588471606905e-14,0,test
main_007655,1,wacatac,0.999999999904972,1,test
main_007656,0,unknown,1.3697422010712645e-10,0,test
main_007657,0,unknown,1.1636494286538377e-13,0,test
main_007658,0,unknown,5.0260536249209964e-08,0,test
main_007659,0,unknown,6.946252404260503e-12,0,test
main_007660,0,unknown,8.670144625758817e-15,0,test
main_007661,0,unknown,2.1480307784161022e-14,0,test
main_007662,0,unknown,2.865335365463829e-13,0,test
main_007663,0,unknown,6.309831903847302e-08,0,test
main_007664,0,unknown,8.685481227119802e-13,0,test
main_007665,0,unknown,1.1553068812975832e-13,0,test
main_007666,0,unknown,9.304324449726164e-14,0,test
main_007667,0,unknown,1.0823587819953651e-13,0,test
main_007668,0,unknown,1.7992129087319762e-13,0,test
main_007669,0,unknown,1.7037365078477037e-09,0,test
main_007670,0,unknown,2.936551810613166e-11,0,test
main_007671,0,unknown,3.4394567094644485e-15,0,test
main_007672,0,unknown,6.455909190541626e-12,0,test
main_007673,0,unknown,2.221590845815734e-06,0,test
main_007674,0,unknown,3.933747080069406e-12,0,test
main_007675,0,unknown,2.864207479000391e-13,0,test
main_007676,0,unknown,7.109107950129806e-13,0,test
main_007677,0,unknown,3.6717685513181726e-11,0,test
main_007678,1,cerbu,0.9999999381143794,1,test
main_007679,0,unknown,5.404156398227561e-14,0,test
main_007680,0,unknown,3.114217356852524e-08,0,test
main_007681,0,unknown,4.907542699192813e-12,0,test
main_007682,0,unknown,2.0517953007974473e-12,0,test
main_007683,0,unknown,1.051478688542485e-12,0,test
main_007684,0,unknown,7.900029917957177e-09,0,test
main_007685,0,unknown,1.286803872902422e-12,0,test
main_007686,0,unknown,5.805006119679918e-09,0,test
main_007687,0,unknown,3.2358763238110545e-13,0,test
main_007688,0,unknown,9.543393995135474e-15,0,test
main_007689,0,unknown,8.852054123059643e-08,0,test
main_007690,1,unknown,0.9999994408026275,1,test
main_007691,1,unknown,0.9971984804601437,1,test
main_007692,1,tpyc,0.9999999999610654,1,test
main_007693,0,unknown,2.54824495549652e-10,0,test
main_007694,0,unknown,6.896106124371628e-09,0,test
main_007695,0,unknown,1.289600687155427e-10,0,test
main_007696,0,unknown,6.188330178941861e-09,0,test
main_007697,0,unknown,4.5877221600799585e-08,0,test
main_007698,0,unknown,1.7343069189630094e-08,0,test
main_007699,0,unknown,9.72751949160378e-11,0,test
main_007700,0,unknown,4.231973578303585e-07,0,test
main_007701,0,unknown,5.068800910572374e-07,0,test
main_007702,0,unknown,4.6954245134059524e-07,0,test
main_007703,0,unknown,1.8470924960779965e-07,0,test
main_007704,0,unknown,1.1002855683178544e-07,0,test
main_007705,1,wacatac,0.999999749914915,1,test
main_007706,0,unknown,3.357642802974971e-13,0,test
main_007707,0,unknown,1.9986355844316252e-10,0,test
main_007708,0,unknown,1.3961394112686624e-11,0,test
main_007709,0,unknown,2.0494731724506046e-13,0,test
main_007710,0,unknown,1.428650379862749e-07,0,test
main_007711,0,unknown,2.268854759207482e-09,0,test
main_007712,0,unknown,8.605391655494567e-09,0,test
main_007713,1,stubo,0.9999999999999896,1,test
main_007714,1,wacatac,0.9999999999972082,1,test
main_007715,1,unknown,0.9999997128481629,1,test
main_007716,0,unknown,1.0169504144001728e-06,0,test
main_007717,1,bobik,0.9999998733348966,1,test
main_007718,1,unknown,0.999998093974419,1,test
main_007719,1,trollav,0.9999999999999711,1,test
main_007720,1,nuitka,0.9999999990320445,1,test
main_007721,1,unknown,0.9999999973460871,1,test
main_007722,1,expiro,0.9999999999999802,1,test
main_007723,1,fakems,0.9999999598737596,1,test
main_007724,0,unknown,1.3297094819941868e-05,0,test
main_007725,1,shlem,0.9999999996851676,1,test
main_007726,1,mabezat,0.999999891583095,1,test
main_007727,0,unknown,7.928354372134282e-08,0,test
main_007728,0,unknown,3.810594689782319e-12,0,test
main_007729,1,alkhaser,0.9997758848796345,1,test
main_007730,1,bedep,0.9999999998980087,1,test
main_007731,0,unknown,3.044169527478773e-13,0,test
main_007732,0,unknown,7.294148114225061e-13,0,test
main_007733,1,stubo,0.9999999999916289,1,test
main_007734,1,unknown,0.9996067283098798,1,test
main_007735,1,unknown,0.9999999984278467,1,test
main_007736,0,unknown,1.0232137826706407e-13,0,test
main_007737,0,unknown,1.8232389757576226e-07,0,test
main_007738,0,unknown,0.00028095095983904334,0,test
main_007739,0,unknown,3.6014622615173886e-09,0,test
main_007740,0,unknown,3.9894543192061e-09,0,test
main_007741,0,unknown,1.5327085968043726e-08,0,test
main_007742,0,unknown,1.1402892409923451e-10,0,test
main_007743,0,unknown,3.3257426321506836e-13,0,test
main_007744,1,sinowal,0.9999956907748225,1,test
main_007745,0,unknown,7.533414056998161e-07,0,test
main_007746,0,unknown,0.05070633631871768,1,test
main_007747,0,unknown,5.672704915589568e-10,0,test
main_007748,0,unknown,2.4258701475218116e-07,0,test
main_007749,1,wacatac,0.9999999960084527,1,test
main_007750,1,disin,0.9999999999968714,1,test
main_007751,0,unknown,1.6645331108856537e-07,0,test
main_007752,0,unknown,6.798353843679339e-07,0,test
main_007753,0,unknown,1.6663904670153477e-06,0,test
main_007754,0,unknown,0.0013585100760924818,0,test
main_007755,1,qqrob,0.999999997021102,1,test
main_007756,1,dridex,0.9999996000934368,1,test
main_007757,1,opener,0.9991307018561506,1,test
main_007758,0,unknown,0.00021586783888543945,0,test
main_007759,1,sivis,0.9999998462730514,1,test
main_007760,0,unknown,3.475153589484174e-12,0,test
main_007761,0,unknown,1.9838291204254654e-12,0,test
main_007762,0,unknown,1.1712655038390737e-16,0,test
main_007763,0,unknown,5.771623817173349e-13,0,test
main_007764,1,bedep,0.9999999995046989,1,test
main_007765,0,unknown,5.208765332730571e-10,0,test
main_007766,0,unknown,2.8618474011564492e-08,0,test
main_007767,0,unknown,1.4080684523661668e-08,0,test
main_007768,0,unknown,5.714629175061554e-09,0,test
main_007769,0,unknown,1.3409267613800225e-09,0,test
main_007770,0,unknown,3.1226283810846707e-10,0,test
main_007771,0,unknown,5.486929814049864e-11,0,test
main_007772,0,unknown,1.386636498640141e-11,0,test
main_007773,1,metasploit,0.9999999946042877,1,test
main_007774,1,cobaltstrike,0.9944788436498236,1,test
main_007775,1,unknown,0.9999938676558748,1,test
main_007776,1,doenerium,0.996716755051317,1,test
main_007777,0,unknown,2.710624359401713e-07,0,test
main_007778,1,unknown,0.9999999826352678,1,test
main_007779,1,disin,0.9999999999848717,1,test
main_007780,1,ekstak,0.9999086037688323,1,test
main_007781,0,unknown,3.6707572208123446e-09,0,test
main_007782,1,bedep,0.999942635859659,1,test
main_007783,0,unknown,2.9106804232870372e-08,0,test
main_007784,0,unknown,3.846880566919751e-10,0,test
main_007785,1,mimikatz,0.99999983295067,1,test
main_007786,0,unknown,1.9214402425938932e-11,0,test
main_007787,1,unknown,0.9999999999157063,1,test
main_007788,0,unknown,6.398716678540941e-13,0,test
main_007789,0,unknown,5.557820194662183e-09,0,test
main_007790,0,unknown,0.23645958874502748,1,test
main_007791,0,unknown,4.983978939839877e-11,0,test
main_007792,0,unknown,3.073585966371688e-12,0,test
main_007793,0,unknown,1.751645913074126e-11,0,test
main_007794,0,unknown,6.903295081185315e-12,0,test
main_007795,0,unknown,9.510379143609076e-14,0,test
main_007796,0,unknown,6.326096764874666e-12,0,test
main_007797,0,unknown,3.937079692568985e-08,0,test
main_007798,0,unknown,5.955963704685412e-11,0,test
main_007799,0,unknown,6.164362013667905e-08,0,test
main_007800,0,unknown,2.0265368579513487e-08,0,test
main_007801,0,unknown,5.8149795187737646e-05,0,test
main_007802,1,reverseturtle,0.9774480113299916,1,test
main_007803,1,wacatac,0.9999999234611775,1,test
main_007804,0,unknown,1.5494644922516744e-09,0,test
main_007805,1,grandoreiro,0.9989903707320641,1,test
main_007806,0,unknown,2.673696296360962e-12,0,test
main_007807,0,unknown,3.4029704014706564e-09,0,test
main_007808,0,unknown,2.7976480100931354e-11,0,test
main_007809,0,unknown,2.516281924278087e-09,0,test
main_007810,1,meshagent,0.999990974552513,1,test
main_007811,1,unknown,0.999999932116999,1,test
main_007812,1,darktortilla,0.9999941999445379,1,test
main_007813,0,unknown,1.7279111624567009e-09,0,test
main_007814,0,unknown,0.04361212078633968,1,test
main_007815,0,unknown,1.0446777899181414e-07,0,test
main_007816,0,unknown,1.3154220799550175e-17,0,test
main_007817,0,unknown,9.329031761106453e-08,0,test
main_007818,0,unknown,5.083580155340187e-08,0,test
main_007819,1,qqrob,0.9999999999996696,1,test
main_007820,0,unknown,3.111365612297461e-08,0,test
main_007821,0,unknown,9.535535503688929e-08,0,test
main_007822,0,unknown,2.3910780049649697e-08,0,test
main_007823,0,unknown,3.440616610451635e-07,0,test
main_007824,0,unknown,1.3682185500896327e-08,0,test
main_007825,0,unknown,4.508845094633831e-08,0,test
main_007826,0,unknown,1.2212789086139545e-09,0,test
main_007827,0,unknown,1.0433087181193159e-10,0,test
main_007828,0,unknown,3.777195605626055e-10,0,test
main_007829,1,cobaltstrike,0.9999959005102972,1,test
main_007830,1,doina,0.9999999999399853,1,test
main_007831,0,unknown,6.015668916603794e-08,0,test
main_007832,1,bedep,0.9999991691749305,1,test
main_007833,0,unknown,5.685339485829173e-06,0,test
main_007834,0,unknown,2.7429224952622445e-05,0,test
main_007835,0,unknown,1.1131056735601951e-06,0,test
main_007836,0,unknown,5.647200040385635e-09,0,test
main_007837,0,unknown,3.677134921173482e-07,0,test
main_007838,0,unknown,3.2315919304899045e-08,0,test
main_007839,1,metasploit,0.9999999996976332,1,test
main_007840,1,blankgrabber,0.9999999999997764,1,test
main_007841,1,unknown,0.9999080364221383,1,test
main_007842,1,redline,0.9997798293582768,1,test
main_007843,0,unknown,1.8606706548926007e-11,0,test
main_007844,0,unknown,2.3424816164639368e-07,0,test
main_007845,0,unknown,8.97075190191873e-06,0,test
main_007846,1,blankgrabber,0.9999999999995979,1,test
main_007847,1,khalesi,0.9999497485967044,1,test
main_007848,1,khalesi,0.9999999761370783,1,test
main_007849,0,unknown,0.0003323835085613086,0,test
main_007850,0,unknown,1.7466625458020568e-12,0,test
main_007851,0,unknown,2.3216918594473036e-06,0,test
main_007852,1,trollav,0.9999999999999776,1,test
main_007853,0,unknown,2.1550507967655027e-10,0,test
main_007854,0,unknown,1.036029652354563e-12,0,test
main_007855,0,unknown,8.634923472368483e-14,0,test
main_007856,0,unknown,1.834130863218605e-13,0,test
main_007857,0,unknown,1.8171754650310094e-15,0,test
main_007858,0,unknown,1.8562905076557755e-15,0,test
main_007859,0,unknown,3.842263219440892e-12,0,test
main_007860,0,unknown,3.279755801981147e-10,0,test
main_007861,0,unknown,3.5433457606174377e-12,0,test
main_007862,0,unknown,3.712523460928333e-11,0,test
main_007863,0,unknown,4.4647630105122324e-13,0,test
main_007864,0,unknown,3.175831211175124e-11,0,test
main_007865,0,unknown,2.719572678937895e-09,0,test
main_007866,0,unknown,1.0188911997463084e-09,0,test
main_007867,0,unknown,3.2180256488777265e-10,0,test
main_007868,0,unknown,2.3839851151786983e-11,0,test
main_007869,0,unknown,1.1420639714508113e-12,0,test
main_007870,0,unknown,2.1347044389506627e-09,0,test
main_007871,0,unknown,7.800391225756786e-07,0,test
main_007872,0,unknown,9.15937272128808e-13,0,test
main_007873,1,unknown,0.9994421751159477,1,test
main_007874,1,wacatac,0.9999999999808526,1,test
main_007875,0,unknown,3.0511485109700932e-18,0,test
main_007876,1,scarletflash,0.9999999898048239,1,test
main_007877,0,unknown,5.170938105863754e-12,0,test
main_007878,0,unknown,1.169644171816564e-06,0,test
main_007879,0,unknown,1.8084350724897323e-12,0,test
main_007880,1,cerbu,0.9999997584237834,1,test
main_007881,0,unknown,2.2755216651773075e-06,0,test
main_007882,0,unknown,4.316253095515921e-12,0,test
main_007883,0,unknown,1.7044918528143748e-13,0,test
main_007884,0,unknown,5.9680412367721566e-12,0,test
main_007885,0,unknown,4.155321174899961e-08,0,test
main_007886,0,unknown,1.2163810681300434e-12,0,test
main_007887,0,unknown,3.546095288453727e-07,0,test
main_007888,0,unknown,6.955676798524296e-07,0,test
main_007889,0,unknown,2.741750796519181e-07,0,test
main_007890,0,unknown,9.92938150000642e-09,0,test
main_007891,0,unknown,2.1444000192990715e-11,0,test
main_007892,1,unknown,0.9999999999999147,1,test
main_007893,0,unknown,2.3564561884944466e-09,0,test
main_007894,1,bedep,0.9999999999948939,1,test
main_007895,0,unknown,7.383037432339485e-13,0,test
main_007896,0,unknown,0.004605749428575945,0,test
main_007897,0,unknown,2.9447816690257003e-06,0,test
main_007898,0,unknown,7.980470300530761e-08,0,test
main_007899,0,unknown,3.5806651337078454e-11,0,test
main_007900,0,unknown,2.6819350429815172e-08,0,test
main_007901,0,unknown,1.0450636013494896e-06,0,test
main_007902,0,unknown,5.748287112100079e-13,0,test
main_007903,0,unknown,9.205946302103413e-13,0,test
main_007904,0,unknown,4.588522062599072e-12,0,test
main_007905,1,scarletflash,0.9999999999989622,1,test
main_007906,0,unknown,2.6953790874743713e-10,0,test
main_007907,1,wacatac,0.9999999999999896,1,test
main_007908,0,unknown,7.042745644548258e-12,0,test
main_007909,0,unknown,4.150972830400062e-12,0,test
main_007910,1,disin,0.9999999989325743,1,test
main_007911,0,unknown,2.3119760719256307e-07,0,test
main_007912,0,unknown,1.0253408863133085e-05,0,test
main_007913,0,unknown,2.5604295189747738e-05,0,test
main_007914,0,unknown,1.601999372651157e-11,0,test
main_007915,0,unknown,3.1129691560120703e-10,0,test
main_007916,0,unknown,8.225184866913236e-11,0,test
main_007917,0,unknown,2.199062312692729e-12,0,test
main_007918,0,unknown,1.3946494298879179e-07,0,test
main_007919,0,unknown,2.1850106038719235e-12,0,test
main_007920,0,unknown,7.775533351470896e-12,0,test
main_007921,0,unknown,4.706074596859032e-07,0,test
main_007922,0,unknown,4.64815821495683e-13,0,test
main_007923,1,ekstak,0.9999269661254547,1,test
main_007924,0,unknown,1.1274360951111188e-09,0,test
main_007925,1,doina,0.9999999999939178,1,test
main_007926,0,unknown,1.2342219850012686e-06,0,test
main_007927,0,unknown,1.91243314202764e-12,0,test
main_007928,0,unknown,1.4900878308371128e-09,0,test
main_007929,0,unknown,2.1948706901095563e-07,0,test
main_007930,1,imps,0.9999999999971112,1,test
main_007931,1,taskun,0.9999943866847139,1,test
main_007932,1,wacatac,0.9999999999972589,1,test
main_007933,1,grandoreiro,0.9999999998798701,1,test
main_007934,0,unknown,4.540520423981493e-13,0,test
main_007935,0,unknown,2.339247570847148e-13,0,test
main_007936,0,unknown,4.619827034559947e-05,0,test
main_007937,0,unknown,6.888808658758526e-12,0,test
main_007938,0,unknown,1.770357339041542e-10,0,test
main_007939,0,unknown,1.087243681204271e-10,0,test
main_007940,0,unknown,4.736345309495952e-12,0,test
main_007941,0,unknown,4.0078747070280684e-12,0,test
main_007942,0,unknown,1.8679141915783333e-10,0,test
main_007943,0,unknown,2.8246268026108345e-09,0,test
main_007944,0,unknown,1.2439111812821766e-12,0,test
main_007945,0,unknown,2.0382354378676792e-13,0,test
main_007946,1,unknown,0.9999999985404902,1,test
main_007947,0,unknown,5.639145153251621e-09,0,test
main_007948,0,unknown,2.4254703222611815e-12,0,test
main_007949,1,marte,0.9999999997664784,1,test
main_007950,0,unknown,7.626939454160572e-09,0,test
main_007951,0,unknown,0.00012733122396192632,0,test
main_007952,1,unknown,0.9843615265372735,1,test
main_007953,0,unknown,2.0491735800655698e-11,0,test
main_007954,0,unknown,7.218156836092121e-13,0,test
main_007955,0,unknown,6.109681065412015e-10,0,test
main_007956,0,unknown,3.9553481428066786e-13,0,test
main_007957,0,unknown,5.679595333218294e-07,0,test
main_007958,0,unknown,4.67210521223153e-07,0,test
main_007959,0,unknown,2.0652750803596932e-08,0,test
main_007960,1,expiro,0.9999992266664915,1,test
main_007961,0,unknown,1.0912264584927385e-07,0,test
main_007962,1,unknown,0.998440856471484,1,test
main_007963,0,unknown,7.838496028401194e-10,0,test
main_007964,1,gator,0.9999998842873342,1,test
main_007965,1,xmrig,1.0,1,test
main_007966,0,unknown,8.982148388319902e-10,0,test
main_007967,1,banload,0.9999999999999747,1,test
main_007968,0,unknown,6.143640053003468e-10,0,test
main_007969,0,unknown,4.6936666347997174e-11,0,test
main_007970,0,unknown,2.548021528978759e-09,0,test
main_007971,0,unknown,5.4635840015442065e-14,0,test
main_007972,1,disco,0.9999999999992251,1,test
main_007973,0,unknown,4.3426392300076883e-13,0,test
main_007974,0,unknown,2.3051873653255903e-12,0,test
main_007975,0,unknown,1.135806136986415e-06,0,test
main_007976,0,unknown,1.6000402854279507e-11,0,test
main_007977,0,unknown,1.0563163836097393e-12,0,test
main_007978,0,unknown,1.6699648771208273e-13,0,test
main_007979,0,unknown,6.810000675480996e-12,0,test
main_007980,0,unknown,2.9165593589027897e-12,0,test
main_007981,0,unknown,1.4478604136072974e-06,0,test
main_007982,0,unknown,6.253843654536471e-09,0,test
main_007983,0,unknown,3.811492245746936e-09,0,test
main_007984,0,unknown,2.8986106794666496e-12,0,test
main_007985,1,unknown,0.9999997254694412,1,test
main_007986,1,wacatac,0.9999796423602035,1,test
main_007987,1,mikey,0.9999999999997895,1,test
main_007988,1,berbew,0.9999999999995459,1,test
main_007989,1,cuegoe,0.9999999786142515,1,test
main_007990,1,heracles,0.9999080854087511,1,test
main_007991,1,berbew,0.9999999956551568,1,test
main_007992,0,unknown,9.557713861076626e-09,0,test
main_007993,0,unknown,9.409739386132702e-09,0,test
main_007994,0,unknown,1.296772468193184e-10,0,test
main_007995,0,unknown,1.2764965487032617e-13,0,test
main_007996,0,unknown,7.317956177595997e-07,0,test
main_007997,1,dorifel,0.999999913495237,1,test
main_007998,1,dorifel,0.9999999661880146,1,test
main_007999,0,unknown,0.03753480047654695,1,test
main_008000,0,unknown,1.2896572584188102e-12,0,test
main_008001,0,unknown,6.7655181802719e-08,0,test
main_008002,0,unknown,6.423884147115526e-08,0,test
main_008003,0,unknown,2.427042081170288e-07,0,test
main_008004,0,unknown,6.927199548651038e-07,0,test
main_008005,0,unknown,3.494530686268895e-08,0,test
main_008006,0,unknown,1.554157385021103e-08,0,test
main_008007,0,unknown,1.2317735873528238e-05,0,test
main_008008,0,unknown,1.3351791586102763e-07,0,test
main_008009,0,unknown,4.362092394826974e-08,0,test
main_008010,0,unknown,8.178345506186042e-11,0,test
main_008011,0,unknown,1.8386037422175403e-13,0,test
main_008012,1,smokeloader,0.9990607472146434,1,test
main_008013,0,unknown,5.329095035047792e-07,0,test
main_008014,1,shelm,0.9999999999681728,1,test
main_008015,0,unknown,4.148610342421823e-10,0,test
main_008016,0,unknown,6.71377009804802e-06,0,test
main_008017,1,wacatac,0.9999999999597113,1,test
main_008018,0,unknown,2.8464008949256677e-06,0,test
main_008019,0,unknown,1.6516944378565364e-07,0,test
main_008020,0,unknown,5.896020335325051e-12,0,test
main_008021,0,unknown,6.864194147531571e-06,0,test
main_008022,0,unknown,6.142095402251401e-11,0,test
main_008023,0,unknown,1.5111998135437684e-09,0,test
main_008024,0,unknown,6.973961063542786e-11,0,test
main_008025,0,unknown,1.364686331094582e-05,0,test
main_008026,0,unknown,2.815833924689143e-08,0,test
main_008027,0,unknown,5.983598457899848e-07,0,test
main_008028,0,unknown,2.361748638323962e-10,0,test
main_008029,0,unknown,4.443905251359801e-06,0,test
main_008030,0,unknown,3.5445862324062576e-05,0,test
main_008031,0,unknown,3.4132260438846174e-11,0,test
main_008032,0,unknown,1.0397759938364335e-13,0,test
main_008033,0,unknown,2.5606289990540647e-11,0,test
main_008034,0,unknown,3.3657024102674026e-13,0,test
main_008035,0,unknown,1.9224590609737553e-10,0,test
main_008036,0,unknown,0.00017283861405474206,0,test
main_008037,0,unknown,6.12823676711549e-08,0,test
main_008038,0,unknown,1.135405137122517e-07,0,test
main_008039,1,disco,0.999999705633501,1,test
main_008040,1,wacatac,0.9999999993264872,1,test
main_008041,0,unknown,5.954919641878685e-07,0,test
main_008042,0,unknown,3.143211989437804e-08,0,test
main_008043,0,unknown,4.8346041524440974e-14,0,test
main_008044,0,unknown,2.1398471555715673e-05,0,test
main_008045,0,unknown,4.24523210463633e-08,0,test
main_008046,0,unknown,2.3098209379934788e-12,0,test
main_008047,0,unknown,4.975862643417403e-11,0,test
main_008048,0,unknown,3.8638809544439755e-10,0,test
main_008049,1,wacatac,0.9999999999695892,1,test
main_008050,0,unknown,7.221053370763152e-08,0,test
main_008051,0,unknown,4.4734624059790637e-10,0,test
main_008052,0,unknown,4.5065672838184956e-08,0,test
main_008053,1,disco,0.9999999562408043,1,test
main_008054,0,unknown,1.9566669792736347e-09,0,test
main_008055,1,cobaltstrike,0.9999995730428621,1,test
main_008056,1,redline,0.9988947742289565,1,test
main_008057,1,virlock,0.999999999999631,1,test
main_008058,1,banload,0.9999999999999929,1,test
main_008059,1,trollav,0.9999999999999174,1,test
main_008060,1,grandoreiro,0.9999999999886962,1,test
main_008061,1,berbew,0.999999999999994,1,test
main_008062,0,unknown,6.416982621550047e-08,0,test
main_008063,0,unknown,1.1655541948696546e-13,0,test
main_008064,0,unknown,2.4650896103841637e-13,0,test
main_008065,1,unknown,0.981430505121169,1,test
main_008066,0,unknown,3.266774991876446e-11,0,test
main_008067,1,sfone,0.9999999999997324,1,test
main_008068,0,unknown,2.2988513807835883e-12,0,test
main_008069,0,unknown,1.5898736414213469e-07,0,test
main_008070,0,unknown,1.855344831784634e-07,0,test
main_008071,0,unknown,3.714799400795793e-06,0,test
main_008072,0,unknown,1.9508497982243523e-09,0,test
main_008073,1,grandoreiro,0.9999999999945386,1,test
main_008074,0,unknown,4.571516839282769e-07,0,test
main_008075,0,unknown,1.0073216626996923e-08,0,test
main_008076,0,unknown,2.4023388334931445e-05,0,test
main_008077,1,glupteba,0.999999992183722,1,test
main_008078,0,unknown,1.0883840922492053e-11,0,test
main_008079,1,xmrig,1.0,1,test
main_008080,1,grandoreiro,0.9999999997286315,1,test
main_008081,0,unknown,1.3128198759335694e-12,0,test
main_008082,0,unknown,1.1555329008210691e-12,0,test
main_008083,0,unknown,5.271040843496394e-07,0,test
main_008084,0,unknown,1.5173237226604134e-11,0,test
main_008085,0,unknown,1.6047205264593912e-09,0,test
main_008086,0,unknown,2.8482433034752712e-08,0,test
main_008087,0,unknown,2.757996772756861e-07,0,test
main_008088,0,unknown,2.739425906455672e-07,0,test
main_008089,1,berbew,0.9999999999988223,1,test
main_008090,1,flystudio,0.9988834422695821,1,test
main_008091,1,grandoreiro,0.9999995080257582,1,test
main_008092,0,unknown,1.6284901016786156e-08,0,test
main_008093,1,convagent,0.9999994957498477,1,test
main_008094,1,berbew,0.9999999999999938,1,test
main_008095,0,unknown,1.4752567495709584e-05,0,test
main_008096,1,berbew,0.9999999999999996,1,test
main_008097,1,unknown,0.9999266237923475,1,test
main_008098,1,unknown,0.9597951768655478,1,test
main_008099,1,unknown,0.999999999996297,1,test
main_008100,1,aenjaris,0.999999954408974,1,test
main_008101,1,wacatac,0.999999999999116,1,test
main_008102,1,berbew,0.9999999999999833,1,test
main_008103,0,unknown,1.2510484738856078e-07,0,test
main_008104,0,unknown,1.0885039094492857e-11,0,test
main_008105,0,unknown,8.132642695839121e-05,0,test
main_008106,1,xmrig,0.9994461640770299,1,test
main_008107,1,injurer,0.9996432562221518,1,test
main_008108,1,wabot,0.9999999257836865,1,test
main_008109,0,unknown,1.2622997518556888e-10,0,test
main_008110,1,flystudio,0.9998305299285192,1,test
main_008111,1,unknown,0.9999299456592439,1,test
main_008112,0,unknown,5.992018537482873e-11,0,test
main_008113,1,unknown,0.999999926335951,1,test
main_008114,1,dorifel,0.9999107609828001,1,test
main_008115,1,unknown,0.99999649551961,1,test
main_008116,1,unknown,0.9989437496109925,1,test
main_008117,0,unknown,3.7101462118781416e-09,0,test
main_008118,0,unknown,1.314087730389029e-12,0,test
main_008119,0,unknown,2.718827015418474e-11,0,test
main_008120,0,unknown,7.47579929424591e-09,0,test
main_008121,0,unknown,1.3874354426391934e-11,0,test
main_008122,0,unknown,2.5924328337482035e-11,0,test
main_008123,0,unknown,1.575512607441475e-09,0,test
main_008124,0,unknown,1.1183118519354646e-10,0,test
main_008125,0,unknown,8.523522909585603e-10,0,test
main_008126,0,unknown,4.055652710333231e-12,0,test
main_008127,0,unknown,1.1944613324242543e-11,0,test
main_008128,0,unknown,5.23930418698378e-11,0,test
main_008129,0,unknown,2.280537002614556e-11,0,test
main_008130,0,unknown,4.191480393152502e-10,0,test
main_008131,0,unknown,7.98368191207997e-12,0,test
main_008132,0,unknown,4.103678920747042e-10,0,test
main_008133,0,unknown,1.572576778021578e-06,0,test
main_008134,1,unknown,0.9999998010102632,1,test
main_008135,1,unknown,0.9999999998778248,1,test
main_008136,1,unknown,0.9999998101470581,1,test
main_008137,1,whiteice,0.9999444601049332,1,test
main_008138,1,eggnog,0.9999999999823714,1,test
main_008139,1,unknown,0.9993399618492976,1,test
main_008140,0,unknown,1.2314329294923727e-07,0,test
main_008141,1,baidusearch,0.9992255308401238,1,test
main_008142,1,berbew,0.9999999999963003,1,test
main_008143,0,unknown,1.4957693137888588e-08,0,test
main_008144,1,bccrypt,0.999140791860486,1,test
main_008145,1,flystudio,0.9999999999933793,1,test
main_008146,1,wacatac,0.9999977772994321,1,test
main_008147,1,unknown,0.9999999589917171,1,test
main_008148,1,unknown,0.9998135915629959,1,test
main_008149,1,unknown,0.9999999995405182,1,test
main_008150,0,unknown,2.7877050027608647e-12,0,test
main_008151,1,unknown,0.9999999931091486,1,test
main_008152,1,unknown,0.9999997520372519,1,test
main_008153,1,unknown,0.9999999999998093,1,test
main_008154,1,unknown,0.99999999606405,1,test
main_008155,1,unknown,0.9999999989732347,1,test
main_008156,1,unknown,0.9990995800088626,1,test
main_008157,1,flystudio,0.9999987977768856,1,test
main_008158,1,unknown,0.9999640523359694,1,test
main_008159,1,pcclient,0.9978459186542197,1,test
main_008160,1,blackhole,0.9999999996623894,1,test
main_008161,1,unknown,0.9852624995076548,1,test
main_008162,1,bingoml,0.9999745563899486,1,test
main_008163,1,legmir,0.9999114822322944,1,test
main_008164,0,unknown,0.0014286127678425527,0,test
main_008165,0,unknown,4.117965476721516e-05,0,test
main_008166,1,bsymem,0.9999912969126125,1,test
main_008167,1,unknown,0.999916813747696,1,test
main_008168,1,unknown,0.9999916308698639,1,test
main_008169,1,grandoreiro,0.999999999999728,1,test
main_008170,1,cridex,0.9999988939530547,1,test
main_008171,1,unknown,0.999990774006089,1,test
main_008172,1,grandoreiro,0.9999999999927516,1,test
main_008173,1,palevo,0.9999999982829273,1,test
main_008174,1,zeus,0.999999999874877,1,test
main_008175,1,unknown,0.9991400032075411,1,test
main_008176,1,unknown,0.9990639440709354,1,test
main_008177,1,sality,0.9999492252055336,1,test
main_008178,1,schoolboy,0.9999737797760925,1,test
main_008179,1,banload,0.999999969911125,1,test
main_008180,1,scarletflash,0.9999941614947081,1,test
main_008181,1,pcclient,0.983970617118587,1,test
main_008182,1,pcclient,0.9996896075073204,1,test
main_008183,1,adduser,0.9999911452126584,1,test
main_008184,1,sogou,0.9999870476317261,1,test
main_008185,1,flystudio,0.9999997998505793,1,test
main_008186,1,scarletflash,0.9999999998311615,1,test
main_008187,1,puwaders,0.9998393266231874,1,test
main_008188,1,wacatac,0.9982963516935702,1,test
main_008189,1,unknown,0.9991122353382356,1,test
main_008190,1,unknown,0.9999310610555653,1,test
main_008191,1,unknown,0.9998126427514142,1,test
main_008192,1,emotet,0.9999999984489925,1,test
main_008193,1,unknown,0.9994521270259719,1,test
main_008194,0,unknown,1.9702049497157673e-05,0,test
main_008195,1,unknown,0.9999799619105045,1,test
main_008196,1,unknown,0.9999981357400454,1,test
main_008197,1,texel,0.9999999913118564,1,test
main_008198,0,unknown,6.728687341439252e-05,0,test
main_008199,1,flystudio,0.9999734037790352,1,test
main_008200,1,almanahe,0.9999931173955452,1,test
main_008201,1,unknown,0.9996400223257369,1,test
main_008202,1,flystudio,0.9999999972874556,1,test
main_008203,1,hupigon,0.9999787885427391,1,test
main_008204,1,flystudio,0.9999974314465795,1,test
main_008205,1,unknown,0.9995125104964124,1,test
main_008206,1,unknown,0.9999872368759074,1,test
main_008207,0,unknown,0.008978454959098338,0,test
main_008208,1,vindor,0.9999928909789416,1,test
main_008209,1,unknown,0.9956050610770398,1,test
main_008210,1,unknown,0.999999989112803,1,test
main_008211,1,unknown,0.9999999788226515,1,test
main_008212,1,xmrig,0.9999999999999996,1,test
main_008213,0,unknown,1.987949513654624e-11,0,test
main_008214,1,unknown,0.999983665779906,1,test
main_008215,1,unknown,0.9999996358843746,1,test
main_008216,1,unknown,0.9997535698188034,1,test
main_008217,0,unknown,0.0034245465888458914,0,test
main_008218,1,unknown,0.9999996472924845,1,test
main_008219,1,flystudio,0.9999999967697941,1,test
main_008220,1,unknown,0.9999857717695673,1,test
main_008221,1,scarletflash,0.9999999999991342,1,test
main_008222,1,wacatac,0.9999999988254207,1,test
main_008223,1,unknown,0.9999816535164805,1,test
main_008224,1,unknown,0.9997517374562253,1,test
main_008225,1,flystudio,0.9999849190726073,1,test
main_008226,1,jakuz,0.9999997341463406,1,test
main_008227,1,unknown,0.9999915691410737,1,test
main_008228,1,zeus,0.9788839659434033,1,test
main_008229,1,virut,0.999997045616626,1,test
main_008230,1,wacatac,0.999995372642655,1,test
main_008231,1,unknown,0.9999919933422464,1,test
main_008232,1,unknown,0.9999999964031614,1,test
main_008233,1,sality,0.9983266032012494,1,test
main_008234,1,unknown,0.9999886107784455,1,test
main_008235,0,unknown,0.03178791428102122,1,test
main_008236,1,almanahe,0.9999999714328774,1,test
main_008237,1,unknown,0.999999997342127,1,test
main_008238,1,unknown,0.9999994642292436,1,test
main_008239,1,convagent,0.9994349796202582,1,test
main_008240,1,upatre,0.9999999768534519,1,test
main_008241,1,grandoreiro,0.9999999999995959,1,test
main_008242,1,presenoker,0.9997484539181685,1,test
main_008243,0,unknown,2.783327911588376e-05,0,test
main_008244,0,unknown,2.8168855229450754e-11,0,test
main_008245,1,soltern,0.9999999999903413,1,test
main_008246,1,unknown,0.9999966473892409,1,test
main_008247,1,virtumonde,0.9999751943083521,1,test
main_008248,1,unknown,0.9999911609274108,1,test
main_008249,1,flystudio,0.9999997684130003,1,test
main_008250,1,virut,0.9939884860959068,1,test
main_008251,1,allaple,0.9999984753837093,1,test
main_008252,1,cinmus,0.9999999857830499,1,test
main_008253,1,unknown,0.9999939768309623,1,test
main_008254,1,vanbot,0.998978454577225,1,test
main_008255,1,wronginf,0.9999975363150357,1,test
main_008256,1,wronginf,0.9999982116792536,1,test
main_008257,1,flystudio,0.999993588779928,1,test
main_008258,1,winvnc,0.9995382478635775,1,test
main_008259,0,unknown,3.792319819847118e-08,0,test
main_008260,0,unknown,2.393785796723476e-07,0,test
main_008261,0,unknown,4.1215903950974453e-13,0,test
main_008262,0,unknown,1.4727373874856132e-08,0,test
main_008263,0,unknown,6.311275855765249e-10,0,test
main_008264,0,unknown,5.182233853358129e-08,0,test
main_008265,0,unknown,5.428115840125508e-12,0,test
main_008266,1,unknown,0.9999999755777796,1,test
main_008267,1,flystudio,0.9999999966437683,1,test
main_008268,1,qqrob,0.9998681204015467,1,test
main_008269,0,unknown,0.14056327924972725,1,test
main_008270,0,unknown,1.2007129571808976e-05,0,test
main_008271,1,unknown,0.9999665385708086,1,test
main_008272,0,unknown,3.171464464061424e-09,0,test
main_008273,0,unknown,1.5514435437862063e-09,0,test
main_008274,1,unknown,0.9998473452740056,1,test
main_008275,0,unknown,0.03630972014745691,1,test
main_008276,0,unknown,5.854579125289907e-10,0,test
main_008277,0,unknown,8.243918336399414e-13,0,test
main_008278,1,flystudio,0.9999997037146983,1,test
main_008279,1,unknown,0.9999933338384315,1,test
main_008280,1,hupigon3,0.9999838243498346,1,test
main_008281,1,flystudio,0.9999871847227987,1,test
main_008282,1,wacatac,0.9999999920517803,1,test
main_008283,1,unknown,0.9999507255858846,1,test
main_008284,1,unknown,0.9999996249867732,1,test
main_008285,0,unknown,6.512685946468292e-06,0,test
main_008286,1,wronginf,0.9999107763392919,1,test
main_008287,1,unknown,0.9999883024997608,1,test
main_008288,1,unknown,0.9998308522888505,1,test
main_008289,0,unknown,1.3910916453840315e-12,0,test
main_008290,1,unknown,0.9999152486945764,1,test
main_008291,1,unknown,0.999988232150971,1,test
main_008292,1,unknown,0.9996182328977468,1,test
main_008293,1,unknown,0.9992029367852728,1,test
main_008294,1,unknown,0.9994603974315189,1,test
main_008295,1,flystudio,0.9999985618346321,1,test
main_008296,1,unknown,0.9999999683990196,1,test
main_008297,1,mabezat,0.999939677713985,1,test
main_008298,1,unknown,0.9999732685382625,1,test
main_008299,0,unknown,0.00016778883359023375,0,test
main_008300,0,unknown,8.058434700838281e-10,0,test
main_008301,0,unknown,1.2543602136684714e-10,0,test
main_008302,1,mabezat,0.9999978843946464,1,test
main_008303,1,flystudio,0.999999898650053,1,test
main_008304,1,unknown,0.9999953166010781,1,test
main_008305,1,unknown,0.9999159201784045,1,test
main_008306,1,babar,0.9999998297561076,1,test
main_008307,0,unknown,1.0285704967598617e-06,0,test
main_008308,1,unknown,0.9999681670606315,1,test
main_008309,1,procpatcher,0.9999996144120381,1,test
main_008310,1,netloader,0.9999497603073384,1,test
main_008311,1,flystudio,0.9999966470056969,1,test
main_008312,0,unknown,3.950269131398282e-09,0,test
main_008313,1,unknown,0.9999828583007703,1,test
main_008314,1,unknown,0.999998194543097,1,test
main_008315,1,wacatac,0.9999999999329625,1,test
main_008316,1,scarletflash,0.9999999999821123,1,test
main_008317,1,flystudio,0.9998674399029996,1,test
main_008318,1,ipamor,0.9991607730751569,1,test
main_008319,0,unknown,8.894482541630332e-06,0,test
main_008320,1,flystudio,0.9990382118204185,1,test
main_008321,1,unknown,0.9999999992233441,1,test
main_008322,1,wronginf,0.996516708027167,1,test
main_008323,0,unknown,4.125230665301272e-10,0,test
main_008324,1,unknown,0.9960120047129875,1,test
main_008325,1,unknown,0.9999999980782199,1,test
main_008326,1,black,0.9999999986710142,1,test
main_008327,1,qqrob,0.9999999713384006,1,test
main_008328,1,virut,0.9998100050165506,1,test
main_008329,1,unknown,0.9999969313166307,1,test
main_008330,0,unknown,6.986942081604935e-12,0,test
main_008331,1,sality,0.9999999998012978,1,test
main_008332,1,unknown,0.9998990186102765,1,test
main_008333,1,wacatac,0.9999731351600213,1,test
main_008334,1,unknown,0.9999873202263718,1,test
main_008335,1,banload,0.9999999609015087,1,test
main_008336,1,unknown,0.9999388890011657,1,test
main_008337,0,unknown,8.045684187912567e-13,0,test
main_008338,1,winvnc,0.9999017953138751,1,test
main_008339,0,unknown,7.592033975862732e-12,0,test
main_008340,1,wacatac,0.9999998401593746,1,test
main_008341,1,unknown,0.9999967792949888,1,test
main_008342,1,wacatac,0.9999989583838818,1,test
main_008343,1,unknown,0.9999982837138506,1,test
main_008344,1,unknown,0.9999999732966334,1,test
main_008345,1,wacatac,0.9606693691415382,1,test
main_008346,1,pcclient,0.9963183921869692,1,test
main_008347,1,klone,0.9999845622640142,1,test
main_008348,1,luna,0.9999999999928317,1,test
main_008349,0,unknown,2.117506103775052e-13,0,test
main_008350,0,unknown,0.0015232085033897898,0,test
main_008351,0,unknown,1.6820409253804865e-05,0,test
main_008352,0,unknown,1.088848879345272e-05,0,test
main_008353,0,unknown,2.1872086041599006e-06,0,test
main_008354,0,unknown,1.4669429659919036e-13,0,test
main_008355,0,unknown,2.198620539857387e-10,0,test
main_008356,0,unknown,6.3271115422251386e-12,0,test
main_008357,1,unknown,0.9999988261765834,1,test
main_008358,0,unknown,2.8999803115590228e-12,0,test
main_008359,0,unknown,3.349104292839603e-05,0,test
main_008360,0,unknown,9.11425315700858e-08,0,test
main_008361,0,unknown,0.2859489122020013,1,test
main_008362,0,unknown,6.893251015785918e-12,0,test
main_008363,1,satana,0.9999793080524177,1,test
main_008364,1,expiro,0.9997014854639332,1,test
main_008365,1,expiro,0.9999988594442136,1,test
main_008366,1,expiro,0.999999806416856,1,test
main_008367,1,expiro,0.999996216548398,1,test
main_008368,1,grandoreiro,0.9999999999952367,1,test
main_008369,1,fileless,0.9999783065919245,1,test
main_008370,1,disco,0.9999999999917537,1,test
main_008371,0,unknown,2.4866261126888516e-07,0,test
main_008372,0,unknown,9.192068286507269e-07,0,test
main_008373,0,unknown,2.6470075293712033e-05,0,test
main_008374,0,unknown,6.714587270756756e-11,0,test
main_008375,1,skillis,0.9999802826231694,1,test
main_008376,1,emdup,0.9999999188620593,1,test
main_008377,1,unknown,0.9978049385508188,1,test
main_008378,0,unknown,1.2278015741741358e-08,0,test
main_008379,1,unknown,0.9999999999997842,1,test
main_008380,0,unknown,0.0001776608400255441,0,test
main_008381,1,xmrig,1.0,1,test
main_008382,0,unknown,1.0290045454220595e-06,0,test
main_008383,1,berbew,0.99999999998468,1,test
main_008384,1,metasploit,0.999999999270075,1,test
main_008385,1,grandoreiro,0.999999999999138,1,test
main_008386,1,pemalform,0.9999989838422715,1,test
main_008387,1,grandoreiro,0.9999999999950326,1,test
main_008388,0,unknown,5.142341268762239e-09,0,test
main_008389,1,sality,0.9999999972147187,1,test
main_008390,1,unknown,0.9999999999990992,1,test
main_008391,1,wacatac,0.9999999787606788,1,test
main_008392,0,unknown,3.252672006722558e-10,0,test
main_008393,1,aconti,0.9998388278394514,1,test
main_008394,0,unknown,5.341955539410855e-12,0,test
main_008395,0,unknown,4.2947028068151454e-10,0,test
main_008396,0,unknown,1.3916189740803843e-13,0,test
main_008397,0,unknown,5.101799845125209e-07,0,test
main_008398,0,unknown,5.5047008205729115e-08,0,test
main_008399,1,satana,0.9999999973055138,1,test
main_008400,1,soltern,0.9999999997789586,1,test
main_008401,0,unknown,1.4743296153379913e-06,0,test
main_008402,1,banload,0.9999999999999993,1,test
main_008403,0,unknown,8.840818816195716e-09,0,test
main_008404,0,unknown,3.1573434422682424e-09,0,test
main_008405,1,banload,0.9999999999996421,1,test
main_008406,1,berbew,0.999999999187847,1,test
main_008407,0,unknown,0.00037484624252798556,0,test
main_008408,0,unknown,9.533431924658627e-10,0,test
main_008409,1,expiro,0.9999999999970763,1,test
main_008410,0,unknown,1.2060678244750482e-08,0,test
main_008411,0,unknown,4.290366809865478e-05,0,test
main_008412,1,redline,0.999999559678568,1,test
main_008413,0,unknown,1.228412465228908e-11,0,test
main_008414,0,unknown,1.1496428292035612e-07,0,test
main_008415,1,cobaltstrike,0.9999364572430515,1,test
main_008416,1,sfone,0.9999999999999574,1,test
main_008417,1,winvnc,0.9961102695379102,1,test
main_008418,0,unknown,2.3148031507303527e-07,0,test
main_008419,0,unknown,6.955367320399079e-09,0,test
main_008420,0,unknown,5.032019511900331e-07,0,test
main_008421,0,unknown,3.5519151821006966e-09,0,test
main_008422,0,unknown,1.8542997136761983e-09,0,test
main_008423,0,unknown,6.092993487113614e-07,0,test
main_008424,0,unknown,3.569243991462916e-08,0,test
main_008425,0,unknown,4.030467123548945e-11,0,test
main_008426,1,redline,0.9999784085113945,1,test
main_008427,1,unknown,0.9986322814618439,1,test
main_008428,0,unknown,9.98453916867234e-06,0,test
main_008429,1,grandoreiro,0.9999999924109563,1,test
main_008430,1,unknown,0.999999403529014,1,test
main_008431,1,grandoreiro,0.9999999999952847,1,test
main_008432,1,trollav,0.9999999999999731,1,test
main_008433,0,unknown,7.1322213071357e-08,0,test
main_008434,1,xmrig,1.0,1,test
main_008435,1,seraph,0.9999999268466548,1,test
main_008436,1,remsim,0.9999972695525452,1,test
main_008437,0,unknown,1.7900141075831258e-07,0,test
main_008438,1,strab,0.9995826074962918,1,test
main_008439,1,berbew,0.9999999987399122,1,test
main_008440,0,unknown,1.2687271305274288e-11,0,test
main_008441,0,unknown,9.498073265336042e-09,0,test
main_008442,1,barys,0.9999999185284947,1,test
main_008443,0,unknown,2.6117140385029344e-10,0,test
main_008444,0,unknown,6.822383955814869e-10,0,test
main_008445,1,bumblebee,0.9999994579896305,1,test
main_008446,0,unknown,6.715311467666164e-08,0,test
main_008447,0,unknown,4.012503440532187e-05,0,test
main_008448,0,unknown,3.922858434436552e-07,0,test
main_008449,1,trollav,0.9999999999999021,1,test
main_008450,0,unknown,8.317068373730537e-14,0,test
main_008451,0,unknown,2.7746022444441785e-10,0,test
main_008452,1,wacatac,0.9997342154731345,1,test
main_008453,1,unknown,0.9999608816094485,1,test
main_008454,1,trollav,0.9999999999999589,1,test
main_008455,0,unknown,0.0005761741015651244,0,test
main_008456,1,poker,0.9999999998949152,1,test
main_008457,0,unknown,1.7337508110799294e-14,0,test
main_008458,0,unknown,7.838950087367021e-10,0,test
main_008459,0,unknown,1.4045256883188482e-12,0,test
main_008460,0,unknown,3.260763444364556e-10,0,test
main_008461,0,unknown,2.8871715617244015e-07,0,test
main_008462,1,plugx,0.9997146790855734,1,test
main_008463,0,unknown,7.388867054045213e-11,0,test
main_008464,0,unknown,3.150729265445652e-05,0,test
main_008465,1,doenerium,0.9994581053477575,1,test
main_008466,0,unknown,3.989641792658531e-06,0,test
main_008467,1,nuitka,0.9999999337938289,1,test
main_008468,1,upatre,0.9999999997867968,1,test
main_008469,1,unknown,0.9999675164753798,1,test
main_008470,1,berbew,0.9999999999772407,1,test
main_008471,0,unknown,4.642955464631544e-07,0,test
main_008472,1,unknown,0.9997291004475587,1,test
main_008473,1,unknown,0.9999902121658736,1,test
main_008474,1,wacatac,0.9999864836878944,1,test
main_008475,0,unknown,7.241823690455445e-11,0,test
main_008476,0,unknown,4.678343964268043e-08,0,test
main_008477,0,unknown,9.759647916205051e-07,0,test
main_008478,1,goshell,0.9999993329254815,1,test
main_008479,1,sfone,0.9999999999998939,1,test
main_008480,1,pcclient,0.9999999999997278,1,test
main_008481,1,downloadsponsor,0.9999548882922109,1,test
main_008482,1,soltern,0.9999999999658249,1,test
main_008483,0,unknown,2.5430844706734524e-07,0,test
main_008484,1,berbew,0.9999999999981999,1,test
main_008485,1,realprotect,0.9999999997165181,1,test
main_008486,1,xmrig,0.9999999992729527,1,test
main_008487,1,lockergoga,0.9999999996242956,1,test
main_008488,0,unknown,3.980816995001964e-06,0,test
main_008489,0,unknown,0.0008623628863700796,0,test
main_008490,0,unknown,2.020540509764639e-06,0,test
main_008491,0,unknown,0.0004007254080032005,0,test
main_008492,1,scarletflash,0.9999999981414542,1,test
main_008493,0,unknown,0.00014600960875544097,0,test
main_008494,0,unknown,9.830147782865038e-08,0,test
main_008495,0,unknown,1.1020288241122183e-10,0,test
main_008496,0,unknown,4.987689871169137e-07,0,test
main_008497,1,cerbu,0.99999987664466,1,test
main_008498,0,unknown,7.996242831960936e-06,0,test
main_008499,0,unknown,5.864935569889105e-08,0,test
main_008500,1,unknown,0.9999846526509086,1,test
main_008501,1,wacatac,0.9999999973933347,1,test
main_008502,0,unknown,1.0284677096347635e-07,0,test
main_008503,0,unknown,4.644359191694347e-05,0,test
main_008504,0,unknown,1.6675611955723605e-05,0,test
main_008505,1,grandoreiro,0.9999999999998581,1,test
main_008506,1,gigex,0.9999999999987852,1,test
main_008507,1,wacatac,0.9999802966549742,1,test
main_008508,1,unknown,0.9999711814378889,1,test
main_008509,0,unknown,0.000270186247802865,0,test
main_008510,1,unknown,0.999999999999843,1,test
main_008511,0,unknown,1.4830732507265827e-06,0,test
main_008512,0,unknown,5.057473975600064e-12,0,test
main_008513,0,unknown,0.006300601548594593,0,test
main_008514,0,unknown,3.552050345831292e-07,0,test
main_008515,1,gator,0.999999957711702,1,test
main_008516,1,sfone,0.9999999999974432,1,test
main_008517,0,unknown,0.0012087524492601137,0,test
main_008518,0,unknown,0.019300634682768478,1,test
main_008519,0,unknown,5.459109027198314e-09,0,test
main_008520,1,berbew,0.999999999999978,1,test
main_008521,0,unknown,0.0010374804193778156,0,test
main_008522,0,unknown,3.908161739820859e-11,0,test
main_008523,1,unknown,0.9999999999719145,1,test
main_008524,1,fakechrome,0.9999856714098861,1,test
main_008525,1,birddog,0.9999999913709218,1,test
main_008526,0,unknown,1.8206455366767433e-06,0,test
main_008527,0,unknown,1.9545751050216242e-10,0,test
main_008528,0,unknown,1.0767322616112237e-11,0,test
main_008529,1,berbew,0.9999999999984517,1,test
main_008530,0,unknown,4.255593630871912e-10,0,test
main_008531,1,unknown,0.9999950134298871,1,test
main_008532,1,urelas,0.9994237979456161,1,test
main_008533,0,unknown,8.755161669952945e-11,0,test
main_008534,0,unknown,1.4968154629809994e-10,0,test
main_008535,0,unknown,1.0322732866505707e-10,0,test
main_008536,0,unknown,1.759934998435034e-15,0,test
main_008537,1,unknown,0.9992530254430259,1,test
main_008538,0,unknown,2.358056276234859e-16,0,test
main_008539,0,unknown,2.458329195229942e-16,0,test
main_008540,1,scarletflash,0.9999999999992788,1,test
main_008541,1,wacatac,0.9999999999992595,1,test
main_008542,1,unknown,0.9999852438079352,1,test
main_008543,1,puwaders,0.999999997763285,1,test
main_008544,1,wacatac,0.9991059272641923,1,test
main_008545,1,picsys,0.9999999999854527,1,test
main_008546,0,unknown,2.7318713953289378e-06,0,test
main_008547,0,unknown,1.2388646395251815e-05,0,test
main_008548,0,unknown,5.973182058424249e-08,0,test
main_008549,0,unknown,3.7153133125706912e-06,0,test
main_008550,0,unknown,5.7828989666213185e-11,0,test
main_008551,0,unknown,1.302870398418718e-09,0,test
main_008552,0,unknown,9.886510314828272e-12,0,test
main_008553,0,unknown,4.4521254450897206e-10,0,test
main_008554,0,unknown,2.1720309261120895e-07,0,test
main_008555,0,unknown,2.983798244343205e-08,0,test
main_008556,0,unknown,3.8705244099706536e-06,0,test
main_008557,0,unknown,2.445422044970692e-08,0,test
main_008558,0,unknown,5.336596568427556e-07,0,test
main_008559,0,unknown,1.3905869290890317e-11,0,test
main_008560,0,unknown,7.557178299236503e-08,0,test
main_008561,0,unknown,9.750120995861076e-08,0,test
main_008562,0,unknown,1.1857059234481799e-07,0,test
main_008563,0,unknown,1.604611679132469e-10,0,test
main_008564,0,unknown,5.758650969472329e-10,0,test
main_008565,0,unknown,3.5585729661940293e-09,0,test
main_008566,0,unknown,4.3650438818495124e-07,0,test
main_008567,0,unknown,6.519148058835426e-08,0,test
main_008568,0,unknown,4.2006361476563096e-07,0,test
main_008569,0,unknown,2.3907757359570645e-10,0,test
main_008570,0,unknown,1.721815554822277e-05,0,test
main_008571,0,unknown,3.0071793049646377e-09,0,test
main_008572,0,unknown,2.018538452456577e-08,0,test
main_008573,0,unknown,9.747162156248888e-08,0,test
main_008574,0,unknown,4.5203753387354867e-08,0,test
main_008575,0,unknown,2.1987912143832577e-08,0,test
main_008576,0,unknown,1.9388764345826798e-07,0,test
main_008577,0,unknown,1.9280735908064875e-09,0,test
main_008578,0,unknown,1.16433107206409e-10,0,test
main_008579,0,unknown,4.2972727891068035e-12,0,test
main_008580,0,unknown,7.128291471943362e-11,0,test
main_008581,0,unknown,5.948863501733116e-06,0,test
main_008582,1,bedep,0.9999999657078192,1,test
main_008583,1,unknown,0.9999031876699797,1,test
main_008584,0,unknown,9.702959774586167e-10,0,test
main_008585,0,unknown,8.628107752869852e-09,0,test
main_008586,1,darkgalaxy,0.9977163549672521,1,test
main_008587,1,scarletflash,0.9999916295718108,1,test
main_008588,1,bedep,0.9999997242419779,1,test
main_008589,1,ulise,0.9999976523251326,1,test
main_008590,1,bedep,0.9999999999415399,1,test
main_008591,0,unknown,8.899196338879527e-06,0,test
main_008592,1,bedep,0.9999999994881996,1,test
main_008593,1,bedep,0.9999999984817731,1,test
main_008594,1,bedep,0.9999999996138655,1,test
main_008595,1,metasploit,0.9999999999995166,1,test
main_008596,1,wacatac,0.9999999998846301,1,test
main_008597,1,nighthawk,0.9557292766081016,1,test
main_008598,1,unknown,0.999908001160425,1,test
main_008599,1,wacatac,0.9999999973592584,1,test
main_008600,1,bropass,0.999998168340214,1,test
main_008601,1,donut,0.9999999999475173,1,test
main_008602,1,unknown,0.9999997577215461,1,test
main_008603,1,blackmoon,0.9999999992979423,1,test
main_008604,1,grandoreiro,0.9999999999984184,1,test
main_008605,1,zeus,0.9999999998647666,1,test
main_008606,1,berbew,0.9999999999997249,1,test
main_008607,1,prepscram,0.999925447354793,1,test
main_008608,1,bedep,0.9999999998222244,1,test
main_008609,1,xmrig,1.0,1,test
main_008610,0,unknown,2.870326527456272e-09,0,test
main_008611,1,xmrig,0.9999999999999993,1,test
main_008612,1,bedep,0.9999999999605249,1,test
main_008613,1,grandoreiro,0.9999999999996747,1,test
main_008614,1,xmrig,1.0,1,test
main_008615,1,wacatac,0.9999999999999469,1,test
main_008616,1,crifi,0.9999999999990965,1,test
main_008617,1,ad2345,0.717402850843993,1,test
main_008618,1,unknown,0.9997557978129132,1,test
main_008619,0,unknown,3.8228498424920255e-09,0,test
main_008620,0,unknown,1.3113157063065365e-11,0,test
main_008621,1,grandoreiro,0.9999999999623053,1,test
main_008622,1,berbew,0.9999997446427255,1,test
main_008623,1,qqrob,0.9999999999273668,1,test
main_008624,1,berbew,0.9999999999999503,1,test
main_008625,1,xmrig,1.0,1,test
main_008626,0,unknown,2.011257504675414e-05,0,test
main_008627,0,unknown,2.076446807849674e-05,0,test
main_008628,0,unknown,2.0407094449227902e-07,0,test
main_008629,0,unknown,2.2441216557153565e-14,0,test
main_008630,0,unknown,3.281485470760076e-07,0,test
main_008631,1,detrahere,0.9995777741372928,1,test
main_008632,0,unknown,6.459396604647687e-08,0,test
main_008633,0,unknown,8.244850862167241e-11,0,test
main_008634,1,vindor,0.9999999999999996,1,test
main_008635,0,unknown,1.4966317042292312e-05,0,test
main_008636,0,unknown,3.5089667212725915e-11,0,test
main_008637,0,unknown,1.172093443791175e-10,0,test
main_008638,0,unknown,8.597774387635255e-10,0,test
main_008639,0,unknown,2.9632536230794435e-07,0,test
main_008640,0,unknown,1.1299892216551777e-11,0,test
main_008641,0,unknown,1.1296140855069165e-13,0,test
main_008642,0,unknown,1.7492869930895678e-12,0,test
main_008643,0,unknown,2.399972871092095e-12,0,test
main_008644,0,unknown,1.0142629577075927e-13,0,test
main_008645,0,unknown,5.1405472865405925e-11,0,test
main_008646,0,unknown,9.66246819070972e-06,0,test
main_008647,1,bedep,0.9999999998711457,1,test
main_008648,0,unknown,5.35931890832431e-07,0,test
main_008649,1,xmrig,1.0,1,test
main_008650,0,unknown,2.1401320140154627e-14,0,test
main_008651,1,stop,0.9999999997087545,1,test
main_008652,0,unknown,1.2640808406534772e-10,0,test
main_008653,1,grandoreiro,0.9999999999991593,1,test
main_008654,0,unknown,2.1472169943323288e-14,0,test
main_008655,0,unknown,2.0528487553809044e-07,0,test
main_008656,0,unknown,7.733934267400501e-08,0,test
main_008657,0,unknown,2.6079258326135472e-08,0,test
main_008658,0,unknown,2.0478676289179414e-08,0,test
main_008659,0,unknown,2.141576557171708e-07,0,test
main_008660,1,bedep,0.9999999958923216,1,test
main_008661,0,unknown,1.1955931686123592e-07,0,test
main_008662,1,xmrig,1.0,1,test
main_008663,0,unknown,1.7916727205042903e-12,0,test
main_008664,1,stormattack,0.9999966065079221,1,test
main_008665,0,unknown,4.657307327743442e-07,0,test
main_008666,0,unknown,0.00012116833495859044,0,test
main_008667,1,unknown,0.999999994617893,1,test
main_008668,1,bedep,0.9999999999991787,1,test
main_008669,1,unknown,0.999739813681067,1,test
main_008670,1,mofksys,0.9999999993588022,1,test
main_008671,1,grandoreiro,0.9999999999988831,1,test
main_008672,1,berbew,0.9999999999319,1,test
main_008673,1,xmrig,1.0,1,test
main_008674,1,xmrig,1.0,1,test
main_008675,0,unknown,4.921685085541024e-09,0,test
main_008676,1,bedep,0.9999999999999112,1,test
main_008677,0,unknown,4.522316142658731e-07,0,test
main_008678,0,unknown,9.390811519920532e-13,0,test
main_008679,1,grandoreiro,0.9999999999961013,1,test
main_008680,1,bedep,0.999999999725949,1,test
main_008681,1,gator,0.9999998858556548,1,test
main_008682,1,bedep,0.9999999997569542,1,test
main_008683,1,darkcomet,0.9999848519313509,1,test
main_008684,0,unknown,3.325858936934239e-08,0,test
main_008685,1,bedep,0.9999999999130045,1,test
main_008686,1,xmrig,1.0,1,test
main_008687,1,gator,0.9999999999667042,1,test
main_008688,0,unknown,8.069310878842531e-08,0,test
main_008689,1,berbew,0.9999999999980091,1,test
main_008690,1,unknown,0.9999999999476206,1,test
main_008691,1,xmrig,1.0,1,test
main_008692,0,unknown,5.331015198744747e-07,0,test
main_008693,1,bedep,0.9999999999996854,1,test
main_008694,0,unknown,3.1579539019956087e-18,0,test
main_008695,1,berbew,0.9999999995397457,1,test
main_008696,1,berbew,0.9999999999999625,1,test
main_008697,1,bedep,0.9999999808689043,1,test
main_008698,0,unknown,2.914462203707851e-13,0,test
main_008699,0,unknown,2.2905437702022915e-10,0,test
main_008700,0,unknown,3.727831612386224e-05,0,test
main_008701,0,unknown,3.9601351480569524e-08,0,test
main_008702,0,unknown,1.576804454235889e-11,0,test
main_008703,1,berbew,0.9999999996924682,1,test
main_008704,0,unknown,4.239845868736495e-15,0,test
main_008705,0,unknown,2.860614355369764e-07,0,test
main_008706,0,unknown,3.703926839357098e-12,0,test
main_008707,1,injurer,0.9999638574908114,1,test
main_008708,1,qqrob,0.9999999994821152,1,test
main_008709,1,dinwod,0.9999999999999993,1,test
main_008710,1,xmrig,1.0,1,test
main_008711,0,unknown,2.406024737636387e-06,0,test
main_008712,0,unknown,3.0278159079553165e-08,0,test
main_008713,0,unknown,0.000742303720724489,0,test
main_008714,1,andromeda,0.9999999999883895,1,test
main_008715,1,andromeda,0.9999999983449017,1,test
main_008716,1,unknown,0.9999999982697456,1,test
main_008717,1,andromeda,0.9999999999209406,1,test
main_008718,0,unknown,1.4849242596273874e-07,0,test
main_008719,1,pcacceleratepro,0.9997576575941343,1,test
main_008720,1,berbew,0.9999999999993316,1,test
main_008721,1,berbew,0.9999999198111786,1,test
main_008722,1,berbew,0.9999999999187541,1,test
main_008723,1,wabot,0.9999999293478438,1,test
main_008724,0,unknown,1.806314664148838e-12,0,test
main_008725,0,unknown,1.1347485826773866e-12,0,test
main_008726,1,nuitka,0.9999999986526276,1,test
main_008727,1,xmrig,1.0,1,test
main_008728,0,unknown,3.574188593234597e-08,0,test
main_008729,0,unknown,2.5033227253319e-10,0,test
main_008730,0,unknown,8.488024211359441e-14,0,test
main_008731,0,unknown,3.0213421398599536e-09,0,test
main_008732,1,cobaltstrike,0.9999999550982144,1,test
main_008733,1,psexec,0.9999865997748999,1,test
main_008734,1,scarletflash,0.9999999999663176,1,test
main_008735,0,unknown,0.02277947532517163,1,test
main_008736,1,berbew,0.9999999999855356,1,test
main_008737,1,xmrig,0.9999999999999998,1,test
main_008738,1,gepys,0.9999999980260303,1,test
main_008739,0,unknown,5.478198676209651e-08,0,test
main_008740,0,unknown,3.590223233512789e-08,0,test
main_008741,0,unknown,4.492935660256013e-16,0,test
main_008742,1,xmrig,1.0,1,test
main_008743,1,berbew,0.9999999615240115,1,test
main_008744,1,cuegoe,0.9999999508782456,1,test
main_008745,0,unknown,3.3084443462944123e-16,0,test
main_008746,1,dlass,0.9999988253290774,1,test
main_008747,0,unknown,5.817353224529606e-11,0,test
main_008748,0,unknown,3.031117932410764e-13,0,test
main_008749,0,unknown,6.548551163596157e-06,0,test
main_008750,1,berbew,0.9999999999999536,1,test
main_008751,0,unknown,5.605394251172443e-09,0,test
main_008752,1,vobfus,0.9999999999989659,1,test
main_008753,1,expiro,0.9999999999198168,1,test
main_008754,1,dinwod,0.9999999999999944,1,test
main_008755,1,ulise,0.9999946374434041,1,test
main_008756,1,unknown,0.9999999999987441,1,test
main_008757,0,unknown,5.506816078412964e-16,0,test
main_008758,1,expiro,0.9999999999907798,1,test
main_008759,1,expiro,0.999999999999994,1,test
main_008760,1,expiro,0.9999999999985807,1,test
main_008761,1,xmrig,1.0,1,test
main_008762,0,unknown,5.578730745565928e-10,0,test
main_008763,1,trollav,0.9999999999999456,1,test
main_008764,1,unknown,0.9997001896374473,1,test
main_008765,1,injuke,0.9999997962139116,1,test
main_008766,1,skillis,0.9999346854599616,1,test
main_008767,1,expiro,0.9999999999999973,1,test
main_008768,1,gepys,0.9999999996379554,1,test
main_008769,1,wacatac,0.9999999993168194,1,test
main_008770,1,lockergoga,0.9999999999800893,1,test
main_008771,0,unknown,0.0073640832897220255,0,test
main_008772,1,wacatac,0.9999999985698913,1,test
main_008773,1,scarletflash,0.999999999999819,1,test
main_008774,1,expiro,0.9999999998820717,1,test
main_008775,1,expiro,0.999999995731607,1,test
main_008776,0,unknown,0.003189285028372928,0,test
main_008777,1,xmrig,1.0,1,test
main_008778,0,unknown,4.161652210117095e-09,0,test
main_008779,0,unknown,6.038670183763523e-12,0,test
main_008780,0,unknown,2.288519585764351e-11,0,test
main_008781,0,unknown,1.2124821373906872e-09,0,test
main_008782,0,unknown,6.708061332342195e-12,0,test
main_008783,0,unknown,5.2985881989456165e-11,0,test
main_008784,0,unknown,4.611184677429409e-11,0,test
main_008785,0,unknown,7.381360607671963e-09,0,test
main_008786,0,unknown,1.0770716583217141e-10,0,test
main_008787,0,unknown,1.8062584068082652e-09,0,test
main_008788,1,expiro,0.9996277905658839,1,test
main_008789,0,unknown,4.502892505472095e-12,0,test
main_008790,1,xmrig,1.0,1,test
main_008791,1,xmrig,1.0,1,test
main_008792,1,blackmoon,0.9999999999969109,1,test
main_008793,1,berbew,0.9999999999999909,1,test
main_008794,1,fesber,0.9999999692261289,1,test
main_008795,1,unknown,0.9994526873526491,1,test
main_008796,0,unknown,1.5785174242314346e-08,0,test
main_008797,0,unknown,1.5994863079928368e-06,0,test
main_008798,0,unknown,1.2276039431399056e-07,0,test
main_008799,0,unknown,1.0172258907902239e-07,0,test
main_008800,1,scarletflash,0.999999987648763,1,test
main_008801,0,unknown,0.00023242104125078278,0,test
main_008802,0,unknown,9.159183601568597e-11,0,test
main_008803,0,unknown,6.315115623249105e-07,0,test
main_008804,0,unknown,4.1450924665263554e-07,0,test
main_008805,1,xmrig,1.0,1,test
main_008806,0,unknown,6.087053839959194e-12,0,test
main_008807,1,unknown,0.9998238235103457,1,test
main_008808,1,berbew,0.9999999999996934,1,test
main_008809,1,expiro,0.9999999999999716,1,test
main_008810,1,bropass,0.9999991291547662,1,test
main_008811,1,expiro,0.9999999999707294,1,test
main_008812,1,xmrig,0.9999999999999847,1,test
main_008813,0,unknown,2.06237178135154e-06,0,test
main_008814,1,unknown,0.9998006947226917,1,test
main_008815,1,expiro,0.9999999999998621,1,test
main_008816,1,emdup,0.9999999999455378,1,test
main_008817,1,reconyc,0.9999999739332515,1,test
main_008818,0,unknown,1.4079577497076788e-07,0,test
main_008819,0,unknown,1.8018799394472137e-09,0,test
main_008820,0,unknown,1.8684563394494558e-10,0,test
main_008821,1,unknown,0.9986558072722118,1,test
main_008822,0,unknown,1.1135101017040658e-12,0,test
main_008823,0,unknown,1.678154512506927e-08,0,test
main_008824,0,unknown,3.777727714942399e-13,0,test
main_008825,1,xmrig,1.0,1,test
main_008826,1,unknown,0.9999999999887919,1,test
main_008827,1,redline,0.99999929631747,1,test
main_008828,1,scarletflash,0.9999999702960982,1,test
main_008829,0,unknown,2.1245672098255066e-08,0,test
main_008830,0,unknown,4.2444016463847083e-10,0,test
main_008831,0,unknown,3.3340417274610897e-07,0,test
main_008832,0,unknown,1.5986781511133577e-09,0,test
main_008833,0,unknown,1.721107075355189e-06,0,test
main_008834,0,unknown,1.946135079993102e-09,0,test
main_008835,1,xmrig,1.0,1,test
main_008836,1,wacatac,0.997912523450085,1,test
main_008837,1,cstealer,0.9999999999635911,1,test
main_008838,1,emdup,0.9999999998884852,1,test
main_008839,1,lotok,0.9999997599934939,1,test
main_008840,1,lotok,0.9999384997452053,1,test
main_008841,1,cobaltstrike,0.9999992328928606,1,test
main_008842,1,lotok,0.9996404364337033,1,test
main_008843,1,expiro,0.9999999999742641,1,test
main_008844,1,xmrig,0.9999999999999998,1,test
main_008845,0,unknown,1.7669115639846023e-08,0,test
main_008846,0,unknown,4.9101537926630185e-06,0,test
main_008847,1,unknown,0.9999809531191574,1,test
main_008848,1,berbew,0.9999999999949867,1,test
main_008849,1,berbew,0.9999999999841964,1,test
main_008850,1,xmrig,1.0,1,test
main_008851,1,cobaltstrike,0.9994050361089184,1,test
main_008852,0,unknown,1.8917179796409485e-08,0,test
main_008853,1,xmrig,1.0,1,test
main_008854,0,unknown,2.8574669677196253e-05,0,test
main_008855,1,unknown,0.9999998034217192,1,test
main_008856,1,dbadur,0.999999999999793,1,test
main_008857,1,xmrig,0.9999990634192873,1,test
main_008858,1,memery,0.9972959141538147,1,test
main_008859,1,xmrig,0.9999999999975151,1,test
main_008860,1,clipbanker,0.9999999988297916,1,test
main_008861,1,shelm,0.9999946134859644,1,test
main_008862,1,injurer,0.999990871228671,1,test
main_008863,0,unknown,7.901078206002746e-05,0,test
main_008864,1,scarletflash,0.9999999996878692,1,test
main_008865,1,unknown,0.9999957209568522,1,test
main_008866,0,unknown,1.074021950614623e-17,0,test
main_008867,1,unknown,0.9999999255671497,1,test
main_008868,1,unknown,0.9999995052893054,1,test
main_008869,0,unknown,4.2529693834705583e-13,0,test
main_008870,1,clipbanker,0.9999999991152744,1,test
main_008871,0,unknown,3.7861910962737293e-08,0,test
main_008872,0,unknown,4.814554757704284e-09,0,test
main_008873,1,fabookie,0.999815798443806,1,test
main_008874,0,unknown,1.5115684348150397e-10,0,test
main_008875,1,unknown,0.9999999999250577,1,test
main_008876,1,scarletflash,0.9999999974971261,1,test
main_008877,0,unknown,6.605426807225766e-06,0,test
main_008878,0,unknown,2.228060854421839e-08,0,test
main_008879,1,wacatac,0.9999999548996088,1,test
main_008880,0,unknown,3.8577048089410753e-07,0,test
main_008881,1,shlem,0.9998172952765316,1,test
main_008882,0,unknown,0.0005803044651146134,0,test
main_008883,0,unknown,1.1054546371951727e-05,0,test
main_008884,0,unknown,3.3762669181861375e-11,0,test
main_008885,1,injuke,0.9999957378448018,1,test
main_008886,0,unknown,0.00036910813540191656,0,test
main_008887,0,unknown,1.0500662619849022e-07,0,test
main_008888,0,unknown,0.000220370669609941,0,test
main_008889,0,unknown,1.7956801127560434e-11,0,test
main_008890,0,unknown,1.3689981616247574e-08,0,test
main_008891,0,unknown,1.9963060090953755e-07,0,test
main_008892,0,unknown,3.0373306420310154e-07,0,test
main_008893,0,unknown,2.0057584181955185e-11,0,test
main_008894,1,wacatac,0.9998658738594657,1,test
main_008895,1,invictastealer,0.9999999999735585,1,test
main_008896,0,unknown,3.622442907844652e-05,0,test
main_008897,0,unknown,0.00013748648217720122,0,test
main_008898,1,trollav,0.9999999999999274,1,test
main_008899,0,unknown,9.58603767200768e-08,0,test
main_008900,1,gandcrab,0.9999999989830708,1,test
main_008901,0,unknown,1.2180177846592204e-14,0,test
main_008902,0,unknown,0.00022640858304327796,0,test
main_008903,0,unknown,6.5452775152832325e-12,0,test
main_008904,0,unknown,2.533715242091451e-10,0,test
main_008905,0,unknown,4.391530600236138e-05,0,test
main_008906,0,unknown,2.2859662387870122e-14,0,test
main_008907,0,unknown,2.443246506947235e-12,0,test
main_008908,0,unknown,1.4621932193939167e-10,0,test
main_008909,1,unknown,0.999999995901498,1,test
main_008910,0,unknown,1.8522049669488443e-10,0,test
main_008911,0,unknown,4.794368326830955e-10,0,test
main_008912,0,unknown,1.038288108484195e-10,0,test
main_008913,0,unknown,5.0151043810888505e-06,0,test
main_008914,0,unknown,1.6753654805742045e-12,0,test
main_008915,0,unknown,2.144779349850689e-07,0,test
main_008916,1,wacatac,0.9999999999999079,1,test
main_008917,1,bedep,0.9999999999989022,1,test
main_008918,0,unknown,3.4374847754463216e-06,0,test
main_008919,0,unknown,0.0009852406655349144,0,test
main_008920,0,unknown,4.5360347150051344e-11,0,test
main_008921,0,unknown,7.559835022732925e-09,0,test
main_008922,0,unknown,6.967924119418412e-09,0,test
main_008923,0,unknown,6.378168043132404e-11,0,test
main_008924,0,unknown,1.4469485553493201e-06,0,test
main_008925,0,unknown,9.038222015589322e-05,0,test
main_008926,0,unknown,6.5805896362657605e-09,0,test
main_008927,0,unknown,1.9830753849613155e-07,0,test
main_008928,0,unknown,1.6450713194988853e-11,0,test
main_008929,0,unknown,6.619611616882359e-07,0,test
main_008930,0,unknown,3.770885190487347e-11,0,test
main_008931,0,unknown,6.638308408507676e-11,0,test
main_008932,0,unknown,1.136632260573677e-09,0,test
main_008933,0,unknown,1.6603310163728977e-06,0,test
main_008934,0,unknown,2.102856748984682e-05,0,test
main_008935,0,unknown,1.1472580601661698e-06,0,test
main_008936,0,unknown,4.104822583711361e-09,0,test
main_008937,0,unknown,0.00012672599923664157,0,test
main_008938,0,unknown,9.359363637937734e-13,0,test
main_008939,1,bedep,0.9999930304758923,1,test
main_008940,1,trollav,0.9999999999999707,1,test
main_008941,0,unknown,1.6737982166745845e-08,0,test
main_008942,0,unknown,7.517365127772722e-06,0,test
main_008943,0,unknown,0.0004898626851376263,0,test
main_008944,0,unknown,4.212976976232029e-06,0,test
main_008945,0,unknown,1.3758386481090808e-12,0,test
main_008946,0,unknown,4.340105773623679e-06,0,test
main_008947,0,unknown,1.20245321393664e-08,0,test
main_008948,1,bsymem,0.9999999997639559,1,test
main_008949,0,unknown,1.7231063313465215e-13,0,test
main_008950,0,unknown,9.087625274858124e-13,0,test
main_008951,0,unknown,5.894765032242348e-13,0,test
main_008952,1,cerbu,0.9971406414202856,1,test
main_008953,0,unknown,3.464989432310318e-10,0,test
main_008954,0,unknown,1.5138213530209468e-10,0,test
main_008955,1,unknown,0.9999999999998976,1,test
main_008956,1,bedep,0.9999988140268897,1,test
main_008957,1,unknown,0.9999998080757682,1,test
main_008958,0,unknown,7.742603758001334e-07,0,test
main_008959,0,unknown,1.0734222288601594e-09,0,test
main_008960,0,unknown,1.0463945825848126e-11,0,test
main_008961,0,unknown,1.2689574590412859e-11,0,test
main_008962,0,unknown,5.802070562228739e-09,0,test
main_008963,0,unknown,1.848839878631046e-10,0,test
main_008964,0,unknown,3.3100804761160518e-06,0,test
main_008965,0,unknown,3.069965317780297e-11,0,test
main_008966,0,unknown,2.4314933560490953e-13,0,test
main_008967,0,unknown,4.216834860262877e-09,0,test
main_008968,0,unknown,1.2671685145233448e-08,0,test
main_008969,0,unknown,3.2948582600449816e-08,0,test
main_008970,0,unknown,6.539623375294446e-09,0,test
main_008971,0,unknown,1.3627091329483134e-11,0,test
main_008972,0,unknown,9.508964770672536e-12,0,test
main_008973,0,unknown,9.974615237410517e-09,0,test
main_008974,1,shelm,0.99999988118667,1,test
main_008975,1,scarletflash,0.9999999990354838,1,test
main_008976,1,khalesi,0.9999999999855154,1,test
main_008977,1,connectscreen,0.9999574920401963,1,test
main_008978,1,cobaltstrike,0.9999996199585163,1,test
main_008979,1,unknown,0.9999999999868276,1,test
main_008980,0,unknown,1.290802006199383e-13,0,test
main_008981,1,killall,0.999998927964936,1,test
main_008982,1,killall,0.9999998320843144,1,test
main_008983,0,unknown,6.74185113525613e-08,0,test
main_008984,0,unknown,3.990602270448638e-06,0,test
main_008985,1,unknown,0.9999999997941011,1,test
main_008986,0,unknown,1.7083960919049064e-13,0,test
main_008987,0,unknown,3.3971734137275545e-07,0,test
main_008988,0,unknown,1.2268034878197435e-12,0,test
main_008989,0,unknown,8.470194639219938e-11,0,test
main_008990,0,unknown,2.794637497690906e-09,0,test
main_008991,0,unknown,5.894577286682233e-11,0,test
main_008992,0,unknown,5.534303599767074e-09,0,test
main_008993,1,metasploit,0.9999999999852667,1,test
main_008994,1,stormattack,0.9999999997274327,1,test
main_008995,1,azorult,0.9999993259080419,1,test
main_008996,1,killall,0.9999999365772265,1,test
main_008997,1,xmrig,1.0,1,test
main_008998,1,xmrig,1.0,1,test
main_008999,1,wacatac,0.9999998306367621,1,test
main_009000,1,unknown,0.9999923820394678,1,test
main_009001,0,unknown,2.087052381714507e-08,0,test
main_009002,0,unknown,2.7961134642309395e-13,0,test
main_009003,0,unknown,6.664677634881539e-18,0,test
main_009004,1,berbew,0.9999999999995557,1,test
main_009005,1,berbew,0.9999999999910603,1,test
main_009006,1,berbew,0.9999999999999991,1,test
main_009007,1,qqrob,0.9999991765970951,1,test
main_009008,1,xmrig,1.0,1,test
main_009009,0,unknown,2.132533045223719e-12,0,test
main_009010,1,xmrig,0.9999999999999998,1,test
main_009011,1,xmrig,1.0,1,test
main_009012,1,xmrig,1.0,1,test
main_009013,1,berbew,0.9999999866803122,1,test
main_009014,1,xmrig,1.0,1,test
main_009015,1,emdup,0.9999999996999938,1,test
main_009016,0,unknown,1.8002505220859865e-07,0,test
main_009017,0,unknown,4.0306388329298094e-13,0,test
main_009018,1,pajetbin,0.9999994470699121,1,test
main_009019,1,xmrig,1.0,1,test
main_009020,0,unknown,5.2117369669447884e-11,0,test
main_009021,1,banload,0.9999999999999998,1,test
main_009022,1,xmrig,1.0,1,test
main_009023,1,xmrig,1.0,1,test
main_009024,1,banload,0.9999999999999998,1,test
main_009025,1,unknown,0.9999999999974911,1,test
main_009026,1,wacatac,0.9999999999546993,1,test
main_009027,0,unknown,3.55626889580707e-05,0,test
main_009028,1,scarletflash,0.9999999390158262,1,test
main_009029,1,berbew,0.9999999986833699,1,test
main_009030,1,xmrig,0.9999999999999996,1,test
main_009031,1,berbew,0.9999999707234746,1,test
main_009032,1,nitol,0.9999997963105498,1,test
main_009033,0,unknown,1.344836240204502e-07,0,test
main_009034,0,unknown,1.2542523565427288e-05,0,test
main_009035,1,unknown,0.9982434170913485,1,test
main_009036,0,unknown,7.588359583980276e-09,0,test
main_009037,1,airadinstaller,0.9999939113636889,1,test
main_009038,1,windigo,0.1191420885038479,1,test
main_009039,1,zegost,0.998574452424029,1,test
main_009040,0,unknown,0.0031250140394905295,0,test
main_009041,1,cerbu,0.9999999994663966,1,test
main_009042,0,unknown,2.5411010248490293e-05,0,test
main_009043,1,unknown,0.9999999999999263,1,test
main_009044,0,unknown,7.842327878002797e-14,0,test
main_009045,1,cobaltstrike,0.9999985954166777,1,test
main_009046,1,airadinstaller,0.9999840610532862,1,test
main_009047,0,unknown,1.854668952656103e-13,0,test
main_009048,0,unknown,3.3194831933267065e-08,0,test
main_009049,0,unknown,2.2263134789629712e-09,0,test
main_009050,1,trollav,0.9999999999999791,1,test
main_009051,1,scarletflash,0.9999999999999365,1,test
main_009052,1,reflo,0.9999999999807472,1,test
main_009053,1,musecador,0.9999955149530044,1,test
main_009054,1,xmrig,1.0,1,test
main_009055,1,airadinstaller,0.9998099613446553,1,test
main_009056,1,ctsinf,0.9999999999395994,1,test
main_009057,0,unknown,1.5810003191175002e-06,0,test
main_009058,1,wacatac,0.9999999428409873,1,test
main_009059,0,unknown,8.273477457313041e-18,0,test
main_009060,1,redline,0.9999999942838114,1,test
main_009061,1,banload,0.9999999999999998,1,test
main_009062,1,berbew,0.9999999999990119,1,test
main_009063,1,redline,0.999915382236014,1,test
main_009064,1,xmrig,1.0,1,test
main_009065,1,wacatac,0.9999943118787652,1,test
main_009066,1,xmrig,1.0,1,test
main_009067,0,unknown,9.328854189842875e-10,0,test
main_009068,0,unknown,2.1368447773189206e-07,0,test
main_009069,0,unknown,1.574383039571901e-06,0,test
main_009070,0,unknown,4.51348636386389e-09,0,test
main_009071,0,unknown,3.286264526964463e-06,0,test
main_009072,1,negsid,0.9993887961000313,1,test
main_009073,1,berbew,0.9999999947594065,1,test
main_009074,0,unknown,1.0460910185017574e-06,0,test
main_009075,0,unknown,8.226367001975067e-07,0,test
main_009076,1,cuegoe,0.9999999716967739,1,test
main_009077,1,berbew,0.9999999999999789,1,test
main_009078,1,unknown,0.9999999957573602,1,test
main_009079,0,unknown,1.1440754753595381e-14,0,test
main_009080,0,unknown,5.458967705702709e-16,0,test
main_009081,0,unknown,1.529443244793516e-14,0,test
main_009082,0,unknown,3.1572392909368032e-15,0,test
main_009083,0,unknown,1.1857693344114378e-16,0,test
main_009084,0,unknown,2.517428282328438e-14,0,test
main_009085,0,unknown,1.553711317596481e-17,0,test
main_009086,0,unknown,7.116486851265303e-16,0,test
main_009087,0,unknown,9.984513630092982e-17,0,test
main_009088,0,unknown,1.2324836425705378e-15,0,test
main_009089,0,unknown,1.324618379209294e-16,0,test
main_009090,0,unknown,8.674854349487805e-15,0,test
main_009091,0,unknown,1.0231589881987312e-16,0,test
main_009092,0,unknown,9.675060775657992e-14,0,test
main_009093,0,unknown,2.614360141489334e-15,0,test
main_009094,0,unknown,7.362524324770474e-14,0,test
main_009095,0,unknown,4.942129697708974e-17,0,test
main_009096,0,unknown,4.610707616800207e-16,0,test
main_009097,0,unknown,2.381535229142876e-16,0,test
main_009098,0,unknown,1.1022594748298357e-14,0,test
main_009099,0,unknown,1.6122111544977454e-14,0,test
main_009100,0,unknown,6.583161346391524e-15,0,test
main_009101,1,xmrig,1.0,1,test
main_009102,1,wacatac,0.9999999269230486,1,test
main_009103,1,berbew,0.9999999999999789,1,test
main_009104,1,xmrig,1.0,1,test
main_009105,1,banload,0.9999999999999911,1,test
main_009106,1,unknown,0.9999967415377226,1,test
main_009107,1,unknown,0.9999999835583067,1,test
main_009108,1,expiro,0.9999999999999949,1,test
main_009109,0,unknown,1.61441109349016e-09,0,test
main_009110,1,xmrig,0.9999999999999996,1,test
main_009111,0,unknown,4.4789341392513335e-09,0,test
main_009112,0,unknown,3.2406408899834174e-07,0,test
main_009113,0,unknown,7.175482878548056e-09,0,test
main_009114,1,expiro,0.999999997341732,1,test
main_009115,1,bedep,0.9924269236443943,1,test
main_009116,0,unknown,6.471959795288028e-09,0,test
main_009117,0,unknown,0.0014662334949632216,0,test
main_009118,1,miscx,0.9999975246446776,1,test
main_009119,1,beebone,0.999999974914856,1,test
main_009120,1,xmrig,1.0,1,test
main_009121,1,unknown,0.9999999999999389,1,test
main_009122,1,xmrig,1.0,1,test
main_009123,1,berbew,0.9999999995554625,1,test
main_009124,1,wacatac,0.9999970700173854,1,test
main_009125,0,unknown,1.1713679331116397e-10,0,test
main_009126,1,lunalogger,0.9999999999999971,1,test
main_009127,1,xmrig,1.0,1,test
main_009128,0,unknown,2.2688374461954008e-09,0,test
main_009129,0,unknown,1.5032020974644636e-07,0,test
main_009130,0,unknown,6.015695346077849e-09,0,test
main_009131,0,unknown,2.322985195761555e-08,0,test
main_009132,0,unknown,1.870985774020167e-07,0,test
main_009133,0,unknown,7.409950711227732e-08,0,test
main_009134,1,scarletflash,0.9999999999427016,1,test
main_009135,1,xmrig,1.0,1,test
main_009136,1,psexec,0.9999990044090394,1,test
main_009137,1,lockergoga,0.9999999765983288,1,test
main_009138,1,xmrig,1.0,1,test
main_009139,1,disin,0.99999999987386,1,test
main_009140,1,xmrig,1.0,1,test
main_009141,1,xmrig,0.9999999984368055,1,test
main_009142,0,unknown,1.5094501925540458e-10,0,test
main_009143,1,xmrig,1.0,1,test
main_009144,1,unknown,0.999888735286476,1,test
main_009145,1,beebone,0.9999999738487542,1,test
main_009146,1,beebone,0.9999999726923215,1,test
main_009147,1,upatre,0.9999999999998723,1,test
main_009148,1,expiro,0.9999996186874587,1,test
main_009149,1,xmrig,1.0,1,test
main_009150,1,xmrig,1.0,1,test
main_009151,1,unknown,0.999999803996523,1,test
main_009152,0,unknown,7.861187238745561e-07,0,test
main_009153,1,miscx,0.9999707623378346,1,test
main_009154,1,banload,0.9999999999999851,1,test
main_009155,1,engimastealer,0.999999517484565,1,test
main_009156,0,unknown,5.2081775502775676e-05,0,test
main_009157,1,banload,0.999999999999998,1,test
main_009158,1,xmrig,1.0,1,test
main_009159,1,unknown,0.999999999999204,1,test
main_009160,1,convagent,0.9999879388526901,1,test
main_009161,1,revetrat,0.9999999420914993,1,test
main_009162,1,berbew,0.9999053138496966,1,test
main_009163,1,xmrig,0.9999999999999998,1,test
main_009164,1,xmrig,1.0,1,test
main_009165,1,unknown,0.999991253035062,1,test
main_009166,1,berbew,0.9999999997660156,1,test
main_009167,1,xmrig,1.0,1,test
main_009168,1,berbew,0.9999999987846602,1,test
main_009169,0,unknown,2.813324486197218e-06,0,test
main_009170,0,unknown,1.056280864581695e-05,0,test
main_009171,1,xmrig,0.9999999999999984,1,test
main_009172,1,xmrig,1.0,1,test
main_009173,0,unknown,4.0709530418517325e-11,0,test
main_009174,1,xmrig,0.9999999999999993,1,test
main_009175,1,xmrig,1.0,1,test
main_009176,1,xmrig,1.0,1,test
main_009177,1,wacatac,0.999999999867446,1,test
main_009178,1,xmrig,1.0,1,test
main_009179,1,sharpmapexec,0.9999999788826917,1,test
main_009180,0,unknown,6.197950020127858e-15,0,test
main_009181,1,expiro,0.9999999999999969,1,test
main_009182,1,unknown,0.9999925434214215,1,test
main_009183,0,unknown,0.03532472331237126,1,test
main_009184,1,expiro,0.999999999975816,1,test
main_009185,1,xmrig,1.0,1,test
main_009186,1,xmrig,1.0,1,test
main_009187,1,unknown,0.9999999865602445,1,test
main_009188,1,metasploit,0.9999999999963061,1,test
main_009189,0,unknown,0.00013252806571863946,0,test
main_009190,0,unknown,0.00021375727194917528,0,test
main_009191,1,berbew,0.9999999786907336,1,test
main_009192,1,xmrig,1.0,1,test
main_009193,1,xmrig,1.0,1,test
main_009194,1,expiro,0.999999999961962,1,test
main_009195,0,unknown,1.6930255129894524e-09,0,test
main_009196,1,expiro,0.999999999995286,1,test
main_009197,0,unknown,0.03208907390024328,1,test
main_009198,1,xmrig,1.0,1,test
main_009199,1,mekotio,0.9999719662376373,1,test
main_009200,1,xmrig,0.9999999999999998,1,test
main_009201,0,unknown,1.0952791234977776e-10,0,test
main_009202,0,unknown,1.467450339446056e-10,0,test
main_009203,0,unknown,2.9012379065142284e-09,0,test
main_009204,0,unknown,4.254070039917772e-07,0,test
main_009205,0,unknown,1.1166198475057606e-05,0,test
main_009206,0,unknown,1.901896257018092e-12,0,test
main_009207,1,banload,0.9999999999999964,1,test
main_009208,0,unknown,6.788491172182899e-11,0,test
main_009209,1,unknown,0.9999963310388532,1,test
main_009210,1,expiro,0.999999999841503,1,test
main_009211,1,expiro,0.9999999999715261,1,test
main_009212,0,unknown,4.841678065472854e-07,0,test
main_009213,0,unknown,2.0600659323506735e-10,0,test
main_009214,0,unknown,2.507591013956604e-09,0,test
main_009215,0,unknown,8.932741688343732e-06,0,test
main_009216,1,wacatac,0.9999999947118312,1,test
main_009217,0,unknown,1.9366681151483394e-07,0,test
main_009218,0,unknown,1.106088995342479e-08,0,test
main_009219,0,unknown,2.1553018565891826e-09,0,test
main_009220,1,wacatac,0.9999998985157835,1,test
main_009221,1,makoob,0.9999425868902991,1,test
main_009222,0,unknown,1.511859708934542e-08,0,test
main_009223,0,unknown,1.7320299378927624e-09,0,test
main_009224,0,unknown,1.8908861913721998e-06,0,test
main_009225,1,metasploit,0.9999999999844003,1,test
main_009226,0,unknown,1.7930845702278207e-11,0,test
main_009227,1,scarletflash,0.9999999999999973,1,test
main_009228,1,bodegun,0.999988781787403,1,test
main_009229,0,unknown,3.2533072234036917e-07,0,test
main_009230,0,unknown,9.026047963776185e-11,0,test
main_009231,0,unknown,1.22863492150114e-07,0,test
main_009232,1,wacatac,0.9999999990264916,1,test
main_009233,0,unknown,1.0906697096126447e-06,0,test
main_009234,1,lockergoga,0.999999999998985,1,test
main_009235,1,fragtor,0.9999501307575248,1,test
main_009236,0,unknown,7.197025059838731e-13,0,test
main_009237,0,unknown,2.6218983957925228e-11,0,test
main_009238,0,unknown,1.6910524554952746e-12,0,test
main_009239,0,unknown,0.0008119786355991894,0,test
main_009240,1,unknown,0.999826273459364,1,test
main_009241,0,unknown,2.630840342123401e-07,0,test
main_009242,0,unknown,3.1571316007184636e-11,0,test
main_009243,0,unknown,4.722607572708167e-10,0,test
main_009244,1,disdroth,0.9999652271220346,1,test
main_009245,0,unknown,2.240766162502172e-07,0,test
main_009246,0,unknown,2.3868711709776916e-11,0,test
main_009247,1,scarletflash,0.9999999954175101,1,test
main_009248,0,unknown,5.917847826027998e-09,0,test
main_009249,1,scarletflash,0.9999999999689471,1,test
main_009250,1,convagent,0.9999999631573246,1,test
main_009251,0,unknown,7.030829694213333e-07,0,test
main_009252,0,unknown,1.673992220747295e-07,0,test
main_009253,0,unknown,8.1175186987367e-08,0,test
main_009254,0,unknown,8.050389097513961e-13,0,test
main_009255,0,unknown,1.340936463075153e-12,0,test
main_009256,0,unknown,5.331965310120054e-08,0,test
main_009257,0,unknown,5.6344260463048456e-09,0,test
main_009258,0,unknown,1.3049752711692399e-10,0,test
main_009259,0,unknown,1.5437350568025584e-10,0,test
main_009260,1,bedep,0.9999973561360053,1,test
main_009261,1,convagent,0.9999999803839378,1,test
main_009262,1,disin,0.9999999999698066,1,test
main_009263,1,scarletflash,0.999999922651923,1,test
main_009264,0,unknown,3.378115360215561e-08,0,test
main_009265,0,unknown,2.1239698415591167e-08,0,test
main_009266,0,unknown,2.1862082569744746e-10,0,test
main_009267,0,unknown,2.5449276744966295e-05,0,test
main_009268,1,disin,0.9999999999873646,1,test
main_009269,0,unknown,2.0886051459028e-06,0,test
main_009270,1,wacatac,0.9999999926799439,1,test
main_009271,1,scarletflash,0.999999581191561,1,test
main_009272,0,unknown,7.62574505808823e-09,0,test
main_009273,0,unknown,3.972043916196245e-08,0,test
main_009274,1,unknown,0.9999999999979183,1,test
main_009275,1,unknown,0.9999999988556363,1,test
main_009276,1,unknown,0.9999999982123926,1,test
main_009277,1,unknown,0.9999999999448874,1,test
main_009278,0,unknown,4.1537731594271277e-14,0,test
main_009279,0,unknown,3.189867824309335e-13,0,test
main_009280,0,unknown,2.5976390474706074e-07,0,test
main_009281,1,unknown,0.9783310971490694,1,test
main_009282,0,unknown,0.0009363228640532783,0,test
main_009283,0,unknown,1.665441985496557e-05,0,test
main_009284,0,unknown,2.154818057972845e-09,0,test
main_009285,1,shelm,0.9999999994794699,1,test
main_009286,0,unknown,5.288059680613705e-05,0,test
main_009287,0,unknown,1.9790457007340773e-10,0,test
main_009288,0,unknown,8.454157199155145e-15,0,test
main_009289,0,unknown,1.2729549987462774e-11,0,test
main_009290,0,unknown,4.2348524945788814e-08,0,test
main_009291,0,unknown,9.547215850711201e-12,0,test
main_009292,0,unknown,5.323269788228681e-11,0,test
main_009293,0,unknown,3.805488890633831e-11,0,test
main_009294,0,unknown,3.70595069618194e-10,0,test
main_009295,0,unknown,0.00035522590476248084,0,test
main_009296,0,unknown,1.360983630425858e-09,0,test
main_009297,0,unknown,1.799948244315811e-05,0,test
main_009298,0,unknown,1.361524929785432e-07,0,test
main_009299,0,unknown,7.491615582752875e-11,0,test
main_009300,0,unknown,5.486933729589582e-09,0,test
main_009301,1,fastreverseproxy,0.9999714535009181,1,test
main_009302,0,unknown,1.410501767664937e-07,0,test
main_009303,0,unknown,4.48992423029134e-18,0,test
main_009304,0,unknown,3.3469679009471475e-12,0,test
main_009305,0,unknown,4.0811676497014254e-11,0,test
main_009306,0,unknown,2.86549815772272e-10,0,test
main_009307,0,unknown,9.237325774126968e-12,0,test
main_009308,0,unknown,5.244530233044741e-09,0,test
main_009309,0,unknown,2.8590773420396464e-10,0,test
main_009310,1,reflo,0.9999999997043394,1,test
main_009311,1,r77rootkit,0.9999999926001204,1,test
main_009312,0,unknown,1.0061028692535463e-08,0,test
main_009313,0,unknown,1.742738701147453e-08,0,test
main_009314,0,unknown,2.4280226049334864e-08,0,test
main_009315,0,unknown,9.923591530731789e-10,0,test
main_009316,0,unknown,2.0937402006128383e-08,0,test
main_009317,0,unknown,1.192093605468128e-07,0,test
main_009318,1,unknown,0.9998554933125025,1,test
main_009319,1,wacatac,0.9999991979495775,1,test
main_009320,1,unknown,0.9999999147825477,1,test
main_009321,0,unknown,5.364705463894457e-06,0,test
main_009322,0,unknown,1.2534148384084285e-11,0,test
main_009323,0,unknown,1.3327500667285514e-09,0,test
main_009324,0,unknown,1.746795460833202e-08,0,test
main_009325,0,unknown,4.5708975333003927e-07,0,test
main_009326,0,unknown,1.0641802601991267e-08,0,test
main_009327,0,unknown,8.031768701503291e-10,0,test
main_009328,0,unknown,8.425426365857365e-13,0,test
main_009329,0,unknown,3.4779447269239985e-10,0,test
main_009330,0,unknown,2.7714473472075474e-09,0,test
main_009331,0,unknown,1.0590954436330447e-11,0,test
main_009332,0,unknown,3.581523209707494e-10,0,test
main_009333,0,unknown,2.5707136366766416e-09,0,test
main_009334,0,unknown,2.642418519626967e-10,0,test
main_009335,0,unknown,7.351265557303152e-09,0,test
main_009336,0,unknown,3.95438134221488e-11,0,test
main_009337,0,unknown,1.169382607025103e-09,0,test
main_009338,0,unknown,3.2902820127481674e-10,0,test
main_009339,0,unknown,1.0310434219189438e-08,0,test
main_009340,0,unknown,9.05944237846861e-07,0,test
main_009341,0,unknown,3.646767312412273e-12,0,test
main_009342,0,unknown,3.6646830070627487e-06,0,test
main_009343,0,unknown,6.8991843313244e-11,0,test
main_009344,0,unknown,6.193661981819691e-10,0,test
main_009345,0,unknown,5.754679903010467e-10,0,test
main_009346,0,unknown,9.360760090109932e-08,0,test
main_009347,0,unknown,1.4887858766937568e-05,0,test
main_009348,0,unknown,5.774751336874833e-08,0,test
main_009349,0,unknown,2.2993331384789713e-11,0,test
main_009350,0,unknown,3.356473690971675e-09,0,test
main_009351,0,unknown,1.1051690082189943e-07,0,test
main_009352,0,unknown,1.8991616550477992e-07,0,test
main_009353,0,unknown,0.0010403536156517242,0,test
main_009354,0,unknown,4.732855333625296e-06,0,test
main_009355,0,unknown,2.1557902696013446e-06,0,test
main_009356,0,unknown,1.4618273585268527e-08,0,test
main_009357,0,unknown,2.0157586290778753e-07,0,test
main_009358,0,unknown,1.5146502416982793e-07,0,test
main_009359,1,unknown,0.9961477818266197,1,test
main_009360,1,unknown,0.999954984018474,1,test
main_009361,0,unknown,1.8793248488487716e-10,0,test
main_009362,0,unknown,2.5755805840345956e-14,0,test
main_009363,0,unknown,1.2539789194919944e-12,0,test
main_009364,0,unknown,5.394807357274312e-13,0,test
main_009365,0,unknown,2.5950478002494586e-12,0,test
main_009366,0,unknown,1.027890942400254e-08,0,test
main_009367,1,unknown,0.9999999971705618,1,test
main_009368,1,scarletflash,0.9999999999999729,1,test
main_009369,0,unknown,4.572022150338975e-11,0,test
main_009370,1,khalesi,0.9999952221188299,1,test
main_009371,0,unknown,1.582181537889285e-09,0,test
main_009372,1,unknown,0.9999999907604294,1,test
main_009373,1,unknown,0.9998234056308793,1,test
main_009374,0,unknown,1.5305446178012562e-14,0,test
main_009375,1,andromeda,0.999999997590062,1,test
main_009376,1,berbew,0.9999999999999978,1,test
main_009377,1,unknown,0.9999999981912913,1,test
main_009378,1,unknown,0.9999999590243548,1,test
main_009379,1,unknown,0.9999999997672668,1,test
main_009380,0,unknown,1.6647362513617403e-08,0,test
main_009381,1,unknown,0.9999999944130924,1,test
main_009382,1,unknown,0.9999925697985665,1,test
main_009383,0,unknown,2.6335739426985583e-10,0,test
main_009384,0,unknown,2.4988859875559777e-08,0,test
main_009385,0,unknown,7.194091522318403e-11,0,test
main_009386,0,unknown,1.1244573830148986e-09,0,test
main_009387,0,unknown,1.5463035981454057e-05,0,test
main_009388,0,unknown,3.062702486421052e-09,0,test
main_009389,0,unknown,1.0083560989073785e-11,0,test
main_009390,0,unknown,1.511485240500862e-08,0,test
main_009391,0,unknown,1.011827412419536e-08,0,test
main_009392,0,unknown,1.0300795274075852e-07,0,test
main_009393,0,unknown,1.0535034446137096e-09,0,test
main_009394,0,unknown,1.6553433786116435e-05,0,test
main_009395,0,unknown,2.2782122136444894e-09,0,test
main_009396,0,unknown,7.418006012254247e-07,0,test
main_009397,1,disin,0.9999999999955755,1,test
main_009398,1,xmrig,1.0,1,test
main_009399,1,vobfus,0.9999999999614941,1,test
main_009400,0,unknown,5.026377341848124e-11,0,test
main_009401,1,unknown,0.9999498388315077,1,test
main_009402,1,scarletflash,0.9999661735066482,1,test
main_009403,0,unknown,2.91863037593806e-10,0,test
main_009404,1,xmrig,1.0,1,test
main_009405,1,scarletflash,0.9999999719280045,1,test
main_009406,1,shelm,0.999993866988058,1,test
main_009407,1,scarletflash,0.9999997954195431,1,test
main_009408,1,blackv,0.9999999447945632,1,test
main_009409,0,unknown,4.1036115870842855e-07,0,test
main_009410,0,unknown,4.142287351080318e-10,0,test
main_009411,0,unknown,1.9885141572231952e-08,0,test
main_009412,0,unknown,0.0002729378253996238,0,test
main_009413,1,berbew,0.9999999999998292,1,test
main_009414,1,unknown,0.9999992582883964,1,test
main_009415,1,wacatac,0.9999999994382534,1,test
main_009416,1,convagent,0.9999999999688867,1,test
main_009417,1,trollav,0.999999999999907,1,test
main_009418,0,unknown,1.1489805503052378e-09,0,test
main_009419,0,unknown,1.2999941251765971e-09,0,test
main_009420,1,unknown,0.9981697422571183,1,test
main_009421,1,miscx,0.9999763854383806,1,test
main_009422,0,unknown,1.441219621892724e-07,0,test
main_009423,1,trickbot,0.9999999999395639,1,test
main_009424,1,cobaltstrike,0.9997712358975499,1,test
main_009425,0,unknown,0.00010013802520118144,0,test
main_009426,1,trollav,0.9999999999999665,1,test
main_009427,0,unknown,6.469701286577315e-06,0,test
main_009428,0,unknown,0.0009322768088420209,0,test
main_009429,0,unknown,2.034041909920508e-05,0,test
main_009430,0,unknown,0.000760495940133861,0,test
main_009431,0,unknown,0.003216228385877477,0,test
main_009432,0,unknown,4.315242338106351e-05,0,test
main_009433,0,unknown,5.193829773462799e-05,0,test
main_009434,0,unknown,3.751278978025385e-10,0,test
main_009435,1,unknown,0.9997044218658474,1,test
main_009436,0,unknown,7.23245483994975e-09,0,test
main_009437,1,qbot,0.998473373393939,1,test
main_009438,1,alisa,0.9998557372617816,1,test
main_009439,1,xmrig,1.0,1,test
main_009440,1,xmrig,1.0,1,test
main_009441,1,xmrig,1.0,1,test
main_009442,0,unknown,3.9403112254557666e-07,0,test
main_009443,1,lotok,0.9999887054051446,1,test
main_009444,0,unknown,5.031080240304853e-09,0,test
main_009445,1,xmrig,1.0,1,test
main_009446,1,trickbot,0.9999999998738482,1,test
main_009447,0,unknown,1.4488121646088128e-12,0,test
main_009448,1,wronginf,0.9997167127252674,1,test
main_009449,1,lockergoga,0.9999851321210017,1,test
main_009450,1,flystudio,0.9964397463993462,1,test
main_009451,1,xmrig,0.9999969520570143,1,test
main_009452,1,xmrig,0.9999999633384307,1,test
main_009453,1,hmblocker,0.8590352214039302,1,test
main_009454,1,xmrig,0.9999999525846868,1,test
main_009455,1,xmrig,0.9999999999999938,1,test
main_009456,1,xmrig,0.9999999433932246,1,test
main_009457,1,cobaltstrike,0.9999999991360486,1,test
main_009458,1,xmrig,1.0,1,test
main_009459,1,berbew,0.9999999999999987,1,test
main_009460,0,unknown,8.14126720338978e-11,0,test
main_009461,1,bedep,0.9999999992522222,1,test
main_009462,1,unknown,0.9997812304750976,1,test
main_009463,1,unknown,0.999999984355904,1,test
main_009464,1,andromeda,0.9999996991827146,1,test
main_009465,1,unknown,0.9999999999996882,1,test
main_009466,0,unknown,6.40813863232115e-11,0,test
main_009467,1,trollav,0.9999999999980727,1,test
main_009468,0,unknown,1.1259208366359072e-05,0,test
main_009469,0,unknown,1.0706795005723017e-05,0,test
main_009470,0,unknown,5.340763709187174e-09,0,test
main_009471,0,unknown,1.6098492621331037e-05,0,test
main_009472,0,unknown,6.52840904316484e-08,0,test
main_009473,0,unknown,0.003032291586326053,0,test
main_009474,1,upatre,0.9999999999999964,1,test
main_009475,0,unknown,2.1233024527812773e-05,0,test
main_009476,1,banload,0.9999999999999991,1,test
main_009477,1,unknown,0.9999988537544746,1,test
main_009478,1,berbew,0.999999999985834,1,test
main_009479,0,unknown,5.730138745342896e-08,0,test
main_009480,0,unknown,8.643277860689539e-06,0,test
main_009481,1,xmrig,1.0,1,test
main_009482,1,soltern,0.99999999984474,1,test
main_009483,1,unknown,0.9999999704980376,1,test
main_009484,0,unknown,1.356908960378791e-05,0,test
main_009485,0,unknown,0.00017390185649950943,0,test
main_009486,0,unknown,4.800406648396722e-10,0,test
main_009487,0,unknown,3.7731916549763885e-08,0,test
main_009488,0,unknown,5.3760562881368935e-09,0,test
main_009489,1,banload,0.9999999999997551,1,test
main_009490,1,trollav,0.9999999999999434,1,test
main_009491,0,unknown,0.502372376841662,1,test
main_009492,1,puwaders,0.999999998971455,1,test
main_009493,1,wacatac,0.9999944904617405,1,test
main_009494,0,unknown,2.528763048657841e-07,0,test
main_009495,0,unknown,0.0001644838512684923,0,test
main_009496,0,unknown,1.0011015584625598e-13,0,test
main_009497,0,unknown,3.739993436865014e-07,0,test
main_009498,1,stormattack,0.9996953783713983,1,test
main_009499,1,airadinstaller,0.9999999459991964,1,test
main_009500,0,unknown,2.540972897930859e-13,0,test
main_009501,0,unknown,1.2041002020372615e-13,0,test
main_009502,0,unknown,2.2396678235149114e-14,0,test
main_009503,0,unknown,1.6804416266701888e-13,0,test
main_009504,0,unknown,8.323169808765554e-15,0,test
main_009505,0,unknown,5.687316332029287e-13,0,test
main_009506,0,unknown,3.010614963681582e-09,0,test
main_009507,0,unknown,5.815934507098911e-14,0,test
main_009508,0,unknown,5.751074034427106e-12,0,test
main_009509,0,unknown,5.00709624783543e-14,0,test
main_009510,0,unknown,3.646987800781753e-11,0,test
main_009511,0,unknown,5.078350890040845e-12,0,test
main_009512,0,unknown,2.3655062869173403e-13,0,test
main_009513,0,unknown,7.710569831828588e-12,0,test
main_009514,0,unknown,1.3964474276327224e-11,0,test
main_009515,1,lotok,0.9995431717096559,1,test
main_009516,1,unknown,0.9999948398526778,1,test
main_009517,0,unknown,0.00014655987474192136,0,test
main_009518,1,xmrig,1.0,1,test
main_009519,1,eyoorun,0.999999959708623,1,test
main_009520,1,scarletflash,0.9999999999938163,1,test
main_009521,0,unknown,2.4891968170667267e-06,0,test
main_009522,0,unknown,8.696888150583942e-09,0,test
main_009523,0,unknown,7.044183610149701e-07,0,test
main_009524,0,unknown,5.542067991221953e-07,0,test
main_009525,0,unknown,1.7013586426262375e-06,0,test
main_009526,0,unknown,4.375668204564644e-09,0,test
main_009527,0,unknown,2.8586722253205032e-08,0,test
main_009528,0,unknown,2.2127312347566042e-10,0,test
main_009529,0,unknown,1.3964804756237989e-09,0,test
main_009530,1,unknown,0.9999999978684542,1,test
main_009531,0,unknown,2.5316332419014685e-12,0,test
main_009532,0,unknown,4.4234308309794347e-07,0,test
main_009533,0,unknown,2.180951193503735e-07,0,test
main_009534,1,expiro,0.9987335822422835,1,test
main_009535,0,unknown,1.4765651829599798e-10,0,test
main_009536,0,unknown,9.744838885333682e-06,0,test
main_009537,0,unknown,6.871535722952106e-11,0,test
main_009538,0,unknown,2.540129097526965e-06,0,test
main_009539,0,unknown,4.991195460372459e-07,0,test
main_009540,0,unknown,1.7599225312651202e-07,0,test
main_009541,0,unknown,5.731044345070088e-08,0,test
main_009542,0,unknown,5.192270848125586e-10,0,test
main_009543,0,unknown,6.261684891884984e-07,0,test
main_009544,1,stop,0.999999962237739,1,test
main_009545,1,sliver,0.9999998397555298,1,test
main_009546,1,sality,0.9999555210087364,1,test
main_009547,1,unknown,0.9999998391528401,1,test
main_009548,0,unknown,7.720177814030133e-10,0,test
main_009549,0,unknown,6.196521806484349e-07,0,test
main_009550,0,unknown,2.0238919475546563e-10,0,test
main_009551,1,clipbanker,0.9999999827905587,1,test
main_009552,1,kuaiba,0.8926192864833402,1,test
main_009553,0,unknown,2.81474731328985e-07,0,test
main_009554,0,unknown,2.455864023200053e-09,0,test
main_009555,1,r77rootkit,0.99999998584608,1,test
main_009556,1,unknown,0.9999063606199489,1,test
main_009557,0,unknown,2.593318080914178e-08,0,test
main_009558,0,unknown,5.336987032865532e-10,0,test
main_009559,0,unknown,6.534203969009815e-13,0,test
main_009560,0,unknown,7.040015683906992e-13,0,test
main_009561,0,unknown,6.516531625878221e-12,0,test
main_009562,1,unknown,0.9999988821126131,1,test
main_009563,0,unknown,2.3635438195983083e-13,0,test
main_009564,0,unknown,3.999745675837598e-12,0,test
main_009565,0,unknown,6.058408524778609e-12,0,test
main_009566,0,unknown,3.587785010467599e-13,0,test
main_009567,0,unknown,1.0419902106868052e-12,0,test
main_009568,0,unknown,2.046741325794026e-11,0,test
main_009569,0,unknown,2.946731576153514e-09,0,test
main_009570,0,unknown,2.7378240482008305e-12,0,test
main_009571,0,unknown,7.48485641995181e-09,0,test
main_009572,0,unknown,1.5909297016478437e-11,0,test
main_009573,0,unknown,3.748297388735567e-12,0,test
main_009574,0,unknown,1.2273991508515883e-09,0,test
main_009575,0,unknown,1.2109290322858637e-11,0,test
main_009576,0,unknown,4.395745058911628e-09,0,test
main_009577,0,unknown,1.327171779272132e-09,0,test
main_009578,0,unknown,1.4139468297331418e-11,0,test
main_009579,0,unknown,2.5536750514533703e-08,0,test
main_009580,0,unknown,4.9430022156501656e-05,0,test
main_009581,1,unknown,0.9992914108888181,1,test
main_009582,1,unknown,0.9999990614368259,1,test
main_009583,1,trickbot,0.9974840684298587,1,test
main_009584,0,unknown,2.2042195707339015e-09,0,test
main_009585,1,trickbot,0.9999972228244194,1,test
main_009586,1,unknown,0.9999427201203591,1,test
main_009587,1,wacatac,0.9999947235934965,1,test
main_009588,0,unknown,3.9915425075102175e-10,0,test
main_009589,1,sality,0.9999988058236037,1,test
main_009590,0,unknown,1.0245720628087359e-10,0,test
main_009591,0,unknown,4.937529333832835e-09,0,test
main_009592,0,unknown,5.007910795293865e-11,0,test
main_009593,1,lockergoga,0.9999999967313211,1,test
main_009594,0,unknown,2.5720996348086777e-06,0,test
main_009595,0,unknown,4.907793877996465e-13,0,test
main_009596,0,unknown,3.936377070252055e-08,0,test
main_009597,1,banload,0.9999999999998759,1,test
main_009598,1,killall,0.9999999984276404,1,test
main_009599,1,wacatac,0.9999993805234632,1,test
main_009600,0,unknown,8.275628631276966e-10,0,test
main_009601,0,unknown,1.2203485810346212e-12,0,test
main_009602,0,unknown,3.771214604746731e-12,0,test
main_009603,0,unknown,1.2064502474268716e-07,0,test
main_009604,0,unknown,9.448606166578414e-12,0,test
main_009605,0,unknown,2.0350180282606395e-13,0,test
main_009606,1,baceed,0.9997215450434827,1,test
main_009607,0,unknown,1.615413629206856e-05,0,test
main_009608,0,unknown,1.301016751172919e-07,0,test
main_009609,0,unknown,1.68124551175403e-18,0,test
main_009610,0,unknown,3.719255172591833e-17,0,test
main_009611,1,convagent,0.9999999461109499,1,test
main_009612,0,unknown,1.2308291153078392e-05,0,test
main_009613,1,expiro,0.9999999862568067,1,test
main_009614,1,unknown,0.9999690042182946,1,test
main_009615,0,unknown,4.346349950393718e-17,0,test
main_009616,1,unknown,0.9999999999709999,1,test
main_009617,0,unknown,1.2722569630547636e-06,0,test
main_009618,0,unknown,2.5911062388644156e-17,0,test
main_009619,0,unknown,4.10441241176716e-06,0,test
main_009620,0,unknown,0.0020148951349402773,0,test
main_009621,0,unknown,2.468912226884933e-05,0,test
main_009622,0,unknown,2.873063272044603e-05,0,test
main_009623,1,unknown,0.9945690873315488,1,test
main_009624,1,cordimik,0.9999999999984106,1,test
main_009625,0,unknown,1.0255448288205986e-05,0,test
main_009626,0,unknown,6.169072626707998e-09,0,test
main_009627,0,unknown,1.2278125146787648e-06,0,test
main_009628,0,unknown,6.741303320312139e-07,0,test
main_009629,1,goshell,0.9999999987916681,1,test
main_009630,1,pcclient,0.9995473400555545,1,test
main_009631,0,unknown,9.394178825436495e-12,0,test
main_009632,1,ad2345,0.44535787831146273,1,test
main_009633,1,unknown,0.9999999611414416,1,test
main_009634,0,unknown,5.918385124357615e-10,0,test
main_009635,0,unknown,3.243078107910959e-11,0,test
main_009636,0,unknown,4.901942242634109e-07,0,test
main_009637,0,unknown,1.911179586145254e-09,0,test
main_009638,0,unknown,6.287097153612272e-08,0,test
main_009639,0,unknown,5.111284659644928e-09,0,test
main_009640,0,unknown,1.1403899016963627e-12,0,test
main_009641,0,unknown,1.4440620826306292e-08,0,test
main_009642,0,unknown,0.0032338984291599,0,test
main_009643,0,unknown,1.0593557001180258e-06,0,test
main_009644,0,unknown,0.23383960992792835,1,test
main_009645,0,unknown,2.550816745894409e-10,0,test
main_009646,0,unknown,1.8501535633733615e-07,0,test
main_009647,0,unknown,4.68686054714707e-06,0,test
main_009648,0,unknown,8.640548025200022e-06,0,test
main_009649,0,unknown,2.9648647142023105e-12,0,test
main_009650,0,unknown,2.899828486724098e-07,0,test
main_009651,0,unknown,2.3237936814721543e-06,0,test
main_009652,0,unknown,1.3969409577758646e-11,0,test
main_009653,0,unknown,5.842507182159466e-09,0,test
main_009654,0,unknown,6.299555862649097e-07,0,test
main_009655,0,unknown,1.8895155298446055e-09,0,test
main_009656,0,unknown,0.0004969220753177813,0,test
main_009657,0,unknown,1.3225436403918366e-08,0,test
main_009658,0,unknown,1.45299740855283e-06,0,test
main_009659,0,unknown,0.0006189893065612111,0,test
main_009660,0,unknown,0.0014662651617659418,0,test
main_009661,0,unknown,3.7273889687651067e-08,0,test
main_009662,0,unknown,7.683102045918458e-09,0,test
main_009663,0,unknown,1.5126205998028536e-06,0,test
main_009664,0,unknown,7.171291169522557e-09,0,test
main_009665,0,unknown,8.802445646349457e-08,0,test
main_009666,0,unknown,1.467289642014155e-07,0,test
main_009667,0,unknown,3.056219692607963e-06,0,test
main_009668,0,unknown,2.5799917918901588e-08,0,test
main_009669,0,unknown,4.872378523771147e-09,0,test
main_009670,0,unknown,1.4189627506755976e-06,0,test
main_009671,0,unknown,8.095293285632845e-09,0,test
main_009672,1,vonteera,0.9998099348582579,1,test
main_009673,0,unknown,1.8369792631328467e-09,0,test
main_009674,0,unknown,6.958221351885639e-07,0,test
main_009675,0,unknown,3.5600446627000467e-10,0,test
main_009676,0,unknown,6.338437324108244e-05,0,test
main_009677,1,wacatac,0.9999997121308986,1,test
main_009678,0,unknown,1.359588180900024e-05,0,test
main_009679,0,unknown,0.00012090835802760878,0,test
main_009680,0,unknown,0.00018627777767733637,0,test
main_009681,1,lingyunnet,0.999926100269435,1,test
main_009682,1,unknown,0.9999967047324743,1,test
main_009683,1,metasploit,0.9999999999996378,1,test
main_009684,0,unknown,1.191953042542968e-08,0,test
main_009685,0,unknown,3.559020008079347e-07,0,test
main_009686,0,unknown,1.7400118723547509e-06,0,test
main_009687,0,unknown,4.7240230270029106e-07,0,test
main_009688,1,wacatac,0.9999999435732699,1,test
main_009689,0,unknown,2.4646847651549013e-05,0,test
main_009690,0,unknown,3.066944054237596e-07,0,test
main_009691,0,unknown,6.8285954837473574e-12,0,test
main_009692,0,unknown,0.023606539217039958,1,test
main_009693,0,unknown,9.631597578638256e-11,0,test
main_009694,0,unknown,3.1107624246001034e-06,0,test
main_009695,0,unknown,2.7048937766613833e-09,0,test
main_009696,0,unknown,2.760721693925874e-10,0,test
main_009697,0,unknown,1.136116205320468e-09,0,test
main_009698,0,unknown,3.183133351371874e-10,0,test
main_009699,0,unknown,3.169928943870754e-06,0,test
main_009700,0,unknown,3.4693540924432743e-14,0,test
main_009701,1,unknown,0.9999999999992981,1,test
main_009702,1,unknown,0.9999998762995361,1,test
main_009703,0,unknown,1.9165058269206638e-11,0,test
main_009704,0,unknown,3.873252434535749e-06,0,test
main_009705,0,unknown,5.181699621398072e-09,0,test
main_009706,0,unknown,2.454346485284752e-07,0,test
main_009707,0,unknown,1.5996919104096417e-09,0,test
main_009708,0,unknown,2.477379327522584e-08,0,test
main_009709,0,unknown,6.614155424172824e-07,0,test
main_009710,0,unknown,7.982154984927418e-05,0,test
main_009711,1,convagent,0.9999994511126749,1,test
main_009712,0,unknown,1.5280780329063003e-07,0,test
main_009713,0,unknown,2.984084650740978e-09,0,test
main_009714,0,unknown,8.579014394733587e-08,0,test
main_009715,1,disin,0.9999999999783549,1,test
main_009716,0,unknown,0.004530009086294416,0,test
main_009717,0,unknown,3.5656614337655477e-06,0,test
main_009718,0,unknown,1.9835462729768442e-05,0,test
main_009719,0,unknown,3.655615714554908e-06,0,test
main_009720,0,unknown,6.453434693276229e-09,0,test
main_009721,0,unknown,8.385089415012346e-07,0,test
main_009722,0,unknown,9.374046350114007e-06,0,test
main_009723,0,unknown,0.00012864857654147315,0,test
main_009724,0,unknown,3.449572865444909e-06,0,test
main_009725,0,unknown,0.0009400454519876475,0,test
main_009726,0,unknown,0.00021829384029031855,0,test
main_009727,0,unknown,4.712395090022875e-06,0,test
main_009728,0,unknown,0.00018932763102934416,0,test
main_009729,0,unknown,4.249521004467068e-05,0,test
main_009730,0,unknown,4.2836901530387606e-06,0,test
main_009731,0,unknown,0.0002950199883278974,0,test
main_009732,0,unknown,8.857407055899488e-05,0,test
main_009733,0,unknown,2.899363269830219e-05,0,test
main_009734,0,unknown,5.4472175308104306e-05,0,test
main_009735,0,unknown,0.0001752227043828393,0,test
main_009736,0,unknown,0.0004328071194458472,0,test
main_009737,0,unknown,6.282757841000995e-05,0,test
main_009738,0,unknown,2.1063627562732647e-05,0,test
main_009739,0,unknown,5.342646254314355e-08,0,test
main_009740,0,unknown,6.847427522913314e-13,0,test
main_009741,0,unknown,7.178045214556644e-05,0,test
main_009742,0,unknown,1.716369176377e-05,0,test
main_009743,0,unknown,7.222974730389332e-10,0,test
main_009744,0,unknown,2.285729404067063e-06,0,test
main_009745,0,unknown,2.2194497905889015e-07,0,test
main_009746,0,unknown,3.4796468812542964e-09,0,test
main_009747,0,unknown,5.358288011942975e-09,0,test
main_009748,0,unknown,2.5277913331506872e-05,0,test
main_009749,0,unknown,1.8607864891907468e-06,0,test
main_009750,0,unknown,3.655540893565512e-06,0,test
main_009751,0,unknown,1.5056530989340078e-09,0,test
main_009752,0,unknown,3.74057874033003e-05,0,test
main_009753,0,unknown,1.7787010188000933e-09,0,test
main_009754,0,unknown,1.3752792322804728e-06,0,test
main_009755,1,engimastealer,0.9943483575188351,1,test
main_009756,1,scarletflash,0.9999999999709364,1,test
main_009757,0,unknown,8.225131234942785e-08,0,test
main_009758,1,almi,0.9956964497682853,1,test
main_009759,0,unknown,5.13056985299787e-09,0,test
main_009760,0,unknown,4.246222922916476e-13,0,test
main_009761,1,cerbu,0.9999999999989495,1,test
main_009762,1,nuitka,0.9999983664523622,1,test
main_009763,1,nuitka,0.9999975064837625,1,test
main_009764,1,metasploit,0.9999999999986005,1,test
main_009765,1,unknown,0.9999999999999396,1,test
main_009766,0,unknown,1.3483040465926704e-08,0,test
main_009767,1,disco,0.9999999999999816,1,test
main_009768,0,unknown,5.945419740449269e-11,0,test
main_009769,1,uztuby,0.9999567470752041,1,test
main_009770,0,unknown,2.7371193152853097e-12,0,test
main_009771,0,unknown,3.497881920600075e-11,0,test
main_009772,1,unknown,0.9999992128572509,1,test
main_009773,0,unknown,1.483061602585226e-06,0,test
main_009774,0,unknown,1.4309707724329782e-11,0,test
main_009775,0,unknown,4.448298941780646e-08,0,test
main_009776,0,unknown,1.0381073032399574e-12,0,test
main_009777,0,unknown,1.6475443899965262e-05,0,test
main_009778,0,unknown,2.0893461116648824e-09,0,test
main_009779,0,unknown,1.8116141615618985e-05,0,test
main_009780,0,unknown,2.1337260223686163e-09,0,test
main_009781,0,unknown,2.786740187391457e-08,0,test
main_009782,0,unknown,1.2482303801085307e-08,0,test
main_009783,0,unknown,5.1798079136244235e-06,0,test
main_009784,0,unknown,2.97914735025811e-07,0,test
main_009785,0,unknown,2.830245365881605e-07,0,test
main_009786,0,unknown,1.9602168473659806e-09,0,test
main_009787,0,unknown,5.588483008758275e-07,0,test
main_009788,0,unknown,2.4038151978650776e-09,0,test
main_009789,0,unknown,3.2693634197381616e-13,0,test
main_009790,0,unknown,1.0926480819296328e-08,0,test
main_009791,0,unknown,1.8715956471832955e-10,0,test
main_009792,0,unknown,3.4871422585175753e-13,0,test
main_009793,0,unknown,2.3746555821520093e-12,0,test
main_009794,0,unknown,3.5668042243867304e-13,0,test
main_009795,0,unknown,1.54296160270479e-11,0,test
main_009796,0,unknown,5.8000965931095855e-09,0,test
main_009797,1,unknown,0.6240567722276855,1,test
main_009798,0,unknown,8.510555314479842e-12,0,test
main_009799,0,unknown,9.461166093613962e-07,0,test
main_009800,0,unknown,2.6176910767473865e-07,0,test
main_009801,1,bsymem,0.999950108275955,1,test
main_009802,0,unknown,1.3262628678427928e-11,0,test
main_009803,1,kiangthi,0.999976047724612,1,test
main_009804,0,unknown,9.49596049134909e-06,0,test
main_009805,1,wacatac,0.9999951759597706,1,test
main_009806,1,scarletflash,0.9999547283672198,1,test
main_009807,1,phonzy,0.9999983159549749,1,test
main_009808,0,unknown,4.6240013816852116e-07,0,test
main_009809,1,rustypita,0.9999999980785188,1,test
main_009810,0,unknown,6.783924767108235e-08,0,test
main_009811,0,unknown,4.251064805147063e-10,0,test
main_009812,1,trickbot,0.9999858715309448,1,test
main_009813,0,unknown,3.070419848793921e-05,0,test
main_009814,0,unknown,4.68377946458686e-09,0,test
main_009815,0,unknown,0.0001762871765724434,0,test
main_009816,1,vindor,0.9999999999999996,1,test
main_009817,1,xmrig,1.0,1,test
main_009818,0,unknown,9.779241708638445e-11,0,test
main_009819,0,unknown,4.271236808579441e-10,0,test
main_009820,0,unknown,1.2608248046917095e-10,0,test
main_009821,0,unknown,4.619860930745399e-10,0,test
main_009822,0,unknown,2.341213124030262e-06,0,test
main_009823,1,phonzy,0.9999822169193894,1,test
main_009824,1,xmrig,1.0,1,test
main_009825,1,xmrig,1.0,1,test
main_009826,0,unknown,3.281824128868331e-10,0,test
main_009827,0,unknown,6.501418031523846e-08,0,test
main_009828,1,dinwod,0.9999999999985083,1,test
main_009829,1,blackmoon,1.0,1,test
main_009830,1,unknown,0.9986108216895234,1,test
main_009831,0,unknown,0.00027975834775850576,0,test
main_009832,0,unknown,0.002022098226529016,0,test
main_009833,1,unknown,0.999999999692293,1,test
main_009834,1,wacatac,0.9999999999876203,1,test
main_009835,1,xmrig,1.0,1,test
main_009836,0,unknown,4.819701019636582e-06,0,test
main_009837,1,expiro,0.999999910615579,1,test
main_009838,1,unknown,0.9999999507157504,1,test
main_009839,0,unknown,5.4075398029201415e-08,0,test
main_009840,0,unknown,0.00030188390771029855,0,test
main_009841,0,unknown,8.790264470419831e-11,0,test
main_009842,0,unknown,3.7978511220860296e-12,0,test
main_009843,0,unknown,1.526508772167104e-07,0,test
main_009844,0,unknown,4.95290497204488e-09,0,test
main_009845,0,unknown,9.827387150677712e-12,0,test
main_009846,1,xmrig,0.9999999999999929,1,test
main_009847,1,gandcrab,0.9999997866290866,1,test
main_009848,1,xmrig,1.0,1,test
main_009849,1,convagent,0.9999999343276219,1,test
main_009850,1,unknown,0.99999996592535,1,test
main_009851,1,disin,0.9999999999918119,1,test
main_009852,0,unknown,8.390837329510799e-07,0,test
main_009853,0,unknown,4.237630852183801e-07,0,test
main_009854,0,unknown,1.2950696883629246e-09,0,test
main_009855,0,unknown,5.567778995485145e-08,0,test
main_009856,0,unknown,2.216234525732636e-12,0,test
main_009857,0,unknown,3.4716314688489594e-08,0,test
main_009858,0,unknown,1.3431206334781238e-08,0,test
main_009859,0,unknown,1.8142135301305757e-07,0,test
main_009860,0,unknown,3.3467662485965613e-10,0,test
main_009861,1,xmrig,0.999999999999966,1,test
main_009862,0,unknown,3.919838626247942e-08,0,test
main_009863,1,unknown,0.9999999999998206,1,test
main_009864,0,unknown,1.4704660697336155e-12,0,test
main_009865,0,unknown,3.049815832518141e-06,0,test
main_009866,0,unknown,6.9023705691622e-09,0,test
main_009867,0,unknown,0.0003741043584186169,0,test
main_009868,0,unknown,3.775666085918952e-07,0,test
main_009869,1,ruberoid,0.9992507363718843,1,test
main_009870,1,convagent,0.9999999423558086,1,test
main_009871,0,unknown,0.0072136503019242714,0,test
main_009872,1,unknown,0.999999589800934,1,test
main_009873,1,unknown,0.9969184468833604,1,test
main_009874,1,goshell,0.9999997506990861,1,test
main_009875,0,unknown,6.078689765272938e-05,0,test
main_009876,1,unknown,0.9999998420070789,1,test
main_009877,0,unknown,1.231404928585034e-07,0,test
main_009878,0,unknown,3.5950706064009083e-06,0,test
main_009879,0,unknown,1.3582953720777267e-11,0,test
main_009880,0,unknown,1.2481812676786105e-08,0,test
main_009881,0,unknown,3.4372748217149304e-07,0,test
main_009882,0,unknown,0.004342184681073876,0,test
main_009883,1,fabookie,0.997794595043243,1,test
main_009884,0,unknown,5.375296256884527e-08,0,test
main_009885,0,unknown,1.6288176669375527e-09,0,test
main_009886,1,powersploit,0.999967075062434,1,test
main_009887,1,wacatac,0.9999999999999185,1,test
main_009888,0,unknown,0.0006744133797377865,0,test
main_009889,0,unknown,4.9619573496607466e-08,0,test
main_009890,0,unknown,1.835563949044172e-07,0,test
main_009891,0,unknown,6.315995579240466e-07,0,test
main_009892,0,unknown,5.164929309972393e-08,0,test
main_009893,1,unknown,0.9999999999999731,1,test
main_009894,0,unknown,5.703301635452339e-09,0,test
main_009895,0,unknown,2.3085775701976193e-09,0,test
main_009896,0,unknown,6.093770087253949e-07,0,test
main_009897,0,unknown,1.6570189818672437e-06,0,test
main_009898,0,unknown,2.6172178251536195e-07,0,test
main_009899,0,unknown,8.423142936121853e-08,0,test
main_009900,0,unknown,2.5758714191205348e-09,0,test
main_009901,0,unknown,1.4483332089185092e-10,0,test
main_009902,0,unknown,2.5195078921537082e-08,0,test
main_009903,0,unknown,1.5005327429775422e-11,0,test
main_009904,0,unknown,1.7597725399052616e-07,0,test
main_009905,0,unknown,2.232434713224246e-09,0,test
main_009906,0,unknown,6.819446910085328e-10,0,test
main_009907,0,unknown,6.306437225277005e-08,0,test
main_009908,0,unknown,4.027657249144062e-10,0,test
main_009909,0,unknown,6.857444878594307e-10,0,test
main_009910,1,wacatac,0.9999999993205413,1,test
main_009911,0,unknown,0.0001142188551541644,0,test
main_009912,1,rustdesk,0.9999998514713845,1,test
main_009913,0,unknown,6.16224409395524e-14,0,test
main_009914,1,unknown,0.9999999999971105,1,test
main_009915,1,doenerium,0.999995421153381,1,test
main_009916,0,unknown,5.4417752837420915e-08,0,test
main_009917,0,unknown,2.2363809328795522e-08,0,test
main_009918,1,rustdesk,0.9948798306169907,1,test
main_009919,0,unknown,8.291550442839373e-09,0,test
main_009920,0,unknown,1.5633121014983938e-11,0,test
main_009921,0,unknown,3.7694911287748656e-10,0,test
main_009922,1,goshell,0.9999995855622795,1,test
main_009923,0,unknown,1.449152252308752e-09,0,test
main_009924,0,unknown,2.5393802352815143e-09,0,test
main_009925,0,unknown,1.3963828131938634e-05,0,test
main_009926,0,unknown,3.1479383262429076e-09,0,test
main_009927,0,unknown,3.4569289255268304e-07,0,test
main_009928,0,unknown,1.0604489712255437e-09,0,test
main_009929,0,unknown,1.723558368249807e-09,0,test
main_009930,0,unknown,2.6400128466461027e-09,0,test
main_009931,0,unknown,3.4567215687174226e-07,0,test
main_009932,0,unknown,1.3610859240948141e-10,0,test
main_009933,0,unknown,6.148328480693562e-09,0,test
main_009934,1,unknown,0.9999877405154697,1,test
main_009935,0,unknown,1.8416378979003555e-10,0,test
main_009936,0,unknown,8.504614785206596e-08,0,test
main_009937,0,unknown,5.084946505882742e-09,0,test
main_009938,0,unknown,1.7445786508271136e-09,0,test
main_009939,0,unknown,2.3942388408515113e-11,0,test
main_009940,1,disin,0.9999999999992024,1,test
main_009941,1,unknown,0.9999999988682426,1,test
main_009942,1,cuegoe,0.9999999130222985,1,test
main_009943,1,rustypita,0.9999999998602203,1,test
main_009944,1,crypmodng,0.9999999999970661,1,test
main_009945,1,unknown,0.9897845808167103,1,test
main_009946,1,unknown,0.9999968664139437,1,test
main_009947,0,unknown,4.7680914629702566e-05,0,test
main_009948,0,unknown,5.06041432878205e-08,0,test
main_009949,1,unknown,0.9999999680834256,1,test
main_009950,0,unknown,9.733591604430605e-06,0,test
main_009951,0,unknown,9.99946420415913e-10,0,test
main_009952,0,unknown,3.0326549554650814e-05,0,test
main_009953,0,unknown,6.796440879591991e-14,0,test
main_009954,0,unknown,0.09098000616005991,1,test
main_009955,0,unknown,1.733952807933138e-08,0,test
main_009956,0,unknown,5.546747391088068e-10,0,test
main_009957,0,unknown,7.103195307438304e-05,0,test
main_009958,0,unknown,2.2565992413395888e-07,0,test
main_009959,0,unknown,1.2319570081586143e-08,0,test
main_009960,0,unknown,1.7870988259258701e-10,0,test
main_009961,0,unknown,3.849658866621142e-09,0,test
main_009962,0,unknown,1.403443438888049e-09,0,test
main_009963,1,blankgrabber,0.9999999998969058,1,test
main_009964,1,ruberoid,0.9994088762009057,1,test
main_009965,1,alien,0.9999999999999991,1,test
main_009966,0,unknown,0.012461287909316006,1,test
main_009967,0,unknown,0.08552688416353064,1,test
main_009968,0,unknown,7.91361373931599e-09,0,test
main_009969,0,unknown,2.9153124406378023e-06,0,test
main_009970,0,unknown,1.3172299710804427e-09,0,test
main_009971,0,unknown,1.9127058004929445e-12,0,test
main_009972,0,unknown,4.030119847939735e-10,0,test
main_009973,0,unknown,1.5133889912720596e-09,0,test
main_009974,0,unknown,8.696370089692944e-14,0,test
main_009975,0,unknown,1.4441489253439887e-09,0,test
main_009976,0,unknown,2.196974542351085e-13,0,test
main_009977,0,unknown,3.2144420023887527e-12,0,test
main_009978,0,unknown,1.7314482009453688e-11,0,test
main_009979,0,unknown,1.0428065253128218e-13,0,test
main_009980,0,unknown,4.1431663811062704e-10,0,test
main_009981,0,unknown,2.0600889380939965e-13,0,test
main_009982,1,unknown,0.9999999945782325,1,test
main_009983,0,unknown,1.2035514072213136e-06,0,test
main_009984,0,unknown,0.0007002968092824979,0,test
main_009985,1,unknown,0.9999779449947721,1,test
main_009986,1,premine,0.9999999999999347,1,test
main_009987,1,unknown,0.9999981577403665,1,test
main_009988,1,unknown,0.9999999999742777,1,test
main_009989,0,unknown,2.1063475084805624e-08,0,test
main_009990,1,wacatac,0.9999999999685509,1,test
main_009991,0,unknown,3.914613020201278e-14,0,test
main_009992,0,unknown,1.4880364662648534e-07,0,test
main_009993,0,unknown,3.9356036143018526e-11,0,test
main_009994,1,rustypita,0.9999999999988896,1,test
main_009995,1,scarletflash,0.9999810441055306,1,test
main_009996,0,unknown,0.0015017215834938929,0,test
main_009997,1,ndaof,0.9999999998866278,1,test
main_009998,0,unknown,7.031988195287104e-08,0,test
main_009999,1,lockergoga,0.9999999453117224,1,test
