{
  "auroc": 1.0,
  "pr_auc": 1.0,
  "brier": 0.2777655961990219,
  "ece": 0.16663687097836222,
  "lift_at_5pct": 0.0,
  "lift_at_10pct": 0.0
}