sample_id,sample_fingerprint_sha256,family_fingerprint_sha256,family,p_ransomware,susceptibility_bucket,impact,expected_loss,attack_techniques,d3fend_control_ids,d3fend_control_names
main_000000,8895a111e985087756f042b4a321c2d36812c7951ddea413b1750fa0bb089d21,c9e58d481ca76ea25d4579ea39056b5f5e3a5c25648274f9dcd1b6c533284d52,upatre,0.9999999999957334,High,5000000.0,4999999.999978667,T1027;T1055;T1486,D3-BAC;D3-BDR;D3-FA;D3-PM;D3-SAW;D3-UBA,Backup Access Control;Backup Data Recovery;File Analysis;Platform Monitoring;System Access Workflow;User Behavior Analysis
main_000005,70fc8007c87b1904bc973bbec7ccdedb4d10140807c058a1c100049eac9ce69a,77862efd76591a786f99d400c0f97633e2bfb2bbd18b09dd6bf33ebe49f40f07,xmrig,1.0,High,5000000.0,5000000.0,T1027;T1055;T1059,D3-AL;D3-CR;D3-FA;D3-PM;D3-SAW;D3-UBA,Application Allowlisting;Command Restriction;File Analysis;Platform Monitoring;System Access Workflow;User Behavior Analysis
main_000013,140d33e4c5733cbee988f4a8e4e6885a3f4ff449618b365fb6e41fbad3bf18e4,187f622dc0da983d25da3df0e452808a96dd8c64c24aace69bc339cfe47a165d,expiro,0.9999999999999952,High,5000000.0,4999999.999999976,T1027;T1055;T1486,D3-BAC;D3-BDR;D3-FA;D3-PM;D3-SAW;D3-UBA,Backup Access Control;Backup Data Recovery;File Analysis;Platform Monitoring;System Access Workflow;User Behavior Analysis
main_000020,7437e488493a6f8604ec660799b5f4d635cc7e6575b13a7ecc092f083ea065cc,187f622dc0da983d25da3df0e452808a96dd8c64c24aace69bc339cfe47a165d,expiro,0.999999999928332,High,5000000.0,4999999.99964166,T1027;T1055;T1486,D3-BAC;D3-BDR;D3-FA;D3-PM;D3-SAW;D3-UBA,Backup Access Control;Backup Data Recovery;File Analysis;Platform Monitoring;System Access Workflow;User Behavior Analysis
main_000021,4077c6e8f848f6ad6a813a4dd157798853cf7cc8a2df91844f31f53aaf398210,c8b999ec8614bd108b6640f976e6442afa74ef68f3436b132f6e6dfe4879fcad,grandoreiro,0.9999999999994318,High,5000000.0,4999999.999997159,T1027;T1055;T1486,D3-BAC;D3-BDR;D3-FA;D3-PM;D3-SAW;D3-UBA,Backup Access Control;Backup Data Recovery;File Analysis;Platform Monitoring;System Access Workflow;User Behavior Analysis
main_000024,552ac73666903882fc6c6b028b1e9b1cf58368c8b3f48e38b998358764a64fbc,c61f9dbf4af88faf1552da707a9ba3d86a76deee0ff1e082e6a9c784274920d6,ulise,0.9999982690132214,High,5000000.0,4999991.345066107,T1027;T1055;T1486,D3-BAC;D3-BDR;D3-FA;D3-PM;D3-SAW;D3-UBA,Backup Access Control;Backup Data Recovery;File Analysis;Platform Monitoring;System Access Workflow;User Behavior Analysis
main_000026,37af0ad802e31969c6290fe2d41bf472278fc8fa5bb3c91b8e4e4af299cc219f,acfd227c9e2a637ba527343252a51d6cbf588451f0194210216eeda06e834e95,banload,0.9999999999999998,High,5000000.0,4999999.999999999,T1027;T1055;T1486,D3-BAC;D3-BDR;D3-FA;D3-PM;D3-SAW;D3-UBA,Backup Access Control;Backup Data Recovery;File Analysis;Platform Monitoring;System Access Workflow;User Behavior Analysis
main_000034,72d62c68756a620a7a82075433fb65c118461c844724bd18d8712d5f5383a2b3,187f622dc0da983d25da3df0e452808a96dd8c64c24aace69bc339cfe47a165d,expiro,0.9999987860833314,High,5000000.0,4999993.930416657,T1027;T1055;T1486,D3-BAC;D3-BDR;D3-FA;D3-PM;D3-SAW;D3-UBA,Backup Access Control;Backup Data Recovery;File Analysis;Platform Monitoring;System Access Workflow;User Behavior Analysis
main_000035,23a1ee258e5985db43641d36ff7b19bdff61025a5dca9abc5884f4466c82b312,77862efd76591a786f99d400c0f97633e2bfb2bbd18b09dd6bf33ebe49f40f07,xmrig,0.9999999999999069,High,5000000.0,4999999.999999534,T1027;T1055;T1059,D3-AL;D3-CR;D3-FA;D3-PM;D3-SAW;D3-UBA,Application Allowlisting;Command Restriction;File Analysis;Platform Monitoring;System Access Workflow;User Behavior Analysis
main_000036,da8afb9c630466c1fe5421ec9858105fffa2de39582b5892a70e86c133af6010,acfd227c9e2a637ba527343252a51d6cbf588451f0194210216eeda06e834e95,banload,0.9999999999999998,High,5000000.0,4999999.999999999,T1027;T1055;T1486,D3-BAC;D3-BDR;D3-FA;D3-PM;D3-SAW;D3-UBA,Backup Access Control;Backup Data Recovery;File Analysis;Platform Monitoring;System Access Workflow;User Behavior Analysis
main_000043,91d792bc0cce9dcdaf7a6af2d554187eaa1fe3e1962e70a135d011d16144ce0a,acfd227c9e2a637ba527343252a51d6cbf588451f0194210216eeda06e834e95,banload,0.9999999999999998,High,5000000.0,4999999.999999999,T1027;T1055;T1486,D3-BAC;D3-BDR;D3-FA;D3-PM;D3-SAW;D3-UBA,Backup Access Control;Backup Data Recovery;File Analysis;Platform Monitoring;System Access Workflow;User Behavior Analysis
main_000046,55c8b121b1cd6f9e55171bfef27e5ae52ecc945fada910ea1091fb00484f5d10,77862efd76591a786f99d400c0f97633e2bfb2bbd18b09dd6bf33ebe49f40f07,xmrig,0.9999999985529572,High,5000000.0,4999999.992764786,T1027;T1055;T1059,D3-AL;D3-CR;D3-FA;D3-PM;D3-SAW;D3-UBA,Application Allowlisting;Command Restriction;File Analysis;Platform Monitoring;System Access Workflow;User Behavior Analysis
main_000070,b047c8097b497a9820c3085921952b6dc218e003ce13c3f023f70ea5ea17224a,58bb064ce0f0721aab7e4b4285f49e318ee801ab658d49dcfff305df630cc5c9,bedep,0.999999457937574,High,5000000.0,4999997.28968787,T1027;T1055;T1486,D3-BAC;D3-BDR;D3-FA;D3-PM;D3-SAW;D3-UBA,Backup Access Control;Backup Data Recovery;File Analysis;Platform Monitoring;System Access Workflow;User Behavior Analysis
main_000071,19e63e718d5a7312e3295bbc8039e5096e33acd42733ec30cd943690ff99db23,72d49f51276bfe8a48b1770f0858af6a307fe180b60efcedd44bcf86ec251706,flystudio,0.9999968872118232,High,5000000.0,4999984.436059116,T1027;T1055;T1486,D3-BAC;D3-BDR;D3-FA;D3-PM;D3-SAW;D3-UBA,Backup Access Control;Backup Data Recovery;File Analysis;Platform Monitoring;System Access Workflow;User Behavior Analysis
main_000073,02ca661dd849bf838bfb47337052853e308aa7435f1d37a6603e60b9dcc96850,187f622dc0da983d25da3df0e452808a96dd8c64c24aace69bc339cfe47a165d,expiro,0.9999999999544966,High,5000000.0,4999999.999772484,T1027;T1055;T1486,D3-BAC;D3-BDR;D3-FA;D3-PM;D3-SAW;D3-UBA,Backup Access Control;Backup Data Recovery;File Analysis;Platform Monitoring;System Access Workflow;User Behavior Analysis
main_000074,bcbac8818ef099497ef72501190acaca30cd94cf30ca8aa6ef040cfecc4bdd61,72d49f51276bfe8a48b1770f0858af6a307fe180b60efcedd44bcf86ec251706,flystudio,0.9982465883304648,High,5000000.0,4991232.941652324,T1027;T1055;T1486,D3-BAC;D3-BDR;D3-FA;D3-PM;D3-SAW;D3-UBA,Backup Access Control;Backup Data Recovery;File Analysis;Platform Monitoring;System Access Workflow;User Behavior Analysis
main_000078,f3bfca9ee95ac80c9d8b21a0aaeaf2b387dcabd8582e67a09a013d369814aa3c,77862efd76591a786f99d400c0f97633e2bfb2bbd18b09dd6bf33ebe49f40f07,xmrig,1.0,High,5000000.0,5000000.0,T1027;T1055;T1059,D3-AL;D3-CR;D3-FA;D3-PM;D3-SAW;D3-UBA,Application Allowlisting;Command Restriction;File Analysis;Platform Monitoring;System Access Workflow;User Behavior Analysis
main_000081,17acbb28ae494ba13390a4248dd31547d5d6d6cd219a01e50ba755aacc15c618,77862efd76591a786f99d400c0f97633e2bfb2bbd18b09dd6bf33ebe49f40f07,xmrig,1.0,High,5000000.0,5000000.0,T1027;T1055;T1059,D3-AL;D3-CR;D3-FA;D3-PM;D3-SAW;D3-UBA,Application Allowlisting;Command Restriction;File Analysis;Platform Monitoring;System Access Workflow;User Behavior Analysis
main_000105,c510b01d04e736dc12aabaef2678d104c69b81f46e4e8d7526333ce87049cb3b,77862efd76591a786f99d400c0f97633e2bfb2bbd18b09dd6bf33ebe49f40f07,xmrig,1.0,High,5000000.0,5000000.0,T1027;T1055;T1059,D3-AL;D3-CR;D3-FA;D3-PM;D3-SAW;D3-UBA,Application Allowlisting;Command Restriction;File Analysis;Platform Monitoring;System Access Workflow;User Behavior Analysis
main_000111,e24b384031fe66008d015b3e52ea639c5e9171611e616c4a0eff81c0c64838a6,04d890b2e972a9c6984f3a55fbc6362903c44855434a3ed390b72b5cde0d1297,vindor,0.9999999999999996,High,5000000.0,4999999.999999998,T1027;T1055;T1486,D3-BAC;D3-BDR;D3-FA;D3-PM;D3-SAW;D3-UBA,Backup Access Control;Backup Data Recovery;File Analysis;Platform Monitoring;System Access Workflow;User Behavior Analysis
main_000112,0786d638cb87f7bff0ae6cd554e23712528c9863e6f1ad37fd25fc8d9cf7bfcd,187f622dc0da983d25da3df0e452808a96dd8c64c24aace69bc339cfe47a165d,expiro,0.9999999999999905,High,5000000.0,4999999.9999999525,T1027;T1055;T1486,D3-BAC;D3-BDR;D3-FA;D3-PM;D3-SAW;D3-UBA,Backup Access Control;Backup Data Recovery;File Analysis;Platform Monitoring;System Access Workflow;User Behavior Analysis
main_000118,dafabdf3bf2a2112a4633a6a2c230c262d6f23e8e485392cd3d9676c80103028,77862efd76591a786f99d400c0f97633e2bfb2bbd18b09dd6bf33ebe49f40f07,xmrig,1.0,High,5000000.0,5000000.0,T1027;T1055;T1059,D3-AL;D3-CR;D3-FA;D3-PM;D3-SAW;D3-UBA,Application Allowlisting;Command Restriction;File Analysis;Platform Monitoring;System Access Workflow;User Behavior Analysis
main_000120,68738911fa8984ee9cf6ba78d4e9ae57e04da4aa226621572ccd9601bb77acde,77862efd76591a786f99d400c0f97633e2bfb2bbd18b09dd6bf33ebe49f40f07,xmrig,1.0,High,5000000.0,5000000.0,T1027;T1055;T1059,D3-AL;D3-CR;D3-FA;D3-PM;D3-SAW;D3-UBA,Application Allowlisting;Command Restriction;File Analysis;Platform Monitoring;System Access Workflow;User Behavior Analysis
main_000126,2ac2e9e8cf78bfaafc7d251ad18658d096a6ce604e65e85771138c91f968c6f4,77862efd76591a786f99d400c0f97633e2bfb2bbd18b09dd6bf33ebe49f40f07,xmrig,1.0,High,5000000.0,5000000.0,T1027;T1055;T1059,D3-AL;D3-CR;D3-FA;D3-PM;D3-SAW;D3-UBA,Application Allowlisting;Command Restriction;File Analysis;Platform Monitoring;System Access Workflow;User Behavior Analysis
main_000127,81f29fd54be5ab4588de1a8016002ea743ab5b7acd61ac35b1d9113516ae11f6,ef092d42941fb6af2ca50130b1d7a2fb36f80cc98954c008a5ccc00a2995ab79,scarletflash,0.9999999651705344,High,5000000.0,4999999.825852672,T1027;T1055;T1486,D3-BAC;D3-BDR;D3-FA;D3-PM;D3-SAW;D3-UBA,Backup Access Control;Backup Data Recovery;File Analysis;Platform Monitoring;System Access Workflow;User Behavior Analysis
main_000131,07ac61d8598702b17ebd0cb7d006e7b08a26faa8523f1bf353e2056fbcd2ee81,77862efd76591a786f99d400c0f97633e2bfb2bbd18b09dd6bf33ebe49f40f07,xmrig,1.0,High,5000000.0,5000000.0,T1027;T1055;T1059,D3-AL;D3-CR;D3-FA;D3-PM;D3-SAW;D3-UBA,Application Allowlisting;Command Restriction;File Analysis;Platform Monitoring;System Access Workflow;User Behavior Analysis
main_000132,aac12816676cc602ac077e687fa681b44e4a2adbd5c4259763a09b92afa58f5b,187f622dc0da983d25da3df0e452808a96dd8c64c24aace69bc339cfe47a165d,expiro,0.9999999999994114,High,5000000.0,4999999.999997057,T1027;T1055;T1486,D3-BAC;D3-BDR;D3-FA;D3-PM;D3-SAW;D3-UBA,Backup Access Control;Backup Data Recovery;File Analysis;Platform Monitoring;System Access Workflow;User Behavior Analysis
main_000134,ce01c4455faf91aa2d3616d6380d4a328d8162a91eb47515c57cf58fead24c73,77862efd76591a786f99d400c0f97633e2bfb2bbd18b09dd6bf33ebe49f40f07,xmrig,0.9999999998435364,High,5000000.0,4999999.999217682,T1027;T1055;T1059,D3-AL;D3-CR;D3-FA;D3-PM;D3-SAW;D3-UBA,Application Allowlisting;Command Restriction;File Analysis;Platform Monitoring;System Access Workflow;User Behavior Analysis
main_000137,4396a34f883c32f75a17848bd3dc2bdb70c0b66e804a308efb688aea2d097996,b83ef675cc28b5b0387916e29e9ced4ef6c6d6ea4fcffdbc3b3b086e80167fce,berbew,0.9999999999890504,High,5000000.0,4999999.999945252,T1027;T1055;T1486,D3-BAC;D3-BDR;D3-FA;D3-PM;D3-SAW;D3-UBA,Backup Access Control;Backup Data Recovery;File Analysis;Platform Monitoring;System Access Workflow;User Behavior Analysis
main_000139,f8ab82d5e1c2d981dd4a0c9204522dd273b5938cf19a8a51f2fe0326bff0a1f8,58bb064ce0f0721aab7e4b4285f49e318ee801ab658d49dcfff305df630cc5c9,bedep,0.9999999440883316,High,5000000.0,4999999.720441658,T1027;T1055;T1486,D3-BAC;D3-BDR;D3-FA;D3-PM;D3-SAW;D3-UBA,Backup Access Control;Backup Data Recovery;File Analysis;Platform Monitoring;System Access Workflow;User Behavior Analysis
main_000140,38a6646050288c4ee0a8620e6fbc013a8e5ec5758499df497e2f48b3b6c7e46a,77862efd76591a786f99d400c0f97633e2bfb2bbd18b09dd6bf33ebe49f40f07,xmrig,1.0,High,5000000.0,5000000.0,T1027;T1055;T1059,D3-AL;D3-CR;D3-FA;D3-PM;D3-SAW;D3-UBA,Application Allowlisting;Command Restriction;File Analysis;Platform Monitoring;System Access Workflow;User Behavior Analysis
main_000141,98a7d3aba4dfc52d3bb01937afd8f81359dcc9f1e6bf04299eec2a06a89f9e0f,99e2d5c6e5fb193a148e06547f5c9bb4e3dd2bc061e9a90592462767e9f80912,disin,0.999999945402588,High,5000000.0,4999999.72701294,T1027;T1055;T1486,D3-BAC;D3-BDR;D3-FA;D3-PM;D3-SAW;D3-UBA,Backup Access Control;Backup Data Recovery;File Analysis;Platform Monitoring;System Access Workflow;User Behavior Analysis
main_000142,44bcc4d707f2e3d4a209a5fb6123e92e62ad1fad4bf2c0ec23487a6d91958f79,3bea44f95b17af14e750df7ab567b80b5e9aaaab87c2b4c1204f2269f98af653,disco,0.9999996660162974,High,5000000.0,4999998.330081487,T1027;T1055;T1486,D3-BAC;D3-BDR;D3-FA;D3-PM;D3-SAW;D3-UBA,Backup Access Control;Backup Data Recovery;File Analysis;Platform Monitoring;System Access Workflow;User Behavior Analysis
main_000143,6ea2c4426454c90756220993f20a68c22cb76be22ba976ba76ef776c1e6fa735,77862efd76591a786f99d400c0f97633e2bfb2bbd18b09dd6bf33ebe49f40f07,xmrig,1.0,High,5000000.0,5000000.0,T1027;T1055;T1059,D3-AL;D3-CR;D3-FA;D3-PM;D3-SAW;D3-UBA,Application Allowlisting;Command Restriction;File Analysis;Platform Monitoring;System Access Workflow;User Behavior Analysis
main_000144,5f0c5648a5e57e6e220c7959398df571a38e83b9b59dcffd6a38c72541966ae3,187f622dc0da983d25da3df0e452808a96dd8c64c24aace69bc339cfe47a165d,expiro,0.9999999999999384,High,5000000.0,4999999.999999692,T1027;T1055;T1486,D3-BAC;D3-BDR;D3-FA;D3-PM;D3-SAW;D3-UBA,Backup Access Control;Backup Data Recovery;File Analysis;Platform Monitoring;System Access Workflow;User Behavior Analysis
main_000145,f2dc639b9ed9c9c34afa072f619efe0834e95bfe867bf918e4b4242b37ae7759,187f622dc0da983d25da3df0e452808a96dd8c64c24aace69bc339cfe47a165d,expiro,0.9999999999997748,High,5000000.0,4999999.999998874,T1027;T1055;T1486,D3-BAC;D3-BDR;D3-FA;D3-PM;D3-SAW;D3-UBA,Backup Access Control;Backup Data Recovery;File Analysis;Platform Monitoring;System Access Workflow;User Behavior Analysis
main_000154,98756060cce2b1cc30bdec6bcac4774e35b20516e8f04046af378a68a18ebf28,187f622dc0da983d25da3df0e452808a96dd8c64c24aace69bc339cfe47a165d,expiro,0.9999822395472464,High,5000000.0,4999911.197736232,T1027;T1055;T1486,D3-BAC;D3-BDR;D3-FA;D3-PM;D3-SAW;D3-UBA,Backup Access Control;Backup Data Recovery;File Analysis;Platform Monitoring;System Access Workflow;User Behavior Analysis
main_000155,2f5d40b3d0f2dd57235730adc3f07e3ada3215a993a1df30cbe0a3d67035ced8,77862efd76591a786f99d400c0f97633e2bfb2bbd18b09dd6bf33ebe49f40f07,xmrig,1.0,High,5000000.0,5000000.0,T1027;T1055;T1059,D3-AL;D3-CR;D3-FA;D3-PM;D3-SAW;D3-UBA,Application Allowlisting;Command Restriction;File Analysis;Platform Monitoring;System Access Workflow;User Behavior Analysis
main_000157,2ad01127ab0c3c67b83b23be7ac7f2717303541ac4e98f690c414e14beab46b5,77862efd76591a786f99d400c0f97633e2bfb2bbd18b09dd6bf33ebe49f40f07,xmrig,0.9999999999999992,High,5000000.0,4999999.999999996,T1027;T1055;T1059,D3-AL;D3-CR;D3-FA;D3-PM;D3-SAW;D3-UBA,Application Allowlisting;Command Restriction;File Analysis;Platform Monitoring;System Access Workflow;User Behavior Analysis
main_000159,e894b10dffe52e437fb792ffac8137da073050494ca43ef93b3ae89463d64591,77862efd76591a786f99d400c0f97633e2bfb2bbd18b09dd6bf33ebe49f40f07,xmrig,1.0,High,5000000.0,5000000.0,T1027;T1055;T1059,D3-AL;D3-CR;D3-FA;D3-PM;D3-SAW;D3-UBA,Application Allowlisting;Command Restriction;File Analysis;Platform Monitoring;System Access Workflow;User Behavior Analysis
main_000160,4261bfd2f3722e1dc408e60161d5b3e22739201e9f3842b058fe238d3b034ba8,77862efd76591a786f99d400c0f97633e2bfb2bbd18b09dd6bf33ebe49f40f07,xmrig,1.0,High,5000000.0,5000000.0,T1027;T1055;T1059,D3-AL;D3-CR;D3-FA;D3-PM;D3-SAW;D3-UBA,Application Allowlisting;Command Restriction;File Analysis;Platform Monitoring;System Access Workflow;User Behavior Analysis
main_000161,f8e8792c2b777d678ffdb89868d6b28da0d13398bc34544aa1ebbae438bb863a,187f622dc0da983d25da3df0e452808a96dd8c64c24aace69bc339cfe47a165d,expiro,0.9999992799795994,High,5000000.0,4999996.399897997,T1027;T1055;T1486,D3-BAC;D3-BDR;D3-FA;D3-PM;D3-SAW;D3-UBA,Backup Access Control;Backup Data Recovery;File Analysis;Platform Monitoring;System Access Workflow;User Behavior Analysis
main_000162,f1efeddd72e4081ae4a45c5df90e030d6483967f70265e6a9e9883e326512d49,ef092d42941fb6af2ca50130b1d7a2fb36f80cc98954c008a5ccc00a2995ab79,scarletflash,0.9999999999999782,High,5000000.0,4999999.999999891,T1027;T1055;T1486,D3-BAC;D3-BDR;D3-FA;D3-PM;D3-SAW;D3-UBA,Backup Access Control;Backup Data Recovery;File Analysis;Platform Monitoring;System Access Workflow;User Behavior Analysis
main_000164,84877fb8f5b02f91b6ad688909b975e12bdcdbbe521bd7d7c4bc202a76c14f8c,77862efd76591a786f99d400c0f97633e2bfb2bbd18b09dd6bf33ebe49f40f07,xmrig,1.0,High,5000000.0,5000000.0,T1027;T1055;T1059,D3-AL;D3-CR;D3-FA;D3-PM;D3-SAW;D3-UBA,Application Allowlisting;Command Restriction;File Analysis;Platform Monitoring;System Access Workflow;User Behavior Analysis
main_000165,6f4f3d64ad80af0f11f7a98c59447d72d943061a85299c782a87a318778249be,187f622dc0da983d25da3df0e452808a96dd8c64c24aace69bc339cfe47a165d,expiro,0.9999999999999948,High,5000000.0,4999999.999999974,T1027;T1055;T1486,D3-BAC;D3-BDR;D3-FA;D3-PM;D3-SAW;D3-UBA,Backup Access Control;Backup Data Recovery;File Analysis;Platform Monitoring;System Access Workflow;User Behavior Analysis
main_000167,eb456e091f0940fc7bd2e56de458491a62d38432be8d30f6ef1d6280fe7333d4,ef092d42941fb6af2ca50130b1d7a2fb36f80cc98954c008a5ccc00a2995ab79,scarletflash,0.999999999983749,High,5000000.0,4999999.999918745,T1027;T1055;T1486,D3-BAC;D3-BDR;D3-FA;D3-PM;D3-SAW;D3-UBA,Backup Access Control;Backup Data Recovery;File Analysis;Platform Monitoring;System Access Workflow;User Behavior Analysis
main_000168,249ad90048f2592935a8742114b1ced19899e438b8eef78418224f7f54fc568c,ef092d42941fb6af2ca50130b1d7a2fb36f80cc98954c008a5ccc00a2995ab79,scarletflash,0.9999999999999418,High,5000000.0,4999999.999999709,T1027;T1055;T1486,D3-BAC;D3-BDR;D3-FA;D3-PM;D3-SAW;D3-UBA,Backup Access Control;Backup Data Recovery;File Analysis;Platform Monitoring;System Access Workflow;User Behavior Analysis
main_000169,543eb55f7ff07bdedfa376df1e1c1037759ca753cd6e13dddb92bb0033125628,187f622dc0da983d25da3df0e452808a96dd8c64c24aace69bc339cfe47a165d,expiro,0.9999999999997048,High,5000000.0,4999999.999998524,T1027;T1055;T1486,D3-BAC;D3-BDR;D3-FA;D3-PM;D3-SAW;D3-UBA,Backup Access Control;Backup Data Recovery;File Analysis;Platform Monitoring;System Access Workflow;User Behavior Analysis
main_000170,2b787750adc305f2bda471f772202c03916ab1451b1e5bbf047e9bd50911fcc7,77862efd76591a786f99d400c0f97633e2bfb2bbd18b09dd6bf33ebe49f40f07,xmrig,1.0,High,5000000.0,5000000.0,T1027;T1055;T1059,D3-AL;D3-CR;D3-FA;D3-PM;D3-SAW;D3-UBA,Application Allowlisting;Command Restriction;File Analysis;Platform Monitoring;System Access Workflow;User Behavior Analysis
main_000171,5ca71250792d6ab1ee2695fe7098f412c76de6e5fd3ed2010856c40c0bb0ad3c,77862efd76591a786f99d400c0f97633e2bfb2bbd18b09dd6bf33ebe49f40f07,xmrig,0.9999999999999996,High,5000000.0,4999999.999999998,T1027;T1055;T1059,D3-AL;D3-CR;D3-FA;D3-PM;D3-SAW;D3-UBA,Application Allowlisting;Command Restriction;File Analysis;Platform Monitoring;System Access Workflow;User Behavior Analysis
main_000172,becc523d559250d1da1958c48ad7f33f007b246f6964f87ce5f7ee3fb9385ed4,77862efd76591a786f99d400c0f97633e2bfb2bbd18b09dd6bf33ebe49f40f07,xmrig,1.0,High,5000000.0,5000000.0,T1027;T1055;T1059,D3-AL;D3-CR;D3-FA;D3-PM;D3-SAW;D3-UBA,Application Allowlisting;Command Restriction;File Analysis;Platform Monitoring;System Access Workflow;User Behavior Analysis
main_000174,fe310156bfaea3a01c09d125f6bee412c05863786675877e1b0730eaa3c173ae,77862efd76591a786f99d400c0f97633e2bfb2bbd18b09dd6bf33ebe49f40f07,xmrig,1.0,High,5000000.0,5000000.0,T1027;T1055;T1059,D3-AL;D3-CR;D3-FA;D3-PM;D3-SAW;D3-UBA,Application Allowlisting;Command Restriction;File Analysis;Platform Monitoring;System Access Workflow;User Behavior Analysis
main_000184,162bbe4d0df9caf67502bcb00c0ad2036478990cfa1d577b2fe1db608e124e68,ca6ac6af66c22d8acdd6e42a00a9a21a24a37e3fa6a018662fb6dbaabfe7a96d,metasploit,0.9999999999995376,High,5000000.0,4999999.999997688,T1027;T1055;T1486,D3-BAC;D3-BDR;D3-FA;D3-PM;D3-SAW;D3-UBA,Backup Access Control;Backup Data Recovery;File Analysis;Platform Monitoring;System Access Workflow;User Behavior Analysis
main_000186,ec3e6235e07097d2a2856d58a7950c2a4efbc9f424bdd03255ad15b6a1ec0c1c,02f47a65d4fd8d00c4aff12092e2155e9f12df2d089bcb1e28b5d65d0d4d7f0f,wacatac,0.9999999999999408,High,5000000.0,4999999.999999704,T1027;T1055;T1486,D3-BAC;D3-BDR;D3-FA;D3-PM;D3-SAW;D3-UBA,Backup Access Control;Backup Data Recovery;File Analysis;Platform Monitoring;System Access Workflow;User Behavior Analysis
main_000187,516b7fd2128c5e2780bb4fe540aa3e3b18b304adda15b938f3df3e8ce7aa038b,ca6ac6af66c22d8acdd6e42a00a9a21a24a37e3fa6a018662fb6dbaabfe7a96d,metasploit,0.9999999997264104,High,5000000.0,4999999.998632052,T1027;T1055;T1486,D3-BAC;D3-BDR;D3-FA;D3-PM;D3-SAW;D3-UBA,Backup Access Control;Backup Data Recovery;File Analysis;Platform Monitoring;System Access Workflow;User Behavior Analysis
main_000188,a102b30bde7d0984aee0b2db474319943bd9a98305fbb6d25fe691069baf83f3,ca6ac6af66c22d8acdd6e42a00a9a21a24a37e3fa6a018662fb6dbaabfe7a96d,metasploit,0.999999998563244,High,5000000.0,4999999.99281622,T1027;T1055;T1486,D3-BAC;D3-BDR;D3-FA;D3-PM;D3-SAW;D3-UBA,Backup Access Control;Backup Data Recovery;File Analysis;Platform Monitoring;System Access Workflow;User Behavior Analysis
main_000189,c9d7391e3291f2c1a86eb5c52ca4b7932efa4151599a70c1cb70ea7e155dad3e,187f622dc0da983d25da3df0e452808a96dd8c64c24aace69bc339cfe47a165d,expiro,0.999999999999929,High,5000000.0,4999999.999999645,T1027;T1055;T1486,D3-BAC;D3-BDR;D3-FA;D3-PM;D3-SAW;D3-UBA,Backup Access Control;Backup Data Recovery;File Analysis;Platform Monitoring;System Access Workflow;User Behavior Analysis
main_000190,976bb2f47c450ed42d7345814927055d229b065061c374fcfd1bcf710179a695,187f622dc0da983d25da3df0e452808a96dd8c64c24aace69bc339cfe47a165d,expiro,0.9999999999999388,High,5000000.0,4999999.999999695,T1027;T1055;T1486,D3-BAC;D3-BDR;D3-FA;D3-PM;D3-SAW;D3-UBA,Backup Access Control;Backup Data Recovery;File Analysis;Platform Monitoring;System Access Workflow;User Behavior Analysis
main_000191,cb015c2c91de75fddbf6b8b827b035f2870668846ef7b40a155ef081c777e010,187f622dc0da983d25da3df0e452808a96dd8c64c24aace69bc339cfe47a165d,expiro,0.9999999999999948,High,5000000.0,4999999.999999974,T1027;T1055;T1486,D3-BAC;D3-BDR;D3-FA;D3-PM;D3-SAW;D3-UBA,Backup Access Control;Backup Data Recovery;File Analysis;Platform Monitoring;System Access Workflow;User Behavior Analysis
main_000192,6ef49c5e93ee46e754469fc89a5581599d5eb88cd13e1a23f89ec0f9f72224b5,187f622dc0da983d25da3df0e452808a96dd8c64c24aace69bc339cfe47a165d,expiro,0.9999999999980584,High,5000000.0,4999999.999990292,T1027;T1055;T1486,D3-BAC;D3-BDR;D3-FA;D3-PM;D3-SAW;D3-UBA,Backup Access Control;Backup Data Recovery;File Analysis;Platform Monitoring;System Access Workflow;User Behavior Analysis
main_000193,db6abdb39de3708fdee108a9581482a4fa35d3d9a38a3f680746df5b4956b68b,b83ef675cc28b5b0387916e29e9ced4ef6c6d6ea4fcffdbc3b3b086e80167fce,berbew,0.9999999987918072,High,5000000.0,4999999.993959036,T1027;T1055;T1486,D3-BAC;D3-BDR;D3-FA;D3-PM;D3-SAW;D3-UBA,Backup Access Control;Backup Data Recovery;File Analysis;Platform Monitoring;System Access Workflow;User Behavior Analysis
main_000197,d74b5f842ac9ca51049ac8e345a5ae977d8e6a11f01dd9b7dd751db33e656214,77862efd76591a786f99d400c0f97633e2bfb2bbd18b09dd6bf33ebe49f40f07,xmrig,1.0,High,5000000.0,5000000.0,T1027;T1055;T1059,D3-AL;D3-CR;D3-FA;D3-PM;D3-SAW;D3-UBA,Application Allowlisting;Command Restriction;File Analysis;Platform Monitoring;System Access Workflow;User Behavior Analysis
main_000200,99a48a9d68cb4098097e89528b55a3343067297dbff5578c9a7585e09bdd0200,77862efd76591a786f99d400c0f97633e2bfb2bbd18b09dd6bf33ebe49f40f07,xmrig,1.0,High,5000000.0,5000000.0,T1027;T1055;T1059,D3-AL;D3-CR;D3-FA;D3-PM;D3-SAW;D3-UBA,Application Allowlisting;Command Restriction;File Analysis;Platform Monitoring;System Access Workflow;User Behavior Analysis
main_000202,d6c8b03791489c22b6bac27dcb4f98263efca216e6b15270cf6c890e46f680b7,187f622dc0da983d25da3df0e452808a96dd8c64c24aace69bc339cfe47a165d,expiro,0.9999999999999905,High,5000000.0,4999999.9999999525,T1027;T1055;T1486,D3-BAC;D3-BDR;D3-FA;D3-PM;D3-SAW;D3-UBA,Backup Access Control;Backup Data Recovery;File Analysis;Platform Monitoring;System Access Workflow;User Behavior Analysis
main_000203,c868fa6335b7bfdb981519f5178d370f41189a1b8f547e77956518c6c56c491e,187f622dc0da983d25da3df0e452808a96dd8c64c24aace69bc339cfe47a165d,expiro,0.9999999999999944,High,5000000.0,4999999.999999972,T1027;T1055;T1486,D3-BAC;D3-BDR;D3-FA;D3-PM;D3-SAW;D3-UBA,Backup Access Control;Backup Data Recovery;File Analysis;Platform Monitoring;System Access Workflow;User Behavior Analysis
main_000204,8fc8d38ac5b42f504d546a52aeb9c0a56f18d800193bf9e97d55fec3ddd23b55,77862efd76591a786f99d400c0f97633e2bfb2bbd18b09dd6bf33ebe49f40f07,xmrig,1.0,High,5000000.0,5000000.0,T1027;T1055;T1059,D3-AL;D3-CR;D3-FA;D3-PM;D3-SAW;D3-UBA,Application Allowlisting;Command Restriction;File Analysis;Platform Monitoring;System Access Workflow;User Behavior Analysis
main_000213,f59a08e95bab610049dbcb6af5cbd926b82d5c0df10df8c62ba5b1154a19639b,ef092d42941fb6af2ca50130b1d7a2fb36f80cc98954c008a5ccc00a2995ab79,scarletflash,0.9999999752925632,High,5000000.0,4999999.876462816,T1027;T1055;T1486,D3-BAC;D3-BDR;D3-FA;D3-PM;D3-SAW;D3-UBA,Backup Access Control;Backup Data Recovery;File Analysis;Platform Monitoring;System Access Workflow;User Behavior Analysis
main_000214,313c78aed01bd77020187f2a4d7187c946bc3a561b93ab41871845c209687a2c,77862efd76591a786f99d400c0f97633e2bfb2bbd18b09dd6bf33ebe49f40f07,xmrig,1.0,High,5000000.0,5000000.0,T1027;T1055;T1059,D3-AL;D3-CR;D3-FA;D3-PM;D3-SAW;D3-UBA,Application Allowlisting;Command Restriction;File Analysis;Platform Monitoring;System Access Workflow;User Behavior Analysis
main_000217,953049cbfa62c2e9ad09b868276dc599b0a4c5fb5c8e0cff34c9d06f8a9bb691,187f622dc0da983d25da3df0e452808a96dd8c64c24aace69bc339cfe47a165d,expiro,0.9999999999992312,High,5000000.0,4999999.999996156,T1027;T1055;T1486,D3-BAC;D3-BDR;D3-FA;D3-PM;D3-SAW;D3-UBA,Backup Access Control;Backup Data Recovery;File Analysis;Platform Monitoring;System Access Workflow;User Behavior Analysis
main_000218,10e98dfbbca08f0dc5f6539541a2156765f06a9139e4fe0c0556e8883114ffbd,187f622dc0da983d25da3df0e452808a96dd8c64c24aace69bc339cfe47a165d,expiro,0.9999999999999378,High,5000000.0,4999999.999999689,T1027;T1055;T1486,D3-BAC;D3-BDR;D3-FA;D3-PM;D3-SAW;D3-UBA,Backup Access Control;Backup Data Recovery;File Analysis;Platform Monitoring;System Access Workflow;User Behavior Analysis
main_000220,96e29f9420b31ea6a19df1ee3cedc1d65600b9008828455bf68bdcbc135ce416,77862efd76591a786f99d400c0f97633e2bfb2bbd18b09dd6bf33ebe49f40f07,xmrig,1.0,High,5000000.0,5000000.0,T1027;T1055;T1059,D3-AL;D3-CR;D3-FA;D3-PM;D3-SAW;D3-UBA,Application Allowlisting;Command Restriction;File Analysis;Platform Monitoring;System Access Workflow;User Behavior Analysis
main_000229,499f0a849f473bea6e9cb10cb76c0e3c5490690ab118143feb1446c39cff80f0,ef092d42941fb6af2ca50130b1d7a2fb36f80cc98954c008a5ccc00a2995ab79,scarletflash,0.9999822572142816,High,5000000.0,4999911.286071408,T1027;T1055;T1486,D3-BAC;D3-BDR;D3-FA;D3-PM;D3-SAW;D3-UBA,Backup Access Control;Backup Data Recovery;File Analysis;Platform Monitoring;System Access Workflow;User Behavior Analysis
main_000230,13a3d0b3d3027d4b5ef7abc1177ce41e850195056313f139b1fc3b2bed2bead4,99e2d5c6e5fb193a148e06547f5c9bb4e3dd2bc061e9a90592462767e9f80912,disin,0.9999999999995646,High,5000000.0,4999999.999997823,T1027;T1055;T1486,D3-BAC;D3-BDR;D3-FA;D3-PM;D3-SAW;D3-UBA,Backup Access Control;Backup Data Recovery;File Analysis;Platform Monitoring;System Access Workflow;User Behavior Analysis
main_000232,ee5c3cf1666499ef6aed661586d11be0c89e5d1ec67db8469c0929e4c084fa78,77862efd76591a786f99d400c0f97633e2bfb2bbd18b09dd6bf33ebe49f40f07,xmrig,0.9999998566525752,High,5000000.0,4999999.283262876,T1027;T1055;T1059,D3-AL;D3-CR;D3-FA;D3-PM;D3-SAW;D3-UBA,Application Allowlisting;Command Restriction;File Analysis;Platform Monitoring;System Access Workflow;User Behavior Analysis
main_000233,fbba034e5e02107863dcbed50a80d22013bde782018e2f0c00743d7c17723640,77862efd76591a786f99d400c0f97633e2bfb2bbd18b09dd6bf33ebe49f40f07,xmrig,0.9999999990412456,High,5000000.0,4999999.995206228,T1027;T1055;T1059,D3-AL;D3-CR;D3-FA;D3-PM;D3-SAW;D3-UBA,Application Allowlisting;Command Restriction;File Analysis;Platform Monitoring;System Access Workflow;User Behavior Analysis
main_000234,9aaa706a4c508fafc5c0328759107d146b3ceebcc9eb11a42a0673ca6f3efaa8,c8b999ec8614bd108b6640f976e6442afa74ef68f3436b132f6e6dfe4879fcad,grandoreiro,0.9999999999973812,High,5000000.0,4999999.999986906,T1027;T1055;T1486,D3-BAC;D3-BDR;D3-FA;D3-PM;D3-SAW;D3-UBA,Backup Access Control;Backup Data Recovery;File Analysis;Platform Monitoring;System Access Workflow;User Behavior Analysis
main_000235,7fa4a65e58acf48cf792a33f313d88809fba9db5e6fdbead7c896237767ad3d3,c8b999ec8614bd108b6640f976e6442afa74ef68f3436b132f6e6dfe4879fcad,grandoreiro,0.9999999990942948,High,5000000.0,4999999.995471474,T1027;T1055;T1486,D3-BAC;D3-BDR;D3-FA;D3-PM;D3-SAW;D3-UBA,Backup Access Control;Backup Data Recovery;File Analysis;Platform Monitoring;System Access Workflow;User Behavior Analysis
main_000236,45510249aa2a6f7ba3ce0a6fcb40d56c9a18229f91cd73b8456a503d7b4cf40e,ef092d42941fb6af2ca50130b1d7a2fb36f80cc98954c008a5ccc00a2995ab79,scarletflash,0.9999999851933076,High,5000000.0,4999999.925966538,T1027;T1055;T1486,D3-BAC;D3-BDR;D3-FA;D3-PM;D3-SAW;D3-UBA,Backup Access Control;Backup Data Recovery;File Analysis;Platform Monitoring;System Access Workflow;User Behavior Analysis
main_000237,e87f9d7bfae83f2eb8ad08120cf04844f90d80a0cbb909c6da8ec5fe4fb1777c,77862efd76591a786f99d400c0f97633e2bfb2bbd18b09dd6bf33ebe49f40f07,xmrig,1.0,High,5000000.0,5000000.0,T1027;T1055;T1059,D3-AL;D3-CR;D3-FA;D3-PM;D3-SAW;D3-UBA,Application Allowlisting;Command Restriction;File Analysis;Platform Monitoring;System Access Workflow;User Behavior Analysis
main_000239,b94c4e453ee647e23be2ec1964ba4911dd97786a6b9fe705a58dcfc5d0e6af21,77862efd76591a786f99d400c0f97633e2bfb2bbd18b09dd6bf33ebe49f40f07,xmrig,1.0,High,5000000.0,5000000.0,T1027;T1055;T1059,D3-AL;D3-CR;D3-FA;D3-PM;D3-SAW;D3-UBA,Application Allowlisting;Command Restriction;File Analysis;Platform Monitoring;System Access Workflow;User Behavior Analysis
main_000242,3b1497f55b84e980502d7fd97497aad922789b608bc1f8ddc2e33b63ae33c072,77862efd76591a786f99d400c0f97633e2bfb2bbd18b09dd6bf33ebe49f40f07,xmrig,1.0,High,5000000.0,5000000.0,T1027;T1055;T1059,D3-AL;D3-CR;D3-FA;D3-PM;D3-SAW;D3-UBA,Application Allowlisting;Command Restriction;File Analysis;Platform Monitoring;System Access Workflow;User Behavior Analysis
main_000243,0e74b9d3b19a1c71898df1bb81ba2e96ea6af8cc218a24b390b82d7e299cea2a,77862efd76591a786f99d400c0f97633e2bfb2bbd18b09dd6bf33ebe49f40f07,xmrig,1.0,High,5000000.0,5000000.0,T1027;T1055;T1059,D3-AL;D3-CR;D3-FA;D3-PM;D3-SAW;D3-UBA,Application Allowlisting;Command Restriction;File Analysis;Platform Monitoring;System Access Workflow;User Behavior Analysis
main_000244,bf7e964d2f15ca0505981e993d613e93e36dec0b251ae993d8dfab6ed2b54179,77862efd76591a786f99d400c0f97633e2bfb2bbd18b09dd6bf33ebe49f40f07,xmrig,1.0,High,5000000.0,5000000.0,T1027;T1055;T1059,D3-AL;D3-CR;D3-FA;D3-PM;D3-SAW;D3-UBA,Application Allowlisting;Command Restriction;File Analysis;Platform Monitoring;System Access Workflow;User Behavior Analysis
main_000245,34434f3fa0ba45c0a3c002d63d73813d842fa53a0bf3e2a0f0cad0cc34d3c9ab,02f47a65d4fd8d00c4aff12092e2155e9f12df2d089bcb1e28b5d65d0d4d7f0f,wacatac,0.9999999983417484,High,5000000.0,4999999.9917087415,T1027;T1055;T1486,D3-BAC;D3-BDR;D3-FA;D3-PM;D3-SAW;D3-UBA,Backup Access Control;Backup Data Recovery;File Analysis;Platform Monitoring;System Access Workflow;User Behavior Analysis
main_000246,ac30ccef82b95ec2b911b749b717500a7712f5fbe56baba990fb9ec8d54e42d4,02f47a65d4fd8d00c4aff12092e2155e9f12df2d089bcb1e28b5d65d0d4d7f0f,wacatac,0.999999411655888,High,5000000.0,4999997.05827944,T1027;T1055;T1486,D3-BAC;D3-BDR;D3-FA;D3-PM;D3-SAW;D3-UBA,Backup Access Control;Backup Data Recovery;File Analysis;Platform Monitoring;System Access Workflow;User Behavior Analysis
main_000247,50f97145faf43764fa21928344851039da2428b9a749c4f702859aac9d3a00b4,02f47a65d4fd8d00c4aff12092e2155e9f12df2d089bcb1e28b5d65d0d4d7f0f,wacatac,0.999997539699488,High,5000000.0,4999987.69849744,T1027;T1055;T1486,D3-BAC;D3-BDR;D3-FA;D3-PM;D3-SAW;D3-UBA,Backup Access Control;Backup Data Recovery;File Analysis;Platform Monitoring;System Access Workflow;User Behavior Analysis
main_000248,77be766d72450146bfc3066a7fde06464af50130782065d3f6108759482f19df,ef092d42941fb6af2ca50130b1d7a2fb36f80cc98954c008a5ccc00a2995ab79,scarletflash,0.9999464376312712,High,5000000.0,4999732.188156356,T1027;T1055;T1486,D3-BAC;D3-BDR;D3-FA;D3-PM;D3-SAW;D3-UBA,Backup Access Control;Backup Data Recovery;File Analysis;Platform Monitoring;System Access Workflow;User Behavior Analysis
main_000261,acaf1659ea6a948852d4977914b1a5cf4a11c28175742d0c1a45ae1807d11f35,77862efd76591a786f99d400c0f97633e2bfb2bbd18b09dd6bf33ebe49f40f07,xmrig,1.0,High,5000000.0,5000000.0,T1027;T1055;T1059,D3-AL;D3-CR;D3-FA;D3-PM;D3-SAW;D3-UBA,Application Allowlisting;Command Restriction;File Analysis;Platform Monitoring;System Access Workflow;User Behavior Analysis
main_000266,3dc235651096e49bf3b0c5c7cacc275eae2830ba2e596107b3e2eb0315fcbfc9,02f47a65d4fd8d00c4aff12092e2155e9f12df2d089bcb1e28b5d65d0d4d7f0f,wacatac,0.999999999999432,High,5000000.0,4999999.99999716,T1027;T1055;T1486,D3-BAC;D3-BDR;D3-FA;D3-PM;D3-SAW;D3-UBA,Backup Access Control;Backup Data Recovery;File Analysis;Platform Monitoring;System Access Workflow;User Behavior Analysis
main_000270,a7629427a3331bf0819890e07a740f6ee48b626599b3bbafe656d4bdb7049d12,77862efd76591a786f99d400c0f97633e2bfb2bbd18b09dd6bf33ebe49f40f07,xmrig,1.0,High,5000000.0,5000000.0,T1027;T1055;T1059,D3-AL;D3-CR;D3-FA;D3-PM;D3-SAW;D3-UBA,Application Allowlisting;Command Restriction;File Analysis;Platform Monitoring;System Access Workflow;User Behavior Analysis
main_000271,8aa3f872467d40fde82a8dce984f93660908b2fde5040a94f744e8c97addb772,77862efd76591a786f99d400c0f97633e2bfb2bbd18b09dd6bf33ebe49f40f07,xmrig,1.0,High,5000000.0,5000000.0,T1027;T1055;T1059,D3-AL;D3-CR;D3-FA;D3-PM;D3-SAW;D3-UBA,Application Allowlisting;Command Restriction;File Analysis;Platform Monitoring;System Access Workflow;User Behavior Analysis
main_000272,e6a51ccf1883d35fe7cc86f466a92a515b8d62b9e56cc5710c3e7d81d2ee729e,77862efd76591a786f99d400c0f97633e2bfb2bbd18b09dd6bf33ebe49f40f07,xmrig,1.0,High,5000000.0,5000000.0,T1027;T1055;T1059,D3-AL;D3-CR;D3-FA;D3-PM;D3-SAW;D3-UBA,Application Allowlisting;Command Restriction;File Analysis;Platform Monitoring;System Access Workflow;User Behavior Analysis
main_000275,5c76717616ea4f594948232d3aaba209016fc627e5a672ccee104abecb78a603,3bea44f95b17af14e750df7ab567b80b5e9aaaab87c2b4c1204f2269f98af653,disco,0.9999714432349924,High,5000000.0,4999857.216174962,T1027;T1055;T1486,D3-BAC;D3-BDR;D3-FA;D3-PM;D3-SAW;D3-UBA,Backup Access Control;Backup Data Recovery;File Analysis;Platform Monitoring;System Access Workflow;User Behavior Analysis
main_000276,1d2a48d5ee43da9f507a069a1bce5254b479c37079398411141c9329d6c9ca18,77862efd76591a786f99d400c0f97633e2bfb2bbd18b09dd6bf33ebe49f40f07,xmrig,1.0,High,5000000.0,5000000.0,T1027;T1055;T1059,D3-AL;D3-CR;D3-FA;D3-PM;D3-SAW;D3-UBA,Application Allowlisting;Command Restriction;File Analysis;Platform Monitoring;System Access Workflow;User Behavior Analysis
main_000277,b2279e179c839bb1337a586e0f240c75fa8d8ec1570e87e208da47106e9dd377,187f622dc0da983d25da3df0e452808a96dd8c64c24aace69bc339cfe47a165d,expiro,0.999999999989316,High,5000000.0,4999999.99994658,T1027;T1055;T1486,D3-BAC;D3-BDR;D3-FA;D3-PM;D3-SAW;D3-UBA,Backup Access Control;Backup Data Recovery;File Analysis;Platform Monitoring;System Access Workflow;User Behavior Analysis
main_000278,1c0e9eb241fe6ddd9b4056b1f5154089581414d042902db3ececc6013d06adec,187f622dc0da983d25da3df0e452808a96dd8c64c24aace69bc339cfe47a165d,expiro,0.9999999999999594,High,5000000.0,4999999.999999797,T1027;T1055;T1486,D3-BAC;D3-BDR;D3-FA;D3-PM;D3-SAW;D3-UBA,Backup Access Control;Backup Data Recovery;File Analysis;Platform Monitoring;System Access Workflow;User Behavior Analysis
main_000283,9e4b7e98ba9c641be35b955185bda235eb68eea5824af1792827682234286b08,77862efd76591a786f99d400c0f97633e2bfb2bbd18b09dd6bf33ebe49f40f07,xmrig,1.0,High,5000000.0,5000000.0,T1027;T1055;T1059,D3-AL;D3-CR;D3-FA;D3-PM;D3-SAW;D3-UBA,Application Allowlisting;Command Restriction;File Analysis;Platform Monitoring;System Access Workflow;User Behavior Analysis
main_000291,b7f54fa83b63c19dafea6b89d32c2f95878d8f56f7fabac1998e3135e6480344,02f47a65d4fd8d00c4aff12092e2155e9f12df2d089bcb1e28b5d65d0d4d7f0f,wacatac,0.9999999980650772,High,5000000.0,4999999.990325386,T1027;T1055;T1486,D3-BAC;D3-BDR;D3-FA;D3-PM;D3-SAW;D3-UBA,Backup Access Control;Backup Data Recovery;File Analysis;Platform Monitoring;System Access Workflow;User Behavior Analysis
main_000294,a830375730c787faa5a0d1df48fc94f7a0af80629ed8d40480e338e261984e4c,58bb064ce0f0721aab7e4b4285f49e318ee801ab658d49dcfff305df630cc5c9,bedep,0.999999167753365,High,5000000.0,4999995.838766824,T1027;T1055;T1486,D3-BAC;D3-BDR;D3-FA;D3-PM;D3-SAW;D3-UBA,Backup Access Control;Backup Data Recovery;File Analysis;Platform Monitoring;System Access Workflow;User Behavior Analysis
main_000295,a62ba25a4c835bf60398112eb42e7b3a917069dc1a28f93a3f53beb9a2f8aeec,04d890b2e972a9c6984f3a55fbc6362903c44855434a3ed390b72b5cde0d1297,vindor,0.9999999999999996,High,5000000.0,4999999.999999998,T1027;T1055;T1486,D3-BAC;D3-BDR;D3-FA;D3-PM;D3-SAW;D3-UBA,Backup Access Control;Backup Data Recovery;File Analysis;Platform Monitoring;System Access Workflow;User Behavior Analysis
main_000296,f6044e21323d530bcfa911975bc89791ded08096d7ea699adc6fc2ede086d75b,77862efd76591a786f99d400c0f97633e2bfb2bbd18b09dd6bf33ebe49f40f07,xmrig,1.0,High,5000000.0,5000000.0,T1027;T1055;T1059,D3-AL;D3-CR;D3-FA;D3-PM;D3-SAW;D3-UBA,Application Allowlisting;Command Restriction;File Analysis;Platform Monitoring;System Access Workflow;User Behavior Analysis
main_000297,16ce8e5295b05c478022b3bd4e2cf570edc9e0b5b20a5593212d6df866ac57c1,77862efd76591a786f99d400c0f97633e2bfb2bbd18b09dd6bf33ebe49f40f07,xmrig,1.0,High,5000000.0,5000000.0,T1027;T1055;T1059,D3-AL;D3-CR;D3-FA;D3-PM;D3-SAW;D3-UBA,Application Allowlisting;Command Restriction;File Analysis;Platform Monitoring;System Access Workflow;User Behavior Analysis
main_000303,27ae4471d09af093e1fbc6d266c9a591616529510e9671219124baa9076d4ec2,77862efd76591a786f99d400c0f97633e2bfb2bbd18b09dd6bf33ebe49f40f07,xmrig,1.0,High,5000000.0,5000000.0,T1027;T1055;T1059,D3-AL;D3-CR;D3-FA;D3-PM;D3-SAW;D3-UBA,Application Allowlisting;Command Restriction;File Analysis;Platform Monitoring;System Access Workflow;User Behavior Analysis
main_000305,6f0a70ff914c8678b253ae65f4529fc48d59e0a09b2a1970b4562dc4407df249,187f622dc0da983d25da3df0e452808a96dd8c64c24aace69bc339cfe47a165d,expiro,0.9999966898963492,High,5000000.0,4999983.449481746,T1027;T1055;T1486,D3-BAC;D3-BDR;D3-FA;D3-PM;D3-SAW;D3-UBA,Backup Access Control;Backup Data Recovery;File Analysis;Platform Monitoring;System Access Workflow;User Behavior Analysis
main_000306,fc50f46ea11dc556609489b846a5b65c422e150bb35f8dcdec8fe751632706fb,acfd227c9e2a637ba527343252a51d6cbf588451f0194210216eeda06e834e95,banload,0.9999999999999998,High,5000000.0,4999999.999999999,T1027;T1055;T1486,D3-BAC;D3-BDR;D3-FA;D3-PM;D3-SAW;D3-UBA,Backup Access Control;Backup Data Recovery;File Analysis;Platform Monitoring;System Access Workflow;User Behavior Analysis
main_000308,10702aa73d8a0f3422069fcb826e771dc5eb349fcfb7c82368fcf43c6c6f65c2,77862efd76591a786f99d400c0f97633e2bfb2bbd18b09dd6bf33ebe49f40f07,xmrig,0.999999999999978,High,5000000.0,4999999.99999989,T1027;T1055;T1059,D3-AL;D3-CR;D3-FA;D3-PM;D3-SAW;D3-UBA,Application Allowlisting;Command Restriction;File Analysis;Platform Monitoring;System Access Workflow;User Behavior Analysis
main_000312,f87ddc332247499f68c073c7d3acc3cf82e09de34ed72e81b6146097ed19d034,99e2d5c6e5fb193a148e06547f5c9bb4e3dd2bc061e9a90592462767e9f80912,disin,0.9999999999998996,High,5000000.0,4999999.999999498,T1027;T1055;T1486,D3-BAC;D3-BDR;D3-FA;D3-PM;D3-SAW;D3-UBA,Backup Access Control;Backup Data Recovery;File Analysis;Platform Monitoring;System Access Workflow;User Behavior Analysis
main_000316,25ed2b607a73e7062e02aaaa255aaa00ed1698aeaecd4ed6f29cdb6dc661cc20,b29fbadeecb4793aa6728e48db365c12430759deacb5140c3280a14f45f0ef90,ramnit,0.9999999947419944,High,5000000.0,4999999.973709972,T1027;T1055;T1486,D3-BAC;D3-BDR;D3-FA;D3-PM;D3-SAW;D3-UBA,Backup Access Control;Backup Data Recovery;File Analysis;Platform Monitoring;System Access Workflow;User Behavior Analysis
main_000318,2c70317e8d89883b714c265bd9ec87d2aa6541d6ed1a4dc670d06821dc1035df,ef092d42941fb6af2ca50130b1d7a2fb36f80cc98954c008a5ccc00a2995ab79,scarletflash,0.9999999999998924,High,5000000.0,4999999.999999462,T1027;T1055;T1486,D3-BAC;D3-BDR;D3-FA;D3-PM;D3-SAW;D3-UBA,Backup Access Control;Backup Data Recovery;File Analysis;Platform Monitoring;System Access Workflow;User Behavior Analysis
main_000319,e18b075fb79994f1bda0bbce94b7a40f9ce0c6c876e66a453381b3fe595b65a1,41e5cac4298e131e87215f8f3e62b154d2629cb3f77817234864d2ea1b4884ed,shelm,0.9999999969811728,High,5000000.0,4999999.984905864,T1027;T1055;T1486,D3-BAC;D3-BDR;D3-FA;D3-PM;D3-SAW;D3-UBA,Backup Access Control;Backup Data Recovery;File Analysis;Platform Monitoring;System Access Workflow;User Behavior Analysis
main_000320,ef1276c3240e46cc645b5fe075cffd847a3357c3ffbc93497fbf774f38ee70e3,99e2d5c6e5fb193a148e06547f5c9bb4e3dd2bc061e9a90592462767e9f80912,disin,0.9999999999796514,High,5000000.0,4999999.999898257,T1027;T1055;T1486,D3-BAC;D3-BDR;D3-FA;D3-PM;D3-SAW;D3-UBA,Backup Access Control;Backup Data Recovery;File Analysis;Platform Monitoring;System Access Workflow;User Behavior Analysis
main_000325,1e33e846863f898800b4113392534c3c19bb24592bf33f4a7efdbfce9a7ae361,187f622dc0da983d25da3df0e452808a96dd8c64c24aace69bc339cfe47a165d,expiro,0.9999468688381038,High,5000000.0,4999734.344190519,T1027;T1055;T1486,D3-BAC;D3-BDR;D3-FA;D3-PM;D3-SAW;D3-UBA,Backup Access Control;Backup Data Recovery;File Analysis;Platform Monitoring;System Access Workflow;User Behavior Analysis
main_000326,2144e0d2dacea9a90ba7cc1bfa65afd8028ed0cf495625eba4453fc2d138f41c,970ec274ca867815174ebe4eff19282000f9495a6c7254e94991d1fb4dc3df30,luna,0.9999999999997782,High,5000000.0,4999999.999998891,T1027;T1055;T1486,D3-BAC;D3-BDR;D3-FA;D3-PM;D3-SAW;D3-UBA,Backup Access Control;Backup Data Recovery;File Analysis;Platform Monitoring;System Access Workflow;User Behavior Analysis
main_000348,2ae8fc717d64fd2a9cdb997ab9c6c4e6367cd31d6cb8485ce6e7453e9df0af84,ef092d42941fb6af2ca50130b1d7a2fb36f80cc98954c008a5ccc00a2995ab79,scarletflash,0.9999999994327496,High,5000000.0,4999999.997163748,T1027;T1055;T1486,D3-BAC;D3-BDR;D3-FA;D3-PM;D3-SAW;D3-UBA,Backup Access Control;Backup Data Recovery;File Analysis;Platform Monitoring;System Access Workflow;User Behavior Analysis
main_000351,ca1287da9e8fc7e63faf4920b4922a1f85424217b891113ef336bb21c8d3214a,02f47a65d4fd8d00c4aff12092e2155e9f12df2d089bcb1e28b5d65d0d4d7f0f,wacatac,0.9999999999989786,High,5000000.0,4999999.999994893,T1027;T1055;T1486,D3-BAC;D3-BDR;D3-FA;D3-PM;D3-SAW;D3-UBA,Backup Access Control;Backup Data Recovery;File Analysis;Platform Monitoring;System Access Workflow;User Behavior Analysis
main_000358,1afb08d3d61867a1eca63eee8081a5817ea19bb8c5c828d818d05ac5b563cd21,ef092d42941fb6af2ca50130b1d7a2fb36f80cc98954c008a5ccc00a2995ab79,scarletflash,0.8451710378721052,High,5000000.0,4225855.189360526,T1027;T1055;T1486,D3-BAC;D3-BDR;D3-FA;D3-PM;D3-SAW;D3-UBA,Backup Access Control;Backup Data Recovery;File Analysis;Platform Monitoring;System Access Workflow;User Behavior Analysis
main_000359,aebb8c438eadf88c942156105b01630a6e63dc4cb7cb4094520e0b5c55aa6410,02f47a65d4fd8d00c4aff12092e2155e9f12df2d089bcb1e28b5d65d0d4d7f0f,wacatac,0.9999999997662992,High,5000000.0,4999999.998831496,T1027;T1055;T1486,D3-BAC;D3-BDR;D3-FA;D3-PM;D3-SAW;D3-UBA,Backup Access Control;Backup Data Recovery;File Analysis;Platform Monitoring;System Access Workflow;User Behavior Analysis
main_000364,496578af9edc437defc9657e6465a71fc8d2b5138f8d3f8d7bb56be438c61616,58bb064ce0f0721aab7e4b4285f49e318ee801ab658d49dcfff305df630cc5c9,bedep,0.9999999998004736,High,5000000.0,4999999.999002368,T1027;T1055;T1486,D3-BAC;D3-BDR;D3-FA;D3-PM;D3-SAW;D3-UBA,Backup Access Control;Backup Data Recovery;File Analysis;Platform Monitoring;System Access Workflow;User Behavior Analysis
main_000367,41ec86040e0b6945bfc3bb4d0313db7446e466ce8a20681a40d3d8432ffac738,02f47a65d4fd8d00c4aff12092e2155e9f12df2d089bcb1e28b5d65d0d4d7f0f,wacatac,0.9999996317451824,High,5000000.0,4999998.158725912,T1027;T1055;T1486,D3-BAC;D3-BDR;D3-FA;D3-PM;D3-SAW;D3-UBA,Backup Access Control;Backup Data Recovery;File Analysis;Platform Monitoring;System Access Workflow;User Behavior Analysis
main_000368,a218e2f73a18efc83464750d8505153ebef54704566ae09ba1b19ac74ef3fce5,02f47a65d4fd8d00c4aff12092e2155e9f12df2d089bcb1e28b5d65d0d4d7f0f,wacatac,0.9999999999999972,High,5000000.0,4999999.999999986,T1027;T1055;T1486,D3-BAC;D3-BDR;D3-FA;D3-PM;D3-SAW;D3-UBA,Backup Access Control;Backup Data Recovery;File Analysis;Platform Monitoring;System Access Workflow;User Behavior Analysis
main_000369,7276a5b10096df97926153c1fd2ce8995e514cb643c46f0a77f4567317a8e901,02f47a65d4fd8d00c4aff12092e2155e9f12df2d089bcb1e28b5d65d0d4d7f0f,wacatac,0.9999999999999972,High,5000000.0,4999999.999999986,T1027;T1055;T1486,D3-BAC;D3-BDR;D3-FA;D3-PM;D3-SAW;D3-UBA,Backup Access Control;Backup Data Recovery;File Analysis;Platform Monitoring;System Access Workflow;User Behavior Analysis
main_000370,7294a7eb15b04a7ba8754a3fa4008df4afeac645eb28d671888ab0f237717ccc,02f47a65d4fd8d00c4aff12092e2155e9f12df2d089bcb1e28b5d65d0d4d7f0f,wacatac,0.9999999999854638,High,5000000.0,4999999.99992732,T1027;T1055;T1486,D3-BAC;D3-BDR;D3-FA;D3-PM;D3-SAW;D3-UBA,Backup Access Control;Backup Data Recovery;File Analysis;Platform Monitoring;System Access Workflow;User Behavior Analysis
main_000379,6c6fdad45dcacd0d73474c22490ef88134b545cc94c9f43f0fc0027330dd4268,ef092d42941fb6af2ca50130b1d7a2fb36f80cc98954c008a5ccc00a2995ab79,scarletflash,0.9999981876550328,High,5000000.0,4999990.938275164,T1027;T1055;T1486,D3-BAC;D3-BDR;D3-FA;D3-PM;D3-SAW;D3-UBA,Backup Access Control;Backup Data Recovery;File Analysis;Platform Monitoring;System Access Workflow;User Behavior Analysis
main_000386,ce230108e9bf1d66dd1f4341921965bc68ca3ce8ceabfc09c9d5e55bd06272f7,c8b999ec8614bd108b6640f976e6442afa74ef68f3436b132f6e6dfe4879fcad,grandoreiro,0.999999999997319,High,5000000.0,4999999.999986596,T1027;T1055;T1486,D3-BAC;D3-BDR;D3-FA;D3-PM;D3-SAW;D3-UBA,Backup Access Control;Backup Data Recovery;File Analysis;Platform Monitoring;System Access Workflow;User Behavior Analysis
main_000388,00926475b326781e4dab70ad8fd6b813dead713d164d494574d0c2bae69f7fee,c8b999ec8614bd108b6640f976e6442afa74ef68f3436b132f6e6dfe4879fcad,grandoreiro,0.9999999999985444,High,5000000.0,4999999.999992722,T1027;T1055;T1486,D3-BAC;D3-BDR;D3-FA;D3-PM;D3-SAW;D3-UBA,Backup Access Control;Backup Data Recovery;File Analysis;Platform Monitoring;System Access Workflow;User Behavior Analysis
main_000389,986ce784ea6e64b9c54af182a498927f900f0608035edd00797e40e7d561b54c,2351cb0b2eccd0155081509ebf8a86177b0fde5ebf5d162ea5728eea79c2db05,trollav,0.9999999999999568,High,5000000.0,4999999.999999784,T1027;T1055;T1486,D3-BAC;D3-BDR;D3-FA;D3-PM;D3-SAW;D3-UBA,Backup Access Control;Backup Data Recovery;File Analysis;Platform Monitoring;System Access Workflow;User Behavior Analysis
main_000390,4c542a9a2126131024852052408987fcb0b863247b24f163ff32325d7cde2c68,c8b999ec8614bd108b6640f976e6442afa74ef68f3436b132f6e6dfe4879fcad,grandoreiro,0.9999999999993228,High,5000000.0,4999999.999996614,T1027;T1055;T1486,D3-BAC;D3-BDR;D3-FA;D3-PM;D3-SAW;D3-UBA,Backup Access Control;Backup Data Recovery;File Analysis;Platform Monitoring;System Access Workflow;User Behavior Analysis
main_000391,25d7b7877487488eb2f9d07f218bcac660de129a943a08e86e3123944342d57a,c8b999ec8614bd108b6640f976e6442afa74ef68f3436b132f6e6dfe4879fcad,grandoreiro,0.9999999999959844,High,5000000.0,4999999.999979923,T1027;T1055;T1486,D3-BAC;D3-BDR;D3-FA;D3-PM;D3-SAW;D3-UBA,Backup Access Control;Backup Data Recovery;File Analysis;Platform Monitoring;System Access Workflow;User Behavior Analysis
main_000392,c1f07e75517ac3ce7622d6d6c560f32f5b3592b9894f04150b8c6a08f9cefdbb,77862efd76591a786f99d400c0f97633e2bfb2bbd18b09dd6bf33ebe49f40f07,xmrig,0.9999999999999992,High,5000000.0,4999999.999999996,T1027;T1055;T1059,D3-AL;D3-CR;D3-FA;D3-PM;D3-SAW;D3-UBA,Application Allowlisting;Command Restriction;File Analysis;Platform Monitoring;System Access Workflow;User Behavior Analysis
main_000393,c9a4662e7738c72f2d606670d9ec3c5a5b6b308ed0cf001c46ef1e032d8a8b3b,187f622dc0da983d25da3df0e452808a96dd8c64c24aace69bc339cfe47a165d,expiro,0.9999999999999842,High,5000000.0,4999999.999999921,T1027;T1055;T1486,D3-BAC;D3-BDR;D3-FA;D3-PM;D3-SAW;D3-UBA,Backup Access Control;Backup Data Recovery;File Analysis;Platform Monitoring;System Access Workflow;User Behavior Analysis
main_000394,94d6b1acf72eb23b0680a5f2c2ab6ac99ea16f69225b50ad4514d098c33f581e,77862efd76591a786f99d400c0f97633e2bfb2bbd18b09dd6bf33ebe49f40f07,xmrig,1.0,High,5000000.0,5000000.0,T1027;T1055;T1059,D3-AL;D3-CR;D3-FA;D3-PM;D3-SAW;D3-UBA,Application Allowlisting;Command Restriction;File Analysis;Platform Monitoring;System Access Workflow;User Behavior Analysis
main_000395,f6d0dcacfe5fd32337365fbc58c78732cfb660c63f26d1917a908c4cb3e8f7c9,02f47a65d4fd8d00c4aff12092e2155e9f12df2d089bcb1e28b5d65d0d4d7f0f,wacatac,0.9999999999764296,High,5000000.0,4999999.999882149,T1027;T1055;T1486,D3-BAC;D3-BDR;D3-FA;D3-PM;D3-SAW;D3-UBA,Backup Access Control;Backup Data Recovery;File Analysis;Platform Monitoring;System Access Workflow;User Behavior Analysis
main_000396,38771154c6e081f8dfd5acafbe52a7b20de5aeaebe4809276993b2e02a9cf261,acfd227c9e2a637ba527343252a51d6cbf588451f0194210216eeda06e834e95,banload,0.9999999999999992,High,5000000.0,4999999.999999996,T1027;T1055;T1486,D3-BAC;D3-BDR;D3-FA;D3-PM;D3-SAW;D3-UBA,Backup Access Control;Backup Data Recovery;File Analysis;Platform Monitoring;System Access Workflow;User Behavior Analysis
main_000397,589548893e217b8ec26d05a740efc5412407bbac4f249ae8ec24ee88ae2eb7b9,77862efd76591a786f99d400c0f97633e2bfb2bbd18b09dd6bf33ebe49f40f07,xmrig,1.0,High,5000000.0,5000000.0,T1027;T1055;T1059,D3-AL;D3-CR;D3-FA;D3-PM;D3-SAW;D3-UBA,Application Allowlisting;Command Restriction;File Analysis;Platform Monitoring;System Access Workflow;User Behavior Analysis
main_000398,5638223493178453a6c10c0785453a2269d49d4e440afb674294b96eade8705b,77862efd76591a786f99d400c0f97633e2bfb2bbd18b09dd6bf33ebe49f40f07,xmrig,1.0,High,5000000.0,5000000.0,T1027;T1055;T1059,D3-AL;D3-CR;D3-FA;D3-PM;D3-SAW;D3-UBA,Application Allowlisting;Command Restriction;File Analysis;Platform Monitoring;System Access Workflow;User Behavior Analysis
main_000399,f94c08c0629938d147bd933e53e61e0151daec4ead0ab566c4108020f98e912e,a5fad31f18c9c700f2bfbba047bb30254fb5ed8f5645493f0daa3fa040b51c7d,dinwod,0.9999999999998797,High,5000000.0,4999999.999999398,T1027;T1055;T1486,D3-BAC;D3-BDR;D3-FA;D3-PM;D3-SAW;D3-UBA,Backup Access Control;Backup Data Recovery;File Analysis;Platform Monitoring;System Access Workflow;User Behavior Analysis
main_000400,02b2a0627a3eb683521397aefdcdf2456a201480c855ed53f134ca27b61ae49d,b83ef675cc28b5b0387916e29e9ced4ef6c6d6ea4fcffdbc3b3b086e80167fce,berbew,0.9999999959607562,High,5000000.0,4999999.979803781,T1027;T1055;T1486,D3-BAC;D3-BDR;D3-FA;D3-PM;D3-SAW;D3-UBA,Backup Access Control;Backup Data Recovery;File Analysis;Platform Monitoring;System Access Workflow;User Behavior Analysis
main_000401,fb7cf0adbc43606136fdd07db2ffca88eee3f484274aceaea6ba8c8620eddd57,77862efd76591a786f99d400c0f97633e2bfb2bbd18b09dd6bf33ebe49f40f07,xmrig,0.999999999981523,High,5000000.0,4999999.999907615,T1027;T1055;T1059,D3-AL;D3-CR;D3-FA;D3-PM;D3-SAW;D3-UBA,Application Allowlisting;Command Restriction;File Analysis;Platform Monitoring;System Access Workflow;User Behavior Analysis
main_000402,325ad014d6d0d639278624344647cb7eb0e011a5412a939be05b5292dd98bd39,77862efd76591a786f99d400c0f97633e2bfb2bbd18b09dd6bf33ebe49f40f07,xmrig,0.9999999999999568,High,5000000.0,4999999.999999784,T1027;T1055;T1059,D3-AL;D3-CR;D3-FA;D3-PM;D3-SAW;D3-UBA,Application Allowlisting;Command Restriction;File Analysis;Platform Monitoring;System Access Workflow;User Behavior Analysis
main_000403,02bbda49af9849ae2522d7fbc65ad17bfb80a3f43b3e65d717e45f0478010b5a,77862efd76591a786f99d400c0f97633e2bfb2bbd18b09dd6bf33ebe49f40f07,xmrig,1.0,High,5000000.0,5000000.0,T1027;T1055;T1059,D3-AL;D3-CR;D3-FA;D3-PM;D3-SAW;D3-UBA,Application Allowlisting;Command Restriction;File Analysis;Platform Monitoring;System Access Workflow;User Behavior Analysis
main_000404,066442d7e4d77cd93ba48526a39d1fd50ff9ea2d41cc5ba65052c2c37194ff08,77862efd76591a786f99d400c0f97633e2bfb2bbd18b09dd6bf33ebe49f40f07,xmrig,1.0,High,5000000.0,5000000.0,T1027;T1055;T1059,D3-AL;D3-CR;D3-FA;D3-PM;D3-SAW;D3-UBA,Application Allowlisting;Command Restriction;File Analysis;Platform Monitoring;System Access Workflow;User Behavior Analysis
main_000405,19b17ebf962c66c3e60c0c42633550752cc745dc4ee9b06b282d087935e4b5e1,b83ef675cc28b5b0387916e29e9ced4ef6c6d6ea4fcffdbc3b3b086e80167fce,berbew,0.9999999999946358,High,5000000.0,4999999.999973179,T1027;T1055;T1486,D3-BAC;D3-BDR;D3-FA;D3-PM;D3-SAW;D3-UBA,Backup Access Control;Backup Data Recovery;File Analysis;Platform Monitoring;System Access Workflow;User Behavior Analysis
main_000407,f2f98c46189644032abeada9ae4a5edc6f8181b8aca99ec6c42f8f602dc90cfc,77862efd76591a786f99d400c0f97633e2bfb2bbd18b09dd6bf33ebe49f40f07,xmrig,1.0,High,5000000.0,5000000.0,T1027;T1055;T1059,D3-AL;D3-CR;D3-FA;D3-PM;D3-SAW;D3-UBA,Application Allowlisting;Command Restriction;File Analysis;Platform Monitoring;System Access Workflow;User Behavior Analysis
main_000408,859d838bdf4572485ac796bd0dcff6514274c9073df7f05ee048a02e52dd237c,b83ef675cc28b5b0387916e29e9ced4ef6c6d6ea4fcffdbc3b3b086e80167fce,berbew,0.99999999995679,High,5000000.0,4999999.99978395,T1027;T1055;T1486,D3-BAC;D3-BDR;D3-FA;D3-PM;D3-SAW;D3-UBA,Backup Access Control;Backup Data Recovery;File Analysis;Platform Monitoring;System Access Workflow;User Behavior Analysis
main_000409,625dc7158dcb8e199f1715c31d22cbf15be80468d0394d939342ff717b3c9d6d,77862efd76591a786f99d400c0f97633e2bfb2bbd18b09dd6bf33ebe49f40f07,xmrig,0.9999999999984734,High,5000000.0,4999999.999992367,T1027;T1055;T1059,D3-AL;D3-CR;D3-FA;D3-PM;D3-SAW;D3-UBA,Application Allowlisting;Command Restriction;File Analysis;Platform Monitoring;System Access Workflow;User Behavior Analysis
main_000410,71c91ea01ae56827af159dd975a84b5229673edd0f5c2753d2ac2a3ff7fa11b0,77862efd76591a786f99d400c0f97633e2bfb2bbd18b09dd6bf33ebe49f40f07,xmrig,0.9999999999999998,High,5000000.0,4999999.999999999,T1027;T1055;T1059,D3-AL;D3-CR;D3-FA;D3-PM;D3-SAW;D3-UBA,Application Allowlisting;Command Restriction;File Analysis;Platform Monitoring;System Access Workflow;User Behavior Analysis
main_000411,9e4a32247698b3b80dcc7a3458eb997fa203a68853956c56958e117a349a3063,77862efd76591a786f99d400c0f97633e2bfb2bbd18b09dd6bf33ebe49f40f07,xmrig,1.0,High,5000000.0,5000000.0,T1027;T1055;T1059,D3-AL;D3-CR;D3-FA;D3-PM;D3-SAW;D3-UBA,Application Allowlisting;Command Restriction;File Analysis;Platform Monitoring;System Access Workflow;User Behavior Analysis
main_000412,bc52bf444785cc600d2f12daa2b46ef9551355cdf065a4af864722415a7cc9ab,77862efd76591a786f99d400c0f97633e2bfb2bbd18b09dd6bf33ebe49f40f07,xmrig,0.9999999999999996,High,5000000.0,4999999.999999998,T1027;T1055;T1059,D3-AL;D3-CR;D3-FA;D3-PM;D3-SAW;D3-UBA,Application Allowlisting;Command Restriction;File Analysis;Platform Monitoring;System Access Workflow;User Behavior Analysis
main_000413,4e2f48a8bafc4b0649d65c559b9356ec762c786e792abcef371538bd814292d2,77862efd76591a786f99d400c0f97633e2bfb2bbd18b09dd6bf33ebe49f40f07,xmrig,1.0,High,5000000.0,5000000.0,T1027;T1055;T1059,D3-AL;D3-CR;D3-FA;D3-PM;D3-SAW;D3-UBA,Application Allowlisting;Command Restriction;File Analysis;Platform Monitoring;System Access Workflow;User Behavior Analysis
main_000414,cb9d052321505a757163f42e2e632adb2940e5e4a95c7e4433af061f7578bde1,77862efd76591a786f99d400c0f97633e2bfb2bbd18b09dd6bf33ebe49f40f07,xmrig,0.9999999999999998,High,5000000.0,4999999.999999999,T1027;T1055;T1059,D3-AL;D3-CR;D3-FA;D3-PM;D3-SAW;D3-UBA,Application Allowlisting;Command Restriction;File Analysis;Platform Monitoring;System Access Workflow;User Behavior Analysis
main_000425,e6a34abbf25d9e64ce32ddb21fa99ad636a301ee9d240a45ac6424b4620457a7,77862efd76591a786f99d400c0f97633e2bfb2bbd18b09dd6bf33ebe49f40f07,xmrig,0.9999999999999982,High,5000000.0,4999999.999999991,T1027;T1055;T1059,D3-AL;D3-CR;D3-FA;D3-PM;D3-SAW;D3-UBA,Application Allowlisting;Command Restriction;File Analysis;Platform Monitoring;System Access Workflow;User Behavior Analysis
main_000427,a10fc849b2bd17dadd33abdb6cdc3e5695b5b8cbf24c756c181c575c9ce5a8c3,58bb064ce0f0721aab7e4b4285f49e318ee801ab658d49dcfff305df630cc5c9,bedep,0.9999999674605288,High,5000000.0,4999999.837302644,T1027;T1055;T1486,D3-BAC;D3-BDR;D3-FA;D3-PM;D3-SAW;D3-UBA,Backup Access Control;Backup Data Recovery;File Analysis;Platform Monitoring;System Access Workflow;User Behavior Analysis
main_000428,d7671a50e9547e939a192df3e4339f1974d2ea4bf0b12c4786e913fd2cdbc562,77862efd76591a786f99d400c0f97633e2bfb2bbd18b09dd6bf33ebe49f40f07,xmrig,1.0,High,5000000.0,5000000.0,T1027;T1055;T1059,D3-AL;D3-CR;D3-FA;D3-PM;D3-SAW;D3-UBA,Application Allowlisting;Command Restriction;File Analysis;Platform Monitoring;System Access Workflow;User Behavior Analysis
main_000430,3dfac501126e40f03c2a37645abac07cb1728b84e39267dd37118e6a4dfbd141,77862efd76591a786f99d400c0f97633e2bfb2bbd18b09dd6bf33ebe49f40f07,xmrig,1.0,High,5000000.0,5000000.0,T1027;T1055;T1059,D3-AL;D3-CR;D3-FA;D3-PM;D3-SAW;D3-UBA,Application Allowlisting;Command Restriction;File Analysis;Platform Monitoring;System Access Workflow;User Behavior Analysis
main_000431,8b215609bf75697be71ed01631be83fd9213af8a86122c6e8fc836b454f0a74d,77862efd76591a786f99d400c0f97633e2bfb2bbd18b09dd6bf33ebe49f40f07,xmrig,1.0,High,5000000.0,5000000.0,T1027;T1055;T1059,D3-AL;D3-CR;D3-FA;D3-PM;D3-SAW;D3-UBA,Application Allowlisting;Command Restriction;File Analysis;Platform Monitoring;System Access Workflow;User Behavior Analysis
main_000433,06d84ddaf9d78982d7109f02e1042b6f319c63159306e9ad09c2158e352d2d97,77862efd76591a786f99d400c0f97633e2bfb2bbd18b09dd6bf33ebe49f40f07,xmrig,1.0,High,5000000.0,5000000.0,T1027;T1055;T1059,D3-AL;D3-CR;D3-FA;D3-PM;D3-SAW;D3-UBA,Application Allowlisting;Command Restriction;File Analysis;Platform Monitoring;System Access Workflow;User Behavior Analysis
main_000434,32e94c0283abb2c1a1460d55784deb6ea4ced044d9468b1175feee358a726f59,77862efd76591a786f99d400c0f97633e2bfb2bbd18b09dd6bf33ebe49f40f07,xmrig,1.0,High,5000000.0,5000000.0,T1027;T1055;T1059,D3-AL;D3-CR;D3-FA;D3-PM;D3-SAW;D3-UBA,Application Allowlisting;Command Restriction;File Analysis;Platform Monitoring;System Access Workflow;User Behavior Analysis
main_000435,7be0c35e53d94a27eca41c6822a487efa12bc7fcbfea90f3c73cce8efc53c87f,77862efd76591a786f99d400c0f97633e2bfb2bbd18b09dd6bf33ebe49f40f07,xmrig,1.0,High,5000000.0,5000000.0,T1027;T1055;T1059,D3-AL;D3-CR;D3-FA;D3-PM;D3-SAW;D3-UBA,Application Allowlisting;Command Restriction;File Analysis;Platform Monitoring;System Access Workflow;User Behavior Analysis
main_000436,6ebc9704465945142c9b01141cf31804c6fcca1ebf3c8bff93c522146d82f8ff,77862efd76591a786f99d400c0f97633e2bfb2bbd18b09dd6bf33ebe49f40f07,xmrig,1.0,High,5000000.0,5000000.0,T1027;T1055;T1059,D3-AL;D3-CR;D3-FA;D3-PM;D3-SAW;D3-UBA,Application Allowlisting;Command Restriction;File Analysis;Platform Monitoring;System Access Workflow;User Behavior Analysis
main_000437,6de9cee3e929d97760324ed5d72f4f7150a1c8ab2bfa776e77f0bc29102fa4b7,77862efd76591a786f99d400c0f97633e2bfb2bbd18b09dd6bf33ebe49f40f07,xmrig,1.0,High,5000000.0,5000000.0,T1027;T1055;T1059,D3-AL;D3-CR;D3-FA;D3-PM;D3-SAW;D3-UBA,Application Allowlisting;Command Restriction;File Analysis;Platform Monitoring;System Access Workflow;User Behavior Analysis
main_000440,ee392fb30b3b9423758ee513725f90cc3fa7d53820f3b5f9a16145e7c209046e,77862efd76591a786f99d400c0f97633e2bfb2bbd18b09dd6bf33ebe49f40f07,xmrig,1.0,High,5000000.0,5000000.0,T1027;T1055;T1059,D3-AL;D3-CR;D3-FA;D3-PM;D3-SAW;D3-UBA,Application Allowlisting;Command Restriction;File Analysis;Platform Monitoring;System Access Workflow;User Behavior Analysis
main_000443,961f18d43e8dbd5937fbfba63f53a612cc467b7aea4165c2437e78c90cc7c1de,77862efd76591a786f99d400c0f97633e2bfb2bbd18b09dd6bf33ebe49f40f07,xmrig,1.0,High,5000000.0,5000000.0,T1027;T1055;T1059,D3-AL;D3-CR;D3-FA;D3-PM;D3-SAW;D3-UBA,Application Allowlisting;Command Restriction;File Analysis;Platform Monitoring;System Access Workflow;User Behavior Analysis
main_000444,bd0ade65ee30972b9a7aab5c2f54b1139935b697a196a47fa1a5c7c45f2ecb20,c30f6aa4eacd78facdb5e11f2d5a5af23f0302f3eca37567244bee7f73b53b8d,sfone,0.999999998201422,High,5000000.0,4999999.99100711,T1027;T1055;T1486,D3-BAC;D3-BDR;D3-FA;D3-PM;D3-SAW;D3-UBA,Backup Access Control;Backup Data Recovery;File Analysis;Platform Monitoring;System Access Workflow;User Behavior Analysis
main_000445,5530c036001db53e7ede2bcdd5ddeb6a5f69881aab919e22abd6a762a42007a2,77862efd76591a786f99d400c0f97633e2bfb2bbd18b09dd6bf33ebe49f40f07,xmrig,1.0,High,5000000.0,5000000.0,T1027;T1055;T1059,D3-AL;D3-CR;D3-FA;D3-PM;D3-SAW;D3-UBA,Application Allowlisting;Command Restriction;File Analysis;Platform Monitoring;System Access Workflow;User Behavior Analysis
main_000447,2719db6bf1a0ea3ecc71397240a700489022197b20174172000ad62530e9bc35,77862efd76591a786f99d400c0f97633e2bfb2bbd18b09dd6bf33ebe49f40f07,xmrig,1.0,High,5000000.0,5000000.0,T1027;T1055;T1059,D3-AL;D3-CR;D3-FA;D3-PM;D3-SAW;D3-UBA,Application Allowlisting;Command Restriction;File Analysis;Platform Monitoring;System Access Workflow;User Behavior Analysis
main_000452,2fd4cc7149277bf03fcd601b956b3012ac84dc72ec0cd87ff68ea0675503e4de,02f47a65d4fd8d00c4aff12092e2155e9f12df2d089bcb1e28b5d65d0d4d7f0f,wacatac,0.999999999900939,High,5000000.0,4999999.999504695,T1027;T1055;T1486,D3-BAC;D3-BDR;D3-FA;D3-PM;D3-SAW;D3-UBA,Backup Access Control;Backup Data Recovery;File Analysis;Platform Monitoring;System Access Workflow;User Behavior Analysis
main_000454,156c3af0e49b4188fe90d149035aa0e0b465912cdb85bf8ade9b474d3e9ad35a,77862efd76591a786f99d400c0f97633e2bfb2bbd18b09dd6bf33ebe49f40f07,xmrig,1.0,High,5000000.0,5000000.0,T1027;T1055;T1059,D3-AL;D3-CR;D3-FA;D3-PM;D3-SAW;D3-UBA,Application Allowlisting;Command Restriction;File Analysis;Platform Monitoring;System Access Workflow;User Behavior Analysis
main_000457,59f6a06bc86e96761a69b90d8bb3ba46c4c503e9d08ed8730e843eb51ee93893,77862efd76591a786f99d400c0f97633e2bfb2bbd18b09dd6bf33ebe49f40f07,xmrig,0.9999999965457304,High,5000000.0,4999999.982728652,T1027;T1055;T1059,D3-AL;D3-CR;D3-FA;D3-PM;D3-SAW;D3-UBA,Application Allowlisting;Command Restriction;File Analysis;Platform Monitoring;System Access Workflow;User Behavior Analysis
main_000458,ff72c9d7b8976e5e409960f5b5e04d09105e40d0f4fd3c03fe2a4c4242d4d805,77862efd76591a786f99d400c0f97633e2bfb2bbd18b09dd6bf33ebe49f40f07,xmrig,1.0,High,5000000.0,5000000.0,T1027;T1055;T1059,D3-AL;D3-CR;D3-FA;D3-PM;D3-SAW;D3-UBA,Application Allowlisting;Command Restriction;File Analysis;Platform Monitoring;System Access Workflow;User Behavior Analysis
main_000459,fefa731ed0ebbb55cb559243722d7b28f77414494d17573d57bcf6c38031f937,187f622dc0da983d25da3df0e452808a96dd8c64c24aace69bc339cfe47a165d,expiro,0.9999999999998348,High,5000000.0,4999999.999999174,T1027;T1055;T1486,D3-BAC;D3-BDR;D3-FA;D3-PM;D3-SAW;D3-UBA,Backup Access Control;Backup Data Recovery;File Analysis;Platform Monitoring;System Access Workflow;User Behavior Analysis
main_000460,6cb4abd7679bc26572635ea6b67b9917fa66b4e998657e69bd2c1c2093b2c4af,77862efd76591a786f99d400c0f97633e2bfb2bbd18b09dd6bf33ebe49f40f07,xmrig,0.9999999999999982,High,5000000.0,4999999.999999991,T1027;T1055;T1059,D3-AL;D3-CR;D3-FA;D3-PM;D3-SAW;D3-UBA,Application Allowlisting;Command Restriction;File Analysis;Platform Monitoring;System Access Workflow;User Behavior Analysis
main_000462,cd4bde357719a92e1013b5d206fedd24cf41a905a83c38056e6cb47a5a7deb2f,77862efd76591a786f99d400c0f97633e2bfb2bbd18b09dd6bf33ebe49f40f07,xmrig,0.9999999999999996,High,5000000.0,4999999.999999998,T1027;T1055;T1059,D3-AL;D3-CR;D3-FA;D3-PM;D3-SAW;D3-UBA,Application Allowlisting;Command Restriction;File Analysis;Platform Monitoring;System Access Workflow;User Behavior Analysis
main_000469,e8f7434e0c13607d3c5270abfa4437f9c3fe04685af50ba66b75f0acef492d64,77862efd76591a786f99d400c0f97633e2bfb2bbd18b09dd6bf33ebe49f40f07,xmrig,0.9999999999999998,High,5000000.0,4999999.999999999,T1027;T1055;T1059,D3-AL;D3-CR;D3-FA;D3-PM;D3-SAW;D3-UBA,Application Allowlisting;Command Restriction;File Analysis;Platform Monitoring;System Access Workflow;User Behavior Analysis
main_000470,1d1517f0fb4056ba0c752b12bd78f8b78263613cfe9ff990e79c350522caff03,77862efd76591a786f99d400c0f97633e2bfb2bbd18b09dd6bf33ebe49f40f07,xmrig,1.0,High,5000000.0,5000000.0,T1027;T1055;T1059,D3-AL;D3-CR;D3-FA;D3-PM;D3-SAW;D3-UBA,Application Allowlisting;Command Restriction;File Analysis;Platform Monitoring;System Access Workflow;User Behavior Analysis
main_000471,d1fa06a4f30f9f00a0caf30418020a36b0ebf4f8a93dcacd9628b349c6f12251,77862efd76591a786f99d400c0f97633e2bfb2bbd18b09dd6bf33ebe49f40f07,xmrig,0.9999999995696554,High,5000000.0,4999999.997848277,T1027;T1055;T1059,D3-AL;D3-CR;D3-FA;D3-PM;D3-SAW;D3-UBA,Application Allowlisting;Command Restriction;File Analysis;Platform Monitoring;System Access Workflow;User Behavior Analysis
main_000472,c09efe86143aab011b6f90aa72ab7aa79bc0090d52c02edcd9171ed4b87003da,77862efd76591a786f99d400c0f97633e2bfb2bbd18b09dd6bf33ebe49f40f07,xmrig,1.0,High,5000000.0,5000000.0,T1027;T1055;T1059,D3-AL;D3-CR;D3-FA;D3-PM;D3-SAW;D3-UBA,Application Allowlisting;Command Restriction;File Analysis;Platform Monitoring;System Access Workflow;User Behavior Analysis
main_000473,eb40f1f9dffad1ef3d0003477252eff1143f4d9af782b6f7c0881c19a6d9390d,77862efd76591a786f99d400c0f97633e2bfb2bbd18b09dd6bf33ebe49f40f07,xmrig,1.0,High,5000000.0,5000000.0,T1027;T1055;T1059,D3-AL;D3-CR;D3-FA;D3-PM;D3-SAW;D3-UBA,Application Allowlisting;Command Restriction;File Analysis;Platform Monitoring;System Access Workflow;User Behavior Analysis
main_000474,dba11bb7cce3c41a12adaa877135a09ad4a8103edb0b272a4db25bbe1714a7ae,77862efd76591a786f99d400c0f97633e2bfb2bbd18b09dd6bf33ebe49f40f07,xmrig,1.0,High,5000000.0,5000000.0,T1027;T1055;T1059,D3-AL;D3-CR;D3-FA;D3-PM;D3-SAW;D3-UBA,Application Allowlisting;Command Restriction;File Analysis;Platform Monitoring;System Access Workflow;User Behavior Analysis
main_000475,ab79ca3e9820c0f0130f07a98621b211f2500d6e298c83c1c3b7b92139b1c4e9,77862efd76591a786f99d400c0f97633e2bfb2bbd18b09dd6bf33ebe49f40f07,xmrig,1.0,High,5000000.0,5000000.0,T1027;T1055;T1059,D3-AL;D3-CR;D3-FA;D3-PM;D3-SAW;D3-UBA,Application Allowlisting;Command Restriction;File Analysis;Platform Monitoring;System Access Workflow;User Behavior Analysis
main_000477,a32061a95136df667dbe216bd28fca92ae5ac3c61f6e3ba1bea5c6cabb45c3d9,77862efd76591a786f99d400c0f97633e2bfb2bbd18b09dd6bf33ebe49f40f07,xmrig,1.0,High,5000000.0,5000000.0,T1027;T1055;T1059,D3-AL;D3-CR;D3-FA;D3-PM;D3-SAW;D3-UBA,Application Allowlisting;Command Restriction;File Analysis;Platform Monitoring;System Access Workflow;User Behavior Analysis
main_000479,9c77f6bd6222b4660c53354daa646baaf240484ebcb6e318fc622238a438e94e,77862efd76591a786f99d400c0f97633e2bfb2bbd18b09dd6bf33ebe49f40f07,xmrig,0.9999999999999982,High,5000000.0,4999999.999999991,T1027;T1055;T1059,D3-AL;D3-CR;D3-FA;D3-PM;D3-SAW;D3-UBA,Application Allowlisting;Command Restriction;File Analysis;Platform Monitoring;System Access Workflow;User Behavior Analysis
main_000480,45b24f0ad1d054d0df6d3c643397d91c8b46d900c581ac24d0fc71115435d10d,77862efd76591a786f99d400c0f97633e2bfb2bbd18b09dd6bf33ebe49f40f07,xmrig,0.9999999999999996,High,5000000.0,4999999.999999998,T1027;T1055;T1059,D3-AL;D3-CR;D3-FA;D3-PM;D3-SAW;D3-UBA,Application Allowlisting;Command Restriction;File Analysis;Platform Monitoring;System Access Workflow;User Behavior Analysis
main_000482,724da7fd3eb33a6b2f6361e832c6187664bf3edb1dc19e7a010d1fd7d73ee383,58bb064ce0f0721aab7e4b4285f49e318ee801ab658d49dcfff305df630cc5c9,bedep,0.9999999753980928,High,5000000.0,4999999.8769904645,T1027;T1055;T1486,D3-BAC;D3-BDR;D3-FA;D3-PM;D3-SAW;D3-UBA,Backup Access Control;Backup Data Recovery;File Analysis;Platform Monitoring;System Access Workflow;User Behavior Analysis
main_000483,bd318c814fdb80e722473a450b15e461be6e5e45faf278aa6da630759e7328c3,02f47a65d4fd8d00c4aff12092e2155e9f12df2d089bcb1e28b5d65d0d4d7f0f,wacatac,0.9994152841364538,High,5000000.0,4997076.420682269,T1027;T1055;T1486,D3-BAC;D3-BDR;D3-FA;D3-PM;D3-SAW;D3-UBA,Backup Access Control;Backup Data Recovery;File Analysis;Platform Monitoring;System Access Workflow;User Behavior Analysis
main_000485,607182080ef628de16c3fc3a77a33403e4d0fa86e756682962794c114967fd17,77862efd76591a786f99d400c0f97633e2bfb2bbd18b09dd6bf33ebe49f40f07,xmrig,1.0,High,5000000.0,5000000.0,T1027;T1055;T1059,D3-AL;D3-CR;D3-FA;D3-PM;D3-SAW;D3-UBA,Application Allowlisting;Command Restriction;File Analysis;Platform Monitoring;System Access Workflow;User Behavior Analysis
main_000486,36d5af654491d8afefc3188ad27191c232af72bcfac66a657299e81599881224,77862efd76591a786f99d400c0f97633e2bfb2bbd18b09dd6bf33ebe49f40f07,xmrig,1.0,High,5000000.0,5000000.0,T1027;T1055;T1059,D3-AL;D3-CR;D3-FA;D3-PM;D3-SAW;D3-UBA,Application Allowlisting;Command Restriction;File Analysis;Platform Monitoring;System Access Workflow;User Behavior Analysis
main_000487,ac98e03ecf37c4a7197813d0f50c63927ff6ea4a2b2b08767ae8923eb9598542,77862efd76591a786f99d400c0f97633e2bfb2bbd18b09dd6bf33ebe49f40f07,xmrig,1.0,High,5000000.0,5000000.0,T1027;T1055;T1059,D3-AL;D3-CR;D3-FA;D3-PM;D3-SAW;D3-UBA,Application Allowlisting;Command Restriction;File Analysis;Platform Monitoring;System Access Workflow;User Behavior Analysis
main_000488,1f5acf255b74679d07b1c511da386f1f6b3fed6dc777cd0087e4035c0738f225,77862efd76591a786f99d400c0f97633e2bfb2bbd18b09dd6bf33ebe49f40f07,xmrig,1.0,High,5000000.0,5000000.0,T1027;T1055;T1059,D3-AL;D3-CR;D3-FA;D3-PM;D3-SAW;D3-UBA,Application Allowlisting;Command Restriction;File Analysis;Platform Monitoring;System Access Workflow;User Behavior Analysis
main_000490,8e7eae29b4965d94e77ce2d2904470df354d5697b94edc2e0079de8156a8b277,77862efd76591a786f99d400c0f97633e2bfb2bbd18b09dd6bf33ebe49f40f07,xmrig,1.0,High,5000000.0,5000000.0,T1027;T1055;T1059,D3-AL;D3-CR;D3-FA;D3-PM;D3-SAW;D3-UBA,Application Allowlisting;Command Restriction;File Analysis;Platform Monitoring;System Access Workflow;User Behavior Analysis
main_000491,6a27f7a3342782be0739c60f94c3ed7eb499f29467a2462629834e97172a0430,77862efd76591a786f99d400c0f97633e2bfb2bbd18b09dd6bf33ebe49f40f07,xmrig,1.0,High,5000000.0,5000000.0,T1027;T1055;T1059,D3-AL;D3-CR;D3-FA;D3-PM;D3-SAW;D3-UBA,Application Allowlisting;Command Restriction;File Analysis;Platform Monitoring;System Access Workflow;User Behavior Analysis
main_000492,29d0147146f8cb84207e232aaef0d7d7f291706abee2a0b8a19c21107ff9eb36,77862efd76591a786f99d400c0f97633e2bfb2bbd18b09dd6bf33ebe49f40f07,xmrig,1.0,High,5000000.0,5000000.0,T1027;T1055;T1059,D3-AL;D3-CR;D3-FA;D3-PM;D3-SAW;D3-UBA,Application Allowlisting;Command Restriction;File Analysis;Platform Monitoring;System Access Workflow;User Behavior Analysis
main_000512,01053570f85eee8d889e5aae074274efa42b903942e7f7349908568af787276a,77862efd76591a786f99d400c0f97633e2bfb2bbd18b09dd6bf33ebe49f40f07,xmrig,1.0,High,5000000.0,5000000.0,T1027;T1055;T1059,D3-AL;D3-CR;D3-FA;D3-PM;D3-SAW;D3-UBA,Application Allowlisting;Command Restriction;File Analysis;Platform Monitoring;System Access Workflow;User Behavior Analysis
main_000529,e252b8a93baaf76580841c31a3e4d094fd9ed2a27a8ea6a89474c0018a2a8731,77862efd76591a786f99d400c0f97633e2bfb2bbd18b09dd6bf33ebe49f40f07,xmrig,1.0,High,5000000.0,5000000.0,T1027;T1055;T1059,D3-AL;D3-CR;D3-FA;D3-PM;D3-SAW;D3-UBA,Application Allowlisting;Command Restriction;File Analysis;Platform Monitoring;System Access Workflow;User Behavior Analysis
main_000531,483c24b769fcd0f7dc0bf51fa42ea3b2e9324d7932285d41fe08c2e56c1be7ef,77862efd76591a786f99d400c0f97633e2bfb2bbd18b09dd6bf33ebe49f40f07,xmrig,1.0,High,5000000.0,5000000.0,T1027;T1055;T1059,D3-AL;D3-CR;D3-FA;D3-PM;D3-SAW;D3-UBA,Application Allowlisting;Command Restriction;File Analysis;Platform Monitoring;System Access Workflow;User Behavior Analysis
main_000532,28cef5b6edbf8ffca4da3d844cd1869184d670a760305e785d47e5800a475ea8,77862efd76591a786f99d400c0f97633e2bfb2bbd18b09dd6bf33ebe49f40f07,xmrig,1.0,High,5000000.0,5000000.0,T1027;T1055;T1059,D3-AL;D3-CR;D3-FA;D3-PM;D3-SAW;D3-UBA,Application Allowlisting;Command Restriction;File Analysis;Platform Monitoring;System Access Workflow;User Behavior Analysis
main_000538,e2aedacdd02d43f0f9effb1f8c0f9b89edac86b428bd5cb2ddc4732660039a59,b83ef675cc28b5b0387916e29e9ced4ef6c6d6ea4fcffdbc3b3b086e80167fce,berbew,0.999999999377907,High,5000000.0,4999999.996889534,T1027;T1055;T1486,D3-BAC;D3-BDR;D3-FA;D3-PM;D3-SAW;D3-UBA,Backup Access Control;Backup Data Recovery;File Analysis;Platform Monitoring;System Access Workflow;User Behavior Analysis
main_000541,12fb2a3193ceaf492485986adff382f8caaebdf1763225112f0259315bd5123c,c61f9dbf4af88faf1552da707a9ba3d86a76deee0ff1e082e6a9c784274920d6,ulise,0.999999999996829,High,5000000.0,4999999.999984145,T1027;T1055;T1486,D3-BAC;D3-BDR;D3-FA;D3-PM;D3-SAW;D3-UBA,Backup Access Control;Backup Data Recovery;File Analysis;Platform Monitoring;System Access Workflow;User Behavior Analysis
main_000543,ca7d2b0a02960f8a53a667163d047ce7e0c8df2ceebee6c727a531cba95afbdf,77862efd76591a786f99d400c0f97633e2bfb2bbd18b09dd6bf33ebe49f40f07,xmrig,1.0,High,5000000.0,5000000.0,T1027;T1055;T1059,D3-AL;D3-CR;D3-FA;D3-PM;D3-SAW;D3-UBA,Application Allowlisting;Command Restriction;File Analysis;Platform Monitoring;System Access Workflow;User Behavior Analysis
main_000544,06aa6afceae1bb65a8878cb8365f7df4db42897b536d149e8f8742d6b64723e1,02f47a65d4fd8d00c4aff12092e2155e9f12df2d089bcb1e28b5d65d0d4d7f0f,wacatac,0.9999999999950164,High,5000000.0,4999999.999975082,T1027;T1055;T1486,D3-BAC;D3-BDR;D3-FA;D3-PM;D3-SAW;D3-UBA,Backup Access Control;Backup Data Recovery;File Analysis;Platform Monitoring;System Access Workflow;User Behavior Analysis
main_000545,9ce6ebcfb713efe153595be76ef34182c851c9a17bdd5aa49d517b351bf8920c,77862efd76591a786f99d400c0f97633e2bfb2bbd18b09dd6bf33ebe49f40f07,xmrig,0.9999999999887028,High,5000000.0,4999999.999943514,T1027;T1055;T1059,D3-AL;D3-CR;D3-FA;D3-PM;D3-SAW;D3-UBA,Application Allowlisting;Command Restriction;File Analysis;Platform Monitoring;System Access Workflow;User Behavior Analysis
main_000546,f028400c1627d2c59096338f24e700b4eeb5b02225cd88532c8d51ca2da3026c,c61f9dbf4af88faf1552da707a9ba3d86a76deee0ff1e082e6a9c784274920d6,ulise,0.9999999999935164,High,5000000.0,4999999.999967582,T1027;T1055;T1486,D3-BAC;D3-BDR;D3-FA;D3-PM;D3-SAW;D3-UBA,Backup Access Control;Backup Data Recovery;File Analysis;Platform Monitoring;System Access Workflow;User Behavior Analysis
main_000547,cdeb18a93683de39971be69d10f8e9c25fd8e1952d9614e4e3f7f61aa4167b8e,b83ef675cc28b5b0387916e29e9ced4ef6c6d6ea4fcffdbc3b3b086e80167fce,berbew,0.999999999995382,High,5000000.0,4999999.99997691,T1027;T1055;T1486,D3-BAC;D3-BDR;D3-FA;D3-PM;D3-SAW;D3-UBA,Backup Access Control;Backup Data Recovery;File Analysis;Platform Monitoring;System Access Workflow;User Behavior Analysis
main_000548,86099b75808fcbddfd4c25d0471e63181120fc92812894762d9c5a2a36ea71cb,77862efd76591a786f99d400c0f97633e2bfb2bbd18b09dd6bf33ebe49f40f07,xmrig,1.0,High,5000000.0,5000000.0,T1027;T1055;T1059,D3-AL;D3-CR;D3-FA;D3-PM;D3-SAW;D3-UBA,Application Allowlisting;Command Restriction;File Analysis;Platform Monitoring;System Access Workflow;User Behavior Analysis
main_000549,e1c085af057f9af26bbe3803e2dbe07e1c13fb69dab1e77ac4eeb3fb4f303ce0,77862efd76591a786f99d400c0f97633e2bfb2bbd18b09dd6bf33ebe49f40f07,xmrig,0.9999999999999996,High,5000000.0,4999999.999999998,T1027;T1055;T1059,D3-AL;D3-CR;D3-FA;D3-PM;D3-SAW;D3-UBA,Application Allowlisting;Command Restriction;File Analysis;Platform Monitoring;System Access Workflow;User Behavior Analysis
main_000550,b225b582e7b17039bb2d3dea25100576d13991470b9488f312e927761cdf4bf6,77862efd76591a786f99d400c0f97633e2bfb2bbd18b09dd6bf33ebe49f40f07,xmrig,1.0,High,5000000.0,5000000.0,T1027;T1055;T1059,D3-AL;D3-CR;D3-FA;D3-PM;D3-SAW;D3-UBA,Application Allowlisting;Command Restriction;File Analysis;Platform Monitoring;System Access Workflow;User Behavior Analysis
main_000551,d31726b444245103f364dc72b256837abb2e9ee3aec72d447d4936a29e7ec41b,77862efd76591a786f99d400c0f97633e2bfb2bbd18b09dd6bf33ebe49f40f07,xmrig,1.0,High,5000000.0,5000000.0,T1027;T1055;T1059,D3-AL;D3-CR;D3-FA;D3-PM;D3-SAW;D3-UBA,Application Allowlisting;Command Restriction;File Analysis;Platform Monitoring;System Access Workflow;User Behavior Analysis
main_000553,ebef35c5f250d18fefde14602c1d834d2811e2d50b9e7497d6c3f5ab7269d69e,77862efd76591a786f99d400c0f97633e2bfb2bbd18b09dd6bf33ebe49f40f07,xmrig,0.9999999999996704,High,5000000.0,4999999.999998352,T1027;T1055;T1059,D3-AL;D3-CR;D3-FA;D3-PM;D3-SAW;D3-UBA,Application Allowlisting;Command Restriction;File Analysis;Platform Monitoring;System Access Workflow;User Behavior Analysis
main_000554,aed81da35349cd2c801bd25a69d4aa46cfb1869959a272cf710934ff0bc11ff4,77862efd76591a786f99d400c0f97633e2bfb2bbd18b09dd6bf33ebe49f40f07,xmrig,1.0,High,5000000.0,5000000.0,T1027;T1055;T1059,D3-AL;D3-CR;D3-FA;D3-PM;D3-SAW;D3-UBA,Application Allowlisting;Command Restriction;File Analysis;Platform Monitoring;System Access Workflow;User Behavior Analysis
main_000555,710db0e29cb43b2ffb314461fac9c289a169e9b503efd130a18fcdfb40b13a3f,02f47a65d4fd8d00c4aff12092e2155e9f12df2d089bcb1e28b5d65d0d4d7f0f,wacatac,0.9999999917487822,High,5000000.0,4999999.958743911,T1027;T1055;T1486,D3-BAC;D3-BDR;D3-FA;D3-PM;D3-SAW;D3-UBA,Backup Access Control;Backup Data Recovery;File Analysis;Platform Monitoring;System Access Workflow;User Behavior Analysis
main_000556,9b3ae6a23082d7e5c1be3a1b3631cb15e61a3781a6c726ebd1e0355f9928547e,77862efd76591a786f99d400c0f97633e2bfb2bbd18b09dd6bf33ebe49f40f07,xmrig,0.9999999999999992,High,5000000.0,4999999.999999996,T1027;T1055;T1059,D3-AL;D3-CR;D3-FA;D3-PM;D3-SAW;D3-UBA,Application Allowlisting;Command Restriction;File Analysis;Platform Monitoring;System Access Workflow;User Behavior Analysis
main_000557,18191602e3f1c9e556ce5c674cab5f5b7458765146c0428927916829ada07044,77862efd76591a786f99d400c0f97633e2bfb2bbd18b09dd6bf33ebe49f40f07,xmrig,1.0,High,5000000.0,5000000.0,T1027;T1055;T1059,D3-AL;D3-CR;D3-FA;D3-PM;D3-SAW;D3-UBA,Application Allowlisting;Command Restriction;File Analysis;Platform Monitoring;System Access Workflow;User Behavior Analysis
main_000558,0fabe943bf00a17f26a6aa149af6a2e3df35fe994bee29c576034529c1c9c21f,77862efd76591a786f99d400c0f97633e2bfb2bbd18b09dd6bf33ebe49f40f07,xmrig,1.0,High,5000000.0,5000000.0,T1027;T1055;T1059,D3-AL;D3-CR;D3-FA;D3-PM;D3-SAW;D3-UBA,Application Allowlisting;Command Restriction;File Analysis;Platform Monitoring;System Access Workflow;User Behavior Analysis
main_000559,5aad599af4a26a98f8fb605ea97905a1fb0fac69a96576c5bb297c98012e3214,77862efd76591a786f99d400c0f97633e2bfb2bbd18b09dd6bf33ebe49f40f07,xmrig,1.0,High,5000000.0,5000000.0,T1027;T1055;T1059,D3-AL;D3-CR;D3-FA;D3-PM;D3-SAW;D3-UBA,Application Allowlisting;Command Restriction;File Analysis;Platform Monitoring;System Access Workflow;User Behavior Analysis
main_000561,cd100910ed40bdabbcb196ae970873f3352f0ebf727ba6c237d1c0a532d3ec90,77862efd76591a786f99d400c0f97633e2bfb2bbd18b09dd6bf33ebe49f40f07,xmrig,1.0,High,5000000.0,5000000.0,T1027;T1055;T1059,D3-AL;D3-CR;D3-FA;D3-PM;D3-SAW;D3-UBA,Application Allowlisting;Command Restriction;File Analysis;Platform Monitoring;System Access Workflow;User Behavior Analysis
main_000562,c6d14268056dcc115ff7f7dfebc8272127683acde461c3ed4a53a133b5ee16d3,77862efd76591a786f99d400c0f97633e2bfb2bbd18b09dd6bf33ebe49f40f07,xmrig,1.0,High,5000000.0,5000000.0,T1027;T1055;T1059,D3-AL;D3-CR;D3-FA;D3-PM;D3-SAW;D3-UBA,Application Allowlisting;Command Restriction;File Analysis;Platform Monitoring;System Access Workflow;User Behavior Analysis
main_000563,a4a2dc8d25897fb36020e753126a3364e76d716e9d0080d8a5dc175885ca1ba8,b83ef675cc28b5b0387916e29e9ced4ef6c6d6ea4fcffdbc3b3b086e80167fce,berbew,0.9999999999999608,High,5000000.0,4999999.999999804,T1027;T1055;T1486,D3-BAC;D3-BDR;D3-FA;D3-PM;D3-SAW;D3-UBA,Backup Access Control;Backup Data Recovery;File Analysis;Platform Monitoring;System Access Workflow;User Behavior Analysis
main_000564,c7b347f6e15f272d506892862d369eb5229e149dab9bcddd19d226b4ef62a055,77862efd76591a786f99d400c0f97633e2bfb2bbd18b09dd6bf33ebe49f40f07,xmrig,1.0,High,5000000.0,5000000.0,T1027;T1055;T1059,D3-AL;D3-CR;D3-FA;D3-PM;D3-SAW;D3-UBA,Application Allowlisting;Command Restriction;File Analysis;Platform Monitoring;System Access Workflow;User Behavior Analysis
main_000566,5f9217b2482b770450c86806d9bed707bf2bc2cfcaa66dca83c64c3e0afa154f,77862efd76591a786f99d400c0f97633e2bfb2bbd18b09dd6bf33ebe49f40f07,xmrig,1.0,High,5000000.0,5000000.0,T1027;T1055;T1059,D3-AL;D3-CR;D3-FA;D3-PM;D3-SAW;D3-UBA,Application Allowlisting;Command Restriction;File Analysis;Platform Monitoring;System Access Workflow;User Behavior Analysis
main_000567,b6cd51e43804e9ce2b43ae61a2b262a0616005a94569c2f32863063a66664fc1,02f47a65d4fd8d00c4aff12092e2155e9f12df2d089bcb1e28b5d65d0d4d7f0f,wacatac,0.9999997615971524,High,5000000.0,4999998.807985762,T1027;T1055;T1486,D3-BAC;D3-BDR;D3-FA;D3-PM;D3-SAW;D3-UBA,Backup Access Control;Backup Data Recovery;File Analysis;Platform Monitoring;System Access Workflow;User Behavior Analysis
main_000568,35c65fc841e320ab8b76d9afb689fc1e0d4227e5a7a935d86f271aa29a308c3a,77862efd76591a786f99d400c0f97633e2bfb2bbd18b09dd6bf33ebe49f40f07,xmrig,1.0,High,5000000.0,5000000.0,T1027;T1055;T1059,D3-AL;D3-CR;D3-FA;D3-PM;D3-SAW;D3-UBA,Application Allowlisting;Command Restriction;File Analysis;Platform Monitoring;System Access Workflow;User Behavior Analysis
main_000569,c7e7d9573b2fa954f03f177ac6ca2a2d69a59ab39855fef857375a2ba65d90af,77862efd76591a786f99d400c0f97633e2bfb2bbd18b09dd6bf33ebe49f40f07,xmrig,0.9999999999999996,High,5000000.0,4999999.999999998,T1027;T1055;T1059,D3-AL;D3-CR;D3-FA;D3-PM;D3-SAW;D3-UBA,Application Allowlisting;Command Restriction;File Analysis;Platform Monitoring;System Access Workflow;User Behavior Analysis
main_000570,31cd091dff6f639b611ecb47ccb403b69c36f53ad4567407d3a54dec8674f133,77862efd76591a786f99d400c0f97633e2bfb2bbd18b09dd6bf33ebe49f40f07,xmrig,1.0,High,5000000.0,5000000.0,T1027;T1055;T1059,D3-AL;D3-CR;D3-FA;D3-PM;D3-SAW;D3-UBA,Application Allowlisting;Command Restriction;File Analysis;Platform Monitoring;System Access Workflow;User Behavior Analysis
main_000571,9cf6e18993e9c78fe54e6e2991b366332b34087c2d078ebb0d85c4161ec2ec09,77862efd76591a786f99d400c0f97633e2bfb2bbd18b09dd6bf33ebe49f40f07,xmrig,1.0,High,5000000.0,5000000.0,T1027;T1055;T1059,D3-AL;D3-CR;D3-FA;D3-PM;D3-SAW;D3-UBA,Application Allowlisting;Command Restriction;File Analysis;Platform Monitoring;System Access Workflow;User Behavior Analysis
main_000572,2eaf11fde1a9c31cfff985967b85f051f63332e3420d5542a6d5bd44b33a5fd1,77862efd76591a786f99d400c0f97633e2bfb2bbd18b09dd6bf33ebe49f40f07,xmrig,1.0,High,5000000.0,5000000.0,T1027;T1055;T1059,D3-AL;D3-CR;D3-FA;D3-PM;D3-SAW;D3-UBA,Application Allowlisting;Command Restriction;File Analysis;Platform Monitoring;System Access Workflow;User Behavior Analysis
main_000574,2a6ffda4f2448efed1a0d91c9c66e1cf130d01130fe610c66de8de76d656b668,77862efd76591a786f99d400c0f97633e2bfb2bbd18b09dd6bf33ebe49f40f07,xmrig,1.0,High,5000000.0,5000000.0,T1027;T1055;T1059,D3-AL;D3-CR;D3-FA;D3-PM;D3-SAW;D3-UBA,Application Allowlisting;Command Restriction;File Analysis;Platform Monitoring;System Access Workflow;User Behavior Analysis
main_000575,d3ba67efdb5e126d60bbe55c676d1a0ded0a8b8daea4a9ce025a4446035a63d7,02f47a65d4fd8d00c4aff12092e2155e9f12df2d089bcb1e28b5d65d0d4d7f0f,wacatac,0.9999999978694224,High,5000000.0,4999999.989347112,T1027;T1055;T1486,D3-BAC;D3-BDR;D3-FA;D3-PM;D3-SAW;D3-UBA,Backup Access Control;Backup Data Recovery;File Analysis;Platform Monitoring;System Access Workflow;User Behavior Analysis
main_000577,f623545366feffb1ff7c63a0e260ed0225e133d3ea707f16b9db68925208b1e9,77862efd76591a786f99d400c0f97633e2bfb2bbd18b09dd6bf33ebe49f40f07,xmrig,1.0,High,5000000.0,5000000.0,T1027;T1055;T1059,D3-AL;D3-CR;D3-FA;D3-PM;D3-SAW;D3-UBA,Application Allowlisting;Command Restriction;File Analysis;Platform Monitoring;System Access Workflow;User Behavior Analysis
main_000612,9995486b1ba56f175e935fd9941a3cddfb8099d4134fc88d821b3b9ea5e51799,77862efd76591a786f99d400c0f97633e2bfb2bbd18b09dd6bf33ebe49f40f07,xmrig,1.0,High,5000000.0,5000000.0,T1027;T1055;T1059,D3-AL;D3-CR;D3-FA;D3-PM;D3-SAW;D3-UBA,Application Allowlisting;Command Restriction;File Analysis;Platform Monitoring;System Access Workflow;User Behavior Analysis
main_000617,aeb68d3e6682616ef1e28904864a41521c6dda0c189be7204e02ede955cf450b,77862efd76591a786f99d400c0f97633e2bfb2bbd18b09dd6bf33ebe49f40f07,xmrig,1.0,High,5000000.0,5000000.0,T1027;T1055;T1059,D3-AL;D3-CR;D3-FA;D3-PM;D3-SAW;D3-UBA,Application Allowlisting;Command Restriction;File Analysis;Platform Monitoring;System Access Workflow;User Behavior Analysis
main_000618,9e2e632a4c4636263b4390659eb672cd22faa9adc7d5378c5dd3446f8c2e8cee,77862efd76591a786f99d400c0f97633e2bfb2bbd18b09dd6bf33ebe49f40f07,xmrig,1.0,High,5000000.0,5000000.0,T1027;T1055;T1059,D3-AL;D3-CR;D3-FA;D3-PM;D3-SAW;D3-UBA,Application Allowlisting;Command Restriction;File Analysis;Platform Monitoring;System Access Workflow;User Behavior Analysis
main_000620,ee921d65517e2283d86249bf033e4c7df5e8910e8047738972c9fe11de53a873,77862efd76591a786f99d400c0f97633e2bfb2bbd18b09dd6bf33ebe49f40f07,xmrig,1.0,High,5000000.0,5000000.0,T1027;T1055;T1059,D3-AL;D3-CR;D3-FA;D3-PM;D3-SAW;D3-UBA,Application Allowlisting;Command Restriction;File Analysis;Platform Monitoring;System Access Workflow;User Behavior Analysis
main_000621,ffe8aa1d47a1a19cd495d652ba4a4b1b1dcce2af87fb9a50791e1c9bd5fcf3d4,77862efd76591a786f99d400c0f97633e2bfb2bbd18b09dd6bf33ebe49f40f07,xmrig,1.0,High,5000000.0,5000000.0,T1027;T1055;T1059,D3-AL;D3-CR;D3-FA;D3-PM;D3-SAW;D3-UBA,Application Allowlisting;Command Restriction;File Analysis;Platform Monitoring;System Access Workflow;User Behavior Analysis
main_000629,a1141543829b23910c79f4287172806982bbad22528e81489455210aa506cbd4,77862efd76591a786f99d400c0f97633e2bfb2bbd18b09dd6bf33ebe49f40f07,xmrig,0.9999999999999998,High,5000000.0,4999999.999999999,T1027;T1055;T1059,D3-AL;D3-CR;D3-FA;D3-PM;D3-SAW;D3-UBA,Application Allowlisting;Command Restriction;File Analysis;Platform Monitoring;System Access Workflow;User Behavior Analysis
main_000660,7e2befb582a45ccc622ba078bc640481f7216c7517ba18bdb1039fff14271c37,77862efd76591a786f99d400c0f97633e2bfb2bbd18b09dd6bf33ebe49f40f07,xmrig,1.0,High,5000000.0,5000000.0,T1027;T1055;T1059,D3-AL;D3-CR;D3-FA;D3-PM;D3-SAW;D3-UBA,Application Allowlisting;Command Restriction;File Analysis;Platform Monitoring;System Access Workflow;User Behavior Analysis
main_000661,668d077a96ba2c4a8cb556e19bccf0c3a9452f5105d67ceda29029854bcbfc46,77862efd76591a786f99d400c0f97633e2bfb2bbd18b09dd6bf33ebe49f40f07,xmrig,1.0,High,5000000.0,5000000.0,T1027;T1055;T1059,D3-AL;D3-CR;D3-FA;D3-PM;D3-SAW;D3-UBA,Application Allowlisting;Command Restriction;File Analysis;Platform Monitoring;System Access Workflow;User Behavior Analysis
main_000662,88fe2298c5788261e898b8a98603728a0b0fb746f517f28df3268d4a0d77b926,77862efd76591a786f99d400c0f97633e2bfb2bbd18b09dd6bf33ebe49f40f07,xmrig,1.0,High,5000000.0,5000000.0,T1027;T1055;T1059,D3-AL;D3-CR;D3-FA;D3-PM;D3-SAW;D3-UBA,Application Allowlisting;Command Restriction;File Analysis;Platform Monitoring;System Access Workflow;User Behavior Analysis
main_000663,19d03e2d4fe4df5737ba2d2cf8f1ce5c71bed3c726537928933fec874ae69acf,77862efd76591a786f99d400c0f97633e2bfb2bbd18b09dd6bf33ebe49f40f07,xmrig,1.0,High,5000000.0,5000000.0,T1027;T1055;T1059,D3-AL;D3-CR;D3-FA;D3-PM;D3-SAW;D3-UBA,Application Allowlisting;Command Restriction;File Analysis;Platform Monitoring;System Access Workflow;User Behavior Analysis
main_000664,ddc1ee2e503086e3a85eaac8ea93a82e6f2c500a532b7215e80f6a10afd540e4,77862efd76591a786f99d400c0f97633e2bfb2bbd18b09dd6bf33ebe49f40f07,xmrig,0.9999999999999996,High,5000000.0,4999999.999999998,T1027;T1055;T1059,D3-AL;D3-CR;D3-FA;D3-PM;D3-SAW;D3-UBA,Application Allowlisting;Command Restriction;File Analysis;Platform Monitoring;System Access Workflow;User Behavior Analysis
main_000665,dcdc3b159c60dcbac3d3a0902c0d97e73dea12d6fd20e1a9666a53c7405c74cd,77862efd76591a786f99d400c0f97633e2bfb2bbd18b09dd6bf33ebe49f40f07,xmrig,0.9999999999999998,High,5000000.0,4999999.999999999,T1027;T1055;T1059,D3-AL;D3-CR;D3-FA;D3-PM;D3-SAW;D3-UBA,Application Allowlisting;Command Restriction;File Analysis;Platform Monitoring;System Access Workflow;User Behavior Analysis
main_000666,f37843091a4bb4174d195de9a4f437735b6fe167d420ffba0895f7cc9c2126ce,77862efd76591a786f99d400c0f97633e2bfb2bbd18b09dd6bf33ebe49f40f07,xmrig,0.9999999999999992,High,5000000.0,4999999.999999996,T1027;T1055;T1059,D3-AL;D3-CR;D3-FA;D3-PM;D3-SAW;D3-UBA,Application Allowlisting;Command Restriction;File Analysis;Platform Monitoring;System Access Workflow;User Behavior Analysis
main_000668,261dd9985e0d74bb7dc9ea695f4812c2dc2bf06dd5f5cb68e5d80252f9487d2d,77862efd76591a786f99d400c0f97633e2bfb2bbd18b09dd6bf33ebe49f40f07,xmrig,0.9999999999996848,High,5000000.0,4999999.999998424,T1027;T1055;T1059,D3-AL;D3-CR;D3-FA;D3-PM;D3-SAW;D3-UBA,Application Allowlisting;Command Restriction;File Analysis;Platform Monitoring;System Access Workflow;User Behavior Analysis
main_000674,032c751d03392496d592c054140db8a2cd1187718a3651a29697fabb23561166,77862efd76591a786f99d400c0f97633e2bfb2bbd18b09dd6bf33ebe49f40f07,xmrig,1.0,High,5000000.0,5000000.0,T1027;T1055;T1059,D3-AL;D3-CR;D3-FA;D3-PM;D3-SAW;D3-UBA,Application Allowlisting;Command Restriction;File Analysis;Platform Monitoring;System Access Workflow;User Behavior Analysis
main_000686,8bc2d7de789ee95d7172a7f9c85c4d2aeaafdfc52cb87a53d38ec906cd191cde,77862efd76591a786f99d400c0f97633e2bfb2bbd18b09dd6bf33ebe49f40f07,xmrig,1.0,High,5000000.0,5000000.0,T1027;T1055;T1059,D3-AL;D3-CR;D3-FA;D3-PM;D3-SAW;D3-UBA,Application Allowlisting;Command Restriction;File Analysis;Platform Monitoring;System Access Workflow;User Behavior Analysis
main_000687,93f3e2dba068edf6c0c767ce9f75b6137e967fe3825ad68a78dcae5ba5df6a7f,77862efd76591a786f99d400c0f97633e2bfb2bbd18b09dd6bf33ebe49f40f07,xmrig,1.0,High,5000000.0,5000000.0,T1027;T1055;T1059,D3-AL;D3-CR;D3-FA;D3-PM;D3-SAW;D3-UBA,Application Allowlisting;Command Restriction;File Analysis;Platform Monitoring;System Access Workflow;User Behavior Analysis
main_000688,96aaa60bd770605970eaf62d00e694c9d7615980e4e8d213af48316d4c13d705,77862efd76591a786f99d400c0f97633e2bfb2bbd18b09dd6bf33ebe49f40f07,xmrig,1.0,High,5000000.0,5000000.0,T1027;T1055;T1059,D3-AL;D3-CR;D3-FA;D3-PM;D3-SAW;D3-UBA,Application Allowlisting;Command Restriction;File Analysis;Platform Monitoring;System Access Workflow;User Behavior Analysis
main_000689,fb2c2459c2f9e38f7a6f071fb61ad6d3ba8f6efaada0a7ff46df5981d63b4af4,b83ef675cc28b5b0387916e29e9ced4ef6c6d6ea4fcffdbc3b3b086e80167fce,berbew,0.999999994682268,High,5000000.0,4999999.97341134,T1027;T1055;T1486,D3-BAC;D3-BDR;D3-FA;D3-PM;D3-SAW;D3-UBA,Backup Access Control;Backup Data Recovery;File Analysis;Platform Monitoring;System Access Workflow;User Behavior Analysis
main_000690,0994973c38fa0a271e219579e75423844a933a370369b250eaaf865faea475db,77862efd76591a786f99d400c0f97633e2bfb2bbd18b09dd6bf33ebe49f40f07,xmrig,1.0,High,5000000.0,5000000.0,T1027;T1055;T1059,D3-AL;D3-CR;D3-FA;D3-PM;D3-SAW;D3-UBA,Application Allowlisting;Command Restriction;File Analysis;Platform Monitoring;System Access Workflow;User Behavior Analysis
main_000691,ea4d3885eb63b8db2e90bed6474c431e630afc65c6382c09148cf9fb13d03ffe,77862efd76591a786f99d400c0f97633e2bfb2bbd18b09dd6bf33ebe49f40f07,xmrig,1.0,High,5000000.0,5000000.0,T1027;T1055;T1059,D3-AL;D3-CR;D3-FA;D3-PM;D3-SAW;D3-UBA,Application Allowlisting;Command Restriction;File Analysis;Platform Monitoring;System Access Workflow;User Behavior Analysis
main_000692,cffe5407e3dca3970ffbe2189348cc64226b2a0137f855c7a5397767e445dab5,77862efd76591a786f99d400c0f97633e2bfb2bbd18b09dd6bf33ebe49f40f07,xmrig,1.0,High,5000000.0,5000000.0,T1027;T1055;T1059,D3-AL;D3-CR;D3-FA;D3-PM;D3-SAW;D3-UBA,Application Allowlisting;Command Restriction;File Analysis;Platform Monitoring;System Access Workflow;User Behavior Analysis
main_000693,6a7f2203c7d3f3c00f335ceab1d42c4aeebd475e3246ee5a35ac383e8593f123,77862efd76591a786f99d400c0f97633e2bfb2bbd18b09dd6bf33ebe49f40f07,xmrig,1.0,High,5000000.0,5000000.0,T1027;T1055;T1059,D3-AL;D3-CR;D3-FA;D3-PM;D3-SAW;D3-UBA,Application Allowlisting;Command Restriction;File Analysis;Platform Monitoring;System Access Workflow;User Behavior Analysis
main_000694,637c0f3dade7099bf078789e33895ac17436b3f7cf9e138876df4a531968d8ec,04d890b2e972a9c6984f3a55fbc6362903c44855434a3ed390b72b5cde0d1297,vindor,0.9999999995009644,High,5000000.0,4999999.997504822,T1027;T1055;T1486,D3-BAC;D3-BDR;D3-FA;D3-PM;D3-SAW;D3-UBA,Backup Access Control;Backup Data Recovery;File Analysis;Platform Monitoring;System Access Workflow;User Behavior Analysis
main_000695,79ebde25af31735478dbf8d6b10c0ca906e4f53c8b7fb4a2a39b649e61da53c9,77862efd76591a786f99d400c0f97633e2bfb2bbd18b09dd6bf33ebe49f40f07,xmrig,0.9999999999999998,High,5000000.0,4999999.999999999,T1027;T1055;T1059,D3-AL;D3-CR;D3-FA;D3-PM;D3-SAW;D3-UBA,Application Allowlisting;Command Restriction;File Analysis;Platform Monitoring;System Access Workflow;User Behavior Analysis
main_000696,a0708ec248c758ac33b6bc94ee7f2c2fa5803cb4e0b397e1f2705837e59fe3b4,77862efd76591a786f99d400c0f97633e2bfb2bbd18b09dd6bf33ebe49f40f07,xmrig,1.0,High,5000000.0,5000000.0,T1027;T1055;T1059,D3-AL;D3-CR;D3-FA;D3-PM;D3-SAW;D3-UBA,Application Allowlisting;Command Restriction;File Analysis;Platform Monitoring;System Access Workflow;User Behavior Analysis
main_000697,3629ae18cd45092dc1c09434c093a6cde45ee24a73f0087c676ad8e160345e9e,77862efd76591a786f99d400c0f97633e2bfb2bbd18b09dd6bf33ebe49f40f07,xmrig,1.0,High,5000000.0,5000000.0,T1027;T1055;T1059,D3-AL;D3-CR;D3-FA;D3-PM;D3-SAW;D3-UBA,Application Allowlisting;Command Restriction;File Analysis;Platform Monitoring;System Access Workflow;User Behavior Analysis
main_000698,d692e37c2983f64b6c77f2fc5c4b8a39a6601f7a90508fd13dce37463d8bd9df,77862efd76591a786f99d400c0f97633e2bfb2bbd18b09dd6bf33ebe49f40f07,xmrig,1.0,High,5000000.0,5000000.0,T1027;T1055;T1059,D3-AL;D3-CR;D3-FA;D3-PM;D3-SAW;D3-UBA,Application Allowlisting;Command Restriction;File Analysis;Platform Monitoring;System Access Workflow;User Behavior Analysis
main_000699,e46f02e13ebce8c313017c6cb40b822d7dd7599dfec75f7e028510af59b38b77,b83ef675cc28b5b0387916e29e9ced4ef6c6d6ea4fcffdbc3b3b086e80167fce,berbew,0.9999999985729826,High,5000000.0,4999999.992864913,T1027;T1055;T1486,D3-BAC;D3-BDR;D3-FA;D3-PM;D3-SAW;D3-UBA,Backup Access Control;Backup Data Recovery;File Analysis;Platform Monitoring;System Access Workflow;User Behavior Analysis
main_000700,bb5677c2f8eaade95fa2eff52a3a1f18c15298ff1543031843637b2787a531c3,77862efd76591a786f99d400c0f97633e2bfb2bbd18b09dd6bf33ebe49f40f07,xmrig,0.9999999999999996,High,5000000.0,4999999.999999998,T1027;T1055;T1059,D3-AL;D3-CR;D3-FA;D3-PM;D3-SAW;D3-UBA,Application Allowlisting;Command Restriction;File Analysis;Platform Monitoring;System Access Workflow;User Behavior Analysis
main_000701,8b8921ba78dcfae98b3709a0b5f005e78848941f4a15df2ca1ba2c5018059a3b,77862efd76591a786f99d400c0f97633e2bfb2bbd18b09dd6bf33ebe49f40f07,xmrig,1.0,High,5000000.0,5000000.0,T1027;T1055;T1059,D3-AL;D3-CR;D3-FA;D3-PM;D3-SAW;D3-UBA,Application Allowlisting;Command Restriction;File Analysis;Platform Monitoring;System Access Workflow;User Behavior Analysis
main_000704,06807e84bba3f2a3cea4044e15de7853f20a0c125517b7158e7c241c82454ef6,77862efd76591a786f99d400c0f97633e2bfb2bbd18b09dd6bf33ebe49f40f07,xmrig,0.9999999999999748,High,5000000.0,4999999.999999874,T1027;T1055;T1059,D3-AL;D3-CR;D3-FA;D3-PM;D3-SAW;D3-UBA,Application Allowlisting;Command Restriction;File Analysis;Platform Monitoring;System Access Workflow;User Behavior Analysis
main_000706,2d1dcbab69505ec30f396a71f41833aeb95588515b5169a7bbda44533c5d40de,77862efd76591a786f99d400c0f97633e2bfb2bbd18b09dd6bf33ebe49f40f07,xmrig,1.0,High,5000000.0,5000000.0,T1027;T1055;T1059,D3-AL;D3-CR;D3-FA;D3-PM;D3-SAW;D3-UBA,Application Allowlisting;Command Restriction;File Analysis;Platform Monitoring;System Access Workflow;User Behavior Analysis
main_000707,21dc8e069b0dda54761b51b4fa9e812cc9fa1db75dceb146d9c2c201a8603e2b,77862efd76591a786f99d400c0f97633e2bfb2bbd18b09dd6bf33ebe49f40f07,xmrig,1.0,High,5000000.0,5000000.0,T1027;T1055;T1059,D3-AL;D3-CR;D3-FA;D3-PM;D3-SAW;D3-UBA,Application Allowlisting;Command Restriction;File Analysis;Platform Monitoring;System Access Workflow;User Behavior Analysis
main_000708,8498595d979d8f59b3bff050b82a1dcae7852a6f5fa6a668edb33e5e80d759b5,77862efd76591a786f99d400c0f97633e2bfb2bbd18b09dd6bf33ebe49f40f07,xmrig,1.0,High,5000000.0,5000000.0,T1027;T1055;T1059,D3-AL;D3-CR;D3-FA;D3-PM;D3-SAW;D3-UBA,Application Allowlisting;Command Restriction;File Analysis;Platform Monitoring;System Access Workflow;User Behavior Analysis
main_000709,b0a237d9fc862dc20545bd03d0635b7925df78c4c9b4f6906a2e60ad020ae719,77862efd76591a786f99d400c0f97633e2bfb2bbd18b09dd6bf33ebe49f40f07,xmrig,0.9999999999999992,High,5000000.0,4999999.999999996,T1027;T1055;T1059,D3-AL;D3-CR;D3-FA;D3-PM;D3-SAW;D3-UBA,Application Allowlisting;Command Restriction;File Analysis;Platform Monitoring;System Access Workflow;User Behavior Analysis
main_000710,70b7e6ae96863ef2a440fead5cb38ebcdb87c1c75861cdef652f6239284a7f06,77862efd76591a786f99d400c0f97633e2bfb2bbd18b09dd6bf33ebe49f40f07,xmrig,1.0,High,5000000.0,5000000.0,T1027;T1055;T1059,D3-AL;D3-CR;D3-FA;D3-PM;D3-SAW;D3-UBA,Application Allowlisting;Command Restriction;File Analysis;Platform Monitoring;System Access Workflow;User Behavior Analysis
main_000711,b97c4e8500f574eded5a2c2255b0f2142868e1550ed93f8ee6e169a6ce0a63b4,04d890b2e972a9c6984f3a55fbc6362903c44855434a3ed390b72b5cde0d1297,vindor,0.9999999999999996,High,5000000.0,4999999.999999998,T1027;T1055;T1486,D3-BAC;D3-BDR;D3-FA;D3-PM;D3-SAW;D3-UBA,Backup Access Control;Backup Data Recovery;File Analysis;Platform Monitoring;System Access Workflow;User Behavior Analysis
main_000712,1ebdaf531f24e14d3e75f5d9d60f909618b18b7a0b8a6958ac5e61f3645f0a40,77862efd76591a786f99d400c0f97633e2bfb2bbd18b09dd6bf33ebe49f40f07,xmrig,1.0,High,5000000.0,5000000.0,T1027;T1055;T1059,D3-AL;D3-CR;D3-FA;D3-PM;D3-SAW;D3-UBA,Application Allowlisting;Command Restriction;File Analysis;Platform Monitoring;System Access Workflow;User Behavior Analysis
main_000713,de8f17d76fbf889a48faff41983e65dafa61f89eb2ebd5c6ca85e182862d0dd3,77862efd76591a786f99d400c0f97633e2bfb2bbd18b09dd6bf33ebe49f40f07,xmrig,1.0,High,5000000.0,5000000.0,T1027;T1055;T1059,D3-AL;D3-CR;D3-FA;D3-PM;D3-SAW;D3-UBA,Application Allowlisting;Command Restriction;File Analysis;Platform Monitoring;System Access Workflow;User Behavior Analysis
main_000714,d89b5ac59a74114b6a81cbdc0510562eb177af261d353b68417596540b6ac9ca,77862efd76591a786f99d400c0f97633e2bfb2bbd18b09dd6bf33ebe49f40f07,xmrig,1.0,High,5000000.0,5000000.0,T1027;T1055;T1059,D3-AL;D3-CR;D3-FA;D3-PM;D3-SAW;D3-UBA,Application Allowlisting;Command Restriction;File Analysis;Platform Monitoring;System Access Workflow;User Behavior Analysis
main_000715,a97953e840ec2f5d88c81b3a3a78f5e4e374ba43657eb49bc4b8de3970500da5,77862efd76591a786f99d400c0f97633e2bfb2bbd18b09dd6bf33ebe49f40f07,xmrig,1.0,High,5000000.0,5000000.0,T1027;T1055;T1059,D3-AL;D3-CR;D3-FA;D3-PM;D3-SAW;D3-UBA,Application Allowlisting;Command Restriction;File Analysis;Platform Monitoring;System Access Workflow;User Behavior Analysis
main_000720,1386bce2eea824e1a0fb4e5184885751f649d346067897f0e780776eb0105e3a,77862efd76591a786f99d400c0f97633e2bfb2bbd18b09dd6bf33ebe49f40f07,xmrig,1.0,High,5000000.0,5000000.0,T1027;T1055;T1059,D3-AL;D3-CR;D3-FA;D3-PM;D3-SAW;D3-UBA,Application Allowlisting;Command Restriction;File Analysis;Platform Monitoring;System Access Workflow;User Behavior Analysis
main_000721,df97cdc3ec92f6f9e4f5c6746ab3612bcdf554ec60b3d1f2046837dd5489f0c3,77862efd76591a786f99d400c0f97633e2bfb2bbd18b09dd6bf33ebe49f40f07,xmrig,1.0,High,5000000.0,5000000.0,T1027;T1055;T1059,D3-AL;D3-CR;D3-FA;D3-PM;D3-SAW;D3-UBA,Application Allowlisting;Command Restriction;File Analysis;Platform Monitoring;System Access Workflow;User Behavior Analysis
main_000722,918241fadf21e0a1c820b829b4e90e9711082f0ebf3d0d0b24fefda2206b6e49,77862efd76591a786f99d400c0f97633e2bfb2bbd18b09dd6bf33ebe49f40f07,xmrig,1.0,High,5000000.0,5000000.0,T1027;T1055;T1059,D3-AL;D3-CR;D3-FA;D3-PM;D3-SAW;D3-UBA,Application Allowlisting;Command Restriction;File Analysis;Platform Monitoring;System Access Workflow;User Behavior Analysis
main_000723,a59843c3d189094d16277d713343613416392ca3cf916f69bfbc1a7105da5089,77862efd76591a786f99d400c0f97633e2bfb2bbd18b09dd6bf33ebe49f40f07,xmrig,1.0,High,5000000.0,5000000.0,T1027;T1055;T1059,D3-AL;D3-CR;D3-FA;D3-PM;D3-SAW;D3-UBA,Application Allowlisting;Command Restriction;File Analysis;Platform Monitoring;System Access Workflow;User Behavior Analysis
main_000725,7e0b08b50062daf1b98b95443c22810fc6e165bb1b7b0d35059d8938e3e3f7eb,77862efd76591a786f99d400c0f97633e2bfb2bbd18b09dd6bf33ebe49f40f07,xmrig,1.0,High,5000000.0,5000000.0,T1027;T1055;T1059,D3-AL;D3-CR;D3-FA;D3-PM;D3-SAW;D3-UBA,Application Allowlisting;Command Restriction;File Analysis;Platform Monitoring;System Access Workflow;User Behavior Analysis
main_000727,10cf7577cb5929bb1274d7b00f920888ceb1a9e63301112e6d4bed76fb4e53bb,b83ef675cc28b5b0387916e29e9ced4ef6c6d6ea4fcffdbc3b3b086e80167fce,berbew,0.9999999494050206,High,5000000.0,4999999.747025103,T1027;T1055;T1486,D3-BAC;D3-BDR;D3-FA;D3-PM;D3-SAW;D3-UBA,Backup Access Control;Backup Data Recovery;File Analysis;Platform Monitoring;System Access Workflow;User Behavior Analysis
main_000728,da887183d6751f700052e1ec48ce7497111a4651519500f6e32e3447cd0379a1,77862efd76591a786f99d400c0f97633e2bfb2bbd18b09dd6bf33ebe49f40f07,xmrig,1.0,High,5000000.0,5000000.0,T1027;T1055;T1059,D3-AL;D3-CR;D3-FA;D3-PM;D3-SAW;D3-UBA,Application Allowlisting;Command Restriction;File Analysis;Platform Monitoring;System Access Workflow;User Behavior Analysis
main_000729,3150e85fd45f2a60f4aa1abf93fd50e9e9d303ed12e2318e69464dd4d1d7d5d4,b83ef675cc28b5b0387916e29e9ced4ef6c6d6ea4fcffdbc3b3b086e80167fce,berbew,0.9999999999874852,High,5000000.0,4999999.999937426,T1027;T1055;T1486,D3-BAC;D3-BDR;D3-FA;D3-PM;D3-SAW;D3-UBA,Backup Access Control;Backup Data Recovery;File Analysis;Platform Monitoring;System Access Workflow;User Behavior Analysis
main_000730,b0a46eba4b96f4993ec2bf335c50b593f3475d96807c1d391072bb640a59bbb9,77862efd76591a786f99d400c0f97633e2bfb2bbd18b09dd6bf33ebe49f40f07,xmrig,0.9999999999999998,High,5000000.0,4999999.999999999,T1027;T1055;T1059,D3-AL;D3-CR;D3-FA;D3-PM;D3-SAW;D3-UBA,Application Allowlisting;Command Restriction;File Analysis;Platform Monitoring;System Access Workflow;User Behavior Analysis
main_000731,d539085ef3ef5db8d4a82be74ee775075ef02e3beb8aadbf900859202a4f2476,77862efd76591a786f99d400c0f97633e2bfb2bbd18b09dd6bf33ebe49f40f07,xmrig,1.0,High,5000000.0,5000000.0,T1027;T1055;T1059,D3-AL;D3-CR;D3-FA;D3-PM;D3-SAW;D3-UBA,Application Allowlisting;Command Restriction;File Analysis;Platform Monitoring;System Access Workflow;User Behavior Analysis
main_000732,10a4038a0fe73279d34c426d43ff21858c24fcd8c46b67d68477f6b3d0c71108,77862efd76591a786f99d400c0f97633e2bfb2bbd18b09dd6bf33ebe49f40f07,xmrig,0.999999977919207,High,5000000.0,4999999.889596035,T1027;T1055;T1059,D3-AL;D3-CR;D3-FA;D3-PM;D3-SAW;D3-UBA,Application Allowlisting;Command Restriction;File Analysis;Platform Monitoring;System Access Workflow;User Behavior Analysis
main_000734,2a5cb36790a45c12e5688ea90b7c0769eca0abba6a2b3542b82d2154ec6707ee,77862efd76591a786f99d400c0f97633e2bfb2bbd18b09dd6bf33ebe49f40f07,xmrig,1.0,High,5000000.0,5000000.0,T1027;T1055;T1059,D3-AL;D3-CR;D3-FA;D3-PM;D3-SAW;D3-UBA,Application Allowlisting;Command Restriction;File Analysis;Platform Monitoring;System Access Workflow;User Behavior Analysis
main_000736,149d5bb75c117afd697b7eed6131b16edb90c9eb3bfaa6febd16a619ec2d28ad,77862efd76591a786f99d400c0f97633e2bfb2bbd18b09dd6bf33ebe49f40f07,xmrig,0.9999999999999998,High,5000000.0,4999999.999999999,T1027;T1055;T1059,D3-AL;D3-CR;D3-FA;D3-PM;D3-SAW;D3-UBA,Application Allowlisting;Command Restriction;File Analysis;Platform Monitoring;System Access Workflow;User Behavior Analysis
main_000737,3ec4aec6cc0dc3a5b53057fee496d89bc379c49b17e39de6eb362283fcfeefa8,77862efd76591a786f99d400c0f97633e2bfb2bbd18b09dd6bf33ebe49f40f07,xmrig,0.9999999999999996,High,5000000.0,4999999.999999998,T1027;T1055;T1059,D3-AL;D3-CR;D3-FA;D3-PM;D3-SAW;D3-UBA,Application Allowlisting;Command Restriction;File Analysis;Platform Monitoring;System Access Workflow;User Behavior Analysis
main_000738,6ef258fef14089b2213d6864515d6eec3e734a4a4890ee89c3886414becab6ff,77862efd76591a786f99d400c0f97633e2bfb2bbd18b09dd6bf33ebe49f40f07,xmrig,1.0,High,5000000.0,5000000.0,T1027;T1055;T1059,D3-AL;D3-CR;D3-FA;D3-PM;D3-SAW;D3-UBA,Application Allowlisting;Command Restriction;File Analysis;Platform Monitoring;System Access Workflow;User Behavior Analysis
main_000740,2fcf4269e222abe17f201e9a3f8bb6aa653996378d503c4f8a206f9beac800ee,77862efd76591a786f99d400c0f97633e2bfb2bbd18b09dd6bf33ebe49f40f07,xmrig,1.0,High,5000000.0,5000000.0,T1027;T1055;T1059,D3-AL;D3-CR;D3-FA;D3-PM;D3-SAW;D3-UBA,Application Allowlisting;Command Restriction;File Analysis;Platform Monitoring;System Access Workflow;User Behavior Analysis
main_000744,f58f061a20fec4e93b860d2e6dd04fe1ca5691804ef8aaf625bf3794b398a1a5,77862efd76591a786f99d400c0f97633e2bfb2bbd18b09dd6bf33ebe49f40f07,xmrig,1.0,High,5000000.0,5000000.0,T1027;T1055;T1059,D3-AL;D3-CR;D3-FA;D3-PM;D3-SAW;D3-UBA,Application Allowlisting;Command Restriction;File Analysis;Platform Monitoring;System Access Workflow;User Behavior Analysis
main_000745,0f6b9a0360b22ee981c4d831c9f8fdf31fff8df5bb288382bf2245e4da7d6f36,b83ef675cc28b5b0387916e29e9ced4ef6c6d6ea4fcffdbc3b3b086e80167fce,berbew,0.9999999373951992,High,5000000.0,4999999.686975996,T1027;T1055;T1486,D3-BAC;D3-BDR;D3-FA;D3-PM;D3-SAW;D3-UBA,Backup Access Control;Backup Data Recovery;File Analysis;Platform Monitoring;System Access Workflow;User Behavior Analysis
main_000746,8131684abfacdcd556bbdc808abb133edba06b8c602bdffd6057ab327355d627,77862efd76591a786f99d400c0f97633e2bfb2bbd18b09dd6bf33ebe49f40f07,xmrig,0.9999999999999988,High,5000000.0,4999999.9999999935,T1027;T1055;T1059,D3-AL;D3-CR;D3-FA;D3-PM;D3-SAW;D3-UBA,Application Allowlisting;Command Restriction;File Analysis;Platform Monitoring;System Access Workflow;User Behavior Analysis
main_000748,2e1ea8ca4edb16e0c035025e492f23f2a45480486dff93448ca68689aac8cc3c,77862efd76591a786f99d400c0f97633e2bfb2bbd18b09dd6bf33ebe49f40f07,xmrig,1.0,High,5000000.0,5000000.0,T1027;T1055;T1059,D3-AL;D3-CR;D3-FA;D3-PM;D3-SAW;D3-UBA,Application Allowlisting;Command Restriction;File Analysis;Platform Monitoring;System Access Workflow;User Behavior Analysis
main_000749,c768c58c6764dcae11c0775fc27e370f879b020c21de45aafe12d9528ad1f3fc,acfd227c9e2a637ba527343252a51d6cbf588451f0194210216eeda06e834e95,banload,0.9999999999999998,High,5000000.0,4999999.999999999,T1027;T1055;T1486,D3-BAC;D3-BDR;D3-FA;D3-PM;D3-SAW;D3-UBA,Backup Access Control;Backup Data Recovery;File Analysis;Platform Monitoring;System Access Workflow;User Behavior Analysis
main_000752,8b15737474d3354a80e86e543512ba4a0749ad7257453bd44038eba91e7afe63,b83ef675cc28b5b0387916e29e9ced4ef6c6d6ea4fcffdbc3b3b086e80167fce,berbew,0.999999999992957,High,5000000.0,4999999.999964785,T1027;T1055;T1486,D3-BAC;D3-BDR;D3-FA;D3-PM;D3-SAW;D3-UBA,Backup Access Control;Backup Data Recovery;File Analysis;Platform Monitoring;System Access Workflow;User Behavior Analysis
main_000754,17cd3b403579873a3452241d02431954922a6f635202f6eb4a887c8ecd90b92c,02f47a65d4fd8d00c4aff12092e2155e9f12df2d089bcb1e28b5d65d0d4d7f0f,wacatac,0.9999999999538448,High,5000000.0,4999999.999769224,T1027;T1055;T1486,D3-BAC;D3-BDR;D3-FA;D3-PM;D3-SAW;D3-UBA,Backup Access Control;Backup Data Recovery;File Analysis;Platform Monitoring;System Access Workflow;User Behavior Analysis
main_000755,dc303671a93a0f5ba032f3f25484d80f4168ba0665387e51200ba4b77893abec,77862efd76591a786f99d400c0f97633e2bfb2bbd18b09dd6bf33ebe49f40f07,xmrig,1.0,High,5000000.0,5000000.0,T1027;T1055;T1059,D3-AL;D3-CR;D3-FA;D3-PM;D3-SAW;D3-UBA,Application Allowlisting;Command Restriction;File Analysis;Platform Monitoring;System Access Workflow;User Behavior Analysis
main_000756,fd9fa58d7ce1a470a397b3de3e5fe3dce2afc5fab7242e812eb7aae96678f5ba,c8b999ec8614bd108b6640f976e6442afa74ef68f3436b132f6e6dfe4879fcad,grandoreiro,0.9999999997779824,High,5000000.0,4999999.998889912,T1027;T1055;T1486,D3-BAC;D3-BDR;D3-FA;D3-PM;D3-SAW;D3-UBA,Backup Access Control;Backup Data Recovery;File Analysis;Platform Monitoring;System Access Workflow;User Behavior Analysis
main_000758,abaad9bb1b2c97d759950e2a60546b12d72995117df92b2d8c357d3b60e6fdcd,77862efd76591a786f99d400c0f97633e2bfb2bbd18b09dd6bf33ebe49f40f07,xmrig,1.0,High,5000000.0,5000000.0,T1027;T1055;T1059,D3-AL;D3-CR;D3-FA;D3-PM;D3-SAW;D3-UBA,Application Allowlisting;Command Restriction;File Analysis;Platform Monitoring;System Access Workflow;User Behavior Analysis
main_000760,d1c3c8f391840fcda6d0992da438a3db207e94f50ba277b4c41fad3503fa5236,77862efd76591a786f99d400c0f97633e2bfb2bbd18b09dd6bf33ebe49f40f07,xmrig,0.9999999999919952,High,5000000.0,4999999.999959976,T1027;T1055;T1059,D3-AL;D3-CR;D3-FA;D3-PM;D3-SAW;D3-UBA,Application Allowlisting;Command Restriction;File Analysis;Platform Monitoring;System Access Workflow;User Behavior Analysis
main_000761,cc26d65283b03eddf354012af99e34fe326f472d3e044ecea080a0043bd3d813,c8b999ec8614bd108b6640f976e6442afa74ef68f3436b132f6e6dfe4879fcad,grandoreiro,0.9999999999646314,High,5000000.0,4999999.999823157,T1027;T1055;T1486,D3-BAC;D3-BDR;D3-FA;D3-PM;D3-SAW;D3-UBA,Backup Access Control;Backup Data Recovery;File Analysis;Platform Monitoring;System Access Workflow;User Behavior Analysis
main_000762,7baa3c1a7e2f8b636c6ae7c76100641ebe7ed4520aeca2a211f8a350a624cf42,77862efd76591a786f99d400c0f97633e2bfb2bbd18b09dd6bf33ebe49f40f07,xmrig,1.0,High,5000000.0,5000000.0,T1027;T1055;T1059,D3-AL;D3-CR;D3-FA;D3-PM;D3-SAW;D3-UBA,Application Allowlisting;Command Restriction;File Analysis;Platform Monitoring;System Access Workflow;User Behavior Analysis
main_000763,1ce43e030d971d61da21c8b1ae5618f483327a37acf919c15313a631d9605ec4,02f47a65d4fd8d00c4aff12092e2155e9f12df2d089bcb1e28b5d65d0d4d7f0f,wacatac,0.999999999994558,High,5000000.0,4999999.999972791,T1027;T1055;T1486,D3-BAC;D3-BDR;D3-FA;D3-PM;D3-SAW;D3-UBA,Backup Access Control;Backup Data Recovery;File Analysis;Platform Monitoring;System Access Workflow;User Behavior Analysis
main_000765,2def279436b05e3a551632ca95bc9c9b6fb5f66da42c5c628b4cd8b17ca70d18,77862efd76591a786f99d400c0f97633e2bfb2bbd18b09dd6bf33ebe49f40f07,xmrig,1.0,High,5000000.0,5000000.0,T1027;T1055;T1059,D3-AL;D3-CR;D3-FA;D3-PM;D3-SAW;D3-UBA,Application Allowlisting;Command Restriction;File Analysis;Platform Monitoring;System Access Workflow;User Behavior Analysis
main_000766,37af622ceaa5f0f3f8efff831725ab479b3c6f55caeb063aa6f2a7725afe673e,77862efd76591a786f99d400c0f97633e2bfb2bbd18b09dd6bf33ebe49f40f07,xmrig,0.9999999999999998,High,5000000.0,4999999.999999999,T1027;T1055;T1059,D3-AL;D3-CR;D3-FA;D3-PM;D3-SAW;D3-UBA,Application Allowlisting;Command Restriction;File Analysis;Platform Monitoring;System Access Workflow;User Behavior Analysis
main_000768,190a3e14dbe2af5fdd63cfec5ca0e067ab63aeef6f38bb5dc500a76c9babf155,b83ef675cc28b5b0387916e29e9ced4ef6c6d6ea4fcffdbc3b3b086e80167fce,berbew,0.9999999999948304,High,5000000.0,4999999.999974152,T1027;T1055;T1486,D3-BAC;D3-BDR;D3-FA;D3-PM;D3-SAW;D3-UBA,Backup Access Control;Backup Data Recovery;File Analysis;Platform Monitoring;System Access Workflow;User Behavior Analysis
main_000769,03194e457da8d091ec240b7666f8c182f0d19350f2aa8a08c995afcd07d39bc5,77862efd76591a786f99d400c0f97633e2bfb2bbd18b09dd6bf33ebe49f40f07,xmrig,1.0,High,5000000.0,5000000.0,T1027;T1055;T1059,D3-AL;D3-CR;D3-FA;D3-PM;D3-SAW;D3-UBA,Application Allowlisting;Command Restriction;File Analysis;Platform Monitoring;System Access Workflow;User Behavior Analysis
main_000770,9052caf2f06064470f6263048c289aac2a8f993f5795a7bd4c7674ea74c5d2b5,77862efd76591a786f99d400c0f97633e2bfb2bbd18b09dd6bf33ebe49f40f07,xmrig,1.0,High,5000000.0,5000000.0,T1027;T1055;T1059,D3-AL;D3-CR;D3-FA;D3-PM;D3-SAW;D3-UBA,Application Allowlisting;Command Restriction;File Analysis;Platform Monitoring;System Access Workflow;User Behavior Analysis
main_000771,db6c9976e96cd62d3daf03f3f9032f866ba39fc408818baad21b924c4473732c,eb67daa892830019c3a5cf97e855c9a25df1ac43635824db61bafc6a83109adc,dridex,0.9999514337528548,High,5000000.0,4999757.168764274,T1027;T1055;T1486,D3-BAC;D3-BDR;D3-FA;D3-PM;D3-SAW;D3-UBA,Backup Access Control;Backup Data Recovery;File Analysis;Platform Monitoring;System Access Workflow;User Behavior Analysis
main_000772,2e172bfba9140078a69457d2288c62499b0ea5aab074b670655310b1111444ea,77862efd76591a786f99d400c0f97633e2bfb2bbd18b09dd6bf33ebe49f40f07,xmrig,0.9999999999999992,High,5000000.0,4999999.999999996,T1027;T1055;T1059,D3-AL;D3-CR;D3-FA;D3-PM;D3-SAW;D3-UBA,Application Allowlisting;Command Restriction;File Analysis;Platform Monitoring;System Access Workflow;User Behavior Analysis
main_000773,f9a0355246d51df458d443f319457ab42e62d32b50f2ce4bcc19582d3b5f12f4,77862efd76591a786f99d400c0f97633e2bfb2bbd18b09dd6bf33ebe49f40f07,xmrig,0.9999999999999996,High,5000000.0,4999999.999999998,T1027;T1055;T1059,D3-AL;D3-CR;D3-FA;D3-PM;D3-SAW;D3-UBA,Application Allowlisting;Command Restriction;File Analysis;Platform Monitoring;System Access Workflow;User Behavior Analysis
main_000774,46ea1f16d461d2060c34972af781a65a6313ca69efbb4913efcaba35dcd97ef2,77862efd76591a786f99d400c0f97633e2bfb2bbd18b09dd6bf33ebe49f40f07,xmrig,1.0,High,5000000.0,5000000.0,T1027;T1055;T1059,D3-AL;D3-CR;D3-FA;D3-PM;D3-SAW;D3-UBA,Application Allowlisting;Command Restriction;File Analysis;Platform Monitoring;System Access Workflow;User Behavior Analysis
main_000775,1d4e32acedc88972c0cf0dd5ed19374fe973823a852114395631469d95cc1058,77862efd76591a786f99d400c0f97633e2bfb2bbd18b09dd6bf33ebe49f40f07,xmrig,1.0,High,5000000.0,5000000.0,T1027;T1055;T1059,D3-AL;D3-CR;D3-FA;D3-PM;D3-SAW;D3-UBA,Application Allowlisting;Command Restriction;File Analysis;Platform Monitoring;System Access Workflow;User Behavior Analysis
main_000777,1a3c3c01ab8bf116d7d2445944506d2bed826c789442840cded7f13e7bdb6f85,77862efd76591a786f99d400c0f97633e2bfb2bbd18b09dd6bf33ebe49f40f07,xmrig,1.0,High,5000000.0,5000000.0,T1027;T1055;T1059,D3-AL;D3-CR;D3-FA;D3-PM;D3-SAW;D3-UBA,Application Allowlisting;Command Restriction;File Analysis;Platform Monitoring;System Access Workflow;User Behavior Analysis
main_000778,ae19d96af629a709498e1e0a706510252b1d3d8346407c3615e99491d1082110,77862efd76591a786f99d400c0f97633e2bfb2bbd18b09dd6bf33ebe49f40f07,xmrig,1.0,High,5000000.0,5000000.0,T1027;T1055;T1059,D3-AL;D3-CR;D3-FA;D3-PM;D3-SAW;D3-UBA,Application Allowlisting;Command Restriction;File Analysis;Platform Monitoring;System Access Workflow;User Behavior Analysis
main_000779,3a0f294029331cdc5523ae44c95458ecc98a9ea938e31bd688763dd42b298b12,77862efd76591a786f99d400c0f97633e2bfb2bbd18b09dd6bf33ebe49f40f07,xmrig,0.9999999999999992,High,5000000.0,4999999.999999996,T1027;T1055;T1059,D3-AL;D3-CR;D3-FA;D3-PM;D3-SAW;D3-UBA,Application Allowlisting;Command Restriction;File Analysis;Platform Monitoring;System Access Workflow;User Behavior Analysis
main_000780,9e0e815353b14da740fbdd32b42728626b62919a791cbe7c5c9ca4cd1d100ca9,77862efd76591a786f99d400c0f97633e2bfb2bbd18b09dd6bf33ebe49f40f07,xmrig,1.0,High,5000000.0,5000000.0,T1027;T1055;T1059,D3-AL;D3-CR;D3-FA;D3-PM;D3-SAW;D3-UBA,Application Allowlisting;Command Restriction;File Analysis;Platform Monitoring;System Access Workflow;User Behavior Analysis
main_000781,4cda3da81ab7ec9d6bf3236b3560f5325c167452365be97d52d0a406c999f491,77862efd76591a786f99d400c0f97633e2bfb2bbd18b09dd6bf33ebe49f40f07,xmrig,1.0,High,5000000.0,5000000.0,T1027;T1055;T1059,D3-AL;D3-CR;D3-FA;D3-PM;D3-SAW;D3-UBA,Application Allowlisting;Command Restriction;File Analysis;Platform Monitoring;System Access Workflow;User Behavior Analysis
main_000791,d20239cc9b983bc8d4a4601e7a369620a3528c50259a43d453150b9735300967,187f622dc0da983d25da3df0e452808a96dd8c64c24aace69bc339cfe47a165d,expiro,0.9999999999999314,High,5000000.0,4999999.999999657,T1027;T1055;T1486,D3-BAC;D3-BDR;D3-FA;D3-PM;D3-SAW;D3-UBA,Backup Access Control;Backup Data Recovery;File Analysis;Platform Monitoring;System Access Workflow;User Behavior Analysis
main_000792,becaafbe4e68622b4af3417ae275c74d9337cd45e8a0dddd15461731ae280891,77862efd76591a786f99d400c0f97633e2bfb2bbd18b09dd6bf33ebe49f40f07,xmrig,1.0,High,5000000.0,5000000.0,T1027;T1055;T1059,D3-AL;D3-CR;D3-FA;D3-PM;D3-SAW;D3-UBA,Application Allowlisting;Command Restriction;File Analysis;Platform Monitoring;System Access Workflow;User Behavior Analysis
main_000793,0c7b9c8882ab9ee43a04f6a50e821a97aeeafc787a4311e0ccc57bf434f4c774,77862efd76591a786f99d400c0f97633e2bfb2bbd18b09dd6bf33ebe49f40f07,xmrig,1.0,High,5000000.0,5000000.0,T1027;T1055;T1059,D3-AL;D3-CR;D3-FA;D3-PM;D3-SAW;D3-UBA,Application Allowlisting;Command Restriction;File Analysis;Platform Monitoring;System Access Workflow;User Behavior Analysis
main_000795,18d44b951fdd147f6c06103006c88ee53e49374bb8653379f1d7b3cbfb27a592,77862efd76591a786f99d400c0f97633e2bfb2bbd18b09dd6bf33ebe49f40f07,xmrig,0.9999999999999996,High,5000000.0,4999999.999999998,T1027;T1055;T1059,D3-AL;D3-CR;D3-FA;D3-PM;D3-SAW;D3-UBA,Application Allowlisting;Command Restriction;File Analysis;Platform Monitoring;System Access Workflow;User Behavior Analysis
main_000796,eaffa54167ddcfbad562a290a63b659b57fda0b48553c57f9420f29bb6748bf6,77862efd76591a786f99d400c0f97633e2bfb2bbd18b09dd6bf33ebe49f40f07,xmrig,1.0,High,5000000.0,5000000.0,T1027;T1055;T1059,D3-AL;D3-CR;D3-FA;D3-PM;D3-SAW;D3-UBA,Application Allowlisting;Command Restriction;File Analysis;Platform Monitoring;System Access Workflow;User Behavior Analysis
main_000797,7a987e0bbcd97a00059fdc9883a1e5bf00e260eb86e2ed00be34590134a72459,77862efd76591a786f99d400c0f97633e2bfb2bbd18b09dd6bf33ebe49f40f07,xmrig,0.9999999999999996,High,5000000.0,4999999.999999998,T1027;T1055;T1059,D3-AL;D3-CR;D3-FA;D3-PM;D3-SAW;D3-UBA,Application Allowlisting;Command Restriction;File Analysis;Platform Monitoring;System Access Workflow;User Behavior Analysis
main_000798,73c368cc13cfa848412953a8bdfe4eaab45cc049fc7558be56a1b17cfbcb8324,b83ef675cc28b5b0387916e29e9ced4ef6c6d6ea4fcffdbc3b3b086e80167fce,berbew,0.9999999999953676,High,5000000.0,4999999.999976838,T1027;T1055;T1486,D3-BAC;D3-BDR;D3-FA;D3-PM;D3-SAW;D3-UBA,Backup Access Control;Backup Data Recovery;File Analysis;Platform Monitoring;System Access Workflow;User Behavior Analysis
main_000799,d8b541d0419eea4d6d0b78f5e59e24ddea1a510beb8e723812b974b0c4117222,77862efd76591a786f99d400c0f97633e2bfb2bbd18b09dd6bf33ebe49f40f07,xmrig,1.0,High,5000000.0,5000000.0,T1027;T1055;T1059,D3-AL;D3-CR;D3-FA;D3-PM;D3-SAW;D3-UBA,Application Allowlisting;Command Restriction;File Analysis;Platform Monitoring;System Access Workflow;User Behavior Analysis
main_000800,b224452e09937a24820fdd77772468e7c5d93f3ede1be0fbb8edd04d5daa2979,187f622dc0da983d25da3df0e452808a96dd8c64c24aace69bc339cfe47a165d,expiro,0.9999999999958202,High,5000000.0,4999999.999979101,T1027;T1055;T1486,D3-BAC;D3-BDR;D3-FA;D3-PM;D3-SAW;D3-UBA,Backup Access Control;Backup Data Recovery;File Analysis;Platform Monitoring;System Access Workflow;User Behavior Analysis
main_000801,9835928d4e1ae816ed233fecfb5ebfab39a6060a9cdb9bf2cf262776c00bdb30,77862efd76591a786f99d400c0f97633e2bfb2bbd18b09dd6bf33ebe49f40f07,xmrig,0.9999999999999996,High,5000000.0,4999999.999999998,T1027;T1055;T1059,D3-AL;D3-CR;D3-FA;D3-PM;D3-SAW;D3-UBA,Application Allowlisting;Command Restriction;File Analysis;Platform Monitoring;System Access Workflow;User Behavior Analysis
main_000802,d96b717876db0b7e49dde3f4d3093821ee93fda715d385de17b98cf059b3b8c3,77862efd76591a786f99d400c0f97633e2bfb2bbd18b09dd6bf33ebe49f40f07,xmrig,1.0,High,5000000.0,5000000.0,T1027;T1055;T1059,D3-AL;D3-CR;D3-FA;D3-PM;D3-SAW;D3-UBA,Application Allowlisting;Command Restriction;File Analysis;Platform Monitoring;System Access Workflow;User Behavior Analysis
main_000803,0a10b33925241aeb3ba41696caf5e21cd1003df729988d48c0efcc5c8397d58d,77862efd76591a786f99d400c0f97633e2bfb2bbd18b09dd6bf33ebe49f40f07,xmrig,0.9999999999999992,High,5000000.0,4999999.999999996,T1027;T1055;T1059,D3-AL;D3-CR;D3-FA;D3-PM;D3-SAW;D3-UBA,Application Allowlisting;Command Restriction;File Analysis;Platform Monitoring;System Access Workflow;User Behavior Analysis
main_000804,f20048bba727657abe7979d40d698ee9eaffc9f8e2c2527a4bcb1b7b42e96231,77862efd76591a786f99d400c0f97633e2bfb2bbd18b09dd6bf33ebe49f40f07,xmrig,0.9999999999999968,High,5000000.0,4999999.999999984,T1027;T1055;T1059,D3-AL;D3-CR;D3-FA;D3-PM;D3-SAW;D3-UBA,Application Allowlisting;Command Restriction;File Analysis;Platform Monitoring;System Access Workflow;User Behavior Analysis
main_000805,fff27585ccaca6aec7ca8e68e67ef190ba659958d3646df76d74d1f21a8ef8fa,b83ef675cc28b5b0387916e29e9ced4ef6c6d6ea4fcffdbc3b3b086e80167fce,berbew,0.999999999371697,High,5000000.0,4999999.996858485,T1027;T1055;T1486,D3-BAC;D3-BDR;D3-FA;D3-PM;D3-SAW;D3-UBA,Backup Access Control;Backup Data Recovery;File Analysis;Platform Monitoring;System Access Workflow;User Behavior Analysis
main_000806,ffba04c3393ce6e9547a4c4c144f4d084f1dfc228e58a0b6b49c65003d2779d1,77862efd76591a786f99d400c0f97633e2bfb2bbd18b09dd6bf33ebe49f40f07,xmrig,1.0,High,5000000.0,5000000.0,T1027;T1055;T1059,D3-AL;D3-CR;D3-FA;D3-PM;D3-SAW;D3-UBA,Application Allowlisting;Command Restriction;File Analysis;Platform Monitoring;System Access Workflow;User Behavior Analysis
main_000807,2177590ebadeb038fe962632795be923f575d2bcbd1b6ebb8f582da211100e9d,04d890b2e972a9c6984f3a55fbc6362903c44855434a3ed390b72b5cde0d1297,vindor,0.9999971862269642,High,5000000.0,4999985.931134821,T1027;T1055;T1486,D3-BAC;D3-BDR;D3-FA;D3-PM;D3-SAW;D3-UBA,Backup Access Control;Backup Data Recovery;File Analysis;Platform Monitoring;System Access Workflow;User Behavior Analysis
main_000808,dbb76015edf5cea36cdd96a413f802b58aeb398d8184116d5e31b80f3d20b40f,77862efd76591a786f99d400c0f97633e2bfb2bbd18b09dd6bf33ebe49f40f07,xmrig,1.0,High,5000000.0,5000000.0,T1027;T1055;T1059,D3-AL;D3-CR;D3-FA;D3-PM;D3-SAW;D3-UBA,Application Allowlisting;Command Restriction;File Analysis;Platform Monitoring;System Access Workflow;User Behavior Analysis
main_000810,f408400ce292bbe8912ccf711d1d6c134c6bdadb126e9870fb7b1c98887aa3fd,472473512e26748d79480e1fa44ad0a0814b226d3fdd3c0d4217e14b1427b2cd,khalesi,0.9999978831079408,High,5000000.0,4999989.415539704,T1027;T1055;T1486,D3-BAC;D3-BDR;D3-FA;D3-PM;D3-SAW;D3-UBA,Backup Access Control;Backup Data Recovery;File Analysis;Platform Monitoring;System Access Workflow;User Behavior Analysis
main_000811,6bc4350da1503b1db897176cd714d79899102b34553dc2076ff2441256775df7,02f47a65d4fd8d00c4aff12092e2155e9f12df2d089bcb1e28b5d65d0d4d7f0f,wacatac,0.99999999998426,High,5000000.0,4999999.9999213,T1027;T1055;T1486,D3-BAC;D3-BDR;D3-FA;D3-PM;D3-SAW;D3-UBA,Backup Access Control;Backup Data Recovery;File Analysis;Platform Monitoring;System Access Workflow;User Behavior Analysis
main_000812,67fcf2f2ca187374c849b0c8a08f1db5e5bc78a28b968a8ecbb7de59a1e54c9a,77862efd76591a786f99d400c0f97633e2bfb2bbd18b09dd6bf33ebe49f40f07,xmrig,0.9999999999999992,High,5000000.0,4999999.999999996,T1027;T1055;T1059,D3-AL;D3-CR;D3-FA;D3-PM;D3-SAW;D3-UBA,Application Allowlisting;Command Restriction;File Analysis;Platform Monitoring;System Access Workflow;User Behavior Analysis
main_000813,1efe05bb333f90081c50f018e03c3ced7fb5768ebc07e05c8e859899a0370429,77862efd76591a786f99d400c0f97633e2bfb2bbd18b09dd6bf33ebe49f40f07,xmrig,1.0,High,5000000.0,5000000.0,T1027;T1055;T1059,D3-AL;D3-CR;D3-FA;D3-PM;D3-SAW;D3-UBA,Application Allowlisting;Command Restriction;File Analysis;Platform Monitoring;System Access Workflow;User Behavior Analysis
main_000814,eb86858123b7793c85a3b1daa2f922fbb8d34dc864525ae48b2e18738f266ec6,187f622dc0da983d25da3df0e452808a96dd8c64c24aace69bc339cfe47a165d,expiro,0.9999897490921904,High,5000000.0,4999948.745460952,T1027;T1055;T1486,D3-BAC;D3-BDR;D3-FA;D3-PM;D3-SAW;D3-UBA,Backup Access Control;Backup Data Recovery;File Analysis;Platform Monitoring;System Access Workflow;User Behavior Analysis
main_000815,df326e7843f1fa22c77893eca5fe2d86a35ce39cf0abd236eb8fbd54a03beaf6,77862efd76591a786f99d400c0f97633e2bfb2bbd18b09dd6bf33ebe49f40f07,xmrig,1.0,High,5000000.0,5000000.0,T1027;T1055;T1059,D3-AL;D3-CR;D3-FA;D3-PM;D3-SAW;D3-UBA,Application Allowlisting;Command Restriction;File Analysis;Platform Monitoring;System Access Workflow;User Behavior Analysis
main_000816,53b8b68ca37f73ef394c7933259d2bd542571a70f4e7befc96120f24bba00bc8,c61f9dbf4af88faf1552da707a9ba3d86a76deee0ff1e082e6a9c784274920d6,ulise,0.9999999999911282,High,5000000.0,4999999.999955641,T1027;T1055;T1486,D3-BAC;D3-BDR;D3-FA;D3-PM;D3-SAW;D3-UBA,Backup Access Control;Backup Data Recovery;File Analysis;Platform Monitoring;System Access Workflow;User Behavior Analysis
main_000820,4520988d8c3659ef026196a5621178ea9b49124e6be30b298903e6ab8453ce61,50c36d34245fbb582897c71b2090dd3c9afb229e4b48dba077cb64bb892e9f73,conti,0.99995376711838,High,5000000.0,4999768.8355919,T1021;T1059;T1486;T1490,D3-AA;D3-AL;D3-BAC;D3-BDR;D3-CR;D3-NFP;D3-SAW;D3-VPM,Access Authentication;Application Allowlisting;Backup Access Control;Backup Data Recovery;Command Restriction;Network Filtering Policy;System Access Workflow;Virtual Private Network
main_000831,786d8f2260cdcb54b43c45cd43c377f8fc21e8bec8103eed926c9b4e530a06e9,77862efd76591a786f99d400c0f97633e2bfb2bbd18b09dd6bf33ebe49f40f07,xmrig,1.0,High,5000000.0,5000000.0,T1027;T1055;T1059,D3-AL;D3-CR;D3-FA;D3-PM;D3-SAW;D3-UBA,Application Allowlisting;Command Restriction;File Analysis;Platform Monitoring;System Access Workflow;User Behavior Analysis
main_000835,ce6b3fa9ea4c800268167b2ecbaf21e3b1488db7f291bdfb2cb2d2547daed285,02f47a65d4fd8d00c4aff12092e2155e9f12df2d089bcb1e28b5d65d0d4d7f0f,wacatac,0.99999999999993,High,5000000.0,4999999.99999965,T1027;T1055;T1486,D3-BAC;D3-BDR;D3-FA;D3-PM;D3-SAW;D3-UBA,Backup Access Control;Backup Data Recovery;File Analysis;Platform Monitoring;System Access Workflow;User Behavior Analysis
main_000836,147057e0f13939478d4d67b97fea2020ef645031e523f2a8da2dcb44745bcac2,9499dbf437292337f3ade8e5afbf7c73584e0210a5f4728c2e28d1f2a2b1f9f4,lockbit,0.9999999999993718,High,5000000.0,4999999.99999686,T1059;T1486;T1490,D3-AL;D3-BAC;D3-BDR;D3-CR;D3-SAW,Application Allowlisting;Backup Access Control;Backup Data Recovery;Command Restriction;System Access Workflow
main_000853,492dab365ce78b0de063d3aa0dda26eeb3dbf4ec2e10efde40f2ffd4321b2613,41e5cac4298e131e87215f8f3e62b154d2629cb3f77817234864d2ea1b4884ed,shelm,0.9999999475140818,High,5000000.0,4999999.737570409,T1027;T1055;T1486,D3-BAC;D3-BDR;D3-FA;D3-PM;D3-SAW;D3-UBA,Backup Access Control;Backup Data Recovery;File Analysis;Platform Monitoring;System Access Workflow;User Behavior Analysis
main_000923,2e0cb7e3e9933f60ac405016523f047587d2074c61bdec2f8bd82df52e4d6485,ef092d42941fb6af2ca50130b1d7a2fb36f80cc98954c008a5ccc00a2995ab79,scarletflash,0.9999999999998364,High,5000000.0,4999999.999999181,T1027;T1055;T1486,D3-BAC;D3-BDR;D3-FA;D3-PM;D3-SAW;D3-UBA,Backup Access Control;Backup Data Recovery;File Analysis;Platform Monitoring;System Access Workflow;User Behavior Analysis
main_000932,824f626b75611601df00a244c17b70269d3cb90844f9e8bb775ee7a0685647d7,9499dbf437292337f3ade8e5afbf7c73584e0210a5f4728c2e28d1f2a2b1f9f4,lockbit,0.9999992625860477,High,5000000.0,4999996.312930238,T1059;T1486;T1490,D3-AL;D3-BAC;D3-BDR;D3-CR;D3-SAW,Application Allowlisting;Backup Access Control;Backup Data Recovery;Command Restriction;System Access Workflow
main_000933,81b45cac946a12f9ffba862ca45bb96fe3ae21bd3b4a35f71b5170e360a5fd25,ca6ac6af66c22d8acdd6e42a00a9a21a24a37e3fa6a018662fb6dbaabfe7a96d,metasploit,0.999999999999584,High,5000000.0,4999999.99999792,T1027;T1055;T1486,D3-BAC;D3-BDR;D3-FA;D3-PM;D3-SAW;D3-UBA,Backup Access Control;Backup Data Recovery;File Analysis;Platform Monitoring;System Access Workflow;User Behavior Analysis
main_000937,ff2dd283919ade78505939cfd7aee9d21df7974cd6c5ba479c573494bfdf120b,58bb064ce0f0721aab7e4b4285f49e318ee801ab658d49dcfff305df630cc5c9,bedep,0.9999999998134655,High,5000000.0,4999999.999067328,T1027;T1055;T1486,D3-BAC;D3-BDR;D3-FA;D3-PM;D3-SAW;D3-UBA,Backup Access Control;Backup Data Recovery;File Analysis;Platform Monitoring;System Access Workflow;User Behavior Analysis
main_000938,b6be6c88d60ee5da57164547d6f37ddac22cf1d1b4ceb4d9cf400fada409f3ea,99e2d5c6e5fb193a148e06547f5c9bb4e3dd2bc061e9a90592462767e9f80912,disin,0.9999999992838802,High,5000000.0,4999999.996419401,T1027;T1055;T1486,D3-BAC;D3-BDR;D3-FA;D3-PM;D3-SAW;D3-UBA,Backup Access Control;Backup Data Recovery;File Analysis;Platform Monitoring;System Access Workflow;User Behavior Analysis
main_000939,9853fa106787cf447b89b34974421bd3a97614125f4f0e353edf97903f9274d0,02f47a65d4fd8d00c4aff12092e2155e9f12df2d089bcb1e28b5d65d0d4d7f0f,wacatac,0.9999999942298984,High,5000000.0,4999999.971149492,T1027;T1055;T1486,D3-BAC;D3-BDR;D3-FA;D3-PM;D3-SAW;D3-UBA,Backup Access Control;Backup Data Recovery;File Analysis;Platform Monitoring;System Access Workflow;User Behavior Analysis
main_000954,3692d99144e02062f92f33bc6028109144e0d72650381d0942cd61b45252db62,02f47a65d4fd8d00c4aff12092e2155e9f12df2d089bcb1e28b5d65d0d4d7f0f,wacatac,0.9999999999980114,High,5000000.0,4999999.999990057,T1027;T1055;T1486,D3-BAC;D3-BDR;D3-FA;D3-PM;D3-SAW;D3-UBA,Backup Access Control;Backup Data Recovery;File Analysis;Platform Monitoring;System Access Workflow;User Behavior Analysis
main_000956,65925d2560847108aeb9e028252d1a75bcb34e2d38a3651b72e7ff822c48a49d,ca6ac6af66c22d8acdd6e42a00a9a21a24a37e3fa6a018662fb6dbaabfe7a96d,metasploit,0.9999999999682112,High,5000000.0,4999999.999841056,T1027;T1055;T1486,D3-BAC;D3-BDR;D3-FA;D3-PM;D3-SAW;D3-UBA,Backup Access Control;Backup Data Recovery;File Analysis;Platform Monitoring;System Access Workflow;User Behavior Analysis
main_000962,473143b8343152318db0166f213b722326a3038e11af77ab11ed368e00ab7e82,02f47a65d4fd8d00c4aff12092e2155e9f12df2d089bcb1e28b5d65d0d4d7f0f,wacatac,0.9999994310811452,High,5000000.0,4999997.155405726,T1027;T1055;T1486,D3-BAC;D3-BDR;D3-FA;D3-PM;D3-SAW;D3-UBA,Backup Access Control;Backup Data Recovery;File Analysis;Platform Monitoring;System Access Workflow;User Behavior Analysis
main_000963,cb3d0c6aba02eae77b0557f47403a4c4ebdcebbc5544f366f349aacce8125fb5,02f47a65d4fd8d00c4aff12092e2155e9f12df2d089bcb1e28b5d65d0d4d7f0f,wacatac,0.9999999999812812,High,5000000.0,4999999.999906406,T1027;T1055;T1486,D3-BAC;D3-BDR;D3-FA;D3-PM;D3-SAW;D3-UBA,Backup Access Control;Backup Data Recovery;File Analysis;Platform Monitoring;System Access Workflow;User Behavior Analysis
main_000970,704bcc9a2cdaacda89624c2c7b23c8461789f4320d00e98d79d0390878d013c9,ef092d42941fb6af2ca50130b1d7a2fb36f80cc98954c008a5ccc00a2995ab79,scarletflash,0.9999999999999492,High,5000000.0,4999999.999999746,T1027;T1055;T1486,D3-BAC;D3-BDR;D3-FA;D3-PM;D3-SAW;D3-UBA,Backup Access Control;Backup Data Recovery;File Analysis;Platform Monitoring;System Access Workflow;User Behavior Analysis
main_000978,b9b47439ad8713a5235d363fa9e8bae8db45d9078756e62dc56de418c52130d5,b83ef675cc28b5b0387916e29e9ced4ef6c6d6ea4fcffdbc3b3b086e80167fce,berbew,0.9999999999998804,High,5000000.0,4999999.999999402,T1027;T1055;T1486,D3-BAC;D3-BDR;D3-FA;D3-PM;D3-SAW;D3-UBA,Backup Access Control;Backup Data Recovery;File Analysis;Platform Monitoring;System Access Workflow;User Behavior Analysis
main_000980,872f1ce434b427eea219bd1e65b411072fdd49a2e43cad9c9ec6be6e5f9a8479,2351cb0b2eccd0155081509ebf8a86177b0fde5ebf5d162ea5728eea79c2db05,trollav,0.9999999999999738,High,5000000.0,4999999.999999869,T1027;T1055;T1486,D3-BAC;D3-BDR;D3-FA;D3-PM;D3-SAW;D3-UBA,Backup Access Control;Backup Data Recovery;File Analysis;Platform Monitoring;System Access Workflow;User Behavior Analysis
main_000981,3bd20adbc45e54cce1486041c56271d84daee5f6dc493178b0f5f21573214921,77862efd76591a786f99d400c0f97633e2bfb2bbd18b09dd6bf33ebe49f40f07,xmrig,0.9999999999999992,High,5000000.0,4999999.999999996,T1027;T1055;T1059,D3-AL;D3-CR;D3-FA;D3-PM;D3-SAW;D3-UBA,Application Allowlisting;Command Restriction;File Analysis;Platform Monitoring;System Access Workflow;User Behavior Analysis
main_000982,ceca64adc22f7c69857bde589919fb49e40d17799dc8e6a6ac52c79e1ffde57f,02f47a65d4fd8d00c4aff12092e2155e9f12df2d089bcb1e28b5d65d0d4d7f0f,wacatac,0.9999994705958656,High,5000000.0,4999997.352979328,T1027;T1055;T1486,D3-BAC;D3-BDR;D3-FA;D3-PM;D3-SAW;D3-UBA,Backup Access Control;Backup Data Recovery;File Analysis;Platform Monitoring;System Access Workflow;User Behavior Analysis
main_000983,9f303720aba4d41c62e9447d12625c9572ae68035204ec26bc29b05b503f38c6,02f47a65d4fd8d00c4aff12092e2155e9f12df2d089bcb1e28b5d65d0d4d7f0f,wacatac,0.999999999997162,High,5000000.0,4999999.99998581,T1027;T1055;T1486,D3-BAC;D3-BDR;D3-FA;D3-PM;D3-SAW;D3-UBA,Backup Access Control;Backup Data Recovery;File Analysis;Platform Monitoring;System Access Workflow;User Behavior Analysis
main_000988,a3f8e9c578f6654c526b7ec94305afbb97154f81266f994e51f81fa2019e706d,77862efd76591a786f99d400c0f97633e2bfb2bbd18b09dd6bf33ebe49f40f07,xmrig,1.0,High,5000000.0,5000000.0,T1027;T1055;T1059,D3-AL;D3-CR;D3-FA;D3-PM;D3-SAW;D3-UBA,Application Allowlisting;Command Restriction;File Analysis;Platform Monitoring;System Access Workflow;User Behavior Analysis
main_000989,a9f7834f6e5c965107bd7bf5e9e713fe127af27dd61b09b9053546fdc589705e,77862efd76591a786f99d400c0f97633e2bfb2bbd18b09dd6bf33ebe49f40f07,xmrig,1.0,High,5000000.0,5000000.0,T1027;T1055;T1059,D3-AL;D3-CR;D3-FA;D3-PM;D3-SAW;D3-UBA,Application Allowlisting;Command Restriction;File Analysis;Platform Monitoring;System Access Workflow;User Behavior Analysis
main_000996,260f83169d04566320e0e2d6aa9840fc3544a8e172898cdaa82417a037a42ce5,a5fad31f18c9c700f2bfbba047bb30254fb5ed8f5645493f0daa3fa040b51c7d,dinwod,0.999999999682598,High,5000000.0,4999999.99841299,T1027;T1055;T1486,D3-BAC;D3-BDR;D3-FA;D3-PM;D3-SAW;D3-UBA,Backup Access Control;Backup Data Recovery;File Analysis;Platform Monitoring;System Access Workflow;User Behavior Analysis
main_000998,445d15e9705eef291fc52429678f1c03868c0c352246de3f79e04df9fb307cac,77862efd76591a786f99d400c0f97633e2bfb2bbd18b09dd6bf33ebe49f40f07,xmrig,0.9999999999999996,High,5000000.0,4999999.999999998,T1027;T1055;T1059,D3-AL;D3-CR;D3-FA;D3-PM;D3-SAW;D3-UBA,Application Allowlisting;Command Restriction;File Analysis;Platform Monitoring;System Access Workflow;User Behavior Analysis
main_000999,26031ee97d0a49625b8a49dee073dcf48d689b9f951adfdba66ab99f5290b407,77862efd76591a786f99d400c0f97633e2bfb2bbd18b09dd6bf33ebe49f40f07,xmrig,1.0,High,5000000.0,5000000.0,T1027;T1055;T1059,D3-AL;D3-CR;D3-FA;D3-PM;D3-SAW;D3-UBA,Application Allowlisting;Command Restriction;File Analysis;Platform Monitoring;System Access Workflow;User Behavior Analysis
main_001000,2e3938901cc79a0c92e6f86d7dad8b65dec3aa85fa2608b2e35e80651fcc5031,99e2d5c6e5fb193a148e06547f5c9bb4e3dd2bc061e9a90592462767e9f80912,disin,0.9999999999998236,High,5000000.0,4999999.999999118,T1027;T1055;T1486,D3-BAC;D3-BDR;D3-FA;D3-PM;D3-SAW;D3-UBA,Backup Access Control;Backup Data Recovery;File Analysis;Platform Monitoring;System Access Workflow;User Behavior Analysis
main_001001,0220dbb11844eaddb56058d248a19c96cc92ec9e908ac9271d150b25214a54da,77862efd76591a786f99d400c0f97633e2bfb2bbd18b09dd6bf33ebe49f40f07,xmrig,0.9999999999999996,High,5000000.0,4999999.999999998,T1027;T1055;T1059,D3-AL;D3-CR;D3-FA;D3-PM;D3-SAW;D3-UBA,Application Allowlisting;Command Restriction;File Analysis;Platform Monitoring;System Access Workflow;User Behavior Analysis
main_001005,d9f40ec05e221a77a4b0d63d4f04ec534f46a03330e218659e48a81f8ab117d7,77862efd76591a786f99d400c0f97633e2bfb2bbd18b09dd6bf33ebe49f40f07,xmrig,0.9999999999999996,High,5000000.0,4999999.999999998,T1027;T1055;T1059,D3-AL;D3-CR;D3-FA;D3-PM;D3-SAW;D3-UBA,Application Allowlisting;Command Restriction;File Analysis;Platform Monitoring;System Access Workflow;User Behavior Analysis
main_001011,8febccc425c857b19de4f1f95a0e88cbafdeca3b4d9fe9ae7fbb7ed974360448,a49c1d0380688dd9e1898df37e8a7f9e7747212a5b47494173bd2e4a91452fb7,alien,0.9999999999982898,High,5000000.0,4999999.9999914495,T1027;T1055;T1486,D3-BAC;D3-BDR;D3-FA;D3-PM;D3-SAW;D3-UBA,Backup Access Control;Backup Data Recovery;File Analysis;Platform Monitoring;System Access Workflow;User Behavior Analysis
main_001012,7eb632f931c4edd8580ea17e58a59ce4bc1a302124fc24f9589d3f8a6b0c0007,77862efd76591a786f99d400c0f97633e2bfb2bbd18b09dd6bf33ebe49f40f07,xmrig,0.9999999999999996,High,5000000.0,4999999.999999998,T1027;T1055;T1059,D3-AL;D3-CR;D3-FA;D3-PM;D3-SAW;D3-UBA,Application Allowlisting;Command Restriction;File Analysis;Platform Monitoring;System Access Workflow;User Behavior Analysis
main_001014,faa531f8c512d413cfb13a5fe1a54435fbb143bdf35ee30c8f5751f7e70d0a1a,0d0369bddd56ae3afd8478d7a6e0ae86ecf056d94f0f016e0e186e9c1bf52c20,legmir,0.9999976318776076,High,5000000.0,4999988.159388038,T1027;T1055;T1486,D3-BAC;D3-BDR;D3-FA;D3-PM;D3-SAW;D3-UBA,Backup Access Control;Backup Data Recovery;File Analysis;Platform Monitoring;System Access Workflow;User Behavior Analysis
main_001032,6ad8bc4550001db1ea2052989ad631cd2eb2be9382131e5db1235becbdf0a901,3bea44f95b17af14e750df7ab567b80b5e9aaaab87c2b4c1204f2269f98af653,disco,0.9999998513121876,High,5000000.0,4999999.256560938,T1027;T1055;T1486,D3-BAC;D3-BDR;D3-FA;D3-PM;D3-SAW;D3-UBA,Backup Access Control;Backup Data Recovery;File Analysis;Platform Monitoring;System Access Workflow;User Behavior Analysis
main_001034,4d35c452b54e0dc35bd5addb8b59df11a6ff7d03a717cc803ce58de2a3d4964c,ef092d42941fb6af2ca50130b1d7a2fb36f80cc98954c008a5ccc00a2995ab79,scarletflash,0.9999994374739468,High,5000000.0,4999997.187369734,T1027;T1055;T1486,D3-BAC;D3-BDR;D3-FA;D3-PM;D3-SAW;D3-UBA,Backup Access Control;Backup Data Recovery;File Analysis;Platform Monitoring;System Access Workflow;User Behavior Analysis
main_001054,6b9b4cf5962dc07ddff34d85c7e50787bada4eb4b46110d1d5adf00106f86e86,d6ad9dee27cfd2b3df63896bd02ab0d74cc6eb52960103dc5686f77c43122dae,emdup,0.9999999999915664,High,5000000.0,4999999.9999578325,T1027;T1055;T1486,D3-BAC;D3-BDR;D3-FA;D3-PM;D3-SAW;D3-UBA,Backup Access Control;Backup Data Recovery;File Analysis;Platform Monitoring;System Access Workflow;User Behavior Analysis
main_001059,9179fa6231f314f73e6048bb5d619d5d53b8616b69a5afb362e7bd81dfebb9fb,b83ef675cc28b5b0387916e29e9ced4ef6c6d6ea4fcffdbc3b3b086e80167fce,berbew,0.9999999999999571,High,5000000.0,4999999.999999786,T1027;T1055;T1486,D3-BAC;D3-BDR;D3-FA;D3-PM;D3-SAW;D3-UBA,Backup Access Control;Backup Data Recovery;File Analysis;Platform Monitoring;System Access Workflow;User Behavior Analysis
main_001060,9e7fbd58a8f1488f8103b127198744fbc9590979b8a16f0b7af1880aa40239ba,77862efd76591a786f99d400c0f97633e2bfb2bbd18b09dd6bf33ebe49f40f07,xmrig,1.0,High,5000000.0,5000000.0,T1027;T1055;T1059,D3-AL;D3-CR;D3-FA;D3-PM;D3-SAW;D3-UBA,Application Allowlisting;Command Restriction;File Analysis;Platform Monitoring;System Access Workflow;User Behavior Analysis
main_001061,1ace89383576dfefea76e860631e6085aae97ac65742aab238132127572d8e9c,77862efd76591a786f99d400c0f97633e2bfb2bbd18b09dd6bf33ebe49f40f07,xmrig,1.0,High,5000000.0,5000000.0,T1027;T1055;T1059,D3-AL;D3-CR;D3-FA;D3-PM;D3-SAW;D3-UBA,Application Allowlisting;Command Restriction;File Analysis;Platform Monitoring;System Access Workflow;User Behavior Analysis
main_001062,71f5340523f00f31e0d27f5603c4db7b3732f6696213a7fe6ae17d3c19b7eeba,77862efd76591a786f99d400c0f97633e2bfb2bbd18b09dd6bf33ebe49f40f07,xmrig,1.0,High,5000000.0,5000000.0,T1027;T1055;T1059,D3-AL;D3-CR;D3-FA;D3-PM;D3-SAW;D3-UBA,Application Allowlisting;Command Restriction;File Analysis;Platform Monitoring;System Access Workflow;User Behavior Analysis
main_001065,567f161abd1a8af405a9ba34d71b0cc2028e332c50a46b912854749215709a9f,77862efd76591a786f99d400c0f97633e2bfb2bbd18b09dd6bf33ebe49f40f07,xmrig,1.0,High,5000000.0,5000000.0,T1027;T1055;T1059,D3-AL;D3-CR;D3-FA;D3-PM;D3-SAW;D3-UBA,Application Allowlisting;Command Restriction;File Analysis;Platform Monitoring;System Access Workflow;User Behavior Analysis
main_001071,c4c6aa5de95b844f2e43a515ce566695575eaaf612c10e16ad02fde0a1924071,acfd227c9e2a637ba527343252a51d6cbf588451f0194210216eeda06e834e95,banload,0.9999999999999902,High,5000000.0,4999999.999999952,T1027;T1055;T1486,D3-BAC;D3-BDR;D3-FA;D3-PM;D3-SAW;D3-UBA,Backup Access Control;Backup Data Recovery;File Analysis;Platform Monitoring;System Access Workflow;User Behavior Analysis
main_001072,4e2d449a9b553655f6f7e1d755a59c96047dc4d226bcbf7b177148609bd5efe6,77862efd76591a786f99d400c0f97633e2bfb2bbd18b09dd6bf33ebe49f40f07,xmrig,1.0,High,5000000.0,5000000.0,T1027;T1055;T1059,D3-AL;D3-CR;D3-FA;D3-PM;D3-SAW;D3-UBA,Application Allowlisting;Command Restriction;File Analysis;Platform Monitoring;System Access Workflow;User Behavior Analysis
main_001073,c19fb6f147893cd441bcf8dc1e7ab6cf9232fc811c708d0f93c8187b3d0227da,77862efd76591a786f99d400c0f97633e2bfb2bbd18b09dd6bf33ebe49f40f07,xmrig,1.0,High,5000000.0,5000000.0,T1027;T1055;T1059,D3-AL;D3-CR;D3-FA;D3-PM;D3-SAW;D3-UBA,Application Allowlisting;Command Restriction;File Analysis;Platform Monitoring;System Access Workflow;User Behavior Analysis
main_001074,d676c8f9b61caed924c1fed3f2799d7e8c6d2a7a8dbe42423eec9604477937c2,b83ef675cc28b5b0387916e29e9ced4ef6c6d6ea4fcffdbc3b3b086e80167fce,berbew,0.9999999999999818,High,5000000.0,4999999.999999909,T1027;T1055;T1486,D3-BAC;D3-BDR;D3-FA;D3-PM;D3-SAW;D3-UBA,Backup Access Control;Backup Data Recovery;File Analysis;Platform Monitoring;System Access Workflow;User Behavior Analysis
main_001075,5da3b24a0196b0b83e3b9af342d25e9006641bff2ce0aec4a65dd18dd00f32d1,02f47a65d4fd8d00c4aff12092e2155e9f12df2d089bcb1e28b5d65d0d4d7f0f,wacatac,0.9999999540197132,High,5000000.0,4999999.770098566,T1027;T1055;T1486,D3-BAC;D3-BDR;D3-FA;D3-PM;D3-SAW;D3-UBA,Backup Access Control;Backup Data Recovery;File Analysis;Platform Monitoring;System Access Workflow;User Behavior Analysis
main_001079,f7325644c9b108dc4d2526a04f8a1ab1451bcfaa86eb9bdb9a20b0768947df32,ef092d42941fb6af2ca50130b1d7a2fb36f80cc98954c008a5ccc00a2995ab79,scarletflash,0.999724660732742,High,5000000.0,4998623.30366371,T1027;T1055;T1486,D3-BAC;D3-BDR;D3-FA;D3-PM;D3-SAW;D3-UBA,Backup Access Control;Backup Data Recovery;File Analysis;Platform Monitoring;System Access Workflow;User Behavior Analysis
main_001080,2986e3058db7a93c977715c157ea3623afb3a32e24cc335673fa7cd68f2aee40,77862efd76591a786f99d400c0f97633e2bfb2bbd18b09dd6bf33ebe49f40f07,xmrig,1.0,High,5000000.0,5000000.0,T1027;T1055;T1059,D3-AL;D3-CR;D3-FA;D3-PM;D3-SAW;D3-UBA,Application Allowlisting;Command Restriction;File Analysis;Platform Monitoring;System Access Workflow;User Behavior Analysis
main_001082,5067a796f47cfbc89f3a0c6c77db474e097d6bb853a361750684fd15b36b30b4,77862efd76591a786f99d400c0f97633e2bfb2bbd18b09dd6bf33ebe49f40f07,xmrig,1.0,High,5000000.0,5000000.0,T1027;T1055;T1059,D3-AL;D3-CR;D3-FA;D3-PM;D3-SAW;D3-UBA,Application Allowlisting;Command Restriction;File Analysis;Platform Monitoring;System Access Workflow;User Behavior Analysis
main_001085,c3e04f1d91e6a0c1e2b3f9845821b0e186c203b9fe946065213cff85dc18e5a3,99e2d5c6e5fb193a148e06547f5c9bb4e3dd2bc061e9a90592462767e9f80912,disin,0.999999999999974,High,5000000.0,4999999.999999871,T1027;T1055;T1486,D3-BAC;D3-BDR;D3-FA;D3-PM;D3-SAW;D3-UBA,Backup Access Control;Backup Data Recovery;File Analysis;Platform Monitoring;System Access Workflow;User Behavior Analysis
main_001086,d0db663e58bcdc655b9bdf68293eba1a43b40abd921333601f158b465ea97e4c,77862efd76591a786f99d400c0f97633e2bfb2bbd18b09dd6bf33ebe49f40f07,xmrig,0.999782037663566,High,5000000.0,4998910.18831783,T1027;T1055;T1059,D3-AL;D3-CR;D3-FA;D3-PM;D3-SAW;D3-UBA,Application Allowlisting;Command Restriction;File Analysis;Platform Monitoring;System Access Workflow;User Behavior Analysis
main_001087,bfb48431ac54ed668ea35cf287d39d6cf60d30245d124ecce4825a2b25211732,77862efd76591a786f99d400c0f97633e2bfb2bbd18b09dd6bf33ebe49f40f07,xmrig,1.0,High,5000000.0,5000000.0,T1027;T1055;T1059,D3-AL;D3-CR;D3-FA;D3-PM;D3-SAW;D3-UBA,Application Allowlisting;Command Restriction;File Analysis;Platform Monitoring;System Access Workflow;User Behavior Analysis
main_001088,afa82d360ee1b1ac441a7ec74bf0776e6b7d5fbfef3dfcae8db16ee6553fecbd,77862efd76591a786f99d400c0f97633e2bfb2bbd18b09dd6bf33ebe49f40f07,xmrig,1.0,High,5000000.0,5000000.0,T1027;T1055;T1059,D3-AL;D3-CR;D3-FA;D3-PM;D3-SAW;D3-UBA,Application Allowlisting;Command Restriction;File Analysis;Platform Monitoring;System Access Workflow;User Behavior Analysis
main_001090,9eee4bf780f8009879bef8c8b7f35dff940ba3fb577a1ee6072ee9014565ff78,77862efd76591a786f99d400c0f97633e2bfb2bbd18b09dd6bf33ebe49f40f07,xmrig,1.0,High,5000000.0,5000000.0,T1027;T1055;T1059,D3-AL;D3-CR;D3-FA;D3-PM;D3-SAW;D3-UBA,Application Allowlisting;Command Restriction;File Analysis;Platform Monitoring;System Access Workflow;User Behavior Analysis
main_001095,0cba4c3c40e5c2bf33260e5c5233568ec0efecd6b38a0ca61f203b423805349e,77862efd76591a786f99d400c0f97633e2bfb2bbd18b09dd6bf33ebe49f40f07,xmrig,1.0,High,5000000.0,5000000.0,T1027;T1055;T1059,D3-AL;D3-CR;D3-FA;D3-PM;D3-SAW;D3-UBA,Application Allowlisting;Command Restriction;File Analysis;Platform Monitoring;System Access Workflow;User Behavior Analysis
main_001096,42ef031db34352301803acec0462115c4e127f51cf163e3e9c71daf42aeea930,77862efd76591a786f99d400c0f97633e2bfb2bbd18b09dd6bf33ebe49f40f07,xmrig,1.0,High,5000000.0,5000000.0,T1027;T1055;T1059,D3-AL;D3-CR;D3-FA;D3-PM;D3-SAW;D3-UBA,Application Allowlisting;Command Restriction;File Analysis;Platform Monitoring;System Access Workflow;User Behavior Analysis
main_001104,4b4766e82204bdfad35f6a86be9ffb0b771b09563cde2f61d59f35152272b423,77862efd76591a786f99d400c0f97633e2bfb2bbd18b09dd6bf33ebe49f40f07,xmrig,1.0,High,5000000.0,5000000.0,T1027;T1055;T1059,D3-AL;D3-CR;D3-FA;D3-PM;D3-SAW;D3-UBA,Application Allowlisting;Command Restriction;File Analysis;Platform Monitoring;System Access Workflow;User Behavior Analysis
main_001105,6f54be0e042475e3b76d7f339e2fab3c675fd2c305729da067a919bfbefe709b,77862efd76591a786f99d400c0f97633e2bfb2bbd18b09dd6bf33ebe49f40f07,xmrig,0.9999999999999996,High,5000000.0,4999999.999999998,T1027;T1055;T1059,D3-AL;D3-CR;D3-FA;D3-PM;D3-SAW;D3-UBA,Application Allowlisting;Command Restriction;File Analysis;Platform Monitoring;System Access Workflow;User Behavior Analysis
main_001106,cc0d39ada52f1a5ffcdb189fbda925694f8f1643f6f0b929abab9c449830e712,ef092d42941fb6af2ca50130b1d7a2fb36f80cc98954c008a5ccc00a2995ab79,scarletflash,0.999999991577186,High,5000000.0,4999999.95788593,T1027;T1055;T1486,D3-BAC;D3-BDR;D3-FA;D3-PM;D3-SAW;D3-UBA,Backup Access Control;Backup Data Recovery;File Analysis;Platform Monitoring;System Access Workflow;User Behavior Analysis
main_001107,0150f909c5c295f9a74cb20a3cc88bba6594bb0f98a613ca4023cab5123d51a7,41e5cac4298e131e87215f8f3e62b154d2629cb3f77817234864d2ea1b4884ed,shelm,0.9999999996133246,High,5000000.0,4999999.998066623,T1027;T1055;T1486,D3-BAC;D3-BDR;D3-FA;D3-PM;D3-SAW;D3-UBA,Backup Access Control;Backup Data Recovery;File Analysis;Platform Monitoring;System Access Workflow;User Behavior Analysis
main_001112,e4d7c8f510b4bde6468bd628f3084b7f93342b21b5f1668a1d92a0f6e9de372e,77862efd76591a786f99d400c0f97633e2bfb2bbd18b09dd6bf33ebe49f40f07,xmrig,1.0,High,5000000.0,5000000.0,T1027;T1055;T1059,D3-AL;D3-CR;D3-FA;D3-PM;D3-SAW;D3-UBA,Application Allowlisting;Command Restriction;File Analysis;Platform Monitoring;System Access Workflow;User Behavior Analysis
main_001113,72c3d503b683bf7cf6ebf8ee8064d95672670e7437636c954bb08fd2eb0302ea,acfd227c9e2a637ba527343252a51d6cbf588451f0194210216eeda06e834e95,banload,0.9999999999999418,High,5000000.0,4999999.999999709,T1027;T1055;T1486,D3-BAC;D3-BDR;D3-FA;D3-PM;D3-SAW;D3-UBA,Backup Access Control;Backup Data Recovery;File Analysis;Platform Monitoring;System Access Workflow;User Behavior Analysis
main_001114,c8976ac1f1d3f0cd128d60e93bfc62215b045b62b2d6f2d9aadcd830ba700e85,77862efd76591a786f99d400c0f97633e2bfb2bbd18b09dd6bf33ebe49f40f07,xmrig,1.0,High,5000000.0,5000000.0,T1027;T1055;T1059,D3-AL;D3-CR;D3-FA;D3-PM;D3-SAW;D3-UBA,Application Allowlisting;Command Restriction;File Analysis;Platform Monitoring;System Access Workflow;User Behavior Analysis
main_001120,f4c6ca9803355520cf49352cd9b41a4d59ed0ab0ebff914b67fa630ebd95541e,77862efd76591a786f99d400c0f97633e2bfb2bbd18b09dd6bf33ebe49f40f07,xmrig,1.0,High,5000000.0,5000000.0,T1027;T1055;T1059,D3-AL;D3-CR;D3-FA;D3-PM;D3-SAW;D3-UBA,Application Allowlisting;Command Restriction;File Analysis;Platform Monitoring;System Access Workflow;User Behavior Analysis
main_001122,61c352907d5fc45b13c615e77f2adc7d73d4937dcc36f45aca3a25b75823fbd0,a5fad31f18c9c700f2bfbba047bb30254fb5ed8f5645493f0daa3fa040b51c7d,dinwod,0.9999999999999832,High,5000000.0,4999999.999999916,T1027;T1055;T1486,D3-BAC;D3-BDR;D3-FA;D3-PM;D3-SAW;D3-UBA,Backup Access Control;Backup Data Recovery;File Analysis;Platform Monitoring;System Access Workflow;User Behavior Analysis
main_001128,84b706d48b05d936b406b80dea607155c41cf021e5a501214a8929ae4896482d,02f47a65d4fd8d00c4aff12092e2155e9f12df2d089bcb1e28b5d65d0d4d7f0f,wacatac,0.9999997066209406,High,5000000.0,4999998.533104703,T1027;T1055;T1486,D3-BAC;D3-BDR;D3-FA;D3-PM;D3-SAW;D3-UBA,Backup Access Control;Backup Data Recovery;File Analysis;Platform Monitoring;System Access Workflow;User Behavior Analysis
main_001147,e1580232bd6b9f6dade16af14e2745784139e1578721eb4f97b3d1ea8180a063,9499dbf437292337f3ade8e5afbf7c73584e0210a5f4728c2e28d1f2a2b1f9f4,lockbit,0.9999999999998664,High,5000000.0,4999999.999999332,T1059;T1486;T1490,D3-AL;D3-BAC;D3-BDR;D3-CR;D3-SAW,Application Allowlisting;Backup Access Control;Backup Data Recovery;Command Restriction;System Access Workflow
main_001156,32b928f5c34ca0317e513789b628e00da133f8aacd7e007f3e95776ef2c9d079,c8b999ec8614bd108b6640f976e6442afa74ef68f3436b132f6e6dfe4879fcad,grandoreiro,0.999999999999604,High,5000000.0,4999999.99999802,T1027;T1055;T1486,D3-BAC;D3-BDR;D3-FA;D3-PM;D3-SAW;D3-UBA,Backup Access Control;Backup Data Recovery;File Analysis;Platform Monitoring;System Access Workflow;User Behavior Analysis
main_001162,82d1c2e7ba8cd4416c581c075fa1571c6282ab13de812660fc473dec60bcaf11,ef092d42941fb6af2ca50130b1d7a2fb36f80cc98954c008a5ccc00a2995ab79,scarletflash,0.9999999963752376,High,5000000.0,4999999.981876188,T1027;T1055;T1486,D3-BAC;D3-BDR;D3-FA;D3-PM;D3-SAW;D3-UBA,Backup Access Control;Backup Data Recovery;File Analysis;Platform Monitoring;System Access Workflow;User Behavior Analysis
main_001199,ba055a912a3cc22aed4508f5c74012c543caae8179f3cdd83206b5a253488de5,d711b7a44fad7b8bc0f622f2fbf870fb0f62f82a5a5a78c5499a9b4110118984,goshell,0.9999999999939784,High,5000000.0,4999999.999969892,T1027;T1055;T1486,D3-BAC;D3-BDR;D3-FA;D3-PM;D3-SAW;D3-UBA,Backup Access Control;Backup Data Recovery;File Analysis;Platform Monitoring;System Access Workflow;User Behavior Analysis
main_001201,51079b3e531f34c260fb77df6a4588a7bb93d7a6526a38ca6a63ab8078cf9fce,02f47a65d4fd8d00c4aff12092e2155e9f12df2d089bcb1e28b5d65d0d4d7f0f,wacatac,0.9999098652020114,High,5000000.0,4999549.326010057,T1027;T1055;T1486,D3-BAC;D3-BDR;D3-FA;D3-PM;D3-SAW;D3-UBA,Backup Access Control;Backup Data Recovery;File Analysis;Platform Monitoring;System Access Workflow;User Behavior Analysis
main_001202,c2f7d15510f13ab8493318a24307c47f3ec6c20cb0984fc8bb9ba5d51005d9e7,99e2d5c6e5fb193a148e06547f5c9bb4e3dd2bc061e9a90592462767e9f80912,disin,0.999999999999517,High,5000000.0,4999999.999997585,T1027;T1055;T1486,D3-BAC;D3-BDR;D3-FA;D3-PM;D3-SAW;D3-UBA,Backup Access Control;Backup Data Recovery;File Analysis;Platform Monitoring;System Access Workflow;User Behavior Analysis
main_001205,a49bcfb5a67dc7d78e8147f0463dbfaf35af892c9d7d31e5171824d5956f346f,58bb064ce0f0721aab7e4b4285f49e318ee801ab658d49dcfff305df630cc5c9,bedep,0.9996815742834408,High,5000000.0,4998407.871417204,T1027;T1055;T1486,D3-BAC;D3-BDR;D3-FA;D3-PM;D3-SAW;D3-UBA,Backup Access Control;Backup Data Recovery;File Analysis;Platform Monitoring;System Access Workflow;User Behavior Analysis
main_001213,1506a7d3f3e076480ba64c5825797f0b7b70b2bd264e8c01f757df7544b2b03d,187f622dc0da983d25da3df0e452808a96dd8c64c24aace69bc339cfe47a165d,expiro,0.9979081837624468,High,5000000.0,4989540.918812234,T1027;T1055;T1486,D3-BAC;D3-BDR;D3-FA;D3-PM;D3-SAW;D3-UBA,Backup Access Control;Backup Data Recovery;File Analysis;Platform Monitoring;System Access Workflow;User Behavior Analysis
main_001220,71cfd574d21b32d9a25b8a790f1de609a62c5efbe194df0b42abfacc05427efc,472473512e26748d79480e1fa44ad0a0814b226d3fdd3c0d4217e14b1427b2cd,khalesi,0.9999911249023838,High,5000000.0,4999955.624511919,T1027;T1055;T1486,D3-BAC;D3-BDR;D3-FA;D3-PM;D3-SAW;D3-UBA,Backup Access Control;Backup Data Recovery;File Analysis;Platform Monitoring;System Access Workflow;User Behavior Analysis
main_001221,8c55fe5bd5dabae2d085e6ed87b31edc5c195762f38b35dca041fabe46cb2713,ef092d42941fb6af2ca50130b1d7a2fb36f80cc98954c008a5ccc00a2995ab79,scarletflash,0.9998616843617356,High,5000000.0,4999308.421808678,T1027;T1055;T1486,D3-BAC;D3-BDR;D3-FA;D3-PM;D3-SAW;D3-UBA,Backup Access Control;Backup Data Recovery;File Analysis;Platform Monitoring;System Access Workflow;User Behavior Analysis
main_001222,a15fd4acfc61346ad65a02d43ffd4faef4634e1a761446d81197e3c11e1f2b1b,187f622dc0da983d25da3df0e452808a96dd8c64c24aace69bc339cfe47a165d,expiro,0.9999999999945528,High,5000000.0,4999999.999972764,T1027;T1055;T1486,D3-BAC;D3-BDR;D3-FA;D3-PM;D3-SAW;D3-UBA,Backup Access Control;Backup Data Recovery;File Analysis;Platform Monitoring;System Access Workflow;User Behavior Analysis
main_001226,bbcccc1d3364372f1431e397981bce4ab9d9fb5395bec5038eb64e9013c7f2ab,99e2d5c6e5fb193a148e06547f5c9bb4e3dd2bc061e9a90592462767e9f80912,disin,0.9999999999990516,High,5000000.0,4999999.999995259,T1027;T1055;T1486,D3-BAC;D3-BDR;D3-FA;D3-PM;D3-SAW;D3-UBA,Backup Access Control;Backup Data Recovery;File Analysis;Platform Monitoring;System Access Workflow;User Behavior Analysis
main_001227,7a7b15bc144b14730401ba15c911ed70d2e4fcff7c989b34420e6fce1bfa9644,970ec274ca867815174ebe4eff19282000f9495a6c7254e94991d1fb4dc3df30,luna,0.999999999993507,High,5000000.0,4999999.999967535,T1027;T1055;T1486,D3-BAC;D3-BDR;D3-FA;D3-PM;D3-SAW;D3-UBA,Backup Access Control;Backup Data Recovery;File Analysis;Platform Monitoring;System Access Workflow;User Behavior Analysis
main_001231,9f72378a05c2f2ca13945d18c4c54372e420b304e740c3204a96a5eabc3e98f2,472473512e26748d79480e1fa44ad0a0814b226d3fdd3c0d4217e14b1427b2cd,khalesi,0.9999950610177902,High,5000000.0,4999975.305088951,T1027;T1055;T1486,D3-BAC;D3-BDR;D3-FA;D3-PM;D3-SAW;D3-UBA,Backup Access Control;Backup Data Recovery;File Analysis;Platform Monitoring;System Access Workflow;User Behavior Analysis
main_001235,afc79e7b56ca34b4d7598c4f26b9d5fc5415d8758c5d3a8ad890e97641b50da1,02f47a65d4fd8d00c4aff12092e2155e9f12df2d089bcb1e28b5d65d0d4d7f0f,wacatac,0.999999999999992,High,5000000.0,4999999.99999996,T1027;T1055;T1486,D3-BAC;D3-BDR;D3-FA;D3-PM;D3-SAW;D3-UBA,Backup Access Control;Backup Data Recovery;File Analysis;Platform Monitoring;System Access Workflow;User Behavior Analysis
main_001240,2e0ef6f2ca8ce0ecf724af4e0f8cdcfe9c4016c861a494016901d1dc50678648,ef092d42941fb6af2ca50130b1d7a2fb36f80cc98954c008a5ccc00a2995ab79,scarletflash,0.9988766831614287,High,5000000.0,4994383.415807144,T1027;T1055;T1486,D3-BAC;D3-BDR;D3-FA;D3-PM;D3-SAW;D3-UBA,Backup Access Control;Backup Data Recovery;File Analysis;Platform Monitoring;System Access Workflow;User Behavior Analysis
main_001241,d40c2d1cc7a2cc1764eab51a492f9a1dda972a66fbf7eafca15ac3ded94b9bf5,7f411c23e7d9d268b51470b27920d362905e71fca86a2ef5c70747984b30a29a,redline,0.9999949499955983,High,5000000.0,4999974.749977992,T1027;T1055;T1486,D3-BAC;D3-BDR;D3-FA;D3-PM;D3-SAW;D3-UBA,Backup Access Control;Backup Data Recovery;File Analysis;Platform Monitoring;System Access Workflow;User Behavior Analysis
main_001244,2f4dc8bf5d7ef1410cc5065e9c540514fd40ec8c1728eb3fcbdf84b86fae8621,fd5104756137718da71be7bec3f2a88cb3dc4f6df936e61e4bd012cb9108027c,convagent,0.999999964036296,High,5000000.0,4999999.82018148,T1027;T1055;T1486,D3-BAC;D3-BDR;D3-FA;D3-PM;D3-SAW;D3-UBA,Backup Access Control;Backup Data Recovery;File Analysis;Platform Monitoring;System Access Workflow;User Behavior Analysis
main_001248,987d2926ae5b34e7dec6774e5cb08498ef1c4d01095557f9be925a2b5a052dc0,2351cb0b2eccd0155081509ebf8a86177b0fde5ebf5d162ea5728eea79c2db05,trollav,0.99999999999984,High,5000000.0,4999999.9999992,T1027;T1055;T1486,D3-BAC;D3-BDR;D3-FA;D3-PM;D3-SAW;D3-UBA,Backup Access Control;Backup Data Recovery;File Analysis;Platform Monitoring;System Access Workflow;User Behavior Analysis
main_001251,5f7d17b83acf4bb98c3b1773467ee445c540c7c3e9faba32b94cf2beea5f95e1,d6ad9dee27cfd2b3df63896bd02ab0d74cc6eb52960103dc5686f77c43122dae,emdup,0.9999999998277928,High,5000000.0,4999999.999138963,T1027;T1055;T1486,D3-BAC;D3-BDR;D3-FA;D3-PM;D3-SAW;D3-UBA,Backup Access Control;Backup Data Recovery;File Analysis;Platform Monitoring;System Access Workflow;User Behavior Analysis
main_001253,fb0b0435c96f620affbbef7072930b24adba0ab8f0e6adab75feb3db8abf9813,41e5cac4298e131e87215f8f3e62b154d2629cb3f77817234864d2ea1b4884ed,shelm,0.999999999856808,High,5000000.0,4999999.99928404,T1027;T1055;T1486,D3-BAC;D3-BDR;D3-FA;D3-PM;D3-SAW;D3-UBA,Backup Access Control;Backup Data Recovery;File Analysis;Platform Monitoring;System Access Workflow;User Behavior Analysis
main_001255,29eba8b46a5998e89be965a7c804d2874da990035673d6a216ab77ec4ac18841,02f47a65d4fd8d00c4aff12092e2155e9f12df2d089bcb1e28b5d65d0d4d7f0f,wacatac,0.9999999819063996,High,5000000.0,4999999.909531998,T1027;T1055;T1486,D3-BAC;D3-BDR;D3-FA;D3-PM;D3-SAW;D3-UBA,Backup Access Control;Backup Data Recovery;File Analysis;Platform Monitoring;System Access Workflow;User Behavior Analysis
main_001258,58b66cec9fd9cc2b72159a495fb97db6898d09ac073263fbaf20feaff8f215e4,02f47a65d4fd8d00c4aff12092e2155e9f12df2d089bcb1e28b5d65d0d4d7f0f,wacatac,0.9999999825418404,High,5000000.0,4999999.912709202,T1027;T1055;T1486,D3-BAC;D3-BDR;D3-FA;D3-PM;D3-SAW;D3-UBA,Backup Access Control;Backup Data Recovery;File Analysis;Platform Monitoring;System Access Workflow;User Behavior Analysis
main_001260,5250b3775b676b71d0d46ed9d312a0e9068b48a056710a19913233250de6ef3a,02f47a65d4fd8d00c4aff12092e2155e9f12df2d089bcb1e28b5d65d0d4d7f0f,wacatac,0.9999999906350902,High,5000000.0,4999999.953175451,T1027;T1055;T1486,D3-BAC;D3-BDR;D3-FA;D3-PM;D3-SAW;D3-UBA,Backup Access Control;Backup Data Recovery;File Analysis;Platform Monitoring;System Access Workflow;User Behavior Analysis
main_001262,b1f19692d331da167a7ed0512a0cddb8e5d86b13f365cb75c03499c696abe98b,ef092d42941fb6af2ca50130b1d7a2fb36f80cc98954c008a5ccc00a2995ab79,scarletflash,0.9999995448427226,High,5000000.0,4999997.724213613,T1027;T1055;T1486,D3-BAC;D3-BDR;D3-FA;D3-PM;D3-SAW;D3-UBA,Backup Access Control;Backup Data Recovery;File Analysis;Platform Monitoring;System Access Workflow;User Behavior Analysis
main_001264,fcecb6f982231263fcb13a675fd95d2ea6b047a9d2948a2763e8a765152148c6,02f47a65d4fd8d00c4aff12092e2155e9f12df2d089bcb1e28b5d65d0d4d7f0f,wacatac,0.99999999982074,High,5000000.0,4999999.9991037,T1027;T1055;T1486,D3-BAC;D3-BDR;D3-FA;D3-PM;D3-SAW;D3-UBA,Backup Access Control;Backup Data Recovery;File Analysis;Platform Monitoring;System Access Workflow;User Behavior Analysis
main_001265,498842abce984d895d27cfbae3f9ef885d2a3c699be74aa20a40b75f62079caf,58bb064ce0f0721aab7e4b4285f49e318ee801ab658d49dcfff305df630cc5c9,bedep,0.9999999999991308,High,5000000.0,4999999.999995654,T1027;T1055;T1486,D3-BAC;D3-BDR;D3-FA;D3-PM;D3-SAW;D3-UBA,Backup Access Control;Backup Data Recovery;File Analysis;Platform Monitoring;System Access Workflow;User Behavior Analysis
main_001286,ddeb4712acab42cfe893919ee826cd7a28dad9555662bb2e38d5b5308a8f7f32,99e2d5c6e5fb193a148e06547f5c9bb4e3dd2bc061e9a90592462767e9f80912,disin,0.9999999998370608,High,5000000.0,4999999.999185304,T1027;T1055;T1486,D3-BAC;D3-BDR;D3-FA;D3-PM;D3-SAW;D3-UBA,Backup Access Control;Backup Data Recovery;File Analysis;Platform Monitoring;System Access Workflow;User Behavior Analysis
main_001294,9d26f11259d3dcb014ef7b14ab0426abd837357f1eeda53f5abe570bbe9191db,7f411c23e7d9d268b51470b27920d362905e71fca86a2ef5c70747984b30a29a,redline,0.9996629779898916,High,5000000.0,4998314.889949458,T1027;T1055;T1486,D3-BAC;D3-BDR;D3-FA;D3-PM;D3-SAW;D3-UBA,Backup Access Control;Backup Data Recovery;File Analysis;Platform Monitoring;System Access Workflow;User Behavior Analysis
main_001298,06b5ea8a0ed2df5de79943a87764e8983fdb26f0c293418e800d85bd91dd5fd4,99e2d5c6e5fb193a148e06547f5c9bb4e3dd2bc061e9a90592462767e9f80912,disin,0.999999999999849,High,5000000.0,4999999.999999245,T1027;T1055;T1486,D3-BAC;D3-BDR;D3-FA;D3-PM;D3-SAW;D3-UBA,Backup Access Control;Backup Data Recovery;File Analysis;Platform Monitoring;System Access Workflow;User Behavior Analysis
main_001307,d360b8ff88baf1345296119bac47b4718b1f219b91e426ec724d6dfa712fe317,02f47a65d4fd8d00c4aff12092e2155e9f12df2d089bcb1e28b5d65d0d4d7f0f,wacatac,0.9999999999588648,High,5000000.0,4999999.999794324,T1027;T1055;T1486,D3-BAC;D3-BDR;D3-FA;D3-PM;D3-SAW;D3-UBA,Backup Access Control;Backup Data Recovery;File Analysis;Platform Monitoring;System Access Workflow;User Behavior Analysis
main_001310,a8f24dbd8130208361c645adc75e538fbb071b7a1d705f193851c0f5cab322ad,3bea44f95b17af14e750df7ab567b80b5e9aaaab87c2b4c1204f2269f98af653,disco,0.9999999998598376,High,5000000.0,4999999.999299188,T1027;T1055;T1486,D3-BAC;D3-BDR;D3-FA;D3-PM;D3-SAW;D3-UBA,Backup Access Control;Backup Data Recovery;File Analysis;Platform Monitoring;System Access Workflow;User Behavior Analysis
main_001319,9db04cec646323b15b15b3c3cf90f7bd6e1b46e03b38028e7ff542e2e3933fa6,c8b999ec8614bd108b6640f976e6442afa74ef68f3436b132f6e6dfe4879fcad,grandoreiro,0.9999999995335508,High,5000000.0,4999999.997667754,T1027;T1055;T1486,D3-BAC;D3-BDR;D3-FA;D3-PM;D3-SAW;D3-UBA,Backup Access Control;Backup Data Recovery;File Analysis;Platform Monitoring;System Access Workflow;User Behavior Analysis
main_001322,dce1fd3d4e10c9ee68757bd4f493ccac109ebc9657497fc489bd9d7f8b86450b,58bb064ce0f0721aab7e4b4285f49e318ee801ab658d49dcfff305df630cc5c9,bedep,0.999999999979563,High,5000000.0,4999999.999897815,T1027;T1055;T1486,D3-BAC;D3-BDR;D3-FA;D3-PM;D3-SAW;D3-UBA,Backup Access Control;Backup Data Recovery;File Analysis;Platform Monitoring;System Access Workflow;User Behavior Analysis
main_001325,31eb01a01908aad1ff8ff5486541785b95416da5745450c4f1ea83e6e0233739,02f47a65d4fd8d00c4aff12092e2155e9f12df2d089bcb1e28b5d65d0d4d7f0f,wacatac,0.999999999998455,High,5000000.0,4999999.999992275,T1027;T1055;T1486,D3-BAC;D3-BDR;D3-FA;D3-PM;D3-SAW;D3-UBA,Backup Access Control;Backup Data Recovery;File Analysis;Platform Monitoring;System Access Workflow;User Behavior Analysis
main_001328,ba4e36c716e0fe31a7c1911e91fadaa36f106dce095fce0c1a0daa3bba9285b6,02f47a65d4fd8d00c4aff12092e2155e9f12df2d089bcb1e28b5d65d0d4d7f0f,wacatac,0.9999999999291658,High,5000000.0,4999999.999645829,T1027;T1055;T1486,D3-BAC;D3-BDR;D3-FA;D3-PM;D3-SAW;D3-UBA,Backup Access Control;Backup Data Recovery;File Analysis;Platform Monitoring;System Access Workflow;User Behavior Analysis
main_001338,529031767ae2f7a5064ce1ef44fab69629ab30657fe4d1fe6e752271404bf9e4,77862efd76591a786f99d400c0f97633e2bfb2bbd18b09dd6bf33ebe49f40f07,xmrig,0.9999999999999998,High,5000000.0,4999999.999999999,T1027;T1055;T1059,D3-AL;D3-CR;D3-FA;D3-PM;D3-SAW;D3-UBA,Application Allowlisting;Command Restriction;File Analysis;Platform Monitoring;System Access Workflow;User Behavior Analysis
main_001344,cae7037c88318152ed4adee067c5b28ab7b3efee5dc8d647a7dbd1f65f9e5a35,ef092d42941fb6af2ca50130b1d7a2fb36f80cc98954c008a5ccc00a2995ab79,scarletflash,0.999999999970932,High,5000000.0,4999999.999854661,T1027;T1055;T1486,D3-BAC;D3-BDR;D3-FA;D3-PM;D3-SAW;D3-UBA,Backup Access Control;Backup Data Recovery;File Analysis;Platform Monitoring;System Access Workflow;User Behavior Analysis
main_001347,ef760266ce71ba471defcfc1aeafeb14cb7820dfa8abcf9c5103c494f3e69563,8c4b5ea2b7fae72da8843ed3033b100f001fd4e2699ab6cb2c99b44734af6f0e,wabot,0.9999999999199576,High,5000000.0,4999999.999599788,T1027;T1055;T1486,D3-BAC;D3-BDR;D3-FA;D3-PM;D3-SAW;D3-UBA,Backup Access Control;Backup Data Recovery;File Analysis;Platform Monitoring;System Access Workflow;User Behavior Analysis
main_001354,225ad97a650240e83a246dc0e1004a0d23bdcee84e1bf739c0109b73cf01ba9e,acfd227c9e2a637ba527343252a51d6cbf588451f0194210216eeda06e834e95,banload,0.9999999999999992,High,5000000.0,4999999.999999996,T1027;T1055;T1486,D3-BAC;D3-BDR;D3-FA;D3-PM;D3-SAW;D3-UBA,Backup Access Control;Backup Data Recovery;File Analysis;Platform Monitoring;System Access Workflow;User Behavior Analysis
main_001355,13d3b1e91b44add908350d59f7f1d762df314f868d4e260439bf308164b9c7d0,77862efd76591a786f99d400c0f97633e2bfb2bbd18b09dd6bf33ebe49f40f07,xmrig,1.0,High,5000000.0,5000000.0,T1027;T1055;T1059,D3-AL;D3-CR;D3-FA;D3-PM;D3-SAW;D3-UBA,Application Allowlisting;Command Restriction;File Analysis;Platform Monitoring;System Access Workflow;User Behavior Analysis
main_001365,0e9f72b5aabcb005c026258b6332fd2eecc5233bb3eec51ed547f3aabc8820c0,7569bacd48f42b9907cba1eedb9254fbce1fa8e6ccd8e8d0034c6b7c1644bd6c,cosmu,0.9999999454177292,High,5000000.0,4999999.727088646,T1027;T1055;T1486,D3-BAC;D3-BDR;D3-FA;D3-PM;D3-SAW;D3-UBA,Backup Access Control;Backup Data Recovery;File Analysis;Platform Monitoring;System Access Workflow;User Behavior Analysis
main_001366,0c3783df8d26395e5c7868276789e5f806b4ed7aeb87741572dc79452a221afc,99e2d5c6e5fb193a148e06547f5c9bb4e3dd2bc061e9a90592462767e9f80912,disin,0.99999999999918,High,5000000.0,4999999.9999959,T1027;T1055;T1486,D3-BAC;D3-BDR;D3-FA;D3-PM;D3-SAW;D3-UBA,Backup Access Control;Backup Data Recovery;File Analysis;Platform Monitoring;System Access Workflow;User Behavior Analysis
main_001368,2ab84c9e2193dbe63d5483e45f3ba198e9f49d63612b0da4628dd21439584930,77862efd76591a786f99d400c0f97633e2bfb2bbd18b09dd6bf33ebe49f40f07,xmrig,1.0,High,5000000.0,5000000.0,T1027;T1055;T1059,D3-AL;D3-CR;D3-FA;D3-PM;D3-SAW;D3-UBA,Application Allowlisting;Command Restriction;File Analysis;Platform Monitoring;System Access Workflow;User Behavior Analysis
main_001370,e7550868f33904339742e09d0ebf1e110ab8cc86a9f3749d347560f774751470,77862efd76591a786f99d400c0f97633e2bfb2bbd18b09dd6bf33ebe49f40f07,xmrig,0.9999999973982996,High,5000000.0,4999999.986991498,T1027;T1055;T1059,D3-AL;D3-CR;D3-FA;D3-PM;D3-SAW;D3-UBA,Application Allowlisting;Command Restriction;File Analysis;Platform Monitoring;System Access Workflow;User Behavior Analysis
main_001374,7abce11e71ea8a3631bcd0d6b2dc43a7fee7153f48f75531fa0350c7131b1dfd,77862efd76591a786f99d400c0f97633e2bfb2bbd18b09dd6bf33ebe49f40f07,xmrig,0.9999999999983332,High,5000000.0,4999999.9999916665,T1027;T1055;T1059,D3-AL;D3-CR;D3-FA;D3-PM;D3-SAW;D3-UBA,Application Allowlisting;Command Restriction;File Analysis;Platform Monitoring;System Access Workflow;User Behavior Analysis
main_001380,4ba3abd0436e5b2481eb4e4b6b0b18e34c59eec9f5f34fb4873d43356559cc39,77862efd76591a786f99d400c0f97633e2bfb2bbd18b09dd6bf33ebe49f40f07,xmrig,1.0,High,5000000.0,5000000.0,T1027;T1055;T1059,D3-AL;D3-CR;D3-FA;D3-PM;D3-SAW;D3-UBA,Application Allowlisting;Command Restriction;File Analysis;Platform Monitoring;System Access Workflow;User Behavior Analysis
main_001381,850f708bc9abe1b5a668ae687e138710ed406f5ab6bed53dacef51101ae0cb25,77862efd76591a786f99d400c0f97633e2bfb2bbd18b09dd6bf33ebe49f40f07,xmrig,1.0,High,5000000.0,5000000.0,T1027;T1055;T1059,D3-AL;D3-CR;D3-FA;D3-PM;D3-SAW;D3-UBA,Application Allowlisting;Command Restriction;File Analysis;Platform Monitoring;System Access Workflow;User Behavior Analysis
main_001382,fcd108ca13d43b35c06105a5b348ea4f9e855373b88aa16c3b1f040337ca2e43,187f622dc0da983d25da3df0e452808a96dd8c64c24aace69bc339cfe47a165d,expiro,0.999999999999974,High,5000000.0,4999999.999999871,T1027;T1055;T1486,D3-BAC;D3-BDR;D3-FA;D3-PM;D3-SAW;D3-UBA,Backup Access Control;Backup Data Recovery;File Analysis;Platform Monitoring;System Access Workflow;User Behavior Analysis
main_001384,b3a341be5bad42aa3ca8a6ef0181c744a32bbcb80f0f4fd51d744138dd46f822,58bb064ce0f0721aab7e4b4285f49e318ee801ab658d49dcfff305df630cc5c9,bedep,0.9999999982332202,High,5000000.0,4999999.991166101,T1027;T1055;T1486,D3-BAC;D3-BDR;D3-FA;D3-PM;D3-SAW;D3-UBA,Backup Access Control;Backup Data Recovery;File Analysis;Platform Monitoring;System Access Workflow;User Behavior Analysis
main_001385,ab62928046043f62d3f00b686c3d48c2df0daf863dc793f13313a9b1075435fa,58bb064ce0f0721aab7e4b4285f49e318ee801ab658d49dcfff305df630cc5c9,bedep,0.9999999996993798,High,5000000.0,4999999.998496899,T1027;T1055;T1486,D3-BAC;D3-BDR;D3-FA;D3-PM;D3-SAW;D3-UBA,Backup Access Control;Backup Data Recovery;File Analysis;Platform Monitoring;System Access Workflow;User Behavior Analysis
main_001390,a48fba398058467470dc6e2df932cf273fb40e1dd1ebe5536ef5436575b9b160,77862efd76591a786f99d400c0f97633e2bfb2bbd18b09dd6bf33ebe49f40f07,xmrig,0.9999999999999992,High,5000000.0,4999999.999999996,T1027;T1055;T1059,D3-AL;D3-CR;D3-FA;D3-PM;D3-SAW;D3-UBA,Application Allowlisting;Command Restriction;File Analysis;Platform Monitoring;System Access Workflow;User Behavior Analysis
main_001391,bbf9e4e8f075fb33e8d5abe21201d2fe7da06a0bd6d7830b9a10b0b0079ee282,58bb064ce0f0721aab7e4b4285f49e318ee801ab658d49dcfff305df630cc5c9,bedep,0.9989027200021614,High,5000000.0,4994513.600010807,T1027;T1055;T1486,D3-BAC;D3-BDR;D3-FA;D3-PM;D3-SAW;D3-UBA,Backup Access Control;Backup Data Recovery;File Analysis;Platform Monitoring;System Access Workflow;User Behavior Analysis
main_001439,614723360dc5ed67da5e80de90765859753a3ae9230fbb73d0fee6357e8705c0,7f411c23e7d9d268b51470b27920d362905e71fca86a2ef5c70747984b30a29a,redline,0.9998771678862028,High,5000000.0,4999385.839431014,T1027;T1055;T1486,D3-BAC;D3-BDR;D3-FA;D3-PM;D3-SAW;D3-UBA,Backup Access Control;Backup Data Recovery;File Analysis;Platform Monitoring;System Access Workflow;User Behavior Analysis
main_001442,577688f82a9524c8a67c213be710add809daf9766110a344d5b624ad9a02fc2e,7f411c23e7d9d268b51470b27920d362905e71fca86a2ef5c70747984b30a29a,redline,0.999992514853468,High,5000000.0,4999962.57426734,T1027;T1055;T1486,D3-BAC;D3-BDR;D3-FA;D3-PM;D3-SAW;D3-UBA,Backup Access Control;Backup Data Recovery;File Analysis;Platform Monitoring;System Access Workflow;User Behavior Analysis
main_001443,3797f2ad40ee2bd09f6abb910e7d4b3b20e9d147bf85f4b6101dcc61fbe00916,02f47a65d4fd8d00c4aff12092e2155e9f12df2d089bcb1e28b5d65d0d4d7f0f,wacatac,0.9999999950655536,High,5000000.0,4999999.975327768,T1027;T1055;T1486,D3-BAC;D3-BDR;D3-FA;D3-PM;D3-SAW;D3-UBA,Backup Access Control;Backup Data Recovery;File Analysis;Platform Monitoring;System Access Workflow;User Behavior Analysis
main_001445,1afc1a537ad5108a6c7380ccf2c25b4d5d447da3fcd7f898c97f0a5e829f17e0,58bb064ce0f0721aab7e4b4285f49e318ee801ab658d49dcfff305df630cc5c9,bedep,0.99919580288265,High,5000000.0,4995979.01441325,T1027;T1055;T1486,D3-BAC;D3-BDR;D3-FA;D3-PM;D3-SAW;D3-UBA,Backup Access Control;Backup Data Recovery;File Analysis;Platform Monitoring;System Access Workflow;User Behavior Analysis
main_001450,100f2288d4864e563f94b16134811e6c4cbb74d1975bd9896387cbaf2d536690,3bea44f95b17af14e750df7ab567b80b5e9aaaab87c2b4c1204f2269f98af653,disco,0.9999999999993252,High,5000000.0,4999999.999996626,T1027;T1055;T1486,D3-BAC;D3-BDR;D3-FA;D3-PM;D3-SAW;D3-UBA,Backup Access Control;Backup Data Recovery;File Analysis;Platform Monitoring;System Access Workflow;User Behavior Analysis
main_001451,077fb9802d0a607edaee5f639c5dfe5cc2369d789e258a1fac39f458247e8850,02f47a65d4fd8d00c4aff12092e2155e9f12df2d089bcb1e28b5d65d0d4d7f0f,wacatac,0.9999999999999728,High,5000000.0,4999999.999999864,T1027;T1055;T1486,D3-BAC;D3-BDR;D3-FA;D3-PM;D3-SAW;D3-UBA,Backup Access Control;Backup Data Recovery;File Analysis;Platform Monitoring;System Access Workflow;User Behavior Analysis
main_001453,129b330ed59a74013ac75a7630a799f65423676e662726767163e0f53eedc07a,ca6ac6af66c22d8acdd6e42a00a9a21a24a37e3fa6a018662fb6dbaabfe7a96d,metasploit,0.9999999999554084,High,5000000.0,4999999.999777042,T1027;T1055;T1486,D3-BAC;D3-BDR;D3-FA;D3-PM;D3-SAW;D3-UBA,Backup Access Control;Backup Data Recovery;File Analysis;Platform Monitoring;System Access Workflow;User Behavior Analysis
main_001454,b620d1c5a861fe65269dcc30ab7255bece665ae5ef7d5f8e0ae18ea520411cd2,ef092d42941fb6af2ca50130b1d7a2fb36f80cc98954c008a5ccc00a2995ab79,scarletflash,0.999999999998896,High,5000000.0,4999999.99999448,T1027;T1055;T1486,D3-BAC;D3-BDR;D3-FA;D3-PM;D3-SAW;D3-UBA,Backup Access Control;Backup Data Recovery;File Analysis;Platform Monitoring;System Access Workflow;User Behavior Analysis
main_001461,aa0d14b1708d0a0af85d2c371a3d88609b9212c898702459321a49860216343e,30a5489c424c748c87b2f9bdc22bf88287879490af46dcfee5a2c01753e27656,diztakun,0.9999999998758408,High,5000000.0,4999999.999379204,T1027;T1055;T1486,D3-BAC;D3-BDR;D3-FA;D3-PM;D3-SAW;D3-UBA,Backup Access Control;Backup Data Recovery;File Analysis;Platform Monitoring;System Access Workflow;User Behavior Analysis
main_001462,7b8c1d04c00907b2420d5d89d4f101600358cf8ffdd45d0c9d3a46b229d6ee74,ef092d42941fb6af2ca50130b1d7a2fb36f80cc98954c008a5ccc00a2995ab79,scarletflash,0.9999994465167702,High,5000000.0,4999997.232583851,T1027;T1055;T1486,D3-BAC;D3-BDR;D3-FA;D3-PM;D3-SAW;D3-UBA,Backup Access Control;Backup Data Recovery;File Analysis;Platform Monitoring;System Access Workflow;User Behavior Analysis
main_001463,17acc635d0ecd25b2aa101127b4229e6275fbf763015dddb6b18b7e95e75a079,02f47a65d4fd8d00c4aff12092e2155e9f12df2d089bcb1e28b5d65d0d4d7f0f,wacatac,0.9999999999995824,High,5000000.0,4999999.999997912,T1027;T1055;T1486,D3-BAC;D3-BDR;D3-FA;D3-PM;D3-SAW;D3-UBA,Backup Access Control;Backup Data Recovery;File Analysis;Platform Monitoring;System Access Workflow;User Behavior Analysis
main_001464,ba86784be0ec219aeefefcc4a967f87dff2af4c2487d3661609be8b6ceb72b51,02f47a65d4fd8d00c4aff12092e2155e9f12df2d089bcb1e28b5d65d0d4d7f0f,wacatac,0.9999999999978236,High,5000000.0,4999999.999989118,T1027;T1055;T1486,D3-BAC;D3-BDR;D3-FA;D3-PM;D3-SAW;D3-UBA,Backup Access Control;Backup Data Recovery;File Analysis;Platform Monitoring;System Access Workflow;User Behavior Analysis
main_001465,006caec954041255f58bf44bcc66dc96002ab6ebea320197efe7a9da14ca347a,970ec274ca867815174ebe4eff19282000f9495a6c7254e94991d1fb4dc3df30,luna,0.9999999999999936,High,5000000.0,4999999.999999967,T1027;T1055;T1486,D3-BAC;D3-BDR;D3-FA;D3-PM;D3-SAW;D3-UBA,Backup Access Control;Backup Data Recovery;File Analysis;Platform Monitoring;System Access Workflow;User Behavior Analysis
main_001467,e5d6e1001ca09fbba02968086925fec326cf1c9404035b25a3dc9983447fde50,ef092d42941fb6af2ca50130b1d7a2fb36f80cc98954c008a5ccc00a2995ab79,scarletflash,0.9999999999995322,High,5000000.0,4999999.9999976605,T1027;T1055;T1486,D3-BAC;D3-BDR;D3-FA;D3-PM;D3-SAW;D3-UBA,Backup Access Control;Backup Data Recovery;File Analysis;Platform Monitoring;System Access Workflow;User Behavior Analysis
main_001494,daf784dc6fba59008279e9724ba2a5d32f7a63b1d46dbc42a6ea5aaaed7fe233,187f622dc0da983d25da3df0e452808a96dd8c64c24aace69bc339cfe47a165d,expiro,0.9999999971984954,High,5000000.0,4999999.985992477,T1027;T1055;T1486,D3-BAC;D3-BDR;D3-FA;D3-PM;D3-SAW;D3-UBA,Backup Access Control;Backup Data Recovery;File Analysis;Platform Monitoring;System Access Workflow;User Behavior Analysis
main_001502,da85713d12c0131530eb654eafa931cf74830a47caf53e3b664c7e142bf611d1,02f47a65d4fd8d00c4aff12092e2155e9f12df2d089bcb1e28b5d65d0d4d7f0f,wacatac,0.999999999825119,High,5000000.0,4999999.999125595,T1027;T1055;T1486,D3-BAC;D3-BDR;D3-FA;D3-PM;D3-SAW;D3-UBA,Backup Access Control;Backup Data Recovery;File Analysis;Platform Monitoring;System Access Workflow;User Behavior Analysis
main_001504,d2661f30a5526342b260203100f40c9dff0c23a7a25b22ab47babd517aa8926e,99e2d5c6e5fb193a148e06547f5c9bb4e3dd2bc061e9a90592462767e9f80912,disin,0.9999999998830992,High,5000000.0,4999999.999415495,T1027;T1055;T1486,D3-BAC;D3-BDR;D3-FA;D3-PM;D3-SAW;D3-UBA,Backup Access Control;Backup Data Recovery;File Analysis;Platform Monitoring;System Access Workflow;User Behavior Analysis
main_001569,a7a60a13cba3be8655d70cd60900e5dbf664d70ae3b073559085bd27f5ea514b,3cc62d621b50887019d45b3b35ccfae1ba711bb481ce64fab07e2f02ae2f6e21,lotok,0.999995082612148,High,5000000.0,4999975.41306074,T1027;T1055;T1486,D3-BAC;D3-BDR;D3-FA;D3-PM;D3-SAW;D3-UBA,Backup Access Control;Backup Data Recovery;File Analysis;Platform Monitoring;System Access Workflow;User Behavior Analysis
main_001571,3bb4e65410e406678e75681a0044254f6c6f0f96c1cbfee49f8ebcbaf6b46f6a,99e2d5c6e5fb193a148e06547f5c9bb4e3dd2bc061e9a90592462767e9f80912,disin,0.9999999999809868,High,5000000.0,4999999.999904933,T1027;T1055;T1486,D3-BAC;D3-BDR;D3-FA;D3-PM;D3-SAW;D3-UBA,Backup Access Control;Backup Data Recovery;File Analysis;Platform Monitoring;System Access Workflow;User Behavior Analysis
main_001572,5c396e4bdc74cf1af7263b42c600efb6dfad310e3c42d2476e84d2608d54af1b,472473512e26748d79480e1fa44ad0a0814b226d3fdd3c0d4217e14b1427b2cd,khalesi,0.9999999999556966,High,5000000.0,4999999.999778483,T1027;T1055;T1486,D3-BAC;D3-BDR;D3-FA;D3-PM;D3-SAW;D3-UBA,Backup Access Control;Backup Data Recovery;File Analysis;Platform Monitoring;System Access Workflow;User Behavior Analysis
main_001574,3d661431910be99c8f4b5a1263322f2cb434634e90f6e4971820a0171fe3a930,fd5104756137718da71be7bec3f2a88cb3dc4f6df936e61e4bd012cb9108027c,convagent,0.9994472042502256,High,5000000.0,4997236.021251128,T1027;T1055;T1486,D3-BAC;D3-BDR;D3-FA;D3-PM;D3-SAW;D3-UBA,Backup Access Control;Backup Data Recovery;File Analysis;Platform Monitoring;System Access Workflow;User Behavior Analysis
main_001585,c6a6cbf1078f50705acddcf58ff17205e1d67ba4257612f229b9d1ec0f406ebf,02f47a65d4fd8d00c4aff12092e2155e9f12df2d089bcb1e28b5d65d0d4d7f0f,wacatac,0.9999999966644816,High,5000000.0,4999999.983322408,T1027;T1055;T1486,D3-BAC;D3-BDR;D3-FA;D3-PM;D3-SAW;D3-UBA,Backup Access Control;Backup Data Recovery;File Analysis;Platform Monitoring;System Access Workflow;User Behavior Analysis
main_001587,975e21d398e58c8ed5a91e1a2df775f443d884bc22dd86fb0285034121461174,02f47a65d4fd8d00c4aff12092e2155e9f12df2d089bcb1e28b5d65d0d4d7f0f,wacatac,0.9999859857683868,High,5000000.0,4999929.928841935,T1027;T1055;T1486,D3-BAC;D3-BDR;D3-FA;D3-PM;D3-SAW;D3-UBA,Backup Access Control;Backup Data Recovery;File Analysis;Platform Monitoring;System Access Workflow;User Behavior Analysis
main_001593,af63143e39565a823d79c90e1563b8b63cd59092f48a6dc3f2d5d3fec4fecfe3,58bb064ce0f0721aab7e4b4285f49e318ee801ab658d49dcfff305df630cc5c9,bedep,0.9999999894461414,High,5000000.0,4999999.947230707,T1027;T1055;T1486,D3-BAC;D3-BDR;D3-FA;D3-PM;D3-SAW;D3-UBA,Backup Access Control;Backup Data Recovery;File Analysis;Platform Monitoring;System Access Workflow;User Behavior Analysis
main_001607,76b4d61096efc06c821378d8bbb7e77900c8e803f6d061d98b0b1f70549d2fbc,99e2d5c6e5fb193a148e06547f5c9bb4e3dd2bc061e9a90592462767e9f80912,disin,0.9999999999949944,High,5000000.0,4999999.999974973,T1027;T1055;T1486,D3-BAC;D3-BDR;D3-FA;D3-PM;D3-SAW;D3-UBA,Backup Access Control;Backup Data Recovery;File Analysis;Platform Monitoring;System Access Workflow;User Behavior Analysis
main_001608,0b4f45c7e123fd0a08c940a9a766bdd1c4b0ccfb8b3ed40578f1c32e0acb253a,0251062657e09a52683bb69861104b0d56d322b162f29dbcff1f4e555eef78a7,clipbanker,0.9999988124980504,High,5000000.0,4999994.062490252,T1027;T1055;T1486,D3-BAC;D3-BDR;D3-FA;D3-PM;D3-SAW;D3-UBA,Backup Access Control;Backup Data Recovery;File Analysis;Platform Monitoring;System Access Workflow;User Behavior Analysis
main_001623,3a0da847495a790cc49c7aae77de504c02c87e88989469c1cb9c29d1c182e5a6,58bb064ce0f0721aab7e4b4285f49e318ee801ab658d49dcfff305df630cc5c9,bedep,0.9999999999946764,High,5000000.0,4999999.999973382,T1027;T1055;T1486,D3-BAC;D3-BDR;D3-FA;D3-PM;D3-SAW;D3-UBA,Backup Access Control;Backup Data Recovery;File Analysis;Platform Monitoring;System Access Workflow;User Behavior Analysis
main_001638,23f0563da09cc9b2ffe18d03c1288063b5df9e4aaf80cc7784bb5425dcbdac67,02f47a65d4fd8d00c4aff12092e2155e9f12df2d089bcb1e28b5d65d0d4d7f0f,wacatac,0.9999935002783844,High,5000000.0,4999967.501391922,T1027;T1055;T1486,D3-BAC;D3-BDR;D3-FA;D3-PM;D3-SAW;D3-UBA,Backup Access Control;Backup Data Recovery;File Analysis;Platform Monitoring;System Access Workflow;User Behavior Analysis
main_001639,acfa0104e60b4ed68353d9f95734d24dd9b3757c123954798555288f9331ccba,58bb064ce0f0721aab7e4b4285f49e318ee801ab658d49dcfff305df630cc5c9,bedep,0.9999996701821956,High,5000000.0,4999998.350910978,T1027;T1055;T1486,D3-BAC;D3-BDR;D3-FA;D3-PM;D3-SAW;D3-UBA,Backup Access Control;Backup Data Recovery;File Analysis;Platform Monitoring;System Access Workflow;User Behavior Analysis
main_001641,2c42a86df6b132fae44780b93101cdf94ec707feadb546081018cc7ead48817a,ef092d42941fb6af2ca50130b1d7a2fb36f80cc98954c008a5ccc00a2995ab79,scarletflash,0.9999996374708456,High,5000000.0,4999998.187354228,T1027;T1055;T1486,D3-BAC;D3-BDR;D3-FA;D3-PM;D3-SAW;D3-UBA,Backup Access Control;Backup Data Recovery;File Analysis;Platform Monitoring;System Access Workflow;User Behavior Analysis
main_001650,cc48736fa6c5f8b096b1ca0e6e0381fd378f8708856d517a6167f137c2cf42da,02f47a65d4fd8d00c4aff12092e2155e9f12df2d089bcb1e28b5d65d0d4d7f0f,wacatac,0.999999999999738,High,5000000.0,4999999.99999869,T1027;T1055;T1486,D3-BAC;D3-BDR;D3-FA;D3-PM;D3-SAW;D3-UBA,Backup Access Control;Backup Data Recovery;File Analysis;Platform Monitoring;System Access Workflow;User Behavior Analysis
main_001656,e3b871953298f7ad6e2b0d87453835ae1a10543d4749262a47c077d339b6569d,30a5489c424c748c87b2f9bdc22bf88287879490af46dcfee5a2c01753e27656,diztakun,0.9999999986720284,High,5000000.0,4999999.993360142,T1027;T1055;T1486,D3-BAC;D3-BDR;D3-FA;D3-PM;D3-SAW;D3-UBA,Backup Access Control;Backup Data Recovery;File Analysis;Platform Monitoring;System Access Workflow;User Behavior Analysis
main_001660,0bf872e575da812609993f117a754228d33c4de794f4d8a27c70372cfc027083,a49c1d0380688dd9e1898df37e8a7f9e7747212a5b47494173bd2e4a91452fb7,alien,0.9999999984026112,High,5000000.0,4999999.992013056,T1027;T1055;T1486,D3-BAC;D3-BDR;D3-FA;D3-PM;D3-SAW;D3-UBA,Backup Access Control;Backup Data Recovery;File Analysis;Platform Monitoring;System Access Workflow;User Behavior Analysis
main_001662,43832fe13a75f3366e43f30ddca2bc4990090d3cd5dc78bdcc38343926e79580,02f47a65d4fd8d00c4aff12092e2155e9f12df2d089bcb1e28b5d65d0d4d7f0f,wacatac,0.9999996866381118,High,5000000.0,4999998.433190559,T1027;T1055;T1486,D3-BAC;D3-BDR;D3-FA;D3-PM;D3-SAW;D3-UBA,Backup Access Control;Backup Data Recovery;File Analysis;Platform Monitoring;System Access Workflow;User Behavior Analysis
main_001667,8ea0bffca86c7b403f62f8a08ffd16fd73d4cd928eab2a121fe6981256676711,02f47a65d4fd8d00c4aff12092e2155e9f12df2d089bcb1e28b5d65d0d4d7f0f,wacatac,0.9999999999550996,High,5000000.0,4999999.999775498,T1027;T1055;T1486,D3-BAC;D3-BDR;D3-FA;D3-PM;D3-SAW;D3-UBA,Backup Access Control;Backup Data Recovery;File Analysis;Platform Monitoring;System Access Workflow;User Behavior Analysis
main_001669,9f1fee2b464f8cb52898a0c7db4be66d4cd4cde415b428d0d7eafcce5640f5eb,58bb064ce0f0721aab7e4b4285f49e318ee801ab658d49dcfff305df630cc5c9,bedep,0.9999999999349762,High,5000000.0,4999999.999674881,T1027;T1055;T1486,D3-BAC;D3-BDR;D3-FA;D3-PM;D3-SAW;D3-UBA,Backup Access Control;Backup Data Recovery;File Analysis;Platform Monitoring;System Access Workflow;User Behavior Analysis
main_001671,d4b76d3f2151dbbb7c8dbcf8bdbaf06d1bdfd7681d6b140fcf135df671a98ed7,a49c1d0380688dd9e1898df37e8a7f9e7747212a5b47494173bd2e4a91452fb7,alien,0.9999999999997348,High,5000000.0,4999999.999998674,T1027;T1055;T1486,D3-BAC;D3-BDR;D3-FA;D3-PM;D3-SAW;D3-UBA,Backup Access Control;Backup Data Recovery;File Analysis;Platform Monitoring;System Access Workflow;User Behavior Analysis
main_001672,349e46d98ea7af9bad0a2af0f2b47914b233a3f05f414f48739a657d6a194b8d,c8b999ec8614bd108b6640f976e6442afa74ef68f3436b132f6e6dfe4879fcad,grandoreiro,0.9999999999986324,High,5000000.0,4999999.999993162,T1027;T1055;T1486,D3-BAC;D3-BDR;D3-FA;D3-PM;D3-SAW;D3-UBA,Backup Access Control;Backup Data Recovery;File Analysis;Platform Monitoring;System Access Workflow;User Behavior Analysis
main_001675,41fba62eab0b9b30c96ed547635f3c85560b587fe244f8189d46dda64e8f0d56,ca6ac6af66c22d8acdd6e42a00a9a21a24a37e3fa6a018662fb6dbaabfe7a96d,metasploit,0.9999999999574632,High,5000000.0,4999999.999787317,T1027;T1055;T1486,D3-BAC;D3-BDR;D3-FA;D3-PM;D3-SAW;D3-UBA,Backup Access Control;Backup Data Recovery;File Analysis;Platform Monitoring;System Access Workflow;User Behavior Analysis
main_001681,bfa2c2ded91b89148500d53a0e4e6a697d897828e9dee7dde0afae9c4210590a,c48346bb37a583087929a55bb12086e961175a656e68659f14a4afcdb2fe9cc6,doenerium,0.9999999873653632,High,5000000.0,4999999.936826816,T1027;T1055;T1486,D3-BAC;D3-BDR;D3-FA;D3-PM;D3-SAW;D3-UBA,Backup Access Control;Backup Data Recovery;File Analysis;Platform Monitoring;System Access Workflow;User Behavior Analysis
main_001689,914a3743d842ffb7cc473518b6d5ece4c3432d6c5a038be6c8dbc450c4d2971d,99e2d5c6e5fb193a148e06547f5c9bb4e3dd2bc061e9a90592462767e9f80912,disin,0.999999988247004,High,5000000.0,4999999.94123502,T1027;T1055;T1486,D3-BAC;D3-BDR;D3-FA;D3-PM;D3-SAW;D3-UBA,Backup Access Control;Backup Data Recovery;File Analysis;Platform Monitoring;System Access Workflow;User Behavior Analysis
main_001713,299da2f0818b503c0cea065acef10f2c713783ce7c2a858598a6f714d10a9b32,02f47a65d4fd8d00c4aff12092e2155e9f12df2d089bcb1e28b5d65d0d4d7f0f,wacatac,0.9999991709334674,High,5000000.0,4999995.854667337,T1027;T1055;T1486,D3-BAC;D3-BDR;D3-FA;D3-PM;D3-SAW;D3-UBA,Backup Access Control;Backup Data Recovery;File Analysis;Platform Monitoring;System Access Workflow;User Behavior Analysis
main_001724,aae42a3e9fcc942380750831f53b824950f17373a7d1cab4cf9b208bbb7919fa,99e2d5c6e5fb193a148e06547f5c9bb4e3dd2bc061e9a90592462767e9f80912,disin,0.9999999997510972,High,5000000.0,4999999.998755486,T1027;T1055;T1486,D3-BAC;D3-BDR;D3-FA;D3-PM;D3-SAW;D3-UBA,Backup Access Control;Backup Data Recovery;File Analysis;Platform Monitoring;System Access Workflow;User Behavior Analysis
main_001732,86d330cd0af84f6dd2081d385a82004eee4052622f80b00313e359808101bb15,02f47a65d4fd8d00c4aff12092e2155e9f12df2d089bcb1e28b5d65d0d4d7f0f,wacatac,0.9999999999991644,High,5000000.0,4999999.999995822,T1027;T1055;T1486,D3-BAC;D3-BDR;D3-FA;D3-PM;D3-SAW;D3-UBA,Backup Access Control;Backup Data Recovery;File Analysis;Platform Monitoring;System Access Workflow;User Behavior Analysis
main_001733,6cbef36d9f3a4384a169d89add7c50f371f9b479c4a560c62ec0ee930a056e2b,b29fbadeecb4793aa6728e48db365c12430759deacb5140c3280a14f45f0ef90,ramnit,0.9998342546892822,High,5000000.0,4999171.273446411,T1027;T1055;T1486,D3-BAC;D3-BDR;D3-FA;D3-PM;D3-SAW;D3-UBA,Backup Access Control;Backup Data Recovery;File Analysis;Platform Monitoring;System Access Workflow;User Behavior Analysis
main_001735,49169774ecc1d777c5332dba5357f5b4e344cc60ff862626441512297c41ebd3,02f47a65d4fd8d00c4aff12092e2155e9f12df2d089bcb1e28b5d65d0d4d7f0f,wacatac,0.9999999961970424,High,5000000.0,4999999.980985212,T1027;T1055;T1486,D3-BAC;D3-BDR;D3-FA;D3-PM;D3-SAW;D3-UBA,Backup Access Control;Backup Data Recovery;File Analysis;Platform Monitoring;System Access Workflow;User Behavior Analysis
main_001736,feeeb2fae0aafcc67f567a115d06b5afd1231cf2f92c1b70c5606b4fc24ad9e1,02f47a65d4fd8d00c4aff12092e2155e9f12df2d089bcb1e28b5d65d0d4d7f0f,wacatac,0.999999999841244,High,5000000.0,4999999.99920622,T1027;T1055;T1486,D3-BAC;D3-BDR;D3-FA;D3-PM;D3-SAW;D3-UBA,Backup Access Control;Backup Data Recovery;File Analysis;Platform Monitoring;System Access Workflow;User Behavior Analysis
main_001737,426b6b3a908601b13a62fc238d06deba2498b7a59caa1aac281c988ed2923ce2,b6528b8d460196d24590fc256e3028ded67955d79af712031bd30023ffecfc08,mufila,0.9999981526678868,High,5000000.0,4999990.763339434,T1027;T1055;T1486,D3-BAC;D3-BDR;D3-FA;D3-PM;D3-SAW;D3-UBA,Backup Access Control;Backup Data Recovery;File Analysis;Platform Monitoring;System Access Workflow;User Behavior Analysis
main_001738,90ac628077b441b27c6c199260b63041f1f9b756b677578df3616df326c58bd1,02f47a65d4fd8d00c4aff12092e2155e9f12df2d089bcb1e28b5d65d0d4d7f0f,wacatac,0.9999999758324064,High,5000000.0,4999999.879162032,T1027;T1055;T1486,D3-BAC;D3-BDR;D3-FA;D3-PM;D3-SAW;D3-UBA,Backup Access Control;Backup Data Recovery;File Analysis;Platform Monitoring;System Access Workflow;User Behavior Analysis
main_001742,a70323dbe4f511db77386034b0764517ad0dbae7fb1b40051a7cd2cd92a99e83,472473512e26748d79480e1fa44ad0a0814b226d3fdd3c0d4217e14b1427b2cd,khalesi,0.9999999990705516,High,5000000.0,4999999.995352758,T1027;T1055;T1486,D3-BAC;D3-BDR;D3-FA;D3-PM;D3-SAW;D3-UBA,Backup Access Control;Backup Data Recovery;File Analysis;Platform Monitoring;System Access Workflow;User Behavior Analysis
main_001743,1aaa5d488f7b83defa1bd32d584e23f903bd46cbdb859fbed84d1648ccf431ea,02f47a65d4fd8d00c4aff12092e2155e9f12df2d089bcb1e28b5d65d0d4d7f0f,wacatac,0.9999999999993758,High,5000000.0,4999999.999996879,T1027;T1055;T1486,D3-BAC;D3-BDR;D3-FA;D3-PM;D3-SAW;D3-UBA,Backup Access Control;Backup Data Recovery;File Analysis;Platform Monitoring;System Access Workflow;User Behavior Analysis
main_001749,09d243a1cb819a1cf07895be2bed0a67c70bb67ebaef0e4e190814019438c506,02f47a65d4fd8d00c4aff12092e2155e9f12df2d089bcb1e28b5d65d0d4d7f0f,wacatac,0.9999997632195736,High,5000000.0,4999998.816097868,T1027;T1055;T1486,D3-BAC;D3-BDR;D3-FA;D3-PM;D3-SAW;D3-UBA,Backup Access Control;Backup Data Recovery;File Analysis;Platform Monitoring;System Access Workflow;User Behavior Analysis
main_001750,54e05f59357734a34576ef4eb0d0221a93d99a8b83a2db02a6bbc5c5fe8cee6c,02f47a65d4fd8d00c4aff12092e2155e9f12df2d089bcb1e28b5d65d0d4d7f0f,wacatac,0.9999999999842112,High,5000000.0,4999999.999921056,T1027;T1055;T1486,D3-BAC;D3-BDR;D3-FA;D3-PM;D3-SAW;D3-UBA,Backup Access Control;Backup Data Recovery;File Analysis;Platform Monitoring;System Access Workflow;User Behavior Analysis
main_001752,41e2dfab4ebbe913462f6ea2f82d76d6aad731d8f4aa6277b80f118983bbf2ef,41e5cac4298e131e87215f8f3e62b154d2629cb3f77817234864d2ea1b4884ed,shelm,0.9999994535860434,High,5000000.0,4999997.267930217,T1027;T1055;T1486,D3-BAC;D3-BDR;D3-FA;D3-PM;D3-SAW;D3-UBA,Backup Access Control;Backup Data Recovery;File Analysis;Platform Monitoring;System Access Workflow;User Behavior Analysis
main_001765,170195b6bd7a79992a2d19fe979bc47ca50cb4d31f6628613fe2b07bfe6cd771,58bb064ce0f0721aab7e4b4285f49e318ee801ab658d49dcfff305df630cc5c9,bedep,0.9999999999872802,High,5000000.0,4999999.999936401,T1027;T1055;T1486,D3-BAC;D3-BDR;D3-FA;D3-PM;D3-SAW;D3-UBA,Backup Access Control;Backup Data Recovery;File Analysis;Platform Monitoring;System Access Workflow;User Behavior Analysis
main_001766,5009929a8d104ac0eac0bbbe142346e2dd042bc34aae12ee66a06b5e9dfdb1e0,c8b999ec8614bd108b6640f976e6442afa74ef68f3436b132f6e6dfe4879fcad,grandoreiro,0.9999999999692516,High,5000000.0,4999999.999846258,T1027;T1055;T1486,D3-BAC;D3-BDR;D3-FA;D3-PM;D3-SAW;D3-UBA,Backup Access Control;Backup Data Recovery;File Analysis;Platform Monitoring;System Access Workflow;User Behavior Analysis
main_001767,18c5999c453ef4f3d1b4c68ed6f26e0af86affddf377fbc10801846907550aec,c8b999ec8614bd108b6640f976e6442afa74ef68f3436b132f6e6dfe4879fcad,grandoreiro,0.9999999999982748,High,5000000.0,4999999.999991374,T1027;T1055;T1486,D3-BAC;D3-BDR;D3-FA;D3-PM;D3-SAW;D3-UBA,Backup Access Control;Backup Data Recovery;File Analysis;Platform Monitoring;System Access Workflow;User Behavior Analysis
main_001775,dded71860e6a4d2b9fc2ef9f42e8bb3a20e614aea6ebca9d479ff6ee7a24cfdf,187f622dc0da983d25da3df0e452808a96dd8c64c24aace69bc339cfe47a165d,expiro,0.9999995753682484,High,5000000.0,4999997.8768412415,T1027;T1055;T1486,D3-BAC;D3-BDR;D3-FA;D3-PM;D3-SAW;D3-UBA,Backup Access Control;Backup Data Recovery;File Analysis;Platform Monitoring;System Access Workflow;User Behavior Analysis
main_001776,e2610e3f0984f7dad06991266a2f19d802a49174264f1912739e97859d0ee19d,77862efd76591a786f99d400c0f97633e2bfb2bbd18b09dd6bf33ebe49f40f07,xmrig,1.0,High,5000000.0,5000000.0,T1027;T1055;T1059,D3-AL;D3-CR;D3-FA;D3-PM;D3-SAW;D3-UBA,Application Allowlisting;Command Restriction;File Analysis;Platform Monitoring;System Access Workflow;User Behavior Analysis
main_001779,7ae4641647cc78106c9389794dc02bf1d32eeb770b5a26bdb94c47653db62cbd,77862efd76591a786f99d400c0f97633e2bfb2bbd18b09dd6bf33ebe49f40f07,xmrig,0.9999999999999996,High,5000000.0,4999999.999999998,T1027;T1055;T1059,D3-AL;D3-CR;D3-FA;D3-PM;D3-SAW;D3-UBA,Application Allowlisting;Command Restriction;File Analysis;Platform Monitoring;System Access Workflow;User Behavior Analysis
main_001785,8dab932ff9077c86e560c1e41655fef8b1ba4ac48b66eed54ad5ead6c3d2f756,77862efd76591a786f99d400c0f97633e2bfb2bbd18b09dd6bf33ebe49f40f07,xmrig,1.0,High,5000000.0,5000000.0,T1027;T1055;T1059,D3-AL;D3-CR;D3-FA;D3-PM;D3-SAW;D3-UBA,Application Allowlisting;Command Restriction;File Analysis;Platform Monitoring;System Access Workflow;User Behavior Analysis
main_001787,1864fc902b1064b2822dc418c7af084eb5a685e0f90e84ecac927f701c219a6e,58bb064ce0f0721aab7e4b4285f49e318ee801ab658d49dcfff305df630cc5c9,bedep,0.999999999995992,High,5000000.0,4999999.99997996,T1027;T1055;T1486,D3-BAC;D3-BDR;D3-FA;D3-PM;D3-SAW;D3-UBA,Backup Access Control;Backup Data Recovery;File Analysis;Platform Monitoring;System Access Workflow;User Behavior Analysis
main_001790,91e5956f358f0116f66e438df5b30405f9310fe614192f7c71ea5c4e06aa674f,187f622dc0da983d25da3df0e452808a96dd8c64c24aace69bc339cfe47a165d,expiro,0.9999999999642368,High,5000000.0,4999999.999821184,T1027;T1055;T1486,D3-BAC;D3-BDR;D3-FA;D3-PM;D3-SAW;D3-UBA,Backup Access Control;Backup Data Recovery;File Analysis;Platform Monitoring;System Access Workflow;User Behavior Analysis
main_001792,a301ae9259113375e013665efe963f962e9a707c8303234d3062d82892f045af,02f47a65d4fd8d00c4aff12092e2155e9f12df2d089bcb1e28b5d65d0d4d7f0f,wacatac,0.999621497816262,High,5000000.0,4998107.48908131,T1027;T1055;T1486,D3-BAC;D3-BDR;D3-FA;D3-PM;D3-SAW;D3-UBA,Backup Access Control;Backup Data Recovery;File Analysis;Platform Monitoring;System Access Workflow;User Behavior Analysis
main_001793,4550bc3839d5abdd518829b7d203a0d6d6c4386ebf3764b5abcdca136b46b031,b83ef675cc28b5b0387916e29e9ced4ef6c6d6ea4fcffdbc3b3b086e80167fce,berbew,0.9999997179357092,High,5000000.0,4999998.5896785455,T1027;T1055;T1486,D3-BAC;D3-BDR;D3-FA;D3-PM;D3-SAW;D3-UBA,Backup Access Control;Backup Data Recovery;File Analysis;Platform Monitoring;System Access Workflow;User Behavior Analysis
main_001794,54e322f565d17d6341a113564bc670dd483fb83768f5d9cf7b6cf73d0de60365,acfd227c9e2a637ba527343252a51d6cbf588451f0194210216eeda06e834e95,banload,0.9999999999999998,High,5000000.0,4999999.999999999,T1027;T1055;T1486,D3-BAC;D3-BDR;D3-FA;D3-PM;D3-SAW;D3-UBA,Backup Access Control;Backup Data Recovery;File Analysis;Platform Monitoring;System Access Workflow;User Behavior Analysis
main_001801,72b191aa6aff3fed349353c97196218835a2fb240fa46d3dfd8171d10be016fa,b2d0045465c6ec03721110d4ab0b36bcc44e23bdb7a2dd2a195d1efbecc71018,shodi,0.9999984761229562,High,5000000.0,4999992.380614781,T1027;T1055;T1486,D3-BAC;D3-BDR;D3-FA;D3-PM;D3-SAW;D3-UBA,Backup Access Control;Backup Data Recovery;File Analysis;Platform Monitoring;System Access Workflow;User Behavior Analysis
main_001802,046e75e5195a33a31beecf5d2116f3cbbc1fb514be52a4af1a0114bcb4add330,77862efd76591a786f99d400c0f97633e2bfb2bbd18b09dd6bf33ebe49f40f07,xmrig,1.0,High,5000000.0,5000000.0,T1027;T1055;T1059,D3-AL;D3-CR;D3-FA;D3-PM;D3-SAW;D3-UBA,Application Allowlisting;Command Restriction;File Analysis;Platform Monitoring;System Access Workflow;User Behavior Analysis
main_001806,5e4fa8db45b3250ddbc7508c81c6fe016a7e5d6cd0badb193bf9b8543eba23c7,77862efd76591a786f99d400c0f97633e2bfb2bbd18b09dd6bf33ebe49f40f07,xmrig,1.0,High,5000000.0,5000000.0,T1027;T1055;T1059,D3-AL;D3-CR;D3-FA;D3-PM;D3-SAW;D3-UBA,Application Allowlisting;Command Restriction;File Analysis;Platform Monitoring;System Access Workflow;User Behavior Analysis
main_001814,2c9c7322b520ca33107feacfd62b182c7e9543def306ea73b056b2dbafbe04ac,b83ef675cc28b5b0387916e29e9ced4ef6c6d6ea4fcffdbc3b3b086e80167fce,berbew,0.9999999999999958,High,5000000.0,4999999.999999979,T1027;T1055;T1486,D3-BAC;D3-BDR;D3-FA;D3-PM;D3-SAW;D3-UBA,Backup Access Control;Backup Data Recovery;File Analysis;Platform Monitoring;System Access Workflow;User Behavior Analysis
main_001820,acc3620a7a3ddc1a2eafee70a9e8f81a138271bee9a4b20a572b7d2e4afdac37,2351cb0b2eccd0155081509ebf8a86177b0fde5ebf5d162ea5728eea79c2db05,trollav,0.9999999999962648,High,5000000.0,4999999.999981324,T1027;T1055;T1486,D3-BAC;D3-BDR;D3-FA;D3-PM;D3-SAW;D3-UBA,Backup Access Control;Backup Data Recovery;File Analysis;Platform Monitoring;System Access Workflow;User Behavior Analysis
main_001821,6a954beac82e69b55108dfe4114feb40c14add30b0ecc6d4183ce04a4973ba4c,77862efd76591a786f99d400c0f97633e2bfb2bbd18b09dd6bf33ebe49f40f07,xmrig,1.0,High,5000000.0,5000000.0,T1027;T1055;T1059,D3-AL;D3-CR;D3-FA;D3-PM;D3-SAW;D3-UBA,Application Allowlisting;Command Restriction;File Analysis;Platform Monitoring;System Access Workflow;User Behavior Analysis
main_001822,0023ea8333e620f16e3e4f3de66752f32cc8d31c6bde42a447bf0ff293694fae,77862efd76591a786f99d400c0f97633e2bfb2bbd18b09dd6bf33ebe49f40f07,xmrig,1.0,High,5000000.0,5000000.0,T1027;T1055;T1059,D3-AL;D3-CR;D3-FA;D3-PM;D3-SAW;D3-UBA,Application Allowlisting;Command Restriction;File Analysis;Platform Monitoring;System Access Workflow;User Behavior Analysis
main_001824,9af161a5393cebf96bc148916f9f688851a5cac736b20a2fcc103cb89ca6c688,acfd227c9e2a637ba527343252a51d6cbf588451f0194210216eeda06e834e95,banload,0.9999999999999996,High,5000000.0,4999999.999999998,T1027;T1055;T1486,D3-BAC;D3-BDR;D3-FA;D3-PM;D3-SAW;D3-UBA,Backup Access Control;Backup Data Recovery;File Analysis;Platform Monitoring;System Access Workflow;User Behavior Analysis
main_001827,1321d863580d6e999301323d88ae91232764859f52cad3eaf9b0d46b24a510a8,7f411c23e7d9d268b51470b27920d362905e71fca86a2ef5c70747984b30a29a,redline,0.9993329649863112,High,5000000.0,4996664.824931556,T1027;T1055;T1486,D3-BAC;D3-BDR;D3-FA;D3-PM;D3-SAW;D3-UBA,Backup Access Control;Backup Data Recovery;File Analysis;Platform Monitoring;System Access Workflow;User Behavior Analysis
main_001830,288322503e9b4da74a51680b8069e5c06b30b08da217c1277d1f6292b1d8bedb,970ec274ca867815174ebe4eff19282000f9495a6c7254e94991d1fb4dc3df30,luna,0.9999999999985456,High,5000000.0,4999999.999992728,T1027;T1055;T1486,D3-BAC;D3-BDR;D3-FA;D3-PM;D3-SAW;D3-UBA,Backup Access Control;Backup Data Recovery;File Analysis;Platform Monitoring;System Access Workflow;User Behavior Analysis
main_001831,d8a9d3f94971b029f7c8318ad7475f8879cb46a77887dc0a6100f8fcc5f943b9,3bea44f95b17af14e750df7ab567b80b5e9aaaab87c2b4c1204f2269f98af653,disco,0.9998570004204456,High,5000000.0,4999285.002102228,T1027;T1055;T1486,D3-BAC;D3-BDR;D3-FA;D3-PM;D3-SAW;D3-UBA,Backup Access Control;Backup Data Recovery;File Analysis;Platform Monitoring;System Access Workflow;User Behavior Analysis
main_001832,8028ca32fcab24ecf51bd25dc3b015a244a3034782dc0a220447c183758135da,02f47a65d4fd8d00c4aff12092e2155e9f12df2d089bcb1e28b5d65d0d4d7f0f,wacatac,0.9975606701713048,High,5000000.0,4987803.350856524,T1027;T1055;T1486,D3-BAC;D3-BDR;D3-FA;D3-PM;D3-SAW;D3-UBA,Backup Access Control;Backup Data Recovery;File Analysis;Platform Monitoring;System Access Workflow;User Behavior Analysis
main_001846,be17d91e342f59f0f221a29dc12ac8562797ac754d23ed5c9b2edef714b6fce7,5667ef73dac709effcfdc518a98ea9238365ec62b0eb5f478392e28818a2efd5,zeus,0.999999999647526,High,5000000.0,4999999.998237629,T1027;T1055;T1486,D3-BAC;D3-BDR;D3-FA;D3-PM;D3-SAW;D3-UBA,Backup Access Control;Backup Data Recovery;File Analysis;Platform Monitoring;System Access Workflow;User Behavior Analysis
main_001847,876eb098de1e6bbff5e74324d4bcb6e629ce7c80a01fe6b2edab59473fca2be7,77862efd76591a786f99d400c0f97633e2bfb2bbd18b09dd6bf33ebe49f40f07,xmrig,1.0,High,5000000.0,5000000.0,T1027;T1055;T1059,D3-AL;D3-CR;D3-FA;D3-PM;D3-SAW;D3-UBA,Application Allowlisting;Command Restriction;File Analysis;Platform Monitoring;System Access Workflow;User Behavior Analysis
main_001851,f81190a333bab3a76d96ae66f959bd00fb47807c275959c519fd8b1eeeb9d577,ef092d42941fb6af2ca50130b1d7a2fb36f80cc98954c008a5ccc00a2995ab79,scarletflash,0.9999981597507976,High,5000000.0,4999990.798753988,T1027;T1055;T1486,D3-BAC;D3-BDR;D3-FA;D3-PM;D3-SAW;D3-UBA,Backup Access Control;Backup Data Recovery;File Analysis;Platform Monitoring;System Access Workflow;User Behavior Analysis
main_001860,e26a181cabe1929629fbd61e6a796e3291e397799d794fade6dab994735c4117,b83ef675cc28b5b0387916e29e9ced4ef6c6d6ea4fcffdbc3b3b086e80167fce,berbew,0.999999999999958,High,5000000.0,4999999.99999979,T1027;T1055;T1486,D3-BAC;D3-BDR;D3-FA;D3-PM;D3-SAW;D3-UBA,Backup Access Control;Backup Data Recovery;File Analysis;Platform Monitoring;System Access Workflow;User Behavior Analysis
main_001861,38535acdb6506f035f98e882b224e5d8b02bfd10f80f350baeacfe948a8fb5e1,77862efd76591a786f99d400c0f97633e2bfb2bbd18b09dd6bf33ebe49f40f07,xmrig,1.0,High,5000000.0,5000000.0,T1027;T1055;T1059,D3-AL;D3-CR;D3-FA;D3-PM;D3-SAW;D3-UBA,Application Allowlisting;Command Restriction;File Analysis;Platform Monitoring;System Access Workflow;User Behavior Analysis
main_001863,31a8c2cd20c96e7e889561f4823b1a3fb4181a6534b67691e8ffdf0a8c4fece0,a5fad31f18c9c700f2bfbba047bb30254fb5ed8f5645493f0daa3fa040b51c7d,dinwod,0.9999999999999644,High,5000000.0,4999999.999999822,T1027;T1055;T1486,D3-BAC;D3-BDR;D3-FA;D3-PM;D3-SAW;D3-UBA,Backup Access Control;Backup Data Recovery;File Analysis;Platform Monitoring;System Access Workflow;User Behavior Analysis
main_001867,5d08172f2f20738a87b555286bc2b2f1d0d889aa8fbbb6e7c037f78379ea8cd0,77862efd76591a786f99d400c0f97633e2bfb2bbd18b09dd6bf33ebe49f40f07,xmrig,1.0,High,5000000.0,5000000.0,T1027;T1055;T1059,D3-AL;D3-CR;D3-FA;D3-PM;D3-SAW;D3-UBA,Application Allowlisting;Command Restriction;File Analysis;Platform Monitoring;System Access Workflow;User Behavior Analysis
main_001868,ce8910cfdc206468f490b6d6315d77dfa4a1f843c072b093d492da58590762de,d6ad9dee27cfd2b3df63896bd02ab0d74cc6eb52960103dc5686f77c43122dae,emdup,0.9999999992018788,High,5000000.0,4999999.996009394,T1027;T1055;T1486,D3-BAC;D3-BDR;D3-FA;D3-PM;D3-SAW;D3-UBA,Backup Access Control;Backup Data Recovery;File Analysis;Platform Monitoring;System Access Workflow;User Behavior Analysis
main_001870,677e8b2d3a7d6d61a4fea0ad49e7c1ead4d51768da24152778c824e67de370a2,02f47a65d4fd8d00c4aff12092e2155e9f12df2d089bcb1e28b5d65d0d4d7f0f,wacatac,0.9999999858583386,High,5000000.0,4999999.929291693,T1027;T1055;T1486,D3-BAC;D3-BDR;D3-FA;D3-PM;D3-SAW;D3-UBA,Backup Access Control;Backup Data Recovery;File Analysis;Platform Monitoring;System Access Workflow;User Behavior Analysis
main_001874,884adda1b993580a4f46b1ecdc12a90675d90b3d0afa874c68f7c4b63ea16d04,b83ef675cc28b5b0387916e29e9ced4ef6c6d6ea4fcffdbc3b3b086e80167fce,berbew,0.9999999999842046,High,5000000.0,4999999.999921023,T1027;T1055;T1486,D3-BAC;D3-BDR;D3-FA;D3-PM;D3-SAW;D3-UBA,Backup Access Control;Backup Data Recovery;File Analysis;Platform Monitoring;System Access Workflow;User Behavior Analysis
main_001876,576339981bf54902e299ae16cb4aa5a1e2e6fc7a787f40ffd3b6113d9b29f4fa,7f411c23e7d9d268b51470b27920d362905e71fca86a2ef5c70747984b30a29a,redline,0.9999930143836302,High,5000000.0,4999965.071918151,T1027;T1055;T1486,D3-BAC;D3-BDR;D3-FA;D3-PM;D3-SAW;D3-UBA,Backup Access Control;Backup Data Recovery;File Analysis;Platform Monitoring;System Access Workflow;User Behavior Analysis
main_001877,1d08d8420fc161e7fd1be7ac237954604a260ac54e8fdea92ca93cdd7178860c,ef092d42941fb6af2ca50130b1d7a2fb36f80cc98954c008a5ccc00a2995ab79,scarletflash,0.9999999999286058,High,5000000.0,4999999.999643029,T1027;T1055;T1486,D3-BAC;D3-BDR;D3-FA;D3-PM;D3-SAW;D3-UBA,Backup Access Control;Backup Data Recovery;File Analysis;Platform Monitoring;System Access Workflow;User Behavior Analysis
main_001880,ee24d95081d303fc166e37defc19fb8631579abd347eabcb7550dfd1290e4953,02f47a65d4fd8d00c4aff12092e2155e9f12df2d089bcb1e28b5d65d0d4d7f0f,wacatac,0.9999999926541732,High,5000000.0,4999999.963270865,T1027;T1055;T1486,D3-BAC;D3-BDR;D3-FA;D3-PM;D3-SAW;D3-UBA,Backup Access Control;Backup Data Recovery;File Analysis;Platform Monitoring;System Access Workflow;User Behavior Analysis
main_001885,bbfab23bc0a857477fcf789c8ad05aa0e77f42351cfbaf1fc90d44670930ba65,b6528b8d460196d24590fc256e3028ded67955d79af712031bd30023ffecfc08,mufila,0.9999999998767408,High,5000000.0,4999999.999383704,T1027;T1055;T1486,D3-BAC;D3-BDR;D3-FA;D3-PM;D3-SAW;D3-UBA,Backup Access Control;Backup Data Recovery;File Analysis;Platform Monitoring;System Access Workflow;User Behavior Analysis
main_001886,c3861ed95dbd9c8ac65617126105cc4e717c459a80d5f08597711167b35bfa89,b83ef675cc28b5b0387916e29e9ced4ef6c6d6ea4fcffdbc3b3b086e80167fce,berbew,0.9999999983239602,High,5000000.0,4999999.991619801,T1027;T1055;T1486,D3-BAC;D3-BDR;D3-FA;D3-PM;D3-SAW;D3-UBA,Backup Access Control;Backup Data Recovery;File Analysis;Platform Monitoring;System Access Workflow;User Behavior Analysis
main_001887,88c946a4628b9fa6390683bbeb1fc0ac840f7bb8077f069a10858f7f0fd8d377,4fb6a3a065206f6c64d4b7b0a750f1fb7f275d8eac89509fc863adb9138f3907,reflo,0.9999999999984917,High,5000000.0,4999999.999992458,T1027;T1055;T1486,D3-BAC;D3-BDR;D3-FA;D3-PM;D3-SAW;D3-UBA,Backup Access Control;Backup Data Recovery;File Analysis;Platform Monitoring;System Access Workflow;User Behavior Analysis
main_001888,8ca718b18ed92e797abccf3647d38a5a03a9357aa87a874d1abbee97adfe91a4,48ba871983616c0114a082b68f6fd708ed8c5aeec8a67e6e5524e8770c0a3fec,eggnog,0.9999999999542436,High,5000000.0,4999999.999771218,T1027;T1055;T1486,D3-BAC;D3-BDR;D3-FA;D3-PM;D3-SAW;D3-UBA,Backup Access Control;Backup Data Recovery;File Analysis;Platform Monitoring;System Access Workflow;User Behavior Analysis
main_001896,a76d6225a1fc6fa9b94d2396c8b704efa37f0cf275fa1992a8a9571c7e010b08,02f47a65d4fd8d00c4aff12092e2155e9f12df2d089bcb1e28b5d65d0d4d7f0f,wacatac,0.9993298906479048,High,5000000.0,4996649.453239524,T1027;T1055;T1486,D3-BAC;D3-BDR;D3-FA;D3-PM;D3-SAW;D3-UBA,Backup Access Control;Backup Data Recovery;File Analysis;Platform Monitoring;System Access Workflow;User Behavior Analysis
main_001897,397a4f357c96f0e81c1c61657fb6db9f0298f8897c9b6974df78dec9110769ab,99e2d5c6e5fb193a148e06547f5c9bb4e3dd2bc061e9a90592462767e9f80912,disin,0.9999999999973366,High,5000000.0,4999999.999986683,T1027;T1055;T1486,D3-BAC;D3-BDR;D3-FA;D3-PM;D3-SAW;D3-UBA,Backup Access Control;Backup Data Recovery;File Analysis;Platform Monitoring;System Access Workflow;User Behavior Analysis
main_001909,0283cf1da35da6502ede21fe30ce306a7a7b8e0d64efa188b8e9a474a1cadce4,02f47a65d4fd8d00c4aff12092e2155e9f12df2d089bcb1e28b5d65d0d4d7f0f,wacatac,0.9999999999931182,High,5000000.0,4999999.99996559,T1027;T1055;T1486,D3-BAC;D3-BDR;D3-FA;D3-PM;D3-SAW;D3-UBA,Backup Access Control;Backup Data Recovery;File Analysis;Platform Monitoring;System Access Workflow;User Behavior Analysis
main_001911,c6ae877c71bd027f114c2073535a4928e0d26c21f574b0eaea53d02184b2b925,02f47a65d4fd8d00c4aff12092e2155e9f12df2d089bcb1e28b5d65d0d4d7f0f,wacatac,0.9999999999214446,High,5000000.0,4999999.999607223,T1027;T1055;T1486,D3-BAC;D3-BDR;D3-FA;D3-PM;D3-SAW;D3-UBA,Backup Access Control;Backup Data Recovery;File Analysis;Platform Monitoring;System Access Workflow;User Behavior Analysis
main_001915,1f8950e6e56a9fe5d49a93ec9cba260f040c105bfd113d01b3fbb98cabd6384f,ef092d42941fb6af2ca50130b1d7a2fb36f80cc98954c008a5ccc00a2995ab79,scarletflash,0.9999992446355132,High,5000000.0,4999996.223177566,T1027;T1055;T1486,D3-BAC;D3-BDR;D3-FA;D3-PM;D3-SAW;D3-UBA,Backup Access Control;Backup Data Recovery;File Analysis;Platform Monitoring;System Access Workflow;User Behavior Analysis
main_001916,65469f7870a9700dfa4143c3d18b059dce3a9695d958f65e3d16002c4a35f19a,02f47a65d4fd8d00c4aff12092e2155e9f12df2d089bcb1e28b5d65d0d4d7f0f,wacatac,0.9999998346775638,High,5000000.0,4999999.173387819,T1027;T1055;T1486,D3-BAC;D3-BDR;D3-FA;D3-PM;D3-SAW;D3-UBA,Backup Access Control;Backup Data Recovery;File Analysis;Platform Monitoring;System Access Workflow;User Behavior Analysis
main_001918,b829c05ff4f6d2c4b5007467ff31f96923575615701b3fe9fd049e13f4178b2b,acfd227c9e2a637ba527343252a51d6cbf588451f0194210216eeda06e834e95,banload,0.9999999999999996,High,5000000.0,4999999.999999998,T1027;T1055;T1486,D3-BAC;D3-BDR;D3-FA;D3-PM;D3-SAW;D3-UBA,Backup Access Control;Backup Data Recovery;File Analysis;Platform Monitoring;System Access Workflow;User Behavior Analysis
main_001920,12f41c25729125a1d850811cefc9279abe11280a9c6a1a14981e4d4b144279c9,02f47a65d4fd8d00c4aff12092e2155e9f12df2d089bcb1e28b5d65d0d4d7f0f,wacatac,0.99999990260079,High,5000000.0,4999999.51300395,T1027;T1055;T1486,D3-BAC;D3-BDR;D3-FA;D3-PM;D3-SAW;D3-UBA,Backup Access Control;Backup Data Recovery;File Analysis;Platform Monitoring;System Access Workflow;User Behavior Analysis
main_001923,868a57e667031ad6a3f6bdcf40720f1080b1a91f34a236f2df9c906581578b07,02f47a65d4fd8d00c4aff12092e2155e9f12df2d089bcb1e28b5d65d0d4d7f0f,wacatac,0.9999994109948176,High,5000000.0,4999997.054974088,T1027;T1055;T1486,D3-BAC;D3-BDR;D3-FA;D3-PM;D3-SAW;D3-UBA,Backup Access Control;Backup Data Recovery;File Analysis;Platform Monitoring;System Access Workflow;User Behavior Analysis
main_001925,af83d04208098928a212137ce6ecff2224b28dfc9b9511aab65d9ee471d63e99,3bea44f95b17af14e750df7ab567b80b5e9aaaab87c2b4c1204f2269f98af653,disco,0.9999999999961084,High,5000000.0,4999999.999980542,T1027;T1055;T1486,D3-BAC;D3-BDR;D3-FA;D3-PM;D3-SAW;D3-UBA,Backup Access Control;Backup Data Recovery;File Analysis;Platform Monitoring;System Access Workflow;User Behavior Analysis
main_001926,7f3b52f70204d78e85dffa2c4115f4737eaf257f891206851dc92e74892ea886,ef092d42941fb6af2ca50130b1d7a2fb36f80cc98954c008a5ccc00a2995ab79,scarletflash,0.9999999466990096,High,5000000.0,4999999.733495048,T1027;T1055;T1486,D3-BAC;D3-BDR;D3-FA;D3-PM;D3-SAW;D3-UBA,Backup Access Control;Backup Data Recovery;File Analysis;Platform Monitoring;System Access Workflow;User Behavior Analysis
main_001928,4d11cbece32b7e8a6964011e29906ef1213417a1a721ced548c60ab7c8c92ea7,99e2d5c6e5fb193a148e06547f5c9bb4e3dd2bc061e9a90592462767e9f80912,disin,0.9999998112030252,High,5000000.0,4999999.0560151255,T1027;T1055;T1486,D3-BAC;D3-BDR;D3-FA;D3-PM;D3-SAW;D3-UBA,Backup Access Control;Backup Data Recovery;File Analysis;Platform Monitoring;System Access Workflow;User Behavior Analysis
main_001931,d710ad40cde133bf377411efb4176cdd533314056f1b48bf2deee73d55ca8dc7,c8b999ec8614bd108b6640f976e6442afa74ef68f3436b132f6e6dfe4879fcad,grandoreiro,0.999999999987903,High,5000000.0,4999999.999939515,T1027;T1055;T1486,D3-BAC;D3-BDR;D3-FA;D3-PM;D3-SAW;D3-UBA,Backup Access Control;Backup Data Recovery;File Analysis;Platform Monitoring;System Access Workflow;User Behavior Analysis
main_001932,57a27977c463d418a2c266b1b1c6474059eca5f147453c5f460aea35d76eb4ef,ef092d42941fb6af2ca50130b1d7a2fb36f80cc98954c008a5ccc00a2995ab79,scarletflash,0.9999999226097552,High,5000000.0,4999999.613048776,T1027;T1055;T1486,D3-BAC;D3-BDR;D3-FA;D3-PM;D3-SAW;D3-UBA,Backup Access Control;Backup Data Recovery;File Analysis;Platform Monitoring;System Access Workflow;User Behavior Analysis
main_001941,d72f949bcfbfb2b6e384af367762ab7a06fd685bb0d578c4e2a350a94b5bfd80,77862efd76591a786f99d400c0f97633e2bfb2bbd18b09dd6bf33ebe49f40f07,xmrig,0.999999986819377,High,5000000.0,4999999.934096885,T1027;T1055;T1059,D3-AL;D3-CR;D3-FA;D3-PM;D3-SAW;D3-UBA,Application Allowlisting;Command Restriction;File Analysis;Platform Monitoring;System Access Workflow;User Behavior Analysis
main_001942,b3ba2231fd72cb37d1089d891b63febfac548022c309a20fd194c32c7993ea13,02f47a65d4fd8d00c4aff12092e2155e9f12df2d089bcb1e28b5d65d0d4d7f0f,wacatac,0.9999999999999788,High,5000000.0,4999999.999999894,T1027;T1055;T1486,D3-BAC;D3-BDR;D3-FA;D3-PM;D3-SAW;D3-UBA,Backup Access Control;Backup Data Recovery;File Analysis;Platform Monitoring;System Access Workflow;User Behavior Analysis
main_001943,5cfdf288a162e94c70e51c9a307719bf5904d20955c2b28aadc9e40593074734,970ec274ca867815174ebe4eff19282000f9495a6c7254e94991d1fb4dc3df30,luna,0.9999999853003838,High,5000000.0,4999999.926501919,T1027;T1055;T1486,D3-BAC;D3-BDR;D3-FA;D3-PM;D3-SAW;D3-UBA,Backup Access Control;Backup Data Recovery;File Analysis;Platform Monitoring;System Access Workflow;User Behavior Analysis
main_001953,5ad9b057f04b5a05637de53aac484e8b01876c0e6763a2b4b8ab887e58d03fa1,ef092d42941fb6af2ca50130b1d7a2fb36f80cc98954c008a5ccc00a2995ab79,scarletflash,0.9999999969119177,High,5000000.0,4999999.984559588,T1027;T1055;T1486,D3-BAC;D3-BDR;D3-FA;D3-PM;D3-SAW;D3-UBA,Backup Access Control;Backup Data Recovery;File Analysis;Platform Monitoring;System Access Workflow;User Behavior Analysis
main_001954,636f1f2943161942dd4afb5d47afc73c73312edf9f256bcca625d5819aaf4c38,fd5104756137718da71be7bec3f2a88cb3dc4f6df936e61e4bd012cb9108027c,convagent,0.9999999567626487,High,5000000.0,4999999.783813244,T1027;T1055;T1486,D3-BAC;D3-BDR;D3-FA;D3-PM;D3-SAW;D3-UBA,Backup Access Control;Backup Data Recovery;File Analysis;Platform Monitoring;System Access Workflow;User Behavior Analysis
main_001961,97644cf9fc0fd4f6476f3961ea618735fad4a62addd9fca4106f2f4738ca47c8,77862efd76591a786f99d400c0f97633e2bfb2bbd18b09dd6bf33ebe49f40f07,xmrig,0.99999999995964,High,5000000.0,4999999.9997982,T1027;T1055;T1059,D3-AL;D3-CR;D3-FA;D3-PM;D3-SAW;D3-UBA,Application Allowlisting;Command Restriction;File Analysis;Platform Monitoring;System Access Workflow;User Behavior Analysis
main_001963,8b21c3f81e1fc0dbd8eee29b4352494f7430ad5532e5a982ebbf5aa50e66a655,99e2d5c6e5fb193a148e06547f5c9bb4e3dd2bc061e9a90592462767e9f80912,disin,0.999999999992534,High,5000000.0,4999999.99996267,T1027;T1055;T1486,D3-BAC;D3-BDR;D3-FA;D3-PM;D3-SAW;D3-UBA,Backup Access Control;Backup Data Recovery;File Analysis;Platform Monitoring;System Access Workflow;User Behavior Analysis
main_001971,fe65feeca6cd79fcfc3127983ac4f7971d1fc530a5f8613f295a707586a752fa,77862efd76591a786f99d400c0f97633e2bfb2bbd18b09dd6bf33ebe49f40f07,xmrig,0.9999999963652364,High,5000000.0,4999999.981826182,T1027;T1055;T1059,D3-AL;D3-CR;D3-FA;D3-PM;D3-SAW;D3-UBA,Application Allowlisting;Command Restriction;File Analysis;Platform Monitoring;System Access Workflow;User Behavior Analysis
main_001973,21ff16bad49c4f8a421de334b97e8074934b7dcc53621361fc4b288e56f60a6c,99e2d5c6e5fb193a148e06547f5c9bb4e3dd2bc061e9a90592462767e9f80912,disin,0.999999999997964,High,5000000.0,4999999.99998982,T1027;T1055;T1486,D3-BAC;D3-BDR;D3-FA;D3-PM;D3-SAW;D3-UBA,Backup Access Control;Backup Data Recovery;File Analysis;Platform Monitoring;System Access Workflow;User Behavior Analysis
main_001975,63d76100583cf424c908e50e71c1341df7a6cb7e39f5ea5bc4fe53320f1353f0,99e2d5c6e5fb193a148e06547f5c9bb4e3dd2bc061e9a90592462767e9f80912,disin,0.9999999999976812,High,5000000.0,4999999.999988406,T1027;T1055;T1486,D3-BAC;D3-BDR;D3-FA;D3-PM;D3-SAW;D3-UBA,Backup Access Control;Backup Data Recovery;File Analysis;Platform Monitoring;System Access Workflow;User Behavior Analysis
main_001982,1aafae04a5ef9b64f72fb03a0b667985ed0c6f0b3b6498729b2de9d3790bf541,c8b999ec8614bd108b6640f976e6442afa74ef68f3436b132f6e6dfe4879fcad,grandoreiro,0.9999999999980916,High,5000000.0,4999999.999990459,T1027;T1055;T1486,D3-BAC;D3-BDR;D3-FA;D3-PM;D3-SAW;D3-UBA,Backup Access Control;Backup Data Recovery;File Analysis;Platform Monitoring;System Access Workflow;User Behavior Analysis
main_001983,d2d34a0b0c1547a78db22eff9267e67228b9f910ec126074b777afab94988da1,187f622dc0da983d25da3df0e452808a96dd8c64c24aace69bc339cfe47a165d,expiro,0.9953507850790052,High,5000000.0,4976753.925395026,T1027;T1055;T1486,D3-BAC;D3-BDR;D3-FA;D3-PM;D3-SAW;D3-UBA,Backup Access Control;Backup Data Recovery;File Analysis;Platform Monitoring;System Access Workflow;User Behavior Analysis
main_001984,5af8aaccbd20be6d53625b0d65b074d07310c2e7ca6670a930725964020e3b00,c8b999ec8614bd108b6640f976e6442afa74ef68f3436b132f6e6dfe4879fcad,grandoreiro,0.9999999999992856,High,5000000.0,4999999.999996427,T1027;T1055;T1486,D3-BAC;D3-BDR;D3-FA;D3-PM;D3-SAW;D3-UBA,Backup Access Control;Backup Data Recovery;File Analysis;Platform Monitoring;System Access Workflow;User Behavior Analysis
main_001985,462cd116db497a80bbae5937ee612686c7bde5eef27018e87b56ae6d3cc58c26,970ec274ca867815174ebe4eff19282000f9495a6c7254e94991d1fb4dc3df30,luna,0.9999999999996724,High,5000000.0,4999999.999998362,T1027;T1055;T1486,D3-BAC;D3-BDR;D3-FA;D3-PM;D3-SAW;D3-UBA,Backup Access Control;Backup Data Recovery;File Analysis;Platform Monitoring;System Access Workflow;User Behavior Analysis
main_001997,119b3a1488b17717b9f91690b14b416c534a11df244abc5240010f0353a5dfe7,02f47a65d4fd8d00c4aff12092e2155e9f12df2d089bcb1e28b5d65d0d4d7f0f,wacatac,0.999999999999879,High,5000000.0,4999999.999999395,T1027;T1055;T1486,D3-BAC;D3-BDR;D3-FA;D3-PM;D3-SAW;D3-UBA,Backup Access Control;Backup Data Recovery;File Analysis;Platform Monitoring;System Access Workflow;User Behavior Analysis
main_001998,6477af957c39e16b6f5b95ea1865a7a842f1297af29f643e6cb54d95b82cddc3,02f47a65d4fd8d00c4aff12092e2155e9f12df2d089bcb1e28b5d65d0d4d7f0f,wacatac,0.9999999992787304,High,5000000.0,4999999.996393652,T1027;T1055;T1486,D3-BAC;D3-BDR;D3-FA;D3-PM;D3-SAW;D3-UBA,Backup Access Control;Backup Data Recovery;File Analysis;Platform Monitoring;System Access Workflow;User Behavior Analysis
main_002019,9dd28cc1d0ccf292c17d488248d381602ddd34007fdf8130014ba6a5785d9ca3,02f47a65d4fd8d00c4aff12092e2155e9f12df2d089bcb1e28b5d65d0d4d7f0f,wacatac,0.999731903489989,High,5000000.0,4998659.517449945,T1027;T1055;T1486,D3-BAC;D3-BDR;D3-FA;D3-PM;D3-SAW;D3-UBA,Backup Access Control;Backup Data Recovery;File Analysis;Platform Monitoring;System Access Workflow;User Behavior Analysis
main_002025,74b0fde444bf02dab8c5fdf728ac3b6ed54ffa61b11a3e73df61aab48fba37f4,187f622dc0da983d25da3df0e452808a96dd8c64c24aace69bc339cfe47a165d,expiro,0.999999999999873,High,5000000.0,4999999.999999365,T1027;T1055;T1486,D3-BAC;D3-BDR;D3-FA;D3-PM;D3-SAW;D3-UBA,Backup Access Control;Backup Data Recovery;File Analysis;Platform Monitoring;System Access Workflow;User Behavior Analysis
main_002027,f44f90bea0e42874a591913145c549aebcff1263ce94bc772dec26163cc91bf0,02f47a65d4fd8d00c4aff12092e2155e9f12df2d089bcb1e28b5d65d0d4d7f0f,wacatac,0.9999999706530678,High,5000000.0,4999999.853265339,T1027;T1055;T1486,D3-BAC;D3-BDR;D3-FA;D3-PM;D3-SAW;D3-UBA,Backup Access Control;Backup Data Recovery;File Analysis;Platform Monitoring;System Access Workflow;User Behavior Analysis
main_002028,039de6f8b566ac21aefcd60f10e71f01b02939e97abab74f487642a44766f31e,99e2d5c6e5fb193a148e06547f5c9bb4e3dd2bc061e9a90592462767e9f80912,disin,0.9999999999970705,High,5000000.0,4999999.999985352,T1027;T1055;T1486,D3-BAC;D3-BDR;D3-FA;D3-PM;D3-SAW;D3-UBA,Backup Access Control;Backup Data Recovery;File Analysis;Platform Monitoring;System Access Workflow;User Behavior Analysis
main_002032,b09f89bc55507777d83dee88f7a676f869fe1ff8a509c8278e6e25f2aba9e2bc,187f622dc0da983d25da3df0e452808a96dd8c64c24aace69bc339cfe47a165d,expiro,0.9999999999999888,High,5000000.0,4999999.999999944,T1027;T1055;T1486,D3-BAC;D3-BDR;D3-FA;D3-PM;D3-SAW;D3-UBA,Backup Access Control;Backup Data Recovery;File Analysis;Platform Monitoring;System Access Workflow;User Behavior Analysis
main_002033,2c73afe27b2d0d27f62adf6ce7c35a4c9b28730e6b1db83b08fbd057c35dae6f,77862efd76591a786f99d400c0f97633e2bfb2bbd18b09dd6bf33ebe49f40f07,xmrig,1.0,High,5000000.0,5000000.0,T1027;T1055;T1059,D3-AL;D3-CR;D3-FA;D3-PM;D3-SAW;D3-UBA,Application Allowlisting;Command Restriction;File Analysis;Platform Monitoring;System Access Workflow;User Behavior Analysis
main_002034,9c8e7740eb8f066a3811d2da114953d2472db0d4716b9024666b2bbf16a1ead4,77862efd76591a786f99d400c0f97633e2bfb2bbd18b09dd6bf33ebe49f40f07,xmrig,0.9999999999999972,High,5000000.0,4999999.999999986,T1027;T1055;T1059,D3-AL;D3-CR;D3-FA;D3-PM;D3-SAW;D3-UBA,Application Allowlisting;Command Restriction;File Analysis;Platform Monitoring;System Access Workflow;User Behavior Analysis
main_002035,06e56cea37df642368025e8d91d63fef76c326c39001b176ceba2d626e67ab70,77862efd76591a786f99d400c0f97633e2bfb2bbd18b09dd6bf33ebe49f40f07,xmrig,1.0,High,5000000.0,5000000.0,T1027;T1055;T1059,D3-AL;D3-CR;D3-FA;D3-PM;D3-SAW;D3-UBA,Application Allowlisting;Command Restriction;File Analysis;Platform Monitoring;System Access Workflow;User Behavior Analysis
main_002036,933967a4bb04b803674f6f2454895f2519dc193d929c902bac910b75b1ea0874,77862efd76591a786f99d400c0f97633e2bfb2bbd18b09dd6bf33ebe49f40f07,xmrig,1.0,High,5000000.0,5000000.0,T1027;T1055;T1059,D3-AL;D3-CR;D3-FA;D3-PM;D3-SAW;D3-UBA,Application Allowlisting;Command Restriction;File Analysis;Platform Monitoring;System Access Workflow;User Behavior Analysis
main_002037,e89b708191a355e15260c1b421f3e7c3c6e500215bfc2f57613e8dc496499cc1,77862efd76591a786f99d400c0f97633e2bfb2bbd18b09dd6bf33ebe49f40f07,xmrig,1.0,High,5000000.0,5000000.0,T1027;T1055;T1059,D3-AL;D3-CR;D3-FA;D3-PM;D3-SAW;D3-UBA,Application Allowlisting;Command Restriction;File Analysis;Platform Monitoring;System Access Workflow;User Behavior Analysis
main_002038,e7628a3f8ce2d0e222bf25bb44dcb56b2ba15006541340ecd18b75c8de0627c8,77862efd76591a786f99d400c0f97633e2bfb2bbd18b09dd6bf33ebe49f40f07,xmrig,1.0,High,5000000.0,5000000.0,T1027;T1055;T1059,D3-AL;D3-CR;D3-FA;D3-PM;D3-SAW;D3-UBA,Application Allowlisting;Command Restriction;File Analysis;Platform Monitoring;System Access Workflow;User Behavior Analysis
main_002040,6198b87cf37421474db1912f090bfdc5bfe76fc8d833fa950feae58cab68d99d,02f47a65d4fd8d00c4aff12092e2155e9f12df2d089bcb1e28b5d65d0d4d7f0f,wacatac,0.9999999990271168,High,5000000.0,4999999.995135584,T1027;T1055;T1486,D3-BAC;D3-BDR;D3-FA;D3-PM;D3-SAW;D3-UBA,Backup Access Control;Backup Data Recovery;File Analysis;Platform Monitoring;System Access Workflow;User Behavior Analysis
main_002042,42c8155fea861f26569b966c975e3f3f0d1219782b165002017dfc88801e09c0,acfd227c9e2a637ba527343252a51d6cbf588451f0194210216eeda06e834e95,banload,0.9999939962092456,High,5000000.0,4999969.981046228,T1027;T1055;T1486,D3-BAC;D3-BDR;D3-FA;D3-PM;D3-SAW;D3-UBA,Backup Access Control;Backup Data Recovery;File Analysis;Platform Monitoring;System Access Workflow;User Behavior Analysis
main_002043,914c82cb6fd869bbcc08ddd34b7b68ae5410fb03f07af843fc09135658c958f0,b83ef675cc28b5b0387916e29e9ced4ef6c6d6ea4fcffdbc3b3b086e80167fce,berbew,0.9999999999999956,High,5000000.0,4999999.999999978,T1027;T1055;T1486,D3-BAC;D3-BDR;D3-FA;D3-PM;D3-SAW;D3-UBA,Backup Access Control;Backup Data Recovery;File Analysis;Platform Monitoring;System Access Workflow;User Behavior Analysis
main_002044,461226049719f50f5443fa53819287cd647167f2340d8ef02b1554cc75501a73,187f622dc0da983d25da3df0e452808a96dd8c64c24aace69bc339cfe47a165d,expiro,0.9999999999999936,High,5000000.0,4999999.999999967,T1027;T1055;T1486,D3-BAC;D3-BDR;D3-FA;D3-PM;D3-SAW;D3-UBA,Backup Access Control;Backup Data Recovery;File Analysis;Platform Monitoring;System Access Workflow;User Behavior Analysis
main_002045,d99685428eddf4f2d2f01f613d3086d671c1bd773d102eb06a878246b564d007,77862efd76591a786f99d400c0f97633e2bfb2bbd18b09dd6bf33ebe49f40f07,xmrig,1.0,High,5000000.0,5000000.0,T1027;T1055;T1059,D3-AL;D3-CR;D3-FA;D3-PM;D3-SAW;D3-UBA,Application Allowlisting;Command Restriction;File Analysis;Platform Monitoring;System Access Workflow;User Behavior Analysis
main_002046,1af7a318ba06a13170bc100eb1d9fe26298a45a48d97b4b9edbcfe427cfc1b77,ef092d42941fb6af2ca50130b1d7a2fb36f80cc98954c008a5ccc00a2995ab79,scarletflash,0.9999999999079884,High,5000000.0,4999999.999539942,T1027;T1055;T1486,D3-BAC;D3-BDR;D3-FA;D3-PM;D3-SAW;D3-UBA,Backup Access Control;Backup Data Recovery;File Analysis;Platform Monitoring;System Access Workflow;User Behavior Analysis
main_002047,9a0c8fa6ff8db9f209bdad5d0eb40bf62afc92d8617f906a386eb91e8cdda60e,99e2d5c6e5fb193a148e06547f5c9bb4e3dd2bc061e9a90592462767e9f80912,disin,0.9999999999999056,High,5000000.0,4999999.999999528,T1027;T1055;T1486,D3-BAC;D3-BDR;D3-FA;D3-PM;D3-SAW;D3-UBA,Backup Access Control;Backup Data Recovery;File Analysis;Platform Monitoring;System Access Workflow;User Behavior Analysis
main_002048,0a8a2fca3140708e4bb35639e208b35f27cf3021ced71534ca2724851136b438,187f622dc0da983d25da3df0e452808a96dd8c64c24aace69bc339cfe47a165d,expiro,0.9999999994566996,High,5000000.0,4999999.997283498,T1027;T1055;T1486,D3-BAC;D3-BDR;D3-FA;D3-PM;D3-SAW;D3-UBA,Backup Access Control;Backup Data Recovery;File Analysis;Platform Monitoring;System Access Workflow;User Behavior Analysis
main_002049,1b75f7e6e77f3b80ecb065f20825c612b86ed8e142aeb7b7e5e6052343b82b68,77862efd76591a786f99d400c0f97633e2bfb2bbd18b09dd6bf33ebe49f40f07,xmrig,1.0,High,5000000.0,5000000.0,T1027;T1055;T1059,D3-AL;D3-CR;D3-FA;D3-PM;D3-SAW;D3-UBA,Application Allowlisting;Command Restriction;File Analysis;Platform Monitoring;System Access Workflow;User Behavior Analysis
main_002052,8672483d5cb521224fad2298fe60b6507596f4a237465420cf53f177a8539cad,77862efd76591a786f99d400c0f97633e2bfb2bbd18b09dd6bf33ebe49f40f07,xmrig,1.0,High,5000000.0,5000000.0,T1027;T1055;T1059,D3-AL;D3-CR;D3-FA;D3-PM;D3-SAW;D3-UBA,Application Allowlisting;Command Restriction;File Analysis;Platform Monitoring;System Access Workflow;User Behavior Analysis
main_002053,9c553ce37e72d148966a282e45b4315276d4ecf92cc86504a19558a92a4a4cff,41e5cac4298e131e87215f8f3e62b154d2629cb3f77817234864d2ea1b4884ed,shelm,0.9999947767506472,High,5000000.0,4999973.883753236,T1027;T1055;T1486,D3-BAC;D3-BDR;D3-FA;D3-PM;D3-SAW;D3-UBA,Backup Access Control;Backup Data Recovery;File Analysis;Platform Monitoring;System Access Workflow;User Behavior Analysis
main_002054,915714007dccf8b083d2aef976abe5cbfd356058ac5b3d8a7c70705ac4763044,b83ef675cc28b5b0387916e29e9ced4ef6c6d6ea4fcffdbc3b3b086e80167fce,berbew,0.9999999987816022,High,5000000.0,4999999.99390801,T1027;T1055;T1486,D3-BAC;D3-BDR;D3-FA;D3-PM;D3-SAW;D3-UBA,Backup Access Control;Backup Data Recovery;File Analysis;Platform Monitoring;System Access Workflow;User Behavior Analysis
main_002055,7cc7f8de68973f852ac38e3d03aa3e3a013dcfd4ba60dd41ae08b6787180564c,77862efd76591a786f99d400c0f97633e2bfb2bbd18b09dd6bf33ebe49f40f07,xmrig,1.0,High,5000000.0,5000000.0,T1027;T1055;T1059,D3-AL;D3-CR;D3-FA;D3-PM;D3-SAW;D3-UBA,Application Allowlisting;Command Restriction;File Analysis;Platform Monitoring;System Access Workflow;User Behavior Analysis
main_002056,bae18d3f83807cca53563dec68c2db49ee046fc711eb13eb35c5bd2b5754a974,77862efd76591a786f99d400c0f97633e2bfb2bbd18b09dd6bf33ebe49f40f07,xmrig,0.9999999999999992,High,5000000.0,4999999.999999996,T1027;T1055;T1059,D3-AL;D3-CR;D3-FA;D3-PM;D3-SAW;D3-UBA,Application Allowlisting;Command Restriction;File Analysis;Platform Monitoring;System Access Workflow;User Behavior Analysis
main_002076,3ba713188d6aa6510ab28e5b1d486b7b7923ee6243becc11cbad658c7d28f30d,77862efd76591a786f99d400c0f97633e2bfb2bbd18b09dd6bf33ebe49f40f07,xmrig,0.9999912553598016,High,5000000.0,4999956.276799008,T1027;T1055;T1059,D3-AL;D3-CR;D3-FA;D3-PM;D3-SAW;D3-UBA,Application Allowlisting;Command Restriction;File Analysis;Platform Monitoring;System Access Workflow;User Behavior Analysis
main_002077,6f7f75d7b197b6c521f7cbba8becdcad3a134f760838454b7f08f74e4684218c,b6528b8d460196d24590fc256e3028ded67955d79af712031bd30023ffecfc08,mufila,0.9999999492007816,High,5000000.0,4999999.746003908,T1027;T1055;T1486,D3-BAC;D3-BDR;D3-FA;D3-PM;D3-SAW;D3-UBA,Backup Access Control;Backup Data Recovery;File Analysis;Platform Monitoring;System Access Workflow;User Behavior Analysis
main_002078,31df99002999b76c76c7ca03843dd8ebd004c3b13fc396584096552db704a05d,acfd227c9e2a637ba527343252a51d6cbf588451f0194210216eeda06e834e95,banload,0.9999999999999996,High,5000000.0,4999999.999999998,T1027;T1055;T1486,D3-BAC;D3-BDR;D3-FA;D3-PM;D3-SAW;D3-UBA,Backup Access Control;Backup Data Recovery;File Analysis;Platform Monitoring;System Access Workflow;User Behavior Analysis
main_002079,0f42aa52eeb7c578f16033584db74e1aae81cb25272121c920d27bc27486a562,187f622dc0da983d25da3df0e452808a96dd8c64c24aace69bc339cfe47a165d,expiro,0.999999999999988,High,5000000.0,4999999.99999994,T1027;T1055;T1486,D3-BAC;D3-BDR;D3-FA;D3-PM;D3-SAW;D3-UBA,Backup Access Control;Backup Data Recovery;File Analysis;Platform Monitoring;System Access Workflow;User Behavior Analysis
main_002080,509355bd6a30a13a6babc898ccb81da696db7f295478f5de9ae9bc6368a434a8,77862efd76591a786f99d400c0f97633e2bfb2bbd18b09dd6bf33ebe49f40f07,xmrig,1.0,High,5000000.0,5000000.0,T1027;T1055;T1059,D3-AL;D3-CR;D3-FA;D3-PM;D3-SAW;D3-UBA,Application Allowlisting;Command Restriction;File Analysis;Platform Monitoring;System Access Workflow;User Behavior Analysis
main_002082,c59ed891385063e061a342ad8ede4cc690b70500b05dfdab110ceae2df2f10cc,77862efd76591a786f99d400c0f97633e2bfb2bbd18b09dd6bf33ebe49f40f07,xmrig,1.0,High,5000000.0,5000000.0,T1027;T1055;T1059,D3-AL;D3-CR;D3-FA;D3-PM;D3-SAW;D3-UBA,Application Allowlisting;Command Restriction;File Analysis;Platform Monitoring;System Access Workflow;User Behavior Analysis
main_002085,52b4ac6b39cb96c97e9ae28faceba49b88b654bfcca043888869c1dd414ce5c9,187f622dc0da983d25da3df0e452808a96dd8c64c24aace69bc339cfe47a165d,expiro,0.9999999999999232,High,5000000.0,4999999.999999616,T1027;T1055;T1486,D3-BAC;D3-BDR;D3-FA;D3-PM;D3-SAW;D3-UBA,Backup Access Control;Backup Data Recovery;File Analysis;Platform Monitoring;System Access Workflow;User Behavior Analysis
main_002086,c555258cc59b20310ea37126f2fc8db9a673f06def3ff711875d53727834a823,77862efd76591a786f99d400c0f97633e2bfb2bbd18b09dd6bf33ebe49f40f07,xmrig,1.0,High,5000000.0,5000000.0,T1027;T1055;T1059,D3-AL;D3-CR;D3-FA;D3-PM;D3-SAW;D3-UBA,Application Allowlisting;Command Restriction;File Analysis;Platform Monitoring;System Access Workflow;User Behavior Analysis
main_002089,73e49a806a572e269087806b5c7fcf37f00da418d1202d3731d926bbbd24e28e,187f622dc0da983d25da3df0e452808a96dd8c64c24aace69bc339cfe47a165d,expiro,0.9999999999998967,High,5000000.0,4999999.999999484,T1027;T1055;T1486,D3-BAC;D3-BDR;D3-FA;D3-PM;D3-SAW;D3-UBA,Backup Access Control;Backup Data Recovery;File Analysis;Platform Monitoring;System Access Workflow;User Behavior Analysis
main_002090,cafcc2e5986369c8356562189d718e7cda4473e832bceb7eee73c06adec932de,72d49f51276bfe8a48b1770f0858af6a307fe180b60efcedd44bcf86ec251706,flystudio,0.999999999957655,High,5000000.0,4999999.999788275,T1027;T1055;T1486,D3-BAC;D3-BDR;D3-FA;D3-PM;D3-SAW;D3-UBA,Backup Access Control;Backup Data Recovery;File Analysis;Platform Monitoring;System Access Workflow;User Behavior Analysis
main_002091,919fe01066b0bf122146f76c5c21d398cc1484783518d02e974ad6561db7f332,c8b999ec8614bd108b6640f976e6442afa74ef68f3436b132f6e6dfe4879fcad,grandoreiro,0.9999999999615824,High,5000000.0,4999999.999807912,T1027;T1055;T1486,D3-BAC;D3-BDR;D3-FA;D3-PM;D3-SAW;D3-UBA,Backup Access Control;Backup Data Recovery;File Analysis;Platform Monitoring;System Access Workflow;User Behavior Analysis
main_002092,e8668fbcd27bba048634b2a5f2706f4b8f12bfe2b75f3dbfbf962cb6a4ca0258,77862efd76591a786f99d400c0f97633e2bfb2bbd18b09dd6bf33ebe49f40f07,xmrig,1.0,High,5000000.0,5000000.0,T1027;T1055;T1059,D3-AL;D3-CR;D3-FA;D3-PM;D3-SAW;D3-UBA,Application Allowlisting;Command Restriction;File Analysis;Platform Monitoring;System Access Workflow;User Behavior Analysis
main_002093,d3da6b2e3a57d4c77155a75551d3eaef63ebe966d24576198060afaea45c6bc0,02f47a65d4fd8d00c4aff12092e2155e9f12df2d089bcb1e28b5d65d0d4d7f0f,wacatac,0.9999999542485144,High,5000000.0,4999999.771242572,T1027;T1055;T1486,D3-BAC;D3-BDR;D3-FA;D3-PM;D3-SAW;D3-UBA,Backup Access Control;Backup Data Recovery;File Analysis;Platform Monitoring;System Access Workflow;User Behavior Analysis
main_002097,4751f80403c6d203fff3130de7d384ed71596350481e7fe5bc70477ea3556339,187f622dc0da983d25da3df0e452808a96dd8c64c24aace69bc339cfe47a165d,expiro,0.9999999999999628,High,5000000.0,4999999.999999814,T1027;T1055;T1486,D3-BAC;D3-BDR;D3-FA;D3-PM;D3-SAW;D3-UBA,Backup Access Control;Backup Data Recovery;File Analysis;Platform Monitoring;System Access Workflow;User Behavior Analysis
main_002100,f72ebb2235c84a57dd0fc364c28ce34f780449026ddfcfc59bbd26532e221dfd,d6ad9dee27cfd2b3df63896bd02ab0d74cc6eb52960103dc5686f77c43122dae,emdup,0.9999999998798256,High,5000000.0,4999999.999399127,T1027;T1055;T1486,D3-BAC;D3-BDR;D3-FA;D3-PM;D3-SAW;D3-UBA,Backup Access Control;Backup Data Recovery;File Analysis;Platform Monitoring;System Access Workflow;User Behavior Analysis
main_002101,bb0626dfb14e142c1f72ee9da038b7aadbe327fabf8dc50bb76099dcd1babb74,99e2d5c6e5fb193a148e06547f5c9bb4e3dd2bc061e9a90592462767e9f80912,disin,0.9999999999888932,High,5000000.0,4999999.999944466,T1027;T1055;T1486,D3-BAC;D3-BDR;D3-FA;D3-PM;D3-SAW;D3-UBA,Backup Access Control;Backup Data Recovery;File Analysis;Platform Monitoring;System Access Workflow;User Behavior Analysis
main_002104,2068b172f3cfc9fbcfbfc57f2d3e1f584a7cff4190799f465de6aec20b30af25,77862efd76591a786f99d400c0f97633e2bfb2bbd18b09dd6bf33ebe49f40f07,xmrig,1.0,High,5000000.0,5000000.0,T1027;T1055;T1059,D3-AL;D3-CR;D3-FA;D3-PM;D3-SAW;D3-UBA,Application Allowlisting;Command Restriction;File Analysis;Platform Monitoring;System Access Workflow;User Behavior Analysis
main_002106,eeea0a182f03fc25183e197043bcf920acbcfaab3e9dedfc44b1419c2bae3c92,187f622dc0da983d25da3df0e452808a96dd8c64c24aace69bc339cfe47a165d,expiro,0.999999999999972,High,5000000.0,4999999.99999986,T1027;T1055;T1486,D3-BAC;D3-BDR;D3-FA;D3-PM;D3-SAW;D3-UBA,Backup Access Control;Backup Data Recovery;File Analysis;Platform Monitoring;System Access Workflow;User Behavior Analysis
main_002108,5eb518deeb39453098e2d38a9a4a0d3ade313a52a62782b159b363660648aa66,99e2d5c6e5fb193a148e06547f5c9bb4e3dd2bc061e9a90592462767e9f80912,disin,0.9999999999999698,High,5000000.0,4999999.999999849,T1027;T1055;T1486,D3-BAC;D3-BDR;D3-FA;D3-PM;D3-SAW;D3-UBA,Backup Access Control;Backup Data Recovery;File Analysis;Platform Monitoring;System Access Workflow;User Behavior Analysis
main_002109,a6cbf1d5d8d3b067912a6c570ad1c5b63333a9a1a31de28c067f618ca6eb8daa,77862efd76591a786f99d400c0f97633e2bfb2bbd18b09dd6bf33ebe49f40f07,xmrig,1.0,High,5000000.0,5000000.0,T1027;T1055;T1059,D3-AL;D3-CR;D3-FA;D3-PM;D3-SAW;D3-UBA,Application Allowlisting;Command Restriction;File Analysis;Platform Monitoring;System Access Workflow;User Behavior Analysis
main_002118,d137e8c4155774e79e665d37966d75188680970c862b9ac2b45bd5a80d8aa2bc,77862efd76591a786f99d400c0f97633e2bfb2bbd18b09dd6bf33ebe49f40f07,xmrig,0.99999999999765,High,5000000.0,4999999.9999882495,T1027;T1055;T1059,D3-AL;D3-CR;D3-FA;D3-PM;D3-SAW;D3-UBA,Application Allowlisting;Command Restriction;File Analysis;Platform Monitoring;System Access Workflow;User Behavior Analysis
main_002120,28b017cd1cb3ffec7f6cd710a7e73b4a807c8db24ccc93c553c049604b0baf2d,c9e58d481ca76ea25d4579ea39056b5f5e3a5c25648274f9dcd1b6c533284d52,upatre,0.9999999999945705,High,5000000.0,4999999.999972852,T1027;T1055;T1486,D3-BAC;D3-BDR;D3-FA;D3-PM;D3-SAW;D3-UBA,Backup Access Control;Backup Data Recovery;File Analysis;Platform Monitoring;System Access Workflow;User Behavior Analysis
main_002121,2496c5b201038a34330e1395403be3690dc4a0d665b817b7dd0f258f369a915c,77862efd76591a786f99d400c0f97633e2bfb2bbd18b09dd6bf33ebe49f40f07,xmrig,1.0,High,5000000.0,5000000.0,T1027;T1055;T1059,D3-AL;D3-CR;D3-FA;D3-PM;D3-SAW;D3-UBA,Application Allowlisting;Command Restriction;File Analysis;Platform Monitoring;System Access Workflow;User Behavior Analysis
main_002122,bed4fcaf9ce4f661d9b73172fc1b8fcba1bce005087e0be599d02686ff56770a,77862efd76591a786f99d400c0f97633e2bfb2bbd18b09dd6bf33ebe49f40f07,xmrig,1.0,High,5000000.0,5000000.0,T1027;T1055;T1059,D3-AL;D3-CR;D3-FA;D3-PM;D3-SAW;D3-UBA,Application Allowlisting;Command Restriction;File Analysis;Platform Monitoring;System Access Workflow;User Behavior Analysis
main_002124,1ff247bc162b065a359ffa75766afa4ae0da5e8871207320b371bbf4dd56587e,99e2d5c6e5fb193a148e06547f5c9bb4e3dd2bc061e9a90592462767e9f80912,disin,0.9999999999949722,High,5000000.0,4999999.999974861,T1027;T1055;T1486,D3-BAC;D3-BDR;D3-FA;D3-PM;D3-SAW;D3-UBA,Backup Access Control;Backup Data Recovery;File Analysis;Platform Monitoring;System Access Workflow;User Behavior Analysis
main_002126,5b81422627bcd9bfca19e97aff64a9196908ef2e15e43fb9fcba0226897e333f,b6528b8d460196d24590fc256e3028ded67955d79af712031bd30023ffecfc08,mufila,0.9999999974922922,High,5000000.0,4999999.987461461,T1027;T1055;T1486,D3-BAC;D3-BDR;D3-FA;D3-PM;D3-SAW;D3-UBA,Backup Access Control;Backup Data Recovery;File Analysis;Platform Monitoring;System Access Workflow;User Behavior Analysis
main_002127,74be6211224c0ad616ba4bd7f9200c0b334acc9387e6f2e5aaf519aff4927680,02f47a65d4fd8d00c4aff12092e2155e9f12df2d089bcb1e28b5d65d0d4d7f0f,wacatac,0.9999999989960536,High,5000000.0,4999999.994980268,T1027;T1055;T1486,D3-BAC;D3-BDR;D3-FA;D3-PM;D3-SAW;D3-UBA,Backup Access Control;Backup Data Recovery;File Analysis;Platform Monitoring;System Access Workflow;User Behavior Analysis
main_002128,cccace3b67bfea2e92da326dcb6df50da1982184d7e8d86f734e1a8789a3f257,77862efd76591a786f99d400c0f97633e2bfb2bbd18b09dd6bf33ebe49f40f07,xmrig,0.9999999999999998,High,5000000.0,4999999.999999999,T1027;T1055;T1059,D3-AL;D3-CR;D3-FA;D3-PM;D3-SAW;D3-UBA,Application Allowlisting;Command Restriction;File Analysis;Platform Monitoring;System Access Workflow;User Behavior Analysis
main_002130,4a2f651726e8e9711e239568f0217ccf5e84cea3ebaa6eed124e93665778d577,77862efd76591a786f99d400c0f97633e2bfb2bbd18b09dd6bf33ebe49f40f07,xmrig,1.0,High,5000000.0,5000000.0,T1027;T1055;T1059,D3-AL;D3-CR;D3-FA;D3-PM;D3-SAW;D3-UBA,Application Allowlisting;Command Restriction;File Analysis;Platform Monitoring;System Access Workflow;User Behavior Analysis
main_002143,f8f879fec6b164e85e7e6ed8258711d89370c0a3ccf63e5bf73b34142e8fd490,02f47a65d4fd8d00c4aff12092e2155e9f12df2d089bcb1e28b5d65d0d4d7f0f,wacatac,0.9999999999939132,High,5000000.0,4999999.999969566,T1027;T1055;T1486,D3-BAC;D3-BDR;D3-FA;D3-PM;D3-SAW;D3-UBA,Backup Access Control;Backup Data Recovery;File Analysis;Platform Monitoring;System Access Workflow;User Behavior Analysis
main_002144,f596078c075c9f35cf5d1578b48935237c8126ca7c806494bddfc7572a40f001,77862efd76591a786f99d400c0f97633e2bfb2bbd18b09dd6bf33ebe49f40f07,xmrig,1.0,High,5000000.0,5000000.0,T1027;T1055;T1059,D3-AL;D3-CR;D3-FA;D3-PM;D3-SAW;D3-UBA,Application Allowlisting;Command Restriction;File Analysis;Platform Monitoring;System Access Workflow;User Behavior Analysis
main_002146,5d595ee98dfbb00784f70aa24b5aabe8a04c221030251dad8883a16867c09bea,77862efd76591a786f99d400c0f97633e2bfb2bbd18b09dd6bf33ebe49f40f07,xmrig,1.0,High,5000000.0,5000000.0,T1027;T1055;T1059,D3-AL;D3-CR;D3-FA;D3-PM;D3-SAW;D3-UBA,Application Allowlisting;Command Restriction;File Analysis;Platform Monitoring;System Access Workflow;User Behavior Analysis
main_002152,6b680e859c36f0d72bd567f44a8274df9845c2000e1f55c6be9179ad23f84da0,77862efd76591a786f99d400c0f97633e2bfb2bbd18b09dd6bf33ebe49f40f07,xmrig,1.0,High,5000000.0,5000000.0,T1027;T1055;T1059,D3-AL;D3-CR;D3-FA;D3-PM;D3-SAW;D3-UBA,Application Allowlisting;Command Restriction;File Analysis;Platform Monitoring;System Access Workflow;User Behavior Analysis
main_002153,b086512ebf08f42dfb874be14ef967a324dfed0fc7d4cf404cb2b18e152e2e49,2e0b3672ad6c00be6ba5efa6c5277b5b0b77a8b3e61fc7b8f3a52b0bd2e31cd6,beebone,0.9999999964298064,High,5000000.0,4999999.982149032,T1027;T1055;T1486,D3-BAC;D3-BDR;D3-FA;D3-PM;D3-SAW;D3-UBA,Backup Access Control;Backup Data Recovery;File Analysis;Platform Monitoring;System Access Workflow;User Behavior Analysis
main_002154,37051d420794a9e304d06e3ba9a211f71bddd4399fe2f27299955e72d5c26381,77862efd76591a786f99d400c0f97633e2bfb2bbd18b09dd6bf33ebe49f40f07,xmrig,1.0,High,5000000.0,5000000.0,T1027;T1055;T1059,D3-AL;D3-CR;D3-FA;D3-PM;D3-SAW;D3-UBA,Application Allowlisting;Command Restriction;File Analysis;Platform Monitoring;System Access Workflow;User Behavior Analysis
main_002155,322800be8ba8b6d27bda93739d020b21fb37a8d6321bcea2b220474d113e730c,77862efd76591a786f99d400c0f97633e2bfb2bbd18b09dd6bf33ebe49f40f07,xmrig,1.0,High,5000000.0,5000000.0,T1027;T1055;T1059,D3-AL;D3-CR;D3-FA;D3-PM;D3-SAW;D3-UBA,Application Allowlisting;Command Restriction;File Analysis;Platform Monitoring;System Access Workflow;User Behavior Analysis
main_002156,3fd3e2f9887a1a5b82023421acae52fd30254f8e027f56beb4fe8744a6c68ad7,b83ef675cc28b5b0387916e29e9ced4ef6c6d6ea4fcffdbc3b3b086e80167fce,berbew,0.9999999999995453,High,5000000.0,4999999.999997727,T1027;T1055;T1486,D3-BAC;D3-BDR;D3-FA;D3-PM;D3-SAW;D3-UBA,Backup Access Control;Backup Data Recovery;File Analysis;Platform Monitoring;System Access Workflow;User Behavior Analysis
main_002157,0c53b29860a9f7e2c4cb37e412c1706581ede8ad8a15cde1f50b9499df3a4ff9,187f622dc0da983d25da3df0e452808a96dd8c64c24aace69bc339cfe47a165d,expiro,0.999999999999996,High,5000000.0,4999999.99999998,T1027;T1055;T1486,D3-BAC;D3-BDR;D3-FA;D3-PM;D3-SAW;D3-UBA,Backup Access Control;Backup Data Recovery;File Analysis;Platform Monitoring;System Access Workflow;User Behavior Analysis
main_002159,623deb70285ebc2a65ce588ff2bdb50b9b969c4e7c628465477399377e02a0ec,02f47a65d4fd8d00c4aff12092e2155e9f12df2d089bcb1e28b5d65d0d4d7f0f,wacatac,0.9999999999211018,High,5000000.0,4999999.9996055085,T1027;T1055;T1486,D3-BAC;D3-BDR;D3-FA;D3-PM;D3-SAW;D3-UBA,Backup Access Control;Backup Data Recovery;File Analysis;Platform Monitoring;System Access Workflow;User Behavior Analysis
main_002160,0a9400d84b315c1ede70eedd4fc7e22c28238928d392f108cc6d8198f4eba5cb,c9e58d481ca76ea25d4579ea39056b5f5e3a5c25648274f9dcd1b6c533284d52,upatre,0.9999999999991154,High,5000000.0,4999999.999995577,T1027;T1055;T1486,D3-BAC;D3-BDR;D3-FA;D3-PM;D3-SAW;D3-UBA,Backup Access Control;Backup Data Recovery;File Analysis;Platform Monitoring;System Access Workflow;User Behavior Analysis
main_002161,b592d180a894a8bf78c4f9f971d1b01423c2517795f507a9783eba669c8ee8f2,77862efd76591a786f99d400c0f97633e2bfb2bbd18b09dd6bf33ebe49f40f07,xmrig,1.0,High,5000000.0,5000000.0,T1027;T1055;T1059,D3-AL;D3-CR;D3-FA;D3-PM;D3-SAW;D3-UBA,Application Allowlisting;Command Restriction;File Analysis;Platform Monitoring;System Access Workflow;User Behavior Analysis
main_002162,f8b89b14e0b3e740fffd3faedd22f0af7dd8c2089748ddc1fccbf2756a8ffe44,41e5cac4298e131e87215f8f3e62b154d2629cb3f77817234864d2ea1b4884ed,shelm,0.9999999999894964,High,5000000.0,4999999.999947482,T1027;T1055;T1486,D3-BAC;D3-BDR;D3-FA;D3-PM;D3-SAW;D3-UBA,Backup Access Control;Backup Data Recovery;File Analysis;Platform Monitoring;System Access Workflow;User Behavior Analysis
main_002165,3ad3e12aa3caab27b9d49b19f400e123a0f87cc9e24724ed00fe4156e5c39254,77862efd76591a786f99d400c0f97633e2bfb2bbd18b09dd6bf33ebe49f40f07,xmrig,0.9999999999999996,High,5000000.0,4999999.999999998,T1027;T1055;T1059,D3-AL;D3-CR;D3-FA;D3-PM;D3-SAW;D3-UBA,Application Allowlisting;Command Restriction;File Analysis;Platform Monitoring;System Access Workflow;User Behavior Analysis
main_002168,952f2201c5d826a4c7e0457c59336631e077aa738dffd87f1ce091cb488f6ab5,02f47a65d4fd8d00c4aff12092e2155e9f12df2d089bcb1e28b5d65d0d4d7f0f,wacatac,0.9999999994972022,High,5000000.0,4999999.997486011,T1027;T1055;T1486,D3-BAC;D3-BDR;D3-FA;D3-PM;D3-SAW;D3-UBA,Backup Access Control;Backup Data Recovery;File Analysis;Platform Monitoring;System Access Workflow;User Behavior Analysis
main_002169,3d03a8ff584619c39f1d22468289c916e7ef5d3f41b75b815914291d2a63ff63,77862efd76591a786f99d400c0f97633e2bfb2bbd18b09dd6bf33ebe49f40f07,xmrig,1.0,High,5000000.0,5000000.0,T1027;T1055;T1059,D3-AL;D3-CR;D3-FA;D3-PM;D3-SAW;D3-UBA,Application Allowlisting;Command Restriction;File Analysis;Platform Monitoring;System Access Workflow;User Behavior Analysis
main_002170,9ca20ab8215358511dd3229c1bc21e9a43184ff59fc874cd34ae3215ade63440,187f622dc0da983d25da3df0e452808a96dd8c64c24aace69bc339cfe47a165d,expiro,0.9999999999375556,High,5000000.0,4999999.999687778,T1027;T1055;T1486,D3-BAC;D3-BDR;D3-FA;D3-PM;D3-SAW;D3-UBA,Backup Access Control;Backup Data Recovery;File Analysis;Platform Monitoring;System Access Workflow;User Behavior Analysis
main_002171,6a93d544c27bdcc8a0ba17ffded24f8265d222b1bd8c39c20b4eb7666bebdfbb,77862efd76591a786f99d400c0f97633e2bfb2bbd18b09dd6bf33ebe49f40f07,xmrig,1.0,High,5000000.0,5000000.0,T1027;T1055;T1059,D3-AL;D3-CR;D3-FA;D3-PM;D3-SAW;D3-UBA,Application Allowlisting;Command Restriction;File Analysis;Platform Monitoring;System Access Workflow;User Behavior Analysis
main_002172,a4784c6e2937ca6a1476f7a395e942de2227cee6b6fe5dc63c64a79f055bb8cf,02f47a65d4fd8d00c4aff12092e2155e9f12df2d089bcb1e28b5d65d0d4d7f0f,wacatac,0.9999999203158212,High,5000000.0,4999999.6015791055,T1027;T1055;T1486,D3-BAC;D3-BDR;D3-FA;D3-PM;D3-SAW;D3-UBA,Backup Access Control;Backup Data Recovery;File Analysis;Platform Monitoring;System Access Workflow;User Behavior Analysis
main_002175,b84ffc69ebe50751fb613bb8b524656e4e931d7f2531047aa511db947518b7d3,3bea44f95b17af14e750df7ab567b80b5e9aaaab87c2b4c1204f2269f98af653,disco,0.9963279439513928,High,5000000.0,4981639.719756964,T1027;T1055;T1486,D3-BAC;D3-BDR;D3-FA;D3-PM;D3-SAW;D3-UBA,Backup Access Control;Backup Data Recovery;File Analysis;Platform Monitoring;System Access Workflow;User Behavior Analysis
main_002176,683819d21df99d5deaee69f9d0be1d475399e3df95afa0d61ebf4a03a3d6f370,c61f9dbf4af88faf1552da707a9ba3d86a76deee0ff1e082e6a9c784274920d6,ulise,0.9999999999999498,High,5000000.0,4999999.9999997495,T1027;T1055;T1486,D3-BAC;D3-BDR;D3-FA;D3-PM;D3-SAW;D3-UBA,Backup Access Control;Backup Data Recovery;File Analysis;Platform Monitoring;System Access Workflow;User Behavior Analysis
main_002177,1a3f2b527a7e9df558e8e4b96998966bc034958ff44a8939de444877da7d2210,b83ef675cc28b5b0387916e29e9ced4ef6c6d6ea4fcffdbc3b3b086e80167fce,berbew,0.9999999997105112,High,5000000.0,4999999.998552556,T1027;T1055;T1486,D3-BAC;D3-BDR;D3-FA;D3-PM;D3-SAW;D3-UBA,Backup Access Control;Backup Data Recovery;File Analysis;Platform Monitoring;System Access Workflow;User Behavior Analysis
main_002179,292d65e82a00f8ba2f7ae9f8fe0f2926fbb20ea575e260f55022935cfe303ef0,b83ef675cc28b5b0387916e29e9ced4ef6c6d6ea4fcffdbc3b3b086e80167fce,berbew,0.9999999999992571,High,5000000.0,4999999.999996286,T1027;T1055;T1486,D3-BAC;D3-BDR;D3-FA;D3-PM;D3-SAW;D3-UBA,Backup Access Control;Backup Data Recovery;File Analysis;Platform Monitoring;System Access Workflow;User Behavior Analysis
main_002182,c2d4c8c4170da46f4a3a43c7b6436e87fe9bfad14c82e2b289c2576d64f769e7,02f47a65d4fd8d00c4aff12092e2155e9f12df2d089bcb1e28b5d65d0d4d7f0f,wacatac,0.9999989491924304,High,5000000.0,4999994.745962152,T1027;T1055;T1486,D3-BAC;D3-BDR;D3-FA;D3-PM;D3-SAW;D3-UBA,Backup Access Control;Backup Data Recovery;File Analysis;Platform Monitoring;System Access Workflow;User Behavior Analysis
main_002184,f97bcd55f9a657371e5eb8df8d1ec3058183a6eb7b6e15f352a0427530e2db6b,187f622dc0da983d25da3df0e452808a96dd8c64c24aace69bc339cfe47a165d,expiro,0.9999999996655766,High,5000000.0,4999999.998327883,T1027;T1055;T1486,D3-BAC;D3-BDR;D3-FA;D3-PM;D3-SAW;D3-UBA,Backup Access Control;Backup Data Recovery;File Analysis;Platform Monitoring;System Access Workflow;User Behavior Analysis
main_002185,6a9e9a1a92a4462146ddce550b285795bc2b91c1717d6b1e73b5863034912a54,b83ef675cc28b5b0387916e29e9ced4ef6c6d6ea4fcffdbc3b3b086e80167fce,berbew,0.9999999999995896,High,5000000.0,4999999.999997947,T1027;T1055;T1486,D3-BAC;D3-BDR;D3-FA;D3-PM;D3-SAW;D3-UBA,Backup Access Control;Backup Data Recovery;File Analysis;Platform Monitoring;System Access Workflow;User Behavior Analysis
main_002187,3478e0b74ed33146937834eed9487e215d6013c6bd8db99aa40fae43e0976e8c,77862efd76591a786f99d400c0f97633e2bfb2bbd18b09dd6bf33ebe49f40f07,xmrig,1.0,High,5000000.0,5000000.0,T1027;T1055;T1059,D3-AL;D3-CR;D3-FA;D3-PM;D3-SAW;D3-UBA,Application Allowlisting;Command Restriction;File Analysis;Platform Monitoring;System Access Workflow;User Behavior Analysis
main_002191,edb80ce5c6ce331d6ceec680a6197fde209200c847bfe952c939dbe3be46a467,187f622dc0da983d25da3df0e452808a96dd8c64c24aace69bc339cfe47a165d,expiro,0.9999999999999808,High,5000000.0,4999999.999999904,T1027;T1055;T1486,D3-BAC;D3-BDR;D3-FA;D3-PM;D3-SAW;D3-UBA,Backup Access Control;Backup Data Recovery;File Analysis;Platform Monitoring;System Access Workflow;User Behavior Analysis
main_002192,89237b963a77803d9422a1b422df14234c821d1f55dbbb74d34dd7f3a5054f59,77862efd76591a786f99d400c0f97633e2bfb2bbd18b09dd6bf33ebe49f40f07,xmrig,1.0,High,5000000.0,5000000.0,T1027;T1055;T1059,D3-AL;D3-CR;D3-FA;D3-PM;D3-SAW;D3-UBA,Application Allowlisting;Command Restriction;File Analysis;Platform Monitoring;System Access Workflow;User Behavior Analysis
main_002193,bae4fb725c7cae994725a6019ea2524edcc1b5d2956be846da954f944857478f,77862efd76591a786f99d400c0f97633e2bfb2bbd18b09dd6bf33ebe49f40f07,xmrig,1.0,High,5000000.0,5000000.0,T1027;T1055;T1059,D3-AL;D3-CR;D3-FA;D3-PM;D3-SAW;D3-UBA,Application Allowlisting;Command Restriction;File Analysis;Platform Monitoring;System Access Workflow;User Behavior Analysis
main_002194,2895cf67b6ae394498881ce00f98b9e2bafc0f32fee277ae4d1ebecfcee6d9a0,b83ef675cc28b5b0387916e29e9ced4ef6c6d6ea4fcffdbc3b3b086e80167fce,berbew,0.9999999999999952,High,5000000.0,4999999.999999976,T1027;T1055;T1486,D3-BAC;D3-BDR;D3-FA;D3-PM;D3-SAW;D3-UBA,Backup Access Control;Backup Data Recovery;File Analysis;Platform Monitoring;System Access Workflow;User Behavior Analysis
main_002195,1a1eb9a8a84b9dea4e67eb503e936d896d5c40577369f96b76c8772e588b6c07,77862efd76591a786f99d400c0f97633e2bfb2bbd18b09dd6bf33ebe49f40f07,xmrig,0.999999994873177,High,5000000.0,4999999.974365885,T1027;T1055;T1059,D3-AL;D3-CR;D3-FA;D3-PM;D3-SAW;D3-UBA,Application Allowlisting;Command Restriction;File Analysis;Platform Monitoring;System Access Workflow;User Behavior Analysis
main_002196,e4bf43edf3b9f60e2208bdaba548ff6cbdc062b005022ecde68389eabe4ad13c,77862efd76591a786f99d400c0f97633e2bfb2bbd18b09dd6bf33ebe49f40f07,xmrig,1.0,High,5000000.0,5000000.0,T1027;T1055;T1059,D3-AL;D3-CR;D3-FA;D3-PM;D3-SAW;D3-UBA,Application Allowlisting;Command Restriction;File Analysis;Platform Monitoring;System Access Workflow;User Behavior Analysis
main_002198,a881e400b98526eed9f9358a160321150b827d2fb1a232050290d2b513e1ee48,77862efd76591a786f99d400c0f97633e2bfb2bbd18b09dd6bf33ebe49f40f07,xmrig,1.0,High,5000000.0,5000000.0,T1027;T1055;T1059,D3-AL;D3-CR;D3-FA;D3-PM;D3-SAW;D3-UBA,Application Allowlisting;Command Restriction;File Analysis;Platform Monitoring;System Access Workflow;User Behavior Analysis
main_002199,fea972e79d520a7f9fc0fa9e1ad95b27522520cb41372f59072c4314961fe1eb,77862efd76591a786f99d400c0f97633e2bfb2bbd18b09dd6bf33ebe49f40f07,xmrig,0.9999999992280656,High,5000000.0,4999999.996140328,T1027;T1055;T1059,D3-AL;D3-CR;D3-FA;D3-PM;D3-SAW;D3-UBA,Application Allowlisting;Command Restriction;File Analysis;Platform Monitoring;System Access Workflow;User Behavior Analysis
main_002200,ba49d344d09db0316b751b4f62fb8cb0050dca0f358cea6c998273abbe75961f,77862efd76591a786f99d400c0f97633e2bfb2bbd18b09dd6bf33ebe49f40f07,xmrig,0.9999999999999996,High,5000000.0,4999999.999999998,T1027;T1055;T1059,D3-AL;D3-CR;D3-FA;D3-PM;D3-SAW;D3-UBA,Application Allowlisting;Command Restriction;File Analysis;Platform Monitoring;System Access Workflow;User Behavior Analysis
main_002201,b405a9a275887fdf091a9e3568a218e5ee7f0a27381961744c08083696658bc0,d711b7a44fad7b8bc0f622f2fbf870fb0f62f82a5a5a78c5499a9b4110118984,goshell,0.9999996704697665,High,5000000.0,4999998.352348832,T1027;T1055;T1486,D3-BAC;D3-BDR;D3-FA;D3-PM;D3-SAW;D3-UBA,Backup Access Control;Backup Data Recovery;File Analysis;Platform Monitoring;System Access Workflow;User Behavior Analysis
main_002203,70b314614b9ecb50a6fa4a23dafb976a9eaa275e77eaef7422f58684e312cf1a,acfd227c9e2a637ba527343252a51d6cbf588451f0194210216eeda06e834e95,banload,0.9999999999999998,High,5000000.0,4999999.999999999,T1027;T1055;T1486,D3-BAC;D3-BDR;D3-FA;D3-PM;D3-SAW;D3-UBA,Backup Access Control;Backup Data Recovery;File Analysis;Platform Monitoring;System Access Workflow;User Behavior Analysis
main_002204,18732128b37cb40a617f8e3c7ee835e09da53eef1cba7518e188844b2c761a7f,77862efd76591a786f99d400c0f97633e2bfb2bbd18b09dd6bf33ebe49f40f07,xmrig,1.0,High,5000000.0,5000000.0,T1027;T1055;T1059,D3-AL;D3-CR;D3-FA;D3-PM;D3-SAW;D3-UBA,Application Allowlisting;Command Restriction;File Analysis;Platform Monitoring;System Access Workflow;User Behavior Analysis
main_002207,c2b1432365c9d45006c4436030e9ed414adfe66a4c97990ad7da0f4a07cfd053,7569bacd48f42b9907cba1eedb9254fbce1fa8e6ccd8e8d0034c6b7c1644bd6c,cosmu,0.9999999999920016,High,5000000.0,4999999.999960008,T1027;T1055;T1486,D3-BAC;D3-BDR;D3-FA;D3-PM;D3-SAW;D3-UBA,Backup Access Control;Backup Data Recovery;File Analysis;Platform Monitoring;System Access Workflow;User Behavior Analysis
main_002208,8d9f91575ab768d46cbad1b98abd7ec9dff9c3462d4b27fda9f734fe3dcd0658,b83ef675cc28b5b0387916e29e9ced4ef6c6d6ea4fcffdbc3b3b086e80167fce,berbew,0.9999999999940894,High,5000000.0,4999999.999970447,T1027;T1055;T1486,D3-BAC;D3-BDR;D3-FA;D3-PM;D3-SAW;D3-UBA,Backup Access Control;Backup Data Recovery;File Analysis;Platform Monitoring;System Access Workflow;User Behavior Analysis
main_002209,0f0c85cabd1824c4bd8b9dd4783249104db450ae43650ee4a47ba3ba558f33bc,c9e58d481ca76ea25d4579ea39056b5f5e3a5c25648274f9dcd1b6c533284d52,upatre,0.999999556303477,High,5000000.0,4999997.7815173855,T1027;T1055;T1486,D3-BAC;D3-BDR;D3-FA;D3-PM;D3-SAW;D3-UBA,Backup Access Control;Backup Data Recovery;File Analysis;Platform Monitoring;System Access Workflow;User Behavior Analysis
main_002210,d5cdbc2d179f613d81b1acd769194637fa34f53f2b6f4a2528b804b2a52b9fc4,187f622dc0da983d25da3df0e452808a96dd8c64c24aace69bc339cfe47a165d,expiro,0.9999999999996,High,5000000.0,4999999.999998,T1027;T1055;T1486,D3-BAC;D3-BDR;D3-FA;D3-PM;D3-SAW;D3-UBA,Backup Access Control;Backup Data Recovery;File Analysis;Platform Monitoring;System Access Workflow;User Behavior Analysis
main_002212,d5c549c72047c0b2270187d636151230bbbea8345e52da5a450fdbb828566c31,acfd227c9e2a637ba527343252a51d6cbf588451f0194210216eeda06e834e95,banload,0.999999999999994,High,5000000.0,4999999.99999997,T1027;T1055;T1486,D3-BAC;D3-BDR;D3-FA;D3-PM;D3-SAW;D3-UBA,Backup Access Control;Backup Data Recovery;File Analysis;Platform Monitoring;System Access Workflow;User Behavior Analysis
main_002213,7c4e5801cfcb19177025e3fb366fc08b3fd5421c1c48c02e9c3df50f4a9a52bf,77862efd76591a786f99d400c0f97633e2bfb2bbd18b09dd6bf33ebe49f40f07,xmrig,0.9999999999997996,High,5000000.0,4999999.999998998,T1027;T1055;T1059,D3-AL;D3-CR;D3-FA;D3-PM;D3-SAW;D3-UBA,Application Allowlisting;Command Restriction;File Analysis;Platform Monitoring;System Access Workflow;User Behavior Analysis
main_002214,71d2f073ff421fb883849171821f2fb3a8016a2ee1a62e8bc28dadb1c7d6b28c,b83ef675cc28b5b0387916e29e9ced4ef6c6d6ea4fcffdbc3b3b086e80167fce,berbew,0.9999999999999556,High,5000000.0,4999999.999999778,T1027;T1055;T1486,D3-BAC;D3-BDR;D3-FA;D3-PM;D3-SAW;D3-UBA,Backup Access Control;Backup Data Recovery;File Analysis;Platform Monitoring;System Access Workflow;User Behavior Analysis
main_002217,ca6efef23a6c8e1a4517a5b3351316e791cf3069387964c832a449f5c1ef1eac,2e0b3672ad6c00be6ba5efa6c5277b5b0b77a8b3e61fc7b8f3a52b0bd2e31cd6,beebone,0.9999999858288712,High,5000000.0,4999999.929144356,T1027;T1055;T1486,D3-BAC;D3-BDR;D3-FA;D3-PM;D3-SAW;D3-UBA,Backup Access Control;Backup Data Recovery;File Analysis;Platform Monitoring;System Access Workflow;User Behavior Analysis
main_002218,6d804ec5b729eb22fd205f3eac96e2228001a852c1c66e83e014f6f629ff5bc0,b83ef675cc28b5b0387916e29e9ced4ef6c6d6ea4fcffdbc3b3b086e80167fce,berbew,0.999999998552434,High,5000000.0,4999999.99276217,T1027;T1055;T1486,D3-BAC;D3-BDR;D3-FA;D3-PM;D3-SAW;D3-UBA,Backup Access Control;Backup Data Recovery;File Analysis;Platform Monitoring;System Access Workflow;User Behavior Analysis
main_002219,a42991205f48b1176237f70648a345434a4646089ef1144c1aac3dae86eccac9,b83ef675cc28b5b0387916e29e9ced4ef6c6d6ea4fcffdbc3b3b086e80167fce,berbew,0.9999999999999978,High,5000000.0,4999999.999999989,T1027;T1055;T1486,D3-BAC;D3-BDR;D3-FA;D3-PM;D3-SAW;D3-UBA,Backup Access Control;Backup Data Recovery;File Analysis;Platform Monitoring;System Access Workflow;User Behavior Analysis
main_002220,71036c4027931096bf83ba1efcaa7a62babe6cdf0556e5c2705055d74d372a44,02f47a65d4fd8d00c4aff12092e2155e9f12df2d089bcb1e28b5d65d0d4d7f0f,wacatac,0.9996900725366872,High,5000000.0,4998450.362683436,T1027;T1055;T1486,D3-BAC;D3-BDR;D3-FA;D3-PM;D3-SAW;D3-UBA,Backup Access Control;Backup Data Recovery;File Analysis;Platform Monitoring;System Access Workflow;User Behavior Analysis
main_002221,2b361cd3d233938126507e5a77633cc1f9151e60eedb1f23ee3f60f72ae1c594,77862efd76591a786f99d400c0f97633e2bfb2bbd18b09dd6bf33ebe49f40f07,xmrig,1.0,High,5000000.0,5000000.0,T1027;T1055;T1059,D3-AL;D3-CR;D3-FA;D3-PM;D3-SAW;D3-UBA,Application Allowlisting;Command Restriction;File Analysis;Platform Monitoring;System Access Workflow;User Behavior Analysis
main_002222,7c0b51b5d3231a0c1ba9dd5d95c7f33e912658b52f99060412e86efa5307548e,8c4b5ea2b7fae72da8843ed3033b100f001fd4e2699ab6cb2c99b44734af6f0e,wabot,0.99999992009854,High,5000000.0,4999999.6004927,T1027;T1055;T1486,D3-BAC;D3-BDR;D3-FA;D3-PM;D3-SAW;D3-UBA,Backup Access Control;Backup Data Recovery;File Analysis;Platform Monitoring;System Access Workflow;User Behavior Analysis
main_002223,b174d5c5be1e0b6a72ec3e0c024eed0f97b46f987c9948e48c5508a63e5e4c10,77862efd76591a786f99d400c0f97633e2bfb2bbd18b09dd6bf33ebe49f40f07,xmrig,1.0,High,5000000.0,5000000.0,T1027;T1055;T1059,D3-AL;D3-CR;D3-FA;D3-PM;D3-SAW;D3-UBA,Application Allowlisting;Command Restriction;File Analysis;Platform Monitoring;System Access Workflow;User Behavior Analysis
main_002224,4b5307bb2cb5ec2d599986a5e031934ead8968acd667ffee6d0646265b873628,77862efd76591a786f99d400c0f97633e2bfb2bbd18b09dd6bf33ebe49f40f07,xmrig,1.0,High,5000000.0,5000000.0,T1027;T1055;T1059,D3-AL;D3-CR;D3-FA;D3-PM;D3-SAW;D3-UBA,Application Allowlisting;Command Restriction;File Analysis;Platform Monitoring;System Access Workflow;User Behavior Analysis
main_002226,1e11493590369092c403e84590804ebace194688bdd32d3271d5d883fdda580c,fd5104756137718da71be7bec3f2a88cb3dc4f6df936e61e4bd012cb9108027c,convagent,0.9999999828079073,High,5000000.0,4999999.914039536,T1027;T1055;T1486,D3-BAC;D3-BDR;D3-FA;D3-PM;D3-SAW;D3-UBA,Backup Access Control;Backup Data Recovery;File Analysis;Platform Monitoring;System Access Workflow;User Behavior Analysis
main_002227,b51d642ccd81cdd3572af7abcaf80191f04b52a5405d9ac9f28252e81dc9bad9,187f622dc0da983d25da3df0e452808a96dd8c64c24aace69bc339cfe47a165d,expiro,0.9999999935119008,High,5000000.0,4999999.967559504,T1027;T1055;T1486,D3-BAC;D3-BDR;D3-FA;D3-PM;D3-SAW;D3-UBA,Backup Access Control;Backup Data Recovery;File Analysis;Platform Monitoring;System Access Workflow;User Behavior Analysis
main_002231,7247bbdc2ca71a59d3b9273596abb97bfcb05e742cea1fa27fa119cd7a0bd5b3,77862efd76591a786f99d400c0f97633e2bfb2bbd18b09dd6bf33ebe49f40f07,xmrig,1.0,High,5000000.0,5000000.0,T1027;T1055;T1059,D3-AL;D3-CR;D3-FA;D3-PM;D3-SAW;D3-UBA,Application Allowlisting;Command Restriction;File Analysis;Platform Monitoring;System Access Workflow;User Behavior Analysis
main_002232,5faa04595fc20567b68b09ad40aef96c75d1274560dd357c2b086f9ed272b44f,77862efd76591a786f99d400c0f97633e2bfb2bbd18b09dd6bf33ebe49f40f07,xmrig,1.0,High,5000000.0,5000000.0,T1027;T1055;T1059,D3-AL;D3-CR;D3-FA;D3-PM;D3-SAW;D3-UBA,Application Allowlisting;Command Restriction;File Analysis;Platform Monitoring;System Access Workflow;User Behavior Analysis
main_002233,324fb8e58c17b7c2fc7cfa6622cc08e5bd49cb5c2a42cc8847fdb5d7581b818f,b83ef675cc28b5b0387916e29e9ced4ef6c6d6ea4fcffdbc3b3b086e80167fce,berbew,0.9999999999999888,High,5000000.0,4999999.999999944,T1027;T1055;T1486,D3-BAC;D3-BDR;D3-FA;D3-PM;D3-SAW;D3-UBA,Backup Access Control;Backup Data Recovery;File Analysis;Platform Monitoring;System Access Workflow;User Behavior Analysis
main_002235,5e1b5f9ed5c58700253304c9a9b44ded6e4bdfed6fe43f4dc27616794e1efbe9,c30f6aa4eacd78facdb5e11f2d5a5af23f0302f3eca37567244bee7f73b53b8d,sfone,0.9999999999999284,High,5000000.0,4999999.999999642,T1027;T1055;T1486,D3-BAC;D3-BDR;D3-FA;D3-PM;D3-SAW;D3-UBA,Backup Access Control;Backup Data Recovery;File Analysis;Platform Monitoring;System Access Workflow;User Behavior Analysis
main_002236,31408069cb3c44f5498f8668350f2dd7c403cd7f88c1882f9ff0f2b0e9678f70,b83ef675cc28b5b0387916e29e9ced4ef6c6d6ea4fcffdbc3b3b086e80167fce,berbew,0.999999999998252,High,5000000.0,4999999.99999126,T1027;T1055;T1486,D3-BAC;D3-BDR;D3-FA;D3-PM;D3-SAW;D3-UBA,Backup Access Control;Backup Data Recovery;File Analysis;Platform Monitoring;System Access Workflow;User Behavior Analysis
main_002245,48d27a10ade187afd50c67850a49bd6de143c9ef5a8523358a094fa5a2bb9b8f,c9e58d481ca76ea25d4579ea39056b5f5e3a5c25648274f9dcd1b6c533284d52,upatre,0.9999999753812264,High,5000000.0,4999999.876906132,T1027;T1055;T1486,D3-BAC;D3-BDR;D3-FA;D3-PM;D3-SAW;D3-UBA,Backup Access Control;Backup Data Recovery;File Analysis;Platform Monitoring;System Access Workflow;User Behavior Analysis
main_002253,1f4315ea9df2516f968f6df9aa6489dc1e40105fa66f32693422b47a8f678caf,77862efd76591a786f99d400c0f97633e2bfb2bbd18b09dd6bf33ebe49f40f07,xmrig,1.0,High,5000000.0,5000000.0,T1027;T1055;T1059,D3-AL;D3-CR;D3-FA;D3-PM;D3-SAW;D3-UBA,Application Allowlisting;Command Restriction;File Analysis;Platform Monitoring;System Access Workflow;User Behavior Analysis
main_002256,b3ef192cfd35f3f2cda4988b3fb570c6d410f131a3272212d9bee1e032650084,77862efd76591a786f99d400c0f97633e2bfb2bbd18b09dd6bf33ebe49f40f07,xmrig,1.0,High,5000000.0,5000000.0,T1027;T1055;T1059,D3-AL;D3-CR;D3-FA;D3-PM;D3-SAW;D3-UBA,Application Allowlisting;Command Restriction;File Analysis;Platform Monitoring;System Access Workflow;User Behavior Analysis
main_002258,a309e0d999cbf25c4f835e9964a06c2faa036ddd2b9fda313d76d655af970e7f,b83ef675cc28b5b0387916e29e9ced4ef6c6d6ea4fcffdbc3b3b086e80167fce,berbew,0.999999999445872,High,5000000.0,4999999.99722936,T1027;T1055;T1486,D3-BAC;D3-BDR;D3-FA;D3-PM;D3-SAW;D3-UBA,Backup Access Control;Backup Data Recovery;File Analysis;Platform Monitoring;System Access Workflow;User Behavior Analysis
main_002259,649be7a2a028dca4760b89d219879db53b74eebec8e7fa05f306a4207b83c8ab,77862efd76591a786f99d400c0f97633e2bfb2bbd18b09dd6bf33ebe49f40f07,xmrig,0.9999999999999992,High,5000000.0,4999999.999999996,T1027;T1055;T1059,D3-AL;D3-CR;D3-FA;D3-PM;D3-SAW;D3-UBA,Application Allowlisting;Command Restriction;File Analysis;Platform Monitoring;System Access Workflow;User Behavior Analysis
main_002260,1b7c90ed6f4a6010e0794fa30a829de12f81dc9c8532deb438a60c74023c3919,c9e58d481ca76ea25d4579ea39056b5f5e3a5c25648274f9dcd1b6c533284d52,upatre,0.9999999999999292,High,5000000.0,4999999.999999646,T1027;T1055;T1486,D3-BAC;D3-BDR;D3-FA;D3-PM;D3-SAW;D3-UBA,Backup Access Control;Backup Data Recovery;File Analysis;Platform Monitoring;System Access Workflow;User Behavior Analysis
main_002261,2fb61a87800556a4193b0cfee6f62837d686e164fe030b3770bf663f772755ff,77862efd76591a786f99d400c0f97633e2bfb2bbd18b09dd6bf33ebe49f40f07,xmrig,1.0,High,5000000.0,5000000.0,T1027;T1055;T1059,D3-AL;D3-CR;D3-FA;D3-PM;D3-SAW;D3-UBA,Application Allowlisting;Command Restriction;File Analysis;Platform Monitoring;System Access Workflow;User Behavior Analysis
main_002262,5b186e61455527259f69563f2acec0a1c6dbbc09e8f4f8b024ad7c04f5fcb0e6,99e2d5c6e5fb193a148e06547f5c9bb4e3dd2bc061e9a90592462767e9f80912,disin,0.9999999999997224,High,5000000.0,4999999.999998612,T1027;T1055;T1486,D3-BAC;D3-BDR;D3-FA;D3-PM;D3-SAW;D3-UBA,Backup Access Control;Backup Data Recovery;File Analysis;Platform Monitoring;System Access Workflow;User Behavior Analysis
main_002264,2e62bd88887a331eab7fbf074ab02b14363f0fb44fd11e74fe7f8dc399810ba2,b83ef675cc28b5b0387916e29e9ced4ef6c6d6ea4fcffdbc3b3b086e80167fce,berbew,0.9999999999832196,High,5000000.0,4999999.999916098,T1027;T1055;T1486,D3-BAC;D3-BDR;D3-FA;D3-PM;D3-SAW;D3-UBA,Backup Access Control;Backup Data Recovery;File Analysis;Platform Monitoring;System Access Workflow;User Behavior Analysis
main_002265,147768f5995e668d9feffdb06983d464536ecd59cba9c64233a3abb2f4935555,b83ef675cc28b5b0387916e29e9ced4ef6c6d6ea4fcffdbc3b3b086e80167fce,berbew,0.9999999999989836,High,5000000.0,4999999.999994918,T1027;T1055;T1486,D3-BAC;D3-BDR;D3-FA;D3-PM;D3-SAW;D3-UBA,Backup Access Control;Backup Data Recovery;File Analysis;Platform Monitoring;System Access Workflow;User Behavior Analysis
main_002267,afbb0963ab508317aa3089c5f3d5927050313115d69df13796d5d30d47ab8a9f,c9e58d481ca76ea25d4579ea39056b5f5e3a5c25648274f9dcd1b6c533284d52,upatre,0.9999999985923244,High,5000000.0,4999999.992961622,T1027;T1055;T1486,D3-BAC;D3-BDR;D3-FA;D3-PM;D3-SAW;D3-UBA,Backup Access Control;Backup Data Recovery;File Analysis;Platform Monitoring;System Access Workflow;User Behavior Analysis
main_002273,0bf4c37efafcbf9635616b35a2e659725ea4f8638f2d15f4d41d4e2528b934dd,8b2bf79b08bb2bb055163ec88ea44eb9cce8fe2731633f695405b26eed0a4331,aenjaris,0.9999999940282652,High,5000000.0,4999999.970141326,T1027;T1055;T1486,D3-BAC;D3-BDR;D3-FA;D3-PM;D3-SAW;D3-UBA,Backup Access Control;Backup Data Recovery;File Analysis;Platform Monitoring;System Access Workflow;User Behavior Analysis
main_002274,f29d3bf591008b5bc5c3819ae02ff40fe7f5798c2295aa0043f69b3183449fe4,eb67daa892830019c3a5cf97e855c9a25df1ac43635824db61bafc6a83109adc,dridex,0.9999989485752372,High,5000000.0,4999994.742876186,T1027;T1055;T1486,D3-BAC;D3-BDR;D3-FA;D3-PM;D3-SAW;D3-UBA,Backup Access Control;Backup Data Recovery;File Analysis;Platform Monitoring;System Access Workflow;User Behavior Analysis
main_002275,a28abdb7cec6a325d6c53c156177c3131c3fd87531b91d86fce6040afc79effc,fd5104756137718da71be7bec3f2a88cb3dc4f6df936e61e4bd012cb9108027c,convagent,0.9999999971491802,High,5000000.0,4999999.985745901,T1027;T1055;T1486,D3-BAC;D3-BDR;D3-FA;D3-PM;D3-SAW;D3-UBA,Backup Access Control;Backup Data Recovery;File Analysis;Platform Monitoring;System Access Workflow;User Behavior Analysis
main_002281,11486936d993dbfad22575f40d7722c9b285be6f0722736e3d27dc33c5b9cc1c,ef092d42941fb6af2ca50130b1d7a2fb36f80cc98954c008a5ccc00a2995ab79,scarletflash,0.9998191627355576,High,5000000.0,4999095.813677788,T1027;T1055;T1486,D3-BAC;D3-BDR;D3-FA;D3-PM;D3-SAW;D3-UBA,Backup Access Control;Backup Data Recovery;File Analysis;Platform Monitoring;System Access Workflow;User Behavior Analysis
main_002288,405ff9b9fc4eb1a03d6b09acc03e088093f638da02a92dd3cc7d159354367225,58bb064ce0f0721aab7e4b4285f49e318ee801ab658d49dcfff305df630cc5c9,bedep,0.9999999903930528,High,5000000.0,4999999.951965264,T1027;T1055;T1486,D3-BAC;D3-BDR;D3-FA;D3-PM;D3-SAW;D3-UBA,Backup Access Control;Backup Data Recovery;File Analysis;Platform Monitoring;System Access Workflow;User Behavior Analysis
main_002291,c3bf2b130fe3a86fea17e90defb99f3fcff12d22abd8adc2e6ff45b388d703f0,02f47a65d4fd8d00c4aff12092e2155e9f12df2d089bcb1e28b5d65d0d4d7f0f,wacatac,0.9999998455361366,High,5000000.0,4999999.227680683,T1027;T1055;T1486,D3-BAC;D3-BDR;D3-FA;D3-PM;D3-SAW;D3-UBA,Backup Access Control;Backup Data Recovery;File Analysis;Platform Monitoring;System Access Workflow;User Behavior Analysis
main_002293,cce6f2e9c2d184a942c249cdf7270faa163bc14e50ac1eb83c20c3f774da1297,02f47a65d4fd8d00c4aff12092e2155e9f12df2d089bcb1e28b5d65d0d4d7f0f,wacatac,0.9999999824776176,High,5000000.0,4999999.912388088,T1027;T1055;T1486,D3-BAC;D3-BDR;D3-FA;D3-PM;D3-SAW;D3-UBA,Backup Access Control;Backup Data Recovery;File Analysis;Platform Monitoring;System Access Workflow;User Behavior Analysis
main_002294,2c8ead5449fb3bf3d0a889831a5fec5ce5ffb50129e8848a3af7dfe98c04e595,02f47a65d4fd8d00c4aff12092e2155e9f12df2d089bcb1e28b5d65d0d4d7f0f,wacatac,0.999999999605654,High,5000000.0,4999999.99802827,T1027;T1055;T1486,D3-BAC;D3-BDR;D3-FA;D3-PM;D3-SAW;D3-UBA,Backup Access Control;Backup Data Recovery;File Analysis;Platform Monitoring;System Access Workflow;User Behavior Analysis
main_002297,adbed1d37b02f8564696ed320abaf10247594d2f6af51cfd0ee7020eeda3b4e6,295fe8cc28eaef9312e590b4434b288e979b8b3323f6d2de36aa9aab3c77d69c,pcclient,0.9999339894764578,High,5000000.0,4999669.947382289,T1027;T1055;T1486,D3-BAC;D3-BDR;D3-FA;D3-PM;D3-SAW;D3-UBA,Backup Access Control;Backup Data Recovery;File Analysis;Platform Monitoring;System Access Workflow;User Behavior Analysis
main_002304,62bad2e97418aba4489d5b9e504ee1c87a230ec690eb867e2d61f0b2bcdff139,02f47a65d4fd8d00c4aff12092e2155e9f12df2d089bcb1e28b5d65d0d4d7f0f,wacatac,0.9968825239827128,High,5000000.0,4984412.619913564,T1027;T1055;T1486,D3-BAC;D3-BDR;D3-FA;D3-PM;D3-SAW;D3-UBA,Backup Access Control;Backup Data Recovery;File Analysis;Platform Monitoring;System Access Workflow;User Behavior Analysis
main_002306,13d2842919ff4a5c1378ccecdc8a9d4a56ad3fc2a76d74145ec6f7554450ea84,02f47a65d4fd8d00c4aff12092e2155e9f12df2d089bcb1e28b5d65d0d4d7f0f,wacatac,0.999999896691395,High,5000000.0,4999999.483456975,T1027;T1055;T1486,D3-BAC;D3-BDR;D3-FA;D3-PM;D3-SAW;D3-UBA,Backup Access Control;Backup Data Recovery;File Analysis;Platform Monitoring;System Access Workflow;User Behavior Analysis
main_002308,b9ce2beecd676b536deae07e8f43cf057ef3a3f715057cc69970ede6c37ee786,02f47a65d4fd8d00c4aff12092e2155e9f12df2d089bcb1e28b5d65d0d4d7f0f,wacatac,0.9999990747765488,High,5000000.0,4999995.373882744,T1027;T1055;T1486,D3-BAC;D3-BDR;D3-FA;D3-PM;D3-SAW;D3-UBA,Backup Access Control;Backup Data Recovery;File Analysis;Platform Monitoring;System Access Workflow;User Behavior Analysis
main_002317,a988284195de4950ecea90214f2d92c17dfd79f6a689058837ec03e9284da56d,02f47a65d4fd8d00c4aff12092e2155e9f12df2d089bcb1e28b5d65d0d4d7f0f,wacatac,0.9961515960514576,High,5000000.0,4980757.980257289,T1027;T1055;T1486,D3-BAC;D3-BDR;D3-FA;D3-PM;D3-SAW;D3-UBA,Backup Access Control;Backup Data Recovery;File Analysis;Platform Monitoring;System Access Workflow;User Behavior Analysis
main_002318,eb5444740cda2387e1ee6310a69b0f2d06e1d011652668f1796739488d02e208,ef092d42941fb6af2ca50130b1d7a2fb36f80cc98954c008a5ccc00a2995ab79,scarletflash,0.9999894496691084,High,5000000.0,4999947.248345542,T1027;T1055;T1486,D3-BAC;D3-BDR;D3-FA;D3-PM;D3-SAW;D3-UBA,Backup Access Control;Backup Data Recovery;File Analysis;Platform Monitoring;System Access Workflow;User Behavior Analysis
main_002330,221ef08105a45e67219445c6b69dbceaec72a634fb0d3a1ac2aecbde3f9b061c,72d49f51276bfe8a48b1770f0858af6a307fe180b60efcedd44bcf86ec251706,flystudio,0.9999999999876306,High,5000000.0,4999999.999938153,T1027;T1055;T1486,D3-BAC;D3-BDR;D3-FA;D3-PM;D3-SAW;D3-UBA,Backup Access Control;Backup Data Recovery;File Analysis;Platform Monitoring;System Access Workflow;User Behavior Analysis
main_002331,821bcb080c09430af84f84be533c0be9813a9a0ab0f45d0399a699acacbbdb15,02f47a65d4fd8d00c4aff12092e2155e9f12df2d089bcb1e28b5d65d0d4d7f0f,wacatac,0.9999288843509332,High,5000000.0,4999644.421754666,T1027;T1055;T1486,D3-BAC;D3-BDR;D3-FA;D3-PM;D3-SAW;D3-UBA,Backup Access Control;Backup Data Recovery;File Analysis;Platform Monitoring;System Access Workflow;User Behavior Analysis
main_002333,c1a9e98c8d050d1488e7e363a1aac7f2d0e51667451526571f019f71d911a268,72d49f51276bfe8a48b1770f0858af6a307fe180b60efcedd44bcf86ec251706,flystudio,0.999999993091391,High,5000000.0,4999999.965456955,T1027;T1055;T1486,D3-BAC;D3-BDR;D3-FA;D3-PM;D3-SAW;D3-UBA,Backup Access Control;Backup Data Recovery;File Analysis;Platform Monitoring;System Access Workflow;User Behavior Analysis
main_002337,168d978468f0ed5c17c1e395c47db94a219e0f52108438e349418dc2b6acf450,02f47a65d4fd8d00c4aff12092e2155e9f12df2d089bcb1e28b5d65d0d4d7f0f,wacatac,0.9999926380652008,High,5000000.0,4999963.190326004,T1027;T1055;T1486,D3-BAC;D3-BDR;D3-FA;D3-PM;D3-SAW;D3-UBA,Backup Access Control;Backup Data Recovery;File Analysis;Platform Monitoring;System Access Workflow;User Behavior Analysis
main_002345,441c08a370822d03d30666261c6e024be52d5b3084db5c76f351e9b96f87eb61,26f73d69a68a62a0c1edfe06b0f87e3aa5347478b48b701f229f82b14e83a700,gepys,0.9999999984681872,High,5000000.0,4999999.992340936,T1027;T1055;T1486,D3-BAC;D3-BDR;D3-FA;D3-PM;D3-SAW;D3-UBA,Backup Access Control;Backup Data Recovery;File Analysis;Platform Monitoring;System Access Workflow;User Behavior Analysis
main_002349,3e4289a21faa29cd58c620c5d6da157a60b1f99d38548c0b86ab6eb6f3949b52,72d49f51276bfe8a48b1770f0858af6a307fe180b60efcedd44bcf86ec251706,flystudio,0.9999999472119516,High,5000000.0,4999999.736059758,T1027;T1055;T1486,D3-BAC;D3-BDR;D3-FA;D3-PM;D3-SAW;D3-UBA,Backup Access Control;Backup Data Recovery;File Analysis;Platform Monitoring;System Access Workflow;User Behavior Analysis
main_002352,b947fd5534c56200baa2247659ade6e255da1a98d620f3927c5589500b943452,02f47a65d4fd8d00c4aff12092e2155e9f12df2d089bcb1e28b5d65d0d4d7f0f,wacatac,0.9999998275528176,High,5000000.0,4999999.137764088,T1027;T1055;T1486,D3-BAC;D3-BDR;D3-FA;D3-PM;D3-SAW;D3-UBA,Backup Access Control;Backup Data Recovery;File Analysis;Platform Monitoring;System Access Workflow;User Behavior Analysis
main_002356,f5e0e195d96936a3e75e9a374e11ab4523980f78dd69079ebde2cf5fd5f4c02e,ef092d42941fb6af2ca50130b1d7a2fb36f80cc98954c008a5ccc00a2995ab79,scarletflash,0.9999999999992036,High,5000000.0,4999999.999996019,T1027;T1055;T1486,D3-BAC;D3-BDR;D3-FA;D3-PM;D3-SAW;D3-UBA,Backup Access Control;Backup Data Recovery;File Analysis;Platform Monitoring;System Access Workflow;User Behavior Analysis
main_002373,58549e4ceb03bc444d87470865e4058dc1bf0fb4d04656c2abc11806a1e5b0d0,295fe8cc28eaef9312e590b4434b288e979b8b3323f6d2de36aa9aab3c77d69c,pcclient,0.9999919302948276,High,5000000.0,4999959.651474138,T1027;T1055;T1486,D3-BAC;D3-BDR;D3-FA;D3-PM;D3-SAW;D3-UBA,Backup Access Control;Backup Data Recovery;File Analysis;Platform Monitoring;System Access Workflow;User Behavior Analysis
main_002374,7eececb62b6598b4decba2a1e3ebe22e892e1055868ee4cbd97d85bcd45e9ac5,72d49f51276bfe8a48b1770f0858af6a307fe180b60efcedd44bcf86ec251706,flystudio,0.999999962938255,High,5000000.0,4999999.814691275,T1027;T1055;T1486,D3-BAC;D3-BDR;D3-FA;D3-PM;D3-SAW;D3-UBA,Backup Access Control;Backup Data Recovery;File Analysis;Platform Monitoring;System Access Workflow;User Behavior Analysis
main_002376,0c67bd7d43ff80498a9448f0f1dd771bfaf8e6840388c77701a428715865cbea,72d49f51276bfe8a48b1770f0858af6a307fe180b60efcedd44bcf86ec251706,flystudio,0.9999999948916838,High,5000000.0,4999999.974458419,T1027;T1055;T1486,D3-BAC;D3-BDR;D3-FA;D3-PM;D3-SAW;D3-UBA,Backup Access Control;Backup Data Recovery;File Analysis;Platform Monitoring;System Access Workflow;User Behavior Analysis
main_002383,548b5502093f470db4b1b3deed8b8a343f003fe2a5c00074a15ca038cd6cf444,ef092d42941fb6af2ca50130b1d7a2fb36f80cc98954c008a5ccc00a2995ab79,scarletflash,0.9999999997998664,High,5000000.0,4999999.998999332,T1027;T1055;T1486,D3-BAC;D3-BDR;D3-FA;D3-PM;D3-SAW;D3-UBA,Backup Access Control;Backup Data Recovery;File Analysis;Platform Monitoring;System Access Workflow;User Behavior Analysis
main_002384,54022d45f92638f5416d7aa593c5cd62ee70b4ea7ce805eed6ea2638578db92b,b83ef675cc28b5b0387916e29e9ced4ef6c6d6ea4fcffdbc3b3b086e80167fce,berbew,0.9999999997119948,High,5000000.0,4999999.998559974,T1027;T1055;T1486,D3-BAC;D3-BDR;D3-FA;D3-PM;D3-SAW;D3-UBA,Backup Access Control;Backup Data Recovery;File Analysis;Platform Monitoring;System Access Workflow;User Behavior Analysis
main_002386,781c400492b5304c18ef6b668fa72f2a5592d3485f287228f5cfc26e8969cd4f,72d49f51276bfe8a48b1770f0858af6a307fe180b60efcedd44bcf86ec251706,flystudio,0.9999811634999602,High,5000000.0,4999905.8174998015,T1027;T1055;T1486,D3-BAC;D3-BDR;D3-FA;D3-PM;D3-SAW;D3-UBA,Backup Access Control;Backup Data Recovery;File Analysis;Platform Monitoring;System Access Workflow;User Behavior Analysis
main_002387,094f9653af78b67d21b90391e6834bbfb6bfce4c5a94714677989b3e99de158d,72d49f51276bfe8a48b1770f0858af6a307fe180b60efcedd44bcf86ec251706,flystudio,0.9998315282028252,High,5000000.0,4999157.641014126,T1027;T1055;T1486,D3-BAC;D3-BDR;D3-FA;D3-PM;D3-SAW;D3-UBA,Backup Access Control;Backup Data Recovery;File Analysis;Platform Monitoring;System Access Workflow;User Behavior Analysis
main_002390,cdb041cb5e3968fd0a580b240fd67a9b2a6ef990ff471ac1f1ebdf04103d837e,72d49f51276bfe8a48b1770f0858af6a307fe180b60efcedd44bcf86ec251706,flystudio,0.9999999920660216,High,5000000.0,4999999.960330108,T1027;T1055;T1486,D3-BAC;D3-BDR;D3-FA;D3-PM;D3-SAW;D3-UBA,Backup Access Control;Backup Data Recovery;File Analysis;Platform Monitoring;System Access Workflow;User Behavior Analysis
main_002392,aad978dcc72cfd49f2ef4568869bf3ed0346a9d968b7f9bdef77f62db4f75ec5,295fe8cc28eaef9312e590b4434b288e979b8b3323f6d2de36aa9aab3c77d69c,pcclient,0.9953285133736004,High,5000000.0,4976642.566868002,T1027;T1055;T1486,D3-BAC;D3-BDR;D3-FA;D3-PM;D3-SAW;D3-UBA,Backup Access Control;Backup Data Recovery;File Analysis;Platform Monitoring;System Access Workflow;User Behavior Analysis
main_002393,7434579515043cb0688390cd570f63e9fcfa0df885db681dddeb767ee99f4f5b,acfd227c9e2a637ba527343252a51d6cbf588451f0194210216eeda06e834e95,banload,0.9999999999999998,High,5000000.0,4999999.999999999,T1027;T1055;T1486,D3-BAC;D3-BDR;D3-FA;D3-PM;D3-SAW;D3-UBA,Backup Access Control;Backup Data Recovery;File Analysis;Platform Monitoring;System Access Workflow;User Behavior Analysis
main_002394,4c0bf101beec2471795b81786c8acb0fd050c601fafc07f4c5aba86f41f203ab,02f47a65d4fd8d00c4aff12092e2155e9f12df2d089bcb1e28b5d65d0d4d7f0f,wacatac,0.9999999992806456,High,5000000.0,4999999.9964032285,T1027;T1055;T1486,D3-BAC;D3-BDR;D3-FA;D3-PM;D3-SAW;D3-UBA,Backup Access Control;Backup Data Recovery;File Analysis;Platform Monitoring;System Access Workflow;User Behavior Analysis
main_002417,422784658288a34a21bf689ffe8aa22860fd0ac134bd6db49181f8fea26fec19,02f47a65d4fd8d00c4aff12092e2155e9f12df2d089bcb1e28b5d65d0d4d7f0f,wacatac,0.999999999995114,High,5000000.0,4999999.9999755705,T1027;T1055;T1486,D3-BAC;D3-BDR;D3-FA;D3-PM;D3-SAW;D3-UBA,Backup Access Control;Backup Data Recovery;File Analysis;Platform Monitoring;System Access Workflow;User Behavior Analysis
main_002420,2729e5c38c1e81188d794c50cbf8e71aef08fd3bf54e11319094ad3f00212d6e,72d49f51276bfe8a48b1770f0858af6a307fe180b60efcedd44bcf86ec251706,flystudio,0.9999999837003396,High,5000000.0,4999999.918501698,T1027;T1055;T1486,D3-BAC;D3-BDR;D3-FA;D3-PM;D3-SAW;D3-UBA,Backup Access Control;Backup Data Recovery;File Analysis;Platform Monitoring;System Access Workflow;User Behavior Analysis
main_002422,cefeb755fd44ea66679f938919c5cac7043c876371aeacca398a52b233adcdaf,72d49f51276bfe8a48b1770f0858af6a307fe180b60efcedd44bcf86ec251706,flystudio,0.9999999992322954,High,5000000.0,4999999.996161477,T1027;T1055;T1486,D3-BAC;D3-BDR;D3-FA;D3-PM;D3-SAW;D3-UBA,Backup Access Control;Backup Data Recovery;File Analysis;Platform Monitoring;System Access Workflow;User Behavior Analysis
main_002432,d24d11dd4b58f41729235703dda5a43dafcfca521da3ea790306974ff2ae51a9,72d49f51276bfe8a48b1770f0858af6a307fe180b60efcedd44bcf86ec251706,flystudio,0.9999999889648332,High,5000000.0,4999999.944824166,T1027;T1055;T1486,D3-BAC;D3-BDR;D3-FA;D3-PM;D3-SAW;D3-UBA,Backup Access Control;Backup Data Recovery;File Analysis;Platform Monitoring;System Access Workflow;User Behavior Analysis
main_002435,dbef195640281d6f302950b2b6279881f5a90666277471e13a0273ac101d843a,72d49f51276bfe8a48b1770f0858af6a307fe180b60efcedd44bcf86ec251706,flystudio,0.9999183171014384,High,5000000.0,4999591.585507192,T1027;T1055;T1486,D3-BAC;D3-BDR;D3-FA;D3-PM;D3-SAW;D3-UBA,Backup Access Control;Backup Data Recovery;File Analysis;Platform Monitoring;System Access Workflow;User Behavior Analysis
main_002436,b12aa451f88e27d6e291407278efcf9ab30610422928d12e16665b67e2f163e8,ef092d42941fb6af2ca50130b1d7a2fb36f80cc98954c008a5ccc00a2995ab79,scarletflash,0.9999842814086014,High,5000000.0,4999921.407043007,T1027;T1055;T1486,D3-BAC;D3-BDR;D3-FA;D3-PM;D3-SAW;D3-UBA,Backup Access Control;Backup Data Recovery;File Analysis;Platform Monitoring;System Access Workflow;User Behavior Analysis
main_002444,c0eb9b01f5183cdceb176b8d2b08a2cc5fa7c87f072939d0198a502e51071946,02f47a65d4fd8d00c4aff12092e2155e9f12df2d089bcb1e28b5d65d0d4d7f0f,wacatac,0.9999996927483704,High,5000000.0,4999998.463741852,T1027;T1055;T1486,D3-BAC;D3-BDR;D3-FA;D3-PM;D3-SAW;D3-UBA,Backup Access Control;Backup Data Recovery;File Analysis;Platform Monitoring;System Access Workflow;User Behavior Analysis
main_002450,c99bd1643e9c707b4ba927dab740ddccbc83977b0253490918c0d8ae19ddb2b2,02f47a65d4fd8d00c4aff12092e2155e9f12df2d089bcb1e28b5d65d0d4d7f0f,wacatac,0.9999637804774658,High,5000000.0,4999818.902387329,T1027;T1055;T1486,D3-BAC;D3-BDR;D3-FA;D3-PM;D3-SAW;D3-UBA,Backup Access Control;Backup Data Recovery;File Analysis;Platform Monitoring;System Access Workflow;User Behavior Analysis
main_002451,81327d78fbb4c4a256e954aaecc0f11c9a95440e7875ca86e8b1891613904bf0,02f47a65d4fd8d00c4aff12092e2155e9f12df2d089bcb1e28b5d65d0d4d7f0f,wacatac,0.9999998298718236,High,5000000.0,4999999.149359118,T1027;T1055;T1486,D3-BAC;D3-BDR;D3-FA;D3-PM;D3-SAW;D3-UBA,Backup Access Control;Backup Data Recovery;File Analysis;Platform Monitoring;System Access Workflow;User Behavior Analysis
main_002457,cd24a3f233220bd6204152d428cc5260aa18ba0ac3a4e138f6bcfd5b7710470c,02f47a65d4fd8d00c4aff12092e2155e9f12df2d089bcb1e28b5d65d0d4d7f0f,wacatac,0.9999991442072677,High,5000000.0,4999995.721036338,T1027;T1055;T1486,D3-BAC;D3-BDR;D3-FA;D3-PM;D3-SAW;D3-UBA,Backup Access Control;Backup Data Recovery;File Analysis;Platform Monitoring;System Access Workflow;User Behavior Analysis
main_002464,2265fbf47e0101496cc3d9e687758c9cb2697282153e0ab2727177cc1ea8d510,72d49f51276bfe8a48b1770f0858af6a307fe180b60efcedd44bcf86ec251706,flystudio,0.9999621028145818,High,5000000.0,4999810.514072909,T1027;T1055;T1486,D3-BAC;D3-BDR;D3-FA;D3-PM;D3-SAW;D3-UBA,Backup Access Control;Backup Data Recovery;File Analysis;Platform Monitoring;System Access Workflow;User Behavior Analysis
main_002466,d2c35dc028bf6364bcb00b62b9213e08b8f89f0d8f68531bd094de0720aa3c97,ef092d42941fb6af2ca50130b1d7a2fb36f80cc98954c008a5ccc00a2995ab79,scarletflash,0.9999990237873032,High,5000000.0,4999995.118936516,T1027;T1055;T1486,D3-BAC;D3-BDR;D3-FA;D3-PM;D3-SAW;D3-UBA,Backup Access Control;Backup Data Recovery;File Analysis;Platform Monitoring;System Access Workflow;User Behavior Analysis
main_002477,f1eb91aedf8ddc7b8bcbc5d1bc1fe1850bd23092b162fd2212162debc608be58,7f411c23e7d9d268b51470b27920d362905e71fca86a2ef5c70747984b30a29a,redline,0.9999766824898334,High,5000000.0,4999883.412449167,T1027;T1055;T1486,D3-BAC;D3-BDR;D3-FA;D3-PM;D3-SAW;D3-UBA,Backup Access Control;Backup Data Recovery;File Analysis;Platform Monitoring;System Access Workflow;User Behavior Analysis
main_002483,282ddb065bd981016725a5870e18f6008b799b4df4e6fb52a23c73a113d76fa6,02f47a65d4fd8d00c4aff12092e2155e9f12df2d089bcb1e28b5d65d0d4d7f0f,wacatac,0.999935554947292,High,5000000.0,4999677.77473646,T1027;T1055;T1486,D3-BAC;D3-BDR;D3-FA;D3-PM;D3-SAW;D3-UBA,Backup Access Control;Backup Data Recovery;File Analysis;Platform Monitoring;System Access Workflow;User Behavior Analysis
main_002485,71b7357f4ed5b21b3334c619dbb24b7f01b195c957a669173ac33c32fd06b797,5667ef73dac709effcfdc518a98ea9238365ec62b0eb5f478392e28818a2efd5,zeus,0.9997414790675272,High,5000000.0,4998707.395337636,T1027;T1055;T1486,D3-BAC;D3-BDR;D3-FA;D3-PM;D3-SAW;D3-UBA,Backup Access Control;Backup Data Recovery;File Analysis;Platform Monitoring;System Access Workflow;User Behavior Analysis
main_002494,c4d6ac9942004f26ec2eb390a3abe6558bc85978bf171004f405347de72f4b81,72d49f51276bfe8a48b1770f0858af6a307fe180b60efcedd44bcf86ec251706,flystudio,0.9999998240143708,High,5000000.0,4999999.120071854,T1027;T1055;T1486,D3-BAC;D3-BDR;D3-FA;D3-PM;D3-SAW;D3-UBA,Backup Access Control;Backup Data Recovery;File Analysis;Platform Monitoring;System Access Workflow;User Behavior Analysis
main_002495,6862a1d2c0d938fff7258e997d7cfeb3e53a9f9ded282a8720c25a30db6b2b2c,72d49f51276bfe8a48b1770f0858af6a307fe180b60efcedd44bcf86ec251706,flystudio,0.999999097825246,High,5000000.0,4999995.48912623,T1027;T1055;T1486,D3-BAC;D3-BDR;D3-FA;D3-PM;D3-SAW;D3-UBA,Backup Access Control;Backup Data Recovery;File Analysis;Platform Monitoring;System Access Workflow;User Behavior Analysis
main_002496,ff0ff09a263bd5d40507f17ba13bfd90024e3bae5e29bc6b645cccdec65ba0ab,acfd227c9e2a637ba527343252a51d6cbf588451f0194210216eeda06e834e95,banload,0.999994699017937,High,5000000.0,4999973.495089686,T1027;T1055;T1486,D3-BAC;D3-BDR;D3-FA;D3-PM;D3-SAW;D3-UBA,Backup Access Control;Backup Data Recovery;File Analysis;Platform Monitoring;System Access Workflow;User Behavior Analysis
main_002498,78557c93276b8440a71647d08b3cf0286917206a41b28ea0c5a2a87c1182586d,02f47a65d4fd8d00c4aff12092e2155e9f12df2d089bcb1e28b5d65d0d4d7f0f,wacatac,0.999994484476174,High,5000000.0,4999972.42238087,T1027;T1055;T1486,D3-BAC;D3-BDR;D3-FA;D3-PM;D3-SAW;D3-UBA,Backup Access Control;Backup Data Recovery;File Analysis;Platform Monitoring;System Access Workflow;User Behavior Analysis
main_002499,315c2c669534da7919d8ac7290d29b403103be375db39012b43027e6b36166f2,02f47a65d4fd8d00c4aff12092e2155e9f12df2d089bcb1e28b5d65d0d4d7f0f,wacatac,0.9993149624472992,High,5000000.0,4996574.812236496,T1027;T1055;T1486,D3-BAC;D3-BDR;D3-FA;D3-PM;D3-SAW;D3-UBA,Backup Access Control;Backup Data Recovery;File Analysis;Platform Monitoring;System Access Workflow;User Behavior Analysis
main_002501,107fbee48cb8063b4d19fec48dd8ec89b1d34ccd5ffacc84f54128d0da44bd9f,b29fbadeecb4793aa6728e48db365c12430759deacb5140c3280a14f45f0ef90,ramnit,0.9984981948352808,High,5000000.0,4992490.974176404,T1027;T1055;T1486,D3-BAC;D3-BDR;D3-FA;D3-PM;D3-SAW;D3-UBA,Backup Access Control;Backup Data Recovery;File Analysis;Platform Monitoring;System Access Workflow;User Behavior Analysis
main_002502,396c1cc1a73630a4a2a13a45f2a045ba7f895e03163bb164138906ed79f89852,b29fbadeecb4793aa6728e48db365c12430759deacb5140c3280a14f45f0ef90,ramnit,0.998991564157836,High,5000000.0,4994957.82078918,T1027;T1055;T1486,D3-BAC;D3-BDR;D3-FA;D3-PM;D3-SAW;D3-UBA,Backup Access Control;Backup Data Recovery;File Analysis;Platform Monitoring;System Access Workflow;User Behavior Analysis
main_002505,85f53196345f43e53d4185f67dcdcacf8534252754f4dd4d3a121e1aff72d80b,02f47a65d4fd8d00c4aff12092e2155e9f12df2d089bcb1e28b5d65d0d4d7f0f,wacatac,0.999922784186705,High,5000000.0,4999613.920933525,T1027;T1055;T1486,D3-BAC;D3-BDR;D3-FA;D3-PM;D3-SAW;D3-UBA,Backup Access Control;Backup Data Recovery;File Analysis;Platform Monitoring;System Access Workflow;User Behavior Analysis
main_002517,33a2d89693d44f5822cc09a0fbd3f2af5efac15504356152dff0649562dbe47f,b83ef675cc28b5b0387916e29e9ced4ef6c6d6ea4fcffdbc3b3b086e80167fce,berbew,0.9999999999946934,High,5000000.0,4999999.999973467,T1027;T1055;T1486,D3-BAC;D3-BDR;D3-FA;D3-PM;D3-SAW;D3-UBA,Backup Access Control;Backup Data Recovery;File Analysis;Platform Monitoring;System Access Workflow;User Behavior Analysis
main_002518,f7f93dd446d124420b3c2a3a94378c8be4e894603928412b1a129017b2799caf,72d49f51276bfe8a48b1770f0858af6a307fe180b60efcedd44bcf86ec251706,flystudio,0.9999717364093412,High,5000000.0,4999858.682046706,T1027;T1055;T1486,D3-BAC;D3-BDR;D3-FA;D3-PM;D3-SAW;D3-UBA,Backup Access Control;Backup Data Recovery;File Analysis;Platform Monitoring;System Access Workflow;User Behavior Analysis
main_002527,57ff65455cd47b36df758b6a395873ac8301b021e8b446c0a0922f967c667f3f,72d49f51276bfe8a48b1770f0858af6a307fe180b60efcedd44bcf86ec251706,flystudio,0.9999999203958372,High,5000000.0,4999999.601979186,T1027;T1055;T1486,D3-BAC;D3-BDR;D3-FA;D3-PM;D3-SAW;D3-UBA,Backup Access Control;Backup Data Recovery;File Analysis;Platform Monitoring;System Access Workflow;User Behavior Analysis
main_002542,353b7bcbaed10241476f4dac58b5de9ff068af6811d36c2597068acc4570f5c5,72d49f51276bfe8a48b1770f0858af6a307fe180b60efcedd44bcf86ec251706,flystudio,0.9999999993058792,High,5000000.0,4999999.996529397,T1027;T1055;T1486,D3-BAC;D3-BDR;D3-FA;D3-PM;D3-SAW;D3-UBA,Backup Access Control;Backup Data Recovery;File Analysis;Platform Monitoring;System Access Workflow;User Behavior Analysis
main_002546,5fb86dbfc116b08771d4fab932c106d21c1e1f1ad39d4385f8cd27f29a608555,a49c1d0380688dd9e1898df37e8a7f9e7747212a5b47494173bd2e4a91452fb7,alien,0.9999999999996448,High,5000000.0,4999999.999998224,T1027;T1055;T1486,D3-BAC;D3-BDR;D3-FA;D3-PM;D3-SAW;D3-UBA,Backup Access Control;Backup Data Recovery;File Analysis;Platform Monitoring;System Access Workflow;User Behavior Analysis
main_002555,efbd50bb1e8bc0c3d202d85b07edaac12b90b2ce4423e020c6075e0818f53b70,72d49f51276bfe8a48b1770f0858af6a307fe180b60efcedd44bcf86ec251706,flystudio,0.9999991163637132,High,5000000.0,4999995.581818566,T1027;T1055;T1486,D3-BAC;D3-BDR;D3-FA;D3-PM;D3-SAW;D3-UBA,Backup Access Control;Backup Data Recovery;File Analysis;Platform Monitoring;System Access Workflow;User Behavior Analysis
main_002556,4d9e25c1c65853ec098fbda31f31dedd97149eb4fc980fbfe6aac9586528231c,02f47a65d4fd8d00c4aff12092e2155e9f12df2d089bcb1e28b5d65d0d4d7f0f,wacatac,0.999999292491451,High,5000000.0,4999996.462457255,T1027;T1055;T1486,D3-BAC;D3-BDR;D3-FA;D3-PM;D3-SAW;D3-UBA,Backup Access Control;Backup Data Recovery;File Analysis;Platform Monitoring;System Access Workflow;User Behavior Analysis
main_002557,24581f8c6bbb52780f8d2e71f01b4f169e81041b2de5fbfca018c2d3c1e0593e,72d49f51276bfe8a48b1770f0858af6a307fe180b60efcedd44bcf86ec251706,flystudio,0.9999999999055926,High,5000000.0,4999999.999527963,T1027;T1055;T1486,D3-BAC;D3-BDR;D3-FA;D3-PM;D3-SAW;D3-UBA,Backup Access Control;Backup Data Recovery;File Analysis;Platform Monitoring;System Access Workflow;User Behavior Analysis
main_002559,b7fdc0cda4cdcaeecd4975f3ca6fb1d3c80c9f58a347124094532a860447bc4d,72d49f51276bfe8a48b1770f0858af6a307fe180b60efcedd44bcf86ec251706,flystudio,0.9999999979850558,High,5000000.0,4999999.989925279,T1027;T1055;T1486,D3-BAC;D3-BDR;D3-FA;D3-PM;D3-SAW;D3-UBA,Backup Access Control;Backup Data Recovery;File Analysis;Platform Monitoring;System Access Workflow;User Behavior Analysis
main_002560,aaffca9b1b1ffe89c791261157a03651a7016d18479441ed1198d194e8e5c2a5,ef092d42941fb6af2ca50130b1d7a2fb36f80cc98954c008a5ccc00a2995ab79,scarletflash,0.9999999993888158,High,5000000.0,4999999.996944079,T1027;T1055;T1486,D3-BAC;D3-BDR;D3-FA;D3-PM;D3-SAW;D3-UBA,Backup Access Control;Backup Data Recovery;File Analysis;Platform Monitoring;System Access Workflow;User Behavior Analysis
main_002561,2702f811fe7a057a0b3db8702a86ccb8d0fc710d0aa7b49cf6511488697e4a8f,02f47a65d4fd8d00c4aff12092e2155e9f12df2d089bcb1e28b5d65d0d4d7f0f,wacatac,0.9999999999833692,High,5000000.0,4999999.999916846,T1027;T1055;T1486,D3-BAC;D3-BDR;D3-FA;D3-PM;D3-SAW;D3-UBA,Backup Access Control;Backup Data Recovery;File Analysis;Platform Monitoring;System Access Workflow;User Behavior Analysis
main_002567,161126d58aaae680453bb5e8178d877cc7ddb456fa8cdd83b0de7906846b98e5,72d49f51276bfe8a48b1770f0858af6a307fe180b60efcedd44bcf86ec251706,flystudio,0.9999998906089552,High,5000000.0,4999999.453044776,T1027;T1055;T1486,D3-BAC;D3-BDR;D3-FA;D3-PM;D3-SAW;D3-UBA,Backup Access Control;Backup Data Recovery;File Analysis;Platform Monitoring;System Access Workflow;User Behavior Analysis
main_002569,42cf0b9a1edb6752b55c09aac8b5759d7e1798755c223562df713b80176bc1d5,72d49f51276bfe8a48b1770f0858af6a307fe180b60efcedd44bcf86ec251706,flystudio,0.999999998915012,High,5000000.0,4999999.99457506,T1027;T1055;T1486,D3-BAC;D3-BDR;D3-FA;D3-PM;D3-SAW;D3-UBA,Backup Access Control;Backup Data Recovery;File Analysis;Platform Monitoring;System Access Workflow;User Behavior Analysis
main_002580,4f58bb40140adf9cb021e8901511e169cfcef1ef4b23b91de49b7b82a97ecfce,09282e3bc974d099e3c1cef03394d2e2b564f10e3cac2c06b4f79e74a76cc774,baidusearch,0.9996951952049918,High,5000000.0,4998475.976024959,T1027;T1055;T1486,D3-BAC;D3-BDR;D3-FA;D3-PM;D3-SAW;D3-UBA,Backup Access Control;Backup Data Recovery;File Analysis;Platform Monitoring;System Access Workflow;User Behavior Analysis
main_002582,d69447004e3dd1b6bc5628d77ac1e8f7b4eec26c8ff8f0bfc10286fd80053dae,c61f9dbf4af88faf1552da707a9ba3d86a76deee0ff1e082e6a9c784274920d6,ulise,0.999951168263753,High,5000000.0,4999755.841318765,T1027;T1055;T1486,D3-BAC;D3-BDR;D3-FA;D3-PM;D3-SAW;D3-UBA,Backup Access Control;Backup Data Recovery;File Analysis;Platform Monitoring;System Access Workflow;User Behavior Analysis
main_002585,0192388dc6fab0ba9e23d40a9b1173bfee7942e7272431c2eec4dcb6de5c613e,e2195e8d572011dd26e38a71141f2d3f36632ef12a50da4581439b1c5c1ada48,blackmoon,1.0,High,5000000.0,5000000.0,T1027;T1055;T1486,D3-BAC;D3-BDR;D3-FA;D3-PM;D3-SAW;D3-UBA,Backup Access Control;Backup Data Recovery;File Analysis;Platform Monitoring;System Access Workflow;User Behavior Analysis
main_002587,b17df040710325e990671abee690c5e6f75a30497fc6662ed632137fb263a2bc,02f47a65d4fd8d00c4aff12092e2155e9f12df2d089bcb1e28b5d65d0d4d7f0f,wacatac,0.9999990094375342,High,5000000.0,4999995.047187671,T1027;T1055;T1486,D3-BAC;D3-BDR;D3-FA;D3-PM;D3-SAW;D3-UBA,Backup Access Control;Backup Data Recovery;File Analysis;Platform Monitoring;System Access Workflow;User Behavior Analysis
main_002588,c9651f785dbf8e268879e2f87f6bc3c470b0d90af4a695513ee6d08da7126c82,02f47a65d4fd8d00c4aff12092e2155e9f12df2d089bcb1e28b5d65d0d4d7f0f,wacatac,0.996888345268164,High,5000000.0,4984441.72634082,T1027;T1055;T1486,D3-BAC;D3-BDR;D3-FA;D3-PM;D3-SAW;D3-UBA,Backup Access Control;Backup Data Recovery;File Analysis;Platform Monitoring;System Access Workflow;User Behavior Analysis
main_002590,5e7f207ec49dd6f65de0ccac80a1d6f068b640319852d29e9683fa221e669ce6,c9e58d481ca76ea25d4579ea39056b5f5e3a5c25648274f9dcd1b6c533284d52,upatre,0.9999224270724102,High,5000000.0,4999612.1353620505,T1027;T1055;T1486,D3-BAC;D3-BDR;D3-FA;D3-PM;D3-SAW;D3-UBA,Backup Access Control;Backup Data Recovery;File Analysis;Platform Monitoring;System Access Workflow;User Behavior Analysis
main_002612,21f654afccd83b6a8e3008c4f0d9df33cb50c5414e6f9a33397178a5ffeb4204,72d49f51276bfe8a48b1770f0858af6a307fe180b60efcedd44bcf86ec251706,flystudio,0.999999630705916,High,5000000.0,4999998.15352958,T1027;T1055;T1486,D3-BAC;D3-BDR;D3-FA;D3-PM;D3-SAW;D3-UBA,Backup Access Control;Backup Data Recovery;File Analysis;Platform Monitoring;System Access Workflow;User Behavior Analysis
main_002649,1a84f610a1a298900629e41b5e914d94ee0c527f67b450fb386f880dd8fa9853,b29fbadeecb4793aa6728e48db365c12430759deacb5140c3280a14f45f0ef90,ramnit,0.99999762393549,High,5000000.0,4999988.11967745,T1027;T1055;T1486,D3-BAC;D3-BDR;D3-FA;D3-PM;D3-SAW;D3-UBA,Backup Access Control;Backup Data Recovery;File Analysis;Platform Monitoring;System Access Workflow;User Behavior Analysis
main_002692,89e305249e19ad80e82b1d272114c858b794c130b1e49ba255bcf01290f33151,e2195e8d572011dd26e38a71141f2d3f36632ef12a50da4581439b1c5c1ada48,blackmoon,0.9999999999999972,High,5000000.0,4999999.999999986,T1027;T1055;T1486,D3-BAC;D3-BDR;D3-FA;D3-PM;D3-SAW;D3-UBA,Backup Access Control;Backup Data Recovery;File Analysis;Platform Monitoring;System Access Workflow;User Behavior Analysis
main_002697,f8cfc211477175158c1bcfa510b898d8a666692d35d8ae074fd33a52e6d135fe,b29fbadeecb4793aa6728e48db365c12430759deacb5140c3280a14f45f0ef90,ramnit,0.9965659839665696,High,5000000.0,4982829.919832848,T1027;T1055;T1486,D3-BAC;D3-BDR;D3-FA;D3-PM;D3-SAW;D3-UBA,Backup Access Control;Backup Data Recovery;File Analysis;Platform Monitoring;System Access Workflow;User Behavior Analysis
main_002704,67a94fd2ce028acc41d59ff45fc358ade253c62f267cdfa8ada6c836facf449b,02f47a65d4fd8d00c4aff12092e2155e9f12df2d089bcb1e28b5d65d0d4d7f0f,wacatac,0.999998646631472,High,5000000.0,4999993.23315736,T1027;T1055;T1486,D3-BAC;D3-BDR;D3-FA;D3-PM;D3-SAW;D3-UBA,Backup Access Control;Backup Data Recovery;File Analysis;Platform Monitoring;System Access Workflow;User Behavior Analysis
main_002707,0b8c893ba30e18a1695f72085356ab052967df44bfb56863266b846644c119b8,02f47a65d4fd8d00c4aff12092e2155e9f12df2d089bcb1e28b5d65d0d4d7f0f,wacatac,0.9999084522349284,High,5000000.0,4999542.2611746425,T1027;T1055;T1486,D3-BAC;D3-BDR;D3-FA;D3-PM;D3-SAW;D3-UBA,Backup Access Control;Backup Data Recovery;File Analysis;Platform Monitoring;System Access Workflow;User Behavior Analysis
main_002708,9e387b7a13757564b79373df356443930ba3bf24d275a3c42a6559f2e74e5c03,fd5104756137718da71be7bec3f2a88cb3dc4f6df936e61e4bd012cb9108027c,convagent,0.9999999999998106,High,5000000.0,4999999.999999053,T1027;T1055;T1486,D3-BAC;D3-BDR;D3-FA;D3-PM;D3-SAW;D3-UBA,Backup Access Control;Backup Data Recovery;File Analysis;Platform Monitoring;System Access Workflow;User Behavior Analysis
main_002709,587c939278d7becb28d35b9ead2ce8e7d9ca00fff0d1f2baaa2a63514e387a7b,02f47a65d4fd8d00c4aff12092e2155e9f12df2d089bcb1e28b5d65d0d4d7f0f,wacatac,0.999957618171748,High,5000000.0,4999788.09085874,T1027;T1055;T1486,D3-BAC;D3-BDR;D3-FA;D3-PM;D3-SAW;D3-UBA,Backup Access Control;Backup Data Recovery;File Analysis;Platform Monitoring;System Access Workflow;User Behavior Analysis
main_002717,eedc0c6c1946c26dbf7811976467ed6a9d1c73720cdbe2026d433fe0469d49f9,e48eb0b9319f871b4d5e4493b7ab028fed0fe16e52db9e0cc2b3e76dce9facee,vilsel,0.9999999998501944,High,5000000.0,4999999.999250972,T1027;T1055;T1486,D3-BAC;D3-BDR;D3-FA;D3-PM;D3-SAW;D3-UBA,Backup Access Control;Backup Data Recovery;File Analysis;Platform Monitoring;System Access Workflow;User Behavior Analysis
main_002718,48c4fd7473e42d78736a24f0e043641d23c911699fa69b3bceef3b6b13b1fac2,02f47a65d4fd8d00c4aff12092e2155e9f12df2d089bcb1e28b5d65d0d4d7f0f,wacatac,0.9996879316879502,High,5000000.0,4998439.658439751,T1027;T1055;T1486,D3-BAC;D3-BDR;D3-FA;D3-PM;D3-SAW;D3-UBA,Backup Access Control;Backup Data Recovery;File Analysis;Platform Monitoring;System Access Workflow;User Behavior Analysis
main_002720,819d8f842e184bfb6e4c4953f9f44cd11e59bc346e8748a476ffa8437929e2d6,72d49f51276bfe8a48b1770f0858af6a307fe180b60efcedd44bcf86ec251706,flystudio,0.9999999852758872,High,5000000.0,4999999.926379436,T1027;T1055;T1486,D3-BAC;D3-BDR;D3-FA;D3-PM;D3-SAW;D3-UBA,Backup Access Control;Backup Data Recovery;File Analysis;Platform Monitoring;System Access Workflow;User Behavior Analysis
main_002722,a32592adb6bd5b0b49e72a47df5fcc077d442c75bbd39c250c2d721acad5bdf0,0d0369bddd56ae3afd8478d7a6e0ae86ecf056d94f0f016e0e186e9c1bf52c20,legmir,0.9999963714776782,High,5000000.0,4999981.857388391,T1027;T1055;T1486,D3-BAC;D3-BDR;D3-FA;D3-PM;D3-SAW;D3-UBA,Backup Access Control;Backup Data Recovery;File Analysis;Platform Monitoring;System Access Workflow;User Behavior Analysis
main_002724,9b0d6109e8b6e4284b6312f9976e56a7cca68fa013ebfdf9790f8d10d1182dd8,02f47a65d4fd8d00c4aff12092e2155e9f12df2d089bcb1e28b5d65d0d4d7f0f,wacatac,0.9999981939878564,High,5000000.0,4999990.969939282,T1027;T1055;T1486,D3-BAC;D3-BDR;D3-FA;D3-PM;D3-SAW;D3-UBA,Backup Access Control;Backup Data Recovery;File Analysis;Platform Monitoring;System Access Workflow;User Behavior Analysis
main_002730,08adb9e259bbae657416987a9f0c9cf741ff57195ce9c44cbd68f462ec0a7b48,02f47a65d4fd8d00c4aff12092e2155e9f12df2d089bcb1e28b5d65d0d4d7f0f,wacatac,0.9999970612040416,High,5000000.0,4999985.306020209,T1027;T1055;T1486,D3-BAC;D3-BDR;D3-FA;D3-PM;D3-SAW;D3-UBA,Backup Access Control;Backup Data Recovery;File Analysis;Platform Monitoring;System Access Workflow;User Behavior Analysis
main_002733,4f5a467aedf3b5ecbbb8792e220bc6a1a153971e745cc3821521ab33b1d1e370,ef092d42941fb6af2ca50130b1d7a2fb36f80cc98954c008a5ccc00a2995ab79,scarletflash,0.9999999971179712,High,5000000.0,4999999.985589855,T1027;T1055;T1486,D3-BAC;D3-BDR;D3-FA;D3-PM;D3-SAW;D3-UBA,Backup Access Control;Backup Data Recovery;File Analysis;Platform Monitoring;System Access Workflow;User Behavior Analysis
main_002735,9fdf20397c230ae99b2b78ed9f5ee22b0c968494aa15bf79a3328fe615cf9211,02f47a65d4fd8d00c4aff12092e2155e9f12df2d089bcb1e28b5d65d0d4d7f0f,wacatac,0.99999646493258,High,5000000.0,4999982.3246629,T1027;T1055;T1486,D3-BAC;D3-BDR;D3-FA;D3-PM;D3-SAW;D3-UBA,Backup Access Control;Backup Data Recovery;File Analysis;Platform Monitoring;System Access Workflow;User Behavior Analysis
main_002736,44f041361129c829cd25468a2d30003eb45b35833c6f5b31764ffa8fac563da0,72d49f51276bfe8a48b1770f0858af6a307fe180b60efcedd44bcf86ec251706,flystudio,0.9999997501675196,High,5000000.0,4999998.750837598,T1027;T1055;T1486,D3-BAC;D3-BDR;D3-FA;D3-PM;D3-SAW;D3-UBA,Backup Access Control;Backup Data Recovery;File Analysis;Platform Monitoring;System Access Workflow;User Behavior Analysis
main_002741,8bf30e6e0d646522fe01d8d000834958e35e39e18d9330d18146b11492106b8b,02f47a65d4fd8d00c4aff12092e2155e9f12df2d089bcb1e28b5d65d0d4d7f0f,wacatac,0.9999999997392036,High,5000000.0,4999999.998696018,T1027;T1055;T1486,D3-BAC;D3-BDR;D3-FA;D3-PM;D3-SAW;D3-UBA,Backup Access Control;Backup Data Recovery;File Analysis;Platform Monitoring;System Access Workflow;User Behavior Analysis
main_002748,fd9ace595ea28c845bed69232304d2100185c1358bfc9b53f6c5303010b25086,02f47a65d4fd8d00c4aff12092e2155e9f12df2d089bcb1e28b5d65d0d4d7f0f,wacatac,0.9999999760312468,High,5000000.0,4999999.880156234,T1027;T1055;T1486,D3-BAC;D3-BDR;D3-FA;D3-PM;D3-SAW;D3-UBA,Backup Access Control;Backup Data Recovery;File Analysis;Platform Monitoring;System Access Workflow;User Behavior Analysis
main_002784,b55e3b8e0d9ce3a6a1cf81516de5bc019421e29b8c5f4443a39b69fdb2fb6ec2,02f47a65d4fd8d00c4aff12092e2155e9f12df2d089bcb1e28b5d65d0d4d7f0f,wacatac,0.999671726760517,High,5000000.0,4998358.633802584,T1027;T1055;T1486,D3-BAC;D3-BDR;D3-FA;D3-PM;D3-SAW;D3-UBA,Backup Access Control;Backup Data Recovery;File Analysis;Platform Monitoring;System Access Workflow;User Behavior Analysis
main_002792,b6e8b194f00b6b159edf2357a8756ef4131b22a27b0ee8d26ca2f2cdb89a6257,02f47a65d4fd8d00c4aff12092e2155e9f12df2d089bcb1e28b5d65d0d4d7f0f,wacatac,0.9999534815513852,High,5000000.0,4999767.407756926,T1027;T1055;T1486,D3-BAC;D3-BDR;D3-FA;D3-PM;D3-SAW;D3-UBA,Backup Access Control;Backup Data Recovery;File Analysis;Platform Monitoring;System Access Workflow;User Behavior Analysis
main_002802,24ca47a8d4f076958671ba803c7fe68a75b66528eecd140dc5028cf0f39a144e,72d49f51276bfe8a48b1770f0858af6a307fe180b60efcedd44bcf86ec251706,flystudio,0.9999905374504636,High,5000000.0,4999952.687252319,T1027;T1055;T1486,D3-BAC;D3-BDR;D3-FA;D3-PM;D3-SAW;D3-UBA,Backup Access Control;Backup Data Recovery;File Analysis;Platform Monitoring;System Access Workflow;User Behavior Analysis
main_002811,887e0c854254072a215cb996c1386d5c17e67e6253ec61e5f473b4f279c907ad,72d49f51276bfe8a48b1770f0858af6a307fe180b60efcedd44bcf86ec251706,flystudio,0.9999727219745878,High,5000000.0,4999863.609872939,T1027;T1055;T1486,D3-BAC;D3-BDR;D3-FA;D3-PM;D3-SAW;D3-UBA,Backup Access Control;Backup Data Recovery;File Analysis;Platform Monitoring;System Access Workflow;User Behavior Analysis
main_002815,c16b76b7bfb27e945136e16da56ccdea7b162b94f0057e90bc3d08d0f2e89829,c13660685e4547f4975999112a567d5207ec43f24c697d52e674f6f67f9c7483,havoc,0.9999994042355564,High,5000000.0,4999997.021177783,T1027;T1055;T1486,D3-BAC;D3-BDR;D3-FA;D3-PM;D3-SAW;D3-UBA,Backup Access Control;Backup Data Recovery;File Analysis;Platform Monitoring;System Access Workflow;User Behavior Analysis
main_002818,1fa55772e7d246fcff5250f45cca6a50309099a19d92f6e76b58c15f794b218e,c13660685e4547f4975999112a567d5207ec43f24c697d52e674f6f67f9c7483,havoc,0.9994294555711752,High,5000000.0,4997147.277855876,T1027;T1055;T1486,D3-BAC;D3-BDR;D3-FA;D3-PM;D3-SAW;D3-UBA,Backup Access Control;Backup Data Recovery;File Analysis;Platform Monitoring;System Access Workflow;User Behavior Analysis
main_002827,fef23f01669835cbec347f8a9ba9c06d4dd4339879b559bc356d5c8971460711,02f47a65d4fd8d00c4aff12092e2155e9f12df2d089bcb1e28b5d65d0d4d7f0f,wacatac,0.9999999370063412,High,5000000.0,4999999.685031706,T1027;T1055;T1486,D3-BAC;D3-BDR;D3-FA;D3-PM;D3-SAW;D3-UBA,Backup Access Control;Backup Data Recovery;File Analysis;Platform Monitoring;System Access Workflow;User Behavior Analysis
main_002830,1b6d5515deff1f42e72ae64c6d286f03c268a3707e18d380eb000373bcf11b0b,c13660685e4547f4975999112a567d5207ec43f24c697d52e674f6f67f9c7483,havoc,0.9991517717359236,High,5000000.0,4995758.858679618,T1027;T1055;T1486,D3-BAC;D3-BDR;D3-FA;D3-PM;D3-SAW;D3-UBA,Backup Access Control;Backup Data Recovery;File Analysis;Platform Monitoring;System Access Workflow;User Behavior Analysis
main_002834,67fb89ea73497c5ab9edcca74b0609c645b60d7b53992b83b78c421ad5785f83,02f47a65d4fd8d00c4aff12092e2155e9f12df2d089bcb1e28b5d65d0d4d7f0f,wacatac,0.9999999999982168,High,5000000.0,4999999.999991084,T1027;T1055;T1486,D3-BAC;D3-BDR;D3-FA;D3-PM;D3-SAW;D3-UBA,Backup Access Control;Backup Data Recovery;File Analysis;Platform Monitoring;System Access Workflow;User Behavior Analysis
main_002835,a6506e9e661756360bd556958e618aa3f849c44ecd6eb7224c7683c652cc0d3b,02f47a65d4fd8d00c4aff12092e2155e9f12df2d089bcb1e28b5d65d0d4d7f0f,wacatac,0.9999999999995222,High,5000000.0,4999999.999997611,T1027;T1055;T1486,D3-BAC;D3-BDR;D3-FA;D3-PM;D3-SAW;D3-UBA,Backup Access Control;Backup Data Recovery;File Analysis;Platform Monitoring;System Access Workflow;User Behavior Analysis
main_002843,134c0beffffb62cb0b890ff24f6e9606009dde6ccd7eef1a0e09acf79c6fa03e,b83ef675cc28b5b0387916e29e9ced4ef6c6d6ea4fcffdbc3b3b086e80167fce,berbew,0.999999999999642,High,5000000.0,4999999.99999821,T1027;T1055;T1486,D3-BAC;D3-BDR;D3-FA;D3-PM;D3-SAW;D3-UBA,Backup Access Control;Backup Data Recovery;File Analysis;Platform Monitoring;System Access Workflow;User Behavior Analysis
main_002847,fb44935d2db7ec3835ee9aa646be9d2ec769cc964c35bf1af4b2843f74ec14fc,c8b999ec8614bd108b6640f976e6442afa74ef68f3436b132f6e6dfe4879fcad,grandoreiro,0.9999999999996704,High,5000000.0,4999999.999998352,T1027;T1055;T1486,D3-BAC;D3-BDR;D3-FA;D3-PM;D3-SAW;D3-UBA,Backup Access Control;Backup Data Recovery;File Analysis;Platform Monitoring;System Access Workflow;User Behavior Analysis
main_002856,55a262b9ed42593be673b5e5938636d189879cff5a6255d0faf13b50e1854b78,ef092d42941fb6af2ca50130b1d7a2fb36f80cc98954c008a5ccc00a2995ab79,scarletflash,0.9999999999999736,High,5000000.0,4999999.999999868,T1027;T1055;T1486,D3-BAC;D3-BDR;D3-FA;D3-PM;D3-SAW;D3-UBA,Backup Access Control;Backup Data Recovery;File Analysis;Platform Monitoring;System Access Workflow;User Behavior Analysis
main_002859,3e03ba11c40caa19635961589ade52c91e655feb687ffc58ae6629cb9a557eb4,b83ef675cc28b5b0387916e29e9ced4ef6c6d6ea4fcffdbc3b3b086e80167fce,berbew,0.9999999074496912,High,5000000.0,4999999.537248456,T1027;T1055;T1486,D3-BAC;D3-BDR;D3-FA;D3-PM;D3-SAW;D3-UBA,Backup Access Control;Backup Data Recovery;File Analysis;Platform Monitoring;System Access Workflow;User Behavior Analysis
main_002861,6b89ed643b9a49f4c9a5b270f4d513911f24976a0d3f011ff6efd747928b2aeb,02f47a65d4fd8d00c4aff12092e2155e9f12df2d089bcb1e28b5d65d0d4d7f0f,wacatac,0.9999999970404728,High,5000000.0,4999999.985202364,T1027;T1055;T1486,D3-BAC;D3-BDR;D3-FA;D3-PM;D3-SAW;D3-UBA,Backup Access Control;Backup Data Recovery;File Analysis;Platform Monitoring;System Access Workflow;User Behavior Analysis
main_002862,64fa57cc16332990c5f2a8351c47b22b53b00d0527804ad616523ad15b59d933,b83ef675cc28b5b0387916e29e9ced4ef6c6d6ea4fcffdbc3b3b086e80167fce,berbew,0.9999999999885713,High,5000000.0,4999999.999942856,T1027;T1055;T1486,D3-BAC;D3-BDR;D3-FA;D3-PM;D3-SAW;D3-UBA,Backup Access Control;Backup Data Recovery;File Analysis;Platform Monitoring;System Access Workflow;User Behavior Analysis
main_002867,cbf372dbeb09fb41f61678518798916364dd3b8220e16ff116868ef54bab80c7,b83ef675cc28b5b0387916e29e9ced4ef6c6d6ea4fcffdbc3b3b086e80167fce,berbew,0.9999999999992228,High,5000000.0,4999999.9999961145,T1027;T1055;T1486,D3-BAC;D3-BDR;D3-FA;D3-PM;D3-SAW;D3-UBA,Backup Access Control;Backup Data Recovery;File Analysis;Platform Monitoring;System Access Workflow;User Behavior Analysis
main_002878,5694969c0e2dc35c94e20148ec458f52eb5d53d295591ff8415dbbfe1042f371,b83ef675cc28b5b0387916e29e9ced4ef6c6d6ea4fcffdbc3b3b086e80167fce,berbew,0.999999998720002,High,5000000.0,4999999.99360001,T1027;T1055;T1486,D3-BAC;D3-BDR;D3-FA;D3-PM;D3-SAW;D3-UBA,Backup Access Control;Backup Data Recovery;File Analysis;Platform Monitoring;System Access Workflow;User Behavior Analysis
main_002880,fcba0553e567a4bdd20611875a3e73a284bd21b3f83dbebb09040dd6d4e4056a,b6528b8d460196d24590fc256e3028ded67955d79af712031bd30023ffecfc08,mufila,0.999999987081686,High,5000000.0,4999999.93540843,T1027;T1055;T1486,D3-BAC;D3-BDR;D3-FA;D3-PM;D3-SAW;D3-UBA,Backup Access Control;Backup Data Recovery;File Analysis;Platform Monitoring;System Access Workflow;User Behavior Analysis
main_002892,2bc9e9b32e7521df27d81224bddc2b71c3ab360d3e5b71d13a868dcd71b2be87,ef092d42941fb6af2ca50130b1d7a2fb36f80cc98954c008a5ccc00a2995ab79,scarletflash,0.999998212001428,High,5000000.0,4999991.06000714,T1027;T1055;T1486,D3-BAC;D3-BDR;D3-FA;D3-PM;D3-SAW;D3-UBA,Backup Access Control;Backup Data Recovery;File Analysis;Platform Monitoring;System Access Workflow;User Behavior Analysis
main_002898,87e550159ab5d796d3c31ec6f49d4e88598adb5f6cf3e7cfdcc2fe05fccd5abd,a49c1d0380688dd9e1898df37e8a7f9e7747212a5b47494173bd2e4a91452fb7,alien,0.9999999999999578,High,5000000.0,4999999.9999997895,T1027;T1055;T1486,D3-BAC;D3-BDR;D3-FA;D3-PM;D3-SAW;D3-UBA,Backup Access Control;Backup Data Recovery;File Analysis;Platform Monitoring;System Access Workflow;User Behavior Analysis
main_002902,c0baecbf60d992cff1cc811fee18ea52ca970f1006eaa55127003afd8d701da8,02f47a65d4fd8d00c4aff12092e2155e9f12df2d089bcb1e28b5d65d0d4d7f0f,wacatac,0.9999999999768678,High,5000000.0,4999999.999884339,T1027;T1055;T1486,D3-BAC;D3-BDR;D3-FA;D3-PM;D3-SAW;D3-UBA,Backup Access Control;Backup Data Recovery;File Analysis;Platform Monitoring;System Access Workflow;User Behavior Analysis
main_002910,d9e697ff14843623fe2cd1e6b553ce9f44bb010cd5783b983b77b3237afff077,58bb064ce0f0721aab7e4b4285f49e318ee801ab658d49dcfff305df630cc5c9,bedep,0.9999999981407844,High,5000000.0,4999999.990703922,T1027;T1055;T1486,D3-BAC;D3-BDR;D3-FA;D3-PM;D3-SAW;D3-UBA,Backup Access Control;Backup Data Recovery;File Analysis;Platform Monitoring;System Access Workflow;User Behavior Analysis
main_002916,3f98b051ad090ca7e7ee0c6530776e9cbc0f0dfa2e78b6619456d8f361a6cce1,02f47a65d4fd8d00c4aff12092e2155e9f12df2d089bcb1e28b5d65d0d4d7f0f,wacatac,0.9999997902343468,High,5000000.0,4999998.951171734,T1027;T1055;T1486,D3-BAC;D3-BDR;D3-FA;D3-PM;D3-SAW;D3-UBA,Backup Access Control;Backup Data Recovery;File Analysis;Platform Monitoring;System Access Workflow;User Behavior Analysis
main_002929,d80524a375bf35c039cdca59ae87509b39e7e728407aee2f9ee6295b78dffeb9,02f47a65d4fd8d00c4aff12092e2155e9f12df2d089bcb1e28b5d65d0d4d7f0f,wacatac,0.9999999999019348,High,5000000.0,4999999.999509674,T1027;T1055;T1486,D3-BAC;D3-BDR;D3-FA;D3-PM;D3-SAW;D3-UBA,Backup Access Control;Backup Data Recovery;File Analysis;Platform Monitoring;System Access Workflow;User Behavior Analysis
main_002930,9d5f245cbc5e99cf7f5e4509ea6d4fa7e2ca272081355cd4bb143bc9f9d22200,77862efd76591a786f99d400c0f97633e2bfb2bbd18b09dd6bf33ebe49f40f07,xmrig,1.0,High,5000000.0,5000000.0,T1027;T1055;T1059,D3-AL;D3-CR;D3-FA;D3-PM;D3-SAW;D3-UBA,Application Allowlisting;Command Restriction;File Analysis;Platform Monitoring;System Access Workflow;User Behavior Analysis
main_002932,1ae7ae128940bcbf8d1794550b23936f1590f0b1df776d65b94265e4a990c6e1,77862efd76591a786f99d400c0f97633e2bfb2bbd18b09dd6bf33ebe49f40f07,xmrig,0.9999999964878974,High,5000000.0,4999999.982439487,T1027;T1055;T1059,D3-AL;D3-CR;D3-FA;D3-PM;D3-SAW;D3-UBA,Application Allowlisting;Command Restriction;File Analysis;Platform Monitoring;System Access Workflow;User Behavior Analysis
main_002933,17d9b9d75e274fa6bfb758c7491eaa11fcd55cdbfa6e631d6065bab2b853fa14,77862efd76591a786f99d400c0f97633e2bfb2bbd18b09dd6bf33ebe49f40f07,xmrig,0.9999999999999862,High,5000000.0,4999999.999999931,T1027;T1055;T1059,D3-AL;D3-CR;D3-FA;D3-PM;D3-SAW;D3-UBA,Application Allowlisting;Command Restriction;File Analysis;Platform Monitoring;System Access Workflow;User Behavior Analysis
main_002946,675bcfd2e70a85c16e586195853607f3d1506f61efb8b46e26e175a47392553b,77862efd76591a786f99d400c0f97633e2bfb2bbd18b09dd6bf33ebe49f40f07,xmrig,0.9999999999987514,High,5000000.0,4999999.999993757,T1027;T1055;T1059,D3-AL;D3-CR;D3-FA;D3-PM;D3-SAW;D3-UBA,Application Allowlisting;Command Restriction;File Analysis;Platform Monitoring;System Access Workflow;User Behavior Analysis
main_002947,1c5b39346924a751964ee7f1f1d32e94a374767e00dc3f4024c0cfbdc38bb3e2,77862efd76591a786f99d400c0f97633e2bfb2bbd18b09dd6bf33ebe49f40f07,xmrig,0.9999999999999996,High,5000000.0,4999999.999999998,T1027;T1055;T1059,D3-AL;D3-CR;D3-FA;D3-PM;D3-SAW;D3-UBA,Application Allowlisting;Command Restriction;File Analysis;Platform Monitoring;System Access Workflow;User Behavior Analysis
main_002948,9d43aac5e99645b9fa95b98a2cbced99c703cb044d61aa86c9903c770646a3e4,77862efd76591a786f99d400c0f97633e2bfb2bbd18b09dd6bf33ebe49f40f07,xmrig,1.0,High,5000000.0,5000000.0,T1027;T1055;T1059,D3-AL;D3-CR;D3-FA;D3-PM;D3-SAW;D3-UBA,Application Allowlisting;Command Restriction;File Analysis;Platform Monitoring;System Access Workflow;User Behavior Analysis
main_002949,f489ce15a6703d7e4402b5e881cbad64891bd95c2d68e925a75c3a98628d37be,99e2d5c6e5fb193a148e06547f5c9bb4e3dd2bc061e9a90592462767e9f80912,disin,0.9999999999966804,High,5000000.0,4999999.999983402,T1027;T1055;T1486,D3-BAC;D3-BDR;D3-FA;D3-PM;D3-SAW;D3-UBA,Backup Access Control;Backup Data Recovery;File Analysis;Platform Monitoring;System Access Workflow;User Behavior Analysis
main_002950,cb992f276f94c714e88c63ac9235adff51b432df54999d6da179cb16df4a2082,ef092d42941fb6af2ca50130b1d7a2fb36f80cc98954c008a5ccc00a2995ab79,scarletflash,0.9999999999476924,High,5000000.0,4999999.999738462,T1027;T1055;T1486,D3-BAC;D3-BDR;D3-FA;D3-PM;D3-SAW;D3-UBA,Backup Access Control;Backup Data Recovery;File Analysis;Platform Monitoring;System Access Workflow;User Behavior Analysis
main_002951,84928db8ca2a2e2e00c70e9e3115d9d44d1b24983db2e273ef317a5a42e8d82f,02f47a65d4fd8d00c4aff12092e2155e9f12df2d089bcb1e28b5d65d0d4d7f0f,wacatac,0.9999999999999982,High,5000000.0,4999999.999999991,T1027;T1055;T1486,D3-BAC;D3-BDR;D3-FA;D3-PM;D3-SAW;D3-UBA,Backup Access Control;Backup Data Recovery;File Analysis;Platform Monitoring;System Access Workflow;User Behavior Analysis
main_002957,51a6ab1646fc7cf3bc6e297bc72020c06b74a0d5a6c293d46b6075bb2c129e93,77862efd76591a786f99d400c0f97633e2bfb2bbd18b09dd6bf33ebe49f40f07,xmrig,1.0,High,5000000.0,5000000.0,T1027;T1055;T1059,D3-AL;D3-CR;D3-FA;D3-PM;D3-SAW;D3-UBA,Application Allowlisting;Command Restriction;File Analysis;Platform Monitoring;System Access Workflow;User Behavior Analysis
main_002959,3806fae0fb2ce20b5d60ea3ef261a9e5f2dbc7be5d3b8ab06ee8da790a190678,3bea44f95b17af14e750df7ab567b80b5e9aaaab87c2b4c1204f2269f98af653,disco,0.9999999999998116,High,5000000.0,4999999.999999058,T1027;T1055;T1486,D3-BAC;D3-BDR;D3-FA;D3-PM;D3-SAW;D3-UBA,Backup Access Control;Backup Data Recovery;File Analysis;Platform Monitoring;System Access Workflow;User Behavior Analysis
main_002960,2084d0424c9936f3a76dead9f35f5d3f46bfad6d07db2920867732ef5c2f5753,77862efd76591a786f99d400c0f97633e2bfb2bbd18b09dd6bf33ebe49f40f07,xmrig,1.0,High,5000000.0,5000000.0,T1027;T1055;T1059,D3-AL;D3-CR;D3-FA;D3-PM;D3-SAW;D3-UBA,Application Allowlisting;Command Restriction;File Analysis;Platform Monitoring;System Access Workflow;User Behavior Analysis
main_002961,c3f696f247a1ba0227f282036bbe5cdff2470700e49723506f9f593fb5e4295d,77862efd76591a786f99d400c0f97633e2bfb2bbd18b09dd6bf33ebe49f40f07,xmrig,1.0,High,5000000.0,5000000.0,T1027;T1055;T1059,D3-AL;D3-CR;D3-FA;D3-PM;D3-SAW;D3-UBA,Application Allowlisting;Command Restriction;File Analysis;Platform Monitoring;System Access Workflow;User Behavior Analysis
main_002962,ad99d4e1b9cac902b1865e0555e7aa2bc07f89cb933ce3e46ac5491ea7cf0b00,77862efd76591a786f99d400c0f97633e2bfb2bbd18b09dd6bf33ebe49f40f07,xmrig,0.9999999999999992,High,5000000.0,4999999.999999996,T1027;T1055;T1059,D3-AL;D3-CR;D3-FA;D3-PM;D3-SAW;D3-UBA,Application Allowlisting;Command Restriction;File Analysis;Platform Monitoring;System Access Workflow;User Behavior Analysis
main_002972,785a9a6ba1734d0be63e396f82a5944f522bcde7abbf64b17fe01f20c793ca7a,77862efd76591a786f99d400c0f97633e2bfb2bbd18b09dd6bf33ebe49f40f07,xmrig,1.0,High,5000000.0,5000000.0,T1027;T1055;T1059,D3-AL;D3-CR;D3-FA;D3-PM;D3-SAW;D3-UBA,Application Allowlisting;Command Restriction;File Analysis;Platform Monitoring;System Access Workflow;User Behavior Analysis
main_002975,ead1c0833e3243532f4dbfb6f897920dc141a5832279359482d3b12c97bcb2bc,77862efd76591a786f99d400c0f97633e2bfb2bbd18b09dd6bf33ebe49f40f07,xmrig,0.9999999999999996,High,5000000.0,4999999.999999998,T1027;T1055;T1059,D3-AL;D3-CR;D3-FA;D3-PM;D3-SAW;D3-UBA,Application Allowlisting;Command Restriction;File Analysis;Platform Monitoring;System Access Workflow;User Behavior Analysis
main_003000,713607656deb56a0b96a5cfe4d13bb266ca93de77e914cb692d3bf80c25b3c31,b83ef675cc28b5b0387916e29e9ced4ef6c6d6ea4fcffdbc3b3b086e80167fce,berbew,0.9999999999998912,High,5000000.0,4999999.999999456,T1027;T1055;T1486,D3-BAC;D3-BDR;D3-FA;D3-PM;D3-SAW;D3-UBA,Backup Access Control;Backup Data Recovery;File Analysis;Platform Monitoring;System Access Workflow;User Behavior Analysis
main_003012,fb7eb78c7fe2ea6732ba26e2a8fadc3d9d39b703770978f6f41b0f81615ac330,58bb064ce0f0721aab7e4b4285f49e318ee801ab658d49dcfff305df630cc5c9,bedep,0.999999986053926,High,5000000.0,4999999.930269631,T1027;T1055;T1486,D3-BAC;D3-BDR;D3-FA;D3-PM;D3-SAW;D3-UBA,Backup Access Control;Backup Data Recovery;File Analysis;Platform Monitoring;System Access Workflow;User Behavior Analysis
main_003013,094031e52384406f72d161e1d84eec16069acfca94b038aef15f03f3522f2065,02f47a65d4fd8d00c4aff12092e2155e9f12df2d089bcb1e28b5d65d0d4d7f0f,wacatac,0.999999999927663,High,5000000.0,4999999.999638315,T1027;T1055;T1486,D3-BAC;D3-BDR;D3-FA;D3-PM;D3-SAW;D3-UBA,Backup Access Control;Backup Data Recovery;File Analysis;Platform Monitoring;System Access Workflow;User Behavior Analysis
main_003017,29392fb0341a8d8337050cb82b67f906fef119f6f6b7656e7354a308add46729,0251062657e09a52683bb69861104b0d56d322b162f29dbcff1f4e555eef78a7,clipbanker,0.9999576678754342,High,5000000.0,4999788.33937717,T1027;T1055;T1486,D3-BAC;D3-BDR;D3-FA;D3-PM;D3-SAW;D3-UBA,Backup Access Control;Backup Data Recovery;File Analysis;Platform Monitoring;System Access Workflow;User Behavior Analysis
main_003038,cd07b721449a7c83f179a515febfc862d305809d8208ab818e2095caecdd0b88,3cc62d621b50887019d45b3b35ccfae1ba711bb481ce64fab07e2f02ae2f6e21,lotok,0.9999416778549944,High,5000000.0,4999708.3892749725,T1027;T1055;T1486,D3-BAC;D3-BDR;D3-FA;D3-PM;D3-SAW;D3-UBA,Backup Access Control;Backup Data Recovery;File Analysis;Platform Monitoring;System Access Workflow;User Behavior Analysis
main_003040,a966bf032bb9f2ce776acee5e8e406f1675141af84b04a82aa12c2ed8e004917,77862efd76591a786f99d400c0f97633e2bfb2bbd18b09dd6bf33ebe49f40f07,xmrig,0.9999999999999998,High,5000000.0,4999999.999999999,T1027;T1055;T1059,D3-AL;D3-CR;D3-FA;D3-PM;D3-SAW;D3-UBA,Application Allowlisting;Command Restriction;File Analysis;Platform Monitoring;System Access Workflow;User Behavior Analysis
main_003042,dda0adadd3638e5d4487992240d2ba23fdc77c4aadf28e4db13394a444f0ec13,b83ef675cc28b5b0387916e29e9ced4ef6c6d6ea4fcffdbc3b3b086e80167fce,berbew,0.9999999975575398,High,5000000.0,4999999.987787698,T1027;T1055;T1486,D3-BAC;D3-BDR;D3-FA;D3-PM;D3-SAW;D3-UBA,Backup Access Control;Backup Data Recovery;File Analysis;Platform Monitoring;System Access Workflow;User Behavior Analysis
main_003043,54e11b5e11dbc83bd700d3a88374d1a9d9e57f63776f43991ff4c6dc8c9d945c,02f47a65d4fd8d00c4aff12092e2155e9f12df2d089bcb1e28b5d65d0d4d7f0f,wacatac,0.9999999955026304,High,5000000.0,4999999.977513152,T1027;T1055;T1486,D3-BAC;D3-BDR;D3-FA;D3-PM;D3-SAW;D3-UBA,Backup Access Control;Backup Data Recovery;File Analysis;Platform Monitoring;System Access Workflow;User Behavior Analysis
main_003045,e58ee1d03def698dcc1055d423db44504afff3280e03abf24cc455440b450339,77862efd76591a786f99d400c0f97633e2bfb2bbd18b09dd6bf33ebe49f40f07,xmrig,1.0,High,5000000.0,5000000.0,T1027;T1055;T1059,D3-AL;D3-CR;D3-FA;D3-PM;D3-SAW;D3-UBA,Application Allowlisting;Command Restriction;File Analysis;Platform Monitoring;System Access Workflow;User Behavior Analysis
main_003046,f6ff5c7d078fe13eedff62c8fc55878bf75ab9930300a46c5c4877edfacacc24,77862efd76591a786f99d400c0f97633e2bfb2bbd18b09dd6bf33ebe49f40f07,xmrig,1.0,High,5000000.0,5000000.0,T1027;T1055;T1059,D3-AL;D3-CR;D3-FA;D3-PM;D3-SAW;D3-UBA,Application Allowlisting;Command Restriction;File Analysis;Platform Monitoring;System Access Workflow;User Behavior Analysis
main_003047,491f17e4e8184bed746562549f240217218c82a4053c94b98be24c7379916d2b,d6ad9dee27cfd2b3df63896bd02ab0d74cc6eb52960103dc5686f77c43122dae,emdup,0.9999999999883002,High,5000000.0,4999999.999941501,T1027;T1055;T1486,D3-BAC;D3-BDR;D3-FA;D3-PM;D3-SAW;D3-UBA,Backup Access Control;Backup Data Recovery;File Analysis;Platform Monitoring;System Access Workflow;User Behavior Analysis
main_003049,78662417eb555ac88df8d7b1fd993a6c46a6a380784083e89310d10d14641871,77862efd76591a786f99d400c0f97633e2bfb2bbd18b09dd6bf33ebe49f40f07,xmrig,1.0,High,5000000.0,5000000.0,T1027;T1055;T1059,D3-AL;D3-CR;D3-FA;D3-PM;D3-SAW;D3-UBA,Application Allowlisting;Command Restriction;File Analysis;Platform Monitoring;System Access Workflow;User Behavior Analysis
main_003050,12952de2f849d7820feba6d7075ac3744e61ab109ff9f949b241e36780607892,ef092d42941fb6af2ca50130b1d7a2fb36f80cc98954c008a5ccc00a2995ab79,scarletflash,0.9999999988758308,High,5000000.0,4999999.994379154,T1027;T1055;T1486,D3-BAC;D3-BDR;D3-FA;D3-PM;D3-SAW;D3-UBA,Backup Access Control;Backup Data Recovery;File Analysis;Platform Monitoring;System Access Workflow;User Behavior Analysis
main_003061,b34fb480e6d9eed7c1def8177d7ce068462b58cb3948d0fcc0167a329d010378,02f47a65d4fd8d00c4aff12092e2155e9f12df2d089bcb1e28b5d65d0d4d7f0f,wacatac,0.9999999999985876,High,5000000.0,4999999.999992938,T1027;T1055;T1486,D3-BAC;D3-BDR;D3-FA;D3-PM;D3-SAW;D3-UBA,Backup Access Control;Backup Data Recovery;File Analysis;Platform Monitoring;System Access Workflow;User Behavior Analysis
main_003079,723f3955d5a99d077d92c0ebfb6af907f393a4b3219cdafdd8d480b25e2307d3,02f47a65d4fd8d00c4aff12092e2155e9f12df2d089bcb1e28b5d65d0d4d7f0f,wacatac,0.999999999953186,High,5000000.0,4999999.99976593,T1027;T1055;T1486,D3-BAC;D3-BDR;D3-FA;D3-PM;D3-SAW;D3-UBA,Backup Access Control;Backup Data Recovery;File Analysis;Platform Monitoring;System Access Workflow;User Behavior Analysis
main_003091,e1781c82bb7c07d624cd842e6ad862006d14e696a3545d461ac52faa2c690bb3,d711b7a44fad7b8bc0f622f2fbf870fb0f62f82a5a5a78c5499a9b4110118984,goshell,0.9999999937743976,High,5000000.0,4999999.968871988,T1027;T1055;T1486,D3-BAC;D3-BDR;D3-FA;D3-PM;D3-SAW;D3-UBA,Backup Access Control;Backup Data Recovery;File Analysis;Platform Monitoring;System Access Workflow;User Behavior Analysis
main_003095,19f021533da7c21b7a7fe43adfbe9f3ea89dbed0fe7b02accdcda314d0afe532,77862efd76591a786f99d400c0f97633e2bfb2bbd18b09dd6bf33ebe49f40f07,xmrig,0.999999949132012,High,5000000.0,4999999.74566006,T1027;T1055;T1059,D3-AL;D3-CR;D3-FA;D3-PM;D3-SAW;D3-UBA,Application Allowlisting;Command Restriction;File Analysis;Platform Monitoring;System Access Workflow;User Behavior Analysis
main_003096,6a3e0068079cd2ead92d5f2768ff576e22638345dc4aa084cdd92bdc86699c45,02f47a65d4fd8d00c4aff12092e2155e9f12df2d089bcb1e28b5d65d0d4d7f0f,wacatac,0.9999999999998516,High,5000000.0,4999999.999999258,T1027;T1055;T1486,D3-BAC;D3-BDR;D3-FA;D3-PM;D3-SAW;D3-UBA,Backup Access Control;Backup Data Recovery;File Analysis;Platform Monitoring;System Access Workflow;User Behavior Analysis
main_003105,a45757848a8455eaa56a919b074020e60a096d691ee8bc7b86fb7bc11a3f204b,02f47a65d4fd8d00c4aff12092e2155e9f12df2d089bcb1e28b5d65d0d4d7f0f,wacatac,0.9998904442196008,High,5000000.0,4999452.221098004,T1027;T1055;T1486,D3-BAC;D3-BDR;D3-FA;D3-PM;D3-SAW;D3-UBA,Backup Access Control;Backup Data Recovery;File Analysis;Platform Monitoring;System Access Workflow;User Behavior Analysis
main_003106,bcd132725bfb45d6fb2ae8923c3e8e53dcb72021a859f95c0940568311a82d10,970ec274ca867815174ebe4eff19282000f9495a6c7254e94991d1fb4dc3df30,luna,0.9999999999995504,High,5000000.0,4999999.999997752,T1027;T1055;T1486,D3-BAC;D3-BDR;D3-FA;D3-PM;D3-SAW;D3-UBA,Backup Access Control;Backup Data Recovery;File Analysis;Platform Monitoring;System Access Workflow;User Behavior Analysis
main_003123,e9bab5d7ebed508e18543de226afc59378b7fc84ff62b3a427d48ff526f6feea,970ec274ca867815174ebe4eff19282000f9495a6c7254e94991d1fb4dc3df30,luna,0.999999999999906,High,5000000.0,4999999.99999953,T1027;T1055;T1486,D3-BAC;D3-BDR;D3-FA;D3-PM;D3-SAW;D3-UBA,Backup Access Control;Backup Data Recovery;File Analysis;Platform Monitoring;System Access Workflow;User Behavior Analysis
main_003125,9de9f7af961bd8b269b6b84e2922239b93593d297e49e8a40cd7c5886e4de879,acfd227c9e2a637ba527343252a51d6cbf588451f0194210216eeda06e834e95,banload,0.9999999999999998,High,5000000.0,4999999.999999999,T1027;T1055;T1486,D3-BAC;D3-BDR;D3-FA;D3-PM;D3-SAW;D3-UBA,Backup Access Control;Backup Data Recovery;File Analysis;Platform Monitoring;System Access Workflow;User Behavior Analysis
main_003137,28b61f126aee448db9c19ff73e06db735b4a8d3a42c9718e2c870750922fab68,02f47a65d4fd8d00c4aff12092e2155e9f12df2d089bcb1e28b5d65d0d4d7f0f,wacatac,0.99936095535604,High,5000000.0,4996804.7767802,T1027;T1055;T1486,D3-BAC;D3-BDR;D3-FA;D3-PM;D3-SAW;D3-UBA,Backup Access Control;Backup Data Recovery;File Analysis;Platform Monitoring;System Access Workflow;User Behavior Analysis
main_003141,515f2ee82cf4379088ecd4c4b3c09f94104e2bccb5c807c38f8afb3c556f2821,02f47a65d4fd8d00c4aff12092e2155e9f12df2d089bcb1e28b5d65d0d4d7f0f,wacatac,0.9999984316925156,High,5000000.0,4999992.1584625775,T1027;T1055;T1486,D3-BAC;D3-BDR;D3-FA;D3-PM;D3-SAW;D3-UBA,Backup Access Control;Backup Data Recovery;File Analysis;Platform Monitoring;System Access Workflow;User Behavior Analysis
main_003142,3d2b7bacf63cba68ea4760142ae936a6b394411cd588243fb7664637c339429e,ef092d42941fb6af2ca50130b1d7a2fb36f80cc98954c008a5ccc00a2995ab79,scarletflash,0.9999999999921244,High,5000000.0,4999999.999960622,T1027;T1055;T1486,D3-BAC;D3-BDR;D3-FA;D3-PM;D3-SAW;D3-UBA,Backup Access Control;Backup Data Recovery;File Analysis;Platform Monitoring;System Access Workflow;User Behavior Analysis
main_003149,fc5d39ccffe04f502ef2a359e34f3240fc73346f47449605df9e9d8c939456ea,41e5cac4298e131e87215f8f3e62b154d2629cb3f77817234864d2ea1b4884ed,shelm,0.999999014432675,High,5000000.0,4999995.072163375,T1027;T1055;T1486,D3-BAC;D3-BDR;D3-FA;D3-PM;D3-SAW;D3-UBA,Backup Access Control;Backup Data Recovery;File Analysis;Platform Monitoring;System Access Workflow;User Behavior Analysis
main_003152,4580848ef3a5d7b3e8eff75c953a9c1a480571b7ce1e4e97682b19b8805c6b2a,77862efd76591a786f99d400c0f97633e2bfb2bbd18b09dd6bf33ebe49f40f07,xmrig,0.9999999999998568,High,5000000.0,4999999.999999284,T1027;T1055;T1059,D3-AL;D3-CR;D3-FA;D3-PM;D3-SAW;D3-UBA,Application Allowlisting;Command Restriction;File Analysis;Platform Monitoring;System Access Workflow;User Behavior Analysis
main_003171,3a390f48c60d72665ea46c845e694989c67a1e6b6410892e180407f7dfade2a0,fd5104756137718da71be7bec3f2a88cb3dc4f6df936e61e4bd012cb9108027c,convagent,0.9998560691547036,High,5000000.0,4999280.345773518,T1027;T1055;T1486,D3-BAC;D3-BDR;D3-FA;D3-PM;D3-SAW;D3-UBA,Backup Access Control;Backup Data Recovery;File Analysis;Platform Monitoring;System Access Workflow;User Behavior Analysis
main_003174,9e830143f3880a23d560f43f7257e4bb3f624651a7d263f3481ebf94ed247bf5,41e5cac4298e131e87215f8f3e62b154d2629cb3f77817234864d2ea1b4884ed,shelm,0.999999999768745,High,5000000.0,4999999.998843725,T1027;T1055;T1486,D3-BAC;D3-BDR;D3-FA;D3-PM;D3-SAW;D3-UBA,Backup Access Control;Backup Data Recovery;File Analysis;Platform Monitoring;System Access Workflow;User Behavior Analysis
main_003177,c509c6ea60d83535f59185a54781fbaa56d51d8b66466bae6a22070dd2211c39,187f622dc0da983d25da3df0e452808a96dd8c64c24aace69bc339cfe47a165d,expiro,0.9999999999992562,High,5000000.0,4999999.99999628,T1027;T1055;T1486,D3-BAC;D3-BDR;D3-FA;D3-PM;D3-SAW;D3-UBA,Backup Access Control;Backup Data Recovery;File Analysis;Platform Monitoring;System Access Workflow;User Behavior Analysis
main_003190,29ba45571e1b17e33999f2c7fd9a4f50202fd4cc3d0bdc80313cab119a773c70,41e5cac4298e131e87215f8f3e62b154d2629cb3f77817234864d2ea1b4884ed,shelm,0.999999979425198,High,5000000.0,4999999.89712599,T1027;T1055;T1486,D3-BAC;D3-BDR;D3-FA;D3-PM;D3-SAW;D3-UBA,Backup Access Control;Backup Data Recovery;File Analysis;Platform Monitoring;System Access Workflow;User Behavior Analysis
main_003194,8534e07dafbfe766746166f9dcef5ac41981fc5ad4640f932eca5dadb1ac7f9c,02f47a65d4fd8d00c4aff12092e2155e9f12df2d089bcb1e28b5d65d0d4d7f0f,wacatac,0.9999999999975616,High,5000000.0,4999999.999987808,T1027;T1055;T1486,D3-BAC;D3-BDR;D3-FA;D3-PM;D3-SAW;D3-UBA,Backup Access Control;Backup Data Recovery;File Analysis;Platform Monitoring;System Access Workflow;User Behavior Analysis
main_003200,cf6d1b60150c2c911952b861ca40ec6d884d81ef7beb7f823c5cdb836072525e,ef092d42941fb6af2ca50130b1d7a2fb36f80cc98954c008a5ccc00a2995ab79,scarletflash,0.9999999996034376,High,5000000.0,4999999.998017188,T1027;T1055;T1486,D3-BAC;D3-BDR;D3-FA;D3-PM;D3-SAW;D3-UBA,Backup Access Control;Backup Data Recovery;File Analysis;Platform Monitoring;System Access Workflow;User Behavior Analysis
main_003202,b5878582f0ca05088cc47245a9f07774257c360f44b830604dec9bdb0b2fe651,02f47a65d4fd8d00c4aff12092e2155e9f12df2d089bcb1e28b5d65d0d4d7f0f,wacatac,0.9812917944431366,High,5000000.0,4906458.972215683,T1027;T1055;T1486,D3-BAC;D3-BDR;D3-FA;D3-PM;D3-SAW;D3-UBA,Backup Access Control;Backup Data Recovery;File Analysis;Platform Monitoring;System Access Workflow;User Behavior Analysis
main_003204,2d91b86be2af35c6d7c3ac2e2917aa8c8fa1a234b94075705c9078a18b48e7c0,472473512e26748d79480e1fa44ad0a0814b226d3fdd3c0d4217e14b1427b2cd,khalesi,0.997077706840068,High,5000000.0,4985388.5342003405,T1027;T1055;T1486,D3-BAC;D3-BDR;D3-FA;D3-PM;D3-SAW;D3-UBA,Backup Access Control;Backup Data Recovery;File Analysis;Platform Monitoring;System Access Workflow;User Behavior Analysis
main_003205,1177b7ab0e162bc20fa733e3740d99728ade09e488e36882e9b6b9efda885053,02f47a65d4fd8d00c4aff12092e2155e9f12df2d089bcb1e28b5d65d0d4d7f0f,wacatac,0.9999999999952992,High,5000000.0,4999999.999976496,T1027;T1055;T1486,D3-BAC;D3-BDR;D3-FA;D3-PM;D3-SAW;D3-UBA,Backup Access Control;Backup Data Recovery;File Analysis;Platform Monitoring;System Access Workflow;User Behavior Analysis
main_003206,ce47c34ce5f465f30c556cbb377b5f7c5277298578ac28237e4b35c3e3c4d7ae,41e5cac4298e131e87215f8f3e62b154d2629cb3f77817234864d2ea1b4884ed,shelm,0.9999999006708588,High,5000000.0,4999999.503354294,T1027;T1055;T1486,D3-BAC;D3-BDR;D3-FA;D3-PM;D3-SAW;D3-UBA,Backup Access Control;Backup Data Recovery;File Analysis;Platform Monitoring;System Access Workflow;User Behavior Analysis
main_003209,64e593939cbbe3e9af950c8c3e62390dbed6dcc915f4fb37546e8bcb460b2ad1,acfd227c9e2a637ba527343252a51d6cbf588451f0194210216eeda06e834e95,banload,0.9999999999999998,High,5000000.0,4999999.999999999,T1027;T1055;T1486,D3-BAC;D3-BDR;D3-FA;D3-PM;D3-SAW;D3-UBA,Backup Access Control;Backup Data Recovery;File Analysis;Platform Monitoring;System Access Workflow;User Behavior Analysis
main_003210,dc79d38fc973b9f8b6c980ca7e0b00bde22230a7dfbf2d3c34c00acc4e473d8d,ef092d42941fb6af2ca50130b1d7a2fb36f80cc98954c008a5ccc00a2995ab79,scarletflash,0.9999999243760778,High,5000000.0,4999999.621880389,T1027;T1055;T1486,D3-BAC;D3-BDR;D3-FA;D3-PM;D3-SAW;D3-UBA,Backup Access Control;Backup Data Recovery;File Analysis;Platform Monitoring;System Access Workflow;User Behavior Analysis
main_003212,6bced41854e2c07cf9cec03bd837a704da1e2d2f948b89ebdd67d0d15dd61801,58bb064ce0f0721aab7e4b4285f49e318ee801ab658d49dcfff305df630cc5c9,bedep,0.999969339966202,High,5000000.0,4999846.69983101,T1027;T1055;T1486,D3-BAC;D3-BDR;D3-FA;D3-PM;D3-SAW;D3-UBA,Backup Access Control;Backup Data Recovery;File Analysis;Platform Monitoring;System Access Workflow;User Behavior Analysis
main_003213,eb278090fccaa5041dc9ac4c67d9637908a87bd08795bd01f5504e763d147f6f,02f47a65d4fd8d00c4aff12092e2155e9f12df2d089bcb1e28b5d65d0d4d7f0f,wacatac,0.999999999429714,High,5000000.0,4999999.99714857,T1027;T1055;T1486,D3-BAC;D3-BDR;D3-FA;D3-PM;D3-SAW;D3-UBA,Backup Access Control;Backup Data Recovery;File Analysis;Platform Monitoring;System Access Workflow;User Behavior Analysis
main_003216,a792e37cb3e13c80dde577ed1d4b5f15f82faf5cc6771f2b4bc286873514fda2,02f47a65d4fd8d00c4aff12092e2155e9f12df2d089bcb1e28b5d65d0d4d7f0f,wacatac,0.9999125862076896,High,5000000.0,4999562.931038449,T1027;T1055;T1486,D3-BAC;D3-BDR;D3-FA;D3-PM;D3-SAW;D3-UBA,Backup Access Control;Backup Data Recovery;File Analysis;Platform Monitoring;System Access Workflow;User Behavior Analysis
main_003219,ca05fadf8406b080ce683526dfcdbac5270d34bf2071a6b58954895d3246b613,02f47a65d4fd8d00c4aff12092e2155e9f12df2d089bcb1e28b5d65d0d4d7f0f,wacatac,0.9999999932790018,High,5000000.0,4999999.966395009,T1027;T1055;T1486,D3-BAC;D3-BDR;D3-FA;D3-PM;D3-SAW;D3-UBA,Backup Access Control;Backup Data Recovery;File Analysis;Platform Monitoring;System Access Workflow;User Behavior Analysis
main_003221,f0d4e9fc08668c7adaef961e0c24fd728893f64002dbf670affd040a61a3ecd0,d711b7a44fad7b8bc0f622f2fbf870fb0f62f82a5a5a78c5499a9b4110118984,goshell,0.9999999987827012,High,5000000.0,4999999.993913506,T1027;T1055;T1486,D3-BAC;D3-BDR;D3-FA;D3-PM;D3-SAW;D3-UBA,Backup Access Control;Backup Data Recovery;File Analysis;Platform Monitoring;System Access Workflow;User Behavior Analysis
main_003223,21fa1e50b064fae21a338127aa343ac3685c15eaec414c183a0f35f70212b601,ef092d42941fb6af2ca50130b1d7a2fb36f80cc98954c008a5ccc00a2995ab79,scarletflash,0.9999998267672424,High,5000000.0,4999999.133836212,T1027;T1055;T1486,D3-BAC;D3-BDR;D3-FA;D3-PM;D3-SAW;D3-UBA,Backup Access Control;Backup Data Recovery;File Analysis;Platform Monitoring;System Access Workflow;User Behavior Analysis
main_003225,d301ce9f726f8c72d882656fa715499d2694302f8e8fdebc1af4d198ab08aa57,c13660685e4547f4975999112a567d5207ec43f24c697d52e674f6f67f9c7483,havoc,0.9999999999870056,High,5000000.0,4999999.999935028,T1027;T1055;T1486,D3-BAC;D3-BDR;D3-FA;D3-PM;D3-SAW;D3-UBA,Backup Access Control;Backup Data Recovery;File Analysis;Platform Monitoring;System Access Workflow;User Behavior Analysis
main_003230,a70234a1e8aeea7629104e143ee3223048ed3f1ac6f3dfd3dcdeda2d8a5046a9,c13660685e4547f4975999112a567d5207ec43f24c697d52e674f6f67f9c7483,havoc,0.9999999987919096,High,5000000.0,4999999.993959548,T1027;T1055;T1486,D3-BAC;D3-BDR;D3-FA;D3-PM;D3-SAW;D3-UBA,Backup Access Control;Backup Data Recovery;File Analysis;Platform Monitoring;System Access Workflow;User Behavior Analysis
main_003248,07a56b7cc737b82e9cc66d8d618fad113bbb82b62830bfa58fb6c782a871291c,ca6ac6af66c22d8acdd6e42a00a9a21a24a37e3fa6a018662fb6dbaabfe7a96d,metasploit,0.999999899587766,High,5000000.0,4999999.49793883,T1027;T1055;T1486,D3-BAC;D3-BDR;D3-FA;D3-PM;D3-SAW;D3-UBA,Backup Access Control;Backup Data Recovery;File Analysis;Platform Monitoring;System Access Workflow;User Behavior Analysis
main_003259,c7f7c138374bd6b8ed5906b6b25aae2037fd7bf213305f703d8cb571ec88da31,d711b7a44fad7b8bc0f622f2fbf870fb0f62f82a5a5a78c5499a9b4110118984,goshell,0.9999999960205136,High,5000000.0,4999999.980102568,T1027;T1055;T1486,D3-BAC;D3-BDR;D3-FA;D3-PM;D3-SAW;D3-UBA,Backup Access Control;Backup Data Recovery;File Analysis;Platform Monitoring;System Access Workflow;User Behavior Analysis
main_003316,e95c8bbe33c5320da8694ba8d9c70796ebbab048030e5f57f766c492015e33c3,c13660685e4547f4975999112a567d5207ec43f24c697d52e674f6f67f9c7483,havoc,0.9999999918328568,High,5000000.0,4999999.959164284,T1027;T1055;T1486,D3-BAC;D3-BDR;D3-FA;D3-PM;D3-SAW;D3-UBA,Backup Access Control;Backup Data Recovery;File Analysis;Platform Monitoring;System Access Workflow;User Behavior Analysis
main_003323,c7ba6387f8430da8832b6753b9345bb3ba7709f5dc8654d8f59dd2128bfa681d,c8b999ec8614bd108b6640f976e6442afa74ef68f3436b132f6e6dfe4879fcad,grandoreiro,0.999999999999611,High,5000000.0,4999999.999998055,T1027;T1055;T1486,D3-BAC;D3-BDR;D3-FA;D3-PM;D3-SAW;D3-UBA,Backup Access Control;Backup Data Recovery;File Analysis;Platform Monitoring;System Access Workflow;User Behavior Analysis
main_003324,ba39ec649f3c98c4711cda77cc34d5bdc6858c35ad654bda4f3a7c22af69c4a7,b2d0045465c6ec03721110d4ab0b36bcc44e23bdb7a2dd2a195d1efbecc71018,shodi,0.9994868824858648,High,5000000.0,4997434.412429324,T1027;T1055;T1486,D3-BAC;D3-BDR;D3-FA;D3-PM;D3-SAW;D3-UBA,Backup Access Control;Backup Data Recovery;File Analysis;Platform Monitoring;System Access Workflow;User Behavior Analysis
main_003328,634897bf8419803c85b6845ac6e4e8332d9d8ac9112bbd5e3c967e9a2b65f078,b83ef675cc28b5b0387916e29e9ced4ef6c6d6ea4fcffdbc3b3b086e80167fce,berbew,0.9999999999939596,High,5000000.0,4999999.999969798,T1027;T1055;T1486,D3-BAC;D3-BDR;D3-FA;D3-PM;D3-SAW;D3-UBA,Backup Access Control;Backup Data Recovery;File Analysis;Platform Monitoring;System Access Workflow;User Behavior Analysis
main_003329,809f59ab0628c65b2beac9022feabe90fc1bccbd712d62b6d64bf1fbed404e2a,ef092d42941fb6af2ca50130b1d7a2fb36f80cc98954c008a5ccc00a2995ab79,scarletflash,0.9999962761536684,High,5000000.0,4999981.380768342,T1027;T1055;T1486,D3-BAC;D3-BDR;D3-FA;D3-PM;D3-SAW;D3-UBA,Backup Access Control;Backup Data Recovery;File Analysis;Platform Monitoring;System Access Workflow;User Behavior Analysis
main_003334,5615f518fecd03c6b52721e9c7e1c26fc5400c33a658312d771a024eb84d13ed,b83ef675cc28b5b0387916e29e9ced4ef6c6d6ea4fcffdbc3b3b086e80167fce,berbew,0.9999999980776983,High,5000000.0,4999999.990388492,T1027;T1055;T1486,D3-BAC;D3-BDR;D3-FA;D3-PM;D3-SAW;D3-UBA,Backup Access Control;Backup Data Recovery;File Analysis;Platform Monitoring;System Access Workflow;User Behavior Analysis
main_003335,ea70a04306e1f538d23682c7463d270757397bdbdd1efb2f15a5fb95f096a6d4,77862efd76591a786f99d400c0f97633e2bfb2bbd18b09dd6bf33ebe49f40f07,xmrig,1.0,High,5000000.0,5000000.0,T1027;T1055;T1059,D3-AL;D3-CR;D3-FA;D3-PM;D3-SAW;D3-UBA,Application Allowlisting;Command Restriction;File Analysis;Platform Monitoring;System Access Workflow;User Behavior Analysis
main_003337,848b82f5e60c490ddff6d4330e29951aa14b8c5d18f9b54a4d8dbd0e651ba950,b83ef675cc28b5b0387916e29e9ced4ef6c6d6ea4fcffdbc3b3b086e80167fce,berbew,0.9999999999949584,High,5000000.0,4999999.999974792,T1027;T1055;T1486,D3-BAC;D3-BDR;D3-FA;D3-PM;D3-SAW;D3-UBA,Backup Access Control;Backup Data Recovery;File Analysis;Platform Monitoring;System Access Workflow;User Behavior Analysis
main_003338,be4d27e95f8c9cca7cfdb9c3384ef8f56fee80a342dfc97db6a23c140c6eb0a0,77862efd76591a786f99d400c0f97633e2bfb2bbd18b09dd6bf33ebe49f40f07,xmrig,1.0,High,5000000.0,5000000.0,T1027;T1055;T1059,D3-AL;D3-CR;D3-FA;D3-PM;D3-SAW;D3-UBA,Application Allowlisting;Command Restriction;File Analysis;Platform Monitoring;System Access Workflow;User Behavior Analysis
main_003340,f1020100ab2282c92c622ff7d735ffcc0a03f9aa35939157950ec9e26fd24ea0,d6ad9dee27cfd2b3df63896bd02ab0d74cc6eb52960103dc5686f77c43122dae,emdup,0.9999998113682768,High,5000000.0,4999999.056841384,T1027;T1055;T1486,D3-BAC;D3-BDR;D3-FA;D3-PM;D3-SAW;D3-UBA,Backup Access Control;Backup Data Recovery;File Analysis;Platform Monitoring;System Access Workflow;User Behavior Analysis
main_003343,d98c814bd16b59b60bbe63660281aa003ff1cb445871356c0df7e0dfde0de4db,77862efd76591a786f99d400c0f97633e2bfb2bbd18b09dd6bf33ebe49f40f07,xmrig,0.9999999999999992,High,5000000.0,4999999.999999996,T1027;T1055;T1059,D3-AL;D3-CR;D3-FA;D3-PM;D3-SAW;D3-UBA,Application Allowlisting;Command Restriction;File Analysis;Platform Monitoring;System Access Workflow;User Behavior Analysis
main_003344,5793c7222c8c3c031d69ec741923542d435ab6d27f3a535acbf513af2108f8d8,c9e58d481ca76ea25d4579ea39056b5f5e3a5c25648274f9dcd1b6c533284d52,upatre,0.999999999999854,High,5000000.0,4999999.99999927,T1027;T1055;T1486,D3-BAC;D3-BDR;D3-FA;D3-PM;D3-SAW;D3-UBA,Backup Access Control;Backup Data Recovery;File Analysis;Platform Monitoring;System Access Workflow;User Behavior Analysis
main_003346,b99d1efa1227eff8830f71eb4604cf060321008a69b71fc9ebb9771c087beb58,acfd227c9e2a637ba527343252a51d6cbf588451f0194210216eeda06e834e95,banload,0.9999999999999164,High,5000000.0,4999999.999999582,T1027;T1055;T1486,D3-BAC;D3-BDR;D3-FA;D3-PM;D3-SAW;D3-UBA,Backup Access Control;Backup Data Recovery;File Analysis;Platform Monitoring;System Access Workflow;User Behavior Analysis
main_003349,30f71a7cfd4e22296b0139f8b33da14d46a4ee9b50282bd52113f4764fa0a2d3,02f47a65d4fd8d00c4aff12092e2155e9f12df2d089bcb1e28b5d65d0d4d7f0f,wacatac,0.9999976310226094,High,5000000.0,4999988.155113047,T1027;T1055;T1486,D3-BAC;D3-BDR;D3-FA;D3-PM;D3-SAW;D3-UBA,Backup Access Control;Backup Data Recovery;File Analysis;Platform Monitoring;System Access Workflow;User Behavior Analysis
main_003350,14f6840d9eea6210f7614a10a8bbdfa392211b72fab776ca7f6d98e6e1ed57ed,77862efd76591a786f99d400c0f97633e2bfb2bbd18b09dd6bf33ebe49f40f07,xmrig,1.0,High,5000000.0,5000000.0,T1027;T1055;T1059,D3-AL;D3-CR;D3-FA;D3-PM;D3-SAW;D3-UBA,Application Allowlisting;Command Restriction;File Analysis;Platform Monitoring;System Access Workflow;User Behavior Analysis
main_003351,63cf28d83af0b931142542339607fb9229b819d7683d63f03c6e9fa689ddf93d,77862efd76591a786f99d400c0f97633e2bfb2bbd18b09dd6bf33ebe49f40f07,xmrig,0.9999997198001648,High,5000000.0,4999998.599000824,T1027;T1055;T1059,D3-AL;D3-CR;D3-FA;D3-PM;D3-SAW;D3-UBA,Application Allowlisting;Command Restriction;File Analysis;Platform Monitoring;System Access Workflow;User Behavior Analysis
main_003352,e47c47a214b7357b1d50957d3921b1dd5c7b7e9e81ec28210e4408f8587f4e46,77862efd76591a786f99d400c0f97633e2bfb2bbd18b09dd6bf33ebe49f40f07,xmrig,0.9999999999999992,High,5000000.0,4999999.999999996,T1027;T1055;T1059,D3-AL;D3-CR;D3-FA;D3-PM;D3-SAW;D3-UBA,Application Allowlisting;Command Restriction;File Analysis;Platform Monitoring;System Access Workflow;User Behavior Analysis
main_003353,7ee4632773e94ca866a029cb2d7fa98caa4fe897fdca60691280c4f2e9f92b64,8c4b5ea2b7fae72da8843ed3033b100f001fd4e2699ab6cb2c99b44734af6f0e,wabot,0.9999999983606264,High,5000000.0,4999999.991803132,T1027;T1055;T1486,D3-BAC;D3-BDR;D3-FA;D3-PM;D3-SAW;D3-UBA,Backup Access Control;Backup Data Recovery;File Analysis;Platform Monitoring;System Access Workflow;User Behavior Analysis
main_003354,b6175743b9a06f9ffd30377f406e0ffbf0a2b63cdaf8ec5a5cf72cb8b3296dac,02f47a65d4fd8d00c4aff12092e2155e9f12df2d089bcb1e28b5d65d0d4d7f0f,wacatac,0.9999999927776664,High,5000000.0,4999999.963888332,T1027;T1055;T1486,D3-BAC;D3-BDR;D3-FA;D3-PM;D3-SAW;D3-UBA,Backup Access Control;Backup Data Recovery;File Analysis;Platform Monitoring;System Access Workflow;User Behavior Analysis
main_003355,9dffed0e9d43c79fc7033eef8089feb72bd3c47268f5118433c3816e36fc8637,b83ef675cc28b5b0387916e29e9ced4ef6c6d6ea4fcffdbc3b3b086e80167fce,berbew,0.9999949428817342,High,5000000.0,4999974.714408671,T1027;T1055;T1486,D3-BAC;D3-BDR;D3-FA;D3-PM;D3-SAW;D3-UBA,Backup Access Control;Backup Data Recovery;File Analysis;Platform Monitoring;System Access Workflow;User Behavior Analysis
main_003356,a8a8b71892361b6833edfdc83609f08b98bde6d341ed5cb1ef1ea9ced857e6c5,b83ef675cc28b5b0387916e29e9ced4ef6c6d6ea4fcffdbc3b3b086e80167fce,berbew,0.9999999999999858,High,5000000.0,4999999.999999929,T1027;T1055;T1486,D3-BAC;D3-BDR;D3-FA;D3-PM;D3-SAW;D3-UBA,Backup Access Control;Backup Data Recovery;File Analysis;Platform Monitoring;System Access Workflow;User Behavior Analysis
main_003357,d554542f3f118fdb684555db4de7d77be5e93e6cf202f070f9ba5eda7cf52b2a,b83ef675cc28b5b0387916e29e9ced4ef6c6d6ea4fcffdbc3b3b086e80167fce,berbew,0.999999999990556,High,5000000.0,4999999.99995278,T1027;T1055;T1486,D3-BAC;D3-BDR;D3-FA;D3-PM;D3-SAW;D3-UBA,Backup Access Control;Backup Data Recovery;File Analysis;Platform Monitoring;System Access Workflow;User Behavior Analysis
main_003363,c67db7ba8b63f500a0750b48f49207c4d696b3f8a2e307047afd6aad5e6fb9a7,c9e58d481ca76ea25d4579ea39056b5f5e3a5c25648274f9dcd1b6c533284d52,upatre,0.9999999948698752,High,5000000.0,4999999.974349376,T1027;T1055;T1486,D3-BAC;D3-BDR;D3-FA;D3-PM;D3-SAW;D3-UBA,Backup Access Control;Backup Data Recovery;File Analysis;Platform Monitoring;System Access Workflow;User Behavior Analysis
main_003364,a1399881d2dec524e5e147dff34980c8eb8f55dbcb275b62b7c4bfee063844dd,acfd227c9e2a637ba527343252a51d6cbf588451f0194210216eeda06e834e95,banload,0.9999999999999644,High,5000000.0,4999999.999999822,T1027;T1055;T1486,D3-BAC;D3-BDR;D3-FA;D3-PM;D3-SAW;D3-UBA,Backup Access Control;Backup Data Recovery;File Analysis;Platform Monitoring;System Access Workflow;User Behavior Analysis
main_003367,c650c634d653380081987a3c7f323a2a45f18eb7a1f3faf0d13b5aa547b566be,02f47a65d4fd8d00c4aff12092e2155e9f12df2d089bcb1e28b5d65d0d4d7f0f,wacatac,0.9999999999301712,High,5000000.0,4999999.999650856,T1027;T1055;T1486,D3-BAC;D3-BDR;D3-FA;D3-PM;D3-SAW;D3-UBA,Backup Access Control;Backup Data Recovery;File Analysis;Platform Monitoring;System Access Workflow;User Behavior Analysis
main_003371,4a479fa2977147a5c5b2ac715cc1cece3a1d4605a52f3c9bd75286356bc2cd6e,187f622dc0da983d25da3df0e452808a96dd8c64c24aace69bc339cfe47a165d,expiro,0.9999999890907392,High,5000000.0,4999999.945453696,T1027;T1055;T1486,D3-BAC;D3-BDR;D3-FA;D3-PM;D3-SAW;D3-UBA,Backup Access Control;Backup Data Recovery;File Analysis;Platform Monitoring;System Access Workflow;User Behavior Analysis
main_003376,ada8fd97d744b79d8d425c90b6b3900bfed9d81d571dc6cf4a1bf0afad0d74b2,b83ef675cc28b5b0387916e29e9ced4ef6c6d6ea4fcffdbc3b3b086e80167fce,berbew,0.9999999999999898,High,5000000.0,4999999.999999949,T1027;T1055;T1486,D3-BAC;D3-BDR;D3-FA;D3-PM;D3-SAW;D3-UBA,Backup Access Control;Backup Data Recovery;File Analysis;Platform Monitoring;System Access Workflow;User Behavior Analysis
main_003377,73c206c87afcdc820356ae78c86011af0b7c5a3fbd06e217ce609d21c5a66ee2,02f47a65d4fd8d00c4aff12092e2155e9f12df2d089bcb1e28b5d65d0d4d7f0f,wacatac,0.9999997360121348,High,5000000.0,4999998.6800606735,T1027;T1055;T1486,D3-BAC;D3-BDR;D3-FA;D3-PM;D3-SAW;D3-UBA,Backup Access Control;Backup Data Recovery;File Analysis;Platform Monitoring;System Access Workflow;User Behavior Analysis
main_003378,bee01f7393e7612b594b935782783be5712164129d2eafd2d9b376dcb10f8d1c,02f47a65d4fd8d00c4aff12092e2155e9f12df2d089bcb1e28b5d65d0d4d7f0f,wacatac,0.9999999996352972,High,5000000.0,4999999.998176486,T1027;T1055;T1486,D3-BAC;D3-BDR;D3-FA;D3-PM;D3-SAW;D3-UBA,Backup Access Control;Backup Data Recovery;File Analysis;Platform Monitoring;System Access Workflow;User Behavior Analysis
main_003379,049e13788d8fc06e06f65fb16e692a268608a6649a696060911c37cb01cc50dd,472473512e26748d79480e1fa44ad0a0814b226d3fdd3c0d4217e14b1427b2cd,khalesi,0.99999999999992,High,5000000.0,4999999.9999996,T1027;T1055;T1486,D3-BAC;D3-BDR;D3-FA;D3-PM;D3-SAW;D3-UBA,Backup Access Control;Backup Data Recovery;File Analysis;Platform Monitoring;System Access Workflow;User Behavior Analysis
main_003380,c71f0c3798bbc9e375396ac8f61fe7a56e7621cb14502127b42fe7e8072cbb0d,77862efd76591a786f99d400c0f97633e2bfb2bbd18b09dd6bf33ebe49f40f07,xmrig,0.9999999999999998,High,5000000.0,4999999.999999999,T1027;T1055;T1059,D3-AL;D3-CR;D3-FA;D3-PM;D3-SAW;D3-UBA,Application Allowlisting;Command Restriction;File Analysis;Platform Monitoring;System Access Workflow;User Behavior Analysis
main_003383,8027de9f52330b1894b9b78401c23cea8e599afbda386b75737979784dd5620a,02f47a65d4fd8d00c4aff12092e2155e9f12df2d089bcb1e28b5d65d0d4d7f0f,wacatac,0.9871742037862296,High,5000000.0,4935871.018931148,T1027;T1055;T1486,D3-BAC;D3-BDR;D3-FA;D3-PM;D3-SAW;D3-UBA,Backup Access Control;Backup Data Recovery;File Analysis;Platform Monitoring;System Access Workflow;User Behavior Analysis
main_003386,7c3747863ea6e6ba8ecab0af4e33677a12dc58751b4d404028bc114dadd6dccd,eb67daa892830019c3a5cf97e855c9a25df1ac43635824db61bafc6a83109adc,dridex,0.9999999999910874,High,5000000.0,4999999.999955437,T1027;T1055;T1486,D3-BAC;D3-BDR;D3-FA;D3-PM;D3-SAW;D3-UBA,Backup Access Control;Backup Data Recovery;File Analysis;Platform Monitoring;System Access Workflow;User Behavior Analysis
main_003387,c2df9807fefa02306278a976f740cedd52bc779e26072726c03837d2316d8aed,77862efd76591a786f99d400c0f97633e2bfb2bbd18b09dd6bf33ebe49f40f07,xmrig,1.0,High,5000000.0,5000000.0,T1027;T1055;T1059,D3-AL;D3-CR;D3-FA;D3-PM;D3-SAW;D3-UBA,Application Allowlisting;Command Restriction;File Analysis;Platform Monitoring;System Access Workflow;User Behavior Analysis
main_003389,f17e39999b8cf4dfe0b17889ee13442e80af4f517b6583b1d72ad5ad8e55e059,99e2d5c6e5fb193a148e06547f5c9bb4e3dd2bc061e9a90592462767e9f80912,disin,0.9999999999999756,High,5000000.0,4999999.999999878,T1027;T1055;T1486,D3-BAC;D3-BDR;D3-FA;D3-PM;D3-SAW;D3-UBA,Backup Access Control;Backup Data Recovery;File Analysis;Platform Monitoring;System Access Workflow;User Behavior Analysis
main_003390,4777f58e9b965e2d0369cf7ec2ef69e9732a4552e39bcccee884adaabd750f3b,48ba871983616c0114a082b68f6fd708ed8c5aeec8a67e6e5524e8770c0a3fec,eggnog,0.9999999968004378,High,5000000.0,4999999.984002189,T1027;T1055;T1486,D3-BAC;D3-BDR;D3-FA;D3-PM;D3-SAW;D3-UBA,Backup Access Control;Backup Data Recovery;File Analysis;Platform Monitoring;System Access Workflow;User Behavior Analysis
main_003391,4222956c3e42353251a8e6a1d6ea332497ef5b885337ad11920ab35a54743081,77862efd76591a786f99d400c0f97633e2bfb2bbd18b09dd6bf33ebe49f40f07,xmrig,1.0,High,5000000.0,5000000.0,T1027;T1055;T1059,D3-AL;D3-CR;D3-FA;D3-PM;D3-SAW;D3-UBA,Application Allowlisting;Command Restriction;File Analysis;Platform Monitoring;System Access Workflow;User Behavior Analysis
main_003393,ca5e64c57ea24d8bc798ffbb2ee7513aa623ed0b27ef167e7812328c14aa7b8a,b83ef675cc28b5b0387916e29e9ced4ef6c6d6ea4fcffdbc3b3b086e80167fce,berbew,0.9999999997051898,High,5000000.0,4999999.998525949,T1027;T1055;T1486,D3-BAC;D3-BDR;D3-FA;D3-PM;D3-SAW;D3-UBA,Backup Access Control;Backup Data Recovery;File Analysis;Platform Monitoring;System Access Workflow;User Behavior Analysis
main_003397,64525c8fa605c9f40a9d15515b44b77e92e33840d102a4c357c1bda472fac565,d6ad9dee27cfd2b3df63896bd02ab0d74cc6eb52960103dc5686f77c43122dae,emdup,0.999999998475516,High,5000000.0,4999999.99237758,T1027;T1055;T1486,D3-BAC;D3-BDR;D3-FA;D3-PM;D3-SAW;D3-UBA,Backup Access Control;Backup Data Recovery;File Analysis;Platform Monitoring;System Access Workflow;User Behavior Analysis
main_003399,5bf1e54614c9ec142acb73f5294168a8e08a6d0ae995d12b3b7e0353f3dc7af1,e2195e8d572011dd26e38a71141f2d3f36632ef12a50da4581439b1c5c1ada48,blackmoon,1.0,High,5000000.0,5000000.0,T1027;T1055;T1486,D3-BAC;D3-BDR;D3-FA;D3-PM;D3-SAW;D3-UBA,Backup Access Control;Backup Data Recovery;File Analysis;Platform Monitoring;System Access Workflow;User Behavior Analysis
main_003400,621c8f228f67df27b10c25eadf1113625ed25f871504a3593e9ebe8fdef05f19,77862efd76591a786f99d400c0f97633e2bfb2bbd18b09dd6bf33ebe49f40f07,xmrig,1.0,High,5000000.0,5000000.0,T1027;T1055;T1059,D3-AL;D3-CR;D3-FA;D3-PM;D3-SAW;D3-UBA,Application Allowlisting;Command Restriction;File Analysis;Platform Monitoring;System Access Workflow;User Behavior Analysis
main_003401,88098115390fa47db8f82abc66f36ba0a848a3ae40233e8c16e869f2f2d6d525,77862efd76591a786f99d400c0f97633e2bfb2bbd18b09dd6bf33ebe49f40f07,xmrig,1.0,High,5000000.0,5000000.0,T1027;T1055;T1059,D3-AL;D3-CR;D3-FA;D3-PM;D3-SAW;D3-UBA,Application Allowlisting;Command Restriction;File Analysis;Platform Monitoring;System Access Workflow;User Behavior Analysis
main_003402,25660c2ae53e41edfa7c1f1d9d026d5814bad02c79b8db1a41314fa2e30dcc4a,77862efd76591a786f99d400c0f97633e2bfb2bbd18b09dd6bf33ebe49f40f07,xmrig,1.0,High,5000000.0,5000000.0,T1027;T1055;T1059,D3-AL;D3-CR;D3-FA;D3-PM;D3-SAW;D3-UBA,Application Allowlisting;Command Restriction;File Analysis;Platform Monitoring;System Access Workflow;User Behavior Analysis
main_003403,98d836728349d992c87626dace746c17d095e63db4c2ca4f4abd49f3e3d8387d,77862efd76591a786f99d400c0f97633e2bfb2bbd18b09dd6bf33ebe49f40f07,xmrig,1.0,High,5000000.0,5000000.0,T1027;T1055;T1059,D3-AL;D3-CR;D3-FA;D3-PM;D3-SAW;D3-UBA,Application Allowlisting;Command Restriction;File Analysis;Platform Monitoring;System Access Workflow;User Behavior Analysis
main_003405,be52a3ece61057df31fb6e63ed04c25eb09c0cd55005c171d6477cd8d3980fd8,77862efd76591a786f99d400c0f97633e2bfb2bbd18b09dd6bf33ebe49f40f07,xmrig,1.0,High,5000000.0,5000000.0,T1027;T1055;T1059,D3-AL;D3-CR;D3-FA;D3-PM;D3-SAW;D3-UBA,Application Allowlisting;Command Restriction;File Analysis;Platform Monitoring;System Access Workflow;User Behavior Analysis
main_003406,7ce011654203d2b7c900370fd41a1982992413c20185292f7cb664f7c384c8b1,77862efd76591a786f99d400c0f97633e2bfb2bbd18b09dd6bf33ebe49f40f07,xmrig,1.0,High,5000000.0,5000000.0,T1027;T1055;T1059,D3-AL;D3-CR;D3-FA;D3-PM;D3-SAW;D3-UBA,Application Allowlisting;Command Restriction;File Analysis;Platform Monitoring;System Access Workflow;User Behavior Analysis
main_003410,76e339a220ef86f31d9f6c6a7a32f51eb0f516566744ae11e0e4431b46e665e4,77862efd76591a786f99d400c0f97633e2bfb2bbd18b09dd6bf33ebe49f40f07,xmrig,1.0,High,5000000.0,5000000.0,T1027;T1055;T1059,D3-AL;D3-CR;D3-FA;D3-PM;D3-SAW;D3-UBA,Application Allowlisting;Command Restriction;File Analysis;Platform Monitoring;System Access Workflow;User Behavior Analysis
main_003411,bd216ce771f14efff84c9831185463edc9536fe0dbf625599962da845bba5469,b83ef675cc28b5b0387916e29e9ced4ef6c6d6ea4fcffdbc3b3b086e80167fce,berbew,0.9999993809067896,High,5000000.0,4999996.904533948,T1027;T1055;T1486,D3-BAC;D3-BDR;D3-FA;D3-PM;D3-SAW;D3-UBA,Backup Access Control;Backup Data Recovery;File Analysis;Platform Monitoring;System Access Workflow;User Behavior Analysis
main_003413,ec835187333d018d976555da64601b9cc3e9bdf8d84fe030db336d129a49b597,187f622dc0da983d25da3df0e452808a96dd8c64c24aace69bc339cfe47a165d,expiro,0.9999986843765614,High,5000000.0,4999993.421882807,T1027;T1055;T1486,D3-BAC;D3-BDR;D3-FA;D3-PM;D3-SAW;D3-UBA,Backup Access Control;Backup Data Recovery;File Analysis;Platform Monitoring;System Access Workflow;User Behavior Analysis
main_003414,1addfe59a3c6d711520fa56c412f2a6ff1218d6e03b8162cb2de375addcef386,48ba871983616c0114a082b68f6fd708ed8c5aeec8a67e6e5524e8770c0a3fec,eggnog,0.9999999999951266,High,5000000.0,4999999.999975633,T1027;T1055;T1486,D3-BAC;D3-BDR;D3-FA;D3-PM;D3-SAW;D3-UBA,Backup Access Control;Backup Data Recovery;File Analysis;Platform Monitoring;System Access Workflow;User Behavior Analysis
main_003415,a39e95c56489e5b6abc03f987aff08d20a7585f1e4defc861185c0c4ae518755,77862efd76591a786f99d400c0f97633e2bfb2bbd18b09dd6bf33ebe49f40f07,xmrig,1.0,High,5000000.0,5000000.0,T1027;T1055;T1059,D3-AL;D3-CR;D3-FA;D3-PM;D3-SAW;D3-UBA,Application Allowlisting;Command Restriction;File Analysis;Platform Monitoring;System Access Workflow;User Behavior Analysis
main_003416,ffa466c4e97f21d63863889bb97adb5a7df24d4b43f04feefcaa7c4558fe6a60,b83ef675cc28b5b0387916e29e9ced4ef6c6d6ea4fcffdbc3b3b086e80167fce,berbew,0.9999997322356023,High,5000000.0,4999998.661178011,T1027;T1055;T1486,D3-BAC;D3-BDR;D3-FA;D3-PM;D3-SAW;D3-UBA,Backup Access Control;Backup Data Recovery;File Analysis;Platform Monitoring;System Access Workflow;User Behavior Analysis
main_003417,3117ac83811ffd6ddca6e2428e53c29020a86e072fe1a9f5b60f831075ca788b,77862efd76591a786f99d400c0f97633e2bfb2bbd18b09dd6bf33ebe49f40f07,xmrig,1.0,High,5000000.0,5000000.0,T1027;T1055;T1059,D3-AL;D3-CR;D3-FA;D3-PM;D3-SAW;D3-UBA,Application Allowlisting;Command Restriction;File Analysis;Platform Monitoring;System Access Workflow;User Behavior Analysis
main_003418,793a8771e3753c97a837662fe20c96650f2cd0a82166cfddff4355b07b28788a,04d890b2e972a9c6984f3a55fbc6362903c44855434a3ed390b72b5cde0d1297,vindor,0.9999992772297293,High,5000000.0,4999996.386148647,T1027;T1055;T1486,D3-BAC;D3-BDR;D3-FA;D3-PM;D3-SAW;D3-UBA,Backup Access Control;Backup Data Recovery;File Analysis;Platform Monitoring;System Access Workflow;User Behavior Analysis
main_003419,4ccbecbaeea0454f6cabac44298a43ce629e51484cdf30c1b996d6435a936a7c,77862efd76591a786f99d400c0f97633e2bfb2bbd18b09dd6bf33ebe49f40f07,xmrig,1.0,High,5000000.0,5000000.0,T1027;T1055;T1059,D3-AL;D3-CR;D3-FA;D3-PM;D3-SAW;D3-UBA,Application Allowlisting;Command Restriction;File Analysis;Platform Monitoring;System Access Workflow;User Behavior Analysis
main_003420,2398538e142c351537305e3d53767211baaae0dfe5fd257fa67ceb5e690048d9,77862efd76591a786f99d400c0f97633e2bfb2bbd18b09dd6bf33ebe49f40f07,xmrig,1.0,High,5000000.0,5000000.0,T1027;T1055;T1059,D3-AL;D3-CR;D3-FA;D3-PM;D3-SAW;D3-UBA,Application Allowlisting;Command Restriction;File Analysis;Platform Monitoring;System Access Workflow;User Behavior Analysis
main_003421,6fe93eafecac3e98269639b974231cabb5758c78bd8dcf7294bf7bd170001f8e,b83ef675cc28b5b0387916e29e9ced4ef6c6d6ea4fcffdbc3b3b086e80167fce,berbew,0.9999999999999978,High,5000000.0,4999999.999999989,T1027;T1055;T1486,D3-BAC;D3-BDR;D3-FA;D3-PM;D3-SAW;D3-UBA,Backup Access Control;Backup Data Recovery;File Analysis;Platform Monitoring;System Access Workflow;User Behavior Analysis
main_003424,a09067871acaf1d90f1f13fefa6d90bb7b583aaf6ec8bdc59f2fde1f5763d89c,77862efd76591a786f99d400c0f97633e2bfb2bbd18b09dd6bf33ebe49f40f07,xmrig,1.0,High,5000000.0,5000000.0,T1027;T1055;T1059,D3-AL;D3-CR;D3-FA;D3-PM;D3-SAW;D3-UBA,Application Allowlisting;Command Restriction;File Analysis;Platform Monitoring;System Access Workflow;User Behavior Analysis
main_003439,2d97ec35d2ab5482265a36700941d6409f9042dd9fc03710a08532702537caad,02f47a65d4fd8d00c4aff12092e2155e9f12df2d089bcb1e28b5d65d0d4d7f0f,wacatac,0.9999570964810668,High,5000000.0,4999785.482405334,T1027;T1055;T1486,D3-BAC;D3-BDR;D3-FA;D3-PM;D3-SAW;D3-UBA,Backup Access Control;Backup Data Recovery;File Analysis;Platform Monitoring;System Access Workflow;User Behavior Analysis
main_003441,549935d4faa07644d7fd4fe287b7ef52cc2a09675e7191a28cadcd9d909babb9,99e2d5c6e5fb193a148e06547f5c9bb4e3dd2bc061e9a90592462767e9f80912,disin,0.9999999999998536,High,5000000.0,4999999.999999268,T1027;T1055;T1486,D3-BAC;D3-BDR;D3-FA;D3-PM;D3-SAW;D3-UBA,Backup Access Control;Backup Data Recovery;File Analysis;Platform Monitoring;System Access Workflow;User Behavior Analysis
main_003442,e3dda45b32325a045076f33b48b550f2e8853c2fd304e507f9ec4bc023e21745,b83ef675cc28b5b0387916e29e9ced4ef6c6d6ea4fcffdbc3b3b086e80167fce,berbew,0.9999999995585828,High,5000000.0,4999999.997792914,T1027;T1055;T1486,D3-BAC;D3-BDR;D3-FA;D3-PM;D3-SAW;D3-UBA,Backup Access Control;Backup Data Recovery;File Analysis;Platform Monitoring;System Access Workflow;User Behavior Analysis
main_003443,4aa4f3c945840c8a6550f0c885a132e1647dc3b8c17a448c50b5d07e87c6a2b4,77862efd76591a786f99d400c0f97633e2bfb2bbd18b09dd6bf33ebe49f40f07,xmrig,0.9999999999999264,High,5000000.0,4999999.999999632,T1027;T1055;T1059,D3-AL;D3-CR;D3-FA;D3-PM;D3-SAW;D3-UBA,Application Allowlisting;Command Restriction;File Analysis;Platform Monitoring;System Access Workflow;User Behavior Analysis
main_003444,981f6441e7f1e34f0bedfc60ced29e775ef49a3c743998022b3bd3e69c10379d,77862efd76591a786f99d400c0f97633e2bfb2bbd18b09dd6bf33ebe49f40f07,xmrig,1.0,High,5000000.0,5000000.0,T1027;T1055;T1059,D3-AL;D3-CR;D3-FA;D3-PM;D3-SAW;D3-UBA,Application Allowlisting;Command Restriction;File Analysis;Platform Monitoring;System Access Workflow;User Behavior Analysis
main_003445,9b1f9541087be61044a6da35e4084a67b85fe8b37620e4faa30805c63736d002,77862efd76591a786f99d400c0f97633e2bfb2bbd18b09dd6bf33ebe49f40f07,xmrig,1.0,High,5000000.0,5000000.0,T1027;T1055;T1059,D3-AL;D3-CR;D3-FA;D3-PM;D3-SAW;D3-UBA,Application Allowlisting;Command Restriction;File Analysis;Platform Monitoring;System Access Workflow;User Behavior Analysis
main_003447,37daa599911d561f6aafa4d4299976f6f78fc8afc5f8b4ac88102276083d8d63,77862efd76591a786f99d400c0f97633e2bfb2bbd18b09dd6bf33ebe49f40f07,xmrig,1.0,High,5000000.0,5000000.0,T1027;T1055;T1059,D3-AL;D3-CR;D3-FA;D3-PM;D3-SAW;D3-UBA,Application Allowlisting;Command Restriction;File Analysis;Platform Monitoring;System Access Workflow;User Behavior Analysis
main_003448,4f21cbfb60b4dc9d1d3f7b35d12f2a0dee9c182db9014cf078b2c61c401ff4fb,77862efd76591a786f99d400c0f97633e2bfb2bbd18b09dd6bf33ebe49f40f07,xmrig,1.0,High,5000000.0,5000000.0,T1027;T1055;T1059,D3-AL;D3-CR;D3-FA;D3-PM;D3-SAW;D3-UBA,Application Allowlisting;Command Restriction;File Analysis;Platform Monitoring;System Access Workflow;User Behavior Analysis
main_003449,47d65937df57a948e0c74538501e20ed347c25437bb392cef9f1f58e0b953c84,77862efd76591a786f99d400c0f97633e2bfb2bbd18b09dd6bf33ebe49f40f07,xmrig,1.0,High,5000000.0,5000000.0,T1027;T1055;T1059,D3-AL;D3-CR;D3-FA;D3-PM;D3-SAW;D3-UBA,Application Allowlisting;Command Restriction;File Analysis;Platform Monitoring;System Access Workflow;User Behavior Analysis
main_003451,2e8c7824c511b45d23c18e5de160b9c4f8f79a0eaf9321d5cbd2e358acb9334c,b83ef675cc28b5b0387916e29e9ced4ef6c6d6ea4fcffdbc3b3b086e80167fce,berbew,0.9999999904397082,High,5000000.0,4999999.952198541,T1027;T1055;T1486,D3-BAC;D3-BDR;D3-FA;D3-PM;D3-SAW;D3-UBA,Backup Access Control;Backup Data Recovery;File Analysis;Platform Monitoring;System Access Workflow;User Behavior Analysis
main_003453,d09c1ee2ae53fc370b989c01f4afc929539f6511a319f5a190b6a2c53483936c,02f47a65d4fd8d00c4aff12092e2155e9f12df2d089bcb1e28b5d65d0d4d7f0f,wacatac,0.9999640824300252,High,5000000.0,4999820.412150126,T1027;T1055;T1486,D3-BAC;D3-BDR;D3-FA;D3-PM;D3-SAW;D3-UBA,Backup Access Control;Backup Data Recovery;File Analysis;Platform Monitoring;System Access Workflow;User Behavior Analysis
main_003454,d2592f76457e20193d2d9b9b6745e344212e186d5af00dccc6f3501db2ff5b31,02f47a65d4fd8d00c4aff12092e2155e9f12df2d089bcb1e28b5d65d0d4d7f0f,wacatac,0.9999999985954452,High,5000000.0,4999999.992977226,T1027;T1055;T1486,D3-BAC;D3-BDR;D3-FA;D3-PM;D3-SAW;D3-UBA,Backup Access Control;Backup Data Recovery;File Analysis;Platform Monitoring;System Access Workflow;User Behavior Analysis
main_003459,c9260d48b2c578563dad8100b215a56313a32e51cdf3d594bc01f56b544661a9,77862efd76591a786f99d400c0f97633e2bfb2bbd18b09dd6bf33ebe49f40f07,xmrig,1.0,High,5000000.0,5000000.0,T1027;T1055;T1059,D3-AL;D3-CR;D3-FA;D3-PM;D3-SAW;D3-UBA,Application Allowlisting;Command Restriction;File Analysis;Platform Monitoring;System Access Workflow;User Behavior Analysis
main_003470,a3f257d43d95ac0b303c5308708084b9288cc3447643f2f94087826e5ff2e538,187f622dc0da983d25da3df0e452808a96dd8c64c24aace69bc339cfe47a165d,expiro,0.9999999999941718,High,5000000.0,4999999.999970859,T1027;T1055;T1486,D3-BAC;D3-BDR;D3-FA;D3-PM;D3-SAW;D3-UBA,Backup Access Control;Backup Data Recovery;File Analysis;Platform Monitoring;System Access Workflow;User Behavior Analysis
main_003472,0dbf298bbb6438fadb43e807c957a4942b68a560055507f53a15994a376c6c31,acfd227c9e2a637ba527343252a51d6cbf588451f0194210216eeda06e834e95,banload,0.9999999999999925,High,5000000.0,4999999.999999962,T1027;T1055;T1486,D3-BAC;D3-BDR;D3-FA;D3-PM;D3-SAW;D3-UBA,Backup Access Control;Backup Data Recovery;File Analysis;Platform Monitoring;System Access Workflow;User Behavior Analysis
main_003474,8073f1e44d30eeb2fa2c941b204bb71b4ef2d73c133eb8f9b6acf48f6757cdb1,77862efd76591a786f99d400c0f97633e2bfb2bbd18b09dd6bf33ebe49f40f07,xmrig,0.9999999986447644,High,5000000.0,4999999.993223822,T1027;T1055;T1059,D3-AL;D3-CR;D3-FA;D3-PM;D3-SAW;D3-UBA,Application Allowlisting;Command Restriction;File Analysis;Platform Monitoring;System Access Workflow;User Behavior Analysis
main_003478,75d9e5ad2df51dfd2806bd2355564e44f2c707b01377fec6efd108ee2dff2573,77862efd76591a786f99d400c0f97633e2bfb2bbd18b09dd6bf33ebe49f40f07,xmrig,0.9999999999999996,High,5000000.0,4999999.999999998,T1027;T1055;T1059,D3-AL;D3-CR;D3-FA;D3-PM;D3-SAW;D3-UBA,Application Allowlisting;Command Restriction;File Analysis;Platform Monitoring;System Access Workflow;User Behavior Analysis
main_003481,4595e56c9fb4674821b93b156a9edb605af8ffce5f25542b8cb5a17b05031eca,77862efd76591a786f99d400c0f97633e2bfb2bbd18b09dd6bf33ebe49f40f07,xmrig,0.9999998021389284,High,5000000.0,4999999.010694642,T1027;T1055;T1059,D3-AL;D3-CR;D3-FA;D3-PM;D3-SAW;D3-UBA,Application Allowlisting;Command Restriction;File Analysis;Platform Monitoring;System Access Workflow;User Behavior Analysis
main_003483,cf92707e5e49ec250569b5e666152d76acb35553061740bbbb7f2cb649c501a0,77862efd76591a786f99d400c0f97633e2bfb2bbd18b09dd6bf33ebe49f40f07,xmrig,1.0,High,5000000.0,5000000.0,T1027;T1055;T1059,D3-AL;D3-CR;D3-FA;D3-PM;D3-SAW;D3-UBA,Application Allowlisting;Command Restriction;File Analysis;Platform Monitoring;System Access Workflow;User Behavior Analysis
main_003484,a736edab4e1cda1620750ddc4beee794c27556044b799f1c728f4983d8525bb7,c8b999ec8614bd108b6640f976e6442afa74ef68f3436b132f6e6dfe4879fcad,grandoreiro,0.9999999999995576,High,5000000.0,4999999.999997788,T1027;T1055;T1486,D3-BAC;D3-BDR;D3-FA;D3-PM;D3-SAW;D3-UBA,Backup Access Control;Backup Data Recovery;File Analysis;Platform Monitoring;System Access Workflow;User Behavior Analysis
main_003487,55a818c44b40853734ad92d0c15bf7f90be1b63cfb442bbf33967b3bdada4661,77862efd76591a786f99d400c0f97633e2bfb2bbd18b09dd6bf33ebe49f40f07,xmrig,1.0,High,5000000.0,5000000.0,T1027;T1055;T1059,D3-AL;D3-CR;D3-FA;D3-PM;D3-SAW;D3-UBA,Application Allowlisting;Command Restriction;File Analysis;Platform Monitoring;System Access Workflow;User Behavior Analysis
main_003495,0c24426c23cc9b5b42418b79670db35374aba76aa5e0c03d3a37f2cc7d56ac50,77862efd76591a786f99d400c0f97633e2bfb2bbd18b09dd6bf33ebe49f40f07,xmrig,1.0,High,5000000.0,5000000.0,T1027;T1055;T1059,D3-AL;D3-CR;D3-FA;D3-PM;D3-SAW;D3-UBA,Application Allowlisting;Command Restriction;File Analysis;Platform Monitoring;System Access Workflow;User Behavior Analysis
main_003496,0af0ecdbccbde1d72caef74a48dc06af9b3c522dfc45edd7386a67425e9f116f,b83ef675cc28b5b0387916e29e9ced4ef6c6d6ea4fcffdbc3b3b086e80167fce,berbew,0.9999999999944624,High,5000000.0,4999999.999972312,T1027;T1055;T1486,D3-BAC;D3-BDR;D3-FA;D3-PM;D3-SAW;D3-UBA,Backup Access Control;Backup Data Recovery;File Analysis;Platform Monitoring;System Access Workflow;User Behavior Analysis
main_003514,057561d5388dbc03f2ec21ecd6d0721b29a5a59af37829987d94b4ce73b9d552,77862efd76591a786f99d400c0f97633e2bfb2bbd18b09dd6bf33ebe49f40f07,xmrig,1.0,High,5000000.0,5000000.0,T1027;T1055;T1059,D3-AL;D3-CR;D3-FA;D3-PM;D3-SAW;D3-UBA,Application Allowlisting;Command Restriction;File Analysis;Platform Monitoring;System Access Workflow;User Behavior Analysis
main_003516,fc0f5969aacacc04deb730234477879e32ae321d9d33ca84e92bee04e1095232,8c4b5ea2b7fae72da8843ed3033b100f001fd4e2699ab6cb2c99b44734af6f0e,wabot,0.9999999999520308,High,5000000.0,4999999.999760154,T1027;T1055;T1486,D3-BAC;D3-BDR;D3-FA;D3-PM;D3-SAW;D3-UBA,Backup Access Control;Backup Data Recovery;File Analysis;Platform Monitoring;System Access Workflow;User Behavior Analysis
main_003517,e72573dc918d3884051085190a4c3a60878ebd04db9df72629ab673ccdd477c3,77862efd76591a786f99d400c0f97633e2bfb2bbd18b09dd6bf33ebe49f40f07,xmrig,0.9999999999999888,High,5000000.0,4999999.999999944,T1027;T1055;T1059,D3-AL;D3-CR;D3-FA;D3-PM;D3-SAW;D3-UBA,Application Allowlisting;Command Restriction;File Analysis;Platform Monitoring;System Access Workflow;User Behavior Analysis
main_003540,d560a89cce45f69f7f31b32517c50879a70e45874d5e02f29064088785256374,77862efd76591a786f99d400c0f97633e2bfb2bbd18b09dd6bf33ebe49f40f07,xmrig,1.0,High,5000000.0,5000000.0,T1027;T1055;T1059,D3-AL;D3-CR;D3-FA;D3-PM;D3-SAW;D3-UBA,Application Allowlisting;Command Restriction;File Analysis;Platform Monitoring;System Access Workflow;User Behavior Analysis
main_003541,0a6878cb0ba4281bac813190b6f31668aefe18ea1fb280430f87a45e0da78985,77862efd76591a786f99d400c0f97633e2bfb2bbd18b09dd6bf33ebe49f40f07,xmrig,0.9999999646361896,High,5000000.0,4999999.823180947,T1027;T1055;T1059,D3-AL;D3-CR;D3-FA;D3-PM;D3-SAW;D3-UBA,Application Allowlisting;Command Restriction;File Analysis;Platform Monitoring;System Access Workflow;User Behavior Analysis
main_003555,3353cd98ceb27cfa54f11a6de544bf69ffc181e856784564651b90e02e010378,3bea44f95b17af14e750df7ab567b80b5e9aaaab87c2b4c1204f2269f98af653,disco,0.999946367960092,High,5000000.0,4999731.839800459,T1027;T1055;T1486,D3-BAC;D3-BDR;D3-FA;D3-PM;D3-SAW;D3-UBA,Backup Access Control;Backup Data Recovery;File Analysis;Platform Monitoring;System Access Workflow;User Behavior Analysis
main_003557,df9c3052ee0343461930e1c183284513f26a637d7563cc12f8c55bd20dd221f7,2351cb0b2eccd0155081509ebf8a86177b0fde5ebf5d162ea5728eea79c2db05,trollav,0.9999999999997716,High,5000000.0,4999999.999998858,T1027;T1055;T1486,D3-BAC;D3-BDR;D3-FA;D3-PM;D3-SAW;D3-UBA,Backup Access Control;Backup Data Recovery;File Analysis;Platform Monitoring;System Access Workflow;User Behavior Analysis
main_003573,9b4921892da4de2a6e14006eb658dc49975ac871c38578ad9e61fb015ac1ac28,d6ad9dee27cfd2b3df63896bd02ab0d74cc6eb52960103dc5686f77c43122dae,emdup,0.9999999981090656,High,5000000.0,4999999.990545328,T1027;T1055;T1486,D3-BAC;D3-BDR;D3-FA;D3-PM;D3-SAW;D3-UBA,Backup Access Control;Backup Data Recovery;File Analysis;Platform Monitoring;System Access Workflow;User Behavior Analysis
main_003574,c52a10fee843a7f37336f8118b6f1ac3976e09ceb23ec6e5d02409c47d52beaf,c202c514763b02b0af53601efc11fd2b59883d56fbc5b67d72d2dc753e504451,r77rootkit,0.9999999900192044,High,5000000.0,4999999.950096021,T1027;T1055;T1486,D3-BAC;D3-BDR;D3-FA;D3-PM;D3-SAW;D3-UBA,Backup Access Control;Backup Data Recovery;File Analysis;Platform Monitoring;System Access Workflow;User Behavior Analysis
main_003575,f4782882093ea33d0c28fcfc4a1240c3e80b8ad409967cbcf6ee4ad22d8ca0ff,02f47a65d4fd8d00c4aff12092e2155e9f12df2d089bcb1e28b5d65d0d4d7f0f,wacatac,0.9999999999999412,High,5000000.0,4999999.999999706,T1027;T1055;T1486,D3-BAC;D3-BDR;D3-FA;D3-PM;D3-SAW;D3-UBA,Backup Access Control;Backup Data Recovery;File Analysis;Platform Monitoring;System Access Workflow;User Behavior Analysis
main_003582,ff17d7ab4ce20a5a707fb2c493ac8ed7122d73977bcc51d689ca91ea647346ee,0d7b01056c6dfd002ed80f90c355f50818ccf09eba6ec034ed316b627db58e3c,shipshape,0.9999999999713688,High,5000000.0,4999999.999856844,T1027;T1055;T1486,D3-BAC;D3-BDR;D3-FA;D3-PM;D3-SAW;D3-UBA,Backup Access Control;Backup Data Recovery;File Analysis;Platform Monitoring;System Access Workflow;User Behavior Analysis
main_003583,3daed51714c79a08e68eafca46085fd43d826c19d0b00ee2c472a1ea60a0ce62,ef092d42941fb6af2ca50130b1d7a2fb36f80cc98954c008a5ccc00a2995ab79,scarletflash,0.999999639244578,High,5000000.0,4999998.19622289,T1027;T1055;T1486,D3-BAC;D3-BDR;D3-FA;D3-PM;D3-SAW;D3-UBA,Backup Access Control;Backup Data Recovery;File Analysis;Platform Monitoring;System Access Workflow;User Behavior Analysis
main_003586,80158c15c4bcc647805d200dae74faab90cee742ad0785602df46078aacf643b,5667ef73dac709effcfdc518a98ea9238365ec62b0eb5f478392e28818a2efd5,zeus,0.999999999987394,High,5000000.0,4999999.99993697,T1027;T1055;T1486,D3-BAC;D3-BDR;D3-FA;D3-PM;D3-SAW;D3-UBA,Backup Access Control;Backup Data Recovery;File Analysis;Platform Monitoring;System Access Workflow;User Behavior Analysis
main_003595,976bff8c2ad83c8f38a78c63288c628f373e36500f18c896dbb2c8c1b8e78b4f,02f47a65d4fd8d00c4aff12092e2155e9f12df2d089bcb1e28b5d65d0d4d7f0f,wacatac,0.9999989557955272,High,5000000.0,4999994.778977636,T1027;T1055;T1486,D3-BAC;D3-BDR;D3-FA;D3-PM;D3-SAW;D3-UBA,Backup Access Control;Backup Data Recovery;File Analysis;Platform Monitoring;System Access Workflow;User Behavior Analysis
main_003600,87b9585f18feadb1c8feda789cdcd083b3eec550811e27d6cd34becac7721d61,02f47a65d4fd8d00c4aff12092e2155e9f12df2d089bcb1e28b5d65d0d4d7f0f,wacatac,0.9999999999998082,High,5000000.0,4999999.999999041,T1027;T1055;T1486,D3-BAC;D3-BDR;D3-FA;D3-PM;D3-SAW;D3-UBA,Backup Access Control;Backup Data Recovery;File Analysis;Platform Monitoring;System Access Workflow;User Behavior Analysis
main_003646,91e6e81a5d9dee1f63a32674ad70f380a5eda31f68f22c11633d3d0203ff4ae0,ef092d42941fb6af2ca50130b1d7a2fb36f80cc98954c008a5ccc00a2995ab79,scarletflash,0.9999999949812836,High,5000000.0,4999999.974906418,T1027;T1055;T1486,D3-BAC;D3-BDR;D3-FA;D3-PM;D3-SAW;D3-UBA,Backup Access Control;Backup Data Recovery;File Analysis;Platform Monitoring;System Access Workflow;User Behavior Analysis
main_003650,afb77d6cefcd0d9a7df01d4f991dc452498c2c03465a5db3169de62efcfee020,ca6ac6af66c22d8acdd6e42a00a9a21a24a37e3fa6a018662fb6dbaabfe7a96d,metasploit,0.999999999444761,High,5000000.0,4999999.997223805,T1027;T1055;T1486,D3-BAC;D3-BDR;D3-FA;D3-PM;D3-SAW;D3-UBA,Backup Access Control;Backup Data Recovery;File Analysis;Platform Monitoring;System Access Workflow;User Behavior Analysis
main_003693,66f9b0a5c7267f3d8c30663ba7e70358b85988d33660e4f34a56471ea5f710ed,02f47a65d4fd8d00c4aff12092e2155e9f12df2d089bcb1e28b5d65d0d4d7f0f,wacatac,0.999821091088378,High,5000000.0,4999105.45544189,T1027;T1055;T1486,D3-BAC;D3-BDR;D3-FA;D3-PM;D3-SAW;D3-UBA,Backup Access Control;Backup Data Recovery;File Analysis;Platform Monitoring;System Access Workflow;User Behavior Analysis
main_003694,942c82fc6e11efcc147965cc852e2879380f695a3a91bffc9b0f3dcb89b5e2c7,c9e58d481ca76ea25d4579ea39056b5f5e3a5c25648274f9dcd1b6c533284d52,upatre,0.9999999999962064,High,5000000.0,4999999.999981032,T1027;T1055;T1486,D3-BAC;D3-BDR;D3-FA;D3-PM;D3-SAW;D3-UBA,Backup Access Control;Backup Data Recovery;File Analysis;Platform Monitoring;System Access Workflow;User Behavior Analysis
main_003696,800e4eae373aa24e0f9e4d57417bca1b2404feb399652bee45d3e1e98aeebc1e,c202c514763b02b0af53601efc11fd2b59883d56fbc5b67d72d2dc753e504451,r77rootkit,0.9999999682382312,High,5000000.0,4999999.841191156,T1027;T1055;T1486,D3-BAC;D3-BDR;D3-FA;D3-PM;D3-SAW;D3-UBA,Backup Access Control;Backup Data Recovery;File Analysis;Platform Monitoring;System Access Workflow;User Behavior Analysis
main_003713,bd3ac929926441b7c32e6b603103818293dc8e5716d31ed61f26176dc275685a,c30f6aa4eacd78facdb5e11f2d5a5af23f0302f3eca37567244bee7f73b53b8d,sfone,0.999999999999904,High,5000000.0,4999999.999999519,T1027;T1055;T1486,D3-BAC;D3-BDR;D3-FA;D3-PM;D3-SAW;D3-UBA,Backup Access Control;Backup Data Recovery;File Analysis;Platform Monitoring;System Access Workflow;User Behavior Analysis
main_003735,737b7cc95251270f9c42f5108032dd15470046034ba730ef7bfe82482454d4e9,ca6ac6af66c22d8acdd6e42a00a9a21a24a37e3fa6a018662fb6dbaabfe7a96d,metasploit,0.9999999999309512,High,5000000.0,4999999.999654756,T1027;T1055;T1486,D3-BAC;D3-BDR;D3-FA;D3-PM;D3-SAW;D3-UBA,Backup Access Control;Backup Data Recovery;File Analysis;Platform Monitoring;System Access Workflow;User Behavior Analysis
main_003737,acf390d2631b117bfaf5218ba2a2088b545b40033f3fee2e0e8209491de1e989,77862efd76591a786f99d400c0f97633e2bfb2bbd18b09dd6bf33ebe49f40f07,xmrig,1.0,High,5000000.0,5000000.0,T1027;T1055;T1059,D3-AL;D3-CR;D3-FA;D3-PM;D3-SAW;D3-UBA,Application Allowlisting;Command Restriction;File Analysis;Platform Monitoring;System Access Workflow;User Behavior Analysis
main_003740,9df48fc58248911f6d2f4f0477c03230d56ea087650594bb1bbb70cc0d92e82a,77862efd76591a786f99d400c0f97633e2bfb2bbd18b09dd6bf33ebe49f40f07,xmrig,1.0,High,5000000.0,5000000.0,T1027;T1055;T1059,D3-AL;D3-CR;D3-FA;D3-PM;D3-SAW;D3-UBA,Application Allowlisting;Command Restriction;File Analysis;Platform Monitoring;System Access Workflow;User Behavior Analysis
main_003741,62aa53f192fc534473ee77a11cdba9acf3b0baf84314d77e093e3d583515f879,02f47a65d4fd8d00c4aff12092e2155e9f12df2d089bcb1e28b5d65d0d4d7f0f,wacatac,0.9999999999999512,High,5000000.0,4999999.999999756,T1027;T1055;T1486,D3-BAC;D3-BDR;D3-FA;D3-PM;D3-SAW;D3-UBA,Backup Access Control;Backup Data Recovery;File Analysis;Platform Monitoring;System Access Workflow;User Behavior Analysis
main_003751,4474e0928ef8d6f5d88ddf87e53ee9ebed147fa4e903a7a11da2a0c6baf585f7,58bb064ce0f0721aab7e4b4285f49e318ee801ab658d49dcfff305df630cc5c9,bedep,0.9999999411711754,High,5000000.0,4999999.705855877,T1027;T1055;T1486,D3-BAC;D3-BDR;D3-FA;D3-PM;D3-SAW;D3-UBA,Backup Access Control;Backup Data Recovery;File Analysis;Platform Monitoring;System Access Workflow;User Behavior Analysis
main_003765,f4d4d7685cd6e4d1ae5e6e00a8b846854800cd9b9de426d41ce0de96662134df,30a5489c424c748c87b2f9bdc22bf88287879490af46dcfee5a2c01753e27656,diztakun,0.9999949527748404,High,5000000.0,4999974.763874202,T1027;T1055;T1486,D3-BAC;D3-BDR;D3-FA;D3-PM;D3-SAW;D3-UBA,Backup Access Control;Backup Data Recovery;File Analysis;Platform Monitoring;System Access Workflow;User Behavior Analysis
main_003767,3761292df82070fbaad128369924673ebe6f8d575bb543bea8d0a14cd1569dab,02f47a65d4fd8d00c4aff12092e2155e9f12df2d089bcb1e28b5d65d0d4d7f0f,wacatac,0.9999999595946564,High,5000000.0,4999999.797973282,T1027;T1055;T1486,D3-BAC;D3-BDR;D3-FA;D3-PM;D3-SAW;D3-UBA,Backup Access Control;Backup Data Recovery;File Analysis;Platform Monitoring;System Access Workflow;User Behavior Analysis
main_003768,01fb401bd1c9bb8ae3a1d66ef135061ac9aa3ebdac56d7a50bf66018568050b6,b83ef675cc28b5b0387916e29e9ced4ef6c6d6ea4fcffdbc3b3b086e80167fce,berbew,0.999999999996378,High,5000000.0,4999999.99998189,T1027;T1055;T1486,D3-BAC;D3-BDR;D3-FA;D3-PM;D3-SAW;D3-UBA,Backup Access Control;Backup Data Recovery;File Analysis;Platform Monitoring;System Access Workflow;User Behavior Analysis
main_003769,5282235becc57a1f08ad87eb0b3bc9c8c55743b395dc72ac16f3ed158a0b4f31,b83ef675cc28b5b0387916e29e9ced4ef6c6d6ea4fcffdbc3b3b086e80167fce,berbew,0.999999378999312,High,5000000.0,4999996.89499656,T1027;T1055;T1486,D3-BAC;D3-BDR;D3-FA;D3-PM;D3-SAW;D3-UBA,Backup Access Control;Backup Data Recovery;File Analysis;Platform Monitoring;System Access Workflow;User Behavior Analysis
main_003771,f07ca9a8bafe19894800f8dfbd2aa871f89295fed05645d979244e02a8a772df,a5fad31f18c9c700f2bfbba047bb30254fb5ed8f5645493f0daa3fa040b51c7d,dinwod,1.0,High,5000000.0,5000000.0,T1027;T1055;T1486,D3-BAC;D3-BDR;D3-FA;D3-PM;D3-SAW;D3-UBA,Backup Access Control;Backup Data Recovery;File Analysis;Platform Monitoring;System Access Workflow;User Behavior Analysis
main_003772,7be5a06d3985b0a5da4278f538045f7ce6508413bd6799f828dfca14d1ac860e,7569bacd48f42b9907cba1eedb9254fbce1fa8e6ccd8e8d0034c6b7c1644bd6c,cosmu,0.9999999999969692,High,5000000.0,4999999.999984846,T1027;T1055;T1486,D3-BAC;D3-BDR;D3-FA;D3-PM;D3-SAW;D3-UBA,Backup Access Control;Backup Data Recovery;File Analysis;Platform Monitoring;System Access Workflow;User Behavior Analysis
main_003773,857f02a342917fa8c9326fd3f32dc4474aecb9ae941a3de3900a72bfe7b35332,c9e58d481ca76ea25d4579ea39056b5f5e3a5c25648274f9dcd1b6c533284d52,upatre,0.9999999999894588,High,5000000.0,4999999.999947294,T1027;T1055;T1486,D3-BAC;D3-BDR;D3-FA;D3-PM;D3-SAW;D3-UBA,Backup Access Control;Backup Data Recovery;File Analysis;Platform Monitoring;System Access Workflow;User Behavior Analysis
main_003808,f43a2a1e39f590754d8d84a6419bc8cbb7705abaea78856ee036ab4f39106cba,77862efd76591a786f99d400c0f97633e2bfb2bbd18b09dd6bf33ebe49f40f07,xmrig,0.999999999999349,High,5000000.0,4999999.999996745,T1027;T1055;T1059,D3-AL;D3-CR;D3-FA;D3-PM;D3-SAW;D3-UBA,Application Allowlisting;Command Restriction;File Analysis;Platform Monitoring;System Access Workflow;User Behavior Analysis
main_003810,940ae3a184ddeaa886f898aca47fbbc14c3654a529fee0e256a51e3b8ad77118,ef092d42941fb6af2ca50130b1d7a2fb36f80cc98954c008a5ccc00a2995ab79,scarletflash,0.9999999999599284,High,5000000.0,4999999.999799642,T1027;T1055;T1486,D3-BAC;D3-BDR;D3-FA;D3-PM;D3-SAW;D3-UBA,Backup Access Control;Backup Data Recovery;File Analysis;Platform Monitoring;System Access Workflow;User Behavior Analysis
main_003815,b1aa9157eb8ba5e8e97e32a0e6097f41a1755e68b189dad46b461b8bfdc83ee9,7f411c23e7d9d268b51470b27920d362905e71fca86a2ef5c70747984b30a29a,redline,0.9999679197237,High,5000000.0,4999839.5986185,T1027;T1055;T1486,D3-BAC;D3-BDR;D3-FA;D3-PM;D3-SAW;D3-UBA,Backup Access Control;Backup Data Recovery;File Analysis;Platform Monitoring;System Access Workflow;User Behavior Analysis
main_003855,ce7a259f10999b950dd9a13c205fe4860d9fbd262a2c1c00ebc9f2fe5000699b,3cc62d621b50887019d45b3b35ccfae1ba711bb481ce64fab07e2f02ae2f6e21,lotok,0.9999971067565072,High,5000000.0,4999985.533782536,T1027;T1055;T1486,D3-BAC;D3-BDR;D3-FA;D3-PM;D3-SAW;D3-UBA,Backup Access Control;Backup Data Recovery;File Analysis;Platform Monitoring;System Access Workflow;User Behavior Analysis
main_003858,999f40c33cfe6d805344e94d7449d250980814008c0fbb68d2dd1542edd159e5,7f411c23e7d9d268b51470b27920d362905e71fca86a2ef5c70747984b30a29a,redline,0.9995088417656166,High,5000000.0,4997544.208828083,T1027;T1055;T1486,D3-BAC;D3-BDR;D3-FA;D3-PM;D3-SAW;D3-UBA,Backup Access Control;Backup Data Recovery;File Analysis;Platform Monitoring;System Access Workflow;User Behavior Analysis
main_003872,77c1e9f6b8d73b321b146019e0b4228cdfa0e5c206c625be067480adcc6f0f66,02f47a65d4fd8d00c4aff12092e2155e9f12df2d089bcb1e28b5d65d0d4d7f0f,wacatac,0.9999999999999754,High,5000000.0,4999999.999999877,T1027;T1055;T1486,D3-BAC;D3-BDR;D3-FA;D3-PM;D3-SAW;D3-UBA,Backup Access Control;Backup Data Recovery;File Analysis;Platform Monitoring;System Access Workflow;User Behavior Analysis
main_003873,dd9905b7492d158258f8da9a840e35feb919be22027807cc04630c84eba3e270,58bb064ce0f0721aab7e4b4285f49e318ee801ab658d49dcfff305df630cc5c9,bedep,0.99999999999956,High,5000000.0,4999999.9999978,T1027;T1055;T1486,D3-BAC;D3-BDR;D3-FA;D3-PM;D3-SAW;D3-UBA,Backup Access Control;Backup Data Recovery;File Analysis;Platform Monitoring;System Access Workflow;User Behavior Analysis
main_003875,94dd972f6f67aa20a4fcd91dd0829abf7a6751b6bf619560357c0510df5dcd58,ef092d42941fb6af2ca50130b1d7a2fb36f80cc98954c008a5ccc00a2995ab79,scarletflash,0.9999996557527784,High,5000000.0,4999998.278763892,T1027;T1055;T1486,D3-BAC;D3-BDR;D3-FA;D3-PM;D3-SAW;D3-UBA,Backup Access Control;Backup Data Recovery;File Analysis;Platform Monitoring;System Access Workflow;User Behavior Analysis
main_003893,25d9e2400869feeae0bff47f1a6961bfb523977e8e6264752135107341b4fc5a,02f47a65d4fd8d00c4aff12092e2155e9f12df2d089bcb1e28b5d65d0d4d7f0f,wacatac,0.9455774248824276,High,5000000.0,4727887.124412138,T1027;T1055;T1486,D3-BAC;D3-BDR;D3-FA;D3-PM;D3-SAW;D3-UBA,Backup Access Control;Backup Data Recovery;File Analysis;Platform Monitoring;System Access Workflow;User Behavior Analysis
main_003904,c2c48a99056c4c460c382c2d52e730a64e5095a67e8fa797746e696db7d13acc,72d49f51276bfe8a48b1770f0858af6a307fe180b60efcedd44bcf86ec251706,flystudio,0.9989890742440704,High,5000000.0,4994945.371220352,T1027;T1055;T1486,D3-BAC;D3-BDR;D3-FA;D3-PM;D3-SAW;D3-UBA,Backup Access Control;Backup Data Recovery;File Analysis;Platform Monitoring;System Access Workflow;User Behavior Analysis
main_003907,ca23ae39d9d8198706753366fe98a84d05592cc82c82fd4b47fd8a0496c28d8b,3bea44f95b17af14e750df7ab567b80b5e9aaaab87c2b4c1204f2269f98af653,disco,0.9999999890349606,High,5000000.0,4999999.945174803,T1027;T1055;T1486,D3-BAC;D3-BDR;D3-FA;D3-PM;D3-SAW;D3-UBA,Backup Access Control;Backup Data Recovery;File Analysis;Platform Monitoring;System Access Workflow;User Behavior Analysis
main_003911,838900a72f5823bf26a6d22a261f038cb969206cb40c19a6232265ef5ad25d19,99e2d5c6e5fb193a148e06547f5c9bb4e3dd2bc061e9a90592462767e9f80912,disin,0.9999999999983188,High,5000000.0,4999999.999991594,T1027;T1055;T1486,D3-BAC;D3-BDR;D3-FA;D3-PM;D3-SAW;D3-UBA,Backup Access Control;Backup Data Recovery;File Analysis;Platform Monitoring;System Access Workflow;User Behavior Analysis
main_003913,550f7bf283e4482724574c4b2224b71bb6ef2c4f2dd11f9a2602eb0f177554ef,b83ef675cc28b5b0387916e29e9ced4ef6c6d6ea4fcffdbc3b3b086e80167fce,berbew,0.999999999999724,High,5000000.0,4999999.99999862,T1027;T1055;T1486,D3-BAC;D3-BDR;D3-FA;D3-PM;D3-SAW;D3-UBA,Backup Access Control;Backup Data Recovery;File Analysis;Platform Monitoring;System Access Workflow;User Behavior Analysis
main_003914,f9775deeb1e95260bdb90d646cae2715aae0c37db5ee10c340a1dcab01d1e4e7,c8b999ec8614bd108b6640f976e6442afa74ef68f3436b132f6e6dfe4879fcad,grandoreiro,0.999999999898208,High,5000000.0,4999999.99949104,T1027;T1055;T1486,D3-BAC;D3-BDR;D3-FA;D3-PM;D3-SAW;D3-UBA,Backup Access Control;Backup Data Recovery;File Analysis;Platform Monitoring;System Access Workflow;User Behavior Analysis
main_003917,b6279ba1651b6f388d12fc7fe2dc14fbb399e18afa277a5aae6038c506c9804a,a49c1d0380688dd9e1898df37e8a7f9e7747212a5b47494173bd2e4a91452fb7,alien,0.999999896326453,High,5000000.0,4999999.481632265,T1027;T1055;T1486,D3-BAC;D3-BDR;D3-FA;D3-PM;D3-SAW;D3-UBA,Backup Access Control;Backup Data Recovery;File Analysis;Platform Monitoring;System Access Workflow;User Behavior Analysis
main_003919,840de810030e2d75e50579c53f13f753367df82b4a0f90a440d41fb3ee95f762,187f622dc0da983d25da3df0e452808a96dd8c64c24aace69bc339cfe47a165d,expiro,0.9999999999869436,High,5000000.0,4999999.999934718,T1027;T1055;T1486,D3-BAC;D3-BDR;D3-FA;D3-PM;D3-SAW;D3-UBA,Backup Access Control;Backup Data Recovery;File Analysis;Platform Monitoring;System Access Workflow;User Behavior Analysis
main_003920,b9e0133854787e4762cd15a0f4268a62ee3e60f850f1d64239176d8751f91c58,7f411c23e7d9d268b51470b27920d362905e71fca86a2ef5c70747984b30a29a,redline,0.9999992052097826,High,5000000.0,4999996.026048913,T1027;T1055;T1486,D3-BAC;D3-BDR;D3-FA;D3-PM;D3-SAW;D3-UBA,Backup Access Control;Backup Data Recovery;File Analysis;Platform Monitoring;System Access Workflow;User Behavior Analysis
main_003924,1881f6e378ddefabb3734baae137b6a775f0659cfee6d7c9f57dd390ce25cd6a,fd5104756137718da71be7bec3f2a88cb3dc4f6df936e61e4bd012cb9108027c,convagent,0.9999986862936376,High,5000000.0,4999993.431468188,T1027;T1055;T1486,D3-BAC;D3-BDR;D3-FA;D3-PM;D3-SAW;D3-UBA,Backup Access Control;Backup Data Recovery;File Analysis;Platform Monitoring;System Access Workflow;User Behavior Analysis
main_003927,c2cb95d6ebc5bb2b8a47a0ed8ee99b488ea5d9bdc67e9ec8649ad2348f475435,ca6ac6af66c22d8acdd6e42a00a9a21a24a37e3fa6a018662fb6dbaabfe7a96d,metasploit,0.9999999999995473,High,5000000.0,4999999.999997736,T1027;T1055;T1486,D3-BAC;D3-BDR;D3-FA;D3-PM;D3-SAW;D3-UBA,Backup Access Control;Backup Data Recovery;File Analysis;Platform Monitoring;System Access Workflow;User Behavior Analysis
main_003928,d7d83fcc6fdcd2be1cdcd7fc75342dfc8e3429f38e28e661ae37c9da99f58013,3cc62d621b50887019d45b3b35ccfae1ba711bb481ce64fab07e2f02ae2f6e21,lotok,0.9999991303903012,High,5000000.0,4999995.651951506,T1027;T1055;T1486,D3-BAC;D3-BDR;D3-FA;D3-PM;D3-SAW;D3-UBA,Backup Access Control;Backup Data Recovery;File Analysis;Platform Monitoring;System Access Workflow;User Behavior Analysis
main_003937,36223cee98475e430e47a345b6dfb3e97f0f7e07f36f3925dcfd70407f013330,ca6ac6af66c22d8acdd6e42a00a9a21a24a37e3fa6a018662fb6dbaabfe7a96d,metasploit,0.9999999999504932,High,5000000.0,4999999.999752466,T1027;T1055;T1486,D3-BAC;D3-BDR;D3-FA;D3-PM;D3-SAW;D3-UBA,Backup Access Control;Backup Data Recovery;File Analysis;Platform Monitoring;System Access Workflow;User Behavior Analysis
main_003939,89a53aee4311ea62b404b42676ce49a7bbf1579cde651335de7113d7238ad169,fd5104756137718da71be7bec3f2a88cb3dc4f6df936e61e4bd012cb9108027c,convagent,0.9999999236104472,High,5000000.0,4999999.618052236,T1027;T1055;T1486,D3-BAC;D3-BDR;D3-FA;D3-PM;D3-SAW;D3-UBA,Backup Access Control;Backup Data Recovery;File Analysis;Platform Monitoring;System Access Workflow;User Behavior Analysis
main_003941,2b75ae3ec9b1c92eaba05f2da7ebaea1f8e5f11272f5825e487335a083f5997d,02f47a65d4fd8d00c4aff12092e2155e9f12df2d089bcb1e28b5d65d0d4d7f0f,wacatac,0.9999981341186414,High,5000000.0,4999990.670593207,T1027;T1055;T1486,D3-BAC;D3-BDR;D3-FA;D3-PM;D3-SAW;D3-UBA,Backup Access Control;Backup Data Recovery;File Analysis;Platform Monitoring;System Access Workflow;User Behavior Analysis
main_003956,eb7bb00992d57cbee714381a25d86480c7d67fe7473b057c9c9e9fad8f305f30,970ec274ca867815174ebe4eff19282000f9495a6c7254e94991d1fb4dc3df30,luna,0.999999999999925,High,5000000.0,4999999.999999625,T1027;T1055;T1486,D3-BAC;D3-BDR;D3-FA;D3-PM;D3-SAW;D3-UBA,Backup Access Control;Backup Data Recovery;File Analysis;Platform Monitoring;System Access Workflow;User Behavior Analysis
main_003968,52727e79ff015a4aadc917be1e038055a5afc457bfc9d15fbaf988beb9f66707,a49c1d0380688dd9e1898df37e8a7f9e7747212a5b47494173bd2e4a91452fb7,alien,0.9999999999997522,High,5000000.0,4999999.999998761,T1027;T1055;T1486,D3-BAC;D3-BDR;D3-FA;D3-PM;D3-SAW;D3-UBA,Backup Access Control;Backup Data Recovery;File Analysis;Platform Monitoring;System Access Workflow;User Behavior Analysis
main_004017,a5dcd4f7fb3ac6ded47c2c44d1cb73d01f72b04228c196eeb8040fa7006e50cd,99e2d5c6e5fb193a148e06547f5c9bb4e3dd2bc061e9a90592462767e9f80912,disin,0.9999999999997096,High,5000000.0,4999999.999998548,T1027;T1055;T1486,D3-BAC;D3-BDR;D3-FA;D3-PM;D3-SAW;D3-UBA,Backup Access Control;Backup Data Recovery;File Analysis;Platform Monitoring;System Access Workflow;User Behavior Analysis
main_004079,1cea88c21d18457f34d7e892bee7b94046266fd6329bb3b956722e0b8fe86826,99e2d5c6e5fb193a148e06547f5c9bb4e3dd2bc061e9a90592462767e9f80912,disin,0.9999999999999758,High,5000000.0,4999999.999999879,T1027;T1055;T1486,D3-BAC;D3-BDR;D3-FA;D3-PM;D3-SAW;D3-UBA,Backup Access Control;Backup Data Recovery;File Analysis;Platform Monitoring;System Access Workflow;User Behavior Analysis
main_004083,12e7359d6cb7df9d2746b8cab0b09cf8bd324568f89547d035e593b232352785,02f47a65d4fd8d00c4aff12092e2155e9f12df2d089bcb1e28b5d65d0d4d7f0f,wacatac,0.999999988538174,High,5000000.0,4999999.94269087,T1027;T1055;T1486,D3-BAC;D3-BDR;D3-FA;D3-PM;D3-SAW;D3-UBA,Backup Access Control;Backup Data Recovery;File Analysis;Platform Monitoring;System Access Workflow;User Behavior Analysis
main_004105,7f84be3242683bc58c657e0d49222044970ff814c74e0bc859f20588fd2f75c1,99e2d5c6e5fb193a148e06547f5c9bb4e3dd2bc061e9a90592462767e9f80912,disin,0.9999999976851136,High,5000000.0,4999999.988425568,T1027;T1055;T1486,D3-BAC;D3-BDR;D3-FA;D3-PM;D3-SAW;D3-UBA,Backup Access Control;Backup Data Recovery;File Analysis;Platform Monitoring;System Access Workflow;User Behavior Analysis
main_004112,81df3c840acef1cf9887771f1a89b81651502b4962213f822cf7219643edd1fd,02f47a65d4fd8d00c4aff12092e2155e9f12df2d089bcb1e28b5d65d0d4d7f0f,wacatac,0.9999999999997048,High,5000000.0,4999999.999998524,T1027;T1055;T1486,D3-BAC;D3-BDR;D3-FA;D3-PM;D3-SAW;D3-UBA,Backup Access Control;Backup Data Recovery;File Analysis;Platform Monitoring;System Access Workflow;User Behavior Analysis
main_004113,91af64c3485b0b78501a0e67e453d1eac0d2adb0d8c199a221f3a171474251c8,ef092d42941fb6af2ca50130b1d7a2fb36f80cc98954c008a5ccc00a2995ab79,scarletflash,0.999999999940171,High,5000000.0,4999999.999700855,T1027;T1055;T1486,D3-BAC;D3-BDR;D3-FA;D3-PM;D3-SAW;D3-UBA,Backup Access Control;Backup Data Recovery;File Analysis;Platform Monitoring;System Access Workflow;User Behavior Analysis
main_004114,07cf3353de484d836cd9700c610e463956d4757ded89cb84c715311ae1c743c3,02f47a65d4fd8d00c4aff12092e2155e9f12df2d089bcb1e28b5d65d0d4d7f0f,wacatac,0.999999727176932,High,5000000.0,4999998.63588466,T1027;T1055;T1486,D3-BAC;D3-BDR;D3-FA;D3-PM;D3-SAW;D3-UBA,Backup Access Control;Backup Data Recovery;File Analysis;Platform Monitoring;System Access Workflow;User Behavior Analysis
main_004119,eca9c483b6b8f3490af7b212219e8fab7c87627700cdc9334e3e076469bd0e79,41e5cac4298e131e87215f8f3e62b154d2629cb3f77817234864d2ea1b4884ed,shelm,0.9999999946970796,High,5000000.0,4999999.973485398,T1027;T1055;T1486,D3-BAC;D3-BDR;D3-FA;D3-PM;D3-SAW;D3-UBA,Backup Access Control;Backup Data Recovery;File Analysis;Platform Monitoring;System Access Workflow;User Behavior Analysis
main_004133,4c3ad6cf866879935fdd5f88773d05266cd3258342f3fa2c3a20fb418119cd4e,c9e58d481ca76ea25d4579ea39056b5f5e3a5c25648274f9dcd1b6c533284d52,upatre,0.999999999997352,High,5000000.0,4999999.99998676,T1027;T1055;T1486,D3-BAC;D3-BDR;D3-FA;D3-PM;D3-SAW;D3-UBA,Backup Access Control;Backup Data Recovery;File Analysis;Platform Monitoring;System Access Workflow;User Behavior Analysis
main_004139,19514c144782252e6e451f4caf153e3969a0a96d35f4d45e739bcd47b6430a5f,3cc62d621b50887019d45b3b35ccfae1ba711bb481ce64fab07e2f02ae2f6e21,lotok,0.9999999352994702,High,5000000.0,4999999.67649735,T1027;T1055;T1486,D3-BAC;D3-BDR;D3-FA;D3-PM;D3-SAW;D3-UBA,Backup Access Control;Backup Data Recovery;File Analysis;Platform Monitoring;System Access Workflow;User Behavior Analysis
main_004140,e1ef0d0e59eeaf32f2f4a318cf57327d41ed535f05bd8e12bbfb8ec9c26a4a55,58bb064ce0f0721aab7e4b4285f49e318ee801ab658d49dcfff305df630cc5c9,bedep,0.9999999984127376,High,5000000.0,4999999.992063688,T1027;T1055;T1486,D3-BAC;D3-BDR;D3-FA;D3-PM;D3-SAW;D3-UBA,Backup Access Control;Backup Data Recovery;File Analysis;Platform Monitoring;System Access Workflow;User Behavior Analysis
main_004154,56554a20967f34de0d78cb1fc3b71fa03879568b9e85c11244f436cbb37b531c,c9e58d481ca76ea25d4579ea39056b5f5e3a5c25648274f9dcd1b6c533284d52,upatre,0.999999999763048,High,5000000.0,4999999.99881524,T1027;T1055;T1486,D3-BAC;D3-BDR;D3-FA;D3-PM;D3-SAW;D3-UBA,Backup Access Control;Backup Data Recovery;File Analysis;Platform Monitoring;System Access Workflow;User Behavior Analysis
main_004158,f466f657fadb3337b1caae69f1fa7f9004ee0ae32b5b2b7e2c6b8cab83b8981c,99e2d5c6e5fb193a148e06547f5c9bb4e3dd2bc061e9a90592462767e9f80912,disin,0.9999999999968144,High,5000000.0,4999999.9999840725,T1027;T1055;T1486,D3-BAC;D3-BDR;D3-FA;D3-PM;D3-SAW;D3-UBA,Backup Access Control;Backup Data Recovery;File Analysis;Platform Monitoring;System Access Workflow;User Behavior Analysis
main_004175,4fa4a1e1c0d64231491cef4944573acf16fdb185050f9e22afee6f76fc2d2eb6,187f622dc0da983d25da3df0e452808a96dd8c64c24aace69bc339cfe47a165d,expiro,0.999999937085909,High,5000000.0,4999999.685429545,T1027;T1055;T1486,D3-BAC;D3-BDR;D3-FA;D3-PM;D3-SAW;D3-UBA,Backup Access Control;Backup Data Recovery;File Analysis;Platform Monitoring;System Access Workflow;User Behavior Analysis
main_004202,ec97e2fb9f329bea01ad623626c72c999f4667c34bfd8316d0fd21b881ac7e5c,c8b999ec8614bd108b6640f976e6442afa74ef68f3436b132f6e6dfe4879fcad,grandoreiro,0.9999999999765984,High,5000000.0,4999999.999882992,T1027;T1055;T1486,D3-BAC;D3-BDR;D3-FA;D3-PM;D3-SAW;D3-UBA,Backup Access Control;Backup Data Recovery;File Analysis;Platform Monitoring;System Access Workflow;User Behavior Analysis
main_004203,e39194d4140f2eac181f22ab46ec2271d00683de110da87658cebac4f2ac82c3,c8b999ec8614bd108b6640f976e6442afa74ef68f3436b132f6e6dfe4879fcad,grandoreiro,0.9999999999997512,High,5000000.0,4999999.999998756,T1027;T1055;T1486,D3-BAC;D3-BDR;D3-FA;D3-PM;D3-SAW;D3-UBA,Backup Access Control;Backup Data Recovery;File Analysis;Platform Monitoring;System Access Workflow;User Behavior Analysis
main_004204,d31c8abd54dccfc83f5fae36793e8cdc5092b61224e456ca7333c9fc3656ea92,ca6ac6af66c22d8acdd6e42a00a9a21a24a37e3fa6a018662fb6dbaabfe7a96d,metasploit,0.999999999999978,High,5000000.0,4999999.99999989,T1027;T1055;T1486,D3-BAC;D3-BDR;D3-FA;D3-PM;D3-SAW;D3-UBA,Backup Access Control;Backup Data Recovery;File Analysis;Platform Monitoring;System Access Workflow;User Behavior Analysis
main_004210,59a3166603dcf67e93db16008d6003148a8855937a8af984796b82bed6f2da5c,02f47a65d4fd8d00c4aff12092e2155e9f12df2d089bcb1e28b5d65d0d4d7f0f,wacatac,0.9993191546571044,High,5000000.0,4996595.773285522,T1027;T1055;T1486,D3-BAC;D3-BDR;D3-FA;D3-PM;D3-SAW;D3-UBA,Backup Access Control;Backup Data Recovery;File Analysis;Platform Monitoring;System Access Workflow;User Behavior Analysis
main_004216,9750b6e6b93ce9deacc9ca4cb29a742496294a170c021870f09ac4409a5be15c,c8b999ec8614bd108b6640f976e6442afa74ef68f3436b132f6e6dfe4879fcad,grandoreiro,0.9999999999842406,High,5000000.0,4999999.999921203,T1027;T1055;T1486,D3-BAC;D3-BDR;D3-FA;D3-PM;D3-SAW;D3-UBA,Backup Access Control;Backup Data Recovery;File Analysis;Platform Monitoring;System Access Workflow;User Behavior Analysis
main_004227,5007586b7035090a26179c5d9631980dc11ec03367ae145e58c2befa5d46c1c7,02f47a65d4fd8d00c4aff12092e2155e9f12df2d089bcb1e28b5d65d0d4d7f0f,wacatac,0.999999542199181,High,5000000.0,4999997.710995905,T1027;T1055;T1486,D3-BAC;D3-BDR;D3-FA;D3-PM;D3-SAW;D3-UBA,Backup Access Control;Backup Data Recovery;File Analysis;Platform Monitoring;System Access Workflow;User Behavior Analysis
main_004228,e8ad332da0f50f154fa5c953328d3cf64721969b779041f4dcecd7ed3bc6d2ef,c8b999ec8614bd108b6640f976e6442afa74ef68f3436b132f6e6dfe4879fcad,grandoreiro,0.9999999999988968,High,5000000.0,4999999.999994484,T1027;T1055;T1486,D3-BAC;D3-BDR;D3-FA;D3-PM;D3-SAW;D3-UBA,Backup Access Control;Backup Data Recovery;File Analysis;Platform Monitoring;System Access Workflow;User Behavior Analysis
main_004229,c3df0bd17a0c2dbd95831c207d2a82f7f49c39dc55caaa834b416561098ad60e,c8b999ec8614bd108b6640f976e6442afa74ef68f3436b132f6e6dfe4879fcad,grandoreiro,0.9999999999712206,High,5000000.0,4999999.999856103,T1027;T1055;T1486,D3-BAC;D3-BDR;D3-FA;D3-PM;D3-SAW;D3-UBA,Backup Access Control;Backup Data Recovery;File Analysis;Platform Monitoring;System Access Workflow;User Behavior Analysis
main_004230,706e6330f9305b4290b19dde89108c1827247f02c051264ab87f4d7a662ade2a,77862efd76591a786f99d400c0f97633e2bfb2bbd18b09dd6bf33ebe49f40f07,xmrig,0.9999999999999998,High,5000000.0,4999999.999999999,T1027;T1055;T1059,D3-AL;D3-CR;D3-FA;D3-PM;D3-SAW;D3-UBA,Application Allowlisting;Command Restriction;File Analysis;Platform Monitoring;System Access Workflow;User Behavior Analysis
main_004231,fef3042d4fa5aea5efd6bba6942895ca0a68d80249ead2cf0ecb7da66d925160,ca6ac6af66c22d8acdd6e42a00a9a21a24a37e3fa6a018662fb6dbaabfe7a96d,metasploit,0.9999999999017772,High,5000000.0,4999999.999508887,T1027;T1055;T1486,D3-BAC;D3-BDR;D3-FA;D3-PM;D3-SAW;D3-UBA,Backup Access Control;Backup Data Recovery;File Analysis;Platform Monitoring;System Access Workflow;User Behavior Analysis
main_004232,6c71f53a762cfec528a3aa50ee220939f771c3d6f400641ac5b928e9c2ee207e,02f47a65d4fd8d00c4aff12092e2155e9f12df2d089bcb1e28b5d65d0d4d7f0f,wacatac,0.9999999090551634,High,5000000.0,4999999.545275818,T1027;T1055;T1486,D3-BAC;D3-BDR;D3-FA;D3-PM;D3-SAW;D3-UBA,Backup Access Control;Backup Data Recovery;File Analysis;Platform Monitoring;System Access Workflow;User Behavior Analysis
main_004235,b11c6f69254b95dc717d75e32444438c0dbf5f9b20fdd45476d7028e3345a717,187f622dc0da983d25da3df0e452808a96dd8c64c24aace69bc339cfe47a165d,expiro,0.9999999996951304,High,5000000.0,4999999.998475652,T1027;T1055;T1486,D3-BAC;D3-BDR;D3-FA;D3-PM;D3-SAW;D3-UBA,Backup Access Control;Backup Data Recovery;File Analysis;Platform Monitoring;System Access Workflow;User Behavior Analysis
main_004238,760546deeb4a768961616cf5308e9e57641151b03b45f6d88fffe3dd4d789571,b2d0045465c6ec03721110d4ab0b36bcc44e23bdb7a2dd2a195d1efbecc71018,shodi,0.9999712912275563,High,5000000.0,4999856.456137782,T1027;T1055;T1486,D3-BAC;D3-BDR;D3-FA;D3-PM;D3-SAW;D3-UBA,Backup Access Control;Backup Data Recovery;File Analysis;Platform Monitoring;System Access Workflow;User Behavior Analysis
main_004250,941f8dbdff7912dc9dfb9d5b196d7f7269d487d60900509c84dfcb401b58a571,ca6ac6af66c22d8acdd6e42a00a9a21a24a37e3fa6a018662fb6dbaabfe7a96d,metasploit,0.999999999615717,High,5000000.0,4999999.998078585,T1027;T1055;T1486,D3-BAC;D3-BDR;D3-FA;D3-PM;D3-SAW;D3-UBA,Backup Access Control;Backup Data Recovery;File Analysis;Platform Monitoring;System Access Workflow;User Behavior Analysis
main_004252,c3e6509e43bc695e933419337730c24ba3007a16352786f11d764736aee57732,c8b999ec8614bd108b6640f976e6442afa74ef68f3436b132f6e6dfe4879fcad,grandoreiro,0.9999999999990792,High,5000000.0,4999999.999995396,T1027;T1055;T1486,D3-BAC;D3-BDR;D3-FA;D3-PM;D3-SAW;D3-UBA,Backup Access Control;Backup Data Recovery;File Analysis;Platform Monitoring;System Access Workflow;User Behavior Analysis
main_004257,35f1479db41bd3c3622ee63085d0e37f839deb33edfb6d8aea1058a8e40c49bd,02f47a65d4fd8d00c4aff12092e2155e9f12df2d089bcb1e28b5d65d0d4d7f0f,wacatac,0.9999999802542076,High,5000000.0,4999999.901271038,T1027;T1055;T1486,D3-BAC;D3-BDR;D3-FA;D3-PM;D3-SAW;D3-UBA,Backup Access Control;Backup Data Recovery;File Analysis;Platform Monitoring;System Access Workflow;User Behavior Analysis
main_004258,54692001f8ab8cad67bf9caddaf86f122ea192b5c8e94122e86351319d76f9b7,02f47a65d4fd8d00c4aff12092e2155e9f12df2d089bcb1e28b5d65d0d4d7f0f,wacatac,0.0142475322536796,Low,5000000.0,71237.661268398,T1027;T1055;T1486,D3-BAC;D3-BDR;D3-FA;D3-PM;D3-SAW;D3-UBA,Backup Access Control;Backup Data Recovery;File Analysis;Platform Monitoring;System Access Workflow;User Behavior Analysis
main_004284,8604d21c1aed582792d7e6073b8c2011c92b0fdefdb68cae5ee9245de04f8a71,02f47a65d4fd8d00c4aff12092e2155e9f12df2d089bcb1e28b5d65d0d4d7f0f,wacatac,0.9999996986793523,High,5000000.0,4999998.493396762,T1027;T1055;T1486,D3-BAC;D3-BDR;D3-FA;D3-PM;D3-SAW;D3-UBA,Backup Access Control;Backup Data Recovery;File Analysis;Platform Monitoring;System Access Workflow;User Behavior Analysis
main_004290,4a50b6b3ad89f866d2a6b1c065af616dae0f173710f6cc99048d271cd962b681,41e5cac4298e131e87215f8f3e62b154d2629cb3f77817234864d2ea1b4884ed,shelm,0.9999936722842044,High,5000000.0,4999968.361421023,T1027;T1055;T1486,D3-BAC;D3-BDR;D3-FA;D3-PM;D3-SAW;D3-UBA,Backup Access Control;Backup Data Recovery;File Analysis;Platform Monitoring;System Access Workflow;User Behavior Analysis
main_004295,3e0a97777731c084ae1f15509b55ca102013b3da76cbb25cc5342bec84554000,41e5cac4298e131e87215f8f3e62b154d2629cb3f77817234864d2ea1b4884ed,shelm,0.9971396763907516,High,5000000.0,4985698.381953758,T1027;T1055;T1486,D3-BAC;D3-BDR;D3-FA;D3-PM;D3-SAW;D3-UBA,Backup Access Control;Backup Data Recovery;File Analysis;Platform Monitoring;System Access Workflow;User Behavior Analysis
main_004358,881c57c6f1d98b3a9ec2641356e682a1a58725c5e97e496ba5ee60fb903fa163,a49c1d0380688dd9e1898df37e8a7f9e7747212a5b47494173bd2e4a91452fb7,alien,0.9999992163873443,High,5000000.0,4999996.081936722,T1027;T1055;T1486,D3-BAC;D3-BDR;D3-FA;D3-PM;D3-SAW;D3-UBA,Backup Access Control;Backup Data Recovery;File Analysis;Platform Monitoring;System Access Workflow;User Behavior Analysis
main_004372,f25fbbd6f8716063a483e236f4b240699388c30f25e7362b702e3ae5f6b31031,fd5104756137718da71be7bec3f2a88cb3dc4f6df936e61e4bd012cb9108027c,convagent,0.9999999999748286,High,5000000.0,4999999.999874143,T1027;T1055;T1486,D3-BAC;D3-BDR;D3-FA;D3-PM;D3-SAW;D3-UBA,Backup Access Control;Backup Data Recovery;File Analysis;Platform Monitoring;System Access Workflow;User Behavior Analysis
main_004379,f518663cfc23828abf2b1f912c3c430f6ec2e820ac2e54e52511aa2d6becc832,187f622dc0da983d25da3df0e452808a96dd8c64c24aace69bc339cfe47a165d,expiro,0.9999999999999712,High,5000000.0,4999999.999999857,T1027;T1055;T1486,D3-BAC;D3-BDR;D3-FA;D3-PM;D3-SAW;D3-UBA,Backup Access Control;Backup Data Recovery;File Analysis;Platform Monitoring;System Access Workflow;User Behavior Analysis
main_004380,ad724ac6c99299cd0c9c9e502e141319591402d03504a06962dc64e5e28a29de,d6ad9dee27cfd2b3df63896bd02ab0d74cc6eb52960103dc5686f77c43122dae,emdup,0.9999999999998688,High,5000000.0,4999999.999999343,T1027;T1055;T1486,D3-BAC;D3-BDR;D3-FA;D3-PM;D3-SAW;D3-UBA,Backup Access Control;Backup Data Recovery;File Analysis;Platform Monitoring;System Access Workflow;User Behavior Analysis
main_004382,5ecae5021c325964c3de908c01a360369ea085ada26d6ceb90d57317787d6f47,ca6ac6af66c22d8acdd6e42a00a9a21a24a37e3fa6a018662fb6dbaabfe7a96d,metasploit,0.9999999993729722,High,5000000.0,4999999.996864861,T1027;T1055;T1486,D3-BAC;D3-BDR;D3-FA;D3-PM;D3-SAW;D3-UBA,Backup Access Control;Backup Data Recovery;File Analysis;Platform Monitoring;System Access Workflow;User Behavior Analysis
main_004383,23432341e5f2226114bdcc3689ad97c44329a9bc569f03717ff9be47cdff561f,187f622dc0da983d25da3df0e452808a96dd8c64c24aace69bc339cfe47a165d,expiro,0.9999999932847544,High,5000000.0,4999999.966423772,T1027;T1055;T1486,D3-BAC;D3-BDR;D3-FA;D3-PM;D3-SAW;D3-UBA,Backup Access Control;Backup Data Recovery;File Analysis;Platform Monitoring;System Access Workflow;User Behavior Analysis
main_004387,a1828061fc5edb356c49122209f38a08b439bb106ea04556acb2c3fd0ecd32a5,02f47a65d4fd8d00c4aff12092e2155e9f12df2d089bcb1e28b5d65d0d4d7f0f,wacatac,0.9999999556215796,High,5000000.0,4999999.778107898,T1027;T1055;T1486,D3-BAC;D3-BDR;D3-FA;D3-PM;D3-SAW;D3-UBA,Backup Access Control;Backup Data Recovery;File Analysis;Platform Monitoring;System Access Workflow;User Behavior Analysis
main_004388,39d66feecb3e7bb9b564565c9af7035e1a9f5ff1d0f030322b29f37fcd644852,a49c1d0380688dd9e1898df37e8a7f9e7747212a5b47494173bd2e4a91452fb7,alien,0.9999998992681526,High,5000000.0,4999999.496340763,T1027;T1055;T1486,D3-BAC;D3-BDR;D3-FA;D3-PM;D3-SAW;D3-UBA,Backup Access Control;Backup Data Recovery;File Analysis;Platform Monitoring;System Access Workflow;User Behavior Analysis
main_004390,ba7a1b374dba4f7c2298d0c50d3abb29744b9965e8b650c9f06bf063cea8c17f,77862efd76591a786f99d400c0f97633e2bfb2bbd18b09dd6bf33ebe49f40f07,xmrig,0.9999999999999996,High,5000000.0,4999999.999999998,T1027;T1055;T1059,D3-AL;D3-CR;D3-FA;D3-PM;D3-SAW;D3-UBA,Application Allowlisting;Command Restriction;File Analysis;Platform Monitoring;System Access Workflow;User Behavior Analysis
main_004391,1bae46c20bf0587f72b5581301f2479542ab0c9e5d5ef06fc5afe87f90e93794,77862efd76591a786f99d400c0f97633e2bfb2bbd18b09dd6bf33ebe49f40f07,xmrig,0.9999999999999988,High,5000000.0,4999999.9999999935,T1027;T1055;T1059,D3-AL;D3-CR;D3-FA;D3-PM;D3-SAW;D3-UBA,Application Allowlisting;Command Restriction;File Analysis;Platform Monitoring;System Access Workflow;User Behavior Analysis
main_004392,19a655cacfe9d2239e431a41574098e7e8657776ac9597c8fd7b13d09b673abc,02f47a65d4fd8d00c4aff12092e2155e9f12df2d089bcb1e28b5d65d0d4d7f0f,wacatac,0.9999994932131888,High,5000000.0,4999997.466065944,T1027;T1055;T1486,D3-BAC;D3-BDR;D3-FA;D3-PM;D3-SAW;D3-UBA,Backup Access Control;Backup Data Recovery;File Analysis;Platform Monitoring;System Access Workflow;User Behavior Analysis
main_004396,06a5f4e02adbd75c33f13590157466c5e3cb99a52c6d03c914c9cc2f132a502d,c9e58d481ca76ea25d4579ea39056b5f5e3a5c25648274f9dcd1b6c533284d52,upatre,0.9999999999999364,High,5000000.0,4999999.9999996815,T1027;T1055;T1486,D3-BAC;D3-BDR;D3-FA;D3-PM;D3-SAW;D3-UBA,Backup Access Control;Backup Data Recovery;File Analysis;Platform Monitoring;System Access Workflow;User Behavior Analysis
main_004399,71f2e40c094b807cc03deca3a6e80781d6ca27ae34cf7e3ff065dc4f8ef302bc,3bea44f95b17af14e750df7ab567b80b5e9aaaab87c2b4c1204f2269f98af653,disco,0.9999962485898928,High,5000000.0,4999981.242949463,T1027;T1055;T1486,D3-BAC;D3-BDR;D3-FA;D3-PM;D3-SAW;D3-UBA,Backup Access Control;Backup Data Recovery;File Analysis;Platform Monitoring;System Access Workflow;User Behavior Analysis
main_004448,70faf2edc703164b219b9ace33824db72efb6991422d707875668f06453f30e6,c13660685e4547f4975999112a567d5207ec43f24c697d52e674f6f67f9c7483,havoc,0.9999991712330006,High,5000000.0,4999995.856165003,T1027;T1055;T1486,D3-BAC;D3-BDR;D3-FA;D3-PM;D3-SAW;D3-UBA,Backup Access Control;Backup Data Recovery;File Analysis;Platform Monitoring;System Access Workflow;User Behavior Analysis
main_004462,a65d5797b58f6c24df08e1ea626cf5f2943569126a0c8f6b67baf0621a007d5e,02f47a65d4fd8d00c4aff12092e2155e9f12df2d089bcb1e28b5d65d0d4d7f0f,wacatac,0.9999904458781952,High,5000000.0,4999952.229390976,T1027;T1055;T1486,D3-BAC;D3-BDR;D3-FA;D3-PM;D3-SAW;D3-UBA,Backup Access Control;Backup Data Recovery;File Analysis;Platform Monitoring;System Access Workflow;User Behavior Analysis
main_004464,397fe3b5c12181e1c82375740e8201d4176f4aa5f56e75ad8e900bc657f92303,99e2d5c6e5fb193a148e06547f5c9bb4e3dd2bc061e9a90592462767e9f80912,disin,0.9999999999955008,High,5000000.0,4999999.999977504,T1027;T1055;T1486,D3-BAC;D3-BDR;D3-FA;D3-PM;D3-SAW;D3-UBA,Backup Access Control;Backup Data Recovery;File Analysis;Platform Monitoring;System Access Workflow;User Behavior Analysis
main_004471,0039a5c1fa132a9d69475bf7e6a5ed6576f8d3c8f037692cfabb5ce86f4ca6eb,02f47a65d4fd8d00c4aff12092e2155e9f12df2d089bcb1e28b5d65d0d4d7f0f,wacatac,0.9999999999999174,High,5000000.0,4999999.999999587,T1027;T1055;T1486,D3-BAC;D3-BDR;D3-FA;D3-PM;D3-SAW;D3-UBA,Backup Access Control;Backup Data Recovery;File Analysis;Platform Monitoring;System Access Workflow;User Behavior Analysis
main_004474,5ddf7bf84b630a8d5a2710bde891acd720efcbde8f1f896f298c6b383ab82e39,970ec274ca867815174ebe4eff19282000f9495a6c7254e94991d1fb4dc3df30,luna,0.9999999998710868,High,5000000.0,4999999.9993554335,T1027;T1055;T1486,D3-BAC;D3-BDR;D3-FA;D3-PM;D3-SAW;D3-UBA,Backup Access Control;Backup Data Recovery;File Analysis;Platform Monitoring;System Access Workflow;User Behavior Analysis
main_004489,be414243809e3d3b06b83af3d90f7891db526f677f3d63d8be3dbae765c9b1f1,41e5cac4298e131e87215f8f3e62b154d2629cb3f77817234864d2ea1b4884ed,shelm,0.9996331613766152,High,5000000.0,4998165.806883076,T1027;T1055;T1486,D3-BAC;D3-BDR;D3-FA;D3-PM;D3-SAW;D3-UBA,Backup Access Control;Backup Data Recovery;File Analysis;Platform Monitoring;System Access Workflow;User Behavior Analysis
main_004509,e316611b7721fdda41f398df75aae16ae193d909b89ac3131d6eee313169f096,41e5cac4298e131e87215f8f3e62b154d2629cb3f77817234864d2ea1b4884ed,shelm,0.9999993119371028,High,5000000.0,4999996.559685514,T1027;T1055;T1486,D3-BAC;D3-BDR;D3-FA;D3-PM;D3-SAW;D3-UBA,Backup Access Control;Backup Data Recovery;File Analysis;Platform Monitoring;System Access Workflow;User Behavior Analysis
main_004514,f3ea59cdf1d41fa96e42ab24ea556a390fe48dae9182ebf1b11798be82514635,295fe8cc28eaef9312e590b4434b288e979b8b3323f6d2de36aa9aab3c77d69c,pcclient,0.9999999996752804,High,5000000.0,4999999.998376402,T1027;T1055;T1486,D3-BAC;D3-BDR;D3-FA;D3-PM;D3-SAW;D3-UBA,Backup Access Control;Backup Data Recovery;File Analysis;Platform Monitoring;System Access Workflow;User Behavior Analysis
main_004518,dfe93fcc3daa98f1f1b0aef717dfd3c96d5d2676b18ad3cce729526c0ff08e31,295fe8cc28eaef9312e590b4434b288e979b8b3323f6d2de36aa9aab3c77d69c,pcclient,0.9999976218537228,High,5000000.0,4999988.109268614,T1027;T1055;T1486,D3-BAC;D3-BDR;D3-FA;D3-PM;D3-SAW;D3-UBA,Backup Access Control;Backup Data Recovery;File Analysis;Platform Monitoring;System Access Workflow;User Behavior Analysis
main_004519,c8b5053be04ea356451b9b2802c93829c1389861fc007195423b4319418b0e66,4fb6a3a065206f6c64d4b7b0a750f1fb7f275d8eac89509fc863adb9138f3907,reflo,0.999999999976974,High,5000000.0,4999999.99988487,T1027;T1055;T1486,D3-BAC;D3-BDR;D3-FA;D3-PM;D3-SAW;D3-UBA,Backup Access Control;Backup Data Recovery;File Analysis;Platform Monitoring;System Access Workflow;User Behavior Analysis
main_004525,4195c36b2c47f40e0e2fb4cca5e9b1a50ca74cf58e6264b576eff917ad5e597d,72d49f51276bfe8a48b1770f0858af6a307fe180b60efcedd44bcf86ec251706,flystudio,0.9999961885509572,High,5000000.0,4999980.9427547855,T1027;T1055;T1486,D3-BAC;D3-BDR;D3-FA;D3-PM;D3-SAW;D3-UBA,Backup Access Control;Backup Data Recovery;File Analysis;Platform Monitoring;System Access Workflow;User Behavior Analysis
main_004526,47183dcd4256e5097ff6d3c863ec7bb1823fff2bdf944d5de80b9965da1a6ad3,02f47a65d4fd8d00c4aff12092e2155e9f12df2d089bcb1e28b5d65d0d4d7f0f,wacatac,0.9999985611565252,High,5000000.0,4999992.805782626,T1027;T1055;T1486,D3-BAC;D3-BDR;D3-FA;D3-PM;D3-SAW;D3-UBA,Backup Access Control;Backup Data Recovery;File Analysis;Platform Monitoring;System Access Workflow;User Behavior Analysis
main_004528,9f28234afd725fe837dce7e0d68265cfe2171a956afd059154c44787e8a53627,a49c1d0380688dd9e1898df37e8a7f9e7747212a5b47494173bd2e4a91452fb7,alien,0.9999999997728954,High,5000000.0,4999999.9988644775,T1027;T1055;T1486,D3-BAC;D3-BDR;D3-FA;D3-PM;D3-SAW;D3-UBA,Backup Access Control;Backup Data Recovery;File Analysis;Platform Monitoring;System Access Workflow;User Behavior Analysis
main_004538,d19957f89266ded54fdcde944ffbbf74012805e3cc8111cf56989e0485384c9c,c13660685e4547f4975999112a567d5207ec43f24c697d52e674f6f67f9c7483,havoc,0.9999999999781484,High,5000000.0,4999999.999890742,T1027;T1055;T1486,D3-BAC;D3-BDR;D3-FA;D3-PM;D3-SAW;D3-UBA,Backup Access Control;Backup Data Recovery;File Analysis;Platform Monitoring;System Access Workflow;User Behavior Analysis
main_004543,5f4de4d6ac5ee852cb8ab852138ea8615dffca364dce0f11d97f7ceb07512999,c13660685e4547f4975999112a567d5207ec43f24c697d52e674f6f67f9c7483,havoc,0.9999999999474012,High,5000000.0,4999999.999737006,T1027;T1055;T1486,D3-BAC;D3-BDR;D3-FA;D3-PM;D3-SAW;D3-UBA,Backup Access Control;Backup Data Recovery;File Analysis;Platform Monitoring;System Access Workflow;User Behavior Analysis
main_004553,e3bdb4e59adf9d13941b61ca5d57f1b33d1c2006a61293bbedf263b547943fb8,c13660685e4547f4975999112a567d5207ec43f24c697d52e674f6f67f9c7483,havoc,0.9999999999967704,High,5000000.0,4999999.999983852,T1027;T1055;T1486,D3-BAC;D3-BDR;D3-FA;D3-PM;D3-SAW;D3-UBA,Backup Access Control;Backup Data Recovery;File Analysis;Platform Monitoring;System Access Workflow;User Behavior Analysis
main_004556,b4e59236812f843cde6fab7c42864485715a10d58f3ad0f6e30537a8f13b9373,c13660685e4547f4975999112a567d5207ec43f24c697d52e674f6f67f9c7483,havoc,0.9999999999860512,High,5000000.0,4999999.999930256,T1027;T1055;T1486,D3-BAC;D3-BDR;D3-FA;D3-PM;D3-SAW;D3-UBA,Backup Access Control;Backup Data Recovery;File Analysis;Platform Monitoring;System Access Workflow;User Behavior Analysis
main_004559,84c7d15c14138c88f0916933684cccd53daae4c0aa18b87ce414b0826d99bd73,02f47a65d4fd8d00c4aff12092e2155e9f12df2d089bcb1e28b5d65d0d4d7f0f,wacatac,0.9999999999905989,High,5000000.0,4999999.999952994,T1027;T1055;T1486,D3-BAC;D3-BDR;D3-FA;D3-PM;D3-SAW;D3-UBA,Backup Access Control;Backup Data Recovery;File Analysis;Platform Monitoring;System Access Workflow;User Behavior Analysis
main_004570,bb3e01e16e7e8b71da8a68404aef35cf9356df99251f81a08063eee4144e87a8,02f47a65d4fd8d00c4aff12092e2155e9f12df2d089bcb1e28b5d65d0d4d7f0f,wacatac,0.999563733410458,High,5000000.0,4997818.66705229,T1027;T1055;T1486,D3-BAC;D3-BDR;D3-FA;D3-PM;D3-SAW;D3-UBA,Backup Access Control;Backup Data Recovery;File Analysis;Platform Monitoring;System Access Workflow;User Behavior Analysis
main_004575,81adde776d4a007f9191995d68b1f18d99826f5df65c9bea44aa83b5787d5ce1,58bb064ce0f0721aab7e4b4285f49e318ee801ab658d49dcfff305df630cc5c9,bedep,0.9999999998243884,High,5000000.0,4999999.999121942,T1027;T1055;T1486,D3-BAC;D3-BDR;D3-FA;D3-PM;D3-SAW;D3-UBA,Backup Access Control;Backup Data Recovery;File Analysis;Platform Monitoring;System Access Workflow;User Behavior Analysis
main_004576,c772988f294a6e83861176938dbb991a952118ef971a9311a3cd9ca5321636a4,a49c1d0380688dd9e1898df37e8a7f9e7747212a5b47494173bd2e4a91452fb7,alien,0.9999999999975624,High,5000000.0,4999999.999987812,T1027;T1055;T1486,D3-BAC;D3-BDR;D3-FA;D3-PM;D3-SAW;D3-UBA,Backup Access Control;Backup Data Recovery;File Analysis;Platform Monitoring;System Access Workflow;User Behavior Analysis
main_004579,bb33eaadda49aae5e5d9d48e7f80850bf59ea64cd5e27a4faf5ac7e1f73fff57,02f47a65d4fd8d00c4aff12092e2155e9f12df2d089bcb1e28b5d65d0d4d7f0f,wacatac,0.9999998649337418,High,5000000.0,4999999.324668709,T1027;T1055;T1486,D3-BAC;D3-BDR;D3-FA;D3-PM;D3-SAW;D3-UBA,Backup Access Control;Backup Data Recovery;File Analysis;Platform Monitoring;System Access Workflow;User Behavior Analysis
main_004585,90a31c3cb6a43a6f05e5c01301f457c827b89ca0334a9797f7b6f146f21f765d,472473512e26748d79480e1fa44ad0a0814b226d3fdd3c0d4217e14b1427b2cd,khalesi,0.9999988924039808,High,5000000.0,4999994.462019904,T1027;T1055;T1486,D3-BAC;D3-BDR;D3-FA;D3-PM;D3-SAW;D3-UBA,Backup Access Control;Backup Data Recovery;File Analysis;Platform Monitoring;System Access Workflow;User Behavior Analysis
main_004586,cba431e525967ac41bcece56341ed4c60aa5c6c4b2fcb6f9a3bf6e16ac681e1b,58bb064ce0f0721aab7e4b4285f49e318ee801ab658d49dcfff305df630cc5c9,bedep,0.999999998239016,High,5000000.0,4999999.99119508,T1027;T1055;T1486,D3-BAC;D3-BDR;D3-FA;D3-PM;D3-SAW;D3-UBA,Backup Access Control;Backup Data Recovery;File Analysis;Platform Monitoring;System Access Workflow;User Behavior Analysis
main_004587,bb38315d94381c125679d924345a3df9d93f5b5095b90d05153710177300c260,99e2d5c6e5fb193a148e06547f5c9bb4e3dd2bc061e9a90592462767e9f80912,disin,0.9999999999975536,High,5000000.0,4999999.999987768,T1027;T1055;T1486,D3-BAC;D3-BDR;D3-FA;D3-PM;D3-SAW;D3-UBA,Backup Access Control;Backup Data Recovery;File Analysis;Platform Monitoring;System Access Workflow;User Behavior Analysis
main_004589,eb9fa1ddb4c9d54ab028dfa5956139c0e1f3240e885f0fd2bc4e2cf0ce161053,02f47a65d4fd8d00c4aff12092e2155e9f12df2d089bcb1e28b5d65d0d4d7f0f,wacatac,0.9999839989993332,High,5000000.0,4999919.994996666,T1027;T1055;T1486,D3-BAC;D3-BDR;D3-FA;D3-PM;D3-SAW;D3-UBA,Backup Access Control;Backup Data Recovery;File Analysis;Platform Monitoring;System Access Workflow;User Behavior Analysis
main_004600,55e34890aea57b664e3af063871e10d66e91d5329e24e785398b677b2c1cf335,b29fbadeecb4793aa6728e48db365c12430759deacb5140c3280a14f45f0ef90,ramnit,0.99404217836123,High,5000000.0,4970210.89180615,T1027;T1055;T1486,D3-BAC;D3-BDR;D3-FA;D3-PM;D3-SAW;D3-UBA,Backup Access Control;Backup Data Recovery;File Analysis;Platform Monitoring;System Access Workflow;User Behavior Analysis
main_004604,5a471d0ffefdcdb43f203110532c9dc5ef95549afc55473fd6b6a2bd671b6d50,02f47a65d4fd8d00c4aff12092e2155e9f12df2d089bcb1e28b5d65d0d4d7f0f,wacatac,0.9999999928973098,High,5000000.0,4999999.964486549,T1027;T1055;T1486,D3-BAC;D3-BDR;D3-FA;D3-PM;D3-SAW;D3-UBA,Backup Access Control;Backup Data Recovery;File Analysis;Platform Monitoring;System Access Workflow;User Behavior Analysis
main_004605,4dd061f628bcf4684865c4c97ecaff9702af353f427d1a804219344468acea57,c8b999ec8614bd108b6640f976e6442afa74ef68f3436b132f6e6dfe4879fcad,grandoreiro,0.9999999999981772,High,5000000.0,4999999.999990886,T1027;T1055;T1486,D3-BAC;D3-BDR;D3-FA;D3-PM;D3-SAW;D3-UBA,Backup Access Control;Backup Data Recovery;File Analysis;Platform Monitoring;System Access Workflow;User Behavior Analysis
main_004606,b1fad4ef4f76ffdbf18b1e7b58b2f447be53be1d96ae9634ce5e9babef3568e1,187f622dc0da983d25da3df0e452808a96dd8c64c24aace69bc339cfe47a165d,expiro,0.9999996468439016,High,5000000.0,4999998.234219508,T1027;T1055;T1486,D3-BAC;D3-BDR;D3-FA;D3-PM;D3-SAW;D3-UBA,Backup Access Control;Backup Data Recovery;File Analysis;Platform Monitoring;System Access Workflow;User Behavior Analysis
main_004607,f34c84d13de77aad1ffde8097206572c87c03da8f3cd1fb073e58305d575ab1c,ef092d42941fb6af2ca50130b1d7a2fb36f80cc98954c008a5ccc00a2995ab79,scarletflash,0.9999999999997712,High,5000000.0,4999999.999998856,T1027;T1055;T1486,D3-BAC;D3-BDR;D3-FA;D3-PM;D3-SAW;D3-UBA,Backup Access Control;Backup Data Recovery;File Analysis;Platform Monitoring;System Access Workflow;User Behavior Analysis
main_004610,0c7fae82a679ddda0e3982f3b9095bc6d2710b34a512d995fb1e4d6da4982e41,c8b999ec8614bd108b6640f976e6442afa74ef68f3436b132f6e6dfe4879fcad,grandoreiro,0.9999999999985638,High,5000000.0,4999999.99999282,T1027;T1055;T1486,D3-BAC;D3-BDR;D3-FA;D3-PM;D3-SAW;D3-UBA,Backup Access Control;Backup Data Recovery;File Analysis;Platform Monitoring;System Access Workflow;User Behavior Analysis
main_004611,561f5163ea901dfaf30ca0b28bbe40329e1e236d82ddfa5e95922e9b5a31c9a2,187f622dc0da983d25da3df0e452808a96dd8c64c24aace69bc339cfe47a165d,expiro,0.9999999998263136,High,5000000.0,4999999.999131568,T1027;T1055;T1486,D3-BAC;D3-BDR;D3-FA;D3-PM;D3-SAW;D3-UBA,Backup Access Control;Backup Data Recovery;File Analysis;Platform Monitoring;System Access Workflow;User Behavior Analysis
main_004618,a7a880096f46a18f726b2f9396d197037c49caa27f65a48c48a072dc8d6fd14d,c8b999ec8614bd108b6640f976e6442afa74ef68f3436b132f6e6dfe4879fcad,grandoreiro,0.9999999995488552,High,5000000.0,4999999.997744276,T1027;T1055;T1486,D3-BAC;D3-BDR;D3-FA;D3-PM;D3-SAW;D3-UBA,Backup Access Control;Backup Data Recovery;File Analysis;Platform Monitoring;System Access Workflow;User Behavior Analysis
main_004638,d55cc77c0e570e3b31bd1f28cdc12595292329ff05b66867dd4e3fda2cee1bc1,2351cb0b2eccd0155081509ebf8a86177b0fde5ebf5d162ea5728eea79c2db05,trollav,0.9999999999957084,High,5000000.0,4999999.999978542,T1027;T1055;T1486,D3-BAC;D3-BDR;D3-FA;D3-PM;D3-SAW;D3-UBA,Backup Access Control;Backup Data Recovery;File Analysis;Platform Monitoring;System Access Workflow;User Behavior Analysis
main_004639,240a164a77c9d18e621f56c26bb2b76d332aa5dd6a44fc26314d22c3af31bd35,02f47a65d4fd8d00c4aff12092e2155e9f12df2d089bcb1e28b5d65d0d4d7f0f,wacatac,0.9999999999738004,High,5000000.0,4999999.999869002,T1027;T1055;T1486,D3-BAC;D3-BDR;D3-FA;D3-PM;D3-SAW;D3-UBA,Backup Access Control;Backup Data Recovery;File Analysis;Platform Monitoring;System Access Workflow;User Behavior Analysis
main_004640,941308a9807e8f0fb2f5a5944a0f5ddfa947407c87a750623e48d2ab51d43f24,79ebf38908266548548d18873508363aa1c9da68d8dbc309a127ef09209ae364,doina,0.9942198535092792,High,5000000.0,4971099.267546396,T1027;T1055;T1486,D3-BAC;D3-BDR;D3-FA;D3-PM;D3-SAW;D3-UBA,Backup Access Control;Backup Data Recovery;File Analysis;Platform Monitoring;System Access Workflow;User Behavior Analysis
main_004642,cc35f7770b2936220d41cc9844c1f681a70924f4d2f9af0a13403cd9dcd44843,98a7a04a7774052fcbb2460d367914459eb05a026d944c822f136ddb7fdc7484,sinowal,0.999975599723031,High,5000000.0,4999877.998615155,T1027;T1055;T1486,D3-BAC;D3-BDR;D3-FA;D3-PM;D3-SAW;D3-UBA,Backup Access Control;Backup Data Recovery;File Analysis;Platform Monitoring;System Access Workflow;User Behavior Analysis
main_004643,94260da3e14eb5de7542c800422e9a97cdad8dcada3f65cbf27554f0e2a3213e,187f622dc0da983d25da3df0e452808a96dd8c64c24aace69bc339cfe47a165d,expiro,0.9999999999998984,High,5000000.0,4999999.999999492,T1027;T1055;T1486,D3-BAC;D3-BDR;D3-FA;D3-PM;D3-SAW;D3-UBA,Backup Access Control;Backup Data Recovery;File Analysis;Platform Monitoring;System Access Workflow;User Behavior Analysis
main_004644,b722a4a70ad43b8cf4f8676f10cd2637b7c2d5da0b39a89363ae8f5d982c9ca5,b83ef675cc28b5b0387916e29e9ced4ef6c6d6ea4fcffdbc3b3b086e80167fce,berbew,0.9999999999947672,High,5000000.0,4999999.999973836,T1027;T1055;T1486,D3-BAC;D3-BDR;D3-FA;D3-PM;D3-SAW;D3-UBA,Backup Access Control;Backup Data Recovery;File Analysis;Platform Monitoring;System Access Workflow;User Behavior Analysis
main_004645,393148b23861cafb9411b94ae49900bbef6b61b2970660075c13eede1514cb90,02f47a65d4fd8d00c4aff12092e2155e9f12df2d089bcb1e28b5d65d0d4d7f0f,wacatac,0.9999999999997268,High,5000000.0,4999999.999998634,T1027;T1055;T1486,D3-BAC;D3-BDR;D3-FA;D3-PM;D3-SAW;D3-UBA,Backup Access Control;Backup Data Recovery;File Analysis;Platform Monitoring;System Access Workflow;User Behavior Analysis
main_004647,52316578f8c35da3415442d306cea5231efe2b859e4c70c115350f5527a6414a,187f622dc0da983d25da3df0e452808a96dd8c64c24aace69bc339cfe47a165d,expiro,0.9999999922907804,High,5000000.0,4999999.961453902,T1027;T1055;T1486,D3-BAC;D3-BDR;D3-FA;D3-PM;D3-SAW;D3-UBA,Backup Access Control;Backup Data Recovery;File Analysis;Platform Monitoring;System Access Workflow;User Behavior Analysis
main_004652,e1c4b37ff9fa03f3b40ad5e33df597b22e347a8d9fa8cb143c14886f0934b211,c9e58d481ca76ea25d4579ea39056b5f5e3a5c25648274f9dcd1b6c533284d52,upatre,0.9999999999999144,High,5000000.0,4999999.999999572,T1027;T1055;T1486,D3-BAC;D3-BDR;D3-FA;D3-PM;D3-SAW;D3-UBA,Backup Access Control;Backup Data Recovery;File Analysis;Platform Monitoring;System Access Workflow;User Behavior Analysis
main_004653,af56d824edd28d1e807bf1b661be2497211f7a282312e9105a11b1024a2bb781,58bb064ce0f0721aab7e4b4285f49e318ee801ab658d49dcfff305df630cc5c9,bedep,0.9999999998601332,High,5000000.0,4999999.999300666,T1027;T1055;T1486,D3-BAC;D3-BDR;D3-FA;D3-PM;D3-SAW;D3-UBA,Backup Access Control;Backup Data Recovery;File Analysis;Platform Monitoring;System Access Workflow;User Behavior Analysis
main_004654,64999d0b22671318ed9a3c554a1ba3369d92937d22c2e677e079f24e5c204723,72d49f51276bfe8a48b1770f0858af6a307fe180b60efcedd44bcf86ec251706,flystudio,0.9999999999820726,High,5000000.0,4999999.999910363,T1027;T1055;T1486,D3-BAC;D3-BDR;D3-FA;D3-PM;D3-SAW;D3-UBA,Backup Access Control;Backup Data Recovery;File Analysis;Platform Monitoring;System Access Workflow;User Behavior Analysis
main_004655,0992a744cc1681a888a359ee07f8d0aae25355d8fa40f2c68da6f10030193107,02f47a65d4fd8d00c4aff12092e2155e9f12df2d089bcb1e28b5d65d0d4d7f0f,wacatac,0.9999999999998944,High,5000000.0,4999999.999999472,T1027;T1055;T1486,D3-BAC;D3-BDR;D3-FA;D3-PM;D3-SAW;D3-UBA,Backup Access Control;Backup Data Recovery;File Analysis;Platform Monitoring;System Access Workflow;User Behavior Analysis
main_004656,aea40f4a3e2664587a5488c10876528b9669d3f2f0b4734e767d6dee66598da4,ef092d42941fb6af2ca50130b1d7a2fb36f80cc98954c008a5ccc00a2995ab79,scarletflash,0.999990688129164,High,5000000.0,4999953.44064582,T1027;T1055;T1486,D3-BAC;D3-BDR;D3-FA;D3-PM;D3-SAW;D3-UBA,Backup Access Control;Backup Data Recovery;File Analysis;Platform Monitoring;System Access Workflow;User Behavior Analysis
main_004657,a6feb8a5ccf75ad992f9162c1ae109f30504e17db979260b13d27c9f5076ef84,c8b999ec8614bd108b6640f976e6442afa74ef68f3436b132f6e6dfe4879fcad,grandoreiro,0.9999999999983034,High,5000000.0,4999999.999991517,T1027;T1055;T1486,D3-BAC;D3-BDR;D3-FA;D3-PM;D3-SAW;D3-UBA,Backup Access Control;Backup Data Recovery;File Analysis;Platform Monitoring;System Access Workflow;User Behavior Analysis
main_004662,bd3a03cd114a877d5a96175ae854cc3c33894c6832ed1b013fdf3f13174be76e,02f47a65d4fd8d00c4aff12092e2155e9f12df2d089bcb1e28b5d65d0d4d7f0f,wacatac,0.99999999991419,High,5000000.0,4999999.99957095,T1027;T1055;T1486,D3-BAC;D3-BDR;D3-FA;D3-PM;D3-SAW;D3-UBA,Backup Access Control;Backup Data Recovery;File Analysis;Platform Monitoring;System Access Workflow;User Behavior Analysis
main_004668,e038293b75704ffff7df2aa8d1255691262f1fb838b7b858f5dbcef4be044c98,187f622dc0da983d25da3df0e452808a96dd8c64c24aace69bc339cfe47a165d,expiro,0.9999999999991828,High,5000000.0,4999999.999995914,T1027;T1055;T1486,D3-BAC;D3-BDR;D3-FA;D3-PM;D3-SAW;D3-UBA,Backup Access Control;Backup Data Recovery;File Analysis;Platform Monitoring;System Access Workflow;User Behavior Analysis
main_004669,21e5c87a2db22699ee967e11c9608a819a2b68cfe6c5de8bfb2f326bb7efd18c,187f622dc0da983d25da3df0e452808a96dd8c64c24aace69bc339cfe47a165d,expiro,0.999990030463336,High,5000000.0,4999950.15231668,T1027;T1055;T1486,D3-BAC;D3-BDR;D3-FA;D3-PM;D3-SAW;D3-UBA,Backup Access Control;Backup Data Recovery;File Analysis;Platform Monitoring;System Access Workflow;User Behavior Analysis
main_004670,1708799e4cfc0cad67f198137f7e5715547399394e89883ce4b04753e91d5b03,c8b999ec8614bd108b6640f976e6442afa74ef68f3436b132f6e6dfe4879fcad,grandoreiro,0.9999999999956076,High,5000000.0,4999999.999978039,T1027;T1055;T1486,D3-BAC;D3-BDR;D3-FA;D3-PM;D3-SAW;D3-UBA,Backup Access Control;Backup Data Recovery;File Analysis;Platform Monitoring;System Access Workflow;User Behavior Analysis
main_004672,951ec6f3f3737dd27a29963dae6e164935b88f73178263aab13f94d6a9553764,02f47a65d4fd8d00c4aff12092e2155e9f12df2d089bcb1e28b5d65d0d4d7f0f,wacatac,0.9999911425834802,High,5000000.0,4999955.712917401,T1027;T1055;T1486,D3-BAC;D3-BDR;D3-FA;D3-PM;D3-SAW;D3-UBA,Backup Access Control;Backup Data Recovery;File Analysis;Platform Monitoring;System Access Workflow;User Behavior Analysis
main_004674,d6b442142c1d45fa817817ca2fc183fdb3804b990a46c99f4ecc0f11af74f33e,187f622dc0da983d25da3df0e452808a96dd8c64c24aace69bc339cfe47a165d,expiro,0.999999999999946,High,5000000.0,4999999.99999973,T1027;T1055;T1486,D3-BAC;D3-BDR;D3-FA;D3-PM;D3-SAW;D3-UBA,Backup Access Control;Backup Data Recovery;File Analysis;Platform Monitoring;System Access Workflow;User Behavior Analysis
main_004675,cc705c231c6d32bc913e7564596b564df03912bfee54b46f332fd61a3d698055,187f622dc0da983d25da3df0e452808a96dd8c64c24aace69bc339cfe47a165d,expiro,0.9999999999999912,High,5000000.0,4999999.999999956,T1027;T1055;T1486,D3-BAC;D3-BDR;D3-FA;D3-PM;D3-SAW;D3-UBA,Backup Access Control;Backup Data Recovery;File Analysis;Platform Monitoring;System Access Workflow;User Behavior Analysis
main_004676,ed82ec154c5bc62685dde0b0c738371bd74efb9979b994d4658409b7375775b1,187f622dc0da983d25da3df0e452808a96dd8c64c24aace69bc339cfe47a165d,expiro,0.9999999999999982,High,5000000.0,4999999.999999991,T1027;T1055;T1486,D3-BAC;D3-BDR;D3-FA;D3-PM;D3-SAW;D3-UBA,Backup Access Control;Backup Data Recovery;File Analysis;Platform Monitoring;System Access Workflow;User Behavior Analysis
main_004677,efc5bd13536efa57e2f2c0db611c1a19176af5b9313a58048bcd09145a64c846,187f622dc0da983d25da3df0e452808a96dd8c64c24aace69bc339cfe47a165d,expiro,0.99999999999943,High,5000000.0,4999999.99999715,T1027;T1055;T1486,D3-BAC;D3-BDR;D3-FA;D3-PM;D3-SAW;D3-UBA,Backup Access Control;Backup Data Recovery;File Analysis;Platform Monitoring;System Access Workflow;User Behavior Analysis
main_004680,4b1708582d54e62b473e9fdf0d39e8ebccaee4ccc762bc964fe95d90ba0b6437,a5fad31f18c9c700f2bfbba047bb30254fb5ed8f5645493f0daa3fa040b51c7d,dinwod,0.9999999999999816,High,5000000.0,4999999.999999908,T1027;T1055;T1486,D3-BAC;D3-BDR;D3-FA;D3-PM;D3-SAW;D3-UBA,Backup Access Control;Backup Data Recovery;File Analysis;Platform Monitoring;System Access Workflow;User Behavior Analysis
main_004681,719c95e3c4cbe553af688cd296d26fb9e7b37d87801deb04c58dbac335dbac32,c8b999ec8614bd108b6640f976e6442afa74ef68f3436b132f6e6dfe4879fcad,grandoreiro,0.999999999998975,High,5000000.0,4999999.999994875,T1027;T1055;T1486,D3-BAC;D3-BDR;D3-FA;D3-PM;D3-SAW;D3-UBA,Backup Access Control;Backup Data Recovery;File Analysis;Platform Monitoring;System Access Workflow;User Behavior Analysis
main_004683,4e68fd46bdc2805da570a59f640c0bb84a4ece05359ad1ef3856f2580f8e52f3,58bb064ce0f0721aab7e4b4285f49e318ee801ab658d49dcfff305df630cc5c9,bedep,0.9927199209584512,High,5000000.0,4963599.604792256,T1027;T1055;T1486,D3-BAC;D3-BDR;D3-FA;D3-PM;D3-SAW;D3-UBA,Backup Access Control;Backup Data Recovery;File Analysis;Platform Monitoring;System Access Workflow;User Behavior Analysis
main_004684,04ed006ca9bba0fbe407004316a6962a95aba4bcb1c1c7f24e72b9c44cf7a87a,2e0b3672ad6c00be6ba5efa6c5277b5b0b77a8b3e61fc7b8f3a52b0bd2e31cd6,beebone,0.9999999986201678,High,5000000.0,4999999.993100839,T1027;T1055;T1486,D3-BAC;D3-BDR;D3-FA;D3-PM;D3-SAW;D3-UBA,Backup Access Control;Backup Data Recovery;File Analysis;Platform Monitoring;System Access Workflow;User Behavior Analysis
main_004688,7bf291acfad86c59402a74f0d0967ef7af98c947dacb635e73229e0533b03ae3,7f411c23e7d9d268b51470b27920d362905e71fca86a2ef5c70747984b30a29a,redline,0.9999972144998722,High,5000000.0,4999986.072499361,T1027;T1055;T1486,D3-BAC;D3-BDR;D3-FA;D3-PM;D3-SAW;D3-UBA,Backup Access Control;Backup Data Recovery;File Analysis;Platform Monitoring;System Access Workflow;User Behavior Analysis
main_004689,8884ac10c255ee6b55ea22c2a75e94cd9f57bdb87f53c30b07a69bb5fc68006c,02f47a65d4fd8d00c4aff12092e2155e9f12df2d089bcb1e28b5d65d0d4d7f0f,wacatac,0.9999312201438544,High,5000000.0,4999656.100719272,T1027;T1055;T1486,D3-BAC;D3-BDR;D3-FA;D3-PM;D3-SAW;D3-UBA,Backup Access Control;Backup Data Recovery;File Analysis;Platform Monitoring;System Access Workflow;User Behavior Analysis
main_004692,76b877c60e4a923dc0d03fc82c33f13628fa73f4963c1ae8721f43207e359091,86b65cdc3049b7fe65605b4c67bb61e3d229de899e864cfc0a619e1b60766383,hwidchanger,0.9998586149049123,High,5000000.0,4999293.074524562,T1027;T1055;T1486,D3-BAC;D3-BDR;D3-FA;D3-PM;D3-SAW;D3-UBA,Backup Access Control;Backup Data Recovery;File Analysis;Platform Monitoring;System Access Workflow;User Behavior Analysis
main_004693,5369a56559f99dfecf3341293d4a6ec76414188a159200b524b45282f302ea9f,d6ad9dee27cfd2b3df63896bd02ab0d74cc6eb52960103dc5686f77c43122dae,emdup,0.9999999983328028,High,5000000.0,4999999.991664014,T1027;T1055;T1486,D3-BAC;D3-BDR;D3-FA;D3-PM;D3-SAW;D3-UBA,Backup Access Control;Backup Data Recovery;File Analysis;Platform Monitoring;System Access Workflow;User Behavior Analysis
main_004695,59eddb4e056a6be56eef6e410a587e93a105502fb7f2a4ce8cf293cdc857b398,b83ef675cc28b5b0387916e29e9ced4ef6c6d6ea4fcffdbc3b3b086e80167fce,berbew,0.9999999999958556,High,5000000.0,4999999.999979278,T1027;T1055;T1486,D3-BAC;D3-BDR;D3-FA;D3-PM;D3-SAW;D3-UBA,Backup Access Control;Backup Data Recovery;File Analysis;Platform Monitoring;System Access Workflow;User Behavior Analysis
main_004701,9d71e62d885bae6da5c108b310498af92a2454a5a00842fb8f8acccbe2ae5883,b83ef675cc28b5b0387916e29e9ced4ef6c6d6ea4fcffdbc3b3b086e80167fce,berbew,0.999999982108763,High,5000000.0,4999999.910543814,T1027;T1055;T1486,D3-BAC;D3-BDR;D3-FA;D3-PM;D3-SAW;D3-UBA,Backup Access Control;Backup Data Recovery;File Analysis;Platform Monitoring;System Access Workflow;User Behavior Analysis
main_004705,078316d4fd7c149cf1d56b75603934267ce30b9b3883fcc175a20051f8b68e3e,77862efd76591a786f99d400c0f97633e2bfb2bbd18b09dd6bf33ebe49f40f07,xmrig,1.0,High,5000000.0,5000000.0,T1027;T1055;T1059,D3-AL;D3-CR;D3-FA;D3-PM;D3-SAW;D3-UBA,Application Allowlisting;Command Restriction;File Analysis;Platform Monitoring;System Access Workflow;User Behavior Analysis
main_004706,2e11ef5eef9d4db838c3fb1af74be1cb72f6a2cd3232899bcfa45acae8a792b0,b83ef675cc28b5b0387916e29e9ced4ef6c6d6ea4fcffdbc3b3b086e80167fce,berbew,0.9999291895602876,High,5000000.0,4999645.947801438,T1027;T1055;T1486,D3-BAC;D3-BDR;D3-FA;D3-PM;D3-SAW;D3-UBA,Backup Access Control;Backup Data Recovery;File Analysis;Platform Monitoring;System Access Workflow;User Behavior Analysis
main_004707,0599eb3cea5598bea07e00ea1aa71a4f192e29bd46d4fbd98d8b76249fe29235,02f47a65d4fd8d00c4aff12092e2155e9f12df2d089bcb1e28b5d65d0d4d7f0f,wacatac,0.9999662693199132,High,5000000.0,4999831.346599566,T1027;T1055;T1486,D3-BAC;D3-BDR;D3-FA;D3-PM;D3-SAW;D3-UBA,Backup Access Control;Backup Data Recovery;File Analysis;Platform Monitoring;System Access Workflow;User Behavior Analysis
main_004711,75adf47106445a8e86bb1233849f131d277463f5c81a640b4424a2c983427222,02f47a65d4fd8d00c4aff12092e2155e9f12df2d089bcb1e28b5d65d0d4d7f0f,wacatac,0.9999300198110628,High,5000000.0,4999650.0990553135,T1027;T1055;T1486,D3-BAC;D3-BDR;D3-FA;D3-PM;D3-SAW;D3-UBA,Backup Access Control;Backup Data Recovery;File Analysis;Platform Monitoring;System Access Workflow;User Behavior Analysis
main_004712,9b92c298d1c50375cb8dfe3aecfa891dea47ec22f1a39949104100ff53c6e278,02f47a65d4fd8d00c4aff12092e2155e9f12df2d089bcb1e28b5d65d0d4d7f0f,wacatac,0.9999999999999714,High,5000000.0,4999999.999999857,T1027;T1055;T1486,D3-BAC;D3-BDR;D3-FA;D3-PM;D3-SAW;D3-UBA,Backup Access Control;Backup Data Recovery;File Analysis;Platform Monitoring;System Access Workflow;User Behavior Analysis
main_004715,f65f4e3d7476411296237770afd38fed39850a4a3ca39b26de43cf2997e45019,26f73d69a68a62a0c1edfe06b0f87e3aa5347478b48b701f229f82b14e83a700,gepys,0.9999999945714352,High,5000000.0,4999999.972857176,T1027;T1055;T1486,D3-BAC;D3-BDR;D3-FA;D3-PM;D3-SAW;D3-UBA,Backup Access Control;Backup Data Recovery;File Analysis;Platform Monitoring;System Access Workflow;User Behavior Analysis
main_004721,485b2ba1e3c8832b56dbeef4d494570f26ce2f0c2d87bb6cea387269d22b146e,77862efd76591a786f99d400c0f97633e2bfb2bbd18b09dd6bf33ebe49f40f07,xmrig,0.9560594484500478,High,5000000.0,4780297.242250239,T1027;T1055;T1059,D3-AL;D3-CR;D3-FA;D3-PM;D3-SAW;D3-UBA,Application Allowlisting;Command Restriction;File Analysis;Platform Monitoring;System Access Workflow;User Behavior Analysis
main_004730,5ce3566f3bedddd0bcab0c249a07af864e3662b9da40c160a3b07344262ed29c,77862efd76591a786f99d400c0f97633e2bfb2bbd18b09dd6bf33ebe49f40f07,xmrig,0.9999999182103464,High,5000000.0,4999999.591051732,T1027;T1055;T1059,D3-AL;D3-CR;D3-FA;D3-PM;D3-SAW;D3-UBA,Application Allowlisting;Command Restriction;File Analysis;Platform Monitoring;System Access Workflow;User Behavior Analysis
main_004732,53f021adc9a0337d56e03de298a5065e145344bd2ee0be8ed04eabe85f2944d5,02f47a65d4fd8d00c4aff12092e2155e9f12df2d089bcb1e28b5d65d0d4d7f0f,wacatac,0.999999999987413,High,5000000.0,4999999.999937065,T1027;T1055;T1486,D3-BAC;D3-BDR;D3-FA;D3-PM;D3-SAW;D3-UBA,Backup Access Control;Backup Data Recovery;File Analysis;Platform Monitoring;System Access Workflow;User Behavior Analysis
main_004733,55ea97da73da01946261d41339ea85cb468bf75148fd23b42980ec02382ad87a,58bb064ce0f0721aab7e4b4285f49e318ee801ab658d49dcfff305df630cc5c9,bedep,0.999994143877092,High,5000000.0,4999970.71938546,T1027;T1055;T1486,D3-BAC;D3-BDR;D3-FA;D3-PM;D3-SAW;D3-UBA,Backup Access Control;Backup Data Recovery;File Analysis;Platform Monitoring;System Access Workflow;User Behavior Analysis
main_004734,add23709b4206e83aa49398730695602d1d0aafa07eccd415f331ae9117cd021,2e0b3672ad6c00be6ba5efa6c5277b5b0b77a8b3e61fc7b8f3a52b0bd2e31cd6,beebone,0.9999999995884854,High,5000000.0,4999999.997942427,T1027;T1055;T1486,D3-BAC;D3-BDR;D3-FA;D3-PM;D3-SAW;D3-UBA,Backup Access Control;Backup Data Recovery;File Analysis;Platform Monitoring;System Access Workflow;User Behavior Analysis
main_004744,4d3ad44b513413164102ee50596efc3bbabd8692ecb86c6e5bb979359e69a516,99e2d5c6e5fb193a148e06547f5c9bb4e3dd2bc061e9a90592462767e9f80912,disin,0.9999999999982788,High,5000000.0,4999999.999991394,T1027;T1055;T1486,D3-BAC;D3-BDR;D3-FA;D3-PM;D3-SAW;D3-UBA,Backup Access Control;Backup Data Recovery;File Analysis;Platform Monitoring;System Access Workflow;User Behavior Analysis
main_004745,1106ec8eaab5f926f99016dda051e6dffa8bfc49395305cf8c14932f14b7202d,02f47a65d4fd8d00c4aff12092e2155e9f12df2d089bcb1e28b5d65d0d4d7f0f,wacatac,0.9999983824925528,High,5000000.0,4999991.912462764,T1027;T1055;T1486,D3-BAC;D3-BDR;D3-FA;D3-PM;D3-SAW;D3-UBA,Backup Access Control;Backup Data Recovery;File Analysis;Platform Monitoring;System Access Workflow;User Behavior Analysis
main_004750,07ae6d8936065994c9c48af996bcac6e4dd290c8f50862dffe1a87008d064e6e,fd5104756137718da71be7bec3f2a88cb3dc4f6df936e61e4bd012cb9108027c,convagent,0.9999356319668082,High,5000000.0,4999678.159834041,T1027;T1055;T1486,D3-BAC;D3-BDR;D3-FA;D3-PM;D3-SAW;D3-UBA,Backup Access Control;Backup Data Recovery;File Analysis;Platform Monitoring;System Access Workflow;User Behavior Analysis
main_004751,1a82a57b86296b04f9053462dee09788b4a9e62869051ffa8fc2face34b6d592,02f47a65d4fd8d00c4aff12092e2155e9f12df2d089bcb1e28b5d65d0d4d7f0f,wacatac,0.9999999999994238,High,5000000.0,4999999.999997119,T1027;T1055;T1486,D3-BAC;D3-BDR;D3-FA;D3-PM;D3-SAW;D3-UBA,Backup Access Control;Backup Data Recovery;File Analysis;Platform Monitoring;System Access Workflow;User Behavior Analysis
main_004754,10170ae5bdbd33ce47953cb6629bd45d8edc60430f56a815b0183c7e06da8864,d711b7a44fad7b8bc0f622f2fbf870fb0f62f82a5a5a78c5499a9b4110118984,goshell,0.9999999970164306,High,5000000.0,4999999.985082153,T1027;T1055;T1486,D3-BAC;D3-BDR;D3-FA;D3-PM;D3-SAW;D3-UBA,Backup Access Control;Backup Data Recovery;File Analysis;Platform Monitoring;System Access Workflow;User Behavior Analysis
main_004761,4aab0f3b9636939837b75ab39af66520507250009bdc3061feca97e146956380,58bb064ce0f0721aab7e4b4285f49e318ee801ab658d49dcfff305df630cc5c9,bedep,0.9999955684241292,High,5000000.0,4999977.842120646,T1027;T1055;T1486,D3-BAC;D3-BDR;D3-FA;D3-PM;D3-SAW;D3-UBA,Backup Access Control;Backup Data Recovery;File Analysis;Platform Monitoring;System Access Workflow;User Behavior Analysis
main_004764,6a57d9f69d4af7717ab06d79a81558c6b6c714da37d9a52aca7667e070bd9a42,02f47a65d4fd8d00c4aff12092e2155e9f12df2d089bcb1e28b5d65d0d4d7f0f,wacatac,0.9999999903578396,High,5000000.0,4999999.951789198,T1027;T1055;T1486,D3-BAC;D3-BDR;D3-FA;D3-PM;D3-SAW;D3-UBA,Backup Access Control;Backup Data Recovery;File Analysis;Platform Monitoring;System Access Workflow;User Behavior Analysis
main_004765,ff3263213375d202773d9a02f62a31a5996783acd2dfdf0d6f231f08854a9d6c,ef092d42941fb6af2ca50130b1d7a2fb36f80cc98954c008a5ccc00a2995ab79,scarletflash,0.9999991523038672,High,5000000.0,4999995.761519336,T1027;T1055;T1486,D3-BAC;D3-BDR;D3-FA;D3-PM;D3-SAW;D3-UBA,Backup Access Control;Backup Data Recovery;File Analysis;Platform Monitoring;System Access Workflow;User Behavior Analysis
main_004766,65e81533426d507e55bc90447499a2ecaf70d573397482b165b886e80c35f806,ef092d42941fb6af2ca50130b1d7a2fb36f80cc98954c008a5ccc00a2995ab79,scarletflash,0.9999999999999376,High,5000000.0,4999999.999999688,T1027;T1055;T1486,D3-BAC;D3-BDR;D3-FA;D3-PM;D3-SAW;D3-UBA,Backup Access Control;Backup Data Recovery;File Analysis;Platform Monitoring;System Access Workflow;User Behavior Analysis
main_004776,d591272a714ece311908ecaf09be50be4e0effe38a34f337242827ca8a05cb62,02f47a65d4fd8d00c4aff12092e2155e9f12df2d089bcb1e28b5d65d0d4d7f0f,wacatac,0.9999997786753012,High,5000000.0,4999998.893376506,T1027;T1055;T1486,D3-BAC;D3-BDR;D3-FA;D3-PM;D3-SAW;D3-UBA,Backup Access Control;Backup Data Recovery;File Analysis;Platform Monitoring;System Access Workflow;User Behavior Analysis
main_004787,b32a67c1eb1773e545997b5155d535142d85257dc5588903f7c602cf0d79b10a,02f47a65d4fd8d00c4aff12092e2155e9f12df2d089bcb1e28b5d65d0d4d7f0f,wacatac,0.9999999935028484,High,5000000.0,4999999.967514242,T1027;T1055;T1486,D3-BAC;D3-BDR;D3-FA;D3-PM;D3-SAW;D3-UBA,Backup Access Control;Backup Data Recovery;File Analysis;Platform Monitoring;System Access Workflow;User Behavior Analysis
main_004788,7bf254336086e992b3894cfd214cc5dfced1af41ca9bb09e0eeb1ee9e20ae4f8,fd5104756137718da71be7bec3f2a88cb3dc4f6df936e61e4bd012cb9108027c,convagent,0.9999999823780702,High,5000000.0,4999999.911890351,T1027;T1055;T1486,D3-BAC;D3-BDR;D3-FA;D3-PM;D3-SAW;D3-UBA,Backup Access Control;Backup Data Recovery;File Analysis;Platform Monitoring;System Access Workflow;User Behavior Analysis
main_004789,8c13dd3b92ea1070951de746e63b6be125b254b15a9f6a426b9ca22b00f8ae2b,3bea44f95b17af14e750df7ab567b80b5e9aaaab87c2b4c1204f2269f98af653,disco,0.9999999999763464,High,5000000.0,4999999.999881732,T1027;T1055;T1486,D3-BAC;D3-BDR;D3-FA;D3-PM;D3-SAW;D3-UBA,Backup Access Control;Backup Data Recovery;File Analysis;Platform Monitoring;System Access Workflow;User Behavior Analysis
main_004796,5c15873052d92686ca90111b6d9f2e3b434535a9c511a8e7e53cbe64f3eab6e4,02f47a65d4fd8d00c4aff12092e2155e9f12df2d089bcb1e28b5d65d0d4d7f0f,wacatac,0.9999999999463672,High,5000000.0,4999999.999731836,T1027;T1055;T1486,D3-BAC;D3-BDR;D3-FA;D3-PM;D3-SAW;D3-UBA,Backup Access Control;Backup Data Recovery;File Analysis;Platform Monitoring;System Access Workflow;User Behavior Analysis
main_004826,554e1529a01802058a4472320526db8069c7a7dc88c5f71507efba56e86191f2,c61f9dbf4af88faf1552da707a9ba3d86a76deee0ff1e082e6a9c784274920d6,ulise,0.9999999999953076,High,5000000.0,4999999.999976538,T1027;T1055;T1486,D3-BAC;D3-BDR;D3-FA;D3-PM;D3-SAW;D3-UBA,Backup Access Control;Backup Data Recovery;File Analysis;Platform Monitoring;System Access Workflow;User Behavior Analysis
main_004836,8729683a89fc888a68e373abc79b577a07c4fc3a67a59e61b2c28137bb3cff56,41e5cac4298e131e87215f8f3e62b154d2629cb3f77817234864d2ea1b4884ed,shelm,0.9999164685398656,High,5000000.0,4999582.342699328,T1027;T1055;T1486,D3-BAC;D3-BDR;D3-FA;D3-PM;D3-SAW;D3-UBA,Backup Access Control;Backup Data Recovery;File Analysis;Platform Monitoring;System Access Workflow;User Behavior Analysis
main_004840,77fd05a55374c57782a5443b1a315b3cbf3d79a38286d96733bf4bca2288f05e,02f47a65d4fd8d00c4aff12092e2155e9f12df2d089bcb1e28b5d65d0d4d7f0f,wacatac,0.9999999999996564,High,5000000.0,4999999.999998282,T1027;T1055;T1486,D3-BAC;D3-BDR;D3-FA;D3-PM;D3-SAW;D3-UBA,Backup Access Control;Backup Data Recovery;File Analysis;Platform Monitoring;System Access Workflow;User Behavior Analysis
main_004843,2360a5cb3024779ae4a061b253be629ed9e2806a66e3a0a9c456d1f619036d31,187f622dc0da983d25da3df0e452808a96dd8c64c24aace69bc339cfe47a165d,expiro,0.9999999999874488,High,5000000.0,4999999.999937244,T1027;T1055;T1486,D3-BAC;D3-BDR;D3-FA;D3-PM;D3-SAW;D3-UBA,Backup Access Control;Backup Data Recovery;File Analysis;Platform Monitoring;System Access Workflow;User Behavior Analysis
main_004901,ab29ffe30f67f43f4bb222010a67fb85f8c63d45761291c86b759f7e1b897aea,ef092d42941fb6af2ca50130b1d7a2fb36f80cc98954c008a5ccc00a2995ab79,scarletflash,0.9999999999864152,High,5000000.0,4999999.999932076,T1027;T1055;T1486,D3-BAC;D3-BDR;D3-FA;D3-PM;D3-SAW;D3-UBA,Backup Access Control;Backup Data Recovery;File Analysis;Platform Monitoring;System Access Workflow;User Behavior Analysis
main_004910,673e935ac2e2589788acd55e877360904c6aa264ffca0284da0a772f496714f0,ef092d42941fb6af2ca50130b1d7a2fb36f80cc98954c008a5ccc00a2995ab79,scarletflash,0.999999255150058,High,5000000.0,4999996.275750291,T1027;T1055;T1486,D3-BAC;D3-BDR;D3-FA;D3-PM;D3-SAW;D3-UBA,Backup Access Control;Backup Data Recovery;File Analysis;Platform Monitoring;System Access Workflow;User Behavior Analysis
main_004913,234bac793c45e615d36cf84ba9a8a1d558f234adfef72c8912d1e67c3b5b3aa8,187f622dc0da983d25da3df0e452808a96dd8c64c24aace69bc339cfe47a165d,expiro,0.9999979765591644,High,5000000.0,4999989.882795822,T1027;T1055;T1486,D3-BAC;D3-BDR;D3-FA;D3-PM;D3-SAW;D3-UBA,Backup Access Control;Backup Data Recovery;File Analysis;Platform Monitoring;System Access Workflow;User Behavior Analysis
main_004918,b36e16a05ed04e1005bc7b6da2589c3ae9f9709a55e492c7abddc44cd712a6fe,ef092d42941fb6af2ca50130b1d7a2fb36f80cc98954c008a5ccc00a2995ab79,scarletflash,0.9999996603457344,High,5000000.0,4999998.301728672,T1027;T1055;T1486,D3-BAC;D3-BDR;D3-FA;D3-PM;D3-SAW;D3-UBA,Backup Access Control;Backup Data Recovery;File Analysis;Platform Monitoring;System Access Workflow;User Behavior Analysis
main_004919,46e7392599b21c80c180dd0e37192b445ae6d05d70515f2bc14cb518bacc4c87,86b65cdc3049b7fe65605b4c67bb61e3d229de899e864cfc0a619e1b60766383,hwidchanger,0.9999999999999628,High,5000000.0,4999999.999999814,T1027;T1055;T1486,D3-BAC;D3-BDR;D3-FA;D3-PM;D3-SAW;D3-UBA,Backup Access Control;Backup Data Recovery;File Analysis;Platform Monitoring;System Access Workflow;User Behavior Analysis
main_004921,f5368cb01d4c1f599e19c65733df0e41acc2df1e792d553a47c9aedaff90c876,02f47a65d4fd8d00c4aff12092e2155e9f12df2d089bcb1e28b5d65d0d4d7f0f,wacatac,0.999999999999819,High,5000000.0,4999999.999999095,T1027;T1055;T1486,D3-BAC;D3-BDR;D3-FA;D3-PM;D3-SAW;D3-UBA,Backup Access Control;Backup Data Recovery;File Analysis;Platform Monitoring;System Access Workflow;User Behavior Analysis
main_004926,c6820fea8ccceabaf8511ca559620113a56da002d8fa72f284b7058988cffc43,c9e58d481ca76ea25d4579ea39056b5f5e3a5c25648274f9dcd1b6c533284d52,upatre,0.999999999994406,High,5000000.0,4999999.999972031,T1027;T1055;T1486,D3-BAC;D3-BDR;D3-FA;D3-PM;D3-SAW;D3-UBA,Backup Access Control;Backup Data Recovery;File Analysis;Platform Monitoring;System Access Workflow;User Behavior Analysis
main_004928,799cfb9a1ba9cf9fe4cd7d6ad45334b0f85c7ee9b69d67579120f3864878bdbf,02f47a65d4fd8d00c4aff12092e2155e9f12df2d089bcb1e28b5d65d0d4d7f0f,wacatac,0.9999999999677444,High,5000000.0,4999999.999838722,T1027;T1055;T1486,D3-BAC;D3-BDR;D3-FA;D3-PM;D3-SAW;D3-UBA,Backup Access Control;Backup Data Recovery;File Analysis;Platform Monitoring;System Access Workflow;User Behavior Analysis
main_004934,61a4a0c0a72c2d7b6c190f7c8c56853671f234a0e8cae95ed7665198dd208fbb,58bb064ce0f0721aab7e4b4285f49e318ee801ab658d49dcfff305df630cc5c9,bedep,0.9999999986811644,High,5000000.0,4999999.993405822,T1027;T1055;T1486,D3-BAC;D3-BDR;D3-FA;D3-PM;D3-SAW;D3-UBA,Backup Access Control;Backup Data Recovery;File Analysis;Platform Monitoring;System Access Workflow;User Behavior Analysis
main_004942,18e3dc95158951bc337ed855ca30a3faf374ea2098b3fd47221dadd2895aed20,a49c1d0380688dd9e1898df37e8a7f9e7747212a5b47494173bd2e4a91452fb7,alien,0.9999999999418878,High,5000000.0,4999999.999709439,T1027;T1055;T1486,D3-BAC;D3-BDR;D3-FA;D3-PM;D3-SAW;D3-UBA,Backup Access Control;Backup Data Recovery;File Analysis;Platform Monitoring;System Access Workflow;User Behavior Analysis
main_004943,d686d3c98768ca1afd338122254d47fbf5574899f507114e8587338243892778,02f47a65d4fd8d00c4aff12092e2155e9f12df2d089bcb1e28b5d65d0d4d7f0f,wacatac,0.9999999962609252,High,5000000.0,4999999.981304626,T1027;T1055;T1486,D3-BAC;D3-BDR;D3-FA;D3-PM;D3-SAW;D3-UBA,Backup Access Control;Backup Data Recovery;File Analysis;Platform Monitoring;System Access Workflow;User Behavior Analysis
main_004945,8f41b834df27db5be69ddae5e59d447127e420c6220ab39e8c2b0efb76aa401e,b83ef675cc28b5b0387916e29e9ced4ef6c6d6ea4fcffdbc3b3b086e80167fce,berbew,0.9999999999529868,High,5000000.0,4999999.999764934,T1027;T1055;T1486,D3-BAC;D3-BDR;D3-FA;D3-PM;D3-SAW;D3-UBA,Backup Access Control;Backup Data Recovery;File Analysis;Platform Monitoring;System Access Workflow;User Behavior Analysis
main_004948,9975f0c90cda1be0180681d4a111491b46a5a434f14a31f8d669dde75d8f5b3e,02f47a65d4fd8d00c4aff12092e2155e9f12df2d089bcb1e28b5d65d0d4d7f0f,wacatac,0.999999999766471,High,5000000.0,4999999.998832355,T1027;T1055;T1486,D3-BAC;D3-BDR;D3-FA;D3-PM;D3-SAW;D3-UBA,Backup Access Control;Backup Data Recovery;File Analysis;Platform Monitoring;System Access Workflow;User Behavior Analysis
main_004958,505af8e68680b857b045fa16f54705799fc640da57da71ead9758fbccab91fcb,02f47a65d4fd8d00c4aff12092e2155e9f12df2d089bcb1e28b5d65d0d4d7f0f,wacatac,0.999960533033823,High,5000000.0,4999802.665169115,T1027;T1055;T1486,D3-BAC;D3-BDR;D3-FA;D3-PM;D3-SAW;D3-UBA,Backup Access Control;Backup Data Recovery;File Analysis;Platform Monitoring;System Access Workflow;User Behavior Analysis
main_004959,3426fd3b5964f1fb67bb976444e866a3e8778686fe20fe479b7da3c3a859f4fa,58bb064ce0f0721aab7e4b4285f49e318ee801ab658d49dcfff305df630cc5c9,bedep,0.9999993118833768,High,5000000.0,4999996.559416884,T1027;T1055;T1486,D3-BAC;D3-BDR;D3-FA;D3-PM;D3-SAW;D3-UBA,Backup Access Control;Backup Data Recovery;File Analysis;Platform Monitoring;System Access Workflow;User Behavior Analysis
main_004962,414b9efb06b28d24923cb87d88d549c1ec99e30279d8c580c1ca2e3650de76b6,ef092d42941fb6af2ca50130b1d7a2fb36f80cc98954c008a5ccc00a2995ab79,scarletflash,0.9999999999960208,High,5000000.0,4999999.999980104,T1027;T1055;T1486,D3-BAC;D3-BDR;D3-FA;D3-PM;D3-SAW;D3-UBA,Backup Access Control;Backup Data Recovery;File Analysis;Platform Monitoring;System Access Workflow;User Behavior Analysis
main_004967,1750b6c9a23f6ee0a49bb6ce6d4699fc67f4f1bb4a74dc0e6570647a0fb03497,02f47a65d4fd8d00c4aff12092e2155e9f12df2d089bcb1e28b5d65d0d4d7f0f,wacatac,0.9999904801206202,High,5000000.0,4999952.400603101,T1027;T1055;T1486,D3-BAC;D3-BDR;D3-FA;D3-PM;D3-SAW;D3-UBA,Backup Access Control;Backup Data Recovery;File Analysis;Platform Monitoring;System Access Workflow;User Behavior Analysis
main_004969,1a4237cc0221eccd4992ad003eccbd7aee335aea8a03ec97d96397f7ff3aa7ad,58bb064ce0f0721aab7e4b4285f49e318ee801ab658d49dcfff305df630cc5c9,bedep,0.9999999999562676,High,5000000.0,4999999.9997813385,T1027;T1055;T1486,D3-BAC;D3-BDR;D3-FA;D3-PM;D3-SAW;D3-UBA,Backup Access Control;Backup Data Recovery;File Analysis;Platform Monitoring;System Access Workflow;User Behavior Analysis
main_004978,ba318ce85b22ce05cfff8f3a385423f514cff201d9dfef3436dc5b9c4a756ef4,02f47a65d4fd8d00c4aff12092e2155e9f12df2d089bcb1e28b5d65d0d4d7f0f,wacatac,0.9999999993971196,High,5000000.0,4999999.996985598,T1027;T1055;T1486,D3-BAC;D3-BDR;D3-FA;D3-PM;D3-SAW;D3-UBA,Backup Access Control;Backup Data Recovery;File Analysis;Platform Monitoring;System Access Workflow;User Behavior Analysis
main_004983,3191e4ea407ec2166efb2a7e14a81ee763469efc9f728cc7edf785ef3d9ae1f1,02f47a65d4fd8d00c4aff12092e2155e9f12df2d089bcb1e28b5d65d0d4d7f0f,wacatac,0.999989936941828,High,5000000.0,4999949.68470914,T1027;T1055;T1486,D3-BAC;D3-BDR;D3-FA;D3-PM;D3-SAW;D3-UBA,Backup Access Control;Backup Data Recovery;File Analysis;Platform Monitoring;System Access Workflow;User Behavior Analysis
main_004991,8e6be49d3850310f7dc687ee0bdac0a6370824e1c9f388620953d53dd132e640,9499dbf437292337f3ade8e5afbf7c73584e0210a5f4728c2e28d1f2a2b1f9f4,lockbit,0.9999999999985604,High,5000000.0,4999999.999992802,T1059;T1486;T1490,D3-AL;D3-BAC;D3-BDR;D3-CR;D3-SAW,Application Allowlisting;Backup Access Control;Backup Data Recovery;Command Restriction;System Access Workflow
main_004992,ed493104ad929e7a48fd735a73d8cb0ddd959bf28fe0356bb5b4b8ebcdc5874d,7f411c23e7d9d268b51470b27920d362905e71fca86a2ef5c70747984b30a29a,redline,0.9998039950432333,High,5000000.0,4999019.975216166,T1027;T1055;T1486,D3-BAC;D3-BDR;D3-FA;D3-PM;D3-SAW;D3-UBA,Backup Access Control;Backup Data Recovery;File Analysis;Platform Monitoring;System Access Workflow;User Behavior Analysis
main_005006,c5872945f90b60a3e7c6104a27552a58d5626d36803826dbcea8d06b177fcf83,02f47a65d4fd8d00c4aff12092e2155e9f12df2d089bcb1e28b5d65d0d4d7f0f,wacatac,0.9999999963228428,High,5000000.0,4999999.981614213,T1027;T1055;T1486,D3-BAC;D3-BDR;D3-FA;D3-PM;D3-SAW;D3-UBA,Backup Access Control;Backup Data Recovery;File Analysis;Platform Monitoring;System Access Workflow;User Behavior Analysis
main_005012,3628e4750daf973866f93787a55a9efba5df40f74c01289bda15d7135f8b9d48,02f47a65d4fd8d00c4aff12092e2155e9f12df2d089bcb1e28b5d65d0d4d7f0f,wacatac,0.999999506118931,High,5000000.0,4999997.530594654,T1027;T1055;T1486,D3-BAC;D3-BDR;D3-FA;D3-PM;D3-SAW;D3-UBA,Backup Access Control;Backup Data Recovery;File Analysis;Platform Monitoring;System Access Workflow;User Behavior Analysis
main_005014,70d6764c453702fc84d6db5067e8f6bb6379ff9b8c5b86f820a56946775e448a,3bea44f95b17af14e750df7ab567b80b5e9aaaab87c2b4c1204f2269f98af653,disco,0.9999999999999774,High,5000000.0,4999999.999999886,T1027;T1055;T1486,D3-BAC;D3-BDR;D3-FA;D3-PM;D3-SAW;D3-UBA,Backup Access Control;Backup Data Recovery;File Analysis;Platform Monitoring;System Access Workflow;User Behavior Analysis
main_005031,b16e5602aff899f1bfaf4730eabf7dc2b136bca000e8d94de0bd7e2cfc2e83b1,ef092d42941fb6af2ca50130b1d7a2fb36f80cc98954c008a5ccc00a2995ab79,scarletflash,0.9999999983858356,High,5000000.0,4999999.991929178,T1027;T1055;T1486,D3-BAC;D3-BDR;D3-FA;D3-PM;D3-SAW;D3-UBA,Backup Access Control;Backup Data Recovery;File Analysis;Platform Monitoring;System Access Workflow;User Behavior Analysis
main_005032,9d6b51ac5b732be047916ea920feb856c554f641f9e2595dd70040c872157056,02f47a65d4fd8d00c4aff12092e2155e9f12df2d089bcb1e28b5d65d0d4d7f0f,wacatac,0.999999999999996,High,5000000.0,4999999.99999998,T1027;T1055;T1486,D3-BAC;D3-BDR;D3-FA;D3-PM;D3-SAW;D3-UBA,Backup Access Control;Backup Data Recovery;File Analysis;Platform Monitoring;System Access Workflow;User Behavior Analysis
main_005033,5b2eb40dbaa13b044492a4db356071118c6643979382f12f0d90bf4d23a4fa76,c61f9dbf4af88faf1552da707a9ba3d86a76deee0ff1e082e6a9c784274920d6,ulise,0.999999999999932,High,5000000.0,4999999.99999966,T1027;T1055;T1486,D3-BAC;D3-BDR;D3-FA;D3-PM;D3-SAW;D3-UBA,Backup Access Control;Backup Data Recovery;File Analysis;Platform Monitoring;System Access Workflow;User Behavior Analysis
main_005038,ebfab5f8cd0f31910a12a01e8b7fd2345ebdbf38e1f3bf6d77b36d48874a9cb8,02f47a65d4fd8d00c4aff12092e2155e9f12df2d089bcb1e28b5d65d0d4d7f0f,wacatac,0.9999999999999892,High,5000000.0,4999999.999999946,T1027;T1055;T1486,D3-BAC;D3-BDR;D3-FA;D3-PM;D3-SAW;D3-UBA,Backup Access Control;Backup Data Recovery;File Analysis;Platform Monitoring;System Access Workflow;User Behavior Analysis
main_005039,6ea080ab1f335c173c5aef4e9b6c4d934f55aeae0b88706d460e4650e739c26d,02f47a65d4fd8d00c4aff12092e2155e9f12df2d089bcb1e28b5d65d0d4d7f0f,wacatac,0.9999999960461448,High,5000000.0,4999999.980230724,T1027;T1055;T1486,D3-BAC;D3-BDR;D3-FA;D3-PM;D3-SAW;D3-UBA,Backup Access Control;Backup Data Recovery;File Analysis;Platform Monitoring;System Access Workflow;User Behavior Analysis
main_005050,5d4bbfcab2d6bd84f6c00c20012c5894654790f73a238ecd06e1806874de85aa,472473512e26748d79480e1fa44ad0a0814b226d3fdd3c0d4217e14b1427b2cd,khalesi,0.9999842996648554,High,5000000.0,4999921.498324277,T1027;T1055;T1486,D3-BAC;D3-BDR;D3-FA;D3-PM;D3-SAW;D3-UBA,Backup Access Control;Backup Data Recovery;File Analysis;Platform Monitoring;System Access Workflow;User Behavior Analysis
main_005057,9f8c9bcd5f9b2cfbf04cd215d6271b8d2bfebdfdad4921c705a5546fd3c0926f,b83ef675cc28b5b0387916e29e9ced4ef6c6d6ea4fcffdbc3b3b086e80167fce,berbew,0.9999999999946712,High,5000000.0,4999999.999973356,T1027;T1055;T1486,D3-BAC;D3-BDR;D3-FA;D3-PM;D3-SAW;D3-UBA,Backup Access Control;Backup Data Recovery;File Analysis;Platform Monitoring;System Access Workflow;User Behavior Analysis
main_005059,d9a7365766e29fcc36b2b5706c8b36ee1d8872ecbdc50d2a31f24f56dc7c6253,58bb064ce0f0721aab7e4b4285f49e318ee801ab658d49dcfff305df630cc5c9,bedep,0.9999999998882412,High,5000000.0,4999999.9994412055,T1027;T1055;T1486,D3-BAC;D3-BDR;D3-FA;D3-PM;D3-SAW;D3-UBA,Backup Access Control;Backup Data Recovery;File Analysis;Platform Monitoring;System Access Workflow;User Behavior Analysis
main_005061,965ff00734d455316d1231e30d939add58e3c47f7c2aab4ef35cd5503a92c4c8,d6ad9dee27cfd2b3df63896bd02ab0d74cc6eb52960103dc5686f77c43122dae,emdup,0.9999999999971548,High,5000000.0,4999999.999985774,T1027;T1055;T1486,D3-BAC;D3-BDR;D3-FA;D3-PM;D3-SAW;D3-UBA,Backup Access Control;Backup Data Recovery;File Analysis;Platform Monitoring;System Access Workflow;User Behavior Analysis
main_005062,da19cfc8ab337b20d40611b7e349de3d22d814ec371f6f5f50354ee52382ead5,b83ef675cc28b5b0387916e29e9ced4ef6c6d6ea4fcffdbc3b3b086e80167fce,berbew,0.9999999996963632,High,5000000.0,4999999.998481816,T1027;T1055;T1486,D3-BAC;D3-BDR;D3-FA;D3-PM;D3-SAW;D3-UBA,Backup Access Control;Backup Data Recovery;File Analysis;Platform Monitoring;System Access Workflow;User Behavior Analysis
main_005066,93e0f0658174ef92b2edbb1203c7c05eeb5414ab11e532709051a8da7dc33eeb,b83ef675cc28b5b0387916e29e9ced4ef6c6d6ea4fcffdbc3b3b086e80167fce,berbew,0.9999999999036382,High,5000000.0,4999999.999518191,T1027;T1055;T1486,D3-BAC;D3-BDR;D3-FA;D3-PM;D3-SAW;D3-UBA,Backup Access Control;Backup Data Recovery;File Analysis;Platform Monitoring;System Access Workflow;User Behavior Analysis
main_005067,403d86e0274a56cbdf208be628d528ebdd8816b96d130393b00d99b2ed98f296,4fb6a3a065206f6c64d4b7b0a750f1fb7f275d8eac89509fc863adb9138f3907,reflo,0.9999980179573852,High,5000000.0,4999990.089786926,T1027;T1055;T1486,D3-BAC;D3-BDR;D3-FA;D3-PM;D3-SAW;D3-UBA,Backup Access Control;Backup Data Recovery;File Analysis;Platform Monitoring;System Access Workflow;User Behavior Analysis
main_005068,db33d12b16e713882bc6b65b9192f3c84b159e7c806f10337d04bd1bdf5aebc4,02f47a65d4fd8d00c4aff12092e2155e9f12df2d089bcb1e28b5d65d0d4d7f0f,wacatac,0.998126884493565,High,5000000.0,4990634.422467825,T1027;T1055;T1486,D3-BAC;D3-BDR;D3-FA;D3-PM;D3-SAW;D3-UBA,Backup Access Control;Backup Data Recovery;File Analysis;Platform Monitoring;System Access Workflow;User Behavior Analysis
main_005069,f6f9434852ca82ee7770a03af1a547bdec7b0a6290a106c147f15bc35fb79a47,02f47a65d4fd8d00c4aff12092e2155e9f12df2d089bcb1e28b5d65d0d4d7f0f,wacatac,0.9999999999303116,High,5000000.0,4999999.999651558,T1027;T1055;T1486,D3-BAC;D3-BDR;D3-FA;D3-PM;D3-SAW;D3-UBA,Backup Access Control;Backup Data Recovery;File Analysis;Platform Monitoring;System Access Workflow;User Behavior Analysis
main_005070,bfea1a27fcc10299228104c7038684713a5d71f708521d0e82cf28035b33241c,b83ef675cc28b5b0387916e29e9ced4ef6c6d6ea4fcffdbc3b3b086e80167fce,berbew,0.9999999998394432,High,5000000.0,4999999.999197216,T1027;T1055;T1486,D3-BAC;D3-BDR;D3-FA;D3-PM;D3-SAW;D3-UBA,Backup Access Control;Backup Data Recovery;File Analysis;Platform Monitoring;System Access Workflow;User Behavior Analysis
main_005071,960370e8ad5b708a9580f050e748b4e2c86e8ea124739385c2a8ca57238b4067,acfd227c9e2a637ba527343252a51d6cbf588451f0194210216eeda06e834e95,banload,0.9999999999999998,High,5000000.0,4999999.999999999,T1027;T1055;T1486,D3-BAC;D3-BDR;D3-FA;D3-PM;D3-SAW;D3-UBA,Backup Access Control;Backup Data Recovery;File Analysis;Platform Monitoring;System Access Workflow;User Behavior Analysis
main_005083,fe77cfbb9263e8261ffcc2c4195d62e434469588a53c5242f69bbf5853510f2e,2351cb0b2eccd0155081509ebf8a86177b0fde5ebf5d162ea5728eea79c2db05,trollav,0.999999999999956,High,5000000.0,4999999.99999978,T1027;T1055;T1486,D3-BAC;D3-BDR;D3-FA;D3-PM;D3-SAW;D3-UBA,Backup Access Control;Backup Data Recovery;File Analysis;Platform Monitoring;System Access Workflow;User Behavior Analysis
main_005088,677e1162d09fe6d2a5b26867c22b3e2a4bdd7ac1f2b4db05ee2c84c959d8784e,d6ad9dee27cfd2b3df63896bd02ab0d74cc6eb52960103dc5686f77c43122dae,emdup,0.9999999991637848,High,5000000.0,4999999.995818924,T1027;T1055;T1486,D3-BAC;D3-BDR;D3-FA;D3-PM;D3-SAW;D3-UBA,Backup Access Control;Backup Data Recovery;File Analysis;Platform Monitoring;System Access Workflow;User Behavior Analysis
main_005089,9a6f91fcb81267bbb2c4f0cb090e7a04161a877ee4af50f8dd5ddae7aa7667fa,acfd227c9e2a637ba527343252a51d6cbf588451f0194210216eeda06e834e95,banload,0.9999999999999551,High,5000000.0,4999999.999999776,T1027;T1055;T1486,D3-BAC;D3-BDR;D3-FA;D3-PM;D3-SAW;D3-UBA,Backup Access Control;Backup Data Recovery;File Analysis;Platform Monitoring;System Access Workflow;User Behavior Analysis
main_005090,8e048465eac926fc4af8f87c28b308a629616f62f6c176c1d642b4ed96a8db40,02f47a65d4fd8d00c4aff12092e2155e9f12df2d089bcb1e28b5d65d0d4d7f0f,wacatac,0.9994549213957556,High,5000000.0,4997274.606978778,T1027;T1055;T1486,D3-BAC;D3-BDR;D3-FA;D3-PM;D3-SAW;D3-UBA,Backup Access Control;Backup Data Recovery;File Analysis;Platform Monitoring;System Access Workflow;User Behavior Analysis
main_005094,952ba51701e5e9a313fd9fd9869ef3bab65ecc7a14ec513a3a3bb854032f6b2e,acfd227c9e2a637ba527343252a51d6cbf588451f0194210216eeda06e834e95,banload,0.9999999999999936,High,5000000.0,4999999.999999967,T1027;T1055;T1486,D3-BAC;D3-BDR;D3-FA;D3-PM;D3-SAW;D3-UBA,Backup Access Control;Backup Data Recovery;File Analysis;Platform Monitoring;System Access Workflow;User Behavior Analysis
main_005096,c08ecbc34bc4ac14bc0ac002cc94a1669dd3603676d0ca50ebeca2f6839b6f19,04d890b2e972a9c6984f3a55fbc6362903c44855434a3ed390b72b5cde0d1297,vindor,0.9999999999999996,High,5000000.0,4999999.999999998,T1027;T1055;T1486,D3-BAC;D3-BDR;D3-FA;D3-PM;D3-SAW;D3-UBA,Backup Access Control;Backup Data Recovery;File Analysis;Platform Monitoring;System Access Workflow;User Behavior Analysis
main_005097,a25a880fe102675df361488a65393fe70ce592cbb2740fc3c00299c8dbd74f7e,99e2d5c6e5fb193a148e06547f5c9bb4e3dd2bc061e9a90592462767e9f80912,disin,0.9999999999997506,High,5000000.0,4999999.999998753,T1027;T1055;T1486,D3-BAC;D3-BDR;D3-FA;D3-PM;D3-SAW;D3-UBA,Backup Access Control;Backup Data Recovery;File Analysis;Platform Monitoring;System Access Workflow;User Behavior Analysis
main_005100,a7152447b0e8beb383059d5caf8097488b5655855755c7047d55c613758b429a,77862efd76591a786f99d400c0f97633e2bfb2bbd18b09dd6bf33ebe49f40f07,xmrig,0.9999998136379854,High,5000000.0,4999999.068189927,T1027;T1055;T1059,D3-AL;D3-CR;D3-FA;D3-PM;D3-SAW;D3-UBA,Application Allowlisting;Command Restriction;File Analysis;Platform Monitoring;System Access Workflow;User Behavior Analysis
main_005101,d970c7a61b20238f00f1fdb26b7af363ca9945aac8216b03cc73e5f267f9fd36,77862efd76591a786f99d400c0f97633e2bfb2bbd18b09dd6bf33ebe49f40f07,xmrig,1.0,High,5000000.0,5000000.0,T1027;T1055;T1059,D3-AL;D3-CR;D3-FA;D3-PM;D3-SAW;D3-UBA,Application Allowlisting;Command Restriction;File Analysis;Platform Monitoring;System Access Workflow;User Behavior Analysis
main_005104,6c737ac5c3673d6c1b74399140b75d9d1a42314f7bac5736a8feaf458a936663,b83ef675cc28b5b0387916e29e9ced4ef6c6d6ea4fcffdbc3b3b086e80167fce,berbew,0.99999999999639,High,5000000.0,4999999.99998195,T1027;T1055;T1486,D3-BAC;D3-BDR;D3-FA;D3-PM;D3-SAW;D3-UBA,Backup Access Control;Backup Data Recovery;File Analysis;Platform Monitoring;System Access Workflow;User Behavior Analysis
main_005105,382fc0c58b824d598c8cf077781c414896416cf9623b574fb5939850e201dbd7,ef092d42941fb6af2ca50130b1d7a2fb36f80cc98954c008a5ccc00a2995ab79,scarletflash,0.9999873164614628,High,5000000.0,4999936.582307314,T1027;T1055;T1486,D3-BAC;D3-BDR;D3-FA;D3-PM;D3-SAW;D3-UBA,Backup Access Control;Backup Data Recovery;File Analysis;Platform Monitoring;System Access Workflow;User Behavior Analysis
main_005106,fed661683d6c876ad8ab015edc382f31991b1100f6becb5e228833067457e885,b83ef675cc28b5b0387916e29e9ced4ef6c6d6ea4fcffdbc3b3b086e80167fce,berbew,0.9999999999999608,High,5000000.0,4999999.999999804,T1027;T1055;T1486,D3-BAC;D3-BDR;D3-FA;D3-PM;D3-SAW;D3-UBA,Backup Access Control;Backup Data Recovery;File Analysis;Platform Monitoring;System Access Workflow;User Behavior Analysis
main_005108,500f2a66b5605d0cd5a46ca53909bb446b08b3d8ec1209f811bd96eddde5b09d,0d7b01056c6dfd002ed80f90c355f50818ccf09eba6ec034ed316b627db58e3c,shipshape,0.9999999999569468,High,5000000.0,4999999.999784734,T1027;T1055;T1486,D3-BAC;D3-BDR;D3-FA;D3-PM;D3-SAW;D3-UBA,Backup Access Control;Backup Data Recovery;File Analysis;Platform Monitoring;System Access Workflow;User Behavior Analysis
main_005109,e017a1c8a0156f45769ed0f1a904b7905e8502aed671ca7fa71fb5400750c106,b83ef675cc28b5b0387916e29e9ced4ef6c6d6ea4fcffdbc3b3b086e80167fce,berbew,0.9999999999935076,High,5000000.0,4999999.999967538,T1027;T1055;T1486,D3-BAC;D3-BDR;D3-FA;D3-PM;D3-SAW;D3-UBA,Backup Access Control;Backup Data Recovery;File Analysis;Platform Monitoring;System Access Workflow;User Behavior Analysis
main_005110,ed2ea54249883f459e474b56f5fca620507a7532216be07ef8d71b203f8a6c05,ef092d42941fb6af2ca50130b1d7a2fb36f80cc98954c008a5ccc00a2995ab79,scarletflash,0.9999999981651162,High,5000000.0,4999999.990825581,T1027;T1055;T1486,D3-BAC;D3-BDR;D3-FA;D3-PM;D3-SAW;D3-UBA,Backup Access Control;Backup Data Recovery;File Analysis;Platform Monitoring;System Access Workflow;User Behavior Analysis
main_005114,2f6fb7fc7c471fcf83c4dc19e0e8f4b2be85834eb3b787afd3f99e214687001f,77862efd76591a786f99d400c0f97633e2bfb2bbd18b09dd6bf33ebe49f40f07,xmrig,1.0,High,5000000.0,5000000.0,T1027;T1055;T1059,D3-AL;D3-CR;D3-FA;D3-PM;D3-SAW;D3-UBA,Application Allowlisting;Command Restriction;File Analysis;Platform Monitoring;System Access Workflow;User Behavior Analysis
main_005117,e0f584ade267d4c4f7ad440d20169aba3a4258bbff8ff63043fe578876c9e0cc,ee1a92967d7f2055e25d0b9f968f687bb781049222cf7a85aeb71634b9bedf37,glupteba,0.9999999999700956,High,5000000.0,4999999.999850478,T1027;T1055;T1486,D3-BAC;D3-BDR;D3-FA;D3-PM;D3-SAW;D3-UBA,Backup Access Control;Backup Data Recovery;File Analysis;Platform Monitoring;System Access Workflow;User Behavior Analysis
main_005118,c975fee68fbfcb38a10563042b9af3fbc1b69af34235a23370afe9e9c21df052,b83ef675cc28b5b0387916e29e9ced4ef6c6d6ea4fcffdbc3b3b086e80167fce,berbew,0.999999999996296,High,5000000.0,4999999.99998148,T1027;T1055;T1486,D3-BAC;D3-BDR;D3-FA;D3-PM;D3-SAW;D3-UBA,Backup Access Control;Backup Data Recovery;File Analysis;Platform Monitoring;System Access Workflow;User Behavior Analysis
main_005119,c897dca54715c964ab435e7315ec4988615a82888b6ceea0a87a61b6df77d304,c61f9dbf4af88faf1552da707a9ba3d86a76deee0ff1e082e6a9c784274920d6,ulise,0.9999999858111448,High,5000000.0,4999999.929055724,T1027;T1055;T1486,D3-BAC;D3-BDR;D3-FA;D3-PM;D3-SAW;D3-UBA,Backup Access Control;Backup Data Recovery;File Analysis;Platform Monitoring;System Access Workflow;User Behavior Analysis
main_005120,980e117ccc96478c23c36f966eb079bd1d379105e85af47a66b0775e43bb34d1,a5fad31f18c9c700f2bfbba047bb30254fb5ed8f5645493f0daa3fa040b51c7d,dinwod,0.9999999999999905,High,5000000.0,4999999.9999999525,T1027;T1055;T1486,D3-BAC;D3-BDR;D3-FA;D3-PM;D3-SAW;D3-UBA,Backup Access Control;Backup Data Recovery;File Analysis;Platform Monitoring;System Access Workflow;User Behavior Analysis
main_005122,461f9ebd8a3ca087aba69415f55c5a07e8a0eaab4737c9aec2ebeed9a669de1e,ef092d42941fb6af2ca50130b1d7a2fb36f80cc98954c008a5ccc00a2995ab79,scarletflash,0.99999999998201,High,5000000.0,4999999.99991005,T1027;T1055;T1486,D3-BAC;D3-BDR;D3-FA;D3-PM;D3-SAW;D3-UBA,Backup Access Control;Backup Data Recovery;File Analysis;Platform Monitoring;System Access Workflow;User Behavior Analysis
main_005127,91bf6e7a1b49af967bc098842403a4e7faa96b01eaf70af2cc5b1b9f87d795e8,187f622dc0da983d25da3df0e452808a96dd8c64c24aace69bc339cfe47a165d,expiro,0.9999999998496684,High,5000000.0,4999999.999248342,T1027;T1055;T1486,D3-BAC;D3-BDR;D3-FA;D3-PM;D3-SAW;D3-UBA,Backup Access Control;Backup Data Recovery;File Analysis;Platform Monitoring;System Access Workflow;User Behavior Analysis
main_005129,c28e9bb7ad4b88128d0bf88347a9b6387250649d01a89b14fcdee9a415b0178f,02f47a65d4fd8d00c4aff12092e2155e9f12df2d089bcb1e28b5d65d0d4d7f0f,wacatac,0.9999999999996156,High,5000000.0,4999999.999998078,T1027;T1055;T1486,D3-BAC;D3-BDR;D3-FA;D3-PM;D3-SAW;D3-UBA,Backup Access Control;Backup Data Recovery;File Analysis;Platform Monitoring;System Access Workflow;User Behavior Analysis
main_005130,63ec058aa7f518796a093826fa1e6c7c02e9ad8128bef72b99f6eb9144cc6191,02f47a65d4fd8d00c4aff12092e2155e9f12df2d089bcb1e28b5d65d0d4d7f0f,wacatac,0.999999857603911,High,5000000.0,4999999.288019555,T1027;T1055;T1486,D3-BAC;D3-BDR;D3-FA;D3-PM;D3-SAW;D3-UBA,Backup Access Control;Backup Data Recovery;File Analysis;Platform Monitoring;System Access Workflow;User Behavior Analysis
main_005132,39c2bf0a7a7f0cebfaab578f4721cacf862bd50c45976f458e74e8e5f9beabc4,77862efd76591a786f99d400c0f97633e2bfb2bbd18b09dd6bf33ebe49f40f07,xmrig,1.0,High,5000000.0,5000000.0,T1027;T1055;T1059,D3-AL;D3-CR;D3-FA;D3-PM;D3-SAW;D3-UBA,Application Allowlisting;Command Restriction;File Analysis;Platform Monitoring;System Access Workflow;User Behavior Analysis
main_005133,462087f7e839ab145c15680648b7500e1604a6df1ddaceaf2df0769c626eec7d,b83ef675cc28b5b0387916e29e9ced4ef6c6d6ea4fcffdbc3b3b086e80167fce,berbew,0.9999999996980437,High,5000000.0,4999999.998490218,T1027;T1055;T1486,D3-BAC;D3-BDR;D3-FA;D3-PM;D3-SAW;D3-UBA,Backup Access Control;Backup Data Recovery;File Analysis;Platform Monitoring;System Access Workflow;User Behavior Analysis
main_005134,fb98aacf338db88d77ed76f0c8fb6a6f5f71ec54e814d3d4b131c7f95bacd008,c61f9dbf4af88faf1552da707a9ba3d86a76deee0ff1e082e6a9c784274920d6,ulise,0.9999999999999892,High,5000000.0,4999999.999999946,T1027;T1055;T1486,D3-BAC;D3-BDR;D3-FA;D3-PM;D3-SAW;D3-UBA,Backup Access Control;Backup Data Recovery;File Analysis;Platform Monitoring;System Access Workflow;User Behavior Analysis
main_005136,a3631667fd86d77c8b196b50d307303090048d798d2243ed51411aa5e3fb5a39,c8b999ec8614bd108b6640f976e6442afa74ef68f3436b132f6e6dfe4879fcad,grandoreiro,0.9999999999829814,High,5000000.0,4999999.999914907,T1027;T1055;T1486,D3-BAC;D3-BDR;D3-FA;D3-PM;D3-SAW;D3-UBA,Backup Access Control;Backup Data Recovery;File Analysis;Platform Monitoring;System Access Workflow;User Behavior Analysis
main_005137,54101935566d2f5dd7b2a1a9d0a32bdf8859078b08e1ad5cbbb22b65525a1ec1,c8b999ec8614bd108b6640f976e6442afa74ef68f3436b132f6e6dfe4879fcad,grandoreiro,0.9999999999995732,High,5000000.0,4999999.999997866,T1027;T1055;T1486,D3-BAC;D3-BDR;D3-FA;D3-PM;D3-SAW;D3-UBA,Backup Access Control;Backup Data Recovery;File Analysis;Platform Monitoring;System Access Workflow;User Behavior Analysis
main_005148,34356d54cf70e346ac196a9786e446a2ad9d25d54940b4ed7d51ec16132dda5c,acfd227c9e2a637ba527343252a51d6cbf588451f0194210216eeda06e834e95,banload,0.9999999999999998,High,5000000.0,4999999.999999999,T1027;T1055;T1486,D3-BAC;D3-BDR;D3-FA;D3-PM;D3-SAW;D3-UBA,Backup Access Control;Backup Data Recovery;File Analysis;Platform Monitoring;System Access Workflow;User Behavior Analysis
main_005150,9519102be11fcce80d54e82e93560ecfb16d4a7e0fd9b78ed0519eb8d71b3415,0275e041db54521a9049f5563dc1fef74e7da6241c2399c29279df758e16ff95,satana,0.9999999998398764,High,5000000.0,4999999.999199382,T1027;T1055;T1486,D3-BAC;D3-BDR;D3-FA;D3-PM;D3-SAW;D3-UBA,Backup Access Control;Backup Data Recovery;File Analysis;Platform Monitoring;System Access Workflow;User Behavior Analysis
main_005151,b493f51954bdb2935fece8747eca1793c3334d404057240d0f73607712dc4d09,b2d0045465c6ec03721110d4ab0b36bcc44e23bdb7a2dd2a195d1efbecc71018,shodi,0.9999463812415332,High,5000000.0,4999731.906207666,T1027;T1055;T1486,D3-BAC;D3-BDR;D3-FA;D3-PM;D3-SAW;D3-UBA,Backup Access Control;Backup Data Recovery;File Analysis;Platform Monitoring;System Access Workflow;User Behavior Analysis
main_005157,eb3de3cbb198ef1dd93b5202201567456fce99515a82cd45db5bd211e23a378d,b83ef675cc28b5b0387916e29e9ced4ef6c6d6ea4fcffdbc3b3b086e80167fce,berbew,0.9999999999999948,High,5000000.0,4999999.999999974,T1027;T1055;T1486,D3-BAC;D3-BDR;D3-FA;D3-PM;D3-SAW;D3-UBA,Backup Access Control;Backup Data Recovery;File Analysis;Platform Monitoring;System Access Workflow;User Behavior Analysis
main_005158,d22304d96525f261472f54fc0cf684c465ce7ddec5c50766b3773386dcbae7f3,8c4b5ea2b7fae72da8843ed3033b100f001fd4e2699ab6cb2c99b44734af6f0e,wabot,0.9999999998562364,High,5000000.0,4999999.999281182,T1027;T1055;T1486,D3-BAC;D3-BDR;D3-FA;D3-PM;D3-SAW;D3-UBA,Backup Access Control;Backup Data Recovery;File Analysis;Platform Monitoring;System Access Workflow;User Behavior Analysis
main_005162,bb6c5dea47373705cdbeabd651f66d9fb6fe760a8ebf993b99567b7feddd1fc6,99e2d5c6e5fb193a148e06547f5c9bb4e3dd2bc061e9a90592462767e9f80912,disin,0.9999999999997704,High,5000000.0,4999999.999998852,T1027;T1055;T1486,D3-BAC;D3-BDR;D3-FA;D3-PM;D3-SAW;D3-UBA,Backup Access Control;Backup Data Recovery;File Analysis;Platform Monitoring;System Access Workflow;User Behavior Analysis
main_005175,0825d89103821a02013fa03752852436652a51e91a3d82542fcb13291a1900e3,02f47a65d4fd8d00c4aff12092e2155e9f12df2d089bcb1e28b5d65d0d4d7f0f,wacatac,0.999999346794904,High,5000000.0,4999996.73397452,T1027;T1055;T1486,D3-BAC;D3-BDR;D3-FA;D3-PM;D3-SAW;D3-UBA,Backup Access Control;Backup Data Recovery;File Analysis;Platform Monitoring;System Access Workflow;User Behavior Analysis
main_005176,516e36cd70e43eaae93c79960786c61a2c0db271291f48636d8788856fecf3ac,187f622dc0da983d25da3df0e452808a96dd8c64c24aace69bc339cfe47a165d,expiro,0.9985031882562396,High,5000000.0,4992515.941281199,T1027;T1055;T1486,D3-BAC;D3-BDR;D3-FA;D3-PM;D3-SAW;D3-UBA,Backup Access Control;Backup Data Recovery;File Analysis;Platform Monitoring;System Access Workflow;User Behavior Analysis
main_005178,51f0ca6c090dcd97f9b47bef70d76970c0fcd887aa710d113f5881f6793ccca5,79ebf38908266548548d18873508363aa1c9da68d8dbc309a127ef09209ae364,doina,0.9999999999871344,High,5000000.0,4999999.999935672,T1027;T1055;T1486,D3-BAC;D3-BDR;D3-FA;D3-PM;D3-SAW;D3-UBA,Backup Access Control;Backup Data Recovery;File Analysis;Platform Monitoring;System Access Workflow;User Behavior Analysis
main_005179,c207e9793994eb3d0719610b6e8e96dcb18f03d14b25daaff6d94575b808c582,40e42605737e111f6619ef7f77032a380bd914b6b398e18c1016bcb74cdb0788,vobfus,0.9999999999953296,High,5000000.0,4999999.999976648,T1027;T1055;T1486,D3-BAC;D3-BDR;D3-FA;D3-PM;D3-SAW;D3-UBA,Backup Access Control;Backup Data Recovery;File Analysis;Platform Monitoring;System Access Workflow;User Behavior Analysis
main_005186,5398fad8071c7fcecda36c6802ad8c837f95892d55b17e89e59e7454379bd3d4,c9e58d481ca76ea25d4579ea39056b5f5e3a5c25648274f9dcd1b6c533284d52,upatre,0.9999999999881264,High,5000000.0,4999999.999940632,T1027;T1055;T1486,D3-BAC;D3-BDR;D3-FA;D3-PM;D3-SAW;D3-UBA,Backup Access Control;Backup Data Recovery;File Analysis;Platform Monitoring;System Access Workflow;User Behavior Analysis
main_005188,b5a83a802934b2a835e94c5419c7580aba38d26d603eb4b4ab0462a885071482,99e2d5c6e5fb193a148e06547f5c9bb4e3dd2bc061e9a90592462767e9f80912,disin,0.9999999999999892,High,5000000.0,4999999.999999946,T1027;T1055;T1486,D3-BAC;D3-BDR;D3-FA;D3-PM;D3-SAW;D3-UBA,Backup Access Control;Backup Data Recovery;File Analysis;Platform Monitoring;System Access Workflow;User Behavior Analysis
main_005192,c4a4eba5f2103950c5b8071a807d0a76d7c5b3a9be14f9d276f3924f96370b2c,a2f41b86e8c35ce1b9444f6836fafdd84781b420946569a3912507b9b1cb20c8,lunastorm,0.9999999999823272,High,5000000.0,4999999.999911636,T1027;T1055;T1486,D3-BAC;D3-BDR;D3-FA;D3-PM;D3-SAW;D3-UBA,Backup Access Control;Backup Data Recovery;File Analysis;Platform Monitoring;System Access Workflow;User Behavior Analysis
main_005196,8a37087ac31cc4b0bd6a1d2302216d311a453c0f4ac96ae5c62b3194e0085bb5,02f47a65d4fd8d00c4aff12092e2155e9f12df2d089bcb1e28b5d65d0d4d7f0f,wacatac,0.9999999999382884,High,5000000.0,4999999.999691442,T1027;T1055;T1486,D3-BAC;D3-BDR;D3-FA;D3-PM;D3-SAW;D3-UBA,Backup Access Control;Backup Data Recovery;File Analysis;Platform Monitoring;System Access Workflow;User Behavior Analysis
main_005204,21f452f58746c252f341c05dda382404b8a41929076734ecc352af498b66100d,41e5cac4298e131e87215f8f3e62b154d2629cb3f77817234864d2ea1b4884ed,shelm,0.9999995380555896,High,5000000.0,4999997.690277948,T1027;T1055;T1486,D3-BAC;D3-BDR;D3-FA;D3-PM;D3-SAW;D3-UBA,Backup Access Control;Backup Data Recovery;File Analysis;Platform Monitoring;System Access Workflow;User Behavior Analysis
main_005205,1e28c379b6a9ab2d1ab7814e0bdc06d78925d617a916832cbe9ef3240f9f0c4c,b83ef675cc28b5b0387916e29e9ced4ef6c6d6ea4fcffdbc3b3b086e80167fce,berbew,0.9999999148529372,High,5000000.0,4999999.574264686,T1027;T1055;T1486,D3-BAC;D3-BDR;D3-FA;D3-PM;D3-SAW;D3-UBA,Backup Access Control;Backup Data Recovery;File Analysis;Platform Monitoring;System Access Workflow;User Behavior Analysis
main_005219,bd11124a59685cc63cc8c391bfbe8a97eb1d35ba22552394095867e4a2fe61ae,77862efd76591a786f99d400c0f97633e2bfb2bbd18b09dd6bf33ebe49f40f07,xmrig,1.0,High,5000000.0,5000000.0,T1027;T1055;T1059,D3-AL;D3-CR;D3-FA;D3-PM;D3-SAW;D3-UBA,Application Allowlisting;Command Restriction;File Analysis;Platform Monitoring;System Access Workflow;User Behavior Analysis
main_005241,267ce9017712d4f578715935780decb729160d3ca81d45a7fc778c60765696cf,b83ef675cc28b5b0387916e29e9ced4ef6c6d6ea4fcffdbc3b3b086e80167fce,berbew,0.9999999999968012,High,5000000.0,4999999.999984006,T1027;T1055;T1486,D3-BAC;D3-BDR;D3-FA;D3-PM;D3-SAW;D3-UBA,Backup Access Control;Backup Data Recovery;File Analysis;Platform Monitoring;System Access Workflow;User Behavior Analysis
main_005244,04cbd467795a86e65e852672680d7fb48319c54e51e51d58af571008120450a7,a49c1d0380688dd9e1898df37e8a7f9e7747212a5b47494173bd2e4a91452fb7,alien,0.9999999999999976,High,5000000.0,4999999.999999988,T1027;T1055;T1486,D3-BAC;D3-BDR;D3-FA;D3-PM;D3-SAW;D3-UBA,Backup Access Control;Backup Data Recovery;File Analysis;Platform Monitoring;System Access Workflow;User Behavior Analysis
main_005252,4d1cebf54c07ea8da779080e99d56207dc4de2d51fef3b908be5ec99371002b2,58bb064ce0f0721aab7e4b4285f49e318ee801ab658d49dcfff305df630cc5c9,bedep,0.999999998549199,High,5000000.0,4999999.992745995,T1027;T1055;T1486,D3-BAC;D3-BDR;D3-FA;D3-PM;D3-SAW;D3-UBA,Backup Access Control;Backup Data Recovery;File Analysis;Platform Monitoring;System Access Workflow;User Behavior Analysis
main_005269,e77e8222fe936a2059e9dce5d84bf6243b3f20b899554a2df3d20bcc8a33f304,58bb064ce0f0721aab7e4b4285f49e318ee801ab658d49dcfff305df630cc5c9,bedep,0.9999999999739924,High,5000000.0,4999999.999869962,T1027;T1055;T1486,D3-BAC;D3-BDR;D3-FA;D3-PM;D3-SAW;D3-UBA,Backup Access Control;Backup Data Recovery;File Analysis;Platform Monitoring;System Access Workflow;User Behavior Analysis
main_005272,f15383d043180fd1f8919ba0dac7d09fecd6200a02376c3221216002364d8c12,fd5104756137718da71be7bec3f2a88cb3dc4f6df936e61e4bd012cb9108027c,convagent,0.998248952105012,High,5000000.0,4991244.76052506,T1027;T1055;T1486,D3-BAC;D3-BDR;D3-FA;D3-PM;D3-SAW;D3-UBA,Backup Access Control;Backup Data Recovery;File Analysis;Platform Monitoring;System Access Workflow;User Behavior Analysis
main_005278,eb6ba17569b6b04211b2cba008665d68c4e392ccbbdc1fb28b4f720cce3f916f,c9e58d481ca76ea25d4579ea39056b5f5e3a5c25648274f9dcd1b6c533284d52,upatre,0.9999999999996024,High,5000000.0,4999999.999998013,T1027;T1055;T1486,D3-BAC;D3-BDR;D3-FA;D3-PM;D3-SAW;D3-UBA,Backup Access Control;Backup Data Recovery;File Analysis;Platform Monitoring;System Access Workflow;User Behavior Analysis
main_005279,dc6afa4057ad0bae2eaabf5dba6731d9c0b55699ee60b3f9b72cc631f07600cd,187f622dc0da983d25da3df0e452808a96dd8c64c24aace69bc339cfe47a165d,expiro,0.9999999999782712,High,5000000.0,4999999.999891356,T1027;T1055;T1486,D3-BAC;D3-BDR;D3-FA;D3-PM;D3-SAW;D3-UBA,Backup Access Control;Backup Data Recovery;File Analysis;Platform Monitoring;System Access Workflow;User Behavior Analysis
main_005282,95988268ab78b4593630a0dacfa79de7cc655d74d3576f4b45bb8718d8287472,acfd227c9e2a637ba527343252a51d6cbf588451f0194210216eeda06e834e95,banload,0.9999999999999998,High,5000000.0,4999999.999999999,T1027;T1055;T1486,D3-BAC;D3-BDR;D3-FA;D3-PM;D3-SAW;D3-UBA,Backup Access Control;Backup Data Recovery;File Analysis;Platform Monitoring;System Access Workflow;User Behavior Analysis
main_005291,448ef7e3554a122cf5ff327c9f06c213bb1b5e09d46bc6a49d21ff4475a2655d,02f47a65d4fd8d00c4aff12092e2155e9f12df2d089bcb1e28b5d65d0d4d7f0f,wacatac,0.999999999959258,High,5000000.0,4999999.99979629,T1027;T1055;T1486,D3-BAC;D3-BDR;D3-FA;D3-PM;D3-SAW;D3-UBA,Backup Access Control;Backup Data Recovery;File Analysis;Platform Monitoring;System Access Workflow;User Behavior Analysis
main_005292,e881c8f8dcc22cad0f2ebf21bd993102affffad6b7505607d2b0797e1156c3c8,0251062657e09a52683bb69861104b0d56d322b162f29dbcff1f4e555eef78a7,clipbanker,0.9999745249302668,High,5000000.0,4999872.624651334,T1027;T1055;T1486,D3-BAC;D3-BDR;D3-FA;D3-PM;D3-SAW;D3-UBA,Backup Access Control;Backup Data Recovery;File Analysis;Platform Monitoring;System Access Workflow;User Behavior Analysis
main_005295,dde4a0a557ce94c501c116337fd385d1985a2cb5d13417d1e1786c692a46c1c9,a5fad31f18c9c700f2bfbba047bb30254fb5ed8f5645493f0daa3fa040b51c7d,dinwod,1.0,High,5000000.0,5000000.0,T1027;T1055;T1486,D3-BAC;D3-BDR;D3-FA;D3-PM;D3-SAW;D3-UBA,Backup Access Control;Backup Data Recovery;File Analysis;Platform Monitoring;System Access Workflow;User Behavior Analysis
main_005298,fd8201e65aa5b721a6ce9ef0ebf3c28eadfd576e8b52b7564bda5627463209de,c9e58d481ca76ea25d4579ea39056b5f5e3a5c25648274f9dcd1b6c533284d52,upatre,0.9999999999918052,High,5000000.0,4999999.999959026,T1027;T1055;T1486,D3-BAC;D3-BDR;D3-FA;D3-PM;D3-SAW;D3-UBA,Backup Access Control;Backup Data Recovery;File Analysis;Platform Monitoring;System Access Workflow;User Behavior Analysis
main_005299,fa00d1262d31be80134ad7e2a19b1946df4ee8d08766506c6b26344dc334dce6,b83ef675cc28b5b0387916e29e9ced4ef6c6d6ea4fcffdbc3b3b086e80167fce,berbew,0.9999999999350704,High,5000000.0,4999999.999675352,T1027;T1055;T1486,D3-BAC;D3-BDR;D3-FA;D3-PM;D3-SAW;D3-UBA,Backup Access Control;Backup Data Recovery;File Analysis;Platform Monitoring;System Access Workflow;User Behavior Analysis
main_005310,24a47e23abaadcea2553018135703c62f5e28680bc64e0cf91de73771093cddf,e45422b6d912262726f9ef8ce223669164e2376d1d4c619a9db2ecbad727bd4c,soltern,0.999999999798443,High,5000000.0,4999999.998992215,T1027;T1055;T1486,D3-BAC;D3-BDR;D3-FA;D3-PM;D3-SAW;D3-UBA,Backup Access Control;Backup Data Recovery;File Analysis;Platform Monitoring;System Access Workflow;User Behavior Analysis
main_005311,862f698bef9b8aa03eab04e11cd1057d320c52058129e88d58ee258b0f0c2346,26f73d69a68a62a0c1edfe06b0f87e3aa5347478b48b701f229f82b14e83a700,gepys,0.9999999999844054,High,5000000.0,4999999.999922027,T1027;T1055;T1486,D3-BAC;D3-BDR;D3-FA;D3-PM;D3-SAW;D3-UBA,Backup Access Control;Backup Data Recovery;File Analysis;Platform Monitoring;System Access Workflow;User Behavior Analysis
main_005313,74d4af758fe5cfcec7895b5026ac25e4a740f894275a5813bb624fc17e53baba,8b2bf79b08bb2bb055163ec88ea44eb9cce8fe2731633f695405b26eed0a4331,aenjaris,0.9999999994432374,High,5000000.0,4999999.9972161865,T1027;T1055;T1486,D3-BAC;D3-BDR;D3-FA;D3-PM;D3-SAW;D3-UBA,Backup Access Control;Backup Data Recovery;File Analysis;Platform Monitoring;System Access Workflow;User Behavior Analysis
main_005314,fd159c3189b32b856bef86de24d9d93f5d3cac31d624f8feaa29942b9af41e82,b83ef675cc28b5b0387916e29e9ced4ef6c6d6ea4fcffdbc3b3b086e80167fce,berbew,0.9999999999994048,High,5000000.0,4999999.999997024,T1027;T1055;T1486,D3-BAC;D3-BDR;D3-FA;D3-PM;D3-SAW;D3-UBA,Backup Access Control;Backup Data Recovery;File Analysis;Platform Monitoring;System Access Workflow;User Behavior Analysis
main_005316,d2b2f6bd8b1bb2ec6651beb5d7e13712fdfca94d689aae1e5b267f1daac89835,41e5cac4298e131e87215f8f3e62b154d2629cb3f77817234864d2ea1b4884ed,shelm,0.99999994163105,High,5000000.0,4999999.70815525,T1027;T1055;T1486,D3-BAC;D3-BDR;D3-FA;D3-PM;D3-SAW;D3-UBA,Backup Access Control;Backup Data Recovery;File Analysis;Platform Monitoring;System Access Workflow;User Behavior Analysis
main_005317,2aeb013a88b73587085bd8d348c7db9941573d5fa981c6398f379668e0d8a2ee,d711b7a44fad7b8bc0f622f2fbf870fb0f62f82a5a5a78c5499a9b4110118984,goshell,0.9999999533741456,High,5000000.0,4999999.766870728,T1027;T1055;T1486,D3-BAC;D3-BDR;D3-FA;D3-PM;D3-SAW;D3-UBA,Backup Access Control;Backup Data Recovery;File Analysis;Platform Monitoring;System Access Workflow;User Behavior Analysis
main_005319,2bcca10a08b6091910c6cf070e3f6642c6c6d93b5b937d645bbe96a55af67957,02f47a65d4fd8d00c4aff12092e2155e9f12df2d089bcb1e28b5d65d0d4d7f0f,wacatac,0.9999999476125198,High,5000000.0,4999999.738062599,T1027;T1055;T1486,D3-BAC;D3-BDR;D3-FA;D3-PM;D3-SAW;D3-UBA,Backup Access Control;Backup Data Recovery;File Analysis;Platform Monitoring;System Access Workflow;User Behavior Analysis
main_005322,bde1445c4d1400ed0250695ef71ffb7ade38babc1e391e5e78ac9027c2580526,c9e58d481ca76ea25d4579ea39056b5f5e3a5c25648274f9dcd1b6c533284d52,upatre,0.9999999999966204,High,5000000.0,4999999.999983102,T1027;T1055;T1486,D3-BAC;D3-BDR;D3-FA;D3-PM;D3-SAW;D3-UBA,Backup Access Control;Backup Data Recovery;File Analysis;Platform Monitoring;System Access Workflow;User Behavior Analysis
main_005323,d91525b71ee8d9c52b2b386b012d02ae0a563ac2b1d3df5806ebd41877b56da0,58bb064ce0f0721aab7e4b4285f49e318ee801ab658d49dcfff305df630cc5c9,bedep,0.999983600383622,High,5000000.0,4999918.00191811,T1027;T1055;T1486,D3-BAC;D3-BDR;D3-FA;D3-PM;D3-SAW;D3-UBA,Backup Access Control;Backup Data Recovery;File Analysis;Platform Monitoring;System Access Workflow;User Behavior Analysis
main_005324,91f7d820573464ebf154805c914121c5ea1b8f78c2c7370382e1ebe91be39451,b83ef675cc28b5b0387916e29e9ced4ef6c6d6ea4fcffdbc3b3b086e80167fce,berbew,0.9999999962498034,High,5000000.0,4999999.981249017,T1027;T1055;T1486,D3-BAC;D3-BDR;D3-FA;D3-PM;D3-SAW;D3-UBA,Backup Access Control;Backup Data Recovery;File Analysis;Platform Monitoring;System Access Workflow;User Behavior Analysis
main_005328,bacbcd81b7dbf0faa2daf6cc2e505c30450958c822a4b935a8031827c30701c5,41e5cac4298e131e87215f8f3e62b154d2629cb3f77817234864d2ea1b4884ed,shelm,0.9999950782356932,High,5000000.0,4999975.391178466,T1027;T1055;T1486,D3-BAC;D3-BDR;D3-FA;D3-PM;D3-SAW;D3-UBA,Backup Access Control;Backup Data Recovery;File Analysis;Platform Monitoring;System Access Workflow;User Behavior Analysis
main_005337,4fb8164f826efda2e0667791f1c6f7796691aae57421dbaddb4dc4c7de2ef152,72d49f51276bfe8a48b1770f0858af6a307fe180b60efcedd44bcf86ec251706,flystudio,0.9999999788845892,High,5000000.0,4999999.8944229465,T1027;T1055;T1486,D3-BAC;D3-BDR;D3-FA;D3-PM;D3-SAW;D3-UBA,Backup Access Control;Backup Data Recovery;File Analysis;Platform Monitoring;System Access Workflow;User Behavior Analysis
main_005342,c773a876597e9faec73cff91093ca30b7947e767e7701adda3e73869a6e0d1df,41e5cac4298e131e87215f8f3e62b154d2629cb3f77817234864d2ea1b4884ed,shelm,0.9999954564142912,High,5000000.0,4999977.282071456,T1027;T1055;T1486,D3-BAC;D3-BDR;D3-FA;D3-PM;D3-SAW;D3-UBA,Backup Access Control;Backup Data Recovery;File Analysis;Platform Monitoring;System Access Workflow;User Behavior Analysis
main_005349,e6f3accafd2860c3ccc89beb461e69a476eccadef1c8840fd0b8a9e4adcfadfa,0d4071cf93891023b85ef3f807a2d2d047878f465fea1d281e446904e34de054,nitol,0.99992525157071,High,5000000.0,4999626.25785355,T1027;T1055;T1486,D3-BAC;D3-BDR;D3-FA;D3-PM;D3-SAW;D3-UBA,Backup Access Control;Backup Data Recovery;File Analysis;Platform Monitoring;System Access Workflow;User Behavior Analysis
main_005350,e3750e707b7813ac9b4a837fc7da2befd27c15fcd64725dc58f0995af657fdd1,02f47a65d4fd8d00c4aff12092e2155e9f12df2d089bcb1e28b5d65d0d4d7f0f,wacatac,0.999964834631445,High,5000000.0,4999824.173157225,T1027;T1055;T1486,D3-BAC;D3-BDR;D3-FA;D3-PM;D3-SAW;D3-UBA,Backup Access Control;Backup Data Recovery;File Analysis;Platform Monitoring;System Access Workflow;User Behavior Analysis
main_005351,be494360daaa0db216f63864a83d7cfd3257459735dee147101a9d823df0f47d,d6ad9dee27cfd2b3df63896bd02ab0d74cc6eb52960103dc5686f77c43122dae,emdup,0.9999999908345644,High,5000000.0,4999999.954172822,T1027;T1055;T1486,D3-BAC;D3-BDR;D3-FA;D3-PM;D3-SAW;D3-UBA,Backup Access Control;Backup Data Recovery;File Analysis;Platform Monitoring;System Access Workflow;User Behavior Analysis
main_005356,54b8627e59393c011fee1726bf29fd5679d250118327612226922592485b5b92,295fe8cc28eaef9312e590b4434b288e979b8b3323f6d2de36aa9aab3c77d69c,pcclient,0.998023202105022,High,5000000.0,4990116.01052511,T1027;T1055;T1486,D3-BAC;D3-BDR;D3-FA;D3-PM;D3-SAW;D3-UBA,Backup Access Control;Backup Data Recovery;File Analysis;Platform Monitoring;System Access Workflow;User Behavior Analysis
main_005366,46a6ceeb90b2e570e74712aa92d39167d6329460980bea07a2f10b3f990b8f3e,72d49f51276bfe8a48b1770f0858af6a307fe180b60efcedd44bcf86ec251706,flystudio,0.9999895911329574,High,5000000.0,4999947.9556647865,T1027;T1055;T1486,D3-BAC;D3-BDR;D3-FA;D3-PM;D3-SAW;D3-UBA,Backup Access Control;Backup Data Recovery;File Analysis;Platform Monitoring;System Access Workflow;User Behavior Analysis
main_005367,bf03538f197ec2871970d30c40628b07108174bc336c0987b6006f3de2c2bf61,72d49f51276bfe8a48b1770f0858af6a307fe180b60efcedd44bcf86ec251706,flystudio,0.9999999817427826,High,5000000.0,4999999.908713913,T1027;T1055;T1486,D3-BAC;D3-BDR;D3-FA;D3-PM;D3-SAW;D3-UBA,Backup Access Control;Backup Data Recovery;File Analysis;Platform Monitoring;System Access Workflow;User Behavior Analysis
main_005368,115011a55028fd25da2184e72a174d575be2d4dc0c62d4195b9792b5c902126e,72d49f51276bfe8a48b1770f0858af6a307fe180b60efcedd44bcf86ec251706,flystudio,0.9999873711506898,High,5000000.0,4999936.855753449,T1027;T1055;T1486,D3-BAC;D3-BDR;D3-FA;D3-PM;D3-SAW;D3-UBA,Backup Access Control;Backup Data Recovery;File Analysis;Platform Monitoring;System Access Workflow;User Behavior Analysis
main_005372,ee09e5ac564deed4e3a61ef6ebd085a6976c2c912b0a282aad78d47b227f33bc,72d49f51276bfe8a48b1770f0858af6a307fe180b60efcedd44bcf86ec251706,flystudio,0.999999992519928,High,5000000.0,4999999.96259964,T1027;T1055;T1486,D3-BAC;D3-BDR;D3-FA;D3-PM;D3-SAW;D3-UBA,Backup Access Control;Backup Data Recovery;File Analysis;Platform Monitoring;System Access Workflow;User Behavior Analysis
main_005373,a36efc8c1dea845b87a439c05b6c0e37691165afe8cce3c5d720d49668d29d86,48ba871983616c0114a082b68f6fd708ed8c5aeec8a67e6e5524e8770c0a3fec,eggnog,0.999999989289518,High,5000000.0,4999999.94644759,T1027;T1055;T1486,D3-BAC;D3-BDR;D3-FA;D3-PM;D3-SAW;D3-UBA,Backup Access Control;Backup Data Recovery;File Analysis;Platform Monitoring;System Access Workflow;User Behavior Analysis
main_005377,3371b3a22f1a2198225c663797d73d22b71d611e0d629986f70ca27a9a6f528d,02f47a65d4fd8d00c4aff12092e2155e9f12df2d089bcb1e28b5d65d0d4d7f0f,wacatac,0.999999999999498,High,5000000.0,4999999.99999749,T1027;T1055;T1486,D3-BAC;D3-BDR;D3-FA;D3-PM;D3-SAW;D3-UBA,Backup Access Control;Backup Data Recovery;File Analysis;Platform Monitoring;System Access Workflow;User Behavior Analysis
main_005378,8f50c97e12e29e0b26972bbd7c1dc1f0b13be7d1d4fd34d80a2790a0b8690b63,72d49f51276bfe8a48b1770f0858af6a307fe180b60efcedd44bcf86ec251706,flystudio,0.9999999999870768,High,5000000.0,4999999.999935384,T1027;T1055;T1486,D3-BAC;D3-BDR;D3-FA;D3-PM;D3-SAW;D3-UBA,Backup Access Control;Backup Data Recovery;File Analysis;Platform Monitoring;System Access Workflow;User Behavior Analysis
main_005380,5960a9d9bd5bc4432e65828f0c2a42c68ae893a4a22090c719671227d5975efc,b83ef675cc28b5b0387916e29e9ced4ef6c6d6ea4fcffdbc3b3b086e80167fce,berbew,0.99999996676084,High,5000000.0,4999999.8338042,T1027;T1055;T1486,D3-BAC;D3-BDR;D3-FA;D3-PM;D3-SAW;D3-UBA,Backup Access Control;Backup Data Recovery;File Analysis;Platform Monitoring;System Access Workflow;User Behavior Analysis
main_005383,0e8800df77d0bb61726a04d16eed534fdb904f16b30ec4169f2a69d92f9c35fb,72d49f51276bfe8a48b1770f0858af6a307fe180b60efcedd44bcf86ec251706,flystudio,0.9999947573510114,High,5000000.0,4999973.786755057,T1027;T1055;T1486,D3-BAC;D3-BDR;D3-FA;D3-PM;D3-SAW;D3-UBA,Backup Access Control;Backup Data Recovery;File Analysis;Platform Monitoring;System Access Workflow;User Behavior Analysis
main_005388,5f599bac4636b535fe8d7642285afa3d1a5e57dcb4a8bbed23420808fd274534,02f47a65d4fd8d00c4aff12092e2155e9f12df2d089bcb1e28b5d65d0d4d7f0f,wacatac,0.9999606018891896,High,5000000.0,4999803.009445948,T1027;T1055;T1486,D3-BAC;D3-BDR;D3-FA;D3-PM;D3-SAW;D3-UBA,Backup Access Control;Backup Data Recovery;File Analysis;Platform Monitoring;System Access Workflow;User Behavior Analysis
main_005394,861c399d1ae3c27cb8ed35ef6dc85f53aab4a882f2137517eab0161da59f4088,72d49f51276bfe8a48b1770f0858af6a307fe180b60efcedd44bcf86ec251706,flystudio,0.9999707205978328,High,5000000.0,4999853.602989164,T1027;T1055;T1486,D3-BAC;D3-BDR;D3-FA;D3-PM;D3-SAW;D3-UBA,Backup Access Control;Backup Data Recovery;File Analysis;Platform Monitoring;System Access Workflow;User Behavior Analysis
main_005395,cbabc8d57dd876e5cc27e8eb05be876b52624f3e68ea12ee590d926b77500d88,72d49f51276bfe8a48b1770f0858af6a307fe180b60efcedd44bcf86ec251706,flystudio,0.9999999863475726,High,5000000.0,4999999.931737863,T1027;T1055;T1486,D3-BAC;D3-BDR;D3-FA;D3-PM;D3-SAW;D3-UBA,Backup Access Control;Backup Data Recovery;File Analysis;Platform Monitoring;System Access Workflow;User Behavior Analysis
main_005398,1deae2a39bc13e3c9bd11b7a4e40fbfb4ec436f5e1c2932c9ebc585a5c816ac6,02f47a65d4fd8d00c4aff12092e2155e9f12df2d089bcb1e28b5d65d0d4d7f0f,wacatac,0.9999994369204817,High,5000000.0,4999997.184602409,T1027;T1055;T1486,D3-BAC;D3-BDR;D3-FA;D3-PM;D3-SAW;D3-UBA,Backup Access Control;Backup Data Recovery;File Analysis;Platform Monitoring;System Access Workflow;User Behavior Analysis
main_005401,7d9b462999e879c87cbd88ce129427714b9849204dbf61a1e6d6b19304abcaab,ef092d42941fb6af2ca50130b1d7a2fb36f80cc98954c008a5ccc00a2995ab79,scarletflash,0.9999985398811054,High,5000000.0,4999992.699405527,T1027;T1055;T1486,D3-BAC;D3-BDR;D3-FA;D3-PM;D3-SAW;D3-UBA,Backup Access Control;Backup Data Recovery;File Analysis;Platform Monitoring;System Access Workflow;User Behavior Analysis
main_005407,888b9b7c41b33e7eabf89760ef170456fd536cd4c92ba9a00e08a01da6cf6f46,02f47a65d4fd8d00c4aff12092e2155e9f12df2d089bcb1e28b5d65d0d4d7f0f,wacatac,0.9999997140414112,High,5000000.0,4999998.570207056,T1027;T1055;T1486,D3-BAC;D3-BDR;D3-FA;D3-PM;D3-SAW;D3-UBA,Backup Access Control;Backup Data Recovery;File Analysis;Platform Monitoring;System Access Workflow;User Behavior Analysis
main_005411,1cd699fff422b21e074edde951399bf2938e5fb95f3a6f9d3da319db386355b0,7569bacd48f42b9907cba1eedb9254fbce1fa8e6ccd8e8d0034c6b7c1644bd6c,cosmu,0.9999672015846858,High,5000000.0,4999836.007923429,T1027;T1055;T1486,D3-BAC;D3-BDR;D3-FA;D3-PM;D3-SAW;D3-UBA,Backup Access Control;Backup Data Recovery;File Analysis;Platform Monitoring;System Access Workflow;User Behavior Analysis
main_005421,479b1fd4817187ad6d9382ea0cce41bacd0f3f44a4c600bffac55fc2380ca9be,02f47a65d4fd8d00c4aff12092e2155e9f12df2d089bcb1e28b5d65d0d4d7f0f,wacatac,0.999991503054496,High,5000000.0,4999957.51527248,T1027;T1055;T1486,D3-BAC;D3-BDR;D3-FA;D3-PM;D3-SAW;D3-UBA,Backup Access Control;Backup Data Recovery;File Analysis;Platform Monitoring;System Access Workflow;User Behavior Analysis
main_005423,3c3276c608732defbf59059ae0106490c9e1edaa2d943acfce06f8cf9b4889bd,02f47a65d4fd8d00c4aff12092e2155e9f12df2d089bcb1e28b5d65d0d4d7f0f,wacatac,0.9999946913265388,High,5000000.0,4999973.456632694,T1027;T1055;T1486,D3-BAC;D3-BDR;D3-FA;D3-PM;D3-SAW;D3-UBA,Backup Access Control;Backup Data Recovery;File Analysis;Platform Monitoring;System Access Workflow;User Behavior Analysis
main_005426,e050bb34d3477071bff3e255fc7eca292fe83a023028a81a88f0addb281749e9,02f47a65d4fd8d00c4aff12092e2155e9f12df2d089bcb1e28b5d65d0d4d7f0f,wacatac,0.999945586161426,High,5000000.0,4999727.93080713,T1027;T1055;T1486,D3-BAC;D3-BDR;D3-FA;D3-PM;D3-SAW;D3-UBA,Backup Access Control;Backup Data Recovery;File Analysis;Platform Monitoring;System Access Workflow;User Behavior Analysis
main_005432,59c70b603d1941e3ed169b65995365bbebeea309bba06676303c5021dd5a1e4b,c9e58d481ca76ea25d4579ea39056b5f5e3a5c25648274f9dcd1b6c533284d52,upatre,0.9999999999714676,High,5000000.0,4999999.999857338,T1027;T1055;T1486,D3-BAC;D3-BDR;D3-FA;D3-PM;D3-SAW;D3-UBA,Backup Access Control;Backup Data Recovery;File Analysis;Platform Monitoring;System Access Workflow;User Behavior Analysis
main_005433,7dc5bb3cd6ad21bd5433845ee2c5b6f15c951bea42392e7bec19a652a495b9f3,02f47a65d4fd8d00c4aff12092e2155e9f12df2d089bcb1e28b5d65d0d4d7f0f,wacatac,0.9999995522442708,High,5000000.0,4999997.761221354,T1027;T1055;T1486,D3-BAC;D3-BDR;D3-FA;D3-PM;D3-SAW;D3-UBA,Backup Access Control;Backup Data Recovery;File Analysis;Platform Monitoring;System Access Workflow;User Behavior Analysis
main_005439,83b62e1b43ae417029a4b6768e0c426c90a51874e999596ef4896f1d274ccac9,02f47a65d4fd8d00c4aff12092e2155e9f12df2d089bcb1e28b5d65d0d4d7f0f,wacatac,0.9999999999588522,High,5000000.0,4999999.9997942615,T1027;T1055;T1486,D3-BAC;D3-BDR;D3-FA;D3-PM;D3-SAW;D3-UBA,Backup Access Control;Backup Data Recovery;File Analysis;Platform Monitoring;System Access Workflow;User Behavior Analysis
main_005440,a5d74532f25de1e42aae014e55af65244ae9fbbcde647743802b6ff239de2e4c,8fecfcfbda3402c1771acf5740b49937f14c608d4dd4e598b83765f7b2b12bf8,urelas,0.9999999996508712,High,5000000.0,4999999.998254356,T1027;T1055;T1486,D3-BAC;D3-BDR;D3-FA;D3-PM;D3-SAW;D3-UBA,Backup Access Control;Backup Data Recovery;File Analysis;Platform Monitoring;System Access Workflow;User Behavior Analysis
main_005442,2d7182cdc566fff15ddf23ceb46f8774026bcbbbecb14ce856a3d791008d8fdd,ef092d42941fb6af2ca50130b1d7a2fb36f80cc98954c008a5ccc00a2995ab79,scarletflash,0.9999999999998191,High,5000000.0,4999999.999999096,T1027;T1055;T1486,D3-BAC;D3-BDR;D3-FA;D3-PM;D3-SAW;D3-UBA,Backup Access Control;Backup Data Recovery;File Analysis;Platform Monitoring;System Access Workflow;User Behavior Analysis
main_005450,31fe30c4e309dbf3e9270bf5ace6f8712963bb396244be6b6a7529bf9240d567,ef092d42941fb6af2ca50130b1d7a2fb36f80cc98954c008a5ccc00a2995ab79,scarletflash,0.9999981413999182,High,5000000.0,4999990.706999591,T1027;T1055;T1486,D3-BAC;D3-BDR;D3-FA;D3-PM;D3-SAW;D3-UBA,Backup Access Control;Backup Data Recovery;File Analysis;Platform Monitoring;System Access Workflow;User Behavior Analysis
main_005451,b5f98d2939f3ef4f7d3d7d2f58fbd063900d81535c548fe21937fe98899ef948,72d49f51276bfe8a48b1770f0858af6a307fe180b60efcedd44bcf86ec251706,flystudio,0.9999998126137007,High,5000000.0,4999999.063068504,T1027;T1055;T1486,D3-BAC;D3-BDR;D3-FA;D3-PM;D3-SAW;D3-UBA,Backup Access Control;Backup Data Recovery;File Analysis;Platform Monitoring;System Access Workflow;User Behavior Analysis
main_005452,2f9449ee4dea7e942d38c3820a99bd8c50c33f68bcf277d5353fd1071b8d03e4,ef092d42941fb6af2ca50130b1d7a2fb36f80cc98954c008a5ccc00a2995ab79,scarletflash,0.999987404944623,High,5000000.0,4999937.024723115,T1027;T1055;T1486,D3-BAC;D3-BDR;D3-FA;D3-PM;D3-SAW;D3-UBA,Backup Access Control;Backup Data Recovery;File Analysis;Platform Monitoring;System Access Workflow;User Behavior Analysis
main_005455,c0e791fe8cbe606047ab9822ebbb3683c7838a375b03a59141471ba559af7a23,99e2d5c6e5fb193a148e06547f5c9bb4e3dd2bc061e9a90592462767e9f80912,disin,0.9999999999961272,High,5000000.0,4999999.999980636,T1027;T1055;T1486,D3-BAC;D3-BDR;D3-FA;D3-PM;D3-SAW;D3-UBA,Backup Access Control;Backup Data Recovery;File Analysis;Platform Monitoring;System Access Workflow;User Behavior Analysis
main_005464,c7bb26199cfb0d2e480aa373800af3b23425858fa9c13765a322da120bc661b9,acfd227c9e2a637ba527343252a51d6cbf588451f0194210216eeda06e834e95,banload,0.9970601671685788,High,5000000.0,4985300.835842894,T1027;T1055;T1486,D3-BAC;D3-BDR;D3-FA;D3-PM;D3-SAW;D3-UBA,Backup Access Control;Backup Data Recovery;File Analysis;Platform Monitoring;System Access Workflow;User Behavior Analysis
main_005470,fa733f3558409e774cb4d83d38f543eb44fd29c220fe1277f3bc457a1b44b3e0,02f47a65d4fd8d00c4aff12092e2155e9f12df2d089bcb1e28b5d65d0d4d7f0f,wacatac,0.999999875513609,High,5000000.0,4999999.377568045,T1027;T1055;T1486,D3-BAC;D3-BDR;D3-FA;D3-PM;D3-SAW;D3-UBA,Backup Access Control;Backup Data Recovery;File Analysis;Platform Monitoring;System Access Workflow;User Behavior Analysis
main_005472,80f7213e88bd9f94f336fc2864117e03d2337d1610ac7765b886aa7fccd79f41,72d49f51276bfe8a48b1770f0858af6a307fe180b60efcedd44bcf86ec251706,flystudio,0.9999992544157352,High,5000000.0,4999996.272078676,T1027;T1055;T1486,D3-BAC;D3-BDR;D3-FA;D3-PM;D3-SAW;D3-UBA,Backup Access Control;Backup Data Recovery;File Analysis;Platform Monitoring;System Access Workflow;User Behavior Analysis
main_005481,495ffe418a02d13cc4bf503d57f8d62b95728bb03c6a50f00a418152c18f7913,02f47a65d4fd8d00c4aff12092e2155e9f12df2d089bcb1e28b5d65d0d4d7f0f,wacatac,0.9999999985971596,High,5000000.0,4999999.992985798,T1027;T1055;T1486,D3-BAC;D3-BDR;D3-FA;D3-PM;D3-SAW;D3-UBA,Backup Access Control;Backup Data Recovery;File Analysis;Platform Monitoring;System Access Workflow;User Behavior Analysis
main_005483,bf2db19637cb71e464a23be57ba25b58b59a72324d4052d610a474b225249e58,72d49f51276bfe8a48b1770f0858af6a307fe180b60efcedd44bcf86ec251706,flystudio,0.9999999980556302,High,5000000.0,4999999.990278151,T1027;T1055;T1486,D3-BAC;D3-BDR;D3-FA;D3-PM;D3-SAW;D3-UBA,Backup Access Control;Backup Data Recovery;File Analysis;Platform Monitoring;System Access Workflow;User Behavior Analysis
main_005487,d955d64ee6db5a950386218cb800c334f4b20463ad873953128c8681716ac822,ef092d42941fb6af2ca50130b1d7a2fb36f80cc98954c008a5ccc00a2995ab79,scarletflash,0.9999982666353372,High,5000000.0,4999991.333176686,T1027;T1055;T1486,D3-BAC;D3-BDR;D3-FA;D3-PM;D3-SAW;D3-UBA,Backup Access Control;Backup Data Recovery;File Analysis;Platform Monitoring;System Access Workflow;User Behavior Analysis
main_005490,519ab9a2b0551f6cdbaaf080571c995d8afa01ff9aab6b29edce73684063aa26,c8b999ec8614bd108b6640f976e6442afa74ef68f3436b132f6e6dfe4879fcad,grandoreiro,0.9999999999998486,High,5000000.0,4999999.999999243,T1027;T1055;T1486,D3-BAC;D3-BDR;D3-FA;D3-PM;D3-SAW;D3-UBA,Backup Access Control;Backup Data Recovery;File Analysis;Platform Monitoring;System Access Workflow;User Behavior Analysis
main_005491,fbe139da6d12f15ded58d2f012e4a7e2607c166682c76f9f5616efb99b94f951,c8b999ec8614bd108b6640f976e6442afa74ef68f3436b132f6e6dfe4879fcad,grandoreiro,0.99999999996971,High,5000000.0,4999999.99984855,T1027;T1055;T1486,D3-BAC;D3-BDR;D3-FA;D3-PM;D3-SAW;D3-UBA,Backup Access Control;Backup Data Recovery;File Analysis;Platform Monitoring;System Access Workflow;User Behavior Analysis
main_005492,886f0c773c5a2438eba3901c9fdc49eadea4595018d80e4e497f1837cadc5f29,72d49f51276bfe8a48b1770f0858af6a307fe180b60efcedd44bcf86ec251706,flystudio,0.9999999993182792,High,5000000.0,4999999.996591396,T1027;T1055;T1486,D3-BAC;D3-BDR;D3-FA;D3-PM;D3-SAW;D3-UBA,Backup Access Control;Backup Data Recovery;File Analysis;Platform Monitoring;System Access Workflow;User Behavior Analysis
main_005494,3ee06b066d98b7e4669f90fffc86346a9bd8b5eb042684f9bbf1e5532c201bd5,02f47a65d4fd8d00c4aff12092e2155e9f12df2d089bcb1e28b5d65d0d4d7f0f,wacatac,0.9999760021989236,High,5000000.0,4999880.010994618,T1027;T1055;T1486,D3-BAC;D3-BDR;D3-FA;D3-PM;D3-SAW;D3-UBA,Backup Access Control;Backup Data Recovery;File Analysis;Platform Monitoring;System Access Workflow;User Behavior Analysis
main_005495,69fa53c22729fdcabf77d8c72363fc71b843973b303513fbc1894cef5bfba791,02f47a65d4fd8d00c4aff12092e2155e9f12df2d089bcb1e28b5d65d0d4d7f0f,wacatac,0.99999935461823,High,5000000.0,4999996.7730911495,T1027;T1055;T1486,D3-BAC;D3-BDR;D3-FA;D3-PM;D3-SAW;D3-UBA,Backup Access Control;Backup Data Recovery;File Analysis;Platform Monitoring;System Access Workflow;User Behavior Analysis
main_005509,68a59281a27d8355988cec9f6418192f04375a004f0cdd01565d4dabf572401a,72d49f51276bfe8a48b1770f0858af6a307fe180b60efcedd44bcf86ec251706,flystudio,0.9999508140356484,High,5000000.0,4999754.070178242,T1027;T1055;T1486,D3-BAC;D3-BDR;D3-FA;D3-PM;D3-SAW;D3-UBA,Backup Access Control;Backup Data Recovery;File Analysis;Platform Monitoring;System Access Workflow;User Behavior Analysis
main_005513,3d588187635c90b283021fc205badb7243703a5203910c67c7c5c393f70b1194,72d49f51276bfe8a48b1770f0858af6a307fe180b60efcedd44bcf86ec251706,flystudio,0.9999999703480906,High,5000000.0,4999999.851740453,T1027;T1055;T1486,D3-BAC;D3-BDR;D3-FA;D3-PM;D3-SAW;D3-UBA,Backup Access Control;Backup Data Recovery;File Analysis;Platform Monitoring;System Access Workflow;User Behavior Analysis
main_005514,c6239fe07d664fcfed2415408fff2d72805ba11e82dd489288849908342f79a9,72d49f51276bfe8a48b1770f0858af6a307fe180b60efcedd44bcf86ec251706,flystudio,0.9999999979195752,High,5000000.0,4999999.989597876,T1027;T1055;T1486,D3-BAC;D3-BDR;D3-FA;D3-PM;D3-SAW;D3-UBA,Backup Access Control;Backup Data Recovery;File Analysis;Platform Monitoring;System Access Workflow;User Behavior Analysis
main_005515,eef7dcb5539b8dcd0126982305959eeac8048fd7f8f1a5c497a86f29cf8f3c93,72d49f51276bfe8a48b1770f0858af6a307fe180b60efcedd44bcf86ec251706,flystudio,0.9999986882999644,High,5000000.0,4999993.441499822,T1027;T1055;T1486,D3-BAC;D3-BDR;D3-FA;D3-PM;D3-SAW;D3-UBA,Backup Access Control;Backup Data Recovery;File Analysis;Platform Monitoring;System Access Workflow;User Behavior Analysis
main_005525,af14c474bbb359b2bf20ab98d9741fef1233e3ee9e8591bc526eb6796c524399,72d49f51276bfe8a48b1770f0858af6a307fe180b60efcedd44bcf86ec251706,flystudio,0.9996613269947576,High,5000000.0,4998306.634973788,T1027;T1055;T1486,D3-BAC;D3-BDR;D3-FA;D3-PM;D3-SAW;D3-UBA,Backup Access Control;Backup Data Recovery;File Analysis;Platform Monitoring;System Access Workflow;User Behavior Analysis
main_005529,edb119cc5851a7765e31972ae0659fbb7cde375785488e7104ba6a81cfb5ad43,ef092d42941fb6af2ca50130b1d7a2fb36f80cc98954c008a5ccc00a2995ab79,scarletflash,0.9999998844383744,High,5000000.0,4999999.422191872,T1027;T1055;T1486,D3-BAC;D3-BDR;D3-FA;D3-PM;D3-SAW;D3-UBA,Backup Access Control;Backup Data Recovery;File Analysis;Platform Monitoring;System Access Workflow;User Behavior Analysis
main_005539,8fcb8bbd7b25ac0c0ef332d177961bcd80919fa0211e1c9bd95d73c39db94750,295fe8cc28eaef9312e590b4434b288e979b8b3323f6d2de36aa9aab3c77d69c,pcclient,0.9935928778556462,High,5000000.0,4967964.389278231,T1027;T1055;T1486,D3-BAC;D3-BDR;D3-FA;D3-PM;D3-SAW;D3-UBA,Backup Access Control;Backup Data Recovery;File Analysis;Platform Monitoring;System Access Workflow;User Behavior Analysis
main_005541,7f787c882368ec59ffa6714feb5eedeeabb41f8ed5ac29ef5714514c3ae90a6c,72d49f51276bfe8a48b1770f0858af6a307fe180b60efcedd44bcf86ec251706,flystudio,0.9999999989298752,High,5000000.0,4999999.994649376,T1027;T1055;T1486,D3-BAC;D3-BDR;D3-FA;D3-PM;D3-SAW;D3-UBA,Backup Access Control;Backup Data Recovery;File Analysis;Platform Monitoring;System Access Workflow;User Behavior Analysis
main_005542,8a9edeba4bbcd304c5828656a3a775e81d2442aa6233d840199c461fd5fb19b7,72d49f51276bfe8a48b1770f0858af6a307fe180b60efcedd44bcf86ec251706,flystudio,0.99999902108788,High,5000000.0,4999995.1054394,T1027;T1055;T1486,D3-BAC;D3-BDR;D3-FA;D3-PM;D3-SAW;D3-UBA,Backup Access Control;Backup Data Recovery;File Analysis;Platform Monitoring;System Access Workflow;User Behavior Analysis
main_005545,59801aa278fff2268b22aa76804850f6758655c2a9a3d6117c4d811ba55a145a,72d49f51276bfe8a48b1770f0858af6a307fe180b60efcedd44bcf86ec251706,flystudio,0.9999999940463672,High,5000000.0,4999999.970231836,T1027;T1055;T1486,D3-BAC;D3-BDR;D3-FA;D3-PM;D3-SAW;D3-UBA,Backup Access Control;Backup Data Recovery;File Analysis;Platform Monitoring;System Access Workflow;User Behavior Analysis
main_005550,775223c2b651d41d258a27db1b76ca089f0cb7d3b6e6ae9b18f6917f0c5917b2,02f47a65d4fd8d00c4aff12092e2155e9f12df2d089bcb1e28b5d65d0d4d7f0f,wacatac,0.99992982944485,High,5000000.0,4999649.14722425,T1027;T1055;T1486,D3-BAC;D3-BDR;D3-FA;D3-PM;D3-SAW;D3-UBA,Backup Access Control;Backup Data Recovery;File Analysis;Platform Monitoring;System Access Workflow;User Behavior Analysis
main_005551,c0cea7209097cb22729a96fb4361ad3a38a4da0c203a62967e74904c32b8d54a,72d49f51276bfe8a48b1770f0858af6a307fe180b60efcedd44bcf86ec251706,flystudio,0.9999999124745306,High,5000000.0,4999999.562372653,T1027;T1055;T1486,D3-BAC;D3-BDR;D3-FA;D3-PM;D3-SAW;D3-UBA,Backup Access Control;Backup Data Recovery;File Analysis;Platform Monitoring;System Access Workflow;User Behavior Analysis
main_005557,bac407cae7c993a8d38979ea63cd1d474ca9eb268f7cf8d76b8f547f36aea8c8,e2195e8d572011dd26e38a71141f2d3f36632ef12a50da4581439b1c5c1ada48,blackmoon,0.9981709703647484,High,5000000.0,4990854.851823743,T1027;T1055;T1486,D3-BAC;D3-BDR;D3-FA;D3-PM;D3-SAW;D3-UBA,Backup Access Control;Backup Data Recovery;File Analysis;Platform Monitoring;System Access Workflow;User Behavior Analysis
main_005560,f5b60ad16ee6640c814eb3754eb3869904255585b24a675d11d0f4f8a5c56d8b,72d49f51276bfe8a48b1770f0858af6a307fe180b60efcedd44bcf86ec251706,flystudio,0.99999973953474,High,5000000.0,4999998.6976737,T1027;T1055;T1486,D3-BAC;D3-BDR;D3-FA;D3-PM;D3-SAW;D3-UBA,Backup Access Control;Backup Data Recovery;File Analysis;Platform Monitoring;System Access Workflow;User Behavior Analysis
main_005561,0c0492d38a5a4cab3950981d131640acc9ce552b5510b3f593480dbe9b58c14c,02f47a65d4fd8d00c4aff12092e2155e9f12df2d089bcb1e28b5d65d0d4d7f0f,wacatac,0.9999197955597746,High,5000000.0,4999598.977798873,T1027;T1055;T1486,D3-BAC;D3-BDR;D3-FA;D3-PM;D3-SAW;D3-UBA,Backup Access Control;Backup Data Recovery;File Analysis;Platform Monitoring;System Access Workflow;User Behavior Analysis
main_005564,16ff54d6e0da205d53cdfcbf5253979db3b7cd7db61ed1c71356acde8751da4c,72d49f51276bfe8a48b1770f0858af6a307fe180b60efcedd44bcf86ec251706,flystudio,0.9999050447399732,High,5000000.0,4999525.223699866,T1027;T1055;T1486,D3-BAC;D3-BDR;D3-FA;D3-PM;D3-SAW;D3-UBA,Backup Access Control;Backup Data Recovery;File Analysis;Platform Monitoring;System Access Workflow;User Behavior Analysis
main_005574,a0f3d42bd859188b15468ac1cc55d10a6997869a78edae239270a06dd7a4b04b,72d49f51276bfe8a48b1770f0858af6a307fe180b60efcedd44bcf86ec251706,flystudio,0.9999994958710786,High,5000000.0,4999997.479355393,T1027;T1055;T1486,D3-BAC;D3-BDR;D3-FA;D3-PM;D3-SAW;D3-UBA,Backup Access Control;Backup Data Recovery;File Analysis;Platform Monitoring;System Access Workflow;User Behavior Analysis
main_005582,656940ab5bd5ebf784668b28df23423dc0af5be58525e7cf7b3cf4df9b615112,77862efd76591a786f99d400c0f97633e2bfb2bbd18b09dd6bf33ebe49f40f07,xmrig,0.9999998922597207,High,5000000.0,4999999.461298604,T1027;T1055;T1059,D3-AL;D3-CR;D3-FA;D3-PM;D3-SAW;D3-UBA,Application Allowlisting;Command Restriction;File Analysis;Platform Monitoring;System Access Workflow;User Behavior Analysis
main_005583,815f91eeef197ec856cf3c69d4a0913ba0ed20880934606c5f25167ca5e8fc0c,02f47a65d4fd8d00c4aff12092e2155e9f12df2d089bcb1e28b5d65d0d4d7f0f,wacatac,0.9999999646704096,High,5000000.0,4999999.823352048,T1027;T1055;T1486,D3-BAC;D3-BDR;D3-FA;D3-PM;D3-SAW;D3-UBA,Backup Access Control;Backup Data Recovery;File Analysis;Platform Monitoring;System Access Workflow;User Behavior Analysis
main_005587,6af568da006aa0da75ca988396758ff947d7345044e68991b995777dd7f0b8c5,41e5cac4298e131e87215f8f3e62b154d2629cb3f77817234864d2ea1b4884ed,shelm,0.9993124773327048,High,5000000.0,4996562.386663524,T1027;T1055;T1486,D3-BAC;D3-BDR;D3-FA;D3-PM;D3-SAW;D3-UBA,Backup Access Control;Backup Data Recovery;File Analysis;Platform Monitoring;System Access Workflow;User Behavior Analysis
main_005590,36c723bfcdd3a6b3ee534bd00a2d4f4fa601a3d79e5635a99597e0f1d49079cb,72d49f51276bfe8a48b1770f0858af6a307fe180b60efcedd44bcf86ec251706,flystudio,0.9999983974075144,High,5000000.0,4999991.987037572,T1027;T1055;T1486,D3-BAC;D3-BDR;D3-FA;D3-PM;D3-SAW;D3-UBA,Backup Access Control;Backup Data Recovery;File Analysis;Platform Monitoring;System Access Workflow;User Behavior Analysis
main_005594,92cec742a6f544eb49418406db74398162a4eaf6a562d79500ea9886b1608de0,02f47a65d4fd8d00c4aff12092e2155e9f12df2d089bcb1e28b5d65d0d4d7f0f,wacatac,0.9999929851082608,High,5000000.0,4999964.925541304,T1027;T1055;T1486,D3-BAC;D3-BDR;D3-FA;D3-PM;D3-SAW;D3-UBA,Backup Access Control;Backup Data Recovery;File Analysis;Platform Monitoring;System Access Workflow;User Behavior Analysis
main_005600,1ece43d610319393f0e6e57861e4a7fe8e1884fa6274cb1b692b6b16a7c9ea76,72d49f51276bfe8a48b1770f0858af6a307fe180b60efcedd44bcf86ec251706,flystudio,0.9999990562077472,High,5000000.0,4999995.281038736,T1027;T1055;T1486,D3-BAC;D3-BDR;D3-FA;D3-PM;D3-SAW;D3-UBA,Backup Access Control;Backup Data Recovery;File Analysis;Platform Monitoring;System Access Workflow;User Behavior Analysis
main_005601,4faade8e322bf628b461486d546c50e2ae47c2d8120ecb25bcaa63db84cf7bab,e2195e8d572011dd26e38a71141f2d3f36632ef12a50da4581439b1c5c1ada48,blackmoon,0.999990900422896,High,5000000.0,4999954.502114479,T1027;T1055;T1486,D3-BAC;D3-BDR;D3-FA;D3-PM;D3-SAW;D3-UBA,Backup Access Control;Backup Data Recovery;File Analysis;Platform Monitoring;System Access Workflow;User Behavior Analysis
main_005621,4eee1a14623acf883e43314a3dc0344735181e648bd77dcbcdd25c25f03e98fc,72d49f51276bfe8a48b1770f0858af6a307fe180b60efcedd44bcf86ec251706,flystudio,0.9999999032060094,High,5000000.0,4999999.516030047,T1027;T1055;T1486,D3-BAC;D3-BDR;D3-FA;D3-PM;D3-SAW;D3-UBA,Backup Access Control;Backup Data Recovery;File Analysis;Platform Monitoring;System Access Workflow;User Behavior Analysis
main_005624,e3ce3449018b9ad6ef22350966ba00a6315cfa2497a7543f1dfcbe0ccd21455e,72d49f51276bfe8a48b1770f0858af6a307fe180b60efcedd44bcf86ec251706,flystudio,0.9999091919718692,High,5000000.0,4999545.959859346,T1027;T1055;T1486,D3-BAC;D3-BDR;D3-FA;D3-PM;D3-SAW;D3-UBA,Backup Access Control;Backup Data Recovery;File Analysis;Platform Monitoring;System Access Workflow;User Behavior Analysis
main_005625,bc952b9041cba246b846ed7e77c4e3d88353e98fd04a3903e8cc439574ef5ada,72d49f51276bfe8a48b1770f0858af6a307fe180b60efcedd44bcf86ec251706,flystudio,0.999999913064179,High,5000000.0,4999999.565320895,T1027;T1055;T1486,D3-BAC;D3-BDR;D3-FA;D3-PM;D3-SAW;D3-UBA,Backup Access Control;Backup Data Recovery;File Analysis;Platform Monitoring;System Access Workflow;User Behavior Analysis
main_005627,eb72d5b702c82708ddb69fc1e1562fa6e1acbee9f8d325cf2a3d6229fcbe5c40,72d49f51276bfe8a48b1770f0858af6a307fe180b60efcedd44bcf86ec251706,flystudio,0.9999960899880342,High,5000000.0,4999980.449940171,T1027;T1055;T1486,D3-BAC;D3-BDR;D3-FA;D3-PM;D3-SAW;D3-UBA,Backup Access Control;Backup Data Recovery;File Analysis;Platform Monitoring;System Access Workflow;User Behavior Analysis
main_005635,5775df806cffe2ed8dde4deeed21080ab5ffdba87c545ab5fb5a3cf9c4b5386c,ef092d42941fb6af2ca50130b1d7a2fb36f80cc98954c008a5ccc00a2995ab79,scarletflash,0.9999936728898028,High,5000000.0,4999968.364449014,T1027;T1055;T1486,D3-BAC;D3-BDR;D3-FA;D3-PM;D3-SAW;D3-UBA,Backup Access Control;Backup Data Recovery;File Analysis;Platform Monitoring;System Access Workflow;User Behavior Analysis
main_005636,7ada61cab9fbebd96ab90245863ef2c1e484cf2312efcc1b542d9a8179829cf7,02f47a65d4fd8d00c4aff12092e2155e9f12df2d089bcb1e28b5d65d0d4d7f0f,wacatac,0.992013956605471,High,5000000.0,4960069.783027355,T1027;T1055;T1486,D3-BAC;D3-BDR;D3-FA;D3-PM;D3-SAW;D3-UBA,Backup Access Control;Backup Data Recovery;File Analysis;Platform Monitoring;System Access Workflow;User Behavior Analysis
main_005638,3b39709f08c6c3237c4f76cdf9907b21d20037c3e3374f502a388c15f128826d,ef092d42941fb6af2ca50130b1d7a2fb36f80cc98954c008a5ccc00a2995ab79,scarletflash,0.9999999999783068,High,5000000.0,4999999.999891534,T1027;T1055;T1486,D3-BAC;D3-BDR;D3-FA;D3-PM;D3-SAW;D3-UBA,Backup Access Control;Backup Data Recovery;File Analysis;Platform Monitoring;System Access Workflow;User Behavior Analysis
main_005641,ba6c50b468def96910302b75d1877666d433f394896a6fcd1472b02006896dc7,72d49f51276bfe8a48b1770f0858af6a307fe180b60efcedd44bcf86ec251706,flystudio,0.9999840288158148,High,5000000.0,4999920.144079074,T1027;T1055;T1486,D3-BAC;D3-BDR;D3-FA;D3-PM;D3-SAW;D3-UBA,Backup Access Control;Backup Data Recovery;File Analysis;Platform Monitoring;System Access Workflow;User Behavior Analysis
main_005657,945a57cd76c2c4aae53c2950df7083d29708406374a5bab14753ebcef62509cc,72d49f51276bfe8a48b1770f0858af6a307fe180b60efcedd44bcf86ec251706,flystudio,0.9998415713920524,High,5000000.0,4999207.856960262,T1027;T1055;T1486,D3-BAC;D3-BDR;D3-FA;D3-PM;D3-SAW;D3-UBA,Backup Access Control;Backup Data Recovery;File Analysis;Platform Monitoring;System Access Workflow;User Behavior Analysis
main_005659,653c1248e22969ca226cde2b992db5449132fdebeeeeecd717da4738b04cfb89,fd5104756137718da71be7bec3f2a88cb3dc4f6df936e61e4bd012cb9108027c,convagent,0.9999957823436008,High,5000000.0,4999978.911718003,T1027;T1055;T1486,D3-BAC;D3-BDR;D3-FA;D3-PM;D3-SAW;D3-UBA,Backup Access Control;Backup Data Recovery;File Analysis;Platform Monitoring;System Access Workflow;User Behavior Analysis
main_005669,905229ddab7108f8af158c487f193e342f96fc99d565203396693cf9e04de90e,e2195e8d572011dd26e38a71141f2d3f36632ef12a50da4581439b1c5c1ada48,blackmoon,0.9999996693303768,High,5000000.0,4999998.346651884,T1027;T1055;T1486,D3-BAC;D3-BDR;D3-FA;D3-PM;D3-SAW;D3-UBA,Backup Access Control;Backup Data Recovery;File Analysis;Platform Monitoring;System Access Workflow;User Behavior Analysis
main_005676,266ccd59007dffcd48d06a40b6ee5d17fafd12e3b58319ac5ac92c2f97c69a88,72d49f51276bfe8a48b1770f0858af6a307fe180b60efcedd44bcf86ec251706,flystudio,0.9999834273755304,High,5000000.0,4999917.136877652,T1027;T1055;T1486,D3-BAC;D3-BDR;D3-FA;D3-PM;D3-SAW;D3-UBA,Backup Access Control;Backup Data Recovery;File Analysis;Platform Monitoring;System Access Workflow;User Behavior Analysis
main_005688,76d87d7e819888b83b4e90e6330bee2df69a54d2a7cbff38421b7aa560e92106,72d49f51276bfe8a48b1770f0858af6a307fe180b60efcedd44bcf86ec251706,flystudio,0.9999791865265776,High,5000000.0,4999895.932632888,T1027;T1055;T1486,D3-BAC;D3-BDR;D3-FA;D3-PM;D3-SAW;D3-UBA,Backup Access Control;Backup Data Recovery;File Analysis;Platform Monitoring;System Access Workflow;User Behavior Analysis
main_005689,3da2356e4359624b420a1bf064627648ebcd213751e88c43f8e1a844768b7497,02f47a65d4fd8d00c4aff12092e2155e9f12df2d089bcb1e28b5d65d0d4d7f0f,wacatac,0.9999999999180575,High,5000000.0,4999999.999590288,T1027;T1055;T1486,D3-BAC;D3-BDR;D3-FA;D3-PM;D3-SAW;D3-UBA,Backup Access Control;Backup Data Recovery;File Analysis;Platform Monitoring;System Access Workflow;User Behavior Analysis
main_005697,41703266a4c79560ab18ab333cba0031922c69f9f59e02df9752129bf37bbe74,ef092d42941fb6af2ca50130b1d7a2fb36f80cc98954c008a5ccc00a2995ab79,scarletflash,0.9999999999998592,High,5000000.0,4999999.999999296,T1027;T1055;T1486,D3-BAC;D3-BDR;D3-FA;D3-PM;D3-SAW;D3-UBA,Backup Access Control;Backup Data Recovery;File Analysis;Platform Monitoring;System Access Workflow;User Behavior Analysis
main_005698,c5daf3d24fb25f7f6705a0342059033a7d5a291e978a63a1651c77ac146386d9,c9e58d481ca76ea25d4579ea39056b5f5e3a5c25648274f9dcd1b6c533284d52,upatre,0.9999999589962432,High,5000000.0,4999999.794981216,T1027;T1055;T1486,D3-BAC;D3-BDR;D3-FA;D3-PM;D3-SAW;D3-UBA,Backup Access Control;Backup Data Recovery;File Analysis;Platform Monitoring;System Access Workflow;User Behavior Analysis
main_005703,59c35e23ca1bd33695fd2a9fb0e377ad58430c14b204cf7955d7167f76adba3a,02f47a65d4fd8d00c4aff12092e2155e9f12df2d089bcb1e28b5d65d0d4d7f0f,wacatac,0.9999996895446476,High,5000000.0,4999998.447723238,T1027;T1055;T1486,D3-BAC;D3-BDR;D3-FA;D3-PM;D3-SAW;D3-UBA,Backup Access Control;Backup Data Recovery;File Analysis;Platform Monitoring;System Access Workflow;User Behavior Analysis
main_005709,230d39f3060a7319830e573a1c8a97a60433914e8e729f847c9d7ef676a1d824,02f47a65d4fd8d00c4aff12092e2155e9f12df2d089bcb1e28b5d65d0d4d7f0f,wacatac,0.9902842062973384,High,5000000.0,4951421.031486692,T1027;T1055;T1486,D3-BAC;D3-BDR;D3-FA;D3-PM;D3-SAW;D3-UBA,Backup Access Control;Backup Data Recovery;File Analysis;Platform Monitoring;System Access Workflow;User Behavior Analysis
main_005711,86d8ba76fea9640df0f727275509c4bded788b3b5405ef409b7bc3ac2a5ae066,72d49f51276bfe8a48b1770f0858af6a307fe180b60efcedd44bcf86ec251706,flystudio,0.999999979563266,High,5000000.0,4999999.89781633,T1027;T1055;T1486,D3-BAC;D3-BDR;D3-FA;D3-PM;D3-SAW;D3-UBA,Backup Access Control;Backup Data Recovery;File Analysis;Platform Monitoring;System Access Workflow;User Behavior Analysis
main_005712,57283418175bfd68a44226cf82653628597208f77d8163886177396098fb6968,72d49f51276bfe8a48b1770f0858af6a307fe180b60efcedd44bcf86ec251706,flystudio,0.9999999937087992,High,5000000.0,4999999.968543996,T1027;T1055;T1486,D3-BAC;D3-BDR;D3-FA;D3-PM;D3-SAW;D3-UBA,Backup Access Control;Backup Data Recovery;File Analysis;Platform Monitoring;System Access Workflow;User Behavior Analysis
main_005715,1c0a11fcdbdf222154c799a3c16948ca0d2f315ca94bf61333e822be841a6d1a,02f47a65d4fd8d00c4aff12092e2155e9f12df2d089bcb1e28b5d65d0d4d7f0f,wacatac,0.9999998502642476,High,5000000.0,4999999.251321238,T1027;T1055;T1486,D3-BAC;D3-BDR;D3-FA;D3-PM;D3-SAW;D3-UBA,Backup Access Control;Backup Data Recovery;File Analysis;Platform Monitoring;System Access Workflow;User Behavior Analysis
main_005718,b56ca6faacaa2d43aba59f2a84c557f3477e35ad565e81acfc42a14a2776376f,72d49f51276bfe8a48b1770f0858af6a307fe180b60efcedd44bcf86ec251706,flystudio,0.9999999987809124,High,5000000.0,4999999.993904562,T1027;T1055;T1486,D3-BAC;D3-BDR;D3-FA;D3-PM;D3-SAW;D3-UBA,Backup Access Control;Backup Data Recovery;File Analysis;Platform Monitoring;System Access Workflow;User Behavior Analysis
main_005720,44209dd9e111276345af5c0b974fb16b7619fea88dfa4b5f72e991cbe4d2d54f,5667ef73dac709effcfdc518a98ea9238365ec62b0eb5f478392e28818a2efd5,zeus,0.9999997247116194,High,5000000.0,4999998.623558097,T1027;T1055;T1486,D3-BAC;D3-BDR;D3-FA;D3-PM;D3-SAW;D3-UBA,Backup Access Control;Backup Data Recovery;File Analysis;Platform Monitoring;System Access Workflow;User Behavior Analysis
main_005726,017149dc9af53983442f827f610b61a7e5b4a2e4cddac8aa095a5f6bd3a561ce,72d49f51276bfe8a48b1770f0858af6a307fe180b60efcedd44bcf86ec251706,flystudio,0.9999291061605432,High,5000000.0,4999645.530802716,T1027;T1055;T1486,D3-BAC;D3-BDR;D3-FA;D3-PM;D3-SAW;D3-UBA,Backup Access Control;Backup Data Recovery;File Analysis;Platform Monitoring;System Access Workflow;User Behavior Analysis
main_005745,977f3e3d2060c1a1784f3cc2b3e90aa1be9ae8de36d9d4a5eb5de326cddad850,58bb064ce0f0721aab7e4b4285f49e318ee801ab658d49dcfff305df630cc5c9,bedep,0.9999999999994348,High,5000000.0,4999999.999997174,T1027;T1055;T1486,D3-BAC;D3-BDR;D3-FA;D3-PM;D3-SAW;D3-UBA,Backup Access Control;Backup Data Recovery;File Analysis;Platform Monitoring;System Access Workflow;User Behavior Analysis
main_005754,a95262cb6ce44435f3f5ec6045c9a479bd350e87a543ebe746c98bf4bd99bdd7,72d49f51276bfe8a48b1770f0858af6a307fe180b60efcedd44bcf86ec251706,flystudio,0.999999999679858,High,5000000.0,4999999.99839929,T1027;T1055;T1486,D3-BAC;D3-BDR;D3-FA;D3-PM;D3-SAW;D3-UBA,Backup Access Control;Backup Data Recovery;File Analysis;Platform Monitoring;System Access Workflow;User Behavior Analysis
main_005755,8cc9e36f5b92af74ec393bbbd4f4f078206258052ee955c59023e860accb5e0e,72d49f51276bfe8a48b1770f0858af6a307fe180b60efcedd44bcf86ec251706,flystudio,0.9999575377222892,High,5000000.0,4999787.688611446,T1027;T1055;T1486,D3-BAC;D3-BDR;D3-FA;D3-PM;D3-SAW;D3-UBA,Backup Access Control;Backup Data Recovery;File Analysis;Platform Monitoring;System Access Workflow;User Behavior Analysis
main_005758,bcf1cc1b9cd58f948d9ac8a29c8351ad3b76e13b86de3c1bfabf9aee015cd7c8,72d49f51276bfe8a48b1770f0858af6a307fe180b60efcedd44bcf86ec251706,flystudio,0.9999553449192942,High,5000000.0,4999776.724596471,T1027;T1055;T1486,D3-BAC;D3-BDR;D3-FA;D3-PM;D3-SAW;D3-UBA,Backup Access Control;Backup Data Recovery;File Analysis;Platform Monitoring;System Access Workflow;User Behavior Analysis
main_005760,7fcbe2215b7e0b549d725abc1a8ae94c84bc13397aeb49689e5b9cf4395f5ec2,b29fbadeecb4793aa6728e48db365c12430759deacb5140c3280a14f45f0ef90,ramnit,0.9999485796310044,High,5000000.0,4999742.8981550215,T1027;T1055;T1486,D3-BAC;D3-BDR;D3-FA;D3-PM;D3-SAW;D3-UBA,Backup Access Control;Backup Data Recovery;File Analysis;Platform Monitoring;System Access Workflow;User Behavior Analysis
main_005762,5593b2c88108a2f6a184c1359475e0c4f5915a62c5e19e51fb3843537d42a162,295fe8cc28eaef9312e590b4434b288e979b8b3323f6d2de36aa9aab3c77d69c,pcclient,0.9999671952006078,High,5000000.0,4999835.97600304,T1027;T1055;T1486,D3-BAC;D3-BDR;D3-FA;D3-PM;D3-SAW;D3-UBA,Backup Access Control;Backup Data Recovery;File Analysis;Platform Monitoring;System Access Workflow;User Behavior Analysis
main_005774,42cd7f931e175f7218884e416dd93e504fbf0e23cf5f5de1a32e7c054a7e8397,72d49f51276bfe8a48b1770f0858af6a307fe180b60efcedd44bcf86ec251706,flystudio,0.9999999999253516,High,5000000.0,4999999.999626758,T1027;T1055;T1486,D3-BAC;D3-BDR;D3-FA;D3-PM;D3-SAW;D3-UBA,Backup Access Control;Backup Data Recovery;File Analysis;Platform Monitoring;System Access Workflow;User Behavior Analysis
main_005781,989ad2fbb0ac67fa27e533ff4497f6e6ebb3a2b676202f33b904e4239590f880,72d49f51276bfe8a48b1770f0858af6a307fe180b60efcedd44bcf86ec251706,flystudio,0.9999999046627954,High,5000000.0,4999999.523313977,T1027;T1055;T1486,D3-BAC;D3-BDR;D3-FA;D3-PM;D3-SAW;D3-UBA,Backup Access Control;Backup Data Recovery;File Analysis;Platform Monitoring;System Access Workflow;User Behavior Analysis
main_005791,33d212d48ac3633b625958c60925f268c0814d37148f75d0c4cd722bf54cc37b,72d49f51276bfe8a48b1770f0858af6a307fe180b60efcedd44bcf86ec251706,flystudio,0.9999999922937014,High,5000000.0,4999999.961468507,T1027;T1055;T1486,D3-BAC;D3-BDR;D3-FA;D3-PM;D3-SAW;D3-UBA,Backup Access Control;Backup Data Recovery;File Analysis;Platform Monitoring;System Access Workflow;User Behavior Analysis
main_005794,84182459b9abd3a51b09fb07a86f76ae9dedbc27d4b3f8bbb5dc52f8c17303f2,72d49f51276bfe8a48b1770f0858af6a307fe180b60efcedd44bcf86ec251706,flystudio,0.99999955737295,High,5000000.0,4999997.78686475,T1027;T1055;T1486,D3-BAC;D3-BDR;D3-FA;D3-PM;D3-SAW;D3-UBA,Backup Access Control;Backup Data Recovery;File Analysis;Platform Monitoring;System Access Workflow;User Behavior Analysis
main_005798,7f7fdac7a607fec3a5fe23e48548a258a1b9f91ab12f6434149cc4feb24edfe3,ef092d42941fb6af2ca50130b1d7a2fb36f80cc98954c008a5ccc00a2995ab79,scarletflash,0.9999997873167452,High,5000000.0,4999998.936583726,T1027;T1055;T1486,D3-BAC;D3-BDR;D3-FA;D3-PM;D3-SAW;D3-UBA,Backup Access Control;Backup Data Recovery;File Analysis;Platform Monitoring;System Access Workflow;User Behavior Analysis
main_005799,32eaff56709992093c13252f166774afd1e43c88e6f79154f885e30049b1ba4e,c8b999ec8614bd108b6640f976e6442afa74ef68f3436b132f6e6dfe4879fcad,grandoreiro,0.99999999999732,High,5000000.0,4999999.9999866,T1027;T1055;T1486,D3-BAC;D3-BDR;D3-FA;D3-PM;D3-SAW;D3-UBA,Backup Access Control;Backup Data Recovery;File Analysis;Platform Monitoring;System Access Workflow;User Behavior Analysis
main_005801,ad154b9f2b5a821f85e50a8ba6e92600d30679af317e3606a97f839226ae06c8,72d49f51276bfe8a48b1770f0858af6a307fe180b60efcedd44bcf86ec251706,flystudio,0.9999999897174716,High,5000000.0,4999999.948587358,T1027;T1055;T1486,D3-BAC;D3-BDR;D3-FA;D3-PM;D3-SAW;D3-UBA,Backup Access Control;Backup Data Recovery;File Analysis;Platform Monitoring;System Access Workflow;User Behavior Analysis
main_005806,7c6c28dbf002bc45c29910430ca449299fff49b040540e91fd0b8ad2cfc7b103,72d49f51276bfe8a48b1770f0858af6a307fe180b60efcedd44bcf86ec251706,flystudio,0.9999999999387496,High,5000000.0,4999999.999693748,T1027;T1055;T1486,D3-BAC;D3-BDR;D3-FA;D3-PM;D3-SAW;D3-UBA,Backup Access Control;Backup Data Recovery;File Analysis;Platform Monitoring;System Access Workflow;User Behavior Analysis
main_005808,5fa09d6e05ec7da6c05791c10e160f3e5244bcb8354092b4f4f9e72ecbbb31cb,a5fad31f18c9c700f2bfbba047bb30254fb5ed8f5645493f0daa3fa040b51c7d,dinwod,0.9999999862783946,High,5000000.0,4999999.931391973,T1027;T1055;T1486,D3-BAC;D3-BDR;D3-FA;D3-PM;D3-SAW;D3-UBA,Backup Access Control;Backup Data Recovery;File Analysis;Platform Monitoring;System Access Workflow;User Behavior Analysis
main_005810,eda0d8475b96f287c455242b886cdd94b0e5636116f051d3b9a7d2ae1d7b6d53,5667ef73dac709effcfdc518a98ea9238365ec62b0eb5f478392e28818a2efd5,zeus,0.9999999999997518,High,5000000.0,4999999.999998759,T1027;T1055;T1486,D3-BAC;D3-BDR;D3-FA;D3-PM;D3-SAW;D3-UBA,Backup Access Control;Backup Data Recovery;File Analysis;Platform Monitoring;System Access Workflow;User Behavior Analysis
main_005815,4e8d31516a66415692fe2d55c66d5f057266d0f0e5f3b22fae6245a955b53f41,02f47a65d4fd8d00c4aff12092e2155e9f12df2d089bcb1e28b5d65d0d4d7f0f,wacatac,0.9999998697566208,High,5000000.0,4999999.348783104,T1027;T1055;T1486,D3-BAC;D3-BDR;D3-FA;D3-PM;D3-SAW;D3-UBA,Backup Access Control;Backup Data Recovery;File Analysis;Platform Monitoring;System Access Workflow;User Behavior Analysis
main_005817,abbe08e9aff993831a71587dab0e62057af9ac9e8f72e285f2402cf06958f8c4,02f47a65d4fd8d00c4aff12092e2155e9f12df2d089bcb1e28b5d65d0d4d7f0f,wacatac,0.999999853684748,High,5000000.0,4999999.26842374,T1027;T1055;T1486,D3-BAC;D3-BDR;D3-FA;D3-PM;D3-SAW;D3-UBA,Backup Access Control;Backup Data Recovery;File Analysis;Platform Monitoring;System Access Workflow;User Behavior Analysis
main_005818,22584e5c05076b442bc397c9aa41507438224b2c0f4479df596f9332ee2cb87e,02f47a65d4fd8d00c4aff12092e2155e9f12df2d089bcb1e28b5d65d0d4d7f0f,wacatac,0.9992487908045862,High,5000000.0,4996243.954022931,T1027;T1055;T1486,D3-BAC;D3-BDR;D3-FA;D3-PM;D3-SAW;D3-UBA,Backup Access Control;Backup Data Recovery;File Analysis;Platform Monitoring;System Access Workflow;User Behavior Analysis
main_005832,422df3d4a65ac19428797308f9ef6cfa84c9c30e28c17ecccce358bb4fb03994,ef092d42941fb6af2ca50130b1d7a2fb36f80cc98954c008a5ccc00a2995ab79,scarletflash,0.999999997565726,High,5000000.0,4999999.98782863,T1027;T1055;T1486,D3-BAC;D3-BDR;D3-FA;D3-PM;D3-SAW;D3-UBA,Backup Access Control;Backup Data Recovery;File Analysis;Platform Monitoring;System Access Workflow;User Behavior Analysis
main_005838,d14af172c8c8b566bb24dd49ecbc466722b476de423b68ff03be19306dd13b27,72d49f51276bfe8a48b1770f0858af6a307fe180b60efcedd44bcf86ec251706,flystudio,0.9999999940263644,High,5000000.0,4999999.970131822,T1027;T1055;T1486,D3-BAC;D3-BDR;D3-FA;D3-PM;D3-SAW;D3-UBA,Backup Access Control;Backup Data Recovery;File Analysis;Platform Monitoring;System Access Workflow;User Behavior Analysis
main_005841,4e09efd9bb39b1f86a75c7744a6517ec803e0209bd829f0defe1926a259a726a,58bb064ce0f0721aab7e4b4285f49e318ee801ab658d49dcfff305df630cc5c9,bedep,0.9991320306580532,High,5000000.0,4995660.153290266,T1027;T1055;T1486,D3-BAC;D3-BDR;D3-FA;D3-PM;D3-SAW;D3-UBA,Backup Access Control;Backup Data Recovery;File Analysis;Platform Monitoring;System Access Workflow;User Behavior Analysis
main_005843,d6a813474faa0217c05a289df865d005f30ac41a6c0317d398679b498fa39283,77862efd76591a786f99d400c0f97633e2bfb2bbd18b09dd6bf33ebe49f40f07,xmrig,0.9999780819009284,High,5000000.0,4999890.409504642,T1027;T1055;T1059,D3-AL;D3-CR;D3-FA;D3-PM;D3-SAW;D3-UBA,Application Allowlisting;Command Restriction;File Analysis;Platform Monitoring;System Access Workflow;User Behavior Analysis
main_005853,54186fe1b5076269c37d51693aac7ec81a0158f2fd8573e1f3ab6f06a008d436,04d890b2e972a9c6984f3a55fbc6362903c44855434a3ed390b72b5cde0d1297,vindor,0.9999648848051472,High,5000000.0,4999824.424025736,T1027;T1055;T1486,D3-BAC;D3-BDR;D3-FA;D3-PM;D3-SAW;D3-UBA,Backup Access Control;Backup Data Recovery;File Analysis;Platform Monitoring;System Access Workflow;User Behavior Analysis
main_005854,12c01523ec5ae962b420338f71bcd326f9a519812711930404cf59129306e62d,ef092d42941fb6af2ca50130b1d7a2fb36f80cc98954c008a5ccc00a2995ab79,scarletflash,0.9999999955481412,High,5000000.0,4999999.977740706,T1027;T1055;T1486,D3-BAC;D3-BDR;D3-FA;D3-PM;D3-SAW;D3-UBA,Backup Access Control;Backup Data Recovery;File Analysis;Platform Monitoring;System Access Workflow;User Behavior Analysis
main_005856,6296d2aa0cb793940fbb3ad1382e1e86dc5ca99331033940185ca8fb9d905a69,02f47a65d4fd8d00c4aff12092e2155e9f12df2d089bcb1e28b5d65d0d4d7f0f,wacatac,0.9999999980437329,High,5000000.0,4999999.9902186645,T1027;T1055;T1486,D3-BAC;D3-BDR;D3-FA;D3-PM;D3-SAW;D3-UBA,Backup Access Control;Backup Data Recovery;File Analysis;Platform Monitoring;System Access Workflow;User Behavior Analysis
main_005861,39698ed2fecf31a517b791817d2472dcb48916886b1620257985e3d60373ba1d,02f47a65d4fd8d00c4aff12092e2155e9f12df2d089bcb1e28b5d65d0d4d7f0f,wacatac,0.9999999370530116,High,5000000.0,4999999.685265058,T1027;T1055;T1486,D3-BAC;D3-BDR;D3-FA;D3-PM;D3-SAW;D3-UBA,Backup Access Control;Backup Data Recovery;File Analysis;Platform Monitoring;System Access Workflow;User Behavior Analysis
main_005863,ad027b8934f90577d956ab5132bc8b642b11a90d9a497a62a9e64d6b6a85ff59,a5fad31f18c9c700f2bfbba047bb30254fb5ed8f5645493f0daa3fa040b51c7d,dinwod,0.9999999999999948,High,5000000.0,4999999.999999974,T1027;T1055;T1486,D3-BAC;D3-BDR;D3-FA;D3-PM;D3-SAW;D3-UBA,Backup Access Control;Backup Data Recovery;File Analysis;Platform Monitoring;System Access Workflow;User Behavior Analysis
main_005870,a247b906552d9f916d57a564a7099d31aefa619186f2fb47618b91b14426101c,ef092d42941fb6af2ca50130b1d7a2fb36f80cc98954c008a5ccc00a2995ab79,scarletflash,0.9999999999999754,High,5000000.0,4999999.999999877,T1027;T1055;T1486,D3-BAC;D3-BDR;D3-FA;D3-PM;D3-SAW;D3-UBA,Backup Access Control;Backup Data Recovery;File Analysis;Platform Monitoring;System Access Workflow;User Behavior Analysis
main_005875,b869eb649c7d06a1c452cb8e7f0d3a98a88b0e491f7451180cd64e0ea3c88d3b,b2d0045465c6ec03721110d4ab0b36bcc44e23bdb7a2dd2a195d1efbecc71018,shodi,0.9999646073976484,High,5000000.0,4999823.036988242,T1027;T1055;T1486,D3-BAC;D3-BDR;D3-FA;D3-PM;D3-SAW;D3-UBA,Backup Access Control;Backup Data Recovery;File Analysis;Platform Monitoring;System Access Workflow;User Behavior Analysis
main_005878,c385d10563aa76416cc75799145eaa42fff5596926c1e200785aad39725f8da6,02f47a65d4fd8d00c4aff12092e2155e9f12df2d089bcb1e28b5d65d0d4d7f0f,wacatac,0.9999999999999518,High,5000000.0,4999999.999999759,T1027;T1055;T1486,D3-BAC;D3-BDR;D3-FA;D3-PM;D3-SAW;D3-UBA,Backup Access Control;Backup Data Recovery;File Analysis;Platform Monitoring;System Access Workflow;User Behavior Analysis
main_005880,eafc0381ed0402111ae084324b05877d60c287e280b6224e14c0fda5b954ae61,40e42605737e111f6619ef7f77032a380bd914b6b398e18c1016bcb74cdb0788,vobfus,0.9999999941669367,High,5000000.0,4999999.970834684,T1027;T1055;T1486,D3-BAC;D3-BDR;D3-FA;D3-PM;D3-SAW;D3-UBA,Backup Access Control;Backup Data Recovery;File Analysis;Platform Monitoring;System Access Workflow;User Behavior Analysis
main_005882,88c0b3b031dfab7a58cf54ee72b10f38b1850179297cca4c0f5e865ff96d7861,77862efd76591a786f99d400c0f97633e2bfb2bbd18b09dd6bf33ebe49f40f07,xmrig,0.9999999999999998,High,5000000.0,4999999.999999999,T1027;T1055;T1059,D3-AL;D3-CR;D3-FA;D3-PM;D3-SAW;D3-UBA,Application Allowlisting;Command Restriction;File Analysis;Platform Monitoring;System Access Workflow;User Behavior Analysis
main_005885,4162066bb072d2bf447af001222b0cad15391b33f12a82bb7c3578d7f4509ac2,c8b999ec8614bd108b6640f976e6442afa74ef68f3436b132f6e6dfe4879fcad,grandoreiro,0.9999999999993616,High,5000000.0,4999999.999996808,T1027;T1055;T1486,D3-BAC;D3-BDR;D3-FA;D3-PM;D3-SAW;D3-UBA,Backup Access Control;Backup Data Recovery;File Analysis;Platform Monitoring;System Access Workflow;User Behavior Analysis
main_005887,d539aef9c05a9352f50333d202aac2190f039df73672d9e4d9a43eb04f433a62,0d4071cf93891023b85ef3f807a2d2d047878f465fea1d281e446904e34de054,nitol,0.9999999999705164,High,5000000.0,4999999.999852582,T1027;T1055;T1486,D3-BAC;D3-BDR;D3-FA;D3-PM;D3-SAW;D3-UBA,Backup Access Control;Backup Data Recovery;File Analysis;Platform Monitoring;System Access Workflow;User Behavior Analysis
main_005893,f8a5ef5c060e656a1a6fdb319d23c19d2779dfc1b8ca6af4704328f1f9138f42,970ec274ca867815174ebe4eff19282000f9495a6c7254e94991d1fb4dc3df30,luna,0.9999999999890204,High,5000000.0,4999999.999945102,T1027;T1055;T1486,D3-BAC;D3-BDR;D3-FA;D3-PM;D3-SAW;D3-UBA,Backup Access Control;Backup Data Recovery;File Analysis;Platform Monitoring;System Access Workflow;User Behavior Analysis
main_005897,8308c9dbbe0d324e3f77a7c9239fe844c68c2e578a2ae37996ad00b43caaaf15,02f47a65d4fd8d00c4aff12092e2155e9f12df2d089bcb1e28b5d65d0d4d7f0f,wacatac,0.999999989349944,High,5000000.0,4999999.946749721,T1027;T1055;T1486,D3-BAC;D3-BDR;D3-FA;D3-PM;D3-SAW;D3-UBA,Backup Access Control;Backup Data Recovery;File Analysis;Platform Monitoring;System Access Workflow;User Behavior Analysis
main_005904,64baef21a884236ec845c32bfbce4d9a0ad4bffe2003c7e4baaa5c14c3abb55a,c8b999ec8614bd108b6640f976e6442afa74ef68f3436b132f6e6dfe4879fcad,grandoreiro,0.9999999999990752,High,5000000.0,4999999.999995376,T1027;T1055;T1486,D3-BAC;D3-BDR;D3-FA;D3-PM;D3-SAW;D3-UBA,Backup Access Control;Backup Data Recovery;File Analysis;Platform Monitoring;System Access Workflow;User Behavior Analysis
main_005909,6f527640198b5afe59cbdfae78d4429bff936a66c21927a7f74091e7efc9663f,50c36d34245fbb582897c71b2090dd3c9afb229e4b48dba077cb64bb892e9f73,conti,0.999985573043842,High,5000000.0,4999927.865219209,T1021;T1059;T1486;T1490,D3-AA;D3-AL;D3-BAC;D3-BDR;D3-CR;D3-NFP;D3-SAW;D3-VPM,Access Authentication;Application Allowlisting;Backup Access Control;Backup Data Recovery;Command Restriction;Network Filtering Policy;System Access Workflow;Virtual Private Network
main_005910,bac4005dda2978fd0fe5a5be57b92c2524b35cf0f69a8ebf1211a7946ed2eefa,50c36d34245fbb582897c71b2090dd3c9afb229e4b48dba077cb64bb892e9f73,conti,0.9999988233724196,High,5000000.0,4999994.116862098,T1021;T1059;T1486;T1490,D3-AA;D3-AL;D3-BAC;D3-BDR;D3-CR;D3-NFP;D3-SAW;D3-VPM,Access Authentication;Application Allowlisting;Backup Access Control;Backup Data Recovery;Command Restriction;Network Filtering Policy;System Access Workflow;Virtual Private Network
main_005915,c17e3c53f91b550e3d904e2abf130b11ad22bf199df3990c33b976b965e89961,3bea44f95b17af14e750df7ab567b80b5e9aaaab87c2b4c1204f2269f98af653,disco,0.9999999999969482,High,5000000.0,4999999.999984741,T1027;T1055;T1486,D3-BAC;D3-BDR;D3-FA;D3-PM;D3-SAW;D3-UBA,Backup Access Control;Backup Data Recovery;File Analysis;Platform Monitoring;System Access Workflow;User Behavior Analysis
main_005917,2a905620febe8f310cd3067ae69a2af24c7b607ac313fd8c728e71ba7ab2e2f4,41e5cac4298e131e87215f8f3e62b154d2629cb3f77817234864d2ea1b4884ed,shelm,0.9999999975596644,High,5000000.0,4999999.987798322,T1027;T1055;T1486,D3-BAC;D3-BDR;D3-FA;D3-PM;D3-SAW;D3-UBA,Backup Access Control;Backup Data Recovery;File Analysis;Platform Monitoring;System Access Workflow;User Behavior Analysis
main_005920,7e2a648278395a5abf8263b2e7215bba9e83c2101cddf6be22bf06901b934ac8,b83ef675cc28b5b0387916e29e9ced4ef6c6d6ea4fcffdbc3b3b086e80167fce,berbew,0.9999999999996624,High,5000000.0,4999999.999998312,T1027;T1055;T1486,D3-BAC;D3-BDR;D3-FA;D3-PM;D3-SAW;D3-UBA,Backup Access Control;Backup Data Recovery;File Analysis;Platform Monitoring;System Access Workflow;User Behavior Analysis
main_005922,49542f02605c7637274b76211e6ee48f9cad2d47a08d8beacf21a5bcdce9c735,02f47a65d4fd8d00c4aff12092e2155e9f12df2d089bcb1e28b5d65d0d4d7f0f,wacatac,0.9992241955700658,High,5000000.0,4996120.977850329,T1027;T1055;T1486,D3-BAC;D3-BDR;D3-FA;D3-PM;D3-SAW;D3-UBA,Backup Access Control;Backup Data Recovery;File Analysis;Platform Monitoring;System Access Workflow;User Behavior Analysis
main_005934,8f88b10875959de5d4c539791c86268d5587c889b43cf905b542cda3fb482c70,41e5cac4298e131e87215f8f3e62b154d2629cb3f77817234864d2ea1b4884ed,shelm,0.9999999841589808,High,5000000.0,4999999.920794904,T1027;T1055;T1486,D3-BAC;D3-BDR;D3-FA;D3-PM;D3-SAW;D3-UBA,Backup Access Control;Backup Data Recovery;File Analysis;Platform Monitoring;System Access Workflow;User Behavior Analysis
main_005936,3c97594c8478733ad2904f747a17bcb695f3cb552063f62ead648ab3fc392a36,05fe74d299696a8c6a6868fb6405b43d7650dcabef7606f949b2a3a12b0ab2e7,azovwiper,0.9927515787912956,High,5000000.0,4963757.893956478,T1027;T1055;T1486,D3-BAC;D3-BDR;D3-FA;D3-PM;D3-SAW;D3-UBA,Backup Access Control;Backup Data Recovery;File Analysis;Platform Monitoring;System Access Workflow;User Behavior Analysis
main_005937,5aa22a7efa5dd044a526449419b7d47da189cce81da7a3ccb1d36f371533abef,05fe74d299696a8c6a6868fb6405b43d7650dcabef7606f949b2a3a12b0ab2e7,azovwiper,0.9997891981851392,High,5000000.0,4998945.990925696,T1027;T1055;T1486,D3-BAC;D3-BDR;D3-FA;D3-PM;D3-SAW;D3-UBA,Backup Access Control;Backup Data Recovery;File Analysis;Platform Monitoring;System Access Workflow;User Behavior Analysis
main_005939,c56c0319feaf275f6034d79c35c0a72a8054a78472f8b5d68460152043d00e84,41e5cac4298e131e87215f8f3e62b154d2629cb3f77817234864d2ea1b4884ed,shelm,0.9999880078861636,High,5000000.0,4999940.039430818,T1027;T1055;T1486,D3-BAC;D3-BDR;D3-FA;D3-PM;D3-SAW;D3-UBA,Backup Access Control;Backup Data Recovery;File Analysis;Platform Monitoring;System Access Workflow;User Behavior Analysis
main_005962,7242ebcc07e8d2b05ea3ecad9645cd3f2d1a7b5a7782afd85b69db00b3403cfb,ef092d42941fb6af2ca50130b1d7a2fb36f80cc98954c008a5ccc00a2995ab79,scarletflash,0.993306557585127,High,5000000.0,4966532.7879256345,T1027;T1055;T1486,D3-BAC;D3-BDR;D3-FA;D3-PM;D3-SAW;D3-UBA,Backup Access Control;Backup Data Recovery;File Analysis;Platform Monitoring;System Access Workflow;User Behavior Analysis
main_005963,666b5a28ed9538586b0461e75c228a6a04cb608f9febbc62029c5989778b7a37,ef092d42941fb6af2ca50130b1d7a2fb36f80cc98954c008a5ccc00a2995ab79,scarletflash,0.99999965653409,High,5000000.0,4999998.282670449,T1027;T1055;T1486,D3-BAC;D3-BDR;D3-FA;D3-PM;D3-SAW;D3-UBA,Backup Access Control;Backup Data Recovery;File Analysis;Platform Monitoring;System Access Workflow;User Behavior Analysis
main_005965,ba08e2d025baa9eafc1c56b589c709286a24ba9bf6f3fe842d976fbf72a06424,ef092d42941fb6af2ca50130b1d7a2fb36f80cc98954c008a5ccc00a2995ab79,scarletflash,0.9999999999998166,High,5000000.0,4999999.999999083,T1027;T1055;T1486,D3-BAC;D3-BDR;D3-FA;D3-PM;D3-SAW;D3-UBA,Backup Access Control;Backup Data Recovery;File Analysis;Platform Monitoring;System Access Workflow;User Behavior Analysis
main_005968,ea32830959866c4267f6be87a32d2f8c8201ea96cdb8d431abbec9ebb0bd2380,2351cb0b2eccd0155081509ebf8a86177b0fde5ebf5d162ea5728eea79c2db05,trollav,0.999999999999577,High,5000000.0,4999999.999997885,T1027;T1055;T1486,D3-BAC;D3-BDR;D3-FA;D3-PM;D3-SAW;D3-UBA,Backup Access Control;Backup Data Recovery;File Analysis;Platform Monitoring;System Access Workflow;User Behavior Analysis
main_005970,215d8caa124e135090e85a5ee40d357d7df09a752f2a827ee2fa73c0d314c64d,02f47a65d4fd8d00c4aff12092e2155e9f12df2d089bcb1e28b5d65d0d4d7f0f,wacatac,0.995585951939765,High,5000000.0,4977929.759698825,T1027;T1055;T1486,D3-BAC;D3-BDR;D3-FA;D3-PM;D3-SAW;D3-UBA,Backup Access Control;Backup Data Recovery;File Analysis;Platform Monitoring;System Access Workflow;User Behavior Analysis
main_005978,6585bd99f1cf0478c12fc2342bcfa903c11e32d3a410dec25d49cab605878a2c,02f47a65d4fd8d00c4aff12092e2155e9f12df2d089bcb1e28b5d65d0d4d7f0f,wacatac,0.9999999999990872,High,5000000.0,4999999.999995436,T1027;T1055;T1486,D3-BAC;D3-BDR;D3-FA;D3-PM;D3-SAW;D3-UBA,Backup Access Control;Backup Data Recovery;File Analysis;Platform Monitoring;System Access Workflow;User Behavior Analysis
main_005988,56e33efe1a6667f656d41a10a702a25cdee1b0e6a07254315916a7282be03907,02f47a65d4fd8d00c4aff12092e2155e9f12df2d089bcb1e28b5d65d0d4d7f0f,wacatac,0.9999999855558444,High,5000000.0,4999999.927779222,T1027;T1055;T1486,D3-BAC;D3-BDR;D3-FA;D3-PM;D3-SAW;D3-UBA,Backup Access Control;Backup Data Recovery;File Analysis;Platform Monitoring;System Access Workflow;User Behavior Analysis
main_005991,6932e3fde4d9b0eecd9eae9bc78be2356678731d1f22fbf019056ad7765372cb,86b65cdc3049b7fe65605b4c67bb61e3d229de899e864cfc0a619e1b60766383,hwidchanger,0.9999999995152272,High,5000000.0,4999999.997576136,T1027;T1055;T1486,D3-BAC;D3-BDR;D3-FA;D3-PM;D3-SAW;D3-UBA,Backup Access Control;Backup Data Recovery;File Analysis;Platform Monitoring;System Access Workflow;User Behavior Analysis
main_006003,880db8ad8300375cac6230c5bc845bf2610bbbb8356b83774831ab5568a9c077,187f622dc0da983d25da3df0e452808a96dd8c64c24aace69bc339cfe47a165d,expiro,0.9999999999982668,High,5000000.0,4999999.999991334,T1027;T1055;T1486,D3-BAC;D3-BDR;D3-FA;D3-PM;D3-SAW;D3-UBA,Backup Access Control;Backup Data Recovery;File Analysis;Platform Monitoring;System Access Workflow;User Behavior Analysis
main_006004,73eb76c7779d506e8edc175376e7b118147596466731e934e3f917550830ddb2,02f47a65d4fd8d00c4aff12092e2155e9f12df2d089bcb1e28b5d65d0d4d7f0f,wacatac,0.9999999998914844,High,5000000.0,4999999.999457422,T1027;T1055;T1486,D3-BAC;D3-BDR;D3-FA;D3-PM;D3-SAW;D3-UBA,Backup Access Control;Backup Data Recovery;File Analysis;Platform Monitoring;System Access Workflow;User Behavior Analysis
main_006005,f3c9d7b82d48ccb7ddddd9fe77a3d1881fbbd12fce3910f7ed2c406c7ee2f883,02f47a65d4fd8d00c4aff12092e2155e9f12df2d089bcb1e28b5d65d0d4d7f0f,wacatac,0.9999999999999464,High,5000000.0,4999999.999999732,T1027;T1055;T1486,D3-BAC;D3-BDR;D3-FA;D3-PM;D3-SAW;D3-UBA,Backup Access Control;Backup Data Recovery;File Analysis;Platform Monitoring;System Access Workflow;User Behavior Analysis
main_006019,17a98b7276a2629ab5fae308fa2ce971ebf9ab506ef12810898c7adb37afa04b,41e5cac4298e131e87215f8f3e62b154d2629cb3f77817234864d2ea1b4884ed,shelm,0.9999998754899744,High,5000000.0,4999999.377449872,T1027;T1055;T1486,D3-BAC;D3-BDR;D3-FA;D3-PM;D3-SAW;D3-UBA,Backup Access Control;Backup Data Recovery;File Analysis;Platform Monitoring;System Access Workflow;User Behavior Analysis
main_006020,0ce57ff19a4086a2792be91fac5d76f88dc63cd1b82ef662fde86696c28b86fd,02f47a65d4fd8d00c4aff12092e2155e9f12df2d089bcb1e28b5d65d0d4d7f0f,wacatac,0.9999999999999856,High,5000000.0,4999999.999999928,T1027;T1055;T1486,D3-BAC;D3-BDR;D3-FA;D3-PM;D3-SAW;D3-UBA,Backup Access Control;Backup Data Recovery;File Analysis;Platform Monitoring;System Access Workflow;User Behavior Analysis
main_006034,59ba3f7d00db1d5b2c691f9396b7849438200cc92d0ced81d2b88df149c04278,d711b7a44fad7b8bc0f622f2fbf870fb0f62f82a5a5a78c5499a9b4110118984,goshell,0.999999687287915,High,5000000.0,4999998.436439575,T1027;T1055;T1486,D3-BAC;D3-BDR;D3-FA;D3-PM;D3-SAW;D3-UBA,Backup Access Control;Backup Data Recovery;File Analysis;Platform Monitoring;System Access Workflow;User Behavior Analysis
main_006035,ae9e30dc47ef4ab9b724d262f755b6881e1f459d8e5dceb154752947bf04179c,ef092d42941fb6af2ca50130b1d7a2fb36f80cc98954c008a5ccc00a2995ab79,scarletflash,0.99999997720921,High,5000000.0,4999999.88604605,T1027;T1055;T1486,D3-BAC;D3-BDR;D3-FA;D3-PM;D3-SAW;D3-UBA,Backup Access Control;Backup Data Recovery;File Analysis;Platform Monitoring;System Access Workflow;User Behavior Analysis
main_006036,60eb40fa9c9093d0e1d13ecadcb3c71414f2ca6abfaaa325070326d629ffc4c2,ef092d42941fb6af2ca50130b1d7a2fb36f80cc98954c008a5ccc00a2995ab79,scarletflash,0.9999999751714592,High,5000000.0,4999999.875857296,T1027;T1055;T1486,D3-BAC;D3-BDR;D3-FA;D3-PM;D3-SAW;D3-UBA,Backup Access Control;Backup Data Recovery;File Analysis;Platform Monitoring;System Access Workflow;User Behavior Analysis
main_006042,375df21bf08b2c1008fbd6977d7d75a8afb18f8a145dbbfceebc7230c1e0e911,77862efd76591a786f99d400c0f97633e2bfb2bbd18b09dd6bf33ebe49f40f07,xmrig,0.9999717168219976,High,5000000.0,4999858.584109988,T1027;T1055;T1059,D3-AL;D3-CR;D3-FA;D3-PM;D3-SAW;D3-UBA,Application Allowlisting;Command Restriction;File Analysis;Platform Monitoring;System Access Workflow;User Behavior Analysis
main_006046,79dc8e80255de173a5180c2593657d919dcef81d5fd32a6a08c11ac0c5872fa9,41e5cac4298e131e87215f8f3e62b154d2629cb3f77817234864d2ea1b4884ed,shelm,0.9999999999965674,High,5000000.0,4999999.999982837,T1027;T1055;T1486,D3-BAC;D3-BDR;D3-FA;D3-PM;D3-SAW;D3-UBA,Backup Access Control;Backup Data Recovery;File Analysis;Platform Monitoring;System Access Workflow;User Behavior Analysis
main_006047,1c87ebff8e003fc10849c42e0e9f5074d0fdfc50a7c1e0287d7513d8fd65813a,ef092d42941fb6af2ca50130b1d7a2fb36f80cc98954c008a5ccc00a2995ab79,scarletflash,0.999999839025326,High,5000000.0,4999999.195126629,T1027;T1055;T1486,D3-BAC;D3-BDR;D3-FA;D3-PM;D3-SAW;D3-UBA,Backup Access Control;Backup Data Recovery;File Analysis;Platform Monitoring;System Access Workflow;User Behavior Analysis
main_006048,71dc801c7c84ac34970a8f7b8f23650ce6a32eb3b2daae61666699cd32a01b6c,02f47a65d4fd8d00c4aff12092e2155e9f12df2d089bcb1e28b5d65d0d4d7f0f,wacatac,0.9999999999999032,High,5000000.0,4999999.999999516,T1027;T1055;T1486,D3-BAC;D3-BDR;D3-FA;D3-PM;D3-SAW;D3-UBA,Backup Access Control;Backup Data Recovery;File Analysis;Platform Monitoring;System Access Workflow;User Behavior Analysis
main_006063,8160c2e1b5bb257bde79569ee215cb0d69f243237338a945cca5cc89839d34ce,fd5104756137718da71be7bec3f2a88cb3dc4f6df936e61e4bd012cb9108027c,convagent,0.999861678321626,High,5000000.0,4999308.39160813,T1027;T1055;T1486,D3-BAC;D3-BDR;D3-FA;D3-PM;D3-SAW;D3-UBA,Backup Access Control;Backup Data Recovery;File Analysis;Platform Monitoring;System Access Workflow;User Behavior Analysis
main_006070,8822324347ee1dafa4f29280ba356f2abbbde058527c53debc11164807c48565,ef092d42941fb6af2ca50130b1d7a2fb36f80cc98954c008a5ccc00a2995ab79,scarletflash,0.941884676078762,High,5000000.0,4709423.380393811,T1027;T1055;T1486,D3-BAC;D3-BDR;D3-FA;D3-PM;D3-SAW;D3-UBA,Backup Access Control;Backup Data Recovery;File Analysis;Platform Monitoring;System Access Workflow;User Behavior Analysis
main_006071,4a21bb20b1270b711014e2ff76bb595fbb88e079359507e41a08a7f6dc9ed0c9,41e5cac4298e131e87215f8f3e62b154d2629cb3f77817234864d2ea1b4884ed,shelm,0.9999953279156344,High,5000000.0,4999976.639578172,T1027;T1055;T1486,D3-BAC;D3-BDR;D3-FA;D3-PM;D3-SAW;D3-UBA,Backup Access Control;Backup Data Recovery;File Analysis;Platform Monitoring;System Access Workflow;User Behavior Analysis
main_006080,be99f5c19805ab93e945df23d7cd6bad6cc1809aef347b68ac9dd72f391cd045,02f47a65d4fd8d00c4aff12092e2155e9f12df2d089bcb1e28b5d65d0d4d7f0f,wacatac,0.9999972851616576,High,5000000.0,4999986.425808288,T1027;T1055;T1486,D3-BAC;D3-BDR;D3-FA;D3-PM;D3-SAW;D3-UBA,Backup Access Control;Backup Data Recovery;File Analysis;Platform Monitoring;System Access Workflow;User Behavior Analysis
main_006085,8a3b1270d0d6129d048a55c72ef623e7e0c2343da7a9425c16ffc7e68652387e,02f47a65d4fd8d00c4aff12092e2155e9f12df2d089bcb1e28b5d65d0d4d7f0f,wacatac,0.999983864026368,High,5000000.0,4999919.32013184,T1027;T1055;T1486,D3-BAC;D3-BDR;D3-FA;D3-PM;D3-SAW;D3-UBA,Backup Access Control;Backup Data Recovery;File Analysis;Platform Monitoring;System Access Workflow;User Behavior Analysis
main_006086,14102f89001da4b77b99e1fcf3bd6073003703ef42860749a10de98b76e323ea,58bb064ce0f0721aab7e4b4285f49e318ee801ab658d49dcfff305df630cc5c9,bedep,0.9999999999753608,High,5000000.0,4999999.999876804,T1027;T1055;T1486,D3-BAC;D3-BDR;D3-FA;D3-PM;D3-SAW;D3-UBA,Backup Access Control;Backup Data Recovery;File Analysis;Platform Monitoring;System Access Workflow;User Behavior Analysis
main_006088,80e142708abdfcf92ae0280efbb815db368201ad847b071653c84cc64f405fce,99e2d5c6e5fb193a148e06547f5c9bb4e3dd2bc061e9a90592462767e9f80912,disin,0.9999999999928268,High,5000000.0,4999999.999964134,T1027;T1055;T1486,D3-BAC;D3-BDR;D3-FA;D3-PM;D3-SAW;D3-UBA,Backup Access Control;Backup Data Recovery;File Analysis;Platform Monitoring;System Access Workflow;User Behavior Analysis
main_006120,baeee5086a7ee8dc0017f202fa39031bb93b3d9f64317051eedc04e3f33713b3,c8b999ec8614bd108b6640f976e6442afa74ef68f3436b132f6e6dfe4879fcad,grandoreiro,0.9999999998313412,High,5000000.0,4999999.999156706,T1027;T1055;T1486,D3-BAC;D3-BDR;D3-FA;D3-PM;D3-SAW;D3-UBA,Backup Access Control;Backup Data Recovery;File Analysis;Platform Monitoring;System Access Workflow;User Behavior Analysis
main_006129,cbaa77c7bf1e2e4cac0a20c30ccc4a46b146dd1f07879f049f0afe4f8bcf2bd6,c8b999ec8614bd108b6640f976e6442afa74ef68f3436b132f6e6dfe4879fcad,grandoreiro,0.999999999997998,High,5000000.0,4999999.99998999,T1027;T1055;T1486,D3-BAC;D3-BDR;D3-FA;D3-PM;D3-SAW;D3-UBA,Backup Access Control;Backup Data Recovery;File Analysis;Platform Monitoring;System Access Workflow;User Behavior Analysis
main_006145,68a5c1c6a5a7dd2b1dc1de0dc5e86a5d73de8154d2d1cb11dd20f5ea63329f8f,ef092d42941fb6af2ca50130b1d7a2fb36f80cc98954c008a5ccc00a2995ab79,scarletflash,0.9999999999972666,High,5000000.0,4999999.999986333,T1027;T1055;T1486,D3-BAC;D3-BDR;D3-FA;D3-PM;D3-SAW;D3-UBA,Backup Access Control;Backup Data Recovery;File Analysis;Platform Monitoring;System Access Workflow;User Behavior Analysis
main_006147,8d6bf6d69d528aa2ef7252b2e0c6b3fbd4a9f444a32fa9cf80d558365bd67f43,77862efd76591a786f99d400c0f97633e2bfb2bbd18b09dd6bf33ebe49f40f07,xmrig,0.9999999999999936,High,5000000.0,4999999.999999967,T1027;T1055;T1059,D3-AL;D3-CR;D3-FA;D3-PM;D3-SAW;D3-UBA,Application Allowlisting;Command Restriction;File Analysis;Platform Monitoring;System Access Workflow;User Behavior Analysis
main_006150,dbed1c5c5b44cd2eb2fa0fffb573bf1b53fad6cfba41f9ba891fd5770d39f9d6,ef092d42941fb6af2ca50130b1d7a2fb36f80cc98954c008a5ccc00a2995ab79,scarletflash,0.999999999999854,High,5000000.0,4999999.99999927,T1027;T1055;T1486,D3-BAC;D3-BDR;D3-FA;D3-PM;D3-SAW;D3-UBA,Backup Access Control;Backup Data Recovery;File Analysis;Platform Monitoring;System Access Workflow;User Behavior Analysis
main_006162,f9bd46c107046f31f9626a8a74704d8c36e6eadd6ceb9f717ef727ccab91ff3a,77862efd76591a786f99d400c0f97633e2bfb2bbd18b09dd6bf33ebe49f40f07,xmrig,1.0,High,5000000.0,5000000.0,T1027;T1055;T1059,D3-AL;D3-CR;D3-FA;D3-PM;D3-SAW;D3-UBA,Application Allowlisting;Command Restriction;File Analysis;Platform Monitoring;System Access Workflow;User Behavior Analysis
main_006163,0796f005ca481635ceacb861cd1c5983ae9721884ee24087cbbef08df4ebe9f7,77862efd76591a786f99d400c0f97633e2bfb2bbd18b09dd6bf33ebe49f40f07,xmrig,1.0,High,5000000.0,5000000.0,T1027;T1055;T1059,D3-AL;D3-CR;D3-FA;D3-PM;D3-SAW;D3-UBA,Application Allowlisting;Command Restriction;File Analysis;Platform Monitoring;System Access Workflow;User Behavior Analysis
main_006165,95d34f87e709a3cb6a724da08f91821af9ca9ae4cca6000a2e472026b87927cd,77862efd76591a786f99d400c0f97633e2bfb2bbd18b09dd6bf33ebe49f40f07,xmrig,1.0,High,5000000.0,5000000.0,T1027;T1055;T1059,D3-AL;D3-CR;D3-FA;D3-PM;D3-SAW;D3-UBA,Application Allowlisting;Command Restriction;File Analysis;Platform Monitoring;System Access Workflow;User Behavior Analysis
main_006167,7e67778163e46ba169c74f9edb8a6c10d776ea421da7785223e9ca61210eb4b4,58bb064ce0f0721aab7e4b4285f49e318ee801ab658d49dcfff305df630cc5c9,bedep,0.999999999998503,High,5000000.0,4999999.999992515,T1027;T1055;T1486,D3-BAC;D3-BDR;D3-FA;D3-PM;D3-SAW;D3-UBA,Backup Access Control;Backup Data Recovery;File Analysis;Platform Monitoring;System Access Workflow;User Behavior Analysis
main_006169,c8b2d88b2d6773d3760c8e72db8e338b5cb51bc9e437c80ec4eedafaaae18af7,ef092d42941fb6af2ca50130b1d7a2fb36f80cc98954c008a5ccc00a2995ab79,scarletflash,0.9999999999999984,High,5000000.0,4999999.999999993,T1027;T1055;T1486,D3-BAC;D3-BDR;D3-FA;D3-PM;D3-SAW;D3-UBA,Backup Access Control;Backup Data Recovery;File Analysis;Platform Monitoring;System Access Workflow;User Behavior Analysis
main_006170,5b9fc9cbb6cee3b072a4763f5941e88a4d12d7bf374d22fe2e6ff57d25f2fb98,77862efd76591a786f99d400c0f97633e2bfb2bbd18b09dd6bf33ebe49f40f07,xmrig,1.0,High,5000000.0,5000000.0,T1027;T1055;T1059,D3-AL;D3-CR;D3-FA;D3-PM;D3-SAW;D3-UBA,Application Allowlisting;Command Restriction;File Analysis;Platform Monitoring;System Access Workflow;User Behavior Analysis
main_006178,a27685242b34023eedd80a33a9af0107a2233a4bdbaaec7a3bc5d6b94c324101,02f47a65d4fd8d00c4aff12092e2155e9f12df2d089bcb1e28b5d65d0d4d7f0f,wacatac,0.9999999426849432,High,5000000.0,4999999.713424716,T1027;T1055;T1486,D3-BAC;D3-BDR;D3-FA;D3-PM;D3-SAW;D3-UBA,Backup Access Control;Backup Data Recovery;File Analysis;Platform Monitoring;System Access Workflow;User Behavior Analysis
main_006179,2116c3f1001d0d7ad5c004a9dae1ab1d8cf2de83d593291f1492e0db483647b5,a5fad31f18c9c700f2bfbba047bb30254fb5ed8f5645493f0daa3fa040b51c7d,dinwod,1.0,High,5000000.0,5000000.0,T1027;T1055;T1486,D3-BAC;D3-BDR;D3-FA;D3-PM;D3-SAW;D3-UBA,Backup Access Control;Backup Data Recovery;File Analysis;Platform Monitoring;System Access Workflow;User Behavior Analysis
main_006180,3b03ee367e4e53cd53cc2e401601916a6e976ab4505ac19f0cdb41168f9c68c9,77862efd76591a786f99d400c0f97633e2bfb2bbd18b09dd6bf33ebe49f40f07,xmrig,0.9999999999999988,High,5000000.0,4999999.9999999935,T1027;T1055;T1059,D3-AL;D3-CR;D3-FA;D3-PM;D3-SAW;D3-UBA,Application Allowlisting;Command Restriction;File Analysis;Platform Monitoring;System Access Workflow;User Behavior Analysis
main_006182,71bab4783aa0856fadc9c222a6e5ef80eddfc7686f98d7935db209b3e6a4703f,187f622dc0da983d25da3df0e452808a96dd8c64c24aace69bc339cfe47a165d,expiro,0.9999999999999764,High,5000000.0,4999999.999999882,T1027;T1055;T1486,D3-BAC;D3-BDR;D3-FA;D3-PM;D3-SAW;D3-UBA,Backup Access Control;Backup Data Recovery;File Analysis;Platform Monitoring;System Access Workflow;User Behavior Analysis
main_006184,bbd869d7135b4a60b941d7ca87678cb18104894ebb19894b27f73d7a6ec6ae53,77862efd76591a786f99d400c0f97633e2bfb2bbd18b09dd6bf33ebe49f40f07,xmrig,1.0,High,5000000.0,5000000.0,T1027;T1055;T1059,D3-AL;D3-CR;D3-FA;D3-PM;D3-SAW;D3-UBA,Application Allowlisting;Command Restriction;File Analysis;Platform Monitoring;System Access Workflow;User Behavior Analysis
main_006187,96ea97632e9594b96122fc64a9cd7a8916b2ef86d851432eb9eee5612f5f340e,77862efd76591a786f99d400c0f97633e2bfb2bbd18b09dd6bf33ebe49f40f07,xmrig,0.9999999999999988,High,5000000.0,4999999.9999999935,T1027;T1055;T1059,D3-AL;D3-CR;D3-FA;D3-PM;D3-SAW;D3-UBA,Application Allowlisting;Command Restriction;File Analysis;Platform Monitoring;System Access Workflow;User Behavior Analysis
main_006195,31656c3dd869cb17136c4e868121bf8cf9726db1457227721d74cd6b34374260,c8b999ec8614bd108b6640f976e6442afa74ef68f3436b132f6e6dfe4879fcad,grandoreiro,0.9999999999838264,High,5000000.0,4999999.999919132,T1027;T1055;T1486,D3-BAC;D3-BDR;D3-FA;D3-PM;D3-SAW;D3-UBA,Backup Access Control;Backup Data Recovery;File Analysis;Platform Monitoring;System Access Workflow;User Behavior Analysis
main_006196,26cf2e01320eb27f85a695a468824f1d3bb4075d47c3ad5e81cca45419058966,a49c1d0380688dd9e1898df37e8a7f9e7747212a5b47494173bd2e4a91452fb7,alien,0.9999999999999988,High,5000000.0,4999999.9999999935,T1027;T1055;T1486,D3-BAC;D3-BDR;D3-FA;D3-PM;D3-SAW;D3-UBA,Backup Access Control;Backup Data Recovery;File Analysis;Platform Monitoring;System Access Workflow;User Behavior Analysis
main_006197,18858e1d38ef419c0d0a32d12243194eeed885be5150616bec216b62ccebb47e,02f47a65d4fd8d00c4aff12092e2155e9f12df2d089bcb1e28b5d65d0d4d7f0f,wacatac,0.986270116659307,High,5000000.0,4931350.583296535,T1027;T1055;T1486,D3-BAC;D3-BDR;D3-FA;D3-PM;D3-SAW;D3-UBA,Backup Access Control;Backup Data Recovery;File Analysis;Platform Monitoring;System Access Workflow;User Behavior Analysis
main_006199,0cf2725d4ca3999f30449366d5c4f8dec8383c0b49d7b8283476a1ee81138e69,ef092d42941fb6af2ca50130b1d7a2fb36f80cc98954c008a5ccc00a2995ab79,scarletflash,0.9999975326335684,High,5000000.0,4999987.663167842,T1027;T1055;T1486,D3-BAC;D3-BDR;D3-FA;D3-PM;D3-SAW;D3-UBA,Backup Access Control;Backup Data Recovery;File Analysis;Platform Monitoring;System Access Workflow;User Behavior Analysis
main_006200,89a6c2c464400949b5c3ec153790b7b0d665ef1313fb17898bbda77c9f1d9eba,77862efd76591a786f99d400c0f97633e2bfb2bbd18b09dd6bf33ebe49f40f07,xmrig,1.0,High,5000000.0,5000000.0,T1027;T1055;T1059,D3-AL;D3-CR;D3-FA;D3-PM;D3-SAW;D3-UBA,Application Allowlisting;Command Restriction;File Analysis;Platform Monitoring;System Access Workflow;User Behavior Analysis
main_006201,7eb39efa5238aace3fc51ec8330454bb4f78ce133ad93035996e9a8b7bda4f4f,77862efd76591a786f99d400c0f97633e2bfb2bbd18b09dd6bf33ebe49f40f07,xmrig,1.0,High,5000000.0,5000000.0,T1027;T1055;T1059,D3-AL;D3-CR;D3-FA;D3-PM;D3-SAW;D3-UBA,Application Allowlisting;Command Restriction;File Analysis;Platform Monitoring;System Access Workflow;User Behavior Analysis
main_006202,85ea85ad7e4f0972a686b02413c00b0fd73f936ac5463f9f9f4930396cc1f91e,77862efd76591a786f99d400c0f97633e2bfb2bbd18b09dd6bf33ebe49f40f07,xmrig,1.0,High,5000000.0,5000000.0,T1027;T1055;T1059,D3-AL;D3-CR;D3-FA;D3-PM;D3-SAW;D3-UBA,Application Allowlisting;Command Restriction;File Analysis;Platform Monitoring;System Access Workflow;User Behavior Analysis
main_006203,b1a1e4c137db5728a2b200e8a04a80808c91d86bd485447689a288d44f51c4ec,77862efd76591a786f99d400c0f97633e2bfb2bbd18b09dd6bf33ebe49f40f07,xmrig,1.0,High,5000000.0,5000000.0,T1027;T1055;T1059,D3-AL;D3-CR;D3-FA;D3-PM;D3-SAW;D3-UBA,Application Allowlisting;Command Restriction;File Analysis;Platform Monitoring;System Access Workflow;User Behavior Analysis
main_006205,74e62f30c152276c8f1b3ce97386e8e056666c6edb3dbb853e1826852a78e9c9,77862efd76591a786f99d400c0f97633e2bfb2bbd18b09dd6bf33ebe49f40f07,xmrig,1.0,High,5000000.0,5000000.0,T1027;T1055;T1059,D3-AL;D3-CR;D3-FA;D3-PM;D3-SAW;D3-UBA,Application Allowlisting;Command Restriction;File Analysis;Platform Monitoring;System Access Workflow;User Behavior Analysis
main_006209,7c33056eff962bdd33918a8de8537cda4a518fa52bae4fbc4e3da0a5aa40547b,77862efd76591a786f99d400c0f97633e2bfb2bbd18b09dd6bf33ebe49f40f07,xmrig,1.0,High,5000000.0,5000000.0,T1027;T1055;T1059,D3-AL;D3-CR;D3-FA;D3-PM;D3-SAW;D3-UBA,Application Allowlisting;Command Restriction;File Analysis;Platform Monitoring;System Access Workflow;User Behavior Analysis
main_006228,b43c030cc1fe343622a73b05a64017bba1f5bbe305d223945e3d47ee4992236c,187f622dc0da983d25da3df0e452808a96dd8c64c24aace69bc339cfe47a165d,expiro,0.9999999951285474,High,5000000.0,4999999.975642737,T1027;T1055;T1486,D3-BAC;D3-BDR;D3-FA;D3-PM;D3-SAW;D3-UBA,Backup Access Control;Backup Data Recovery;File Analysis;Platform Monitoring;System Access Workflow;User Behavior Analysis
main_006230,3d1b86eda3e50662a7bcd107637e008355132ca937865a355926b9386a7b1cc3,77862efd76591a786f99d400c0f97633e2bfb2bbd18b09dd6bf33ebe49f40f07,xmrig,1.0,High,5000000.0,5000000.0,T1027;T1055;T1059,D3-AL;D3-CR;D3-FA;D3-PM;D3-SAW;D3-UBA,Application Allowlisting;Command Restriction;File Analysis;Platform Monitoring;System Access Workflow;User Behavior Analysis
main_006231,1a46cb6c5ce666f5f0ee6c659ba50464959a34cb31c7d18b3caca64cf01b2ff4,187f622dc0da983d25da3df0e452808a96dd8c64c24aace69bc339cfe47a165d,expiro,0.9999999999999898,High,5000000.0,4999999.999999949,T1027;T1055;T1486,D3-BAC;D3-BDR;D3-FA;D3-PM;D3-SAW;D3-UBA,Backup Access Control;Backup Data Recovery;File Analysis;Platform Monitoring;System Access Workflow;User Behavior Analysis
main_006240,f91605b42432ab2ffb947d964f1465a582536397c1170c5530295e9e2699b411,77862efd76591a786f99d400c0f97633e2bfb2bbd18b09dd6bf33ebe49f40f07,xmrig,1.0,High,5000000.0,5000000.0,T1027;T1055;T1059,D3-AL;D3-CR;D3-FA;D3-PM;D3-SAW;D3-UBA,Application Allowlisting;Command Restriction;File Analysis;Platform Monitoring;System Access Workflow;User Behavior Analysis
main_006241,2fd76b932eeeff516e52eca581ba193b9548f34741d35f6da8298aac75cec781,2e0b3672ad6c00be6ba5efa6c5277b5b0b77a8b3e61fc7b8f3a52b0bd2e31cd6,beebone,0.9999999890328312,High,5000000.0,4999999.945164156,T1027;T1055;T1486,D3-BAC;D3-BDR;D3-FA;D3-PM;D3-SAW;D3-UBA,Backup Access Control;Backup Data Recovery;File Analysis;Platform Monitoring;System Access Workflow;User Behavior Analysis
main_006242,8ec41043ad60724e7c389220495925767841162c0f8143193af634a43407f0b2,77862efd76591a786f99d400c0f97633e2bfb2bbd18b09dd6bf33ebe49f40f07,xmrig,1.0,High,5000000.0,5000000.0,T1027;T1055;T1059,D3-AL;D3-CR;D3-FA;D3-PM;D3-SAW;D3-UBA,Application Allowlisting;Command Restriction;File Analysis;Platform Monitoring;System Access Workflow;User Behavior Analysis
main_006243,caf38ea159e99d5a9df2438c1f09a2a1f349f8e522b080bf06df0b61925e7c5c,02f47a65d4fd8d00c4aff12092e2155e9f12df2d089bcb1e28b5d65d0d4d7f0f,wacatac,0.999999998821282,High,5000000.0,4999999.99410641,T1027;T1055;T1486,D3-BAC;D3-BDR;D3-FA;D3-PM;D3-SAW;D3-UBA,Backup Access Control;Backup Data Recovery;File Analysis;Platform Monitoring;System Access Workflow;User Behavior Analysis
main_006246,1b08ed369a569b315aed552601848f3db772dd1feefadf58025da49751daf300,72d49f51276bfe8a48b1770f0858af6a307fe180b60efcedd44bcf86ec251706,flystudio,0.9999999785245952,High,5000000.0,4999999.892622976,T1027;T1055;T1486,D3-BAC;D3-BDR;D3-FA;D3-PM;D3-SAW;D3-UBA,Backup Access Control;Backup Data Recovery;File Analysis;Platform Monitoring;System Access Workflow;User Behavior Analysis
main_006250,9870f60ee98969d5b596276c7b4e202fee08de85c0480ff83b99a682c095e045,58bb064ce0f0721aab7e4b4285f49e318ee801ab658d49dcfff305df630cc5c9,bedep,0.9999999996043664,High,5000000.0,4999999.998021832,T1027;T1055;T1486,D3-BAC;D3-BDR;D3-FA;D3-PM;D3-SAW;D3-UBA,Backup Access Control;Backup Data Recovery;File Analysis;Platform Monitoring;System Access Workflow;User Behavior Analysis
main_006251,8aace1a0bd7e235df64f9feef60d839e23a3da8675ca3cd7bce8ecfe6fa638fa,99e2d5c6e5fb193a148e06547f5c9bb4e3dd2bc061e9a90592462767e9f80912,disin,0.9999999882920652,High,5000000.0,4999999.941460325,T1027;T1055;T1486,D3-BAC;D3-BDR;D3-FA;D3-PM;D3-SAW;D3-UBA,Backup Access Control;Backup Data Recovery;File Analysis;Platform Monitoring;System Access Workflow;User Behavior Analysis
main_006253,0b915bedb23aecd6e416cd03a9163cfd98ab40f121daa027ba78b8b580dd8154,b83ef675cc28b5b0387916e29e9ced4ef6c6d6ea4fcffdbc3b3b086e80167fce,berbew,0.9999999999893312,High,5000000.0,4999999.999946656,T1027;T1055;T1486,D3-BAC;D3-BDR;D3-FA;D3-PM;D3-SAW;D3-UBA,Backup Access Control;Backup Data Recovery;File Analysis;Platform Monitoring;System Access Workflow;User Behavior Analysis
main_006254,12b10210e4215d18d75487b74264a1610198de5e6ebf6f78fbee3bc9a8b0bffc,77862efd76591a786f99d400c0f97633e2bfb2bbd18b09dd6bf33ebe49f40f07,xmrig,1.0,High,5000000.0,5000000.0,T1027;T1055;T1059,D3-AL;D3-CR;D3-FA;D3-PM;D3-SAW;D3-UBA,Application Allowlisting;Command Restriction;File Analysis;Platform Monitoring;System Access Workflow;User Behavior Analysis
main_006255,26c09d123326bfa64e331f6e5d8cb90205c0f8ac9f6c3f5b84d2731588c96c42,b83ef675cc28b5b0387916e29e9ced4ef6c6d6ea4fcffdbc3b3b086e80167fce,berbew,0.9999999999987764,High,5000000.0,4999999.999993882,T1027;T1055;T1486,D3-BAC;D3-BDR;D3-FA;D3-PM;D3-SAW;D3-UBA,Backup Access Control;Backup Data Recovery;File Analysis;Platform Monitoring;System Access Workflow;User Behavior Analysis
main_006257,1f67553dbbd007ee07b5ad3771a9fc46805dcbd080caf0ea37508673619cec67,77862efd76591a786f99d400c0f97633e2bfb2bbd18b09dd6bf33ebe49f40f07,xmrig,0.9999999999999998,High,5000000.0,4999999.999999999,T1027;T1055;T1059,D3-AL;D3-CR;D3-FA;D3-PM;D3-SAW;D3-UBA,Application Allowlisting;Command Restriction;File Analysis;Platform Monitoring;System Access Workflow;User Behavior Analysis
main_006258,5ac87e21f28a1b107d3b68c199de2862ad53aa7ce3c09246afb1687e0944686b,77862efd76591a786f99d400c0f97633e2bfb2bbd18b09dd6bf33ebe49f40f07,xmrig,1.0,High,5000000.0,5000000.0,T1027;T1055;T1059,D3-AL;D3-CR;D3-FA;D3-PM;D3-SAW;D3-UBA,Application Allowlisting;Command Restriction;File Analysis;Platform Monitoring;System Access Workflow;User Behavior Analysis
main_006259,9324448d6be4719dedbc0f2f8f968b67955f30d6f547dd8b1967e3d05563846e,187f622dc0da983d25da3df0e452808a96dd8c64c24aace69bc339cfe47a165d,expiro,0.9999937253375436,High,5000000.0,4999968.626687718,T1027;T1055;T1486,D3-BAC;D3-BDR;D3-FA;D3-PM;D3-SAW;D3-UBA,Backup Access Control;Backup Data Recovery;File Analysis;Platform Monitoring;System Access Workflow;User Behavior Analysis
main_006260,06825b7e9091c8965652ff800ea913f3ed61a27b3fd61aceb46874c2ff94b4fb,77862efd76591a786f99d400c0f97633e2bfb2bbd18b09dd6bf33ebe49f40f07,xmrig,1.0,High,5000000.0,5000000.0,T1027;T1055;T1059,D3-AL;D3-CR;D3-FA;D3-PM;D3-SAW;D3-UBA,Application Allowlisting;Command Restriction;File Analysis;Platform Monitoring;System Access Workflow;User Behavior Analysis
main_006261,1de7de1ca43c66046507ed66d9e2f55c14e06e3c4351ca7ce4164a75b110a8d7,77862efd76591a786f99d400c0f97633e2bfb2bbd18b09dd6bf33ebe49f40f07,xmrig,1.0,High,5000000.0,5000000.0,T1027;T1055;T1059,D3-AL;D3-CR;D3-FA;D3-PM;D3-SAW;D3-UBA,Application Allowlisting;Command Restriction;File Analysis;Platform Monitoring;System Access Workflow;User Behavior Analysis
main_006263,21c637275c30a60d32bfb3dbd386bd51ae781995deee09d03d0a765cf7f1fd57,187f622dc0da983d25da3df0e452808a96dd8c64c24aace69bc339cfe47a165d,expiro,0.9999999977748156,High,5000000.0,4999999.988874078,T1027;T1055;T1486,D3-BAC;D3-BDR;D3-FA;D3-PM;D3-SAW;D3-UBA,Backup Access Control;Backup Data Recovery;File Analysis;Platform Monitoring;System Access Workflow;User Behavior Analysis
main_006264,94c2210451202ccff1e825033a4781cfb8724011390d12d37b8bc723f18d8734,77862efd76591a786f99d400c0f97633e2bfb2bbd18b09dd6bf33ebe49f40f07,xmrig,1.0,High,5000000.0,5000000.0,T1027;T1055;T1059,D3-AL;D3-CR;D3-FA;D3-PM;D3-SAW;D3-UBA,Application Allowlisting;Command Restriction;File Analysis;Platform Monitoring;System Access Workflow;User Behavior Analysis
main_006265,0d6227f150b443266144f4b7495813e9b4726a4929c51d541f204a9076a5a9b5,77862efd76591a786f99d400c0f97633e2bfb2bbd18b09dd6bf33ebe49f40f07,xmrig,1.0,High,5000000.0,5000000.0,T1027;T1055;T1059,D3-AL;D3-CR;D3-FA;D3-PM;D3-SAW;D3-UBA,Application Allowlisting;Command Restriction;File Analysis;Platform Monitoring;System Access Workflow;User Behavior Analysis
main_006266,44b241d8eea1821a2d2ee410bca9e33be42378ef2b2849726997b1ddf3a0d1eb,77862efd76591a786f99d400c0f97633e2bfb2bbd18b09dd6bf33ebe49f40f07,xmrig,1.0,High,5000000.0,5000000.0,T1027;T1055;T1059,D3-AL;D3-CR;D3-FA;D3-PM;D3-SAW;D3-UBA,Application Allowlisting;Command Restriction;File Analysis;Platform Monitoring;System Access Workflow;User Behavior Analysis
main_006267,37ca63452fcf73143a505e1dbf59c9bbb495bdf5227086b7ae2acb9f9909c46b,77862efd76591a786f99d400c0f97633e2bfb2bbd18b09dd6bf33ebe49f40f07,xmrig,1.0,High,5000000.0,5000000.0,T1027;T1055;T1059,D3-AL;D3-CR;D3-FA;D3-PM;D3-SAW;D3-UBA,Application Allowlisting;Command Restriction;File Analysis;Platform Monitoring;System Access Workflow;User Behavior Analysis
main_006268,61d5bcca31824934a8d0e395e9d5d561d0faf7fad1273e657f238a75f14e7def,77862efd76591a786f99d400c0f97633e2bfb2bbd18b09dd6bf33ebe49f40f07,xmrig,1.0,High,5000000.0,5000000.0,T1027;T1055;T1059,D3-AL;D3-CR;D3-FA;D3-PM;D3-SAW;D3-UBA,Application Allowlisting;Command Restriction;File Analysis;Platform Monitoring;System Access Workflow;User Behavior Analysis
main_006269,3705024ebef3051617b9e72d30148e8430ea2cccc589c447ea572791fea2cb58,77862efd76591a786f99d400c0f97633e2bfb2bbd18b09dd6bf33ebe49f40f07,xmrig,1.0,High,5000000.0,5000000.0,T1027;T1055;T1059,D3-AL;D3-CR;D3-FA;D3-PM;D3-SAW;D3-UBA,Application Allowlisting;Command Restriction;File Analysis;Platform Monitoring;System Access Workflow;User Behavior Analysis
main_006270,ee639294926f25cb154a6b2d7a3f189d4f9f0e13832071e36064d50548586b71,77862efd76591a786f99d400c0f97633e2bfb2bbd18b09dd6bf33ebe49f40f07,xmrig,1.0,High,5000000.0,5000000.0,T1027;T1055;T1059,D3-AL;D3-CR;D3-FA;D3-PM;D3-SAW;D3-UBA,Application Allowlisting;Command Restriction;File Analysis;Platform Monitoring;System Access Workflow;User Behavior Analysis
main_006271,1f32485453f0fef97e2d1b0cf39b6d4e6e4a416da40b9180d08dd18325dba5a8,970ec274ca867815174ebe4eff19282000f9495a6c7254e94991d1fb4dc3df30,luna,0.9999999999991602,High,5000000.0,4999999.999995802,T1027;T1055;T1486,D3-BAC;D3-BDR;D3-FA;D3-PM;D3-SAW;D3-UBA,Backup Access Control;Backup Data Recovery;File Analysis;Platform Monitoring;System Access Workflow;User Behavior Analysis
main_006272,ffeacc31afcaa28decf70c444d077de0e2a97ecc722075ddc8a6131900c8b356,ef092d42941fb6af2ca50130b1d7a2fb36f80cc98954c008a5ccc00a2995ab79,scarletflash,0.9999999999999976,High,5000000.0,4999999.999999988,T1027;T1055;T1486,D3-BAC;D3-BDR;D3-FA;D3-PM;D3-SAW;D3-UBA,Backup Access Control;Backup Data Recovery;File Analysis;Platform Monitoring;System Access Workflow;User Behavior Analysis
main_006273,f39246fc5dbbdea5bec95bab4190623b808e54a17c73de8cf82fe075ec5db9e4,02f47a65d4fd8d00c4aff12092e2155e9f12df2d089bcb1e28b5d65d0d4d7f0f,wacatac,0.9999998798506512,High,5000000.0,4999999.399253256,T1027;T1055;T1486,D3-BAC;D3-BDR;D3-FA;D3-PM;D3-SAW;D3-UBA,Backup Access Control;Backup Data Recovery;File Analysis;Platform Monitoring;System Access Workflow;User Behavior Analysis
main_006275,1ed55f9a39a9a8c8e86e4d31e21a60b0223442efc900879a722ad5b3f6fd9426,77862efd76591a786f99d400c0f97633e2bfb2bbd18b09dd6bf33ebe49f40f07,xmrig,1.0,High,5000000.0,5000000.0,T1027;T1055;T1059,D3-AL;D3-CR;D3-FA;D3-PM;D3-SAW;D3-UBA,Application Allowlisting;Command Restriction;File Analysis;Platform Monitoring;System Access Workflow;User Behavior Analysis
main_006276,800df8d9c7aaa9c204809624271d6f3beb30617910155c1c20754fce5efea833,77862efd76591a786f99d400c0f97633e2bfb2bbd18b09dd6bf33ebe49f40f07,xmrig,1.0,High,5000000.0,5000000.0,T1027;T1055;T1059,D3-AL;D3-CR;D3-FA;D3-PM;D3-SAW;D3-UBA,Application Allowlisting;Command Restriction;File Analysis;Platform Monitoring;System Access Workflow;User Behavior Analysis
main_006277,25461c64a5f7267e2f02c2cf6c088d5990bcf36a26e26f9974a496a55f117285,77862efd76591a786f99d400c0f97633e2bfb2bbd18b09dd6bf33ebe49f40f07,xmrig,1.0,High,5000000.0,5000000.0,T1027;T1055;T1059,D3-AL;D3-CR;D3-FA;D3-PM;D3-SAW;D3-UBA,Application Allowlisting;Command Restriction;File Analysis;Platform Monitoring;System Access Workflow;User Behavior Analysis
main_006278,a78409f572a62774916d415d91b9da43ec75956451b42d67d5f9f7b713196544,77862efd76591a786f99d400c0f97633e2bfb2bbd18b09dd6bf33ebe49f40f07,xmrig,0.9999999999999988,High,5000000.0,4999999.9999999935,T1027;T1055;T1059,D3-AL;D3-CR;D3-FA;D3-PM;D3-SAW;D3-UBA,Application Allowlisting;Command Restriction;File Analysis;Platform Monitoring;System Access Workflow;User Behavior Analysis
main_006279,8e52478453172cb9ded32b4a1deada71f8bd45607830c128fff9f4b663e8d7c0,b83ef675cc28b5b0387916e29e9ced4ef6c6d6ea4fcffdbc3b3b086e80167fce,berbew,0.9999999998614508,High,5000000.0,4999999.999307254,T1027;T1055;T1486,D3-BAC;D3-BDR;D3-FA;D3-PM;D3-SAW;D3-UBA,Backup Access Control;Backup Data Recovery;File Analysis;Platform Monitoring;System Access Workflow;User Behavior Analysis
main_006280,67c6304a05ba644fa230e86c078904dd5110ba333147c134182504db3ed2e50e,77862efd76591a786f99d400c0f97633e2bfb2bbd18b09dd6bf33ebe49f40f07,xmrig,0.9999999999999996,High,5000000.0,4999999.999999998,T1027;T1055;T1059,D3-AL;D3-CR;D3-FA;D3-PM;D3-SAW;D3-UBA,Application Allowlisting;Command Restriction;File Analysis;Platform Monitoring;System Access Workflow;User Behavior Analysis
main_006281,1f98342174ea712b712d8885f0704777bf929ed4334ac1b660ce443e3b489f3a,b83ef675cc28b5b0387916e29e9ced4ef6c6d6ea4fcffdbc3b3b086e80167fce,berbew,0.9999999999791788,High,5000000.0,4999999.999895894,T1027;T1055;T1486,D3-BAC;D3-BDR;D3-FA;D3-PM;D3-SAW;D3-UBA,Backup Access Control;Backup Data Recovery;File Analysis;Platform Monitoring;System Access Workflow;User Behavior Analysis
main_006282,b9d4771180425e9783672748182235a879fec7f9bce27ca8dcb4a40d3ceb1626,77862efd76591a786f99d400c0f97633e2bfb2bbd18b09dd6bf33ebe49f40f07,xmrig,0.9999999999999998,High,5000000.0,4999999.999999999,T1027;T1055;T1059,D3-AL;D3-CR;D3-FA;D3-PM;D3-SAW;D3-UBA,Application Allowlisting;Command Restriction;File Analysis;Platform Monitoring;System Access Workflow;User Behavior Analysis
main_006284,efdff69888c80c9c022e3dc8f7f98386ec0eacb56d4f365a5dadaf7ea3f059a2,b83ef675cc28b5b0387916e29e9ced4ef6c6d6ea4fcffdbc3b3b086e80167fce,berbew,0.9999999999962584,High,5000000.0,4999999.9999812925,T1027;T1055;T1486,D3-BAC;D3-BDR;D3-FA;D3-PM;D3-SAW;D3-UBA,Backup Access Control;Backup Data Recovery;File Analysis;Platform Monitoring;System Access Workflow;User Behavior Analysis
main_006285,df667094c0a2303d3d83e2a0270592b096f706eca545f9a92af6ff29350b0a22,77862efd76591a786f99d400c0f97633e2bfb2bbd18b09dd6bf33ebe49f40f07,xmrig,1.0,High,5000000.0,5000000.0,T1027;T1055;T1059,D3-AL;D3-CR;D3-FA;D3-PM;D3-SAW;D3-UBA,Application Allowlisting;Command Restriction;File Analysis;Platform Monitoring;System Access Workflow;User Behavior Analysis
main_006286,aa6494f6dd3c86fd44f86d96fe7c9d73d29ee6a914e4e4a8b4f7bf40787cdc6c,77862efd76591a786f99d400c0f97633e2bfb2bbd18b09dd6bf33ebe49f40f07,xmrig,0.9999999999999996,High,5000000.0,4999999.999999998,T1027;T1055;T1059,D3-AL;D3-CR;D3-FA;D3-PM;D3-SAW;D3-UBA,Application Allowlisting;Command Restriction;File Analysis;Platform Monitoring;System Access Workflow;User Behavior Analysis
main_006287,529198cd1b1ec9dfa4a202a405d12e95e03d6d76e897b08777b735b1d68291c8,77862efd76591a786f99d400c0f97633e2bfb2bbd18b09dd6bf33ebe49f40f07,xmrig,0.9999999999998834,High,5000000.0,4999999.999999417,T1027;T1055;T1059,D3-AL;D3-CR;D3-FA;D3-PM;D3-SAW;D3-UBA,Application Allowlisting;Command Restriction;File Analysis;Platform Monitoring;System Access Workflow;User Behavior Analysis
main_006288,a4c55f68cca71f3420c79dce1d0a12806c918f39fbcbe11b5089d5032bebc552,77862efd76591a786f99d400c0f97633e2bfb2bbd18b09dd6bf33ebe49f40f07,xmrig,1.0,High,5000000.0,5000000.0,T1027;T1055;T1059,D3-AL;D3-CR;D3-FA;D3-PM;D3-SAW;D3-UBA,Application Allowlisting;Command Restriction;File Analysis;Platform Monitoring;System Access Workflow;User Behavior Analysis
main_006289,6550950a579f32b30a3eacdb33bc1afb5f2cc9a5c733398af9f61e63e6d190e1,77862efd76591a786f99d400c0f97633e2bfb2bbd18b09dd6bf33ebe49f40f07,xmrig,0.9999999999999996,High,5000000.0,4999999.999999998,T1027;T1055;T1059,D3-AL;D3-CR;D3-FA;D3-PM;D3-SAW;D3-UBA,Application Allowlisting;Command Restriction;File Analysis;Platform Monitoring;System Access Workflow;User Behavior Analysis
main_006291,d9b7d2a222b26b608eb3b5a95e8a101fbb63852c93fb4a2a3006c7834fa7d557,187f622dc0da983d25da3df0e452808a96dd8c64c24aace69bc339cfe47a165d,expiro,0.9999999999974964,High,5000000.0,4999999.999987482,T1027;T1055;T1486,D3-BAC;D3-BDR;D3-FA;D3-PM;D3-SAW;D3-UBA,Backup Access Control;Backup Data Recovery;File Analysis;Platform Monitoring;System Access Workflow;User Behavior Analysis
main_006292,2369028b7e9265af11e688025ab5096a13857ee6c1b88a60f9cbc9f789350fc7,77862efd76591a786f99d400c0f97633e2bfb2bbd18b09dd6bf33ebe49f40f07,xmrig,1.0,High,5000000.0,5000000.0,T1027;T1055;T1059,D3-AL;D3-CR;D3-FA;D3-PM;D3-SAW;D3-UBA,Application Allowlisting;Command Restriction;File Analysis;Platform Monitoring;System Access Workflow;User Behavior Analysis
main_006293,6c8725498850fff0613665b67ff1b34e00a79f581adc310c5290a409169ea47f,acfd227c9e2a637ba527343252a51d6cbf588451f0194210216eeda06e834e95,banload,0.9999482864564112,High,5000000.0,4999741.432282056,T1027;T1055;T1486,D3-BAC;D3-BDR;D3-FA;D3-PM;D3-SAW;D3-UBA,Backup Access Control;Backup Data Recovery;File Analysis;Platform Monitoring;System Access Workflow;User Behavior Analysis
main_006294,a0dab7f9bfb55d860e1ec89b8c74ca54065555807243415262e4c2da94dd92c5,77862efd76591a786f99d400c0f97633e2bfb2bbd18b09dd6bf33ebe49f40f07,xmrig,0.9999999999999998,High,5000000.0,4999999.999999999,T1027;T1055;T1059,D3-AL;D3-CR;D3-FA;D3-PM;D3-SAW;D3-UBA,Application Allowlisting;Command Restriction;File Analysis;Platform Monitoring;System Access Workflow;User Behavior Analysis
main_006295,c77b2a23b867c8365aaffe4b2bd42071b6b6344373de631b97e94131ea322b19,187f622dc0da983d25da3df0e452808a96dd8c64c24aace69bc339cfe47a165d,expiro,0.999999999999996,High,5000000.0,4999999.99999998,T1027;T1055;T1486,D3-BAC;D3-BDR;D3-FA;D3-PM;D3-SAW;D3-UBA,Backup Access Control;Backup Data Recovery;File Analysis;Platform Monitoring;System Access Workflow;User Behavior Analysis
main_006296,3121204fad853906bffff63d75e3fd07629b5d56213846c437be65bc74ca53da,77862efd76591a786f99d400c0f97633e2bfb2bbd18b09dd6bf33ebe49f40f07,xmrig,0.9999999999999996,High,5000000.0,4999999.999999998,T1027;T1055;T1059,D3-AL;D3-CR;D3-FA;D3-PM;D3-SAW;D3-UBA,Application Allowlisting;Command Restriction;File Analysis;Platform Monitoring;System Access Workflow;User Behavior Analysis
main_006297,f96ee6df4f37f6f47017d20d1902934593c1090f1adfb64b8c59e2c4225e1580,77862efd76591a786f99d400c0f97633e2bfb2bbd18b09dd6bf33ebe49f40f07,xmrig,1.0,High,5000000.0,5000000.0,T1027;T1055;T1059,D3-AL;D3-CR;D3-FA;D3-PM;D3-SAW;D3-UBA,Application Allowlisting;Command Restriction;File Analysis;Platform Monitoring;System Access Workflow;User Behavior Analysis
main_006298,49254d173ea0eb0def4e8fd760bcaa605161a64329f7738afefc8d992327528f,77862efd76591a786f99d400c0f97633e2bfb2bbd18b09dd6bf33ebe49f40f07,xmrig,0.9999999999999998,High,5000000.0,4999999.999999999,T1027;T1055;T1059,D3-AL;D3-CR;D3-FA;D3-PM;D3-SAW;D3-UBA,Application Allowlisting;Command Restriction;File Analysis;Platform Monitoring;System Access Workflow;User Behavior Analysis
main_006299,26bf26193fb1c922b4f8290c9bafc73e81c1b5504f90a8f0c3c118382c980d48,2c54521451dd9b7f14147c606b4aa91a7ce517758d1acaebb4ede36cd06cbb9e,hematite,0.999939833642004,High,5000000.0,4999699.16821002,T1027;T1055;T1486,D3-BAC;D3-BDR;D3-FA;D3-PM;D3-SAW;D3-UBA,Backup Access Control;Backup Data Recovery;File Analysis;Platform Monitoring;System Access Workflow;User Behavior Analysis
main_006300,5b22e7bc2556bd9ebdfe033103eb1a21b297028055b662fa228ae5bafc62e99a,77862efd76591a786f99d400c0f97633e2bfb2bbd18b09dd6bf33ebe49f40f07,xmrig,1.0,High,5000000.0,5000000.0,T1027;T1055;T1059,D3-AL;D3-CR;D3-FA;D3-PM;D3-SAW;D3-UBA,Application Allowlisting;Command Restriction;File Analysis;Platform Monitoring;System Access Workflow;User Behavior Analysis
main_006302,10bce63ab6f233194fe0500a4b1e3fefe3195daa00c625772f04691803b48196,77862efd76591a786f99d400c0f97633e2bfb2bbd18b09dd6bf33ebe49f40f07,xmrig,0.9999999999999996,High,5000000.0,4999999.999999998,T1027;T1055;T1059,D3-AL;D3-CR;D3-FA;D3-PM;D3-SAW;D3-UBA,Application Allowlisting;Command Restriction;File Analysis;Platform Monitoring;System Access Workflow;User Behavior Analysis
main_006303,ca80fad95ff0e1bf81ad8686a9763404a6b302a01f8a76dae3c23882325c830d,77862efd76591a786f99d400c0f97633e2bfb2bbd18b09dd6bf33ebe49f40f07,xmrig,1.0,High,5000000.0,5000000.0,T1027;T1055;T1059,D3-AL;D3-CR;D3-FA;D3-PM;D3-SAW;D3-UBA,Application Allowlisting;Command Restriction;File Analysis;Platform Monitoring;System Access Workflow;User Behavior Analysis
main_006304,d6205041d7cd904116d658979d0e4caaa0b1c0d6dd108868eab783fe8c690032,77862efd76591a786f99d400c0f97633e2bfb2bbd18b09dd6bf33ebe49f40f07,xmrig,1.0,High,5000000.0,5000000.0,T1027;T1055;T1059,D3-AL;D3-CR;D3-FA;D3-PM;D3-SAW;D3-UBA,Application Allowlisting;Command Restriction;File Analysis;Platform Monitoring;System Access Workflow;User Behavior Analysis
main_006306,822fce3e111ad70c38a01fe8973e940e809151c703604752a37f6e64e90a1c20,77862efd76591a786f99d400c0f97633e2bfb2bbd18b09dd6bf33ebe49f40f07,xmrig,0.9999999999991536,High,5000000.0,4999999.999995768,T1027;T1055;T1059,D3-AL;D3-CR;D3-FA;D3-PM;D3-SAW;D3-UBA,Application Allowlisting;Command Restriction;File Analysis;Platform Monitoring;System Access Workflow;User Behavior Analysis
main_006308,7f1c28c107a5d04479f84591d0b6a60272e8b26115f78a12952cbf6b52cf61ad,acfd227c9e2a637ba527343252a51d6cbf588451f0194210216eeda06e834e95,banload,0.9999999999999998,High,5000000.0,4999999.999999999,T1027;T1055;T1486,D3-BAC;D3-BDR;D3-FA;D3-PM;D3-SAW;D3-UBA,Backup Access Control;Backup Data Recovery;File Analysis;Platform Monitoring;System Access Workflow;User Behavior Analysis
main_006309,824e7c36caaf07490129a9acf13b9af6c1c99983fcb2979d38b3b1a93752de92,77862efd76591a786f99d400c0f97633e2bfb2bbd18b09dd6bf33ebe49f40f07,xmrig,1.0,High,5000000.0,5000000.0,T1027;T1055;T1059,D3-AL;D3-CR;D3-FA;D3-PM;D3-SAW;D3-UBA,Application Allowlisting;Command Restriction;File Analysis;Platform Monitoring;System Access Workflow;User Behavior Analysis
main_006313,8deea288ccbb748a21f9b5e680dcb63bb91b599b9a34ecc548e20dbf0c115794,b83ef675cc28b5b0387916e29e9ced4ef6c6d6ea4fcffdbc3b3b086e80167fce,berbew,0.9999999999546574,High,5000000.0,4999999.999773287,T1027;T1055;T1486,D3-BAC;D3-BDR;D3-FA;D3-PM;D3-SAW;D3-UBA,Backup Access Control;Backup Data Recovery;File Analysis;Platform Monitoring;System Access Workflow;User Behavior Analysis
main_006314,6ed407309b9fecb01d262594f9c19d73cc30a93916ac91a452cbc1451e49e512,187f622dc0da983d25da3df0e452808a96dd8c64c24aace69bc339cfe47a165d,expiro,0.9999999999999848,High,5000000.0,4999999.999999924,T1027;T1055;T1486,D3-BAC;D3-BDR;D3-FA;D3-PM;D3-SAW;D3-UBA,Backup Access Control;Backup Data Recovery;File Analysis;Platform Monitoring;System Access Workflow;User Behavior Analysis
main_006315,9a73edb0170f9abf84dfb262c567c7ccef5dd346e09b1b3d83934888a9be09bc,77862efd76591a786f99d400c0f97633e2bfb2bbd18b09dd6bf33ebe49f40f07,xmrig,1.0,High,5000000.0,5000000.0,T1027;T1055;T1059,D3-AL;D3-CR;D3-FA;D3-PM;D3-SAW;D3-UBA,Application Allowlisting;Command Restriction;File Analysis;Platform Monitoring;System Access Workflow;User Behavior Analysis
main_006316,7d6030630653ea8bac14ee3244e1a1d0d1a754b10d4a2078d50515b09932ae3c,77862efd76591a786f99d400c0f97633e2bfb2bbd18b09dd6bf33ebe49f40f07,xmrig,0.9999999999999992,High,5000000.0,4999999.999999996,T1027;T1055;T1059,D3-AL;D3-CR;D3-FA;D3-PM;D3-SAW;D3-UBA,Application Allowlisting;Command Restriction;File Analysis;Platform Monitoring;System Access Workflow;User Behavior Analysis
main_006318,417bb8c324d01fc04ebeb55f7f3256f5a55dec4d63232e0475a43f4528f3c83a,77862efd76591a786f99d400c0f97633e2bfb2bbd18b09dd6bf33ebe49f40f07,xmrig,1.0,High,5000000.0,5000000.0,T1027;T1055;T1059,D3-AL;D3-CR;D3-FA;D3-PM;D3-SAW;D3-UBA,Application Allowlisting;Command Restriction;File Analysis;Platform Monitoring;System Access Workflow;User Behavior Analysis
main_006319,79913badc52494ff61b945f5fd7cbcfc134b02e3f10fcd1dd083d1215693f8e0,77862efd76591a786f99d400c0f97633e2bfb2bbd18b09dd6bf33ebe49f40f07,xmrig,1.0,High,5000000.0,5000000.0,T1027;T1055;T1059,D3-AL;D3-CR;D3-FA;D3-PM;D3-SAW;D3-UBA,Application Allowlisting;Command Restriction;File Analysis;Platform Monitoring;System Access Workflow;User Behavior Analysis
main_006328,356efe931e5dc3e5e34742a2bcbcabe2321603fcfd90b40cc2a92940cde73a4a,acfd227c9e2a637ba527343252a51d6cbf588451f0194210216eeda06e834e95,banload,0.9999999999999998,High,5000000.0,4999999.999999999,T1027;T1055;T1486,D3-BAC;D3-BDR;D3-FA;D3-PM;D3-SAW;D3-UBA,Backup Access Control;Backup Data Recovery;File Analysis;Platform Monitoring;System Access Workflow;User Behavior Analysis
main_006335,935788d76ece641b8b999de9fe9b0f47ca30a8683a825dba98dc3cfad152d2fd,77862efd76591a786f99d400c0f97633e2bfb2bbd18b09dd6bf33ebe49f40f07,xmrig,1.0,High,5000000.0,5000000.0,T1027;T1055;T1059,D3-AL;D3-CR;D3-FA;D3-PM;D3-SAW;D3-UBA,Application Allowlisting;Command Restriction;File Analysis;Platform Monitoring;System Access Workflow;User Behavior Analysis
main_006336,9d125bbf735160cc58af2f4147d72cf48819e6a689deda18fd86ef11e321bb59,77862efd76591a786f99d400c0f97633e2bfb2bbd18b09dd6bf33ebe49f40f07,xmrig,1.0,High,5000000.0,5000000.0,T1027;T1055;T1059,D3-AL;D3-CR;D3-FA;D3-PM;D3-SAW;D3-UBA,Application Allowlisting;Command Restriction;File Analysis;Platform Monitoring;System Access Workflow;User Behavior Analysis
main_006337,a6fbca6702eeae0e15e9a18f6f1b021bb854ae248c87a26e22526887f06818e5,77862efd76591a786f99d400c0f97633e2bfb2bbd18b09dd6bf33ebe49f40f07,xmrig,0.9999999999979337,High,5000000.0,4999999.999989668,T1027;T1055;T1059,D3-AL;D3-CR;D3-FA;D3-PM;D3-SAW;D3-UBA,Application Allowlisting;Command Restriction;File Analysis;Platform Monitoring;System Access Workflow;User Behavior Analysis
main_006338,298fb61ac4ec255abe88c7f1060b6220687d17ea30d0404f683fd7bb3b424456,187f622dc0da983d25da3df0e452808a96dd8c64c24aace69bc339cfe47a165d,expiro,0.9999245973860104,High,5000000.0,4999622.986930052,T1027;T1055;T1486,D3-BAC;D3-BDR;D3-FA;D3-PM;D3-SAW;D3-UBA,Backup Access Control;Backup Data Recovery;File Analysis;Platform Monitoring;System Access Workflow;User Behavior Analysis
main_006339,6756b6ccec7a63135e101a30adf4bcfefdb490c53a8d101eb404e42c6f83a304,77862efd76591a786f99d400c0f97633e2bfb2bbd18b09dd6bf33ebe49f40f07,xmrig,1.0,High,5000000.0,5000000.0,T1027;T1055;T1059,D3-AL;D3-CR;D3-FA;D3-PM;D3-SAW;D3-UBA,Application Allowlisting;Command Restriction;File Analysis;Platform Monitoring;System Access Workflow;User Behavior Analysis
main_006341,1523558887ffeb843581e9be86059f3ef9a42af5de0f0023eb007e73e8588dbc,c8b999ec8614bd108b6640f976e6442afa74ef68f3436b132f6e6dfe4879fcad,grandoreiro,0.999999999997681,High,5000000.0,4999999.999988405,T1027;T1055;T1486,D3-BAC;D3-BDR;D3-FA;D3-PM;D3-SAW;D3-UBA,Backup Access Control;Backup Data Recovery;File Analysis;Platform Monitoring;System Access Workflow;User Behavior Analysis
main_006342,b24c2ffc080d400995359f6e99fb576b64553ee3a6b06c6596ee45c01d2c8db1,77862efd76591a786f99d400c0f97633e2bfb2bbd18b09dd6bf33ebe49f40f07,xmrig,0.9999999999999996,High,5000000.0,4999999.999999998,T1027;T1055;T1059,D3-AL;D3-CR;D3-FA;D3-PM;D3-SAW;D3-UBA,Application Allowlisting;Command Restriction;File Analysis;Platform Monitoring;System Access Workflow;User Behavior Analysis
main_006343,47ff48dcbac64af63575658d0d2d456c53cb1c0b9b15b850bc8e70b21bdeecb9,77862efd76591a786f99d400c0f97633e2bfb2bbd18b09dd6bf33ebe49f40f07,xmrig,1.0,High,5000000.0,5000000.0,T1027;T1055;T1059,D3-AL;D3-CR;D3-FA;D3-PM;D3-SAW;D3-UBA,Application Allowlisting;Command Restriction;File Analysis;Platform Monitoring;System Access Workflow;User Behavior Analysis
main_006344,01bc0b3d0f746801e3a786cc7d6004f6467d1f207b3a0d2f5106b8b64366995e,04d890b2e972a9c6984f3a55fbc6362903c44855434a3ed390b72b5cde0d1297,vindor,0.9999999999999996,High,5000000.0,4999999.999999998,T1027;T1055;T1486,D3-BAC;D3-BDR;D3-FA;D3-PM;D3-SAW;D3-UBA,Backup Access Control;Backup Data Recovery;File Analysis;Platform Monitoring;System Access Workflow;User Behavior Analysis
main_006345,fc7b619c3dc2724df8e4bed564c7ce118aca21e1b425f500ab6c941016ebe107,77862efd76591a786f99d400c0f97633e2bfb2bbd18b09dd6bf33ebe49f40f07,xmrig,0.9999999999999996,High,5000000.0,4999999.999999998,T1027;T1055;T1059,D3-AL;D3-CR;D3-FA;D3-PM;D3-SAW;D3-UBA,Application Allowlisting;Command Restriction;File Analysis;Platform Monitoring;System Access Workflow;User Behavior Analysis
main_006346,001fc159078d339b8ee36c62ed1377333f60ba073ebb39fe06dbaa97b6452b2b,77862efd76591a786f99d400c0f97633e2bfb2bbd18b09dd6bf33ebe49f40f07,xmrig,1.0,High,5000000.0,5000000.0,T1027;T1055;T1059,D3-AL;D3-CR;D3-FA;D3-PM;D3-SAW;D3-UBA,Application Allowlisting;Command Restriction;File Analysis;Platform Monitoring;System Access Workflow;User Behavior Analysis
main_006347,6823b83983a07134820bc88aac9d0403ec6c9236dacd8d402191f8a2b5a43a15,77862efd76591a786f99d400c0f97633e2bfb2bbd18b09dd6bf33ebe49f40f07,xmrig,0.9999999999999928,High,5000000.0,4999999.999999964,T1027;T1055;T1059,D3-AL;D3-CR;D3-FA;D3-PM;D3-SAW;D3-UBA,Application Allowlisting;Command Restriction;File Analysis;Platform Monitoring;System Access Workflow;User Behavior Analysis
main_006348,a105aad96d4ca00bf71671a4f37ef2865a152c4cb66ae2d3bcfc0a41f8352226,77862efd76591a786f99d400c0f97633e2bfb2bbd18b09dd6bf33ebe49f40f07,xmrig,1.0,High,5000000.0,5000000.0,T1027;T1055;T1059,D3-AL;D3-CR;D3-FA;D3-PM;D3-SAW;D3-UBA,Application Allowlisting;Command Restriction;File Analysis;Platform Monitoring;System Access Workflow;User Behavior Analysis
main_006349,7bab32f669fc175c681b25b22ec1cfc3f10a7778174260916e6541ece0bfa8b8,77862efd76591a786f99d400c0f97633e2bfb2bbd18b09dd6bf33ebe49f40f07,xmrig,1.0,High,5000000.0,5000000.0,T1027;T1055;T1059,D3-AL;D3-CR;D3-FA;D3-PM;D3-SAW;D3-UBA,Application Allowlisting;Command Restriction;File Analysis;Platform Monitoring;System Access Workflow;User Behavior Analysis
main_006350,0756bb4b4e09bf0b21cc683e96e3b8216bc8a57de45458a3a9026c2c7162582e,187f622dc0da983d25da3df0e452808a96dd8c64c24aace69bc339cfe47a165d,expiro,0.9999999846825248,High,5000000.0,4999999.923412624,T1027;T1055;T1486,D3-BAC;D3-BDR;D3-FA;D3-PM;D3-SAW;D3-UBA,Backup Access Control;Backup Data Recovery;File Analysis;Platform Monitoring;System Access Workflow;User Behavior Analysis
main_006351,13dd10f0be122fbca238a8e63c000ee3b0174d3cffe87d30bf35b888a85f90df,77862efd76591a786f99d400c0f97633e2bfb2bbd18b09dd6bf33ebe49f40f07,xmrig,0.9999999999999996,High,5000000.0,4999999.999999998,T1027;T1055;T1059,D3-AL;D3-CR;D3-FA;D3-PM;D3-SAW;D3-UBA,Application Allowlisting;Command Restriction;File Analysis;Platform Monitoring;System Access Workflow;User Behavior Analysis
main_006352,f8e387dcce86013c73274dc2f16dece778d006c5e5605789a6f200abc835fcf8,77862efd76591a786f99d400c0f97633e2bfb2bbd18b09dd6bf33ebe49f40f07,xmrig,1.0,High,5000000.0,5000000.0,T1027;T1055;T1059,D3-AL;D3-CR;D3-FA;D3-PM;D3-SAW;D3-UBA,Application Allowlisting;Command Restriction;File Analysis;Platform Monitoring;System Access Workflow;User Behavior Analysis
main_006353,73efa2ad2a09e123a8f605d182f2f868a582c9a605855119989b4a36e420a920,77862efd76591a786f99d400c0f97633e2bfb2bbd18b09dd6bf33ebe49f40f07,xmrig,1.0,High,5000000.0,5000000.0,T1027;T1055;T1059,D3-AL;D3-CR;D3-FA;D3-PM;D3-SAW;D3-UBA,Application Allowlisting;Command Restriction;File Analysis;Platform Monitoring;System Access Workflow;User Behavior Analysis
main_006354,ff34c68092a72ca7dc7935ced7001bf1f9e9cda3d134826e93fd35619ca71339,77862efd76591a786f99d400c0f97633e2bfb2bbd18b09dd6bf33ebe49f40f07,xmrig,1.0,High,5000000.0,5000000.0,T1027;T1055;T1059,D3-AL;D3-CR;D3-FA;D3-PM;D3-SAW;D3-UBA,Application Allowlisting;Command Restriction;File Analysis;Platform Monitoring;System Access Workflow;User Behavior Analysis
main_006355,91b8ae7ece47d458ca065ab256cc2b950264c419875a75c160aac1fba3aa699d,77862efd76591a786f99d400c0f97633e2bfb2bbd18b09dd6bf33ebe49f40f07,xmrig,1.0,High,5000000.0,5000000.0,T1027;T1055;T1059,D3-AL;D3-CR;D3-FA;D3-PM;D3-SAW;D3-UBA,Application Allowlisting;Command Restriction;File Analysis;Platform Monitoring;System Access Workflow;User Behavior Analysis
main_006356,b4f945a302a7fe4cf832e0764baea55cd61081d583e35d620a4e35735675b18c,77862efd76591a786f99d400c0f97633e2bfb2bbd18b09dd6bf33ebe49f40f07,xmrig,1.0,High,5000000.0,5000000.0,T1027;T1055;T1059,D3-AL;D3-CR;D3-FA;D3-PM;D3-SAW;D3-UBA,Application Allowlisting;Command Restriction;File Analysis;Platform Monitoring;System Access Workflow;User Behavior Analysis
main_006357,0a8062c28ac4f44aee27533f2a0854951c2410ee124e01e55c8b1b3b4789107f,77862efd76591a786f99d400c0f97633e2bfb2bbd18b09dd6bf33ebe49f40f07,xmrig,1.0,High,5000000.0,5000000.0,T1027;T1055;T1059,D3-AL;D3-CR;D3-FA;D3-PM;D3-SAW;D3-UBA,Application Allowlisting;Command Restriction;File Analysis;Platform Monitoring;System Access Workflow;User Behavior Analysis
main_006358,ec6360997190601e3bf435071fc831a623dc150790a3a84fbc42b876ee9ac5a5,77862efd76591a786f99d400c0f97633e2bfb2bbd18b09dd6bf33ebe49f40f07,xmrig,1.0,High,5000000.0,5000000.0,T1027;T1055;T1059,D3-AL;D3-CR;D3-FA;D3-PM;D3-SAW;D3-UBA,Application Allowlisting;Command Restriction;File Analysis;Platform Monitoring;System Access Workflow;User Behavior Analysis
main_006359,98d32438a3e9017f8315808c4f0faea1cf10a674c4b5e2a9c1fbcd080c74bc42,77862efd76591a786f99d400c0f97633e2bfb2bbd18b09dd6bf33ebe49f40f07,xmrig,1.0,High,5000000.0,5000000.0,T1027;T1055;T1059,D3-AL;D3-CR;D3-FA;D3-PM;D3-SAW;D3-UBA,Application Allowlisting;Command Restriction;File Analysis;Platform Monitoring;System Access Workflow;User Behavior Analysis
main_006361,0bf247da955e5d2ed78fe30389ce8a3d10e9792051f92c77e7a313c0dd7ac251,77862efd76591a786f99d400c0f97633e2bfb2bbd18b09dd6bf33ebe49f40f07,xmrig,0.9999999999999996,High,5000000.0,4999999.999999998,T1027;T1055;T1059,D3-AL;D3-CR;D3-FA;D3-PM;D3-SAW;D3-UBA,Application Allowlisting;Command Restriction;File Analysis;Platform Monitoring;System Access Workflow;User Behavior Analysis
main_006362,f0622950fbcf36c9ca3d158679de36c60994e5bb6730c3d27cb3c401d030fc33,b83ef675cc28b5b0387916e29e9ced4ef6c6d6ea4fcffdbc3b3b086e80167fce,berbew,0.9999999882569,High,5000000.0,4999999.9412845,T1027;T1055;T1486,D3-BAC;D3-BDR;D3-FA;D3-PM;D3-SAW;D3-UBA,Backup Access Control;Backup Data Recovery;File Analysis;Platform Monitoring;System Access Workflow;User Behavior Analysis
main_006363,0ddc64ed0e5699f518732da70e19d8c3ef0c8e4b8aa5007542d8565dc7f9e6b7,187f622dc0da983d25da3df0e452808a96dd8c64c24aace69bc339cfe47a165d,expiro,0.9999999999999696,High,5000000.0,4999999.999999848,T1027;T1055;T1486,D3-BAC;D3-BDR;D3-FA;D3-PM;D3-SAW;D3-UBA,Backup Access Control;Backup Data Recovery;File Analysis;Platform Monitoring;System Access Workflow;User Behavior Analysis
main_006365,ec812da7b60a02087f19406176c9011ff615e2739791fc38fd4ffba558c6ed80,b83ef675cc28b5b0387916e29e9ced4ef6c6d6ea4fcffdbc3b3b086e80167fce,berbew,0.9999999999972372,High,5000000.0,4999999.999986186,T1027;T1055;T1486,D3-BAC;D3-BDR;D3-FA;D3-PM;D3-SAW;D3-UBA,Backup Access Control;Backup Data Recovery;File Analysis;Platform Monitoring;System Access Workflow;User Behavior Analysis
main_006366,11eeed4ed9eae48be49890d3e2bcce2fd961cdcd537b90aca25e8b3b7bb25623,77862efd76591a786f99d400c0f97633e2bfb2bbd18b09dd6bf33ebe49f40f07,xmrig,1.0,High,5000000.0,5000000.0,T1027;T1055;T1059,D3-AL;D3-CR;D3-FA;D3-PM;D3-SAW;D3-UBA,Application Allowlisting;Command Restriction;File Analysis;Platform Monitoring;System Access Workflow;User Behavior Analysis
main_006367,aece44b0416f340f98be146d962f99ddeca2f7154fd648df24c3d5d72c311554,77862efd76591a786f99d400c0f97633e2bfb2bbd18b09dd6bf33ebe49f40f07,xmrig,1.0,High,5000000.0,5000000.0,T1027;T1055;T1059,D3-AL;D3-CR;D3-FA;D3-PM;D3-SAW;D3-UBA,Application Allowlisting;Command Restriction;File Analysis;Platform Monitoring;System Access Workflow;User Behavior Analysis
main_006368,1ba827b09f7ad19dae48a241609d5c461e3b6e2cff7f1057595b348c9bc97470,77862efd76591a786f99d400c0f97633e2bfb2bbd18b09dd6bf33ebe49f40f07,xmrig,1.0,High,5000000.0,5000000.0,T1027;T1055;T1059,D3-AL;D3-CR;D3-FA;D3-PM;D3-SAW;D3-UBA,Application Allowlisting;Command Restriction;File Analysis;Platform Monitoring;System Access Workflow;User Behavior Analysis
main_006371,23c6d11954a03dab60185e04cb01a2056a27367e5f06ceaac00e42c534c531ad,77862efd76591a786f99d400c0f97633e2bfb2bbd18b09dd6bf33ebe49f40f07,xmrig,1.0,High,5000000.0,5000000.0,T1027;T1055;T1059,D3-AL;D3-CR;D3-FA;D3-PM;D3-SAW;D3-UBA,Application Allowlisting;Command Restriction;File Analysis;Platform Monitoring;System Access Workflow;User Behavior Analysis
main_006372,085c25c547cd441bb4561336e3ea25af722bde86b31592ddc6f0ebcfaae23754,77862efd76591a786f99d400c0f97633e2bfb2bbd18b09dd6bf33ebe49f40f07,xmrig,1.0,High,5000000.0,5000000.0,T1027;T1055;T1059,D3-AL;D3-CR;D3-FA;D3-PM;D3-SAW;D3-UBA,Application Allowlisting;Command Restriction;File Analysis;Platform Monitoring;System Access Workflow;User Behavior Analysis
main_006373,97538fcfc328f5887e95ede4a3ad8007b0fbedb810c4cac467c3fb9df2173f02,77862efd76591a786f99d400c0f97633e2bfb2bbd18b09dd6bf33ebe49f40f07,xmrig,1.0,High,5000000.0,5000000.0,T1027;T1055;T1059,D3-AL;D3-CR;D3-FA;D3-PM;D3-SAW;D3-UBA,Application Allowlisting;Command Restriction;File Analysis;Platform Monitoring;System Access Workflow;User Behavior Analysis
main_006374,96dc826d0eab8976ad19f45a08bb408b95ba638a8ed38635922c09fa68047821,77862efd76591a786f99d400c0f97633e2bfb2bbd18b09dd6bf33ebe49f40f07,xmrig,1.0,High,5000000.0,5000000.0,T1027;T1055;T1059,D3-AL;D3-CR;D3-FA;D3-PM;D3-SAW;D3-UBA,Application Allowlisting;Command Restriction;File Analysis;Platform Monitoring;System Access Workflow;User Behavior Analysis
main_006376,19fc8a36ec31702379c65265157963c02373408e472f7144d4fa16493beb94b4,77862efd76591a786f99d400c0f97633e2bfb2bbd18b09dd6bf33ebe49f40f07,xmrig,1.0,High,5000000.0,5000000.0,T1027;T1055;T1059,D3-AL;D3-CR;D3-FA;D3-PM;D3-SAW;D3-UBA,Application Allowlisting;Command Restriction;File Analysis;Platform Monitoring;System Access Workflow;User Behavior Analysis
main_006377,ef73ebaca79a23c76e91379923daf8f1d9023ce81ea4d4a1f5f366227c149f39,77862efd76591a786f99d400c0f97633e2bfb2bbd18b09dd6bf33ebe49f40f07,xmrig,0.999999999995149,High,5000000.0,4999999.999975745,T1027;T1055;T1059,D3-AL;D3-CR;D3-FA;D3-PM;D3-SAW;D3-UBA,Application Allowlisting;Command Restriction;File Analysis;Platform Monitoring;System Access Workflow;User Behavior Analysis
main_006378,4c20c9ed3dc19d3bb484068e397bca6a08132fb4dabaf0c881e377d16cc7bf7e,77862efd76591a786f99d400c0f97633e2bfb2bbd18b09dd6bf33ebe49f40f07,xmrig,1.0,High,5000000.0,5000000.0,T1027;T1055;T1059,D3-AL;D3-CR;D3-FA;D3-PM;D3-SAW;D3-UBA,Application Allowlisting;Command Restriction;File Analysis;Platform Monitoring;System Access Workflow;User Behavior Analysis
main_006379,0c37f87922b3f7c2b4b1fd34f581bfd4eb3e619da78c096b7a20d4a0cbd38897,77862efd76591a786f99d400c0f97633e2bfb2bbd18b09dd6bf33ebe49f40f07,xmrig,1.0,High,5000000.0,5000000.0,T1027;T1055;T1059,D3-AL;D3-CR;D3-FA;D3-PM;D3-SAW;D3-UBA,Application Allowlisting;Command Restriction;File Analysis;Platform Monitoring;System Access Workflow;User Behavior Analysis
main_006380,8f858c61ede68c64f8cf786a1cbbd0f1820b66187ef4b2dc1387b91586a8ad06,c48346bb37a583087929a55bb12086e961175a656e68659f14a4afcdb2fe9cc6,doenerium,0.9999923926320464,High,5000000.0,4999961.963160232,T1027;T1055;T1486,D3-BAC;D3-BDR;D3-FA;D3-PM;D3-SAW;D3-UBA,Backup Access Control;Backup Data Recovery;File Analysis;Platform Monitoring;System Access Workflow;User Behavior Analysis
main_006381,5d596c0af8a4b80cbc0c2f317546e4678aac35312d442d3f0221a7147cc4b621,b83ef675cc28b5b0387916e29e9ced4ef6c6d6ea4fcffdbc3b3b086e80167fce,berbew,0.9999999999997936,High,5000000.0,4999999.999998968,T1027;T1055;T1486,D3-BAC;D3-BDR;D3-FA;D3-PM;D3-SAW;D3-UBA,Backup Access Control;Backup Data Recovery;File Analysis;Platform Monitoring;System Access Workflow;User Behavior Analysis
main_006382,720071269de6a71250e604a92200f250b488d257386e652c223de3b20d37dea7,b83ef675cc28b5b0387916e29e9ced4ef6c6d6ea4fcffdbc3b3b086e80167fce,berbew,0.999999991791602,High,5000000.0,4999999.95895801,T1027;T1055;T1486,D3-BAC;D3-BDR;D3-FA;D3-PM;D3-SAW;D3-UBA,Backup Access Control;Backup Data Recovery;File Analysis;Platform Monitoring;System Access Workflow;User Behavior Analysis
main_006383,03b86696bac8a03d9e4e9a8082ce16ef615bfff11f7c1ab16d4cfdf16d250b74,c61f9dbf4af88faf1552da707a9ba3d86a76deee0ff1e082e6a9c784274920d6,ulise,0.9999921087718422,High,5000000.0,4999960.543859211,T1027;T1055;T1486,D3-BAC;D3-BDR;D3-FA;D3-PM;D3-SAW;D3-UBA,Backup Access Control;Backup Data Recovery;File Analysis;Platform Monitoring;System Access Workflow;User Behavior Analysis
main_006385,ae88e0e3aa1fee90d109dcd7686a7c8450a361654788e7e757ac1114f58189e6,77862efd76591a786f99d400c0f97633e2bfb2bbd18b09dd6bf33ebe49f40f07,xmrig,1.0,High,5000000.0,5000000.0,T1027;T1055;T1059,D3-AL;D3-CR;D3-FA;D3-PM;D3-SAW;D3-UBA,Application Allowlisting;Command Restriction;File Analysis;Platform Monitoring;System Access Workflow;User Behavior Analysis
main_006387,4c7c9c9fb5d650823f6b845ad0c4790c0a05bed03418f3f66de74dfde85bc75e,77862efd76591a786f99d400c0f97633e2bfb2bbd18b09dd6bf33ebe49f40f07,xmrig,1.0,High,5000000.0,5000000.0,T1027;T1055;T1059,D3-AL;D3-CR;D3-FA;D3-PM;D3-SAW;D3-UBA,Application Allowlisting;Command Restriction;File Analysis;Platform Monitoring;System Access Workflow;User Behavior Analysis
main_006388,42e384d4711d33a438e1721ad984aadb35b06fe2420fe777841606a06004644f,77862efd76591a786f99d400c0f97633e2bfb2bbd18b09dd6bf33ebe49f40f07,xmrig,1.0,High,5000000.0,5000000.0,T1027;T1055;T1059,D3-AL;D3-CR;D3-FA;D3-PM;D3-SAW;D3-UBA,Application Allowlisting;Command Restriction;File Analysis;Platform Monitoring;System Access Workflow;User Behavior Analysis
main_006389,082d3859e036e764398a63046cf2efe9e422dafbe15724a4c44029928658c4f6,77862efd76591a786f99d400c0f97633e2bfb2bbd18b09dd6bf33ebe49f40f07,xmrig,0.9999999999999865,High,5000000.0,4999999.999999932,T1027;T1055;T1059,D3-AL;D3-CR;D3-FA;D3-PM;D3-SAW;D3-UBA,Application Allowlisting;Command Restriction;File Analysis;Platform Monitoring;System Access Workflow;User Behavior Analysis
main_006390,4c002dbbd1876e5942c75f970fd51b8c6f75ad21a79d7bb1419b2ff92b798dcd,77862efd76591a786f99d400c0f97633e2bfb2bbd18b09dd6bf33ebe49f40f07,xmrig,1.0,High,5000000.0,5000000.0,T1027;T1055;T1059,D3-AL;D3-CR;D3-FA;D3-PM;D3-SAW;D3-UBA,Application Allowlisting;Command Restriction;File Analysis;Platform Monitoring;System Access Workflow;User Behavior Analysis
main_006391,ac56bd67d3cf54e30af503705d3fb7145c14de282fb39b1655d8608391cb01e0,b83ef675cc28b5b0387916e29e9ced4ef6c6d6ea4fcffdbc3b3b086e80167fce,berbew,0.9999999999999654,High,5000000.0,4999999.999999827,T1027;T1055;T1486,D3-BAC;D3-BDR;D3-FA;D3-PM;D3-SAW;D3-UBA,Backup Access Control;Backup Data Recovery;File Analysis;Platform Monitoring;System Access Workflow;User Behavior Analysis
main_006394,74dd0528cf4e28acd8c285879819e28b611b9c9d2370c54d09c51ad2a4a06b9c,77862efd76591a786f99d400c0f97633e2bfb2bbd18b09dd6bf33ebe49f40f07,xmrig,1.0,High,5000000.0,5000000.0,T1027;T1055;T1059,D3-AL;D3-CR;D3-FA;D3-PM;D3-SAW;D3-UBA,Application Allowlisting;Command Restriction;File Analysis;Platform Monitoring;System Access Workflow;User Behavior Analysis
main_006395,4f6f806556ed499fee28e85ae05fba6438e1f7709b9041251f67e8cb1e6dcdfd,187f622dc0da983d25da3df0e452808a96dd8c64c24aace69bc339cfe47a165d,expiro,0.9999999979117772,High,5000000.0,4999999.989558886,T1027;T1055;T1486,D3-BAC;D3-BDR;D3-FA;D3-PM;D3-SAW;D3-UBA,Backup Access Control;Backup Data Recovery;File Analysis;Platform Monitoring;System Access Workflow;User Behavior Analysis
main_006397,c736d777f3e54984d841ced889ec454b00c5a37bb1784eff10feeb25f8eafd31,77862efd76591a786f99d400c0f97633e2bfb2bbd18b09dd6bf33ebe49f40f07,xmrig,1.0,High,5000000.0,5000000.0,T1027;T1055;T1059,D3-AL;D3-CR;D3-FA;D3-PM;D3-SAW;D3-UBA,Application Allowlisting;Command Restriction;File Analysis;Platform Monitoring;System Access Workflow;User Behavior Analysis
main_006398,3970d435de0378f87b5b1975adab72184afe501622416de47e22cfeb38d5afef,77862efd76591a786f99d400c0f97633e2bfb2bbd18b09dd6bf33ebe49f40f07,xmrig,1.0,High,5000000.0,5000000.0,T1027;T1055;T1059,D3-AL;D3-CR;D3-FA;D3-PM;D3-SAW;D3-UBA,Application Allowlisting;Command Restriction;File Analysis;Platform Monitoring;System Access Workflow;User Behavior Analysis
main_006399,7330c56609d868afd1526fffe82a5685e838fbdb5f22b80b5d4a26b133804642,77862efd76591a786f99d400c0f97633e2bfb2bbd18b09dd6bf33ebe49f40f07,xmrig,1.0,High,5000000.0,5000000.0,T1027;T1055;T1059,D3-AL;D3-CR;D3-FA;D3-PM;D3-SAW;D3-UBA,Application Allowlisting;Command Restriction;File Analysis;Platform Monitoring;System Access Workflow;User Behavior Analysis
main_006400,34e2ae64edfa311d2a4cdb76a7bae0f1d3163de6c6378b379a36d6dccad18524,77862efd76591a786f99d400c0f97633e2bfb2bbd18b09dd6bf33ebe49f40f07,xmrig,1.0,High,5000000.0,5000000.0,T1027;T1055;T1059,D3-AL;D3-CR;D3-FA;D3-PM;D3-SAW;D3-UBA,Application Allowlisting;Command Restriction;File Analysis;Platform Monitoring;System Access Workflow;User Behavior Analysis
main_006401,a63f31f05d96ce2fc3ddd8ca5543b928a5bae3073cfefb5db21186f7546c44e9,acfd227c9e2a637ba527343252a51d6cbf588451f0194210216eeda06e834e95,banload,0.9999999999999998,High,5000000.0,4999999.999999999,T1027;T1055;T1486,D3-BAC;D3-BDR;D3-FA;D3-PM;D3-SAW;D3-UBA,Backup Access Control;Backup Data Recovery;File Analysis;Platform Monitoring;System Access Workflow;User Behavior Analysis
main_006415,48d38c7f23de91c935f7b31addf1f82c9f7ffd8bdf7c46220a27383ec6a4c220,77862efd76591a786f99d400c0f97633e2bfb2bbd18b09dd6bf33ebe49f40f07,xmrig,1.0,High,5000000.0,5000000.0,T1027;T1055;T1059,D3-AL;D3-CR;D3-FA;D3-PM;D3-SAW;D3-UBA,Application Allowlisting;Command Restriction;File Analysis;Platform Monitoring;System Access Workflow;User Behavior Analysis
main_006438,72e56e5e7ee403876dbac5ae4cd5aa3100d2f4dd92dc71ca711cb5633b04f7b8,77862efd76591a786f99d400c0f97633e2bfb2bbd18b09dd6bf33ebe49f40f07,xmrig,1.0,High,5000000.0,5000000.0,T1027;T1055;T1059,D3-AL;D3-CR;D3-FA;D3-PM;D3-SAW;D3-UBA,Application Allowlisting;Command Restriction;File Analysis;Platform Monitoring;System Access Workflow;User Behavior Analysis
main_006440,66a51cc8f92d48b29b9fcbefa4b57fdd13280f5d6bb98010b977527a36ba38c9,77862efd76591a786f99d400c0f97633e2bfb2bbd18b09dd6bf33ebe49f40f07,xmrig,1.0,High,5000000.0,5000000.0,T1027;T1055;T1059,D3-AL;D3-CR;D3-FA;D3-PM;D3-SAW;D3-UBA,Application Allowlisting;Command Restriction;File Analysis;Platform Monitoring;System Access Workflow;User Behavior Analysis
main_006441,21f5308f1d3816a246b748bc85818144c177f783c2af9276d0db7960b37b3f30,77862efd76591a786f99d400c0f97633e2bfb2bbd18b09dd6bf33ebe49f40f07,xmrig,1.0,High,5000000.0,5000000.0,T1027;T1055;T1059,D3-AL;D3-CR;D3-FA;D3-PM;D3-SAW;D3-UBA,Application Allowlisting;Command Restriction;File Analysis;Platform Monitoring;System Access Workflow;User Behavior Analysis
main_006445,b4e15028353a2d6eea07c46a354b9a8649056632bc57cdd0521e5cc09092a35c,77862efd76591a786f99d400c0f97633e2bfb2bbd18b09dd6bf33ebe49f40f07,xmrig,1.0,High,5000000.0,5000000.0,T1027;T1055;T1059,D3-AL;D3-CR;D3-FA;D3-PM;D3-SAW;D3-UBA,Application Allowlisting;Command Restriction;File Analysis;Platform Monitoring;System Access Workflow;User Behavior Analysis
main_006448,1ce8be32cf1ae3f70155e9b483fe2eb4d0fcf7dc27507b1df1b7ad20390d7622,77862efd76591a786f99d400c0f97633e2bfb2bbd18b09dd6bf33ebe49f40f07,xmrig,1.0,High,5000000.0,5000000.0,T1027;T1055;T1059,D3-AL;D3-CR;D3-FA;D3-PM;D3-SAW;D3-UBA,Application Allowlisting;Command Restriction;File Analysis;Platform Monitoring;System Access Workflow;User Behavior Analysis
main_006449,2e61fdce65d2caf5bc24a911e2e92cb201ba74def199e625d26be1211206a893,77862efd76591a786f99d400c0f97633e2bfb2bbd18b09dd6bf33ebe49f40f07,xmrig,1.0,High,5000000.0,5000000.0,T1027;T1055;T1059,D3-AL;D3-CR;D3-FA;D3-PM;D3-SAW;D3-UBA,Application Allowlisting;Command Restriction;File Analysis;Platform Monitoring;System Access Workflow;User Behavior Analysis
main_006451,0080d70c74db5da5df2204b695beffbc1a2a96156c6f15171f8758c0786d9d33,77862efd76591a786f99d400c0f97633e2bfb2bbd18b09dd6bf33ebe49f40f07,xmrig,1.0,High,5000000.0,5000000.0,T1027;T1055;T1059,D3-AL;D3-CR;D3-FA;D3-PM;D3-SAW;D3-UBA,Application Allowlisting;Command Restriction;File Analysis;Platform Monitoring;System Access Workflow;User Behavior Analysis
main_006456,368a98d3b63ded1c9bbb1a4279f976a3af81065fa46bba8edef161597a1f0655,187f622dc0da983d25da3df0e452808a96dd8c64c24aace69bc339cfe47a165d,expiro,0.9999999999999972,High,5000000.0,4999999.999999986,T1027;T1055;T1486,D3-BAC;D3-BDR;D3-FA;D3-PM;D3-SAW;D3-UBA,Backup Access Control;Backup Data Recovery;File Analysis;Platform Monitoring;System Access Workflow;User Behavior Analysis
main_006459,386e771f6f4d59189e7f152fe471acd09a4f534b7c90b35b84910061bee03f1e,77862efd76591a786f99d400c0f97633e2bfb2bbd18b09dd6bf33ebe49f40f07,xmrig,1.0,High,5000000.0,5000000.0,T1027;T1055;T1059,D3-AL;D3-CR;D3-FA;D3-PM;D3-SAW;D3-UBA,Application Allowlisting;Command Restriction;File Analysis;Platform Monitoring;System Access Workflow;User Behavior Analysis
main_006460,a4f8d7b502f9bb73e0b9e645efe73af0d2afd4b97f096909c145ad9e84ce4c8a,3cc62d621b50887019d45b3b35ccfae1ba711bb481ce64fab07e2f02ae2f6e21,lotok,0.99999308368228,High,5000000.0,4999965.4184114,T1027;T1055;T1486,D3-BAC;D3-BDR;D3-FA;D3-PM;D3-SAW;D3-UBA,Backup Access Control;Backup Data Recovery;File Analysis;Platform Monitoring;System Access Workflow;User Behavior Analysis
main_006461,0c595245da416273655a1b2f1c3225ccbb6258563ed62eab8531e5c661bf2e72,77862efd76591a786f99d400c0f97633e2bfb2bbd18b09dd6bf33ebe49f40f07,xmrig,0.9999999999999996,High,5000000.0,4999999.999999998,T1027;T1055;T1059,D3-AL;D3-CR;D3-FA;D3-PM;D3-SAW;D3-UBA,Application Allowlisting;Command Restriction;File Analysis;Platform Monitoring;System Access Workflow;User Behavior Analysis
main_006462,8f1af65ed703c3f9d3b171832c17542ebc84027fa868ffba3643ddab6856cc61,acfd227c9e2a637ba527343252a51d6cbf588451f0194210216eeda06e834e95,banload,0.9999999999999998,High,5000000.0,4999999.999999999,T1027;T1055;T1486,D3-BAC;D3-BDR;D3-FA;D3-PM;D3-SAW;D3-UBA,Backup Access Control;Backup Data Recovery;File Analysis;Platform Monitoring;System Access Workflow;User Behavior Analysis
main_006465,92361950807f1e15e45320789fe4eec23b0600460bb29f4e00a6ae599079f5ef,77862efd76591a786f99d400c0f97633e2bfb2bbd18b09dd6bf33ebe49f40f07,xmrig,0.9999999772391124,High,5000000.0,4999999.886195562,T1027;T1055;T1059,D3-AL;D3-CR;D3-FA;D3-PM;D3-SAW;D3-UBA,Application Allowlisting;Command Restriction;File Analysis;Platform Monitoring;System Access Workflow;User Behavior Analysis
main_006466,4d9b12a704f61ccd52051e764a7d07ccdb99a8db83569fe4ab15ecddcf63a7a5,b83ef675cc28b5b0387916e29e9ced4ef6c6d6ea4fcffdbc3b3b086e80167fce,berbew,0.999999999996156,High,5000000.0,4999999.999980779,T1027;T1055;T1486,D3-BAC;D3-BDR;D3-FA;D3-PM;D3-SAW;D3-UBA,Backup Access Control;Backup Data Recovery;File Analysis;Platform Monitoring;System Access Workflow;User Behavior Analysis
main_006467,950d0c97b1e2622a73cffaaef28fa280dca5b4b38553881b7b114b1610fbaf05,77862efd76591a786f99d400c0f97633e2bfb2bbd18b09dd6bf33ebe49f40f07,xmrig,1.0,High,5000000.0,5000000.0,T1027;T1055;T1059,D3-AL;D3-CR;D3-FA;D3-PM;D3-SAW;D3-UBA,Application Allowlisting;Command Restriction;File Analysis;Platform Monitoring;System Access Workflow;User Behavior Analysis
main_006468,db88a46d5c97e05e3ba12370f4126e4c0b3ba0d60d5bab513003eb4a70f79dd0,77862efd76591a786f99d400c0f97633e2bfb2bbd18b09dd6bf33ebe49f40f07,xmrig,1.0,High,5000000.0,5000000.0,T1027;T1055;T1059,D3-AL;D3-CR;D3-FA;D3-PM;D3-SAW;D3-UBA,Application Allowlisting;Command Restriction;File Analysis;Platform Monitoring;System Access Workflow;User Behavior Analysis
main_006469,f8872598832dbe3aca7f5de3b59803eacc59cefbdc608c9e15ae96558aef26dc,77862efd76591a786f99d400c0f97633e2bfb2bbd18b09dd6bf33ebe49f40f07,xmrig,1.0,High,5000000.0,5000000.0,T1027;T1055;T1059,D3-AL;D3-CR;D3-FA;D3-PM;D3-SAW;D3-UBA,Application Allowlisting;Command Restriction;File Analysis;Platform Monitoring;System Access Workflow;User Behavior Analysis
main_006470,d1c89baf345d96c71150f913d1225173bcf6e03e1780b82feae10e77bbb3d6cb,b83ef675cc28b5b0387916e29e9ced4ef6c6d6ea4fcffdbc3b3b086e80167fce,berbew,0.9999999999841664,High,5000000.0,4999999.999920832,T1027;T1055;T1486,D3-BAC;D3-BDR;D3-FA;D3-PM;D3-SAW;D3-UBA,Backup Access Control;Backup Data Recovery;File Analysis;Platform Monitoring;System Access Workflow;User Behavior Analysis
main_006473,52db4c6ad361131a9776322921187d99cde8b6f80144d68cd7760f3f4754f773,77862efd76591a786f99d400c0f97633e2bfb2bbd18b09dd6bf33ebe49f40f07,xmrig,0.9999961986001852,High,5000000.0,4999980.9930009255,T1027;T1055;T1059,D3-AL;D3-CR;D3-FA;D3-PM;D3-SAW;D3-UBA,Application Allowlisting;Command Restriction;File Analysis;Platform Monitoring;System Access Workflow;User Behavior Analysis
main_006475,578c5c950ee1554cbaf40bce129ee7e8090942c79f44bfb550d8200d0b6d5691,77862efd76591a786f99d400c0f97633e2bfb2bbd18b09dd6bf33ebe49f40f07,xmrig,0.9999999999999998,High,5000000.0,4999999.999999999,T1027;T1055;T1059,D3-AL;D3-CR;D3-FA;D3-PM;D3-SAW;D3-UBA,Application Allowlisting;Command Restriction;File Analysis;Platform Monitoring;System Access Workflow;User Behavior Analysis
main_006476,dc17b38ec687e49d33c484a7ee88be18122ee81b2e52ca5db00899dfd6a8e7f1,77862efd76591a786f99d400c0f97633e2bfb2bbd18b09dd6bf33ebe49f40f07,xmrig,1.0,High,5000000.0,5000000.0,T1027;T1055;T1059,D3-AL;D3-CR;D3-FA;D3-PM;D3-SAW;D3-UBA,Application Allowlisting;Command Restriction;File Analysis;Platform Monitoring;System Access Workflow;User Behavior Analysis
main_006480,9cf952bdd547118964c94007f350d121f311799d4c8e7e1b092b5ef16050fad8,b83ef675cc28b5b0387916e29e9ced4ef6c6d6ea4fcffdbc3b3b086e80167fce,berbew,0.9999999999928232,High,5000000.0,4999999.999964116,T1027;T1055;T1486,D3-BAC;D3-BDR;D3-FA;D3-PM;D3-SAW;D3-UBA,Backup Access Control;Backup Data Recovery;File Analysis;Platform Monitoring;System Access Workflow;User Behavior Analysis
main_006481,2f204af6d4f3b8e0dee3840de47c1cfc1a016a4f20f2ad0ffe877e4238c0b0fb,77862efd76591a786f99d400c0f97633e2bfb2bbd18b09dd6bf33ebe49f40f07,xmrig,1.0,High,5000000.0,5000000.0,T1027;T1055;T1059,D3-AL;D3-CR;D3-FA;D3-PM;D3-SAW;D3-UBA,Application Allowlisting;Command Restriction;File Analysis;Platform Monitoring;System Access Workflow;User Behavior Analysis
main_006483,bc5f6c6b757d67b6817a93a39cd8c34ab641b95047643db6c563034f4b6a29ee,b83ef675cc28b5b0387916e29e9ced4ef6c6d6ea4fcffdbc3b3b086e80167fce,berbew,0.9999999933213222,High,5000000.0,4999999.96660661,T1027;T1055;T1486,D3-BAC;D3-BDR;D3-FA;D3-PM;D3-SAW;D3-UBA,Backup Access Control;Backup Data Recovery;File Analysis;Platform Monitoring;System Access Workflow;User Behavior Analysis
main_006484,c8f4b0c5e60c7c0f677fc349abb8c7754acd4f784640fc7c93d01b51156ef14b,b83ef675cc28b5b0387916e29e9ced4ef6c6d6ea4fcffdbc3b3b086e80167fce,berbew,0.9999999999977398,High,5000000.0,4999999.999988699,T1027;T1055;T1486,D3-BAC;D3-BDR;D3-FA;D3-PM;D3-SAW;D3-UBA,Backup Access Control;Backup Data Recovery;File Analysis;Platform Monitoring;System Access Workflow;User Behavior Analysis
main_006485,35bb49d725c257c585bf2d4ff7916aea70fb922e2a42bdec1004e0483b14afd5,77862efd76591a786f99d400c0f97633e2bfb2bbd18b09dd6bf33ebe49f40f07,xmrig,1.0,High,5000000.0,5000000.0,T1027;T1055;T1059,D3-AL;D3-CR;D3-FA;D3-PM;D3-SAW;D3-UBA,Application Allowlisting;Command Restriction;File Analysis;Platform Monitoring;System Access Workflow;User Behavior Analysis
main_006486,6da63f7869d7d13de47b3fb7418b98ee325a8cdf5e4544bdf2f7bb053173893f,77862efd76591a786f99d400c0f97633e2bfb2bbd18b09dd6bf33ebe49f40f07,xmrig,1.0,High,5000000.0,5000000.0,T1027;T1055;T1059,D3-AL;D3-CR;D3-FA;D3-PM;D3-SAW;D3-UBA,Application Allowlisting;Command Restriction;File Analysis;Platform Monitoring;System Access Workflow;User Behavior Analysis
main_006487,cc800e789529e87b24b23bfe398aec771ac1c528a069d07bd1bdc71881c8ccb2,77862efd76591a786f99d400c0f97633e2bfb2bbd18b09dd6bf33ebe49f40f07,xmrig,1.0,High,5000000.0,5000000.0,T1027;T1055;T1059,D3-AL;D3-CR;D3-FA;D3-PM;D3-SAW;D3-UBA,Application Allowlisting;Command Restriction;File Analysis;Platform Monitoring;System Access Workflow;User Behavior Analysis
main_006490,1588d2c698f3e74690f97a22e5e43db110fc67c29ba9295c4626a9dc3f028422,77862efd76591a786f99d400c0f97633e2bfb2bbd18b09dd6bf33ebe49f40f07,xmrig,1.0,High,5000000.0,5000000.0,T1027;T1055;T1059,D3-AL;D3-CR;D3-FA;D3-PM;D3-SAW;D3-UBA,Application Allowlisting;Command Restriction;File Analysis;Platform Monitoring;System Access Workflow;User Behavior Analysis
main_006491,8892a191455d4297429273d2d334032e1eb90a3b5a33dc37b36024210ca20f4a,77862efd76591a786f99d400c0f97633e2bfb2bbd18b09dd6bf33ebe49f40f07,xmrig,0.9999999999999992,High,5000000.0,4999999.999999996,T1027;T1055;T1059,D3-AL;D3-CR;D3-FA;D3-PM;D3-SAW;D3-UBA,Application Allowlisting;Command Restriction;File Analysis;Platform Monitoring;System Access Workflow;User Behavior Analysis
main_006493,5ef8ecf57655f89088f4c1c62dbfc3dfc1cbafadaaaffc7b2dc9801daf850982,77862efd76591a786f99d400c0f97633e2bfb2bbd18b09dd6bf33ebe49f40f07,xmrig,1.0,High,5000000.0,5000000.0,T1027;T1055;T1059,D3-AL;D3-CR;D3-FA;D3-PM;D3-SAW;D3-UBA,Application Allowlisting;Command Restriction;File Analysis;Platform Monitoring;System Access Workflow;User Behavior Analysis
main_006494,d5d8682e2bf3bbc7366bdcdb2cbd1ca24768cf2113f56240d57ff8124e391e51,77862efd76591a786f99d400c0f97633e2bfb2bbd18b09dd6bf33ebe49f40f07,xmrig,0.9999999999999996,High,5000000.0,4999999.999999998,T1027;T1055;T1059,D3-AL;D3-CR;D3-FA;D3-PM;D3-SAW;D3-UBA,Application Allowlisting;Command Restriction;File Analysis;Platform Monitoring;System Access Workflow;User Behavior Analysis
main_006495,c18dd935c69f17db54df52864038ebb67d639798249dfcfb4645e4d5abb962e5,77862efd76591a786f99d400c0f97633e2bfb2bbd18b09dd6bf33ebe49f40f07,xmrig,1.0,High,5000000.0,5000000.0,T1027;T1055;T1059,D3-AL;D3-CR;D3-FA;D3-PM;D3-SAW;D3-UBA,Application Allowlisting;Command Restriction;File Analysis;Platform Monitoring;System Access Workflow;User Behavior Analysis
main_006497,23ea91b33935ebe736b88b7e26dca45d0d0921f245adca15b2cffac2d5ad392e,77862efd76591a786f99d400c0f97633e2bfb2bbd18b09dd6bf33ebe49f40f07,xmrig,1.0,High,5000000.0,5000000.0,T1027;T1055;T1059,D3-AL;D3-CR;D3-FA;D3-PM;D3-SAW;D3-UBA,Application Allowlisting;Command Restriction;File Analysis;Platform Monitoring;System Access Workflow;User Behavior Analysis
main_006498,25bcdb5f2689140910840c20927f43f6de3a5e0890f558688d599d60c1024220,77862efd76591a786f99d400c0f97633e2bfb2bbd18b09dd6bf33ebe49f40f07,xmrig,1.0,High,5000000.0,5000000.0,T1027;T1055;T1059,D3-AL;D3-CR;D3-FA;D3-PM;D3-SAW;D3-UBA,Application Allowlisting;Command Restriction;File Analysis;Platform Monitoring;System Access Workflow;User Behavior Analysis
main_006499,5e4d8880447a69c78755268b55d84123c589500e71402b6668cbb0add7765c4f,77862efd76591a786f99d400c0f97633e2bfb2bbd18b09dd6bf33ebe49f40f07,xmrig,1.0,High,5000000.0,5000000.0,T1027;T1055;T1059,D3-AL;D3-CR;D3-FA;D3-PM;D3-SAW;D3-UBA,Application Allowlisting;Command Restriction;File Analysis;Platform Monitoring;System Access Workflow;User Behavior Analysis
main_006502,3e901d52297a7e1e06b746604d00dd97c70143f704c70f05caa98ec7b5b7d2c3,ca6ac6af66c22d8acdd6e42a00a9a21a24a37e3fa6a018662fb6dbaabfe7a96d,metasploit,0.99999999999955,High,5000000.0,4999999.99999775,T1027;T1055;T1486,D3-BAC;D3-BDR;D3-FA;D3-PM;D3-SAW;D3-UBA,Backup Access Control;Backup Data Recovery;File Analysis;Platform Monitoring;System Access Workflow;User Behavior Analysis
main_006511,1818549567b6d6bcbad27896952f8f3fcdcb7e60f85e0ba8ef55aab99fd02b13,58bb064ce0f0721aab7e4b4285f49e318ee801ab658d49dcfff305df630cc5c9,bedep,0.9999999999992462,High,5000000.0,4999999.999996231,T1027;T1055;T1486,D3-BAC;D3-BDR;D3-FA;D3-PM;D3-SAW;D3-UBA,Backup Access Control;Backup Data Recovery;File Analysis;Platform Monitoring;System Access Workflow;User Behavior Analysis
main_006512,99453f31f81c52a2c9552bd4856201b60d3a04f46ce5e28c63e961a9032461ab,77862efd76591a786f99d400c0f97633e2bfb2bbd18b09dd6bf33ebe49f40f07,xmrig,1.0,High,5000000.0,5000000.0,T1027;T1055;T1059,D3-AL;D3-CR;D3-FA;D3-PM;D3-SAW;D3-UBA,Application Allowlisting;Command Restriction;File Analysis;Platform Monitoring;System Access Workflow;User Behavior Analysis
main_006514,c9f953c98b05b842412796b66418f2ec5165793ba20a340663f2341b13444b7d,04d890b2e972a9c6984f3a55fbc6362903c44855434a3ed390b72b5cde0d1297,vindor,0.9999999999999996,High,5000000.0,4999999.999999998,T1027;T1055;T1486,D3-BAC;D3-BDR;D3-FA;D3-PM;D3-SAW;D3-UBA,Backup Access Control;Backup Data Recovery;File Analysis;Platform Monitoring;System Access Workflow;User Behavior Analysis
main_006515,37247c116da2b57a4d91e729efcb3abf7d1dd203e8512499fa4380d98b016852,77862efd76591a786f99d400c0f97633e2bfb2bbd18b09dd6bf33ebe49f40f07,xmrig,0.9999999999999998,High,5000000.0,4999999.999999999,T1027;T1055;T1059,D3-AL;D3-CR;D3-FA;D3-PM;D3-SAW;D3-UBA,Application Allowlisting;Command Restriction;File Analysis;Platform Monitoring;System Access Workflow;User Behavior Analysis
main_006516,7cdbe38c96ce9f793485e7bfbdae06e3916469ce3d9d73d486733d5df473672d,77862efd76591a786f99d400c0f97633e2bfb2bbd18b09dd6bf33ebe49f40f07,xmrig,1.0,High,5000000.0,5000000.0,T1027;T1055;T1059,D3-AL;D3-CR;D3-FA;D3-PM;D3-SAW;D3-UBA,Application Allowlisting;Command Restriction;File Analysis;Platform Monitoring;System Access Workflow;User Behavior Analysis
main_006517,668f0fb503d1f9fd7b012073b4b1a85885577e7e23ccffa29bda9a8fdef48cf7,77862efd76591a786f99d400c0f97633e2bfb2bbd18b09dd6bf33ebe49f40f07,xmrig,1.0,High,5000000.0,5000000.0,T1027;T1055;T1059,D3-AL;D3-CR;D3-FA;D3-PM;D3-SAW;D3-UBA,Application Allowlisting;Command Restriction;File Analysis;Platform Monitoring;System Access Workflow;User Behavior Analysis
main_006519,a72a5a98134ab741c32f2c902cde2cff788e63f609b62feefd8c70baadb05cdb,77862efd76591a786f99d400c0f97633e2bfb2bbd18b09dd6bf33ebe49f40f07,xmrig,1.0,High,5000000.0,5000000.0,T1027;T1055;T1059,D3-AL;D3-CR;D3-FA;D3-PM;D3-SAW;D3-UBA,Application Allowlisting;Command Restriction;File Analysis;Platform Monitoring;System Access Workflow;User Behavior Analysis
main_006520,7b4bc1dacac1227348061b5a60d356108bafaaf390bc75d5bde2736edf44274d,77862efd76591a786f99d400c0f97633e2bfb2bbd18b09dd6bf33ebe49f40f07,xmrig,1.0,High,5000000.0,5000000.0,T1027;T1055;T1059,D3-AL;D3-CR;D3-FA;D3-PM;D3-SAW;D3-UBA,Application Allowlisting;Command Restriction;File Analysis;Platform Monitoring;System Access Workflow;User Behavior Analysis
main_006522,87bc76eaf80beedfb41f134b2a4c3d364d61b7ad00b13f1cbb04625c3aab56d6,77862efd76591a786f99d400c0f97633e2bfb2bbd18b09dd6bf33ebe49f40f07,xmrig,1.0,High,5000000.0,5000000.0,T1027;T1055;T1059,D3-AL;D3-CR;D3-FA;D3-PM;D3-SAW;D3-UBA,Application Allowlisting;Command Restriction;File Analysis;Platform Monitoring;System Access Workflow;User Behavior Analysis
main_006523,c673018279d4ad5d32c8be4fb78b357a851029522335dad736648bdd049d3567,b83ef675cc28b5b0387916e29e9ced4ef6c6d6ea4fcffdbc3b3b086e80167fce,berbew,0.9999999999999838,High,5000000.0,4999999.999999919,T1027;T1055;T1486,D3-BAC;D3-BDR;D3-FA;D3-PM;D3-SAW;D3-UBA,Backup Access Control;Backup Data Recovery;File Analysis;Platform Monitoring;System Access Workflow;User Behavior Analysis
main_006524,66a3ac769d915da5cd378be87dce21ca94bc67c568b44d6c66241dacda924118,77862efd76591a786f99d400c0f97633e2bfb2bbd18b09dd6bf33ebe49f40f07,xmrig,1.0,High,5000000.0,5000000.0,T1027;T1055;T1059,D3-AL;D3-CR;D3-FA;D3-PM;D3-SAW;D3-UBA,Application Allowlisting;Command Restriction;File Analysis;Platform Monitoring;System Access Workflow;User Behavior Analysis
main_006525,c39045ad31b77b39d246280d2460fd2cbcc653721f60b786d8167bd1edf0c1d4,58bb064ce0f0721aab7e4b4285f49e318ee801ab658d49dcfff305df630cc5c9,bedep,0.9999999999997564,High,5000000.0,4999999.999998782,T1027;T1055;T1486,D3-BAC;D3-BDR;D3-FA;D3-PM;D3-SAW;D3-UBA,Backup Access Control;Backup Data Recovery;File Analysis;Platform Monitoring;System Access Workflow;User Behavior Analysis
main_006526,dd9d5afd51890a30044bf6467597c792f246bd1ca1af7564c319269b9404b41a,b83ef675cc28b5b0387916e29e9ced4ef6c6d6ea4fcffdbc3b3b086e80167fce,berbew,0.9999999999509452,High,5000000.0,4999999.999754726,T1027;T1055;T1486,D3-BAC;D3-BDR;D3-FA;D3-PM;D3-SAW;D3-UBA,Backup Access Control;Backup Data Recovery;File Analysis;Platform Monitoring;System Access Workflow;User Behavior Analysis
main_006528,3ad040b425bd9b7e31312743649b06c46c205739561bbb0584d13ec03955142e,acfd227c9e2a637ba527343252a51d6cbf588451f0194210216eeda06e834e95,banload,0.9999999999999998,High,5000000.0,4999999.999999999,T1027;T1055;T1486,D3-BAC;D3-BDR;D3-FA;D3-PM;D3-SAW;D3-UBA,Backup Access Control;Backup Data Recovery;File Analysis;Platform Monitoring;System Access Workflow;User Behavior Analysis
main_006529,3a9aab8c94b7fd3baaa2b7b9254b1bd764854e0a71b2c7a20613a9f4eb370d9f,77862efd76591a786f99d400c0f97633e2bfb2bbd18b09dd6bf33ebe49f40f07,xmrig,1.0,High,5000000.0,5000000.0,T1027;T1055;T1059,D3-AL;D3-CR;D3-FA;D3-PM;D3-SAW;D3-UBA,Application Allowlisting;Command Restriction;File Analysis;Platform Monitoring;System Access Workflow;User Behavior Analysis
main_006530,7ac3f8f71456b3de9208354f67edbdb37a2686941aa000f57cba69ec60bb33d0,8b2bf79b08bb2bb055163ec88ea44eb9cce8fe2731633f695405b26eed0a4331,aenjaris,0.9999997507600302,High,5000000.0,4999998.753800151,T1027;T1055;T1486,D3-BAC;D3-BDR;D3-FA;D3-PM;D3-SAW;D3-UBA,Backup Access Control;Backup Data Recovery;File Analysis;Platform Monitoring;System Access Workflow;User Behavior Analysis
main_006532,77fd495395390f7d5735fff040fac726ced1b6f9f4cef2cb8b6ca047816f98e4,187f622dc0da983d25da3df0e452808a96dd8c64c24aace69bc339cfe47a165d,expiro,0.9999999999999256,High,5000000.0,4999999.999999628,T1027;T1055;T1486,D3-BAC;D3-BDR;D3-FA;D3-PM;D3-SAW;D3-UBA,Backup Access Control;Backup Data Recovery;File Analysis;Platform Monitoring;System Access Workflow;User Behavior Analysis
main_006533,bbd8195673240588af1ebf61c920fa0c6b229dc5f259f7fd81a64c5a5cdb811e,77862efd76591a786f99d400c0f97633e2bfb2bbd18b09dd6bf33ebe49f40f07,xmrig,1.0,High,5000000.0,5000000.0,T1027;T1055;T1059,D3-AL;D3-CR;D3-FA;D3-PM;D3-SAW;D3-UBA,Application Allowlisting;Command Restriction;File Analysis;Platform Monitoring;System Access Workflow;User Behavior Analysis
main_006534,82a1f6221ff376e72f2a51486bdd9d289e2f173ccd32c6eec19df4e8e91c7493,77862efd76591a786f99d400c0f97633e2bfb2bbd18b09dd6bf33ebe49f40f07,xmrig,1.0,High,5000000.0,5000000.0,T1027;T1055;T1059,D3-AL;D3-CR;D3-FA;D3-PM;D3-SAW;D3-UBA,Application Allowlisting;Command Restriction;File Analysis;Platform Monitoring;System Access Workflow;User Behavior Analysis
main_006535,b12838a2f00834fa2d6dba4676fce46a5d2ba07f393fc27e2ab23475295ae0d1,77862efd76591a786f99d400c0f97633e2bfb2bbd18b09dd6bf33ebe49f40f07,xmrig,1.0,High,5000000.0,5000000.0,T1027;T1055;T1059,D3-AL;D3-CR;D3-FA;D3-PM;D3-SAW;D3-UBA,Application Allowlisting;Command Restriction;File Analysis;Platform Monitoring;System Access Workflow;User Behavior Analysis
main_006536,54b76c5bb4a3aaecf8e0733249f8bc694add40b79587fadf4f7cd134799c3a38,77862efd76591a786f99d400c0f97633e2bfb2bbd18b09dd6bf33ebe49f40f07,xmrig,1.0,High,5000000.0,5000000.0,T1027;T1055;T1059,D3-AL;D3-CR;D3-FA;D3-PM;D3-SAW;D3-UBA,Application Allowlisting;Command Restriction;File Analysis;Platform Monitoring;System Access Workflow;User Behavior Analysis
main_006537,4b88c79bb37e841b802de61cb6bdd0552f420e865242b40e5a3357967e2512cf,b83ef675cc28b5b0387916e29e9ced4ef6c6d6ea4fcffdbc3b3b086e80167fce,berbew,0.9999999999939746,High,5000000.0,4999999.999969873,T1027;T1055;T1486,D3-BAC;D3-BDR;D3-FA;D3-PM;D3-SAW;D3-UBA,Backup Access Control;Backup Data Recovery;File Analysis;Platform Monitoring;System Access Workflow;User Behavior Analysis
main_006539,a1013536c0accb2b943208cab9e71e74526d0bfdc473369ca6a315f870bab155,77862efd76591a786f99d400c0f97633e2bfb2bbd18b09dd6bf33ebe49f40f07,xmrig,1.0,High,5000000.0,5000000.0,T1027;T1055;T1059,D3-AL;D3-CR;D3-FA;D3-PM;D3-SAW;D3-UBA,Application Allowlisting;Command Restriction;File Analysis;Platform Monitoring;System Access Workflow;User Behavior Analysis
main_006550,9f272a0bd801ae4ba7b6acbb6672f36c28978ba8c97d800044212b8aa1fc6b47,ef092d42941fb6af2ca50130b1d7a2fb36f80cc98954c008a5ccc00a2995ab79,scarletflash,0.9999999999805762,High,5000000.0,4999999.999902881,T1027;T1055;T1486,D3-BAC;D3-BDR;D3-FA;D3-PM;D3-SAW;D3-UBA,Backup Access Control;Backup Data Recovery;File Analysis;Platform Monitoring;System Access Workflow;User Behavior Analysis
main_006551,56608627a6f65403c886c1f5425094994fbe4c3f0a0b5bf9f6ec9a3dc4742854,02f47a65d4fd8d00c4aff12092e2155e9f12df2d089bcb1e28b5d65d0d4d7f0f,wacatac,0.9999999883978862,High,5000000.0,4999999.941989431,T1027;T1055;T1486,D3-BAC;D3-BDR;D3-FA;D3-PM;D3-SAW;D3-UBA,Backup Access Control;Backup Data Recovery;File Analysis;Platform Monitoring;System Access Workflow;User Behavior Analysis
main_006552,38d8a10838857eaf83803298520f4e2e7ddacc56def1eebd8d74f2d56074044a,187f622dc0da983d25da3df0e452808a96dd8c64c24aace69bc339cfe47a165d,expiro,0.99999999999545,High,5000000.0,4999999.99997725,T1027;T1055;T1486,D3-BAC;D3-BDR;D3-FA;D3-PM;D3-SAW;D3-UBA,Backup Access Control;Backup Data Recovery;File Analysis;Platform Monitoring;System Access Workflow;User Behavior Analysis
main_006555,96e06fbb36be4f71389388d4fb210628aed6e713bdf5ce613df02af04f39d869,187f622dc0da983d25da3df0e452808a96dd8c64c24aace69bc339cfe47a165d,expiro,0.9999999999999892,High,5000000.0,4999999.999999946,T1027;T1055;T1486,D3-BAC;D3-BDR;D3-FA;D3-PM;D3-SAW;D3-UBA,Backup Access Control;Backup Data Recovery;File Analysis;Platform Monitoring;System Access Workflow;User Behavior Analysis
main_006556,2d7c70d24f01b987e6837bf6e9118832cef33f0c7e7156344637b01ecb52ab10,02f47a65d4fd8d00c4aff12092e2155e9f12df2d089bcb1e28b5d65d0d4d7f0f,wacatac,0.9999924989955982,High,5000000.0,4999962.494977991,T1027;T1055;T1486,D3-BAC;D3-BDR;D3-FA;D3-PM;D3-SAW;D3-UBA,Backup Access Control;Backup Data Recovery;File Analysis;Platform Monitoring;System Access Workflow;User Behavior Analysis
main_006565,12b52ceb1c62835dc611cf5eac3a04c53f52a96f318cb45a826d007ef6bce28a,58bb064ce0f0721aab7e4b4285f49e318ee801ab658d49dcfff305df630cc5c9,bedep,0.9999997490438676,High,5000000.0,4999998.745219338,T1027;T1055;T1486,D3-BAC;D3-BDR;D3-FA;D3-PM;D3-SAW;D3-UBA,Backup Access Control;Backup Data Recovery;File Analysis;Platform Monitoring;System Access Workflow;User Behavior Analysis
main_006573,36d87a43bf278ff0a456ebd5d126099c10259615702c8f704ea10d885f8a66d6,ef092d42941fb6af2ca50130b1d7a2fb36f80cc98954c008a5ccc00a2995ab79,scarletflash,0.9999999997380152,High,5000000.0,4999999.998690076,T1027;T1055;T1486,D3-BAC;D3-BDR;D3-FA;D3-PM;D3-SAW;D3-UBA,Backup Access Control;Backup Data Recovery;File Analysis;Platform Monitoring;System Access Workflow;User Behavior Analysis
main_006578,00a6099d310e4fa63d2d5234c44da185230f5d115da6f903c165b6e6ff9cb632,ef092d42941fb6af2ca50130b1d7a2fb36f80cc98954c008a5ccc00a2995ab79,scarletflash,0.9999999955417862,High,5000000.0,4999999.977708931,T1027;T1055;T1486,D3-BAC;D3-BDR;D3-FA;D3-PM;D3-SAW;D3-UBA,Backup Access Control;Backup Data Recovery;File Analysis;Platform Monitoring;System Access Workflow;User Behavior Analysis
main_006580,dfdcba9cf666921357e4b0a0cc9c28c86ee371a930b58eef216e98d070ae3a90,02f47a65d4fd8d00c4aff12092e2155e9f12df2d089bcb1e28b5d65d0d4d7f0f,wacatac,0.9999991588004488,High,5000000.0,4999995.794002244,T1027;T1055;T1486,D3-BAC;D3-BDR;D3-FA;D3-PM;D3-SAW;D3-UBA,Backup Access Control;Backup Data Recovery;File Analysis;Platform Monitoring;System Access Workflow;User Behavior Analysis
main_006587,add8c25b6ee12f27398f10cecaee77127664bac0b6c8b17c47d7467460d9527d,c9e58d481ca76ea25d4579ea39056b5f5e3a5c25648274f9dcd1b6c533284d52,upatre,0.9999999999999722,High,5000000.0,4999999.999999861,T1027;T1055;T1486,D3-BAC;D3-BDR;D3-FA;D3-PM;D3-SAW;D3-UBA,Backup Access Control;Backup Data Recovery;File Analysis;Platform Monitoring;System Access Workflow;User Behavior Analysis
main_006588,8151b6f890be65634818d30d7c138a69b8612a2aa819e94dfe8d94605defff75,02f47a65d4fd8d00c4aff12092e2155e9f12df2d089bcb1e28b5d65d0d4d7f0f,wacatac,0.9999996288180754,High,5000000.0,4999998.144090377,T1027;T1055;T1486,D3-BAC;D3-BDR;D3-FA;D3-PM;D3-SAW;D3-UBA,Backup Access Control;Backup Data Recovery;File Analysis;Platform Monitoring;System Access Workflow;User Behavior Analysis
main_006614,251a2f411dd9942f619e1cd44b73b6949521b3dcfb4a6f6d63635ccd941197cf,ef092d42941fb6af2ca50130b1d7a2fb36f80cc98954c008a5ccc00a2995ab79,scarletflash,0.9999999988056112,High,5000000.0,4999999.994028056,T1027;T1055;T1486,D3-BAC;D3-BDR;D3-FA;D3-PM;D3-SAW;D3-UBA,Backup Access Control;Backup Data Recovery;File Analysis;Platform Monitoring;System Access Workflow;User Behavior Analysis
main_006705,81f341fe36b4847c97a370c016eaa6df7e05b7a9097b44d7d5dfd704afa59ab8,02f47a65d4fd8d00c4aff12092e2155e9f12df2d089bcb1e28b5d65d0d4d7f0f,wacatac,0.9999998807109484,High,5000000.0,4999999.403554742,T1027;T1055;T1486,D3-BAC;D3-BDR;D3-FA;D3-PM;D3-SAW;D3-UBA,Backup Access Control;Backup Data Recovery;File Analysis;Platform Monitoring;System Access Workflow;User Behavior Analysis
main_006742,b2051118b18f0b83ae54d56414763b99b93f3aa0315c47d5ae9639161d401707,02f47a65d4fd8d00c4aff12092e2155e9f12df2d089bcb1e28b5d65d0d4d7f0f,wacatac,0.999999872313416,High,5000000.0,4999999.36156708,T1027;T1055;T1486,D3-BAC;D3-BDR;D3-FA;D3-PM;D3-SAW;D3-UBA,Backup Access Control;Backup Data Recovery;File Analysis;Platform Monitoring;System Access Workflow;User Behavior Analysis
main_006744,1950fff8988b4819eb500f12b812e8af992f4b63bcc936b15d6706ad8bc5f958,ef092d42941fb6af2ca50130b1d7a2fb36f80cc98954c008a5ccc00a2995ab79,scarletflash,0.999999996624011,High,5000000.0,4999999.983120055,T1027;T1055;T1486,D3-BAC;D3-BDR;D3-FA;D3-PM;D3-SAW;D3-UBA,Backup Access Control;Backup Data Recovery;File Analysis;Platform Monitoring;System Access Workflow;User Behavior Analysis
main_006752,01d01e26d299d221bc4cb7fb2a2bdedbae839e353c60601888f97d2c2b026043,a49c1d0380688dd9e1898df37e8a7f9e7747212a5b47494173bd2e4a91452fb7,alien,0.9999998980704272,High,5000000.0,4999999.490352136,T1027;T1055;T1486,D3-BAC;D3-BDR;D3-FA;D3-PM;D3-SAW;D3-UBA,Backup Access Control;Backup Data Recovery;File Analysis;Platform Monitoring;System Access Workflow;User Behavior Analysis
main_006762,19c3dadb8fb634b8a14eaf113f84543485ada6a73b285e598c992018a51c3242,ef092d42941fb6af2ca50130b1d7a2fb36f80cc98954c008a5ccc00a2995ab79,scarletflash,0.9999999999987752,High,5000000.0,4999999.999993876,T1027;T1055;T1486,D3-BAC;D3-BDR;D3-FA;D3-PM;D3-SAW;D3-UBA,Backup Access Control;Backup Data Recovery;File Analysis;Platform Monitoring;System Access Workflow;User Behavior Analysis
main_006763,3cdc9da8c44f7e4afc4c5093f4b6a7795421fa8feeb16846b80f8c465dd6987b,c9e58d481ca76ea25d4579ea39056b5f5e3a5c25648274f9dcd1b6c533284d52,upatre,0.999999999999904,High,5000000.0,4999999.999999519,T1027;T1055;T1486,D3-BAC;D3-BDR;D3-FA;D3-PM;D3-SAW;D3-UBA,Backup Access Control;Backup Data Recovery;File Analysis;Platform Monitoring;System Access Workflow;User Behavior Analysis
main_006767,1fb067a25722166da8cb7452e078bacf7473d674acf5b91d2b908d5a85690a0b,2351cb0b2eccd0155081509ebf8a86177b0fde5ebf5d162ea5728eea79c2db05,trollav,0.999999999998691,High,5000000.0,4999999.999993456,T1027;T1055;T1486,D3-BAC;D3-BDR;D3-FA;D3-PM;D3-SAW;D3-UBA,Backup Access Control;Backup Data Recovery;File Analysis;Platform Monitoring;System Access Workflow;User Behavior Analysis
main_006770,9e218256021384cc87f68710618219386ed313141ed8a049c07767abd6a59e90,02f47a65d4fd8d00c4aff12092e2155e9f12df2d089bcb1e28b5d65d0d4d7f0f,wacatac,0.999943720860896,High,5000000.0,4999718.60430448,T1027;T1055;T1486,D3-BAC;D3-BDR;D3-FA;D3-PM;D3-SAW;D3-UBA,Backup Access Control;Backup Data Recovery;File Analysis;Platform Monitoring;System Access Workflow;User Behavior Analysis
main_006771,d21e0bba854b83113998384ea0fc8362e28327947f7a6831aa6916e8d5636fe4,ef092d42941fb6af2ca50130b1d7a2fb36f80cc98954c008a5ccc00a2995ab79,scarletflash,0.9999999996604942,High,5000000.0,4999999.998302471,T1027;T1055;T1486,D3-BAC;D3-BDR;D3-FA;D3-PM;D3-SAW;D3-UBA,Backup Access Control;Backup Data Recovery;File Analysis;Platform Monitoring;System Access Workflow;User Behavior Analysis
main_006780,3addd184cca8026c24edfe94648e62181bb99b7ca7c16f067e8022e7668c54a9,ef092d42941fb6af2ca50130b1d7a2fb36f80cc98954c008a5ccc00a2995ab79,scarletflash,0.999999999571199,High,5000000.0,4999999.997855995,T1027;T1055;T1486,D3-BAC;D3-BDR;D3-FA;D3-PM;D3-SAW;D3-UBA,Backup Access Control;Backup Data Recovery;File Analysis;Platform Monitoring;System Access Workflow;User Behavior Analysis
main_006785,bf0fcf44422533c70204f12eeef79c741aa25e517d7654cb1f28b59d47700d89,77862efd76591a786f99d400c0f97633e2bfb2bbd18b09dd6bf33ebe49f40f07,xmrig,1.0,High,5000000.0,5000000.0,T1027;T1055;T1059,D3-AL;D3-CR;D3-FA;D3-PM;D3-SAW;D3-UBA,Application Allowlisting;Command Restriction;File Analysis;Platform Monitoring;System Access Workflow;User Behavior Analysis
main_006788,3438a2aa4046d54e2cf7d7a539207df2e754107b249e8c87132850e70035fe4f,99e2d5c6e5fb193a148e06547f5c9bb4e3dd2bc061e9a90592462767e9f80912,disin,0.999999972868641,High,5000000.0,4999999.864343205,T1027;T1055;T1486,D3-BAC;D3-BDR;D3-FA;D3-PM;D3-SAW;D3-UBA,Backup Access Control;Backup Data Recovery;File Analysis;Platform Monitoring;System Access Workflow;User Behavior Analysis
main_006790,546d5ef65477c66a49d4b5c5fd908383cbda64283a41ffb40131e53cfa0c9b92,ca6ac6af66c22d8acdd6e42a00a9a21a24a37e3fa6a018662fb6dbaabfe7a96d,metasploit,0.9999999999918529,High,5000000.0,4999999.999959264,T1027;T1055;T1486,D3-BAC;D3-BDR;D3-FA;D3-PM;D3-SAW;D3-UBA,Backup Access Control;Backup Data Recovery;File Analysis;Platform Monitoring;System Access Workflow;User Behavior Analysis
main_006791,7e1a32e7fdf779dd3e4c518182dcbc16fa2dd3fb51505c1c595db7c23f60d524,a5fad31f18c9c700f2bfbba047bb30254fb5ed8f5645493f0daa3fa040b51c7d,dinwod,0.9999999999997464,High,5000000.0,4999999.9999987325,T1027;T1055;T1486,D3-BAC;D3-BDR;D3-FA;D3-PM;D3-SAW;D3-UBA,Backup Access Control;Backup Data Recovery;File Analysis;Platform Monitoring;System Access Workflow;User Behavior Analysis
main_006802,96557b17e2def73aee0cf37009874c91576afe25fffd66ef385e3c092641a431,02f47a65d4fd8d00c4aff12092e2155e9f12df2d089bcb1e28b5d65d0d4d7f0f,wacatac,0.9996309582901168,High,5000000.0,4998154.791450584,T1027;T1055;T1486,D3-BAC;D3-BDR;D3-FA;D3-PM;D3-SAW;D3-UBA,Backup Access Control;Backup Data Recovery;File Analysis;Platform Monitoring;System Access Workflow;User Behavior Analysis
main_006805,0a2c8be9c50acdf06a4498129a05aac648ce4faa5e9e1a2307787e852a7f7b5d,ef092d42941fb6af2ca50130b1d7a2fb36f80cc98954c008a5ccc00a2995ab79,scarletflash,0.9999996880329732,High,5000000.0,4999998.440164866,T1027;T1055;T1486,D3-BAC;D3-BDR;D3-FA;D3-PM;D3-SAW;D3-UBA,Backup Access Control;Backup Data Recovery;File Analysis;Platform Monitoring;System Access Workflow;User Behavior Analysis
main_006809,dda26fa848b2002642f0a3d4d0a048fc7c20a2996826182dd4d065d1e15a1394,77862efd76591a786f99d400c0f97633e2bfb2bbd18b09dd6bf33ebe49f40f07,xmrig,0.9999999999999996,High,5000000.0,4999999.999999998,T1027;T1055;T1059,D3-AL;D3-CR;D3-FA;D3-PM;D3-SAW;D3-UBA,Application Allowlisting;Command Restriction;File Analysis;Platform Monitoring;System Access Workflow;User Behavior Analysis
main_006819,69b968f6763e6d280a273479c1639343ed2dbbe8e7babae5ae033d2737265d46,c9e58d481ca76ea25d4579ea39056b5f5e3a5c25648274f9dcd1b6c533284d52,upatre,0.9999999997766053,High,5000000.0,4999999.998883027,T1027;T1055;T1486,D3-BAC;D3-BDR;D3-FA;D3-PM;D3-SAW;D3-UBA,Backup Access Control;Backup Data Recovery;File Analysis;Platform Monitoring;System Access Workflow;User Behavior Analysis
main_006821,416a3294719ff6f1109c16d325f9bf21c5638fab9ae491f2cb463682573c9b10,2351cb0b2eccd0155081509ebf8a86177b0fde5ebf5d162ea5728eea79c2db05,trollav,0.9999999999999608,High,5000000.0,4999999.999999804,T1027;T1055;T1486,D3-BAC;D3-BDR;D3-FA;D3-PM;D3-SAW;D3-UBA,Backup Access Control;Backup Data Recovery;File Analysis;Platform Monitoring;System Access Workflow;User Behavior Analysis
main_006825,6eb09e1944ea11cd79b6c80a84932266baefb8b4de85093ed54b2ce7414bdb84,d6ad9dee27cfd2b3df63896bd02ab0d74cc6eb52960103dc5686f77c43122dae,emdup,0.9999999999843944,High,5000000.0,4999999.999921972,T1027;T1055;T1486,D3-BAC;D3-BDR;D3-FA;D3-PM;D3-SAW;D3-UBA,Backup Access Control;Backup Data Recovery;File Analysis;Platform Monitoring;System Access Workflow;User Behavior Analysis
main_006826,7b71d98a9116093091b92a693cbd484cf035a34c09877da5387c2b4cc60ae5ef,02f47a65d4fd8d00c4aff12092e2155e9f12df2d089bcb1e28b5d65d0d4d7f0f,wacatac,0.9999999999991908,High,5000000.0,4999999.999995953,T1027;T1055;T1486,D3-BAC;D3-BDR;D3-FA;D3-PM;D3-SAW;D3-UBA,Backup Access Control;Backup Data Recovery;File Analysis;Platform Monitoring;System Access Workflow;User Behavior Analysis
main_006830,9ceb25d2c6ea6bb85281ffc894d5c26b58d20defe15bdf2d0dbeaabedb713a8c,a49c1d0380688dd9e1898df37e8a7f9e7747212a5b47494173bd2e4a91452fb7,alien,0.999999602006744,High,5000000.0,4999998.01003372,T1027;T1055;T1486,D3-BAC;D3-BDR;D3-FA;D3-PM;D3-SAW;D3-UBA,Backup Access Control;Backup Data Recovery;File Analysis;Platform Monitoring;System Access Workflow;User Behavior Analysis
main_006832,e3756f18ef4abe5fd40cf3a84f37d43510e93ca5d79556f013cfd68c631e3dbe,a49c1d0380688dd9e1898df37e8a7f9e7747212a5b47494173bd2e4a91452fb7,alien,0.9999997643183468,High,5000000.0,4999998.821591734,T1027;T1055;T1486,D3-BAC;D3-BDR;D3-FA;D3-PM;D3-SAW;D3-UBA,Backup Access Control;Backup Data Recovery;File Analysis;Platform Monitoring;System Access Workflow;User Behavior Analysis
main_006833,956c8ed7aeb002c2757db3d67cf3c7a22bdea975f637f8b6e4f2328cfe454a0e,b83ef675cc28b5b0387916e29e9ced4ef6c6d6ea4fcffdbc3b3b086e80167fce,berbew,0.999999957298433,High,5000000.0,4999999.786492165,T1027;T1055;T1486,D3-BAC;D3-BDR;D3-FA;D3-PM;D3-SAW;D3-UBA,Backup Access Control;Backup Data Recovery;File Analysis;Platform Monitoring;System Access Workflow;User Behavior Analysis
main_006836,8d992247753d54b07103aa7a086d9ebfac85856afb9d45f9e39bbf37b5ecff70,b83ef675cc28b5b0387916e29e9ced4ef6c6d6ea4fcffdbc3b3b086e80167fce,berbew,0.9999999999999996,High,5000000.0,4999999.999999998,T1027;T1055;T1486,D3-BAC;D3-BDR;D3-FA;D3-PM;D3-SAW;D3-UBA,Backup Access Control;Backup Data Recovery;File Analysis;Platform Monitoring;System Access Workflow;User Behavior Analysis
main_006837,965bda0a380ee08aa45741015b99b4eb4bce8aef3972bd75925a2a5b7b10ae6c,ef092d42941fb6af2ca50130b1d7a2fb36f80cc98954c008a5ccc00a2995ab79,scarletflash,0.9999999999864448,High,5000000.0,4999999.999932224,T1027;T1055;T1486,D3-BAC;D3-BDR;D3-FA;D3-PM;D3-SAW;D3-UBA,Backup Access Control;Backup Data Recovery;File Analysis;Platform Monitoring;System Access Workflow;User Behavior Analysis
main_006838,a81906c39025ff0f5974de0fcd2accc7418b3d3c7c5d74e7db4fb68035cd1090,b83ef675cc28b5b0387916e29e9ced4ef6c6d6ea4fcffdbc3b3b086e80167fce,berbew,0.9999999980387164,High,5000000.0,4999999.990193582,T1027;T1055;T1486,D3-BAC;D3-BDR;D3-FA;D3-PM;D3-SAW;D3-UBA,Backup Access Control;Backup Data Recovery;File Analysis;Platform Monitoring;System Access Workflow;User Behavior Analysis
main_006839,6cf1cd73ef0b4ab50581057a2522c7f6eb0837137243c9890cf69ed68cf6db60,41e5cac4298e131e87215f8f3e62b154d2629cb3f77817234864d2ea1b4884ed,shelm,0.9999999987795763,High,5000000.0,4999999.993897881,T1027;T1055;T1486,D3-BAC;D3-BDR;D3-FA;D3-PM;D3-SAW;D3-UBA,Backup Access Control;Backup Data Recovery;File Analysis;Platform Monitoring;System Access Workflow;User Behavior Analysis
main_006842,69fe079fd021192f777cd7ece1789bd1fd03891c57311ce546f5d18c8e43e7a3,8c4b5ea2b7fae72da8843ed3033b100f001fd4e2699ab6cb2c99b44734af6f0e,wabot,0.9999999999496948,High,5000000.0,4999999.999748474,T1027;T1055;T1486,D3-BAC;D3-BDR;D3-FA;D3-PM;D3-SAW;D3-UBA,Backup Access Control;Backup Data Recovery;File Analysis;Platform Monitoring;System Access Workflow;User Behavior Analysis
main_006847,667ff42f3a955573130e8ce2f4baf8ea6bafb663c605445baa8d3c1db38b9e16,472473512e26748d79480e1fa44ad0a0814b226d3fdd3c0d4217e14b1427b2cd,khalesi,0.9999988147849076,High,5000000.0,4999994.073924538,T1027;T1055;T1486,D3-BAC;D3-BDR;D3-FA;D3-PM;D3-SAW;D3-UBA,Backup Access Control;Backup Data Recovery;File Analysis;Platform Monitoring;System Access Workflow;User Behavior Analysis
main_006850,94cfc1bf399a21ef05f032ae6ce5ef01076d188d7490ccdb00591ed3ad62f4e0,b83ef675cc28b5b0387916e29e9ced4ef6c6d6ea4fcffdbc3b3b086e80167fce,berbew,0.999999999996802,High,5000000.0,4999999.99998401,T1027;T1055;T1486,D3-BAC;D3-BDR;D3-FA;D3-PM;D3-SAW;D3-UBA,Backup Access Control;Backup Data Recovery;File Analysis;Platform Monitoring;System Access Workflow;User Behavior Analysis
main_006851,a1cf8bfaf702af34e23df8b0b1f3ecc8890e689bea1d79ab4a39f727519f4ef2,b83ef675cc28b5b0387916e29e9ced4ef6c6d6ea4fcffdbc3b3b086e80167fce,berbew,0.9999999999973954,High,5000000.0,4999999.999986977,T1027;T1055;T1486,D3-BAC;D3-BDR;D3-FA;D3-PM;D3-SAW;D3-UBA,Backup Access Control;Backup Data Recovery;File Analysis;Platform Monitoring;System Access Workflow;User Behavior Analysis
main_006852,056937cf5a64a307fd8df87fb6c96e3872994fcd59fbf8d7a9f86d02bcbd00d2,77862efd76591a786f99d400c0f97633e2bfb2bbd18b09dd6bf33ebe49f40f07,xmrig,1.0,High,5000000.0,5000000.0,T1027;T1055;T1059,D3-AL;D3-CR;D3-FA;D3-PM;D3-SAW;D3-UBA,Application Allowlisting;Command Restriction;File Analysis;Platform Monitoring;System Access Workflow;User Behavior Analysis
main_006865,40dad9f01ccb4fa763cc70a37d995dcba18883f99acce233ee2f1fe6a763cb24,472473512e26748d79480e1fa44ad0a0814b226d3fdd3c0d4217e14b1427b2cd,khalesi,0.999999016744452,High,5000000.0,4999995.08372226,T1027;T1055;T1486,D3-BAC;D3-BDR;D3-FA;D3-PM;D3-SAW;D3-UBA,Backup Access Control;Backup Data Recovery;File Analysis;Platform Monitoring;System Access Workflow;User Behavior Analysis
main_006867,4e5ea455e10037048529253dd989643dd392d9a4d52737f84122555ad5fea332,ca6ac6af66c22d8acdd6e42a00a9a21a24a37e3fa6a018662fb6dbaabfe7a96d,metasploit,0.999999992920474,High,5000000.0,4999999.96460237,T1027;T1055;T1486,D3-BAC;D3-BDR;D3-FA;D3-PM;D3-SAW;D3-UBA,Backup Access Control;Backup Data Recovery;File Analysis;Platform Monitoring;System Access Workflow;User Behavior Analysis
main_006872,8b780c3ff78336de02b2a7a14861189d3ca273ac44053a2e09e9eafda26e4241,970ec274ca867815174ebe4eff19282000f9495a6c7254e94991d1fb4dc3df30,luna,0.9999999999999862,High,5000000.0,4999999.999999931,T1027;T1055;T1486,D3-BAC;D3-BDR;D3-FA;D3-PM;D3-SAW;D3-UBA,Backup Access Control;Backup Data Recovery;File Analysis;Platform Monitoring;System Access Workflow;User Behavior Analysis
main_006875,11e0a56e093aed5b2022b8cc7e4226bf44c5e55eafe13dd7b1ed73b8d3b20cb8,b83ef675cc28b5b0387916e29e9ced4ef6c6d6ea4fcffdbc3b3b086e80167fce,berbew,0.9999950769427676,High,5000000.0,4999975.384713838,T1027;T1055;T1486,D3-BAC;D3-BDR;D3-FA;D3-PM;D3-SAW;D3-UBA,Backup Access Control;Backup Data Recovery;File Analysis;Platform Monitoring;System Access Workflow;User Behavior Analysis
main_006882,e89302f9597efb5c4075fb6604c03efc552b2efaf351c0dba980e33fd2b61f9e,77862efd76591a786f99d400c0f97633e2bfb2bbd18b09dd6bf33ebe49f40f07,xmrig,1.0,High,5000000.0,5000000.0,T1027;T1055;T1059,D3-AL;D3-CR;D3-FA;D3-PM;D3-SAW;D3-UBA,Application Allowlisting;Command Restriction;File Analysis;Platform Monitoring;System Access Workflow;User Behavior Analysis
main_006886,fe141fc7efe158dce583bb71db2fe6b49d05b53b26c45276ddf54e88e95b4274,ef092d42941fb6af2ca50130b1d7a2fb36f80cc98954c008a5ccc00a2995ab79,scarletflash,0.9999999999951112,High,5000000.0,4999999.9999755565,T1027;T1055;T1486,D3-BAC;D3-BDR;D3-FA;D3-PM;D3-SAW;D3-UBA,Backup Access Control;Backup Data Recovery;File Analysis;Platform Monitoring;System Access Workflow;User Behavior Analysis
main_006888,cb412c067fa8c897631a494b79e574632b7b7086e80b6abede285cf9361caac1,99e2d5c6e5fb193a148e06547f5c9bb4e3dd2bc061e9a90592462767e9f80912,disin,0.9999999999930808,High,5000000.0,4999999.999965404,T1027;T1055;T1486,D3-BAC;D3-BDR;D3-FA;D3-PM;D3-SAW;D3-UBA,Backup Access Control;Backup Data Recovery;File Analysis;Platform Monitoring;System Access Workflow;User Behavior Analysis
main_006890,7b81a237cc1e335570339f03c35849281e7142bf43f31bb96bd9e021169d1d6d,ef092d42941fb6af2ca50130b1d7a2fb36f80cc98954c008a5ccc00a2995ab79,scarletflash,0.99754183701122,High,5000000.0,4987709.1850561,T1027;T1055;T1486,D3-BAC;D3-BDR;D3-FA;D3-PM;D3-SAW;D3-UBA,Backup Access Control;Backup Data Recovery;File Analysis;Platform Monitoring;System Access Workflow;User Behavior Analysis
main_006895,9d56e69bdcdc0310d9bcfbe618cd6b812e908c846e8ab465d0e568ff36b2680a,77862efd76591a786f99d400c0f97633e2bfb2bbd18b09dd6bf33ebe49f40f07,xmrig,1.0,High,5000000.0,5000000.0,T1027;T1055;T1059,D3-AL;D3-CR;D3-FA;D3-PM;D3-SAW;D3-UBA,Application Allowlisting;Command Restriction;File Analysis;Platform Monitoring;System Access Workflow;User Behavior Analysis
main_006896,5eec10a505d09d703b2ad4fc1bb11c7cc788e8a8c2d88cd92e28b021585e850d,02f47a65d4fd8d00c4aff12092e2155e9f12df2d089bcb1e28b5d65d0d4d7f0f,wacatac,0.9999999687501818,High,5000000.0,4999999.843750909,T1027;T1055;T1486,D3-BAC;D3-BDR;D3-FA;D3-PM;D3-SAW;D3-UBA,Backup Access Control;Backup Data Recovery;File Analysis;Platform Monitoring;System Access Workflow;User Behavior Analysis
main_006897,0e707f9d29c0212c678c96a1b66857996622e507ecc4bf73e15d0b35a247e6a9,77862efd76591a786f99d400c0f97633e2bfb2bbd18b09dd6bf33ebe49f40f07,xmrig,1.0,High,5000000.0,5000000.0,T1027;T1055;T1059,D3-AL;D3-CR;D3-FA;D3-PM;D3-SAW;D3-UBA,Application Allowlisting;Command Restriction;File Analysis;Platform Monitoring;System Access Workflow;User Behavior Analysis
main_006898,f4ca1453c827a9d794e7a9533e5547e4acf64f7aea61873f3df188c4326903cd,58bb064ce0f0721aab7e4b4285f49e318ee801ab658d49dcfff305df630cc5c9,bedep,0.9999999992943468,High,5000000.0,4999999.996471734,T1027;T1055;T1486,D3-BAC;D3-BDR;D3-FA;D3-PM;D3-SAW;D3-UBA,Backup Access Control;Backup Data Recovery;File Analysis;Platform Monitoring;System Access Workflow;User Behavior Analysis
main_006900,0a7ad26364c286f2a4f482808f0836ed5a538d42d2d9a008baf47da5b6b2bf59,187f622dc0da983d25da3df0e452808a96dd8c64c24aace69bc339cfe47a165d,expiro,0.999999999929555,High,5000000.0,4999999.999647775,T1027;T1055;T1486,D3-BAC;D3-BDR;D3-FA;D3-PM;D3-SAW;D3-UBA,Backup Access Control;Backup Data Recovery;File Analysis;Platform Monitoring;System Access Workflow;User Behavior Analysis
main_006901,f8531838b20d6b797070bf479cc32df612579160a63c8873381285ba8e764242,77862efd76591a786f99d400c0f97633e2bfb2bbd18b09dd6bf33ebe49f40f07,xmrig,0.999999982959563,High,5000000.0,4999999.914797816,T1027;T1055;T1059,D3-AL;D3-CR;D3-FA;D3-PM;D3-SAW;D3-UBA,Application Allowlisting;Command Restriction;File Analysis;Platform Monitoring;System Access Workflow;User Behavior Analysis
main_006906,42f12c7621dcc11b9606005d9739f00f458b1a21f6417e612a5f849ea57bbf08,02f47a65d4fd8d00c4aff12092e2155e9f12df2d089bcb1e28b5d65d0d4d7f0f,wacatac,0.9999999904394192,High,5000000.0,4999999.952197096,T1027;T1055;T1486,D3-BAC;D3-BDR;D3-FA;D3-PM;D3-SAW;D3-UBA,Backup Access Control;Backup Data Recovery;File Analysis;Platform Monitoring;System Access Workflow;User Behavior Analysis
main_006911,041d2a471bf445b0808f63d9df1f76ecf0e96547132bc888d73c30bd626602ad,02f47a65d4fd8d00c4aff12092e2155e9f12df2d089bcb1e28b5d65d0d4d7f0f,wacatac,0.9993837214376668,High,5000000.0,4996918.607188335,T1027;T1055;T1486,D3-BAC;D3-BDR;D3-FA;D3-PM;D3-SAW;D3-UBA,Backup Access Control;Backup Data Recovery;File Analysis;Platform Monitoring;System Access Workflow;User Behavior Analysis
main_006914,c4258c21e3d27b5712c00f4ad4f9abe9a3e5ade131362152e60ffe89cb48e6fb,a49c1d0380688dd9e1898df37e8a7f9e7747212a5b47494173bd2e4a91452fb7,alien,0.999999875834907,High,5000000.0,4999999.379174535,T1027;T1055;T1486,D3-BAC;D3-BDR;D3-FA;D3-PM;D3-SAW;D3-UBA,Backup Access Control;Backup Data Recovery;File Analysis;Platform Monitoring;System Access Workflow;User Behavior Analysis
main_006915,c7d7015f6ef192e7042a2950ad0fa65a911e954c903a2417a10a330fe48db4c0,a49c1d0380688dd9e1898df37e8a7f9e7747212a5b47494173bd2e4a91452fb7,alien,0.999999744470612,High,5000000.0,4999998.72235306,T1027;T1055;T1486,D3-BAC;D3-BDR;D3-FA;D3-PM;D3-SAW;D3-UBA,Backup Access Control;Backup Data Recovery;File Analysis;Platform Monitoring;System Access Workflow;User Behavior Analysis
main_006927,9df1529c240617c4cbe8d0c94ff1193be0ece82f891f27197acdc1886c89c4e5,02f47a65d4fd8d00c4aff12092e2155e9f12df2d089bcb1e28b5d65d0d4d7f0f,wacatac,0.9998500913470398,High,5000000.0,4999250.456735199,T1027;T1055;T1486,D3-BAC;D3-BDR;D3-FA;D3-PM;D3-SAW;D3-UBA,Backup Access Control;Backup Data Recovery;File Analysis;Platform Monitoring;System Access Workflow;User Behavior Analysis
main_006929,58de55552c7723342c946ffb44a5b2133181a84b10f2d49ee3bc72f2ca1b9181,a49c1d0380688dd9e1898df37e8a7f9e7747212a5b47494173bd2e4a91452fb7,alien,0.999999425828691,High,5000000.0,4999997.129143455,T1027;T1055;T1486,D3-BAC;D3-BDR;D3-FA;D3-PM;D3-SAW;D3-UBA,Backup Access Control;Backup Data Recovery;File Analysis;Platform Monitoring;System Access Workflow;User Behavior Analysis
main_006930,75e3370b8d1e40c120c40d0925ca33f450e1dfabd548f8984f8c0e111bb95f53,99e2d5c6e5fb193a148e06547f5c9bb4e3dd2bc061e9a90592462767e9f80912,disin,0.9999999999950802,High,5000000.0,4999999.999975401,T1027;T1055;T1486,D3-BAC;D3-BDR;D3-FA;D3-PM;D3-SAW;D3-UBA,Backup Access Control;Backup Data Recovery;File Analysis;Platform Monitoring;System Access Workflow;User Behavior Analysis
main_006948,4b579a9beca76cacef7a5591d8cf551d91561d0a5a25147c47d90c15fa30a8e3,d6ad9dee27cfd2b3df63896bd02ab0d74cc6eb52960103dc5686f77c43122dae,emdup,0.9999999999765864,High,5000000.0,4999999.999882932,T1027;T1055;T1486,D3-BAC;D3-BDR;D3-FA;D3-PM;D3-SAW;D3-UBA,Backup Access Control;Backup Data Recovery;File Analysis;Platform Monitoring;System Access Workflow;User Behavior Analysis
main_006949,34941d4a8fe0e4b59a5f73b18c96f8801371eeba1a6b3bb36af283b9ddd027b5,02f47a65d4fd8d00c4aff12092e2155e9f12df2d089bcb1e28b5d65d0d4d7f0f,wacatac,0.9999968364396662,High,5000000.0,4999984.182198331,T1027;T1055;T1486,D3-BAC;D3-BDR;D3-FA;D3-PM;D3-SAW;D3-UBA,Backup Access Control;Backup Data Recovery;File Analysis;Platform Monitoring;System Access Workflow;User Behavior Analysis
main_006952,3ffc8288f50cc02b9c18e6ac1eac7bfd444b172aab7d95c5e17bd27bd6914dbf,77862efd76591a786f99d400c0f97633e2bfb2bbd18b09dd6bf33ebe49f40f07,xmrig,0.9999998020615688,High,5000000.0,4999999.010307844,T1027;T1055;T1059,D3-AL;D3-CR;D3-FA;D3-PM;D3-SAW;D3-UBA,Application Allowlisting;Command Restriction;File Analysis;Platform Monitoring;System Access Workflow;User Behavior Analysis
main_006956,bb244fd6be45b7746887b9d298960a53e71662362a7130e04249a741c7a03f84,58bb064ce0f0721aab7e4b4285f49e318ee801ab658d49dcfff305df630cc5c9,bedep,0.9999999999971864,High,5000000.0,4999999.999985931,T1027;T1055;T1486,D3-BAC;D3-BDR;D3-FA;D3-PM;D3-SAW;D3-UBA,Backup Access Control;Backup Data Recovery;File Analysis;Platform Monitoring;System Access Workflow;User Behavior Analysis
main_006965,d75eecbb610dc03dfc65b16f4d67dd82f421fea2b3696ca5f2b40000dcf42278,c8b999ec8614bd108b6640f976e6442afa74ef68f3436b132f6e6dfe4879fcad,grandoreiro,0.9999999996925382,High,5000000.0,4999999.998462691,T1027;T1055;T1486,D3-BAC;D3-BDR;D3-FA;D3-PM;D3-SAW;D3-UBA,Backup Access Control;Backup Data Recovery;File Analysis;Platform Monitoring;System Access Workflow;User Behavior Analysis
main_006966,31a7306f393453ac5654fa00525705cfd2d4eb3105ccb12c44be7807e1bef8b8,c8b999ec8614bd108b6640f976e6442afa74ef68f3436b132f6e6dfe4879fcad,grandoreiro,0.9999999999992446,High,5000000.0,4999999.999996223,T1027;T1055;T1486,D3-BAC;D3-BDR;D3-FA;D3-PM;D3-SAW;D3-UBA,Backup Access Control;Backup Data Recovery;File Analysis;Platform Monitoring;System Access Workflow;User Behavior Analysis
main_006969,9f19fd491c5e38f4a099609c572371ff1e88435b921bf732a1f7abffa3726968,02f47a65d4fd8d00c4aff12092e2155e9f12df2d089bcb1e28b5d65d0d4d7f0f,wacatac,0.9999937971767764,High,5000000.0,4999968.985883882,T1027;T1055;T1486,D3-BAC;D3-BDR;D3-FA;D3-PM;D3-SAW;D3-UBA,Backup Access Control;Backup Data Recovery;File Analysis;Platform Monitoring;System Access Workflow;User Behavior Analysis
main_007014,cf39eecf07dd553cc264af163e2b72d0b0887cf9d890645db3b9d320ab880376,02f47a65d4fd8d00c4aff12092e2155e9f12df2d089bcb1e28b5d65d0d4d7f0f,wacatac,0.9999991126822784,High,5000000.0,4999995.563411392,T1027;T1055;T1486,D3-BAC;D3-BDR;D3-FA;D3-PM;D3-SAW;D3-UBA,Backup Access Control;Backup Data Recovery;File Analysis;Platform Monitoring;System Access Workflow;User Behavior Analysis
main_007020,5c9e18162bc2594a8d8747035a6fd1087784f72e652544af161b1536104f71c7,58bb064ce0f0721aab7e4b4285f49e318ee801ab658d49dcfff305df630cc5c9,bedep,0.9999999999717946,High,5000000.0,4999999.999858973,T1027;T1055;T1486,D3-BAC;D3-BDR;D3-FA;D3-PM;D3-SAW;D3-UBA,Backup Access Control;Backup Data Recovery;File Analysis;Platform Monitoring;System Access Workflow;User Behavior Analysis
main_007028,65453c160a6284780b43f94483b9f17cf85854bd949b7f2fd63ee3e8fbf58269,ca6ac6af66c22d8acdd6e42a00a9a21a24a37e3fa6a018662fb6dbaabfe7a96d,metasploit,0.9999999999996378,High,5000000.0,4999999.9999981895,T1027;T1055;T1486,D3-BAC;D3-BDR;D3-FA;D3-PM;D3-SAW;D3-UBA,Backup Access Control;Backup Data Recovery;File Analysis;Platform Monitoring;System Access Workflow;User Behavior Analysis
main_007047,0d8bd032a1cce3635b6586f9dfc9aa32b21dc648e54b58b9797f6eb15d22ea46,99e2d5c6e5fb193a148e06547f5c9bb4e3dd2bc061e9a90592462767e9f80912,disin,0.9999999982330454,High,5000000.0,4999999.991165227,T1027;T1055;T1486,D3-BAC;D3-BDR;D3-FA;D3-PM;D3-SAW;D3-UBA,Backup Access Control;Backup Data Recovery;File Analysis;Platform Monitoring;System Access Workflow;User Behavior Analysis
main_007058,d629cd92cdf974a9169a569b6e0d25f3c23afa18e91a1340eb7262dc33e722c9,77862efd76591a786f99d400c0f97633e2bfb2bbd18b09dd6bf33ebe49f40f07,xmrig,1.0,High,5000000.0,5000000.0,T1027;T1055;T1059,D3-AL;D3-CR;D3-FA;D3-PM;D3-SAW;D3-UBA,Application Allowlisting;Command Restriction;File Analysis;Platform Monitoring;System Access Workflow;User Behavior Analysis
main_007059,a5da0fb531e90ab7273955889486eb9979dd1d4ead936cc474be80538a255485,41e5cac4298e131e87215f8f3e62b154d2629cb3f77817234864d2ea1b4884ed,shelm,0.999999829895706,High,5000000.0,4999999.1494785305,T1027;T1055;T1486,D3-BAC;D3-BDR;D3-FA;D3-PM;D3-SAW;D3-UBA,Backup Access Control;Backup Data Recovery;File Analysis;Platform Monitoring;System Access Workflow;User Behavior Analysis
main_007064,ef6491c9ba0030c5a20e333fc9d936c39dee3f6929d953593475d74912bbf1ce,41e5cac4298e131e87215f8f3e62b154d2629cb3f77817234864d2ea1b4884ed,shelm,0.9999999999716964,High,5000000.0,4999999.999858482,T1027;T1055;T1486,D3-BAC;D3-BDR;D3-FA;D3-PM;D3-SAW;D3-UBA,Backup Access Control;Backup Data Recovery;File Analysis;Platform Monitoring;System Access Workflow;User Behavior Analysis
main_007065,f6f378f5590ae4f56fe5e2f366a78d055e7524aea89cec8b9718fa7a4ddc51ba,a49c1d0380688dd9e1898df37e8a7f9e7747212a5b47494173bd2e4a91452fb7,alien,0.9999988583190792,High,5000000.0,4999994.291595396,T1027;T1055;T1486,D3-BAC;D3-BDR;D3-FA;D3-PM;D3-SAW;D3-UBA,Backup Access Control;Backup Data Recovery;File Analysis;Platform Monitoring;System Access Workflow;User Behavior Analysis
main_007067,814ebca91ee121de1eecd8d5c7e7d41c8e3f276ea3f8faf3f30e35c631ea744c,a49c1d0380688dd9e1898df37e8a7f9e7747212a5b47494173bd2e4a91452fb7,alien,0.9999982782818416,High,5000000.0,4999991.391409208,T1027;T1055;T1486,D3-BAC;D3-BDR;D3-FA;D3-PM;D3-SAW;D3-UBA,Backup Access Control;Backup Data Recovery;File Analysis;Platform Monitoring;System Access Workflow;User Behavior Analysis
main_007070,c7943c104c493fa9efefb661f43de7f046b6ae676233a3e5a97481d49d6557e1,7f411c23e7d9d268b51470b27920d362905e71fca86a2ef5c70747984b30a29a,redline,0.9999994382228592,High,5000000.0,4999997.191114296,T1027;T1055;T1486,D3-BAC;D3-BDR;D3-FA;D3-PM;D3-SAW;D3-UBA,Backup Access Control;Backup Data Recovery;File Analysis;Platform Monitoring;System Access Workflow;User Behavior Analysis
main_007071,ae88c1acd730d000748d644bfca592ab9cd1e2ec1de4a34fd73df96ff2cd32e9,b6528b8d460196d24590fc256e3028ded67955d79af712031bd30023ffecfc08,mufila,0.9999999285290868,High,5000000.0,4999999.6426454345,T1027;T1055;T1486,D3-BAC;D3-BDR;D3-FA;D3-PM;D3-SAW;D3-UBA,Backup Access Control;Backup Data Recovery;File Analysis;Platform Monitoring;System Access Workflow;User Behavior Analysis
main_007072,752afcece8c01e5e71d829d5e1fcb6d69c6ddac27d18632d081c408ae9ff7363,a49c1d0380688dd9e1898df37e8a7f9e7747212a5b47494173bd2e4a91452fb7,alien,0.9999992386099416,High,5000000.0,4999996.193049707,T1027;T1055;T1486,D3-BAC;D3-BDR;D3-FA;D3-PM;D3-SAW;D3-UBA,Backup Access Control;Backup Data Recovery;File Analysis;Platform Monitoring;System Access Workflow;User Behavior Analysis
main_007075,266d8912d1e896ddda3f514020e8c7c1dd6d050472213e4884c636a4e3d2ea00,02f47a65d4fd8d00c4aff12092e2155e9f12df2d089bcb1e28b5d65d0d4d7f0f,wacatac,0.9999999999965636,High,5000000.0,4999999.999982818,T1027;T1055;T1486,D3-BAC;D3-BDR;D3-FA;D3-PM;D3-SAW;D3-UBA,Backup Access Control;Backup Data Recovery;File Analysis;Platform Monitoring;System Access Workflow;User Behavior Analysis
main_007076,cb92745c53796ff0d9d386182441738333a357abee88edcd67e2046623751f10,02f47a65d4fd8d00c4aff12092e2155e9f12df2d089bcb1e28b5d65d0d4d7f0f,wacatac,0.9999999999999788,High,5000000.0,4999999.999999894,T1027;T1055;T1486,D3-BAC;D3-BDR;D3-FA;D3-PM;D3-SAW;D3-UBA,Backup Access Control;Backup Data Recovery;File Analysis;Platform Monitoring;System Access Workflow;User Behavior Analysis
main_007079,51f6968fee8defd6409afe87f38d2c569c4ccd196c51975231bc31c5291b4f9f,02f47a65d4fd8d00c4aff12092e2155e9f12df2d089bcb1e28b5d65d0d4d7f0f,wacatac,0.9999998405352788,High,5000000.0,4999999.202676394,T1027;T1055;T1486,D3-BAC;D3-BDR;D3-FA;D3-PM;D3-SAW;D3-UBA,Backup Access Control;Backup Data Recovery;File Analysis;Platform Monitoring;System Access Workflow;User Behavior Analysis
main_007089,3f1c89a3f48222ccff641967e40df8c12bf3236d131958470161c5d49d9cff63,02f47a65d4fd8d00c4aff12092e2155e9f12df2d089bcb1e28b5d65d0d4d7f0f,wacatac,0.999999999836594,High,5000000.0,4999999.99918297,T1027;T1055;T1486,D3-BAC;D3-BDR;D3-FA;D3-PM;D3-SAW;D3-UBA,Backup Access Control;Backup Data Recovery;File Analysis;Platform Monitoring;System Access Workflow;User Behavior Analysis
main_007113,549565e7ea59ae7223ec7d087874e8c1ddd7f4cf02da67e8d52811a47ac1a9f2,04d890b2e972a9c6984f3a55fbc6362903c44855434a3ed390b72b5cde0d1297,vindor,0.9995508779554452,High,5000000.0,4997754.389777225,T1027;T1055;T1486,D3-BAC;D3-BDR;D3-FA;D3-PM;D3-SAW;D3-UBA,Backup Access Control;Backup Data Recovery;File Analysis;Platform Monitoring;System Access Workflow;User Behavior Analysis
main_007132,7086bd82049f991d9572c97fb25e04282e2ce176a3205c663fa640db97252bd3,b83ef675cc28b5b0387916e29e9ced4ef6c6d6ea4fcffdbc3b3b086e80167fce,berbew,0.9999999999989896,High,5000000.0,4999999.999994948,T1027;T1055;T1486,D3-BAC;D3-BDR;D3-FA;D3-PM;D3-SAW;D3-UBA,Backup Access Control;Backup Data Recovery;File Analysis;Platform Monitoring;System Access Workflow;User Behavior Analysis
main_007136,77ca97e69c5af08eaae37d7ea88efc6673b32008c311f073b3f8d1b88c6beaff,187f622dc0da983d25da3df0e452808a96dd8c64c24aace69bc339cfe47a165d,expiro,0.9999999993007233,High,5000000.0,4999999.996503617,T1027;T1055;T1486,D3-BAC;D3-BDR;D3-FA;D3-PM;D3-SAW;D3-UBA,Backup Access Control;Backup Data Recovery;File Analysis;Platform Monitoring;System Access Workflow;User Behavior Analysis
main_007137,8e9ca896e06c158ada0faffe89e1d67ea6ddfcf989b0e1ef0225e0c6857cfcb2,187f622dc0da983d25da3df0e452808a96dd8c64c24aace69bc339cfe47a165d,expiro,0.9999999999993808,High,5000000.0,4999999.999996904,T1027;T1055;T1486,D3-BAC;D3-BDR;D3-FA;D3-PM;D3-SAW;D3-UBA,Backup Access Control;Backup Data Recovery;File Analysis;Platform Monitoring;System Access Workflow;User Behavior Analysis
main_007142,16ddaa3b500d8ea80f5bedc775bc2e24fdc5d866fa2912c0419730a382bfbfd3,77862efd76591a786f99d400c0f97633e2bfb2bbd18b09dd6bf33ebe49f40f07,xmrig,1.0,High,5000000.0,5000000.0,T1027;T1055;T1059,D3-AL;D3-CR;D3-FA;D3-PM;D3-SAW;D3-UBA,Application Allowlisting;Command Restriction;File Analysis;Platform Monitoring;System Access Workflow;User Behavior Analysis
main_007143,ff67bde659796079cec7fef836081848f96725472e31006a5f235d6c2468eb0a,c9e58d481ca76ea25d4579ea39056b5f5e3a5c25648274f9dcd1b6c533284d52,upatre,0.9999999742488532,High,5000000.0,4999999.871244266,T1027;T1055;T1486,D3-BAC;D3-BDR;D3-FA;D3-PM;D3-SAW;D3-UBA,Backup Access Control;Backup Data Recovery;File Analysis;Platform Monitoring;System Access Workflow;User Behavior Analysis
main_007151,7da28c892310df9b73851ee0ed0eb77c09c78b17c0f21afbf247d9b8a276de1d,77862efd76591a786f99d400c0f97633e2bfb2bbd18b09dd6bf33ebe49f40f07,xmrig,1.0,High,5000000.0,5000000.0,T1027;T1055;T1059,D3-AL;D3-CR;D3-FA;D3-PM;D3-SAW;D3-UBA,Application Allowlisting;Command Restriction;File Analysis;Platform Monitoring;System Access Workflow;User Behavior Analysis
main_007152,7b41f2f605b6f5bcd3e1f6483937a5b7cf6ed3c244af1c4517570b5cf69fb323,b83ef675cc28b5b0387916e29e9ced4ef6c6d6ea4fcffdbc3b3b086e80167fce,berbew,0.9999999999085658,High,5000000.0,4999999.999542829,T1027;T1055;T1486,D3-BAC;D3-BDR;D3-FA;D3-PM;D3-SAW;D3-UBA,Backup Access Control;Backup Data Recovery;File Analysis;Platform Monitoring;System Access Workflow;User Behavior Analysis
main_007153,bb87a4edb8a634c34b3b4fbe03f4c1ae4a5737ea50212bc18f3ffd2ee60574a9,8c4b5ea2b7fae72da8843ed3033b100f001fd4e2699ab6cb2c99b44734af6f0e,wabot,0.9999999999664166,High,5000000.0,4999999.999832084,T1027;T1055;T1486,D3-BAC;D3-BDR;D3-FA;D3-PM;D3-SAW;D3-UBA,Backup Access Control;Backup Data Recovery;File Analysis;Platform Monitoring;System Access Workflow;User Behavior Analysis
main_007154,b8d12a0fb46f682635a26822af8d523a5fb88fd3012f1b292f0738d56e2cd1dc,02f47a65d4fd8d00c4aff12092e2155e9f12df2d089bcb1e28b5d65d0d4d7f0f,wacatac,0.9999999999080192,High,5000000.0,4999999.999540096,T1027;T1055;T1486,D3-BAC;D3-BDR;D3-FA;D3-PM;D3-SAW;D3-UBA,Backup Access Control;Backup Data Recovery;File Analysis;Platform Monitoring;System Access Workflow;User Behavior Analysis
main_007164,bf1ebdf53b15ddd3604ecaae2550ecb22548c105515a75e6d8ddea011ad7bafe,77862efd76591a786f99d400c0f97633e2bfb2bbd18b09dd6bf33ebe49f40f07,xmrig,1.0,High,5000000.0,5000000.0,T1027;T1055;T1059,D3-AL;D3-CR;D3-FA;D3-PM;D3-SAW;D3-UBA,Application Allowlisting;Command Restriction;File Analysis;Platform Monitoring;System Access Workflow;User Behavior Analysis
main_007191,3a21bdd81b9443b2590a4b361510878b8f8108712eddd191565db0817900e6be,b83ef675cc28b5b0387916e29e9ced4ef6c6d6ea4fcffdbc3b3b086e80167fce,berbew,0.9999973474752016,High,5000000.0,4999986.737376008,T1027;T1055;T1486,D3-BAC;D3-BDR;D3-FA;D3-PM;D3-SAW;D3-UBA,Backup Access Control;Backup Data Recovery;File Analysis;Platform Monitoring;System Access Workflow;User Behavior Analysis
main_007205,ed203eb3c8fa608f71c852d2681658a595430644f2e27bd988fd8e4d53c377a2,02f47a65d4fd8d00c4aff12092e2155e9f12df2d089bcb1e28b5d65d0d4d7f0f,wacatac,0.9999634847971492,High,5000000.0,4999817.423985747,T1027;T1055;T1486,D3-BAC;D3-BDR;D3-FA;D3-PM;D3-SAW;D3-UBA,Backup Access Control;Backup Data Recovery;File Analysis;Platform Monitoring;System Access Workflow;User Behavior Analysis
main_007206,858091503dc5cb8ce11c1a5ec8822167c6d52ac03e7fcd1af71f1a25c1991b92,72d49f51276bfe8a48b1770f0858af6a307fe180b60efcedd44bcf86ec251706,flystudio,0.9994895819521072,High,5000000.0,4997447.909760537,T1027;T1055;T1486,D3-BAC;D3-BDR;D3-FA;D3-PM;D3-SAW;D3-UBA,Backup Access Control;Backup Data Recovery;File Analysis;Platform Monitoring;System Access Workflow;User Behavior Analysis
main_007207,bce21c58d88e0867fde3d6a78ec5a1f9f695fcafac53d2a63aee3a0975760ec6,eb67daa892830019c3a5cf97e855c9a25df1ac43635824db61bafc6a83109adc,dridex,0.9999999999871312,High,5000000.0,4999999.999935656,T1027;T1055;T1486,D3-BAC;D3-BDR;D3-FA;D3-PM;D3-SAW;D3-UBA,Backup Access Control;Backup Data Recovery;File Analysis;Platform Monitoring;System Access Workflow;User Behavior Analysis
main_007208,5126c18188730c87b4cb837c1b7ba8f9b32a5b9f4d365defca0e625221a39435,b6528b8d460196d24590fc256e3028ded67955d79af712031bd30023ffecfc08,mufila,0.9999999658336148,High,5000000.0,4999999.829168074,T1027;T1055;T1486,D3-BAC;D3-BDR;D3-FA;D3-PM;D3-SAW;D3-UBA,Backup Access Control;Backup Data Recovery;File Analysis;Platform Monitoring;System Access Workflow;User Behavior Analysis
main_007212,2d4bb64fd6e4e263e7f785c58d8ebf6d406b3ab80fb723dc4a5d3b0026dbca08,02f47a65d4fd8d00c4aff12092e2155e9f12df2d089bcb1e28b5d65d0d4d7f0f,wacatac,0.9999999981642688,High,5000000.0,4999999.990821344,T1027;T1055;T1486,D3-BAC;D3-BDR;D3-FA;D3-PM;D3-SAW;D3-UBA,Backup Access Control;Backup Data Recovery;File Analysis;Platform Monitoring;System Access Workflow;User Behavior Analysis
main_007216,e007cf6b31a5a26e09b567bdda7868010fc6b6043e50abe2e864dc3733c44e0b,ef092d42941fb6af2ca50130b1d7a2fb36f80cc98954c008a5ccc00a2995ab79,scarletflash,0.9999983376573012,High,5000000.0,4999991.688286506,T1027;T1055;T1486,D3-BAC;D3-BDR;D3-FA;D3-PM;D3-SAW;D3-UBA,Backup Access Control;Backup Data Recovery;File Analysis;Platform Monitoring;System Access Workflow;User Behavior Analysis
main_007221,3ce7586e5c25506a92dd3bb4d2c6e472608c88209d8b3fa45517de064f2f16a8,acfd227c9e2a637ba527343252a51d6cbf588451f0194210216eeda06e834e95,banload,0.9999999999999996,High,5000000.0,4999999.999999998,T1027;T1055;T1486,D3-BAC;D3-BDR;D3-FA;D3-PM;D3-SAW;D3-UBA,Backup Access Control;Backup Data Recovery;File Analysis;Platform Monitoring;System Access Workflow;User Behavior Analysis
main_007222,f68ee16a5cffa4a3655318b915e660877d078600d24822803e077afde6b240bb,acfd227c9e2a637ba527343252a51d6cbf588451f0194210216eeda06e834e95,banload,0.9999999999999996,High,5000000.0,4999999.999999998,T1027;T1055;T1486,D3-BAC;D3-BDR;D3-FA;D3-PM;D3-SAW;D3-UBA,Backup Access Control;Backup Data Recovery;File Analysis;Platform Monitoring;System Access Workflow;User Behavior Analysis
main_007223,9c5ba7caf3b3e190d07e897a88c1349c57e6a694cc0e5b81b5d65b4a03b1c2db,02f47a65d4fd8d00c4aff12092e2155e9f12df2d089bcb1e28b5d65d0d4d7f0f,wacatac,0.9999999999991982,High,5000000.0,4999999.999995991,T1027;T1055;T1486,D3-BAC;D3-BDR;D3-FA;D3-PM;D3-SAW;D3-UBA,Backup Access Control;Backup Data Recovery;File Analysis;Platform Monitoring;System Access Workflow;User Behavior Analysis
main_007225,a2fb50bbfe220139e320df9d20eb4d8835235cb5a16c160b63d03c87256aed56,02f47a65d4fd8d00c4aff12092e2155e9f12df2d089bcb1e28b5d65d0d4d7f0f,wacatac,0.99999999999958,High,5000000.0,4999999.9999979,T1027;T1055;T1486,D3-BAC;D3-BDR;D3-FA;D3-PM;D3-SAW;D3-UBA,Backup Access Control;Backup Data Recovery;File Analysis;Platform Monitoring;System Access Workflow;User Behavior Analysis
main_007269,d390199f3d2ca188de8b3d6ca1caef666f35f32a1785c26ce9620afb720f1fa9,02f47a65d4fd8d00c4aff12092e2155e9f12df2d089bcb1e28b5d65d0d4d7f0f,wacatac,0.999999999975846,High,5000000.0,4999999.99987923,T1027;T1055;T1486,D3-BAC;D3-BDR;D3-FA;D3-PM;D3-SAW;D3-UBA,Backup Access Control;Backup Data Recovery;File Analysis;Platform Monitoring;System Access Workflow;User Behavior Analysis
main_007271,41c0b45eeee7157a81600386a7abebc0057ceadc41975760070c1721e28f6e4d,a49c1d0380688dd9e1898df37e8a7f9e7747212a5b47494173bd2e4a91452fb7,alien,0.9999998970552132,High,5000000.0,4999999.485276066,T1027;T1055;T1486,D3-BAC;D3-BDR;D3-FA;D3-PM;D3-SAW;D3-UBA,Backup Access Control;Backup Data Recovery;File Analysis;Platform Monitoring;System Access Workflow;User Behavior Analysis
main_007281,c9f0bb12c8934b31499754167305c61c7d0fe55d135954a98ab8aa783cebd4e1,58bb064ce0f0721aab7e4b4285f49e318ee801ab658d49dcfff305df630cc5c9,bedep,0.9999999999602364,High,5000000.0,4999999.999801182,T1027;T1055;T1486,D3-BAC;D3-BDR;D3-FA;D3-PM;D3-SAW;D3-UBA,Backup Access Control;Backup Data Recovery;File Analysis;Platform Monitoring;System Access Workflow;User Behavior Analysis
main_007283,44b431db2cfdfd07a32b2815193a931f59c49971afc76056a37adc318dcc3e5f,02f47a65d4fd8d00c4aff12092e2155e9f12df2d089bcb1e28b5d65d0d4d7f0f,wacatac,0.9999999968197032,High,5000000.0,4999999.984098516,T1027;T1055;T1486,D3-BAC;D3-BDR;D3-FA;D3-PM;D3-SAW;D3-UBA,Backup Access Control;Backup Data Recovery;File Analysis;Platform Monitoring;System Access Workflow;User Behavior Analysis
main_007292,16179c2dad729330e3087caf2e6f2e7db4fb5e850210f203c4d4a56e56016d07,02f47a65d4fd8d00c4aff12092e2155e9f12df2d089bcb1e28b5d65d0d4d7f0f,wacatac,0.9999999999999052,High,5000000.0,4999999.999999526,T1027;T1055;T1486,D3-BAC;D3-BDR;D3-FA;D3-PM;D3-SAW;D3-UBA,Backup Access Control;Backup Data Recovery;File Analysis;Platform Monitoring;System Access Workflow;User Behavior Analysis
main_007293,91462a717e149af9c923a187b97dae15b72420440d12e78232700cbf34b8e507,c9e58d481ca76ea25d4579ea39056b5f5e3a5c25648274f9dcd1b6c533284d52,upatre,0.999999999996568,High,5000000.0,4999999.999982839,T1027;T1055;T1486,D3-BAC;D3-BDR;D3-FA;D3-PM;D3-SAW;D3-UBA,Backup Access Control;Backup Data Recovery;File Analysis;Platform Monitoring;System Access Workflow;User Behavior Analysis
main_007295,9a2cd88b69dba844851ae2d6962c535a41448b498906eaac6ebfb501aa220ad0,fd5104756137718da71be7bec3f2a88cb3dc4f6df936e61e4bd012cb9108027c,convagent,0.9919147481123944,High,5000000.0,4959573.740561972,T1027;T1055;T1486,D3-BAC;D3-BDR;D3-FA;D3-PM;D3-SAW;D3-UBA,Backup Access Control;Backup Data Recovery;File Analysis;Platform Monitoring;System Access Workflow;User Behavior Analysis
main_007326,21e3b7ab2ffb6832dc1c9a30f3a8ec5361a288245df0c9ded2567b138776e6c1,c9e58d481ca76ea25d4579ea39056b5f5e3a5c25648274f9dcd1b6c533284d52,upatre,0.9999999999999571,High,5000000.0,4999999.999999786,T1027;T1055;T1486,D3-BAC;D3-BDR;D3-FA;D3-PM;D3-SAW;D3-UBA,Backup Access Control;Backup Data Recovery;File Analysis;Platform Monitoring;System Access Workflow;User Behavior Analysis
main_007336,b217928396ce98763a85feed90c6f2712744c5aebe4f9a37d40ed3df149e0e26,41e5cac4298e131e87215f8f3e62b154d2629cb3f77817234864d2ea1b4884ed,shelm,0.9999999999783208,High,5000000.0,4999999.999891604,T1027;T1055;T1486,D3-BAC;D3-BDR;D3-FA;D3-PM;D3-SAW;D3-UBA,Backup Access Control;Backup Data Recovery;File Analysis;Platform Monitoring;System Access Workflow;User Behavior Analysis
main_007346,12d93544cedfac042cf7a8a0581722891f535f32a743e3a3c4422f44170912f8,02f47a65d4fd8d00c4aff12092e2155e9f12df2d089bcb1e28b5d65d0d4d7f0f,wacatac,0.9999999360364096,High,5000000.0,4999999.680182048,T1027;T1055;T1486,D3-BAC;D3-BDR;D3-FA;D3-PM;D3-SAW;D3-UBA,Backup Access Control;Backup Data Recovery;File Analysis;Platform Monitoring;System Access Workflow;User Behavior Analysis
main_007352,f2a19e9750a313283e346c20546f14c392fde8e31c48e7c02f4fac1fa0966e0d,58bb064ce0f0721aab7e4b4285f49e318ee801ab658d49dcfff305df630cc5c9,bedep,0.9998515750176588,High,5000000.0,4999257.875088294,T1027;T1055;T1486,D3-BAC;D3-BDR;D3-FA;D3-PM;D3-SAW;D3-UBA,Backup Access Control;Backup Data Recovery;File Analysis;Platform Monitoring;System Access Workflow;User Behavior Analysis
main_007354,951c6890737679fbe43f21f364107e0cdd85cc11542f3875d9e95cc60ef3eec1,99e2d5c6e5fb193a148e06547f5c9bb4e3dd2bc061e9a90592462767e9f80912,disin,0.99999999987173,High,5000000.0,4999999.99935865,T1027;T1055;T1486,D3-BAC;D3-BDR;D3-FA;D3-PM;D3-SAW;D3-UBA,Backup Access Control;Backup Data Recovery;File Analysis;Platform Monitoring;System Access Workflow;User Behavior Analysis
main_007356,4463fb221c57e7a535952a5ad070bf5d5cb3906dd256f7084a4166d93a6c5c1b,72d49f51276bfe8a48b1770f0858af6a307fe180b60efcedd44bcf86ec251706,flystudio,0.999947099793806,High,5000000.0,4999735.498969031,T1027;T1055;T1486,D3-BAC;D3-BDR;D3-FA;D3-PM;D3-SAW;D3-UBA,Backup Access Control;Backup Data Recovery;File Analysis;Platform Monitoring;System Access Workflow;User Behavior Analysis
main_007357,65a585b5e1197a0a02d87e74956886fdd1b8b5b9e18376c80970d626385fb67f,c9e58d481ca76ea25d4579ea39056b5f5e3a5c25648274f9dcd1b6c533284d52,upatre,0.9999999999999878,High,5000000.0,4999999.9999999385,T1027;T1055;T1486,D3-BAC;D3-BDR;D3-FA;D3-PM;D3-SAW;D3-UBA,Backup Access Control;Backup Data Recovery;File Analysis;Platform Monitoring;System Access Workflow;User Behavior Analysis
main_007358,8fb376e4ed74babed07b948b0af33e21e00daad99eea72d9b0c84f16e82c9728,3bea44f95b17af14e750df7ab567b80b5e9aaaab87c2b4c1204f2269f98af653,disco,0.9999999994889914,High,5000000.0,4999999.9974449575,T1027;T1055;T1486,D3-BAC;D3-BDR;D3-FA;D3-PM;D3-SAW;D3-UBA,Backup Access Control;Backup Data Recovery;File Analysis;Platform Monitoring;System Access Workflow;User Behavior Analysis
main_007360,b6bd1d5021948937c1e782a06e03c71eefcd5e50812988bc6e3f0b0fb8d169da,ca6ac6af66c22d8acdd6e42a00a9a21a24a37e3fa6a018662fb6dbaabfe7a96d,metasploit,0.9999999999996378,High,5000000.0,4999999.9999981895,T1027;T1055;T1486,D3-BAC;D3-BDR;D3-FA;D3-PM;D3-SAW;D3-UBA,Backup Access Control;Backup Data Recovery;File Analysis;Platform Monitoring;System Access Workflow;User Behavior Analysis
main_007402,43bb6c58a2c3f8efeda9e358ad6f7985398afcf9f5c381d3a6415b72f18b3318,187f622dc0da983d25da3df0e452808a96dd8c64c24aace69bc339cfe47a165d,expiro,0.9998894181760036,High,5000000.0,4999447.090880018,T1027;T1055;T1486,D3-BAC;D3-BDR;D3-FA;D3-PM;D3-SAW;D3-UBA,Backup Access Control;Backup Data Recovery;File Analysis;Platform Monitoring;System Access Workflow;User Behavior Analysis
main_007427,4a0d215666b9c68e1b144b12b653ecf136110869aeaafbb2fb2162eab6cfe0fa,02f47a65d4fd8d00c4aff12092e2155e9f12df2d089bcb1e28b5d65d0d4d7f0f,wacatac,0.957479557865136,High,5000000.0,4787397.789325681,T1027;T1055;T1486,D3-BAC;D3-BDR;D3-FA;D3-PM;D3-SAW;D3-UBA,Backup Access Control;Backup Data Recovery;File Analysis;Platform Monitoring;System Access Workflow;User Behavior Analysis
main_007433,b9d348496b9a8478fb8bb4bad4cc2c0f11920ef9def9549e4c2a5cc39dfa69b6,fd5104756137718da71be7bec3f2a88cb3dc4f6df936e61e4bd012cb9108027c,convagent,0.9999999822373032,High,5000000.0,4999999.911186516,T1027;T1055;T1486,D3-BAC;D3-BDR;D3-FA;D3-PM;D3-SAW;D3-UBA,Backup Access Control;Backup Data Recovery;File Analysis;Platform Monitoring;System Access Workflow;User Behavior Analysis
main_007436,93379c2f4cb3be7656bfdaeaaedab0685d84768c2f1a21138184e341baddc584,99e2d5c6e5fb193a148e06547f5c9bb4e3dd2bc061e9a90592462767e9f80912,disin,0.9999999999975406,High,5000000.0,4999999.999987703,T1027;T1055;T1486,D3-BAC;D3-BDR;D3-FA;D3-PM;D3-SAW;D3-UBA,Backup Access Control;Backup Data Recovery;File Analysis;Platform Monitoring;System Access Workflow;User Behavior Analysis
main_007438,cba9d25dbc8784fc8464ee2da80f3106525f2612688ecd11fccb2e35400a41d1,02f47a65d4fd8d00c4aff12092e2155e9f12df2d089bcb1e28b5d65d0d4d7f0f,wacatac,0.9999999999996738,High,5000000.0,4999999.999998369,T1027;T1055;T1486,D3-BAC;D3-BDR;D3-FA;D3-PM;D3-SAW;D3-UBA,Backup Access Control;Backup Data Recovery;File Analysis;Platform Monitoring;System Access Workflow;User Behavior Analysis
main_007445,0b4331ce70ede222eb47d86d75e126d2a29eeab53ed345b44267421a7a5ba952,3bea44f95b17af14e750df7ab567b80b5e9aaaab87c2b4c1204f2269f98af653,disco,0.9997695423977724,High,5000000.0,4998847.711988862,T1027;T1055;T1486,D3-BAC;D3-BDR;D3-FA;D3-PM;D3-SAW;D3-UBA,Backup Access Control;Backup Data Recovery;File Analysis;Platform Monitoring;System Access Workflow;User Behavior Analysis
main_007448,2d3d6faaf036f01f8c80348e853806c056d095d9a248fcdcd04e478922f56e93,02f47a65d4fd8d00c4aff12092e2155e9f12df2d089bcb1e28b5d65d0d4d7f0f,wacatac,0.9999999923169726,High,5000000.0,4999999.961584863,T1027;T1055;T1486,D3-BAC;D3-BDR;D3-FA;D3-PM;D3-SAW;D3-UBA,Backup Access Control;Backup Data Recovery;File Analysis;Platform Monitoring;System Access Workflow;User Behavior Analysis
main_007451,61dfbf3270bdef9a59cbb5b7fe0080a3c6ccbc61c44f369a5b536406d52528e6,02f47a65d4fd8d00c4aff12092e2155e9f12df2d089bcb1e28b5d65d0d4d7f0f,wacatac,0.9997140435402868,High,5000000.0,4998570.217701434,T1027;T1055;T1486,D3-BAC;D3-BDR;D3-FA;D3-PM;D3-SAW;D3-UBA,Backup Access Control;Backup Data Recovery;File Analysis;Platform Monitoring;System Access Workflow;User Behavior Analysis
main_007461,5c3f40864866c62745026361ce1b537bc7e5bf80a8439e53b1bc9787325d4f52,02f47a65d4fd8d00c4aff12092e2155e9f12df2d089bcb1e28b5d65d0d4d7f0f,wacatac,0.9999999944355712,High,5000000.0,4999999.972177856,T1027;T1055;T1486,D3-BAC;D3-BDR;D3-FA;D3-PM;D3-SAW;D3-UBA,Backup Access Control;Backup Data Recovery;File Analysis;Platform Monitoring;System Access Workflow;User Behavior Analysis
main_007462,eef37f1ef9062cfdfb16f2def44b8436ef314e911f8914b195962e65d28f03dd,99e2d5c6e5fb193a148e06547f5c9bb4e3dd2bc061e9a90592462767e9f80912,disin,0.9999999999968384,High,5000000.0,4999999.999984192,T1027;T1055;T1486,D3-BAC;D3-BDR;D3-FA;D3-PM;D3-SAW;D3-UBA,Backup Access Control;Backup Data Recovery;File Analysis;Platform Monitoring;System Access Workflow;User Behavior Analysis
main_007471,3d78c89a762172fb2e1768ed1ad5e55202257db046c2c61f1b14b7b801dda9b8,ef092d42941fb6af2ca50130b1d7a2fb36f80cc98954c008a5ccc00a2995ab79,scarletflash,0.9998321296874138,High,5000000.0,4999160.648437069,T1027;T1055;T1486,D3-BAC;D3-BDR;D3-FA;D3-PM;D3-SAW;D3-UBA,Backup Access Control;Backup Data Recovery;File Analysis;Platform Monitoring;System Access Workflow;User Behavior Analysis
main_007474,b17d66f1ed3523b5760bce6f977938ad6116ed99fe7d88210e077abbe9e59a99,99e2d5c6e5fb193a148e06547f5c9bb4e3dd2bc061e9a90592462767e9f80912,disin,0.9999999999993116,High,5000000.0,4999999.999996558,T1027;T1055;T1486,D3-BAC;D3-BDR;D3-FA;D3-PM;D3-SAW;D3-UBA,Backup Access Control;Backup Data Recovery;File Analysis;Platform Monitoring;System Access Workflow;User Behavior Analysis
main_007481,7daabe46f8550356c025140000b027e3cc571f32e892cd23810f8b650946b3fe,c8b999ec8614bd108b6640f976e6442afa74ef68f3436b132f6e6dfe4879fcad,grandoreiro,0.9996996191520224,High,5000000.0,4998498.095760113,T1027;T1055;T1486,D3-BAC;D3-BDR;D3-FA;D3-PM;D3-SAW;D3-UBA,Backup Access Control;Backup Data Recovery;File Analysis;Platform Monitoring;System Access Workflow;User Behavior Analysis
main_007491,d65fcb3819881a77e908a84e0afa95b1849dd9c1fd2642b6816babaa73a4f76c,ef092d42941fb6af2ca50130b1d7a2fb36f80cc98954c008a5ccc00a2995ab79,scarletflash,0.9999999999949564,High,5000000.0,4999999.999974782,T1027;T1055;T1486,D3-BAC;D3-BDR;D3-FA;D3-PM;D3-SAW;D3-UBA,Backup Access Control;Backup Data Recovery;File Analysis;Platform Monitoring;System Access Workflow;User Behavior Analysis
main_007492,ec8e8f1223ad04340cf7189d77bc8b7466db1718c7b324322b1623175e03816b,58bb064ce0f0721aab7e4b4285f49e318ee801ab658d49dcfff305df630cc5c9,bedep,0.9999999335473828,High,5000000.0,4999999.667736914,T1027;T1055;T1486,D3-BAC;D3-BDR;D3-FA;D3-PM;D3-SAW;D3-UBA,Backup Access Control;Backup Data Recovery;File Analysis;Platform Monitoring;System Access Workflow;User Behavior Analysis
main_007502,03373044fd5e48c9f48d9cbe0427b8459b15acac9fb1d6e301ad5da4b242f4a9,7f411c23e7d9d268b51470b27920d362905e71fca86a2ef5c70747984b30a29a,redline,0.9999988456497662,High,5000000.0,4999994.228248831,T1027;T1055;T1486,D3-BAC;D3-BDR;D3-FA;D3-PM;D3-SAW;D3-UBA,Backup Access Control;Backup Data Recovery;File Analysis;Platform Monitoring;System Access Workflow;User Behavior Analysis
main_007511,9536a029173a303394c277a7d51ad30561cfb7088993de5d5db223390905302f,02f47a65d4fd8d00c4aff12092e2155e9f12df2d089bcb1e28b5d65d0d4d7f0f,wacatac,0.999999999984002,High,5000000.0,4999999.99992001,T1027;T1055;T1486,D3-BAC;D3-BDR;D3-FA;D3-PM;D3-SAW;D3-UBA,Backup Access Control;Backup Data Recovery;File Analysis;Platform Monitoring;System Access Workflow;User Behavior Analysis
main_007521,700a0c71a94c5b8554461e89dca6c7c0ce50e6c1baafb6cba638a5356cbd2ef2,ef092d42941fb6af2ca50130b1d7a2fb36f80cc98954c008a5ccc00a2995ab79,scarletflash,0.9999999859781464,High,5000000.0,4999999.929890732,T1027;T1055;T1486,D3-BAC;D3-BDR;D3-FA;D3-PM;D3-SAW;D3-UBA,Backup Access Control;Backup Data Recovery;File Analysis;Platform Monitoring;System Access Workflow;User Behavior Analysis
main_007522,c65ea6daa21bf6720075d1a97d21f30c7de5dd671c81c701615d3b0543e18f9d,ef092d42941fb6af2ca50130b1d7a2fb36f80cc98954c008a5ccc00a2995ab79,scarletflash,0.99999999982621,High,5000000.0,4999999.99913105,T1027;T1055;T1486,D3-BAC;D3-BDR;D3-FA;D3-PM;D3-SAW;D3-UBA,Backup Access Control;Backup Data Recovery;File Analysis;Platform Monitoring;System Access Workflow;User Behavior Analysis
main_007524,f8ace5468ad1179e0e2fdee204a6cb1464b7841dbeac3e0164d5ba8b39a6c78b,187f622dc0da983d25da3df0e452808a96dd8c64c24aace69bc339cfe47a165d,expiro,0.9999999260461018,High,5000000.0,4999999.630230509,T1027;T1055;T1486,D3-BAC;D3-BDR;D3-FA;D3-PM;D3-SAW;D3-UBA,Backup Access Control;Backup Data Recovery;File Analysis;Platform Monitoring;System Access Workflow;User Behavior Analysis
main_007526,a5eb066abcf9b6d61f363d16fe0a62d2387ae8e6b7bc21235f636377c042d6b8,187f622dc0da983d25da3df0e452808a96dd8c64c24aace69bc339cfe47a165d,expiro,0.9999999999746004,High,5000000.0,4999999.999873002,T1027;T1055;T1486,D3-BAC;D3-BDR;D3-FA;D3-PM;D3-SAW;D3-UBA,Backup Access Control;Backup Data Recovery;File Analysis;Platform Monitoring;System Access Workflow;User Behavior Analysis
main_007530,2f1224343938a405b636d9d4c1b8ec099810d85ccbed09111e606237b15dfb2f,9716244ca0bc92f2dff5d99c7c2004cc3b9bfb30bbcaa8b85b428409d5c1e1f9,gandcrab,0.9999867958237892,High,5000000.0,4999933.979118946,T1027;T1055;T1486,D3-BAC;D3-BDR;D3-FA;D3-PM;D3-SAW;D3-UBA,Backup Access Control;Backup Data Recovery;File Analysis;Platform Monitoring;System Access Workflow;User Behavior Analysis
main_007535,71e8b688c87b5f9d1cdae4ec750ef400dc280bc90e8437c62e4050ed4c9f9a79,187f622dc0da983d25da3df0e452808a96dd8c64c24aace69bc339cfe47a165d,expiro,0.9999999999999938,High,5000000.0,4999999.999999969,T1027;T1055;T1486,D3-BAC;D3-BDR;D3-FA;D3-PM;D3-SAW;D3-UBA,Backup Access Control;Backup Data Recovery;File Analysis;Platform Monitoring;System Access Workflow;User Behavior Analysis
main_007542,cfc4b9ddd05525fb516a4e46e39ddb4ea2ac5a0fcefad4fd9e2c9646ea3a4a26,187f622dc0da983d25da3df0e452808a96dd8c64c24aace69bc339cfe47a165d,expiro,0.9999999999999922,High,5000000.0,4999999.999999961,T1027;T1055;T1486,D3-BAC;D3-BDR;D3-FA;D3-PM;D3-SAW;D3-UBA,Backup Access Control;Backup Data Recovery;File Analysis;Platform Monitoring;System Access Workflow;User Behavior Analysis
main_007543,a3072ed62f694261ffa20a658bc516e97f9c87c672e71430633644423e7b5339,02f47a65d4fd8d00c4aff12092e2155e9f12df2d089bcb1e28b5d65d0d4d7f0f,wacatac,0.9999999999756156,High,5000000.0,4999999.999878078,T1027;T1055;T1486,D3-BAC;D3-BDR;D3-FA;D3-PM;D3-SAW;D3-UBA,Backup Access Control;Backup Data Recovery;File Analysis;Platform Monitoring;System Access Workflow;User Behavior Analysis
main_007551,5d96c8625f769ae0fd9fc6ef59f5f79b8d77bcb3bfef7ad066e85e8bef527a40,c61f9dbf4af88faf1552da707a9ba3d86a76deee0ff1e082e6a9c784274920d6,ulise,0.9999999999295984,High,5000000.0,4999999.999647992,T1027;T1055;T1486,D3-BAC;D3-BDR;D3-FA;D3-PM;D3-SAW;D3-UBA,Backup Access Control;Backup Data Recovery;File Analysis;Platform Monitoring;System Access Workflow;User Behavior Analysis
main_007552,b1ca41d38c276af0425cae51160a17a8d178f5da2b8cea473db6e8e2505c0470,c8b999ec8614bd108b6640f976e6442afa74ef68f3436b132f6e6dfe4879fcad,grandoreiro,0.9999999999849204,High,5000000.0,4999999.999924602,T1027;T1055;T1486,D3-BAC;D3-BDR;D3-FA;D3-PM;D3-SAW;D3-UBA,Backup Access Control;Backup Data Recovery;File Analysis;Platform Monitoring;System Access Workflow;User Behavior Analysis
main_007560,d300644571cbecea007f4f5332c398f081882dfef5c7e43cac0d3dc96ce30a3c,d711b7a44fad7b8bc0f622f2fbf870fb0f62f82a5a5a78c5499a9b4110118984,goshell,0.9999999883964182,High,5000000.0,4999999.941982091,T1027;T1055;T1486,D3-BAC;D3-BDR;D3-FA;D3-PM;D3-SAW;D3-UBA,Backup Access Control;Backup Data Recovery;File Analysis;Platform Monitoring;System Access Workflow;User Behavior Analysis
main_007561,928eecfa4b83de6a5dbfb6deb8ebde8a57b5782e83ca730b1f20f2e4463661be,187f622dc0da983d25da3df0e452808a96dd8c64c24aace69bc339cfe47a165d,expiro,0.9999999999999936,High,5000000.0,4999999.999999967,T1027;T1055;T1486,D3-BAC;D3-BDR;D3-FA;D3-PM;D3-SAW;D3-UBA,Backup Access Control;Backup Data Recovery;File Analysis;Platform Monitoring;System Access Workflow;User Behavior Analysis
main_007562,5ae79b4396e5bea3a7fe38d1383211c60d8b560053597fce70ae650264d7b36b,7f411c23e7d9d268b51470b27920d362905e71fca86a2ef5c70747984b30a29a,redline,0.999943717808703,High,5000000.0,4999718.589043515,T1027;T1055;T1486,D3-BAC;D3-BDR;D3-FA;D3-PM;D3-SAW;D3-UBA,Backup Access Control;Backup Data Recovery;File Analysis;Platform Monitoring;System Access Workflow;User Behavior Analysis
main_007563,1a7384007917a3d013ad9f56ec14fc467cb2458d188dd7ff6cd42ac8f036903f,c8b999ec8614bd108b6640f976e6442afa74ef68f3436b132f6e6dfe4879fcad,grandoreiro,0.9999999999442826,High,5000000.0,4999999.999721413,T1027;T1055;T1486,D3-BAC;D3-BDR;D3-FA;D3-PM;D3-SAW;D3-UBA,Backup Access Control;Backup Data Recovery;File Analysis;Platform Monitoring;System Access Workflow;User Behavior Analysis
main_007567,1a747c7c05b9f96dae565ade883f44225b44ad5a9e43ee40fa5f47a5d1164976,99e2d5c6e5fb193a148e06547f5c9bb4e3dd2bc061e9a90592462767e9f80912,disin,0.9999999999962697,High,5000000.0,4999999.999981348,T1027;T1055;T1486,D3-BAC;D3-BDR;D3-FA;D3-PM;D3-SAW;D3-UBA,Backup Access Control;Backup Data Recovery;File Analysis;Platform Monitoring;System Access Workflow;User Behavior Analysis
main_007583,1e6e2904504a0ee2a87738ce01b85c9359acf5640699dcf29ca3e62b7e83c119,99e2d5c6e5fb193a148e06547f5c9bb4e3dd2bc061e9a90592462767e9f80912,disin,0.9999999960626318,High,5000000.0,4999999.980313159,T1027;T1055;T1486,D3-BAC;D3-BDR;D3-FA;D3-PM;D3-SAW;D3-UBA,Backup Access Control;Backup Data Recovery;File Analysis;Platform Monitoring;System Access Workflow;User Behavior Analysis
main_007589,f0dd23b6e445bad48188080a0c7bafd42f6b1283d059c367f87db92e8adcfecc,77862efd76591a786f99d400c0f97633e2bfb2bbd18b09dd6bf33ebe49f40f07,xmrig,0.9999999999999992,High,5000000.0,4999999.999999996,T1027;T1055;T1059,D3-AL;D3-CR;D3-FA;D3-PM;D3-SAW;D3-UBA,Application Allowlisting;Command Restriction;File Analysis;Platform Monitoring;System Access Workflow;User Behavior Analysis
main_007601,d3ec05c0f9222e36f6541462caa951221ee7caa380017fe9ad2fb6f75cf59e37,187f622dc0da983d25da3df0e452808a96dd8c64c24aace69bc339cfe47a165d,expiro,0.9999999995437848,High,5000000.0,4999999.997718924,T1027;T1055;T1486,D3-BAC;D3-BDR;D3-FA;D3-PM;D3-SAW;D3-UBA,Backup Access Control;Backup Data Recovery;File Analysis;Platform Monitoring;System Access Workflow;User Behavior Analysis
main_007603,0b3e436c4db957c29a8eaceb1c9c21c324b93248882a3c1945933f9c50be2f74,187f622dc0da983d25da3df0e452808a96dd8c64c24aace69bc339cfe47a165d,expiro,0.9999848804940183,High,5000000.0,4999924.402470091,T1027;T1055;T1486,D3-BAC;D3-BDR;D3-FA;D3-PM;D3-SAW;D3-UBA,Backup Access Control;Backup Data Recovery;File Analysis;Platform Monitoring;System Access Workflow;User Behavior Analysis
main_007607,fd45bd3ab59e731d7273b6ec5d9f745c974725ef12bac87562a495dec3a3b6f7,c8b999ec8614bd108b6640f976e6442afa74ef68f3436b132f6e6dfe4879fcad,grandoreiro,0.999999999999047,High,5000000.0,4999999.999995235,T1027;T1055;T1486,D3-BAC;D3-BDR;D3-FA;D3-PM;D3-SAW;D3-UBA,Backup Access Control;Backup Data Recovery;File Analysis;Platform Monitoring;System Access Workflow;User Behavior Analysis
main_007634,175c321cd82e354dfd903ccdab8a007d22510d5a7ebdaa316d87892e341dd02c,02f47a65d4fd8d00c4aff12092e2155e9f12df2d089bcb1e28b5d65d0d4d7f0f,wacatac,0.9999260175282436,High,5000000.0,4999630.087641218,T1027;T1055;T1486,D3-BAC;D3-BDR;D3-FA;D3-PM;D3-SAW;D3-UBA,Backup Access Control;Backup Data Recovery;File Analysis;Platform Monitoring;System Access Workflow;User Behavior Analysis
main_007635,7525725ef5510f3ade28c3b1069e38b4296a15145938386bbe083c3da9852724,2351cb0b2eccd0155081509ebf8a86177b0fde5ebf5d162ea5728eea79c2db05,trollav,0.9999999999999198,High,5000000.0,4999999.9999996,T1027;T1055;T1486,D3-BAC;D3-BDR;D3-FA;D3-PM;D3-SAW;D3-UBA,Backup Access Control;Backup Data Recovery;File Analysis;Platform Monitoring;System Access Workflow;User Behavior Analysis
main_007640,1ad9c1acdb39eac3347b0550c215cbdf6b741d0efa6fbfc8c60eb50c622f85c3,99e2d5c6e5fb193a148e06547f5c9bb4e3dd2bc061e9a90592462767e9f80912,disin,0.9999999999999952,High,5000000.0,4999999.999999976,T1027;T1055;T1486,D3-BAC;D3-BDR;D3-FA;D3-PM;D3-SAW;D3-UBA,Backup Access Control;Backup Data Recovery;File Analysis;Platform Monitoring;System Access Workflow;User Behavior Analysis
main_007643,b6de47954989a6b59a820f6a0803caf99dd15bbc5a0654fb49b30de9a6729165,02f47a65d4fd8d00c4aff12092e2155e9f12df2d089bcb1e28b5d65d0d4d7f0f,wacatac,0.9999999999883448,High,5000000.0,4999999.999941723,T1027;T1055;T1486,D3-BAC;D3-BDR;D3-FA;D3-PM;D3-SAW;D3-UBA,Backup Access Control;Backup Data Recovery;File Analysis;Platform Monitoring;System Access Workflow;User Behavior Analysis
main_007651,128ec295c8aaa07282fa737a44495bf540d86076a89b1fd4eecfe8513ddf729f,4fb6a3a065206f6c64d4b7b0a750f1fb7f275d8eac89509fc863adb9138f3907,reflo,0.999999862782908,High,5000000.0,4999999.31391454,T1027;T1055;T1486,D3-BAC;D3-BDR;D3-FA;D3-PM;D3-SAW;D3-UBA,Backup Access Control;Backup Data Recovery;File Analysis;Platform Monitoring;System Access Workflow;User Behavior Analysis
main_007653,49c4f15c272ccae6c02780a38860be072c77ca85940cff8a63826acbf5d6bb6c,58bb064ce0f0721aab7e4b4285f49e318ee801ab658d49dcfff305df630cc5c9,bedep,0.9999999999270484,High,5000000.0,4999999.999635242,T1027;T1055;T1486,D3-BAC;D3-BDR;D3-FA;D3-PM;D3-SAW;D3-UBA,Backup Access Control;Backup Data Recovery;File Analysis;Platform Monitoring;System Access Workflow;User Behavior Analysis
main_007655,0204695a5c6fe447ef233d1ac3f2818ef21b6eefa008d551f5af349203e3b9d2,02f47a65d4fd8d00c4aff12092e2155e9f12df2d089bcb1e28b5d65d0d4d7f0f,wacatac,0.999999999904972,High,5000000.0,4999999.99952486,T1027;T1055;T1486,D3-BAC;D3-BDR;D3-FA;D3-PM;D3-SAW;D3-UBA,Backup Access Control;Backup Data Recovery;File Analysis;Platform Monitoring;System Access Workflow;User Behavior Analysis
main_007705,f83689b15a80d0369d09751ed59c3aa6b757f019428408db27227044e614d26f,02f47a65d4fd8d00c4aff12092e2155e9f12df2d089bcb1e28b5d65d0d4d7f0f,wacatac,0.999999749914915,High,5000000.0,4999998.749574576,T1027;T1055;T1486,D3-BAC;D3-BDR;D3-FA;D3-PM;D3-SAW;D3-UBA,Backup Access Control;Backup Data Recovery;File Analysis;Platform Monitoring;System Access Workflow;User Behavior Analysis
main_007714,ad1ea960327c4ae6cc1cb52138657cfefe822302185c2b068b7048cbb23dfe07,02f47a65d4fd8d00c4aff12092e2155e9f12df2d089bcb1e28b5d65d0d4d7f0f,wacatac,0.9999999999972082,High,5000000.0,4999999.999986041,T1027;T1055;T1486,D3-BAC;D3-BDR;D3-FA;D3-PM;D3-SAW;D3-UBA,Backup Access Control;Backup Data Recovery;File Analysis;Platform Monitoring;System Access Workflow;User Behavior Analysis
main_007719,e7e55833ac7b0da9fd4baa6712e132aff2f0d3746ff90f2452165a47027df0ff,2351cb0b2eccd0155081509ebf8a86177b0fde5ebf5d162ea5728eea79c2db05,trollav,0.9999999999999712,High,5000000.0,4999999.999999857,T1027;T1055;T1486,D3-BAC;D3-BDR;D3-FA;D3-PM;D3-SAW;D3-UBA,Backup Access Control;Backup Data Recovery;File Analysis;Platform Monitoring;System Access Workflow;User Behavior Analysis
main_007722,ece2d9a2d7fc76a0d66557b12a1cd04fce67f26b3af1b5d12f7810f80e1dd544,187f622dc0da983d25da3df0e452808a96dd8c64c24aace69bc339cfe47a165d,expiro,0.9999999999999802,High,5000000.0,4999999.999999901,T1027;T1055;T1486,D3-BAC;D3-BDR;D3-FA;D3-PM;D3-SAW;D3-UBA,Backup Access Control;Backup Data Recovery;File Analysis;Platform Monitoring;System Access Workflow;User Behavior Analysis
main_007730,632efa0b1c5237573f2b71dcc014b5b52165b46b2091d2bb0d12625915eaec77,58bb064ce0f0721aab7e4b4285f49e318ee801ab658d49dcfff305df630cc5c9,bedep,0.9999999998980088,High,5000000.0,4999999.999490044,T1027;T1055;T1486,D3-BAC;D3-BDR;D3-FA;D3-PM;D3-SAW;D3-UBA,Backup Access Control;Backup Data Recovery;File Analysis;Platform Monitoring;System Access Workflow;User Behavior Analysis
main_007744,eb233aa109898edd87f288a224f24e7591a2346788347638d5aaa56503513b71,98a7a04a7774052fcbb2460d367914459eb05a026d944c822f136ddb7fdc7484,sinowal,0.9999956907748224,High,5000000.0,4999978.453874112,T1027;T1055;T1486,D3-BAC;D3-BDR;D3-FA;D3-PM;D3-SAW;D3-UBA,Backup Access Control;Backup Data Recovery;File Analysis;Platform Monitoring;System Access Workflow;User Behavior Analysis
main_007749,9ca2219f66407edbb55dae7f8a00a0e9a5065e8934fbb65769e27e36a985d8aa,02f47a65d4fd8d00c4aff12092e2155e9f12df2d089bcb1e28b5d65d0d4d7f0f,wacatac,0.9999999960084528,High,5000000.0,4999999.980042264,T1027;T1055;T1486,D3-BAC;D3-BDR;D3-FA;D3-PM;D3-SAW;D3-UBA,Backup Access Control;Backup Data Recovery;File Analysis;Platform Monitoring;System Access Workflow;User Behavior Analysis
main_007750,1d5028b754b903f71791b84fed783d3c94535eb4f07ea7fb8ec6dccb116465c9,99e2d5c6e5fb193a148e06547f5c9bb4e3dd2bc061e9a90592462767e9f80912,disin,0.9999999999968714,High,5000000.0,4999999.999984357,T1027;T1055;T1486,D3-BAC;D3-BDR;D3-FA;D3-PM;D3-SAW;D3-UBA,Backup Access Control;Backup Data Recovery;File Analysis;Platform Monitoring;System Access Workflow;User Behavior Analysis
main_007756,689af5838c747b2d4901d705e2a4b387d7a13cbc33399684713681a421dc54f9,eb67daa892830019c3a5cf97e855c9a25df1ac43635824db61bafc6a83109adc,dridex,0.9999996000934368,High,5000000.0,4999998.000467184,T1027;T1055;T1486,D3-BAC;D3-BDR;D3-FA;D3-PM;D3-SAW;D3-UBA,Backup Access Control;Backup Data Recovery;File Analysis;Platform Monitoring;System Access Workflow;User Behavior Analysis
main_007764,ae5819acfc00f3f94e681ebdd82a093edb0d6c5f89e3cdecb06f3a8e1e02f911,58bb064ce0f0721aab7e4b4285f49e318ee801ab658d49dcfff305df630cc5c9,bedep,0.9999999995046988,High,5000000.0,4999999.997523494,T1027;T1055;T1486,D3-BAC;D3-BDR;D3-FA;D3-PM;D3-SAW;D3-UBA,Backup Access Control;Backup Data Recovery;File Analysis;Platform Monitoring;System Access Workflow;User Behavior Analysis
main_007773,239f19d0eac7cd90024e4d785c8d60ee740d71c8312d4ebac933ada99fcf9745,ca6ac6af66c22d8acdd6e42a00a9a21a24a37e3fa6a018662fb6dbaabfe7a96d,metasploit,0.9999999946042876,High,5000000.0,4999999.973021437,T1027;T1055;T1486,D3-BAC;D3-BDR;D3-FA;D3-PM;D3-SAW;D3-UBA,Backup Access Control;Backup Data Recovery;File Analysis;Platform Monitoring;System Access Workflow;User Behavior Analysis
main_007776,b0cec0900c4cb849ef0f66b9d53bc75df1450f8477ab5cf1244f96ff221ef69d,c48346bb37a583087929a55bb12086e961175a656e68659f14a4afcdb2fe9cc6,doenerium,0.996716755051317,High,5000000.0,4983583.775256584,T1027;T1055;T1486,D3-BAC;D3-BDR;D3-FA;D3-PM;D3-SAW;D3-UBA,Backup Access Control;Backup Data Recovery;File Analysis;Platform Monitoring;System Access Workflow;User Behavior Analysis
main_007779,c799f2c7c6a3f4acaa26f1aecee685d10f37e521e99b6ae3f35ab11317a8efdd,99e2d5c6e5fb193a148e06547f5c9bb4e3dd2bc061e9a90592462767e9f80912,disin,0.9999999999848715,High,5000000.0,4999999.999924358,T1027;T1055;T1486,D3-BAC;D3-BDR;D3-FA;D3-PM;D3-SAW;D3-UBA,Backup Access Control;Backup Data Recovery;File Analysis;Platform Monitoring;System Access Workflow;User Behavior Analysis
main_007782,58d2a2a323b133b58518d479f38bcb6951c2623028c92ac4905370d0ca58d3b7,58bb064ce0f0721aab7e4b4285f49e318ee801ab658d49dcfff305df630cc5c9,bedep,0.999942635859659,High,5000000.0,4999713.179298295,T1027;T1055;T1486,D3-BAC;D3-BDR;D3-FA;D3-PM;D3-SAW;D3-UBA,Backup Access Control;Backup Data Recovery;File Analysis;Platform Monitoring;System Access Workflow;User Behavior Analysis
main_007803,f35262e5ceb7d0ff06fb421a2f576e7f2dbe327e9506423bb5ca6b2cb5abfe52,02f47a65d4fd8d00c4aff12092e2155e9f12df2d089bcb1e28b5d65d0d4d7f0f,wacatac,0.9999999234611776,High,5000000.0,4999999.617305888,T1027;T1055;T1486,D3-BAC;D3-BDR;D3-FA;D3-PM;D3-SAW;D3-UBA,Backup Access Control;Backup Data Recovery;File Analysis;Platform Monitoring;System Access Workflow;User Behavior Analysis
main_007805,32a00d575f314a6ed9bb93a645e326b85c8f42f602f3ef8f6ce8e0eb66633ee8,c8b999ec8614bd108b6640f976e6442afa74ef68f3436b132f6e6dfe4879fcad,grandoreiro,0.998990370732064,High,5000000.0,4994951.85366032,T1027;T1055;T1486,D3-BAC;D3-BDR;D3-FA;D3-PM;D3-SAW;D3-UBA,Backup Access Control;Backup Data Recovery;File Analysis;Platform Monitoring;System Access Workflow;User Behavior Analysis
main_007830,6a2bfa17a5d0046cdb7507b7e247d3b38b9039989e2047adc336b81ce9b95b8a,79ebf38908266548548d18873508363aa1c9da68d8dbc309a127ef09209ae364,doina,0.9999999999399852,High,5000000.0,4999999.999699926,T1027;T1055;T1486,D3-BAC;D3-BDR;D3-FA;D3-PM;D3-SAW;D3-UBA,Backup Access Control;Backup Data Recovery;File Analysis;Platform Monitoring;System Access Workflow;User Behavior Analysis
main_007832,62547da16f6628e23949276991d74605192c6410d9ccc84f269fb111fc069a28,58bb064ce0f0721aab7e4b4285f49e318ee801ab658d49dcfff305df630cc5c9,bedep,0.9999991691749304,High,5000000.0,4999995.845874652,T1027;T1055;T1486,D3-BAC;D3-BDR;D3-FA;D3-PM;D3-SAW;D3-UBA,Backup Access Control;Backup Data Recovery;File Analysis;Platform Monitoring;System Access Workflow;User Behavior Analysis
main_007839,bb7e534b43f8394e346ed6b67173468e1b62db84fb314c405ae908c23f04f4c5,ca6ac6af66c22d8acdd6e42a00a9a21a24a37e3fa6a018662fb6dbaabfe7a96d,metasploit,0.9999999996976332,High,5000000.0,4999999.998488166,T1027;T1055;T1486,D3-BAC;D3-BDR;D3-FA;D3-PM;D3-SAW;D3-UBA,Backup Access Control;Backup Data Recovery;File Analysis;Platform Monitoring;System Access Workflow;User Behavior Analysis
main_007842,b780e255a6b8ad70c09af738c66ef2ba883dda4db688ea88de6c55208a077df5,7f411c23e7d9d268b51470b27920d362905e71fca86a2ef5c70747984b30a29a,redline,0.9997798293582768,High,5000000.0,4998899.146791384,T1027;T1055;T1486,D3-BAC;D3-BDR;D3-FA;D3-PM;D3-SAW;D3-UBA,Backup Access Control;Backup Data Recovery;File Analysis;Platform Monitoring;System Access Workflow;User Behavior Analysis
main_007847,c6345d4059e90c0088b8086f4cebf2e52d02d3514a009d26a6c4885ce37d4eb8,472473512e26748d79480e1fa44ad0a0814b226d3fdd3c0d4217e14b1427b2cd,khalesi,0.9999497485967044,High,5000000.0,4999748.742983522,T1027;T1055;T1486,D3-BAC;D3-BDR;D3-FA;D3-PM;D3-SAW;D3-UBA,Backup Access Control;Backup Data Recovery;File Analysis;Platform Monitoring;System Access Workflow;User Behavior Analysis
main_007848,b3cb2b5fc917a9a2c9c7b6f1598d9938ad8a183eda4390e63b2ac0e0300d07c0,472473512e26748d79480e1fa44ad0a0814b226d3fdd3c0d4217e14b1427b2cd,khalesi,0.9999999761370784,High,5000000.0,4999999.880685392,T1027;T1055;T1486,D3-BAC;D3-BDR;D3-FA;D3-PM;D3-SAW;D3-UBA,Backup Access Control;Backup Data Recovery;File Analysis;Platform Monitoring;System Access Workflow;User Behavior Analysis
main_007852,1837b5cb512ef65bc8ac8b1e0f594d0f4582eb5065e2dd90865e56d296362139,2351cb0b2eccd0155081509ebf8a86177b0fde5ebf5d162ea5728eea79c2db05,trollav,0.9999999999999776,High,5000000.0,4999999.999999888,T1027;T1055;T1486,D3-BAC;D3-BDR;D3-FA;D3-PM;D3-SAW;D3-UBA,Backup Access Control;Backup Data Recovery;File Analysis;Platform Monitoring;System Access Workflow;User Behavior Analysis
main_007874,7c54e5a99d4df59c77e0baca7c0b08243a829d5a527ce84a8b2c319ca082fe01,02f47a65d4fd8d00c4aff12092e2155e9f12df2d089bcb1e28b5d65d0d4d7f0f,wacatac,0.9999999999808526,High,5000000.0,4999999.999904263,T1027;T1055;T1486,D3-BAC;D3-BDR;D3-FA;D3-PM;D3-SAW;D3-UBA,Backup Access Control;Backup Data Recovery;File Analysis;Platform Monitoring;System Access Workflow;User Behavior Analysis
main_007876,178b330df2b3189fcc1dd47011a14bd7fe1cb6101e14f18b6c29f7ca6c7e240a,ef092d42941fb6af2ca50130b1d7a2fb36f80cc98954c008a5ccc00a2995ab79,scarletflash,0.999999989804824,High,5000000.0,4999999.949024119,T1027;T1055;T1486,D3-BAC;D3-BDR;D3-FA;D3-PM;D3-SAW;D3-UBA,Backup Access Control;Backup Data Recovery;File Analysis;Platform Monitoring;System Access Workflow;User Behavior Analysis
main_007894,718467fa6d6dd231a861cd13d554cb125afa4bb3d50d9947ca6a42930cc0fa7d,58bb064ce0f0721aab7e4b4285f49e318ee801ab658d49dcfff305df630cc5c9,bedep,0.999999999994894,High,5000000.0,4999999.99997447,T1027;T1055;T1486,D3-BAC;D3-BDR;D3-FA;D3-PM;D3-SAW;D3-UBA,Backup Access Control;Backup Data Recovery;File Analysis;Platform Monitoring;System Access Workflow;User Behavior Analysis
main_007905,cd0cc13227a0a9a81dbc4e2ab0a40914ab564120d7207d64f32191ec8f308215,ef092d42941fb6af2ca50130b1d7a2fb36f80cc98954c008a5ccc00a2995ab79,scarletflash,0.9999999999989622,High,5000000.0,4999999.999994811,T1027;T1055;T1486,D3-BAC;D3-BDR;D3-FA;D3-PM;D3-SAW;D3-UBA,Backup Access Control;Backup Data Recovery;File Analysis;Platform Monitoring;System Access Workflow;User Behavior Analysis
main_007907,1b68d653177c5274d6dffa9f79e57a48d60ed15e0f74c71afe3e3b62652357b3,02f47a65d4fd8d00c4aff12092e2155e9f12df2d089bcb1e28b5d65d0d4d7f0f,wacatac,0.9999999999999896,High,5000000.0,4999999.999999948,T1027;T1055;T1486,D3-BAC;D3-BDR;D3-FA;D3-PM;D3-SAW;D3-UBA,Backup Access Control;Backup Data Recovery;File Analysis;Platform Monitoring;System Access Workflow;User Behavior Analysis
main_007910,1004f908eb209b256b04b140f31fed0dfb47a29b43408e0dedefeac1d4941e43,99e2d5c6e5fb193a148e06547f5c9bb4e3dd2bc061e9a90592462767e9f80912,disin,0.9999999989325744,High,5000000.0,4999999.994662872,T1027;T1055;T1486,D3-BAC;D3-BDR;D3-FA;D3-PM;D3-SAW;D3-UBA,Backup Access Control;Backup Data Recovery;File Analysis;Platform Monitoring;System Access Workflow;User Behavior Analysis
main_007925,8b77e4fb1fb75141616c78423bd7697383a6e100b94ab936cbbe284d10af6f03,79ebf38908266548548d18873508363aa1c9da68d8dbc309a127ef09209ae364,doina,0.9999999999939178,High,5000000.0,4999999.999969589,T1027;T1055;T1486,D3-BAC;D3-BDR;D3-FA;D3-PM;D3-SAW;D3-UBA,Backup Access Control;Backup Data Recovery;File Analysis;Platform Monitoring;System Access Workflow;User Behavior Analysis
main_007932,0f7790410c68d37ac3d809bc9f3e9988b7ad4e2200e9006bae6a5fe0119160b4,02f47a65d4fd8d00c4aff12092e2155e9f12df2d089bcb1e28b5d65d0d4d7f0f,wacatac,0.9999999999972587,High,5000000.0,4999999.999986294,T1027;T1055;T1486,D3-BAC;D3-BDR;D3-FA;D3-PM;D3-SAW;D3-UBA,Backup Access Control;Backup Data Recovery;File Analysis;Platform Monitoring;System Access Workflow;User Behavior Analysis
main_007933,0c8ba5661ebb3f4cfd4b43c09afd9711600abc78aff6d2ec26e69edc6b861d73,c8b999ec8614bd108b6640f976e6442afa74ef68f3436b132f6e6dfe4879fcad,grandoreiro,0.99999999987987,High,5000000.0,4999999.99939935,T1027;T1055;T1486,D3-BAC;D3-BDR;D3-FA;D3-PM;D3-SAW;D3-UBA,Backup Access Control;Backup Data Recovery;File Analysis;Platform Monitoring;System Access Workflow;User Behavior Analysis
main_007960,a1544949b6138642c5a2abc90311fe3bcd77db974956ca00eb99f826d4bb3d90,187f622dc0da983d25da3df0e452808a96dd8c64c24aace69bc339cfe47a165d,expiro,0.9999992266664915,High,5000000.0,4999996.133332457,T1027;T1055;T1486,D3-BAC;D3-BDR;D3-FA;D3-PM;D3-SAW;D3-UBA,Backup Access Control;Backup Data Recovery;File Analysis;Platform Monitoring;System Access Workflow;User Behavior Analysis
main_007965,e2fb5fbd385cb3d9582ded8dc15e319f0b1e512c2b9d1afc842fb78039b49d06,77862efd76591a786f99d400c0f97633e2bfb2bbd18b09dd6bf33ebe49f40f07,xmrig,1.0,High,5000000.0,5000000.0,T1027;T1055;T1059,D3-AL;D3-CR;D3-FA;D3-PM;D3-SAW;D3-UBA,Application Allowlisting;Command Restriction;File Analysis;Platform Monitoring;System Access Workflow;User Behavior Analysis
main_007967,a3879a2ec21930ca8e2020e85686ca83c7ce88f21f8745dbead8ad1831e83a37,acfd227c9e2a637ba527343252a51d6cbf588451f0194210216eeda06e834e95,banload,0.9999999999999748,High,5000000.0,4999999.999999874,T1027;T1055;T1486,D3-BAC;D3-BDR;D3-FA;D3-PM;D3-SAW;D3-UBA,Backup Access Control;Backup Data Recovery;File Analysis;Platform Monitoring;System Access Workflow;User Behavior Analysis
main_007972,91709aa1fe1067f506128d7b926232d7315eab3f03915936eb3d81388c026027,3bea44f95b17af14e750df7ab567b80b5e9aaaab87c2b4c1204f2269f98af653,disco,0.9999999999992252,High,5000000.0,4999999.999996126,T1027;T1055;T1486,D3-BAC;D3-BDR;D3-FA;D3-PM;D3-SAW;D3-UBA,Backup Access Control;Backup Data Recovery;File Analysis;Platform Monitoring;System Access Workflow;User Behavior Analysis
main_007986,19a7da59ec3218fb981caa198b9110fa80c9a284aa5bd3ee9b3069f4728ac867,02f47a65d4fd8d00c4aff12092e2155e9f12df2d089bcb1e28b5d65d0d4d7f0f,wacatac,0.9999796423602036,High,5000000.0,4999898.211801019,T1027;T1055;T1486,D3-BAC;D3-BDR;D3-FA;D3-PM;D3-SAW;D3-UBA,Backup Access Control;Backup Data Recovery;File Analysis;Platform Monitoring;System Access Workflow;User Behavior Analysis
main_007988,1e5c521aee255f7eacdc643b1faecf2a1f71a93d9b098cfe09ae0d59342e81c1,b83ef675cc28b5b0387916e29e9ced4ef6c6d6ea4fcffdbc3b3b086e80167fce,berbew,0.999999999999546,High,5000000.0,4999999.99999773,T1027;T1055;T1486,D3-BAC;D3-BDR;D3-FA;D3-PM;D3-SAW;D3-UBA,Backup Access Control;Backup Data Recovery;File Analysis;Platform Monitoring;System Access Workflow;User Behavior Analysis
main_007991,2f5ef7475044a7c0a7a14aaf43c24de7624bd4c22f5cf66a6a6eb191ec1937a1,b83ef675cc28b5b0387916e29e9ced4ef6c6d6ea4fcffdbc3b3b086e80167fce,berbew,0.9999999956551568,High,5000000.0,4999999.978275784,T1027;T1055;T1486,D3-BAC;D3-BDR;D3-FA;D3-PM;D3-SAW;D3-UBA,Backup Access Control;Backup Data Recovery;File Analysis;Platform Monitoring;System Access Workflow;User Behavior Analysis
main_008014,96e778d8fde971cd74995260166693cf03ed9b32baba03d421eb0ed076b78740,41e5cac4298e131e87215f8f3e62b154d2629cb3f77817234864d2ea1b4884ed,shelm,0.9999999999681728,High,5000000.0,4999999.999840864,T1027;T1055;T1486,D3-BAC;D3-BDR;D3-FA;D3-PM;D3-SAW;D3-UBA,Backup Access Control;Backup Data Recovery;File Analysis;Platform Monitoring;System Access Workflow;User Behavior Analysis
main_008017,1ef27d89a0b6911e36c54d17736db97079dd31a070a28a474012fd54ae56f5d0,02f47a65d4fd8d00c4aff12092e2155e9f12df2d089bcb1e28b5d65d0d4d7f0f,wacatac,0.9999999999597112,High,5000000.0,4999999.999798556,T1027;T1055;T1486,D3-BAC;D3-BDR;D3-FA;D3-PM;D3-SAW;D3-UBA,Backup Access Control;Backup Data Recovery;File Analysis;Platform Monitoring;System Access Workflow;User Behavior Analysis
main_008039,7ade62602cbed15697539d57b5766c6d8ff9cfac00fc2aed800dcbf8aea38223,3bea44f95b17af14e750df7ab567b80b5e9aaaab87c2b4c1204f2269f98af653,disco,0.999999705633501,High,5000000.0,4999998.528167505,T1027;T1055;T1486,D3-BAC;D3-BDR;D3-FA;D3-PM;D3-SAW;D3-UBA,Backup Access Control;Backup Data Recovery;File Analysis;Platform Monitoring;System Access Workflow;User Behavior Analysis
main_008040,d99c181f85419d220fea603500d14798373fc3e127d3deff2257bddd9c839fa4,02f47a65d4fd8d00c4aff12092e2155e9f12df2d089bcb1e28b5d65d0d4d7f0f,wacatac,0.9999999993264872,High,5000000.0,4999999.996632436,T1027;T1055;T1486,D3-BAC;D3-BDR;D3-FA;D3-PM;D3-SAW;D3-UBA,Backup Access Control;Backup Data Recovery;File Analysis;Platform Monitoring;System Access Workflow;User Behavior Analysis
main_008049,e18780ace50a856c45e97b1af797db56fd2545dccdbec2fc535426b52fb30fad,02f47a65d4fd8d00c4aff12092e2155e9f12df2d089bcb1e28b5d65d0d4d7f0f,wacatac,0.9999999999695892,High,5000000.0,4999999.999847946,T1027;T1055;T1486,D3-BAC;D3-BDR;D3-FA;D3-PM;D3-SAW;D3-UBA,Backup Access Control;Backup Data Recovery;File Analysis;Platform Monitoring;System Access Workflow;User Behavior Analysis
main_008053,77c47b17f9abd18c57df5af5674c6f40b68d08a655c7901395151ab0d65fd090,3bea44f95b17af14e750df7ab567b80b5e9aaaab87c2b4c1204f2269f98af653,disco,0.9999999562408044,High,5000000.0,4999999.781204022,T1027;T1055;T1486,D3-BAC;D3-BDR;D3-FA;D3-PM;D3-SAW;D3-UBA,Backup Access Control;Backup Data Recovery;File Analysis;Platform Monitoring;System Access Workflow;User Behavior Analysis
main_008056,97caa0afbf71d0ab3d5b3cbd07e8075f9f849a98b14387347f6800005c47904a,7f411c23e7d9d268b51470b27920d362905e71fca86a2ef5c70747984b30a29a,redline,0.9988947742289565,High,5000000.0,4994473.871144782,T1027;T1055;T1486,D3-BAC;D3-BDR;D3-FA;D3-PM;D3-SAW;D3-UBA,Backup Access Control;Backup Data Recovery;File Analysis;Platform Monitoring;System Access Workflow;User Behavior Analysis
main_008058,35aee00e61d564563ef5bf5407ade78d4dfda6520985ea9b0dca2810c1c62c4e,acfd227c9e2a637ba527343252a51d6cbf588451f0194210216eeda06e834e95,banload,0.9999999999999928,High,5000000.0,4999999.999999964,T1027;T1055;T1486,D3-BAC;D3-BDR;D3-FA;D3-PM;D3-SAW;D3-UBA,Backup Access Control;Backup Data Recovery;File Analysis;Platform Monitoring;System Access Workflow;User Behavior Analysis
main_008059,fab8d42007925083d985d7af9735cc53a0ab0b3d3cfb28be22598968a4bdc0ce,2351cb0b2eccd0155081509ebf8a86177b0fde5ebf5d162ea5728eea79c2db05,trollav,0.9999999999999174,High,5000000.0,4999999.999999587,T1027;T1055;T1486,D3-BAC;D3-BDR;D3-FA;D3-PM;D3-SAW;D3-UBA,Backup Access Control;Backup Data Recovery;File Analysis;Platform Monitoring;System Access Workflow;User Behavior Analysis
main_008060,bd8e5652bcf06b1363c8489369717289c759211384ebc6388fc4678f50d5e4f6,c8b999ec8614bd108b6640f976e6442afa74ef68f3436b132f6e6dfe4879fcad,grandoreiro,0.9999999999886962,High,5000000.0,4999999.999943481,T1027;T1055;T1486,D3-BAC;D3-BDR;D3-FA;D3-PM;D3-SAW;D3-UBA,Backup Access Control;Backup Data Recovery;File Analysis;Platform Monitoring;System Access Workflow;User Behavior Analysis
main_008061,b1687396e33319e86832bb03ff5a7b513765e1f299858f27b0df0f358d739c48,b83ef675cc28b5b0387916e29e9ced4ef6c6d6ea4fcffdbc3b3b086e80167fce,berbew,0.999999999999994,High,5000000.0,4999999.99999997,T1027;T1055;T1486,D3-BAC;D3-BDR;D3-FA;D3-PM;D3-SAW;D3-UBA,Backup Access Control;Backup Data Recovery;File Analysis;Platform Monitoring;System Access Workflow;User Behavior Analysis
main_008067,a8c05785e078a205a2651e8a76fc28e086ef730ed9424e3f5796848582f8ac4e,c30f6aa4eacd78facdb5e11f2d5a5af23f0302f3eca37567244bee7f73b53b8d,sfone,0.9999999999997324,High,5000000.0,4999999.999998663,T1027;T1055;T1486,D3-BAC;D3-BDR;D3-FA;D3-PM;D3-SAW;D3-UBA,Backup Access Control;Backup Data Recovery;File Analysis;Platform Monitoring;System Access Workflow;User Behavior Analysis
main_008073,336e73793b45736c7876f46fa254f4b98410ffeec82637d91e92df7334ab68c9,c8b999ec8614bd108b6640f976e6442afa74ef68f3436b132f6e6dfe4879fcad,grandoreiro,0.9999999999945386,High,5000000.0,4999999.999972693,T1027;T1055;T1486,D3-BAC;D3-BDR;D3-FA;D3-PM;D3-SAW;D3-UBA,Backup Access Control;Backup Data Recovery;File Analysis;Platform Monitoring;System Access Workflow;User Behavior Analysis
main_008077,5388dd3de3c2dd0326b22f3e8b381fd37d0f30d71478e769a9478f49f14a186b,ee1a92967d7f2055e25d0b9f968f687bb781049222cf7a85aeb71634b9bedf37,glupteba,0.999999992183722,High,5000000.0,4999999.96091861,T1027;T1055;T1486,D3-BAC;D3-BDR;D3-FA;D3-PM;D3-SAW;D3-UBA,Backup Access Control;Backup Data Recovery;File Analysis;Platform Monitoring;System Access Workflow;User Behavior Analysis
main_008079,7048499afd773931c4c8b4591386e49c349ba9ec37278754a8628c29d1419998,77862efd76591a786f99d400c0f97633e2bfb2bbd18b09dd6bf33ebe49f40f07,xmrig,1.0,High,5000000.0,5000000.0,T1027;T1055;T1059,D3-AL;D3-CR;D3-FA;D3-PM;D3-SAW;D3-UBA,Application Allowlisting;Command Restriction;File Analysis;Platform Monitoring;System Access Workflow;User Behavior Analysis
main_008080,c2ff84f1332525850628c7b297379b35acd4d1dfc339073d426b643806b471f0,c8b999ec8614bd108b6640f976e6442afa74ef68f3436b132f6e6dfe4879fcad,grandoreiro,0.9999999997286316,High,5000000.0,4999999.998643158,T1027;T1055;T1486,D3-BAC;D3-BDR;D3-FA;D3-PM;D3-SAW;D3-UBA,Backup Access Control;Backup Data Recovery;File Analysis;Platform Monitoring;System Access Workflow;User Behavior Analysis
main_008089,d6c4c114418599d6e1de67c29436f28e699277f1ceeb29b4b22eb33cd3bd1d86,b83ef675cc28b5b0387916e29e9ced4ef6c6d6ea4fcffdbc3b3b086e80167fce,berbew,0.9999999999988224,High,5000000.0,4999999.999994112,T1027;T1055;T1486,D3-BAC;D3-BDR;D3-FA;D3-PM;D3-SAW;D3-UBA,Backup Access Control;Backup Data Recovery;File Analysis;Platform Monitoring;System Access Workflow;User Behavior Analysis
main_008090,1fa5c79d7a5dab8adb4d28a7da9d0e4302a1148f033d8726d857c6bfa9321501,72d49f51276bfe8a48b1770f0858af6a307fe180b60efcedd44bcf86ec251706,flystudio,0.998883442269582,High,5000000.0,4994417.211347911,T1027;T1055;T1486,D3-BAC;D3-BDR;D3-FA;D3-PM;D3-SAW;D3-UBA,Backup Access Control;Backup Data Recovery;File Analysis;Platform Monitoring;System Access Workflow;User Behavior Analysis
main_008091,8a6c93c2b2548ae4033ac11c879eb5f1e6e5c11b901ce7027dfaea6d7ca87896,c8b999ec8614bd108b6640f976e6442afa74ef68f3436b132f6e6dfe4879fcad,grandoreiro,0.9999995080257582,High,5000000.0,4999997.540128791,T1027;T1055;T1486,D3-BAC;D3-BDR;D3-FA;D3-PM;D3-SAW;D3-UBA,Backup Access Control;Backup Data Recovery;File Analysis;Platform Monitoring;System Access Workflow;User Behavior Analysis
main_008093,df2e7cd26130e260b8256fc5365611fb7c50d975eb0ad76d29e8ce746ff83893,fd5104756137718da71be7bec3f2a88cb3dc4f6df936e61e4bd012cb9108027c,convagent,0.9999994957498476,High,5000000.0,4999997.478749238,T1027;T1055;T1486,D3-BAC;D3-BDR;D3-FA;D3-PM;D3-SAW;D3-UBA,Backup Access Control;Backup Data Recovery;File Analysis;Platform Monitoring;System Access Workflow;User Behavior Analysis
main_008094,89e51c3e9743b391ee69ae637c7199626fad98e87152234d91a96921ad913206,b83ef675cc28b5b0387916e29e9ced4ef6c6d6ea4fcffdbc3b3b086e80167fce,berbew,0.9999999999999938,High,5000000.0,4999999.999999969,T1027;T1055;T1486,D3-BAC;D3-BDR;D3-FA;D3-PM;D3-SAW;D3-UBA,Backup Access Control;Backup Data Recovery;File Analysis;Platform Monitoring;System Access Workflow;User Behavior Analysis
main_008096,db44ff439e4214771bf2b0603df23949e74583fd74f026d4cafd7a73d98155c7,b83ef675cc28b5b0387916e29e9ced4ef6c6d6ea4fcffdbc3b3b086e80167fce,berbew,0.9999999999999996,High,5000000.0,4999999.999999998,T1027;T1055;T1486,D3-BAC;D3-BDR;D3-FA;D3-PM;D3-SAW;D3-UBA,Backup Access Control;Backup Data Recovery;File Analysis;Platform Monitoring;System Access Workflow;User Behavior Analysis
main_008100,e05902925f64f63b19bb4bb9d4ffe378be5640de5ff91168674a7909857a9340,8b2bf79b08bb2bb055163ec88ea44eb9cce8fe2731633f695405b26eed0a4331,aenjaris,0.999999954408974,High,5000000.0,4999999.77204487,T1027;T1055;T1486,D3-BAC;D3-BDR;D3-FA;D3-PM;D3-SAW;D3-UBA,Backup Access Control;Backup Data Recovery;File Analysis;Platform Monitoring;System Access Workflow;User Behavior Analysis
main_008101,b518a4ccf606af6c70bc1ae4f421711d3131196421b85faf9f470a29034aeaf7,02f47a65d4fd8d00c4aff12092e2155e9f12df2d089bcb1e28b5d65d0d4d7f0f,wacatac,0.999999999999116,High,5000000.0,4999999.99999558,T1027;T1055;T1486,D3-BAC;D3-BDR;D3-FA;D3-PM;D3-SAW;D3-UBA,Backup Access Control;Backup Data Recovery;File Analysis;Platform Monitoring;System Access Workflow;User Behavior Analysis
main_008102,19b79ecdc48c61b70f45f106172fb5ca0b947d9128c53620f84d83e5a62ba5d4,b83ef675cc28b5b0387916e29e9ced4ef6c6d6ea4fcffdbc3b3b086e80167fce,berbew,0.9999999999999832,High,5000000.0,4999999.999999916,T1027;T1055;T1486,D3-BAC;D3-BDR;D3-FA;D3-PM;D3-SAW;D3-UBA,Backup Access Control;Backup Data Recovery;File Analysis;Platform Monitoring;System Access Workflow;User Behavior Analysis
main_008106,06a45dad32a92e8ab14a7c211904fca1ff9282dc3e4658829f7143ca14693e49,77862efd76591a786f99d400c0f97633e2bfb2bbd18b09dd6bf33ebe49f40f07,xmrig,0.99944616407703,High,5000000.0,4997230.82038515,T1027;T1055;T1059,D3-AL;D3-CR;D3-FA;D3-PM;D3-SAW;D3-UBA,Application Allowlisting;Command Restriction;File Analysis;Platform Monitoring;System Access Workflow;User Behavior Analysis
main_008108,cc47d7c3b4fd46d1cd0d1c15e47276f6a1726e81996472e410b1dd7e2270a527,8c4b5ea2b7fae72da8843ed3033b100f001fd4e2699ab6cb2c99b44734af6f0e,wabot,0.9999999257836863,High,5000000.0,4999999.628918432,T1027;T1055;T1486,D3-BAC;D3-BDR;D3-FA;D3-PM;D3-SAW;D3-UBA,Backup Access Control;Backup Data Recovery;File Analysis;Platform Monitoring;System Access Workflow;User Behavior Analysis
main_008110,5f245ceeacaebd5b6fa79d1438ccdc5d0d28625aa787ed556c645508d1175d6a,72d49f51276bfe8a48b1770f0858af6a307fe180b60efcedd44bcf86ec251706,flystudio,0.9998305299285192,High,5000000.0,4999152.649642596,T1027;T1055;T1486,D3-BAC;D3-BDR;D3-FA;D3-PM;D3-SAW;D3-UBA,Backup Access Control;Backup Data Recovery;File Analysis;Platform Monitoring;System Access Workflow;User Behavior Analysis
main_008138,26409b2a4dd123f8edacea7fe705c0b466bdd7ecec6968e5369115594d05420b,48ba871983616c0114a082b68f6fd708ed8c5aeec8a67e6e5524e8770c0a3fec,eggnog,0.9999999999823714,High,5000000.0,4999999.999911857,T1027;T1055;T1486,D3-BAC;D3-BDR;D3-FA;D3-PM;D3-SAW;D3-UBA,Backup Access Control;Backup Data Recovery;File Analysis;Platform Monitoring;System Access Workflow;User Behavior Analysis
main_008141,51b8d34d539d313cd423930f7244cc7bab80173f27e56562b6282887465b5347,09282e3bc974d099e3c1cef03394d2e2b564f10e3cac2c06b4f79e74a76cc774,baidusearch,0.9992255308401238,High,5000000.0,4996127.654200619,T1027;T1055;T1486,D3-BAC;D3-BDR;D3-FA;D3-PM;D3-SAW;D3-UBA,Backup Access Control;Backup Data Recovery;File Analysis;Platform Monitoring;System Access Workflow;User Behavior Analysis
main_008142,fa90cea207a9f465cf7760c34222e1866b20233f625e2e67a4e22b44a4e2726d,b83ef675cc28b5b0387916e29e9ced4ef6c6d6ea4fcffdbc3b3b086e80167fce,berbew,0.9999999999963004,High,5000000.0,4999999.999981502,T1027;T1055;T1486,D3-BAC;D3-BDR;D3-FA;D3-PM;D3-SAW;D3-UBA,Backup Access Control;Backup Data Recovery;File Analysis;Platform Monitoring;System Access Workflow;User Behavior Analysis
main_008145,d1f742f8c69e03d937a9a58f606a7e91902f7317a3c0171642851cff20dc15a2,72d49f51276bfe8a48b1770f0858af6a307fe180b60efcedd44bcf86ec251706,flystudio,0.9999999999933792,High,5000000.0,4999999.999966896,T1027;T1055;T1486,D3-BAC;D3-BDR;D3-FA;D3-PM;D3-SAW;D3-UBA,Backup Access Control;Backup Data Recovery;File Analysis;Platform Monitoring;System Access Workflow;User Behavior Analysis
main_008146,fc5b678ffdafd037ceb45d160521424fb722bf273f807c8449e9d6360fce2111,02f47a65d4fd8d00c4aff12092e2155e9f12df2d089bcb1e28b5d65d0d4d7f0f,wacatac,0.999997777299432,High,5000000.0,4999988.88649716,T1027;T1055;T1486,D3-BAC;D3-BDR;D3-FA;D3-PM;D3-SAW;D3-UBA,Backup Access Control;Backup Data Recovery;File Analysis;Platform Monitoring;System Access Workflow;User Behavior Analysis
main_008157,0c6a8e3fc0e5f02fcdae24e7bc5ac317d83588077fbe1c333d006ea82bea7f56,72d49f51276bfe8a48b1770f0858af6a307fe180b60efcedd44bcf86ec251706,flystudio,0.9999987977768856,High,5000000.0,4999993.988884428,T1027;T1055;T1486,D3-BAC;D3-BDR;D3-FA;D3-PM;D3-SAW;D3-UBA,Backup Access Control;Backup Data Recovery;File Analysis;Platform Monitoring;System Access Workflow;User Behavior Analysis
main_008159,38b4902e4094402ef526a33607c93116680c39d03df933454aea6d2373a2260f,295fe8cc28eaef9312e590b4434b288e979b8b3323f6d2de36aa9aab3c77d69c,pcclient,0.9978459186542196,High,5000000.0,4989229.593271098,T1027;T1055;T1486,D3-BAC;D3-BDR;D3-FA;D3-PM;D3-SAW;D3-UBA,Backup Access Control;Backup Data Recovery;File Analysis;Platform Monitoring;System Access Workflow;User Behavior Analysis
main_008163,e8b8a74af28126a9b6753bac2bdb19477cc6237aa2ae71373de1194127ef32e6,0d0369bddd56ae3afd8478d7a6e0ae86ecf056d94f0f016e0e186e9c1bf52c20,legmir,0.9999114822322944,High,5000000.0,4999557.411161472,T1027;T1055;T1486,D3-BAC;D3-BDR;D3-FA;D3-PM;D3-SAW;D3-UBA,Backup Access Control;Backup Data Recovery;File Analysis;Platform Monitoring;System Access Workflow;User Behavior Analysis
main_008169,e6735f7a356dca3142480967b27d3d0f667c68b91859298fd68057f8bc7c2e22,c8b999ec8614bd108b6640f976e6442afa74ef68f3436b132f6e6dfe4879fcad,grandoreiro,0.999999999999728,High,5000000.0,4999999.99999864,T1027;T1055;T1486,D3-BAC;D3-BDR;D3-FA;D3-PM;D3-SAW;D3-UBA,Backup Access Control;Backup Data Recovery;File Analysis;Platform Monitoring;System Access Workflow;User Behavior Analysis
main_008172,90da2a4b5a3eb041252859d5bbfcd18602a67f8825316befe2e9629e45a81625,c8b999ec8614bd108b6640f976e6442afa74ef68f3436b132f6e6dfe4879fcad,grandoreiro,0.9999999999927516,High,5000000.0,4999999.999963758,T1027;T1055;T1486,D3-BAC;D3-BDR;D3-FA;D3-PM;D3-SAW;D3-UBA,Backup Access Control;Backup Data Recovery;File Analysis;Platform Monitoring;System Access Workflow;User Behavior Analysis
main_008174,f04ec3fcc8537e795722bb99985be444602403cc6a8706bfe824f764f9ce6b19,5667ef73dac709effcfdc518a98ea9238365ec62b0eb5f478392e28818a2efd5,zeus,0.999999999874877,High,5000000.0,4999999.999374385,T1027;T1055;T1486,D3-BAC;D3-BDR;D3-FA;D3-PM;D3-SAW;D3-UBA,Backup Access Control;Backup Data Recovery;File Analysis;Platform Monitoring;System Access Workflow;User Behavior Analysis
main_008179,43115dede59bfe20382e19bc90d134b34668d70195c03463c7b8508d97381b80,acfd227c9e2a637ba527343252a51d6cbf588451f0194210216eeda06e834e95,banload,0.999999969911125,High,5000000.0,4999999.849555626,T1027;T1055;T1486,D3-BAC;D3-BDR;D3-FA;D3-PM;D3-SAW;D3-UBA,Backup Access Control;Backup Data Recovery;File Analysis;Platform Monitoring;System Access Workflow;User Behavior Analysis
main_008180,b4adab2988ebf20b706095981fec3c0c0e381cc330c13405ae755bd12b083569,ef092d42941fb6af2ca50130b1d7a2fb36f80cc98954c008a5ccc00a2995ab79,scarletflash,0.999994161494708,High,5000000.0,4999970.80747354,T1027;T1055;T1486,D3-BAC;D3-BDR;D3-FA;D3-PM;D3-SAW;D3-UBA,Backup Access Control;Backup Data Recovery;File Analysis;Platform Monitoring;System Access Workflow;User Behavior Analysis
main_008181,9a121215fd4f6c70f4e69ac97405a857cdb968ec19fdef4d07c33c993e3ead52,295fe8cc28eaef9312e590b4434b288e979b8b3323f6d2de36aa9aab3c77d69c,pcclient,0.983970617118587,High,5000000.0,4919853.085592935,T1027;T1055;T1486,D3-BAC;D3-BDR;D3-FA;D3-PM;D3-SAW;D3-UBA,Backup Access Control;Backup Data Recovery;File Analysis;Platform Monitoring;System Access Workflow;User Behavior Analysis
main_008182,aa6f6646004750d67463267e50cbbcc16b6d8c3872f700ad3b4285ef5313cd97,295fe8cc28eaef9312e590b4434b288e979b8b3323f6d2de36aa9aab3c77d69c,pcclient,0.9996896075073204,High,5000000.0,4998448.037536602,T1027;T1055;T1486,D3-BAC;D3-BDR;D3-FA;D3-PM;D3-SAW;D3-UBA,Backup Access Control;Backup Data Recovery;File Analysis;Platform Monitoring;System Access Workflow;User Behavior Analysis
main_008185,f8844588d707b40b671ff6e127ddf76b0d64d353736e2cf9b20bcbe09d06defd,72d49f51276bfe8a48b1770f0858af6a307fe180b60efcedd44bcf86ec251706,flystudio,0.9999997998505792,High,5000000.0,4999998.999252896,T1027;T1055;T1486,D3-BAC;D3-BDR;D3-FA;D3-PM;D3-SAW;D3-UBA,Backup Access Control;Backup Data Recovery;File Analysis;Platform Monitoring;System Access Workflow;User Behavior Analysis
main_008186,3a6c8402c22a035a521df31f9cd6f755fbb582b269e0f0538bdf88ac09dd9067,ef092d42941fb6af2ca50130b1d7a2fb36f80cc98954c008a5ccc00a2995ab79,scarletflash,0.9999999998311616,High,5000000.0,4999999.999155808,T1027;T1055;T1486,D3-BAC;D3-BDR;D3-FA;D3-PM;D3-SAW;D3-UBA,Backup Access Control;Backup Data Recovery;File Analysis;Platform Monitoring;System Access Workflow;User Behavior Analysis
main_008188,f1309d4b87f38eacde2f9d00ec261c6aba65dff17a00b7ff225f488fe9f05fc9,02f47a65d4fd8d00c4aff12092e2155e9f12df2d089bcb1e28b5d65d0d4d7f0f,wacatac,0.9982963516935702,High,5000000.0,4991481.758467851,T1027;T1055;T1486,D3-BAC;D3-BDR;D3-FA;D3-PM;D3-SAW;D3-UBA,Backup Access Control;Backup Data Recovery;File Analysis;Platform Monitoring;System Access Workflow;User Behavior Analysis
main_008199,71287cb6a4632e30f125b377438605ae039661f3bef1e660062167fb9a81212f,72d49f51276bfe8a48b1770f0858af6a307fe180b60efcedd44bcf86ec251706,flystudio,0.9999734037790352,High,5000000.0,4999867.018895176,T1027;T1055;T1486,D3-BAC;D3-BDR;D3-FA;D3-PM;D3-SAW;D3-UBA,Backup Access Control;Backup Data Recovery;File Analysis;Platform Monitoring;System Access Workflow;User Behavior Analysis
main_008202,47916011e8328499ab2264e3cc417ea449040f976e6fcb525b280b33e84f5869,72d49f51276bfe8a48b1770f0858af6a307fe180b60efcedd44bcf86ec251706,flystudio,0.9999999972874556,High,5000000.0,4999999.986437278,T1027;T1055;T1486,D3-BAC;D3-BDR;D3-FA;D3-PM;D3-SAW;D3-UBA,Backup Access Control;Backup Data Recovery;File Analysis;Platform Monitoring;System Access Workflow;User Behavior Analysis
main_008204,3a9270baf76b243d7def26696a463416cec7a3251ee03ea5d179ca30d61b1728,72d49f51276bfe8a48b1770f0858af6a307fe180b60efcedd44bcf86ec251706,flystudio,0.9999974314465796,High,5000000.0,4999987.157232898,T1027;T1055;T1486,D3-BAC;D3-BDR;D3-FA;D3-PM;D3-SAW;D3-UBA,Backup Access Control;Backup Data Recovery;File Analysis;Platform Monitoring;System Access Workflow;User Behavior Analysis
main_008208,9672f6ce0c9f6a998efe82da3492b835aee625b45ff6e06900c3c97e5858539b,04d890b2e972a9c6984f3a55fbc6362903c44855434a3ed390b72b5cde0d1297,vindor,0.9999928909789416,High,5000000.0,4999964.4548947085,T1027;T1055;T1486,D3-BAC;D3-BDR;D3-FA;D3-PM;D3-SAW;D3-UBA,Backup Access Control;Backup Data Recovery;File Analysis;Platform Monitoring;System Access Workflow;User Behavior Analysis
main_008212,a6fb15ba27e9b59ddfdb088205d20d0dca441cafa182786d5d95d7ca61f1f082,77862efd76591a786f99d400c0f97633e2bfb2bbd18b09dd6bf33ebe49f40f07,xmrig,0.9999999999999996,High,5000000.0,4999999.999999998,T1027;T1055;T1059,D3-AL;D3-CR;D3-FA;D3-PM;D3-SAW;D3-UBA,Application Allowlisting;Command Restriction;File Analysis;Platform Monitoring;System Access Workflow;User Behavior Analysis
main_008219,1c7085c1e689e8a777ed033d2ae31e59f4610ab20c92a59c7f6d0a139774e3c0,72d49f51276bfe8a48b1770f0858af6a307fe180b60efcedd44bcf86ec251706,flystudio,0.999999996769794,High,5000000.0,4999999.98384897,T1027;T1055;T1486,D3-BAC;D3-BDR;D3-FA;D3-PM;D3-SAW;D3-UBA,Backup Access Control;Backup Data Recovery;File Analysis;Platform Monitoring;System Access Workflow;User Behavior Analysis
main_008221,b6e6cc4cb9ecfc3a5b92c84811b49e65fad0405ba9a436510ea4a1e6cd19e117,ef092d42941fb6af2ca50130b1d7a2fb36f80cc98954c008a5ccc00a2995ab79,scarletflash,0.9999999999991342,High,5000000.0,4999999.999995671,T1027;T1055;T1486,D3-BAC;D3-BDR;D3-FA;D3-PM;D3-SAW;D3-UBA,Backup Access Control;Backup Data Recovery;File Analysis;Platform Monitoring;System Access Workflow;User Behavior Analysis
main_008222,4b6885789309de70dab16408caa99d5ea5da74016cb7a90e57769d0556f49685,02f47a65d4fd8d00c4aff12092e2155e9f12df2d089bcb1e28b5d65d0d4d7f0f,wacatac,0.9999999988254208,High,5000000.0,4999999.994127104,T1027;T1055;T1486,D3-BAC;D3-BDR;D3-FA;D3-PM;D3-SAW;D3-UBA,Backup Access Control;Backup Data Recovery;File Analysis;Platform Monitoring;System Access Workflow;User Behavior Analysis
main_008225,7f4ce4266f7fa1dab8a351cf1242b718595f32e25c2231dae87d6d85ea699359,72d49f51276bfe8a48b1770f0858af6a307fe180b60efcedd44bcf86ec251706,flystudio,0.9999849190726072,High,5000000.0,4999924.595363036,T1027;T1055;T1486,D3-BAC;D3-BDR;D3-FA;D3-PM;D3-SAW;D3-UBA,Backup Access Control;Backup Data Recovery;File Analysis;Platform Monitoring;System Access Workflow;User Behavior Analysis
main_008228,06127bf277c1c434e974a1b8ccb7db60c3ae1b271f50a8c91c96f1b6efd72cc3,5667ef73dac709effcfdc518a98ea9238365ec62b0eb5f478392e28818a2efd5,zeus,0.9788839659434032,High,5000000.0,4894419.829717016,T1027;T1055;T1486,D3-BAC;D3-BDR;D3-FA;D3-PM;D3-SAW;D3-UBA,Backup Access Control;Backup Data Recovery;File Analysis;Platform Monitoring;System Access Workflow;User Behavior Analysis
main_008230,ed840e33649424108ff0043ef839166a63f9cc00ecbad78fcab7b142cb4e3209,02f47a65d4fd8d00c4aff12092e2155e9f12df2d089bcb1e28b5d65d0d4d7f0f,wacatac,0.999995372642655,High,5000000.0,4999976.863213276,T1027;T1055;T1486,D3-BAC;D3-BDR;D3-FA;D3-PM;D3-SAW;D3-UBA,Backup Access Control;Backup Data Recovery;File Analysis;Platform Monitoring;System Access Workflow;User Behavior Analysis
main_008239,821770b96f7d50f1ccd9fcfbc7f05d6a49a037851a4293736823fa506b90fa13,fd5104756137718da71be7bec3f2a88cb3dc4f6df936e61e4bd012cb9108027c,convagent,0.9994349796202582,High,5000000.0,4997174.898101291,T1027;T1055;T1486,D3-BAC;D3-BDR;D3-FA;D3-PM;D3-SAW;D3-UBA,Backup Access Control;Backup Data Recovery;File Analysis;Platform Monitoring;System Access Workflow;User Behavior Analysis
main_008240,454fb4456c7b97397e5cd4e6704aa23696de9a8f35be4315604a146b65b04a27,c9e58d481ca76ea25d4579ea39056b5f5e3a5c25648274f9dcd1b6c533284d52,upatre,0.999999976853452,High,5000000.0,4999999.88426726,T1027;T1055;T1486,D3-BAC;D3-BDR;D3-FA;D3-PM;D3-SAW;D3-UBA,Backup Access Control;Backup Data Recovery;File Analysis;Platform Monitoring;System Access Workflow;User Behavior Analysis
main_008241,c19499cde679417f82b6ac7db58d093b7aaf58a1104d7c8bcfb6b75d518953c0,c8b999ec8614bd108b6640f976e6442afa74ef68f3436b132f6e6dfe4879fcad,grandoreiro,0.999999999999596,High,5000000.0,4999999.99999798,T1027;T1055;T1486,D3-BAC;D3-BDR;D3-FA;D3-PM;D3-SAW;D3-UBA,Backup Access Control;Backup Data Recovery;File Analysis;Platform Monitoring;System Access Workflow;User Behavior Analysis
main_008245,d0d3262859cae4ec3fb5b486fb9050df06267137d959a5371e00f116560f6f16,e45422b6d912262726f9ef8ce223669164e2376d1d4c619a9db2ecbad727bd4c,soltern,0.9999999999903412,High,5000000.0,4999999.999951706,T1027;T1055;T1486,D3-BAC;D3-BDR;D3-FA;D3-PM;D3-SAW;D3-UBA,Backup Access Control;Backup Data Recovery;File Analysis;Platform Monitoring;System Access Workflow;User Behavior Analysis
main_008249,cd331798c05135265933979d142eee5c32ebe7da03c0bb784f61044305e2127b,72d49f51276bfe8a48b1770f0858af6a307fe180b60efcedd44bcf86ec251706,flystudio,0.9999997684130004,High,5000000.0,4999998.842065002,T1027;T1055;T1486,D3-BAC;D3-BDR;D3-FA;D3-PM;D3-SAW;D3-UBA,Backup Access Control;Backup Data Recovery;File Analysis;Platform Monitoring;System Access Workflow;User Behavior Analysis
main_008257,513972e9f6e4da64dc4672543dd0a584f8751184490921f0e0862cec17c626b3,72d49f51276bfe8a48b1770f0858af6a307fe180b60efcedd44bcf86ec251706,flystudio,0.999993588779928,High,5000000.0,4999967.94389964,T1027;T1055;T1486,D3-BAC;D3-BDR;D3-FA;D3-PM;D3-SAW;D3-UBA,Backup Access Control;Backup Data Recovery;File Analysis;Platform Monitoring;System Access Workflow;User Behavior Analysis
main_008267,deaa3899a74fe3696cc5e2a50760de6711849a7a917dbbe17ef2d12715cb4eff,72d49f51276bfe8a48b1770f0858af6a307fe180b60efcedd44bcf86ec251706,flystudio,0.9999999966437684,High,5000000.0,4999999.983218842,T1027;T1055;T1486,D3-BAC;D3-BDR;D3-FA;D3-PM;D3-SAW;D3-UBA,Backup Access Control;Backup Data Recovery;File Analysis;Platform Monitoring;System Access Workflow;User Behavior Analysis
main_008278,09a3cb6a496ed3c35ff8398ae1ca3e4b4428cf09b35879cbe698b88c170baff1,72d49f51276bfe8a48b1770f0858af6a307fe180b60efcedd44bcf86ec251706,flystudio,0.9999997037146984,High,5000000.0,4999998.518573492,T1027;T1055;T1486,D3-BAC;D3-BDR;D3-FA;D3-PM;D3-SAW;D3-UBA,Backup Access Control;Backup Data Recovery;File Analysis;Platform Monitoring;System Access Workflow;User Behavior Analysis
main_008281,acd2551c76961ddeec2dfdcdad2774a9fa5694a4fc2bb0e64c5115563d6f9745,72d49f51276bfe8a48b1770f0858af6a307fe180b60efcedd44bcf86ec251706,flystudio,0.9999871847227988,High,5000000.0,4999935.923613994,T1027;T1055;T1486,D3-BAC;D3-BDR;D3-FA;D3-PM;D3-SAW;D3-UBA,Backup Access Control;Backup Data Recovery;File Analysis;Platform Monitoring;System Access Workflow;User Behavior Analysis
main_008282,0e7724ed6e42b4ff7b2996faae42931ab4565fd9b521d6a39b7b970a5535d357,02f47a65d4fd8d00c4aff12092e2155e9f12df2d089bcb1e28b5d65d0d4d7f0f,wacatac,0.9999999920517804,High,5000000.0,4999999.960258902,T1027;T1055;T1486,D3-BAC;D3-BDR;D3-FA;D3-PM;D3-SAW;D3-UBA,Backup Access Control;Backup Data Recovery;File Analysis;Platform Monitoring;System Access Workflow;User Behavior Analysis
main_008295,e095e4b33bf6ef0d57e59b3ffc7531ac6311269e551597dca14f9feaebe4501c,72d49f51276bfe8a48b1770f0858af6a307fe180b60efcedd44bcf86ec251706,flystudio,0.999998561834632,High,5000000.0,4999992.80917316,T1027;T1055;T1486,D3-BAC;D3-BDR;D3-FA;D3-PM;D3-SAW;D3-UBA,Backup Access Control;Backup Data Recovery;File Analysis;Platform Monitoring;System Access Workflow;User Behavior Analysis
main_008303,1bd918d16a08f8a2f180d760f2c98d30f86e33c07104c60fb8c9a8bba60c3994,72d49f51276bfe8a48b1770f0858af6a307fe180b60efcedd44bcf86ec251706,flystudio,0.999999898650053,High,5000000.0,4999999.493250265,T1027;T1055;T1486,D3-BAC;D3-BDR;D3-FA;D3-PM;D3-SAW;D3-UBA,Backup Access Control;Backup Data Recovery;File Analysis;Platform Monitoring;System Access Workflow;User Behavior Analysis
main_008311,2c90418d526794fce37c00cd6c30021fe565f66c51400bd6bff10450db96b5b1,72d49f51276bfe8a48b1770f0858af6a307fe180b60efcedd44bcf86ec251706,flystudio,0.9999966470056968,High,5000000.0,4999983.235028484,T1027;T1055;T1486,D3-BAC;D3-BDR;D3-FA;D3-PM;D3-SAW;D3-UBA,Backup Access Control;Backup Data Recovery;File Analysis;Platform Monitoring;System Access Workflow;User Behavior Analysis
main_008315,d6271fd19acfee04a98737a8c2fc2c1346292dd326c0975966da51f029a7ccfa,02f47a65d4fd8d00c4aff12092e2155e9f12df2d089bcb1e28b5d65d0d4d7f0f,wacatac,0.9999999999329624,High,5000000.0,4999999.999664812,T1027;T1055;T1486,D3-BAC;D3-BDR;D3-FA;D3-PM;D3-SAW;D3-UBA,Backup Access Control;Backup Data Recovery;File Analysis;Platform Monitoring;System Access Workflow;User Behavior Analysis
main_008316,d66d5306e033bbe45928a9375a22f3708cb9e0ec82fd2d01d3b2e61c43f5674b,ef092d42941fb6af2ca50130b1d7a2fb36f80cc98954c008a5ccc00a2995ab79,scarletflash,0.9999999999821124,High,5000000.0,4999999.999910562,T1027;T1055;T1486,D3-BAC;D3-BDR;D3-FA;D3-PM;D3-SAW;D3-UBA,Backup Access Control;Backup Data Recovery;File Analysis;Platform Monitoring;System Access Workflow;User Behavior Analysis
main_008317,5a3dda2921278ca677478193c69e4a385af2e42d05feb1a8f5a96b8e9b359181,72d49f51276bfe8a48b1770f0858af6a307fe180b60efcedd44bcf86ec251706,flystudio,0.9998674399029996,High,5000000.0,4999337.199514998,T1027;T1055;T1486,D3-BAC;D3-BDR;D3-FA;D3-PM;D3-SAW;D3-UBA,Backup Access Control;Backup Data Recovery;File Analysis;Platform Monitoring;System Access Workflow;User Behavior Analysis
main_008320,6e1a20f170ca4e8e31d5d6d51e0ee6da415b0ed739731fcc1f622493db5da276,72d49f51276bfe8a48b1770f0858af6a307fe180b60efcedd44bcf86ec251706,flystudio,0.9990382118204184,High,5000000.0,4995191.059102092,T1027;T1055;T1486,D3-BAC;D3-BDR;D3-FA;D3-PM;D3-SAW;D3-UBA,Backup Access Control;Backup Data Recovery;File Analysis;Platform Monitoring;System Access Workflow;User Behavior Analysis
main_008333,56e46dc1ddc8506864fc36262d261132a0fe416fbb9afce5b0555667f3337ac3,02f47a65d4fd8d00c4aff12092e2155e9f12df2d089bcb1e28b5d65d0d4d7f0f,wacatac,0.9999731351600212,High,5000000.0,4999865.675800106,T1027;T1055;T1486,D3-BAC;D3-BDR;D3-FA;D3-PM;D3-SAW;D3-UBA,Backup Access Control;Backup Data Recovery;File Analysis;Platform Monitoring;System Access Workflow;User Behavior Analysis
main_008335,ce035cdd3d84d66afb62549e126eff4062dd7e02130b1ac66d0f4ba8274f5606,acfd227c9e2a637ba527343252a51d6cbf588451f0194210216eeda06e834e95,banload,0.9999999609015088,High,5000000.0,4999999.804507544,T1027;T1055;T1486,D3-BAC;D3-BDR;D3-FA;D3-PM;D3-SAW;D3-UBA,Backup Access Control;Backup Data Recovery;File Analysis;Platform Monitoring;System Access Workflow;User Behavior Analysis
main_008340,34dd2799b01e61eb652425c36ff450cce9ebadc4cf18aa5bf3d020a75a72b9d9,02f47a65d4fd8d00c4aff12092e2155e9f12df2d089bcb1e28b5d65d0d4d7f0f,wacatac,0.9999998401593746,High,5000000.0,4999999.200796873,T1027;T1055;T1486,D3-BAC;D3-BDR;D3-FA;D3-PM;D3-SAW;D3-UBA,Backup Access Control;Backup Data Recovery;File Analysis;Platform Monitoring;System Access Workflow;User Behavior Analysis
main_008342,f6ea546315263a2d05dac40922a6beed06c92da20362553732b54f4916d3bb9f,02f47a65d4fd8d00c4aff12092e2155e9f12df2d089bcb1e28b5d65d0d4d7f0f,wacatac,0.9999989583838818,High,5000000.0,4999994.791919408,T1027;T1055;T1486,D3-BAC;D3-BDR;D3-FA;D3-PM;D3-SAW;D3-UBA,Backup Access Control;Backup Data Recovery;File Analysis;Platform Monitoring;System Access Workflow;User Behavior Analysis
main_008345,a7f96a670b34d980abb396bf4829817c15d3b04cc4dd5b719b0addd986eb0afc,02f47a65d4fd8d00c4aff12092e2155e9f12df2d089bcb1e28b5d65d0d4d7f0f,wacatac,0.9606693691415382,High,5000000.0,4803346.845707691,T1027;T1055;T1486,D3-BAC;D3-BDR;D3-FA;D3-PM;D3-SAW;D3-UBA,Backup Access Control;Backup Data Recovery;File Analysis;Platform Monitoring;System Access Workflow;User Behavior Analysis
main_008346,dfbcf75ee17f72d6b5eeadc048980488599da343e74c44514b6c7a68b6b2a00c,295fe8cc28eaef9312e590b4434b288e979b8b3323f6d2de36aa9aab3c77d69c,pcclient,0.9963183921869692,High,5000000.0,4981591.960934846,T1027;T1055;T1486,D3-BAC;D3-BDR;D3-FA;D3-PM;D3-SAW;D3-UBA,Backup Access Control;Backup Data Recovery;File Analysis;Platform Monitoring;System Access Workflow;User Behavior Analysis
main_008348,5582e4ac616b170e564a4cea086c9ee45c68725be297556949d0d2113612424b,970ec274ca867815174ebe4eff19282000f9495a6c7254e94991d1fb4dc3df30,luna,0.9999999999928316,High,5000000.0,4999999.999964158,T1027;T1055;T1486,D3-BAC;D3-BDR;D3-FA;D3-PM;D3-SAW;D3-UBA,Backup Access Control;Backup Data Recovery;File Analysis;Platform Monitoring;System Access Workflow;User Behavior Analysis
main_008363,99e24ef6a35a1f3399e26ea5b9418f5ef723068a3fa648f24eb020244b11236a,0275e041db54521a9049f5563dc1fef74e7da6241c2399c29279df758e16ff95,satana,0.9999793080524176,High,5000000.0,4999896.540262088,T1027;T1055;T1486,D3-BAC;D3-BDR;D3-FA;D3-PM;D3-SAW;D3-UBA,Backup Access Control;Backup Data Recovery;File Analysis;Platform Monitoring;System Access Workflow;User Behavior Analysis
main_008364,a760f79485e77e4b785df01bd80be0e0b06a57f884e81e637891fdf303130c8c,187f622dc0da983d25da3df0e452808a96dd8c64c24aace69bc339cfe47a165d,expiro,0.9997014854639332,High,5000000.0,4998507.427319666,T1027;T1055;T1486,D3-BAC;D3-BDR;D3-FA;D3-PM;D3-SAW;D3-UBA,Backup Access Control;Backup Data Recovery;File Analysis;Platform Monitoring;System Access Workflow;User Behavior Analysis
main_008365,a5058b6f2139d79acebc7b0fcc7637f2095831544e9fca1965939042267215c3,187f622dc0da983d25da3df0e452808a96dd8c64c24aace69bc339cfe47a165d,expiro,0.9999988594442136,High,5000000.0,4999994.297221068,T1027;T1055;T1486,D3-BAC;D3-BDR;D3-FA;D3-PM;D3-SAW;D3-UBA,Backup Access Control;Backup Data Recovery;File Analysis;Platform Monitoring;System Access Workflow;User Behavior Analysis
main_008366,f4c8837163925738d2a937334d23e94fcabf3d6f955ed772c843a0f04211f118,187f622dc0da983d25da3df0e452808a96dd8c64c24aace69bc339cfe47a165d,expiro,0.999999806416856,High,5000000.0,4999999.032084281,T1027;T1055;T1486,D3-BAC;D3-BDR;D3-FA;D3-PM;D3-SAW;D3-UBA,Backup Access Control;Backup Data Recovery;File Analysis;Platform Monitoring;System Access Workflow;User Behavior Analysis
main_008367,f4b2867d7d5e8747eb8eea8050e4c2eea833d6f562d74f46c26e711d823c8742,187f622dc0da983d25da3df0e452808a96dd8c64c24aace69bc339cfe47a165d,expiro,0.999996216548398,High,5000000.0,4999981.08274199,T1027;T1055;T1486,D3-BAC;D3-BDR;D3-FA;D3-PM;D3-SAW;D3-UBA,Backup Access Control;Backup Data Recovery;File Analysis;Platform Monitoring;System Access Workflow;User Behavior Analysis
main_008368,9020d3e76e13de884a6130984b0d7d8c4e411513f67a5dbc37d9250fe9829a22,c8b999ec8614bd108b6640f976e6442afa74ef68f3436b132f6e6dfe4879fcad,grandoreiro,0.9999999999952368,High,5000000.0,4999999.999976184,T1027;T1055;T1486,D3-BAC;D3-BDR;D3-FA;D3-PM;D3-SAW;D3-UBA,Backup Access Control;Backup Data Recovery;File Analysis;Platform Monitoring;System Access Workflow;User Behavior Analysis
main_008370,d672f57f32a2210cf39edcc0680bc732f16b2e2396dc02355914f78e2ceea7e4,3bea44f95b17af14e750df7ab567b80b5e9aaaab87c2b4c1204f2269f98af653,disco,0.9999999999917536,High,5000000.0,4999999.999958768,T1027;T1055;T1486,D3-BAC;D3-BDR;D3-FA;D3-PM;D3-SAW;D3-UBA,Backup Access Control;Backup Data Recovery;File Analysis;Platform Monitoring;System Access Workflow;User Behavior Analysis
main_008376,177a0fc0a6633934c87d14768b8009bb7db854e025ba28de854495af32776521,d6ad9dee27cfd2b3df63896bd02ab0d74cc6eb52960103dc5686f77c43122dae,emdup,0.9999999188620592,High,5000000.0,4999999.594310296,T1027;T1055;T1486,D3-BAC;D3-BDR;D3-FA;D3-PM;D3-SAW;D3-UBA,Backup Access Control;Backup Data Recovery;File Analysis;Platform Monitoring;System Access Workflow;User Behavior Analysis
main_008381,69dcf0b61e465896b41a694b81bbf03bfc220333b41c7863f8a9fe8a130e7020,77862efd76591a786f99d400c0f97633e2bfb2bbd18b09dd6bf33ebe49f40f07,xmrig,1.0,High,5000000.0,5000000.0,T1027;T1055;T1059,D3-AL;D3-CR;D3-FA;D3-PM;D3-SAW;D3-UBA,Application Allowlisting;Command Restriction;File Analysis;Platform Monitoring;System Access Workflow;User Behavior Analysis
main_008383,718477f49f15b64d7c8edd6fbd75021215f48dd1e8902b490916183c1aae520a,b83ef675cc28b5b0387916e29e9ced4ef6c6d6ea4fcffdbc3b3b086e80167fce,berbew,0.99999999998468,High,5000000.0,4999999.999923401,T1027;T1055;T1486,D3-BAC;D3-BDR;D3-FA;D3-PM;D3-SAW;D3-UBA,Backup Access Control;Backup Data Recovery;File Analysis;Platform Monitoring;System Access Workflow;User Behavior Analysis
main_008384,54fcb96f2c3fb612f7e48639e87f1cb6bbfa08faf270a990c807d0c1675f9532,ca6ac6af66c22d8acdd6e42a00a9a21a24a37e3fa6a018662fb6dbaabfe7a96d,metasploit,0.999999999270075,High,5000000.0,4999999.996350375,T1027;T1055;T1486,D3-BAC;D3-BDR;D3-FA;D3-PM;D3-SAW;D3-UBA,Backup Access Control;Backup Data Recovery;File Analysis;Platform Monitoring;System Access Workflow;User Behavior Analysis
main_008385,6a69ea0c5b222621496dc7bcd54e2d5a9d98f5b3f374b0ac9f0f5a7be3d3934b,c8b999ec8614bd108b6640f976e6442afa74ef68f3436b132f6e6dfe4879fcad,grandoreiro,0.999999999999138,High,5000000.0,4999999.99999569,T1027;T1055;T1486,D3-BAC;D3-BDR;D3-FA;D3-PM;D3-SAW;D3-UBA,Backup Access Control;Backup Data Recovery;File Analysis;Platform Monitoring;System Access Workflow;User Behavior Analysis
main_008387,6445cd2231e4ec03702d61bedc305aab35b16bf6cdb1446d5d493bdad6c07e5c,c8b999ec8614bd108b6640f976e6442afa74ef68f3436b132f6e6dfe4879fcad,grandoreiro,0.9999999999950326,High,5000000.0,4999999.999975164,T1027;T1055;T1486,D3-BAC;D3-BDR;D3-FA;D3-PM;D3-SAW;D3-UBA,Backup Access Control;Backup Data Recovery;File Analysis;Platform Monitoring;System Access Workflow;User Behavior Analysis
main_008391,9bb2b254eafc59e772c6408c916546c43467240688f2a7f669240ec076ea8edc,02f47a65d4fd8d00c4aff12092e2155e9f12df2d089bcb1e28b5d65d0d4d7f0f,wacatac,0.9999999787606788,High,5000000.0,4999999.893803394,T1027;T1055;T1486,D3-BAC;D3-BDR;D3-FA;D3-PM;D3-SAW;D3-UBA,Backup Access Control;Backup Data Recovery;File Analysis;Platform Monitoring;System Access Workflow;User Behavior Analysis
main_008399,3d159c8a45afcc0bf711dc90a849500583832a523d98d52a242162aa664bfb47,0275e041db54521a9049f5563dc1fef74e7da6241c2399c29279df758e16ff95,satana,0.9999999973055138,High,5000000.0,4999999.986527569,T1027;T1055;T1486,D3-BAC;D3-BDR;D3-FA;D3-PM;D3-SAW;D3-UBA,Backup Access Control;Backup Data Recovery;File Analysis;Platform Monitoring;System Access Workflow;User Behavior Analysis
main_008400,1c558094b3d080fb7f37b5e434cda8109027000b46e943f176b3565e0b920250,e45422b6d912262726f9ef8ce223669164e2376d1d4c619a9db2ecbad727bd4c,soltern,0.9999999997789586,High,5000000.0,4999999.998894793,T1027;T1055;T1486,D3-BAC;D3-BDR;D3-FA;D3-PM;D3-SAW;D3-UBA,Backup Access Control;Backup Data Recovery;File Analysis;Platform Monitoring;System Access Workflow;User Behavior Analysis
main_008402,6d97c5b293cad12d894770d3fce03ca4ffd21a24149811bf1cda0c232ad7d423,acfd227c9e2a637ba527343252a51d6cbf588451f0194210216eeda06e834e95,banload,0.9999999999999992,High,5000000.0,4999999.999999996,T1027;T1055;T1486,D3-BAC;D3-BDR;D3-FA;D3-PM;D3-SAW;D3-UBA,Backup Access Control;Backup Data Recovery;File Analysis;Platform Monitoring;System Access Workflow;User Behavior Analysis
main_008405,6e2fc065c716d22aea6f857303bb4c975983defb55a482164e6ba47b6a49cb91,acfd227c9e2a637ba527343252a51d6cbf588451f0194210216eeda06e834e95,banload,0.999999999999642,High,5000000.0,4999999.99999821,T1027;T1055;T1486,D3-BAC;D3-BDR;D3-FA;D3-PM;D3-SAW;D3-UBA,Backup Access Control;Backup Data Recovery;File Analysis;Platform Monitoring;System Access Workflow;User Behavior Analysis
main_008406,39e75ad7478ce3d22bc5ad5e0ed2d0b3170b5fcc2cc894b8c7de1d4e63e3558d,b83ef675cc28b5b0387916e29e9ced4ef6c6d6ea4fcffdbc3b3b086e80167fce,berbew,0.999999999187847,High,5000000.0,4999999.995939235,T1027;T1055;T1486,D3-BAC;D3-BDR;D3-FA;D3-PM;D3-SAW;D3-UBA,Backup Access Control;Backup Data Recovery;File Analysis;Platform Monitoring;System Access Workflow;User Behavior Analysis
main_008409,99e7df82bb740b35551fada5d6d539d95a3ddead1bf1f19501bd46abf80c6411,187f622dc0da983d25da3df0e452808a96dd8c64c24aace69bc339cfe47a165d,expiro,0.9999999999970764,High,5000000.0,4999999.999985382,T1027;T1055;T1486,D3-BAC;D3-BDR;D3-FA;D3-PM;D3-SAW;D3-UBA,Backup Access Control;Backup Data Recovery;File Analysis;Platform Monitoring;System Access Workflow;User Behavior Analysis
main_008412,4acaba67d360e50b9a8de583f997cee59d713fac69dda3612a9f268e9f5fffc7,7f411c23e7d9d268b51470b27920d362905e71fca86a2ef5c70747984b30a29a,redline,0.999999559678568,High,5000000.0,4999997.79839284,T1027;T1055;T1486,D3-BAC;D3-BDR;D3-FA;D3-PM;D3-SAW;D3-UBA,Backup Access Control;Backup Data Recovery;File Analysis;Platform Monitoring;System Access Workflow;User Behavior Analysis
main_008416,354a46b0d082db0a947eb42e075e0b55bcbe7316e74da3448798010a17c5f5b6,c30f6aa4eacd78facdb5e11f2d5a5af23f0302f3eca37567244bee7f73b53b8d,sfone,0.9999999999999574,High,5000000.0,4999999.999999787,T1027;T1055;T1486,D3-BAC;D3-BDR;D3-FA;D3-PM;D3-SAW;D3-UBA,Backup Access Control;Backup Data Recovery;File Analysis;Platform Monitoring;System Access Workflow;User Behavior Analysis
main_008426,35cbc15281c42cc2cea66c3b70092f67dbfec7bd2c5ca7f04b7d91423969f987,7f411c23e7d9d268b51470b27920d362905e71fca86a2ef5c70747984b30a29a,redline,0.9999784085113944,High,5000000.0,4999892.042556972,T1027;T1055;T1486,D3-BAC;D3-BDR;D3-FA;D3-PM;D3-SAW;D3-UBA,Backup Access Control;Backup Data Recovery;File Analysis;Platform Monitoring;System Access Workflow;User Behavior Analysis
main_008429,458592a3fb7aec6e2e9cd000af602aa2eacec1f2f7524c99155edcf4a62c08aa,c8b999ec8614bd108b6640f976e6442afa74ef68f3436b132f6e6dfe4879fcad,grandoreiro,0.9999999924109564,High,5000000.0,4999999.962054782,T1027;T1055;T1486,D3-BAC;D3-BDR;D3-FA;D3-PM;D3-SAW;D3-UBA,Backup Access Control;Backup Data Recovery;File Analysis;Platform Monitoring;System Access Workflow;User Behavior Analysis
main_008431,8485c24a6e1ca7daf45fb272276c812c614205089aa5079d3f8ebba648c7985b,c8b999ec8614bd108b6640f976e6442afa74ef68f3436b132f6e6dfe4879fcad,grandoreiro,0.9999999999952848,High,5000000.0,4999999.999976424,T1027;T1055;T1486,D3-BAC;D3-BDR;D3-FA;D3-PM;D3-SAW;D3-UBA,Backup Access Control;Backup Data Recovery;File Analysis;Platform Monitoring;System Access Workflow;User Behavior Analysis
main_008432,60b46576f28a1b0dc2a6fd5d23349e31d5d010317731f6ae76b044795ef7f514,2351cb0b2eccd0155081509ebf8a86177b0fde5ebf5d162ea5728eea79c2db05,trollav,0.9999999999999732,High,5000000.0,4999999.999999866,T1027;T1055;T1486,D3-BAC;D3-BDR;D3-FA;D3-PM;D3-SAW;D3-UBA,Backup Access Control;Backup Data Recovery;File Analysis;Platform Monitoring;System Access Workflow;User Behavior Analysis
main_008434,a0295a1a17d49efaa806acb3f8e57dde6a8eb27a0fd5624ad71df85615810ceb,77862efd76591a786f99d400c0f97633e2bfb2bbd18b09dd6bf33ebe49f40f07,xmrig,1.0,High,5000000.0,5000000.0,T1027;T1055;T1059,D3-AL;D3-CR;D3-FA;D3-PM;D3-SAW;D3-UBA,Application Allowlisting;Command Restriction;File Analysis;Platform Monitoring;System Access Workflow;User Behavior Analysis
main_008439,96b5caf2af03ccc68aca14a9650e4873222ecdf2783b54cf55252358439742e5,b83ef675cc28b5b0387916e29e9ced4ef6c6d6ea4fcffdbc3b3b086e80167fce,berbew,0.9999999987399122,High,5000000.0,4999999.993699561,T1027;T1055;T1486,D3-BAC;D3-BDR;D3-FA;D3-PM;D3-SAW;D3-UBA,Backup Access Control;Backup Data Recovery;File Analysis;Platform Monitoring;System Access Workflow;User Behavior Analysis
main_008449,7141021250e2902becba543a4bef67ee772fa9944d9de70a28a60395fa2c4d42,2351cb0b2eccd0155081509ebf8a86177b0fde5ebf5d162ea5728eea79c2db05,trollav,0.999999999999902,High,5000000.0,4999999.99999951,T1027;T1055;T1486,D3-BAC;D3-BDR;D3-FA;D3-PM;D3-SAW;D3-UBA,Backup Access Control;Backup Data Recovery;File Analysis;Platform Monitoring;System Access Workflow;User Behavior Analysis
main_008452,b87c997d65efa5d70919b6fc821cd3a42cb342d4158f62eabb8ddfbdd360e876,02f47a65d4fd8d00c4aff12092e2155e9f12df2d089bcb1e28b5d65d0d4d7f0f,wacatac,0.9997342154731343,High,5000000.0,4998671.077365671,T1027;T1055;T1486,D3-BAC;D3-BDR;D3-FA;D3-PM;D3-SAW;D3-UBA,Backup Access Control;Backup Data Recovery;File Analysis;Platform Monitoring;System Access Workflow;User Behavior Analysis
main_008454,30b00fc5444c867ee735d2b068b3ecfae457d117fc7f9c500411faa3ad6042c3,2351cb0b2eccd0155081509ebf8a86177b0fde5ebf5d162ea5728eea79c2db05,trollav,0.9999999999999588,High,5000000.0,4999999.999999794,T1027;T1055;T1486,D3-BAC;D3-BDR;D3-FA;D3-PM;D3-SAW;D3-UBA,Backup Access Control;Backup Data Recovery;File Analysis;Platform Monitoring;System Access Workflow;User Behavior Analysis
main_008465,6cc0878e1def5126e2c345ee11cb07b820a20c37b6d23233715d62a0d515f84c,c48346bb37a583087929a55bb12086e961175a656e68659f14a4afcdb2fe9cc6,doenerium,0.9994581053477576,High,5000000.0,4997290.526738788,T1027;T1055;T1486,D3-BAC;D3-BDR;D3-FA;D3-PM;D3-SAW;D3-UBA,Backup Access Control;Backup Data Recovery;File Analysis;Platform Monitoring;System Access Workflow;User Behavior Analysis
main_008468,b7ed0b86bf0a066e9833e2e3c50a111b4509864d0503df0007633fefa8708323,c9e58d481ca76ea25d4579ea39056b5f5e3a5c25648274f9dcd1b6c533284d52,upatre,0.9999999997867968,High,5000000.0,4999999.998933984,T1027;T1055;T1486,D3-BAC;D3-BDR;D3-FA;D3-PM;D3-SAW;D3-UBA,Backup Access Control;Backup Data Recovery;File Analysis;Platform Monitoring;System Access Workflow;User Behavior Analysis
main_008470,a1b3d96ee2baa3e09ba3f54bf4b0758493600ed5e0aafd4f3418b43b2bfd6360,b83ef675cc28b5b0387916e29e9ced4ef6c6d6ea4fcffdbc3b3b086e80167fce,berbew,0.9999999999772408,High,5000000.0,4999999.999886204,T1027;T1055;T1486,D3-BAC;D3-BDR;D3-FA;D3-PM;D3-SAW;D3-UBA,Backup Access Control;Backup Data Recovery;File Analysis;Platform Monitoring;System Access Workflow;User Behavior Analysis
main_008474,3edf0525d356c912833e79fd9c24f23b864ef4a76a240cbabd0c615fc582f0b4,02f47a65d4fd8d00c4aff12092e2155e9f12df2d089bcb1e28b5d65d0d4d7f0f,wacatac,0.9999864836878944,High,5000000.0,4999932.418439472,T1027;T1055;T1486,D3-BAC;D3-BDR;D3-FA;D3-PM;D3-SAW;D3-UBA,Backup Access Control;Backup Data Recovery;File Analysis;Platform Monitoring;System Access Workflow;User Behavior Analysis
main_008478,5afe4339384f358a0f4d133365be1512d91340df5d580f718decde6e72474a60,d711b7a44fad7b8bc0f622f2fbf870fb0f62f82a5a5a78c5499a9b4110118984,goshell,0.9999993329254816,High,5000000.0,4999996.664627408,T1027;T1055;T1486,D3-BAC;D3-BDR;D3-FA;D3-PM;D3-SAW;D3-UBA,Backup Access Control;Backup Data Recovery;File Analysis;Platform Monitoring;System Access Workflow;User Behavior Analysis
main_008479,c27f93fdac6e3e139bc84c2caead8f71e1b5d89d63d1ff038860e2a428631721,c30f6aa4eacd78facdb5e11f2d5a5af23f0302f3eca37567244bee7f73b53b8d,sfone,0.999999999999894,High,5000000.0,4999999.99999947,T1027;T1055;T1486,D3-BAC;D3-BDR;D3-FA;D3-PM;D3-SAW;D3-UBA,Backup Access Control;Backup Data Recovery;File Analysis;Platform Monitoring;System Access Workflow;User Behavior Analysis
main_008480,a7159a4bb217912aad5f0b033b5a0210855adcce9b803b9ad25b437dfa704dd4,295fe8cc28eaef9312e590b4434b288e979b8b3323f6d2de36aa9aab3c77d69c,pcclient,0.9999999999997278,High,5000000.0,4999999.999998638,T1027;T1055;T1486,D3-BAC;D3-BDR;D3-FA;D3-PM;D3-SAW;D3-UBA,Backup Access Control;Backup Data Recovery;File Analysis;Platform Monitoring;System Access Workflow;User Behavior Analysis
main_008482,90d24f32d3dbce7276db07bb49744ee06e7426556291d2c2b81579cfe1fcfe51,e45422b6d912262726f9ef8ce223669164e2376d1d4c619a9db2ecbad727bd4c,soltern,0.9999999999658248,High,5000000.0,4999999.999829124,T1027;T1055;T1486,D3-BAC;D3-BDR;D3-FA;D3-PM;D3-SAW;D3-UBA,Backup Access Control;Backup Data Recovery;File Analysis;Platform Monitoring;System Access Workflow;User Behavior Analysis
main_008484,60852cfdbe0fdd2d0dda0d9e421df22d19a3dbf9e2cfeed5ca6e3ebc8ef24de3,b83ef675cc28b5b0387916e29e9ced4ef6c6d6ea4fcffdbc3b3b086e80167fce,berbew,0.9999999999982,High,5000000.0,4999999.999991,T1027;T1055;T1486,D3-BAC;D3-BDR;D3-FA;D3-PM;D3-SAW;D3-UBA,Backup Access Control;Backup Data Recovery;File Analysis;Platform Monitoring;System Access Workflow;User Behavior Analysis
main_008486,08b0bc720f7a6c7c6ff4a7c8d545e8d68d4b4694013144ca1cdbdebed2a52fce,77862efd76591a786f99d400c0f97633e2bfb2bbd18b09dd6bf33ebe49f40f07,xmrig,0.9999999992729528,High,5000000.0,4999999.996364764,T1027;T1055;T1059,D3-AL;D3-CR;D3-FA;D3-PM;D3-SAW;D3-UBA,Application Allowlisting;Command Restriction;File Analysis;Platform Monitoring;System Access Workflow;User Behavior Analysis
main_008492,43bffd373d0c17e4b3ed700c0db23f11e25fd2153cd2bf953bf0055a3cd38376,ef092d42941fb6af2ca50130b1d7a2fb36f80cc98954c008a5ccc00a2995ab79,scarletflash,0.9999999981414542,High,5000000.0,4999999.990707271,T1027;T1055;T1486,D3-BAC;D3-BDR;D3-FA;D3-PM;D3-SAW;D3-UBA,Backup Access Control;Backup Data Recovery;File Analysis;Platform Monitoring;System Access Workflow;User Behavior Analysis
main_008501,5dbfe44c54e639dafd9fda064b216b22c26698982b43e8bab501ee9a9f1ae741,02f47a65d4fd8d00c4aff12092e2155e9f12df2d089bcb1e28b5d65d0d4d7f0f,wacatac,0.9999999973933348,High,5000000.0,4999999.986966674,T1027;T1055;T1486,D3-BAC;D3-BDR;D3-FA;D3-PM;D3-SAW;D3-UBA,Backup Access Control;Backup Data Recovery;File Analysis;Platform Monitoring;System Access Workflow;User Behavior Analysis
main_008505,9db752ae83e9a97374c4af280f3905d6968d754aea234395e26c7bbf6ac1ebc2,c8b999ec8614bd108b6640f976e6442afa74ef68f3436b132f6e6dfe4879fcad,grandoreiro,0.999999999999858,High,5000000.0,4999999.99999929,T1027;T1055;T1486,D3-BAC;D3-BDR;D3-FA;D3-PM;D3-SAW;D3-UBA,Backup Access Control;Backup Data Recovery;File Analysis;Platform Monitoring;System Access Workflow;User Behavior Analysis
main_008507,bab532f9e35b56d1fd618ca66a14b0949343f13c63b4798dc2b302dce607c1b1,02f47a65d4fd8d00c4aff12092e2155e9f12df2d089bcb1e28b5d65d0d4d7f0f,wacatac,0.9999802966549742,High,5000000.0,4999901.483274872,T1027;T1055;T1486,D3-BAC;D3-BDR;D3-FA;D3-PM;D3-SAW;D3-UBA,Backup Access Control;Backup Data Recovery;File Analysis;Platform Monitoring;System Access Workflow;User Behavior Analysis
main_008516,5f90a1b7575d0ae5e0524e98a7878c623a1ce3d8398cf21d2c8ba0beca41a6cc,c30f6aa4eacd78facdb5e11f2d5a5af23f0302f3eca37567244bee7f73b53b8d,sfone,0.9999999999974432,High,5000000.0,4999999.999987216,T1027;T1055;T1486,D3-BAC;D3-BDR;D3-FA;D3-PM;D3-SAW;D3-UBA,Backup Access Control;Backup Data Recovery;File Analysis;Platform Monitoring;System Access Workflow;User Behavior Analysis
main_008520,3dbaaf913bd015c0c01065ac0b3fe80e478648dfc6231069034354cde63e640f,b83ef675cc28b5b0387916e29e9ced4ef6c6d6ea4fcffdbc3b3b086e80167fce,berbew,0.999999999999978,High,5000000.0,4999999.99999989,T1027;T1055;T1486,D3-BAC;D3-BDR;D3-FA;D3-PM;D3-SAW;D3-UBA,Backup Access Control;Backup Data Recovery;File Analysis;Platform Monitoring;System Access Workflow;User Behavior Analysis
main_008529,19bff0939e24cf6dcf47fa0ea4bca3e119a9dd5c384cfdd8ec15c84ebae8ae0a,b83ef675cc28b5b0387916e29e9ced4ef6c6d6ea4fcffdbc3b3b086e80167fce,berbew,0.9999999999984516,High,5000000.0,4999999.999992258,T1027;T1055;T1486,D3-BAC;D3-BDR;D3-FA;D3-PM;D3-SAW;D3-UBA,Backup Access Control;Backup Data Recovery;File Analysis;Platform Monitoring;System Access Workflow;User Behavior Analysis
main_008532,bcf63f475a5fae6aa0cd07cbf8c116366f576c09e8f4f3ce4d58dfe17e3c8da4,8fecfcfbda3402c1771acf5740b49937f14c608d4dd4e598b83765f7b2b12bf8,urelas,0.999423797945616,High,5000000.0,4997118.98972808,T1027;T1055;T1486,D3-BAC;D3-BDR;D3-FA;D3-PM;D3-SAW;D3-UBA,Backup Access Control;Backup Data Recovery;File Analysis;Platform Monitoring;System Access Workflow;User Behavior Analysis
main_008540,f8564ffa7dfb9fa2265e30a11e720d45649e74d1a3de10c4ac7586c674f1790b,ef092d42941fb6af2ca50130b1d7a2fb36f80cc98954c008a5ccc00a2995ab79,scarletflash,0.9999999999992788,High,5000000.0,4999999.999996394,T1027;T1055;T1486,D3-BAC;D3-BDR;D3-FA;D3-PM;D3-SAW;D3-UBA,Backup Access Control;Backup Data Recovery;File Analysis;Platform Monitoring;System Access Workflow;User Behavior Analysis
main_008541,39a3589ab3a892e442a8a6ce9295504cebb7dea3efcce31596b1bc4ea666963e,02f47a65d4fd8d00c4aff12092e2155e9f12df2d089bcb1e28b5d65d0d4d7f0f,wacatac,0.9999999999992596,High,5000000.0,4999999.999996298,T1027;T1055;T1486,D3-BAC;D3-BDR;D3-FA;D3-PM;D3-SAW;D3-UBA,Backup Access Control;Backup Data Recovery;File Analysis;Platform Monitoring;System Access Workflow;User Behavior Analysis
main_008544,571ccc27cbda9290bfc5068a56243a3464cf088c0f99f0c80993d783cc102122,02f47a65d4fd8d00c4aff12092e2155e9f12df2d089bcb1e28b5d65d0d4d7f0f,wacatac,0.9991059272641925,High,5000000.0,4995529.636320963,T1027;T1055;T1486,D3-BAC;D3-BDR;D3-FA;D3-PM;D3-SAW;D3-UBA,Backup Access Control;Backup Data Recovery;File Analysis;Platform Monitoring;System Access Workflow;User Behavior Analysis
main_008582,dede1e2bcb52981b809f0cae6fe4ab6566fbe8f4d03b09e42dc9fc0ce1f3af39,58bb064ce0f0721aab7e4b4285f49e318ee801ab658d49dcfff305df630cc5c9,bedep,0.9999999657078192,High,5000000.0,4999999.828539096,T1027;T1055;T1486,D3-BAC;D3-BDR;D3-FA;D3-PM;D3-SAW;D3-UBA,Backup Access Control;Backup Data Recovery;File Analysis;Platform Monitoring;System Access Workflow;User Behavior Analysis
main_008587,ee3ec8e569a501c973a04818bc5ac8c3edf6da0e7b18eca5c4177bf9c42068e2,ef092d42941fb6af2ca50130b1d7a2fb36f80cc98954c008a5ccc00a2995ab79,scarletflash,0.9999916295718108,High,5000000.0,4999958.147859054,T1027;T1055;T1486,D3-BAC;D3-BDR;D3-FA;D3-PM;D3-SAW;D3-UBA,Backup Access Control;Backup Data Recovery;File Analysis;Platform Monitoring;System Access Workflow;User Behavior Analysis
main_008588,b9d5c5b461d57977276fee95096bffefd559ee539cd50bac9ec528cebb18f926,58bb064ce0f0721aab7e4b4285f49e318ee801ab658d49dcfff305df630cc5c9,bedep,0.999999724241978,High,5000000.0,4999998.621209891,T1027;T1055;T1486,D3-BAC;D3-BDR;D3-FA;D3-PM;D3-SAW;D3-UBA,Backup Access Control;Backup Data Recovery;File Analysis;Platform Monitoring;System Access Workflow;User Behavior Analysis
main_008589,4bef9aa3935e46da01e95f9efc1e1f5b6b11ed1f6421ff5a47e90745bfb9efe1,c61f9dbf4af88faf1552da707a9ba3d86a76deee0ff1e082e6a9c784274920d6,ulise,0.9999976523251326,High,5000000.0,4999988.261625663,T1027;T1055;T1486,D3-BAC;D3-BDR;D3-FA;D3-PM;D3-SAW;D3-UBA,Backup Access Control;Backup Data Recovery;File Analysis;Platform Monitoring;System Access Workflow;User Behavior Analysis
main_008590,85fd67abe243993b159b483432968204fcb0cf63ef120507ef2d7b1470858e91,58bb064ce0f0721aab7e4b4285f49e318ee801ab658d49dcfff305df630cc5c9,bedep,0.99999999994154,High,5000000.0,4999999.9997077,T1027;T1055;T1486,D3-BAC;D3-BDR;D3-FA;D3-PM;D3-SAW;D3-UBA,Backup Access Control;Backup Data Recovery;File Analysis;Platform Monitoring;System Access Workflow;User Behavior Analysis
main_008592,e024567fca176907c69536abf0ac627e51cff9072456151fbec85017db011a8b,58bb064ce0f0721aab7e4b4285f49e318ee801ab658d49dcfff305df630cc5c9,bedep,0.9999999994881996,High,5000000.0,4999999.997440998,T1027;T1055;T1486,D3-BAC;D3-BDR;D3-FA;D3-PM;D3-SAW;D3-UBA,Backup Access Control;Backup Data Recovery;File Analysis;Platform Monitoring;System Access Workflow;User Behavior Analysis
main_008593,fed7bb5407019303a392c4544baedac9e5b3900cae0c3c91e1ab6e0fd60769c3,58bb064ce0f0721aab7e4b4285f49e318ee801ab658d49dcfff305df630cc5c9,bedep,0.9999999984817732,High,5000000.0,4999999.992408866,T1027;T1055;T1486,D3-BAC;D3-BDR;D3-FA;D3-PM;D3-SAW;D3-UBA,Backup Access Control;Backup Data Recovery;File Analysis;Platform Monitoring;System Access Workflow;User Behavior Analysis
main_008594,8e293ba0fa658a9a839a6da9a4c8492b0833fcaae44d4f97038997f7237847d5,58bb064ce0f0721aab7e4b4285f49e318ee801ab658d49dcfff305df630cc5c9,bedep,0.9999999996138657,High,5000000.0,4999999.998069328,T1027;T1055;T1486,D3-BAC;D3-BDR;D3-FA;D3-PM;D3-SAW;D3-UBA,Backup Access Control;Backup Data Recovery;File Analysis;Platform Monitoring;System Access Workflow;User Behavior Analysis
main_008595,67b664e8b58fc0925a4009dc70c70e09fe90f54b2e2b92c3970ed45c01625737,ca6ac6af66c22d8acdd6e42a00a9a21a24a37e3fa6a018662fb6dbaabfe7a96d,metasploit,0.9999999999995166,High,5000000.0,4999999.999997583,T1027;T1055;T1486,D3-BAC;D3-BDR;D3-FA;D3-PM;D3-SAW;D3-UBA,Backup Access Control;Backup Data Recovery;File Analysis;Platform Monitoring;System Access Workflow;User Behavior Analysis
main_008596,f5c941ef62784b4571bddfb026aeefb3009a63a6bc4a9e624a7269ec7990a426,02f47a65d4fd8d00c4aff12092e2155e9f12df2d089bcb1e28b5d65d0d4d7f0f,wacatac,0.99999999988463,High,5000000.0,4999999.99942315,T1027;T1055;T1486,D3-BAC;D3-BDR;D3-FA;D3-PM;D3-SAW;D3-UBA,Backup Access Control;Backup Data Recovery;File Analysis;Platform Monitoring;System Access Workflow;User Behavior Analysis
main_008599,2f7f4f1be45cef1beb56f61888db136e3ef8400752c2d8e252e1c7ca91b4a14f,02f47a65d4fd8d00c4aff12092e2155e9f12df2d089bcb1e28b5d65d0d4d7f0f,wacatac,0.9999999973592584,High,5000000.0,4999999.986796292,T1027;T1055;T1486,D3-BAC;D3-BDR;D3-FA;D3-PM;D3-SAW;D3-UBA,Backup Access Control;Backup Data Recovery;File Analysis;Platform Monitoring;System Access Workflow;User Behavior Analysis
main_008603,77808b031a4a4e20d85df9d60a85d21ca44bdc24c87c4ddeb720463b47afefe1,e2195e8d572011dd26e38a71141f2d3f36632ef12a50da4581439b1c5c1ada48,blackmoon,0.9999999992979424,High,5000000.0,4999999.996489712,T1027;T1055;T1486,D3-BAC;D3-BDR;D3-FA;D3-PM;D3-SAW;D3-UBA,Backup Access Control;Backup Data Recovery;File Analysis;Platform Monitoring;System Access Workflow;User Behavior Analysis
main_008604,faa7b37ba2f52fd4796f51cee108edc492d6a05eff49d36da9538b39556b3c70,c8b999ec8614bd108b6640f976e6442afa74ef68f3436b132f6e6dfe4879fcad,grandoreiro,0.9999999999984184,High,5000000.0,4999999.999992092,T1027;T1055;T1486,D3-BAC;D3-BDR;D3-FA;D3-PM;D3-SAW;D3-UBA,Backup Access Control;Backup Data Recovery;File Analysis;Platform Monitoring;System Access Workflow;User Behavior Analysis
main_008605,bc77dbad38adac11580034f4cd166df85002f9683ca5711e6cb2c3ad11a3416f,5667ef73dac709effcfdc518a98ea9238365ec62b0eb5f478392e28818a2efd5,zeus,0.9999999998647666,High,5000000.0,4999999.999323833,T1027;T1055;T1486,D3-BAC;D3-BDR;D3-FA;D3-PM;D3-SAW;D3-UBA,Backup Access Control;Backup Data Recovery;File Analysis;Platform Monitoring;System Access Workflow;User Behavior Analysis
main_008606,2cfe9acffcac8704e18beac9859c42e57ff60e1cc748bdce5990f097e69ba1f5,b83ef675cc28b5b0387916e29e9ced4ef6c6d6ea4fcffdbc3b3b086e80167fce,berbew,0.9999999999997248,High,5000000.0,4999999.999998624,T1027;T1055;T1486,D3-BAC;D3-BDR;D3-FA;D3-PM;D3-SAW;D3-UBA,Backup Access Control;Backup Data Recovery;File Analysis;Platform Monitoring;System Access Workflow;User Behavior Analysis
main_008608,b8a448418d717a8f3d62f267a92d7a0aad540667b5e2318bf1cdc0526403861a,58bb064ce0f0721aab7e4b4285f49e318ee801ab658d49dcfff305df630cc5c9,bedep,0.9999999998222244,High,5000000.0,4999999.999111122,T1027;T1055;T1486,D3-BAC;D3-BDR;D3-FA;D3-PM;D3-SAW;D3-UBA,Backup Access Control;Backup Data Recovery;File Analysis;Platform Monitoring;System Access Workflow;User Behavior Analysis
main_008609,9b24dc22029a319ba85ebdf3f9f8f757f65f3b79ced1b9ace7a769fe259bb2b7,77862efd76591a786f99d400c0f97633e2bfb2bbd18b09dd6bf33ebe49f40f07,xmrig,1.0,High,5000000.0,5000000.0,T1027;T1055;T1059,D3-AL;D3-CR;D3-FA;D3-PM;D3-SAW;D3-UBA,Application Allowlisting;Command Restriction;File Analysis;Platform Monitoring;System Access Workflow;User Behavior Analysis
main_008611,5956089a165cf495b1c999c48b21121862cc455918bf01b51abb442d1acc45d6,77862efd76591a786f99d400c0f97633e2bfb2bbd18b09dd6bf33ebe49f40f07,xmrig,0.9999999999999992,High,5000000.0,4999999.999999996,T1027;T1055;T1059,D3-AL;D3-CR;D3-FA;D3-PM;D3-SAW;D3-UBA,Application Allowlisting;Command Restriction;File Analysis;Platform Monitoring;System Access Workflow;User Behavior Analysis
main_008612,5ed297a8baff7237d0fbe6fd318eb5c306aa0bfec75bf29a4e9cfa9fb2346e9d,58bb064ce0f0721aab7e4b4285f49e318ee801ab658d49dcfff305df630cc5c9,bedep,0.9999999999605248,High,5000000.0,4999999.999802624,T1027;T1055;T1486,D3-BAC;D3-BDR;D3-FA;D3-PM;D3-SAW;D3-UBA,Backup Access Control;Backup Data Recovery;File Analysis;Platform Monitoring;System Access Workflow;User Behavior Analysis
main_008613,be4e66e1288a55d73766b6d3cdb15d433502ad4cba648bf255fda7d71b67495f,c8b999ec8614bd108b6640f976e6442afa74ef68f3436b132f6e6dfe4879fcad,grandoreiro,0.9999999999996748,High,5000000.0,4999999.999998374,T1027;T1055;T1486,D3-BAC;D3-BDR;D3-FA;D3-PM;D3-SAW;D3-UBA,Backup Access Control;Backup Data Recovery;File Analysis;Platform Monitoring;System Access Workflow;User Behavior Analysis
main_008614,bdacb46d03592d8b7e50df7e5edfb9782220a437778c953f9725b993bf375a79,77862efd76591a786f99d400c0f97633e2bfb2bbd18b09dd6bf33ebe49f40f07,xmrig,1.0,High,5000000.0,5000000.0,T1027;T1055;T1059,D3-AL;D3-CR;D3-FA;D3-PM;D3-SAW;D3-UBA,Application Allowlisting;Command Restriction;File Analysis;Platform Monitoring;System Access Workflow;User Behavior Analysis
main_008615,e743235770281dcd6e89d3e997cdd91ab7452ba1fc963208043379cdb31bdd2e,02f47a65d4fd8d00c4aff12092e2155e9f12df2d089bcb1e28b5d65d0d4d7f0f,wacatac,0.9999999999999468,High,5000000.0,4999999.999999734,T1027;T1055;T1486,D3-BAC;D3-BDR;D3-FA;D3-PM;D3-SAW;D3-UBA,Backup Access Control;Backup Data Recovery;File Analysis;Platform Monitoring;System Access Workflow;User Behavior Analysis
main_008621,ec872db045b4365d3b1e1c5afca2852b3defff9fbf3100f51ca93ead8ff7482b,c8b999ec8614bd108b6640f976e6442afa74ef68f3436b132f6e6dfe4879fcad,grandoreiro,0.9999999999623052,High,5000000.0,4999999.999811525,T1027;T1055;T1486,D3-BAC;D3-BDR;D3-FA;D3-PM;D3-SAW;D3-UBA,Backup Access Control;Backup Data Recovery;File Analysis;Platform Monitoring;System Access Workflow;User Behavior Analysis
main_008622,a7be8c4109d4188e0e222871b48df13bd432d94f5462c2707f2612097350d193,b83ef675cc28b5b0387916e29e9ced4ef6c6d6ea4fcffdbc3b3b086e80167fce,berbew,0.9999997446427256,High,5000000.0,4999998.723213628,T1027;T1055;T1486,D3-BAC;D3-BDR;D3-FA;D3-PM;D3-SAW;D3-UBA,Backup Access Control;Backup Data Recovery;File Analysis;Platform Monitoring;System Access Workflow;User Behavior Analysis
main_008624,3d732a3740597a9fbcc5bb86ff17ecf8a3a97b1c4b0b1515a251c346c32d2edc,b83ef675cc28b5b0387916e29e9ced4ef6c6d6ea4fcffdbc3b3b086e80167fce,berbew,0.9999999999999504,High,5000000.0,4999999.999999752,T1027;T1055;T1486,D3-BAC;D3-BDR;D3-FA;D3-PM;D3-SAW;D3-UBA,Backup Access Control;Backup Data Recovery;File Analysis;Platform Monitoring;System Access Workflow;User Behavior Analysis
main_008625,fff62e7d15f79fd4046cabfda150269ace7ac14e5c2e842bfee5f54a6b9b2bad,77862efd76591a786f99d400c0f97633e2bfb2bbd18b09dd6bf33ebe49f40f07,xmrig,1.0,High,5000000.0,5000000.0,T1027;T1055;T1059,D3-AL;D3-CR;D3-FA;D3-PM;D3-SAW;D3-UBA,Application Allowlisting;Command Restriction;File Analysis;Platform Monitoring;System Access Workflow;User Behavior Analysis
main_008634,84a0d035a9dc0556c3fece2701b0d1487580d0945d56a6c6bed5a643913ab850,04d890b2e972a9c6984f3a55fbc6362903c44855434a3ed390b72b5cde0d1297,vindor,0.9999999999999996,High,5000000.0,4999999.999999998,T1027;T1055;T1486,D3-BAC;D3-BDR;D3-FA;D3-PM;D3-SAW;D3-UBA,Backup Access Control;Backup Data Recovery;File Analysis;Platform Monitoring;System Access Workflow;User Behavior Analysis
main_008647,9e88480c33068083b1e565f49264fb7e75c5dabe834c687f04496319f4c5ab49,58bb064ce0f0721aab7e4b4285f49e318ee801ab658d49dcfff305df630cc5c9,bedep,0.9999999998711456,High,5000000.0,4999999.999355728,T1027;T1055;T1486,D3-BAC;D3-BDR;D3-FA;D3-PM;D3-SAW;D3-UBA,Backup Access Control;Backup Data Recovery;File Analysis;Platform Monitoring;System Access Workflow;User Behavior Analysis
main_008649,62eaddfdc85bc94d6ab50133d9439aad96576de2edb7fa5c557153d65da4d949,77862efd76591a786f99d400c0f97633e2bfb2bbd18b09dd6bf33ebe49f40f07,xmrig,1.0,High,5000000.0,5000000.0,T1027;T1055;T1059,D3-AL;D3-CR;D3-FA;D3-PM;D3-SAW;D3-UBA,Application Allowlisting;Command Restriction;File Analysis;Platform Monitoring;System Access Workflow;User Behavior Analysis
main_008653,bcfa39086a0e6f4e151c79a9880113237c2aa3baa283c44e8b61850c0a4c4c6c,c8b999ec8614bd108b6640f976e6442afa74ef68f3436b132f6e6dfe4879fcad,grandoreiro,0.9999999999991592,High,5000000.0,4999999.999995796,T1027;T1055;T1486,D3-BAC;D3-BDR;D3-FA;D3-PM;D3-SAW;D3-UBA,Backup Access Control;Backup Data Recovery;File Analysis;Platform Monitoring;System Access Workflow;User Behavior Analysis
main_008660,bc3faacfd2e349c0434e3a66e8833b5c91804e331c47c200ce397d73cebeee3d,58bb064ce0f0721aab7e4b4285f49e318ee801ab658d49dcfff305df630cc5c9,bedep,0.9999999958923216,High,5000000.0,4999999.979461608,T1027;T1055;T1486,D3-BAC;D3-BDR;D3-FA;D3-PM;D3-SAW;D3-UBA,Backup Access Control;Backup Data Recovery;File Analysis;Platform Monitoring;System Access Workflow;User Behavior Analysis
main_008662,c1c091177bc87c7536e449cac6809d0981f4f5755e5c23efa30b7727f23dc47f,77862efd76591a786f99d400c0f97633e2bfb2bbd18b09dd6bf33ebe49f40f07,xmrig,1.0,High,5000000.0,5000000.0,T1027;T1055;T1059,D3-AL;D3-CR;D3-FA;D3-PM;D3-SAW;D3-UBA,Application Allowlisting;Command Restriction;File Analysis;Platform Monitoring;System Access Workflow;User Behavior Analysis
main_008668,e49813ef316725af731e44dde0398acab9c097d71faf78fda561d782d4bf96fb,58bb064ce0f0721aab7e4b4285f49e318ee801ab658d49dcfff305df630cc5c9,bedep,0.9999999999991788,High,5000000.0,4999999.999995894,T1027;T1055;T1486,D3-BAC;D3-BDR;D3-FA;D3-PM;D3-SAW;D3-UBA,Backup Access Control;Backup Data Recovery;File Analysis;Platform Monitoring;System Access Workflow;User Behavior Analysis
main_008671,f37d848f9d6f86431bdfecc688d413de4c41b365f77a8c845b11a4d2b5023e20,c8b999ec8614bd108b6640f976e6442afa74ef68f3436b132f6e6dfe4879fcad,grandoreiro,0.9999999999988832,High,5000000.0,4999999.999994416,T1027;T1055;T1486,D3-BAC;D3-BDR;D3-FA;D3-PM;D3-SAW;D3-UBA,Backup Access Control;Backup Data Recovery;File Analysis;Platform Monitoring;System Access Workflow;User Behavior Analysis
main_008672,aec5b822f0599d5954dc8cfafc8d10c169d1f7ac1255bbeb53f49fc095c3926f,b83ef675cc28b5b0387916e29e9ced4ef6c6d6ea4fcffdbc3b3b086e80167fce,berbew,0.9999999999319,High,5000000.0,4999999.9996595,T1027;T1055;T1486,D3-BAC;D3-BDR;D3-FA;D3-PM;D3-SAW;D3-UBA,Backup Access Control;Backup Data Recovery;File Analysis;Platform Monitoring;System Access Workflow;User Behavior Analysis
main_008673,8d55b4daf08440a9df02c6d6f4a456ce68610310dc81e32939f67a365ba0cd14,77862efd76591a786f99d400c0f97633e2bfb2bbd18b09dd6bf33ebe49f40f07,xmrig,1.0,High,5000000.0,5000000.0,T1027;T1055;T1059,D3-AL;D3-CR;D3-FA;D3-PM;D3-SAW;D3-UBA,Application Allowlisting;Command Restriction;File Analysis;Platform Monitoring;System Access Workflow;User Behavior Analysis
main_008674,9254500d6c09b69a7cdaea2fbc79456d15f0c1c234e46f9a2ce10c2ec159e9da,77862efd76591a786f99d400c0f97633e2bfb2bbd18b09dd6bf33ebe49f40f07,xmrig,1.0,High,5000000.0,5000000.0,T1027;T1055;T1059,D3-AL;D3-CR;D3-FA;D3-PM;D3-SAW;D3-UBA,Application Allowlisting;Command Restriction;File Analysis;Platform Monitoring;System Access Workflow;User Behavior Analysis
main_008676,631d73314c23db88a8e597cdd1cddc37cb4eb6de08509194ba02dcc46610ce2a,58bb064ce0f0721aab7e4b4285f49e318ee801ab658d49dcfff305df630cc5c9,bedep,0.9999999999999112,High,5000000.0,4999999.999999556,T1027;T1055;T1486,D3-BAC;D3-BDR;D3-FA;D3-PM;D3-SAW;D3-UBA,Backup Access Control;Backup Data Recovery;File Analysis;Platform Monitoring;System Access Workflow;User Behavior Analysis
main_008679,99b0a7d157dd059f0b82910fbf8669d5c41b2aa85a8076be24b2039972f9c768,c8b999ec8614bd108b6640f976e6442afa74ef68f3436b132f6e6dfe4879fcad,grandoreiro,0.9999999999961012,High,5000000.0,4999999.9999805065,T1027;T1055;T1486,D3-BAC;D3-BDR;D3-FA;D3-PM;D3-SAW;D3-UBA,Backup Access Control;Backup Data Recovery;File Analysis;Platform Monitoring;System Access Workflow;User Behavior Analysis
main_008680,054eefb83c31405d0854573452235f919274203f516cf66991631fbae5117f41,58bb064ce0f0721aab7e4b4285f49e318ee801ab658d49dcfff305df630cc5c9,bedep,0.999999999725949,High,5000000.0,4999999.998629745,T1027;T1055;T1486,D3-BAC;D3-BDR;D3-FA;D3-PM;D3-SAW;D3-UBA,Backup Access Control;Backup Data Recovery;File Analysis;Platform Monitoring;System Access Workflow;User Behavior Analysis
main_008682,baf0af45f81dea0dc8924f989f07eef7680f20bbdea6ef2638c8270037061667,58bb064ce0f0721aab7e4b4285f49e318ee801ab658d49dcfff305df630cc5c9,bedep,0.9999999997569542,High,5000000.0,4999999.998784771,T1027;T1055;T1486,D3-BAC;D3-BDR;D3-FA;D3-PM;D3-SAW;D3-UBA,Backup Access Control;Backup Data Recovery;File Analysis;Platform Monitoring;System Access Workflow;User Behavior Analysis
main_008685,f6bb25857ac1ba988fb5adeaaedc01975ac1c842845ea38afd72cf8690a29257,58bb064ce0f0721aab7e4b4285f49e318ee801ab658d49dcfff305df630cc5c9,bedep,0.9999999999130044,High,5000000.0,4999999.999565022,T1027;T1055;T1486,D3-BAC;D3-BDR;D3-FA;D3-PM;D3-SAW;D3-UBA,Backup Access Control;Backup Data Recovery;File Analysis;Platform Monitoring;System Access Workflow;User Behavior Analysis
main_008686,34234f47e5ce6bacf5c7b5303d05d4efd47a47c6bb711c72d16145c11dce3888,77862efd76591a786f99d400c0f97633e2bfb2bbd18b09dd6bf33ebe49f40f07,xmrig,1.0,High,5000000.0,5000000.0,T1027;T1055;T1059,D3-AL;D3-CR;D3-FA;D3-PM;D3-SAW;D3-UBA,Application Allowlisting;Command Restriction;File Analysis;Platform Monitoring;System Access Workflow;User Behavior Analysis
main_008689,6729df04066984d17489b0b13153dc7640d657739665df8e6b0ea37d4b3772d1,b83ef675cc28b5b0387916e29e9ced4ef6c6d6ea4fcffdbc3b3b086e80167fce,berbew,0.9999999999980091,High,5000000.0,4999999.999990046,T1027;T1055;T1486,D3-BAC;D3-BDR;D3-FA;D3-PM;D3-SAW;D3-UBA,Backup Access Control;Backup Data Recovery;File Analysis;Platform Monitoring;System Access Workflow;User Behavior Analysis
main_008691,4450c096d27a444dfbdf50731f19475dafa81474fa7b32693c879c00bdcebc6f,77862efd76591a786f99d400c0f97633e2bfb2bbd18b09dd6bf33ebe49f40f07,xmrig,1.0,High,5000000.0,5000000.0,T1027;T1055;T1059,D3-AL;D3-CR;D3-FA;D3-PM;D3-SAW;D3-UBA,Application Allowlisting;Command Restriction;File Analysis;Platform Monitoring;System Access Workflow;User Behavior Analysis
main_008693,5260cda81292600b21d7ab9efc32e294fc189f584aae79f797db2b85889ac39e,58bb064ce0f0721aab7e4b4285f49e318ee801ab658d49dcfff305df630cc5c9,bedep,0.9999999999996854,High,5000000.0,4999999.999998427,T1027;T1055;T1486,D3-BAC;D3-BDR;D3-FA;D3-PM;D3-SAW;D3-UBA,Backup Access Control;Backup Data Recovery;File Analysis;Platform Monitoring;System Access Workflow;User Behavior Analysis
main_008695,4a4e010d0b72c01164f68a6aeb68d89e02ff795fc841d6191807f8cce0cdd3f0,b83ef675cc28b5b0387916e29e9ced4ef6c6d6ea4fcffdbc3b3b086e80167fce,berbew,0.9999999995397456,High,5000000.0,4999999.997698728,T1027;T1055;T1486,D3-BAC;D3-BDR;D3-FA;D3-PM;D3-SAW;D3-UBA,Backup Access Control;Backup Data Recovery;File Analysis;Platform Monitoring;System Access Workflow;User Behavior Analysis
main_008696,be267442f219f3935218188dd252654588d4aac19265b05f04a5d18cab02ea7b,b83ef675cc28b5b0387916e29e9ced4ef6c6d6ea4fcffdbc3b3b086e80167fce,berbew,0.9999999999999624,High,5000000.0,4999999.999999812,T1027;T1055;T1486,D3-BAC;D3-BDR;D3-FA;D3-PM;D3-SAW;D3-UBA,Backup Access Control;Backup Data Recovery;File Analysis;Platform Monitoring;System Access Workflow;User Behavior Analysis
main_008697,5257cc1690ce41c8d930fd86040eef6b76dfe5862dc5ee1cfeb69cb0670b1c7d,58bb064ce0f0721aab7e4b4285f49e318ee801ab658d49dcfff305df630cc5c9,bedep,0.9999999808689044,High,5000000.0,4999999.904344522,T1027;T1055;T1486,D3-BAC;D3-BDR;D3-FA;D3-PM;D3-SAW;D3-UBA,Backup Access Control;Backup Data Recovery;File Analysis;Platform Monitoring;System Access Workflow;User Behavior Analysis
main_008703,e8672836d4606acfc9248e39a62d8879ca174eb5bd1454238f2a08c8c19fbaab,b83ef675cc28b5b0387916e29e9ced4ef6c6d6ea4fcffdbc3b3b086e80167fce,berbew,0.9999999996924682,High,5000000.0,4999999.998462341,T1027;T1055;T1486,D3-BAC;D3-BDR;D3-FA;D3-PM;D3-SAW;D3-UBA,Backup Access Control;Backup Data Recovery;File Analysis;Platform Monitoring;System Access Workflow;User Behavior Analysis
main_008709,4b42614f6214fbb7acfcc2885eb13b419c0e2e04c1797d1be7a2c9cf3404f1f6,a5fad31f18c9c700f2bfbba047bb30254fb5ed8f5645493f0daa3fa040b51c7d,dinwod,0.9999999999999992,High,5000000.0,4999999.999999996,T1027;T1055;T1486,D3-BAC;D3-BDR;D3-FA;D3-PM;D3-SAW;D3-UBA,Backup Access Control;Backup Data Recovery;File Analysis;Platform Monitoring;System Access Workflow;User Behavior Analysis
main_008710,8fc4445c24d6da68da8150fcf56b12d776f12f7b5e9beea4a17f0e158ae36ba1,77862efd76591a786f99d400c0f97633e2bfb2bbd18b09dd6bf33ebe49f40f07,xmrig,1.0,High,5000000.0,5000000.0,T1027;T1055;T1059,D3-AL;D3-CR;D3-FA;D3-PM;D3-SAW;D3-UBA,Application Allowlisting;Command Restriction;File Analysis;Platform Monitoring;System Access Workflow;User Behavior Analysis
main_008720,3ddce01d2c92edc563ae276a709fe6e6bf95d1d663c46dc4034c9b1816d63a19,b83ef675cc28b5b0387916e29e9ced4ef6c6d6ea4fcffdbc3b3b086e80167fce,berbew,0.9999999999993316,High,5000000.0,4999999.999996658,T1027;T1055;T1486,D3-BAC;D3-BDR;D3-FA;D3-PM;D3-SAW;D3-UBA,Backup Access Control;Backup Data Recovery;File Analysis;Platform Monitoring;System Access Workflow;User Behavior Analysis
main_008721,51f83545c64a5644a946b88f6dca2772f9d8b7f2d5e6398e39ad13ecfdfcc744,b83ef675cc28b5b0387916e29e9ced4ef6c6d6ea4fcffdbc3b3b086e80167fce,berbew,0.9999999198111786,High,5000000.0,4999999.599055893,T1027;T1055;T1486,D3-BAC;D3-BDR;D3-FA;D3-PM;D3-SAW;D3-UBA,Backup Access Control;Backup Data Recovery;File Analysis;Platform Monitoring;System Access Workflow;User Behavior Analysis
main_008722,0fa3433e27f8de3427076dcef4a8e62fc0e4f6aa052d4073843a9e5cfbe0ec95,b83ef675cc28b5b0387916e29e9ced4ef6c6d6ea4fcffdbc3b3b086e80167fce,berbew,0.999999999918754,High,5000000.0,4999999.99959377,T1027;T1055;T1486,D3-BAC;D3-BDR;D3-FA;D3-PM;D3-SAW;D3-UBA,Backup Access Control;Backup Data Recovery;File Analysis;Platform Monitoring;System Access Workflow;User Behavior Analysis
main_008723,8fb7df00d4c38ba9d411143d7931738c3b1e3b70060a87e1585835bcbeec45e2,8c4b5ea2b7fae72da8843ed3033b100f001fd4e2699ab6cb2c99b44734af6f0e,wabot,0.9999999293478438,High,5000000.0,4999999.646739218,T1027;T1055;T1486,D3-BAC;D3-BDR;D3-FA;D3-PM;D3-SAW;D3-UBA,Backup Access Control;Backup Data Recovery;File Analysis;Platform Monitoring;System Access Workflow;User Behavior Analysis
main_008727,0bd96254efe51f77dac57208976183494922fb37350e7ae1c8870edeae072826,77862efd76591a786f99d400c0f97633e2bfb2bbd18b09dd6bf33ebe49f40f07,xmrig,1.0,High,5000000.0,5000000.0,T1027;T1055;T1059,D3-AL;D3-CR;D3-FA;D3-PM;D3-SAW;D3-UBA,Application Allowlisting;Command Restriction;File Analysis;Platform Monitoring;System Access Workflow;User Behavior Analysis
main_008734,1c7b3497cdabb23749891cff35db59bcc302c38a81ed67c4474a449b41f3a7b1,ef092d42941fb6af2ca50130b1d7a2fb36f80cc98954c008a5ccc00a2995ab79,scarletflash,0.9999999999663176,High,5000000.0,4999999.999831588,T1027;T1055;T1486,D3-BAC;D3-BDR;D3-FA;D3-PM;D3-SAW;D3-UBA,Backup Access Control;Backup Data Recovery;File Analysis;Platform Monitoring;System Access Workflow;User Behavior Analysis
main_008736,2facfac3662f0009465215aba1c4171f8e6ca1c87da274084a99364597dc8853,b83ef675cc28b5b0387916e29e9ced4ef6c6d6ea4fcffdbc3b3b086e80167fce,berbew,0.9999999999855356,High,5000000.0,4999999.999927678,T1027;T1055;T1486,D3-BAC;D3-BDR;D3-FA;D3-PM;D3-SAW;D3-UBA,Backup Access Control;Backup Data Recovery;File Analysis;Platform Monitoring;System Access Workflow;User Behavior Analysis
main_008737,49fcef1bd6183057c6b04e12bdb381e7692ecc422fe7b4bd9592d043e8d157d0,77862efd76591a786f99d400c0f97633e2bfb2bbd18b09dd6bf33ebe49f40f07,xmrig,0.9999999999999998,High,5000000.0,4999999.999999999,T1027;T1055;T1059,D3-AL;D3-CR;D3-FA;D3-PM;D3-SAW;D3-UBA,Application Allowlisting;Command Restriction;File Analysis;Platform Monitoring;System Access Workflow;User Behavior Analysis
main_008738,d8695f621df3db4b7d0664d4d589ee379187c7157a35ba0acc060b84e36fd2d2,26f73d69a68a62a0c1edfe06b0f87e3aa5347478b48b701f229f82b14e83a700,gepys,0.9999999980260303,High,5000000.0,4999999.990130152,T1027;T1055;T1486,D3-BAC;D3-BDR;D3-FA;D3-PM;D3-SAW;D3-UBA,Backup Access Control;Backup Data Recovery;File Analysis;Platform Monitoring;System Access Workflow;User Behavior Analysis
main_008742,8ee9a7d88b1a03b04344dea23e22f09097b02f9e440c5a8250cd7029afadc0d8,77862efd76591a786f99d400c0f97633e2bfb2bbd18b09dd6bf33ebe49f40f07,xmrig,1.0,High,5000000.0,5000000.0,T1027;T1055;T1059,D3-AL;D3-CR;D3-FA;D3-PM;D3-SAW;D3-UBA,Application Allowlisting;Command Restriction;File Analysis;Platform Monitoring;System Access Workflow;User Behavior Analysis
main_008743,26a884e971946ebda40401319d9cb59dc006cf7881616c7b4e65fd03212ba753,b83ef675cc28b5b0387916e29e9ced4ef6c6d6ea4fcffdbc3b3b086e80167fce,berbew,0.9999999615240116,High,5000000.0,4999999.807620058,T1027;T1055;T1486,D3-BAC;D3-BDR;D3-FA;D3-PM;D3-SAW;D3-UBA,Backup Access Control;Backup Data Recovery;File Analysis;Platform Monitoring;System Access Workflow;User Behavior Analysis
main_008750,a52de35c8de80ac0694ef54bedfd3a47ac1b51cf454e9ac7424b950a53262cef,b83ef675cc28b5b0387916e29e9ced4ef6c6d6ea4fcffdbc3b3b086e80167fce,berbew,0.9999999999999536,High,5000000.0,4999999.999999768,T1027;T1055;T1486,D3-BAC;D3-BDR;D3-FA;D3-PM;D3-SAW;D3-UBA,Backup Access Control;Backup Data Recovery;File Analysis;Platform Monitoring;System Access Workflow;User Behavior Analysis
main_008752,b90c95eaa7164378b577cde3f097d7e264b0d6a0b805b4f509c2cc7e69b02624,40e42605737e111f6619ef7f77032a380bd914b6b398e18c1016bcb74cdb0788,vobfus,0.999999999998966,High,5000000.0,4999999.99999483,T1027;T1055;T1486,D3-BAC;D3-BDR;D3-FA;D3-PM;D3-SAW;D3-UBA,Backup Access Control;Backup Data Recovery;File Analysis;Platform Monitoring;System Access Workflow;User Behavior Analysis
main_008753,d8e3bb360c297baf2f59ae225e7189306741e48261b9ed6b4396e03b839ccd59,187f622dc0da983d25da3df0e452808a96dd8c64c24aace69bc339cfe47a165d,expiro,0.9999999999198168,High,5000000.0,4999999.999599084,T1027;T1055;T1486,D3-BAC;D3-BDR;D3-FA;D3-PM;D3-SAW;D3-UBA,Backup Access Control;Backup Data Recovery;File Analysis;Platform Monitoring;System Access Workflow;User Behavior Analysis
main_008754,b9a3a31b5bdd7fba22a92e4bfae13840ae49fe8c5fb46d514998add44e0cd25c,a5fad31f18c9c700f2bfbba047bb30254fb5ed8f5645493f0daa3fa040b51c7d,dinwod,0.9999999999999944,High,5000000.0,4999999.999999972,T1027;T1055;T1486,D3-BAC;D3-BDR;D3-FA;D3-PM;D3-SAW;D3-UBA,Backup Access Control;Backup Data Recovery;File Analysis;Platform Monitoring;System Access Workflow;User Behavior Analysis
main_008755,1fe07ac1801a32be66f57e230c9e4e3a2cec64a65576bfa3b0cd7211ebaacebf,c61f9dbf4af88faf1552da707a9ba3d86a76deee0ff1e082e6a9c784274920d6,ulise,0.999994637443404,High,5000000.0,4999973.18721702,T1027;T1055;T1486,D3-BAC;D3-BDR;D3-FA;D3-PM;D3-SAW;D3-UBA,Backup Access Control;Backup Data Recovery;File Analysis;Platform Monitoring;System Access Workflow;User Behavior Analysis
main_008758,d1bd92f4a9ed9943cae1bbe5438ffe1c7de5a6c5ec0c87961c2351b494d9f0f1,187f622dc0da983d25da3df0e452808a96dd8c64c24aace69bc339cfe47a165d,expiro,0.9999999999907798,High,5000000.0,4999999.9999539,T1027;T1055;T1486,D3-BAC;D3-BDR;D3-FA;D3-PM;D3-SAW;D3-UBA,Backup Access Control;Backup Data Recovery;File Analysis;Platform Monitoring;System Access Workflow;User Behavior Analysis
main_008759,924b93cf338820732a8f1761672f8528c3c3bcbb0f9e9d28847247b3b00e2133,187f622dc0da983d25da3df0e452808a96dd8c64c24aace69bc339cfe47a165d,expiro,0.999999999999994,High,5000000.0,4999999.99999997,T1027;T1055;T1486,D3-BAC;D3-BDR;D3-FA;D3-PM;D3-SAW;D3-UBA,Backup Access Control;Backup Data Recovery;File Analysis;Platform Monitoring;System Access Workflow;User Behavior Analysis
main_008760,251c893ae9a94f6050eb053e6e7bbdf8ebbb442fc6c5d8066184d6ed258b9e7b,187f622dc0da983d25da3df0e452808a96dd8c64c24aace69bc339cfe47a165d,expiro,0.9999999999985808,High,5000000.0,4999999.999992904,T1027;T1055;T1486,D3-BAC;D3-BDR;D3-FA;D3-PM;D3-SAW;D3-UBA,Backup Access Control;Backup Data Recovery;File Analysis;Platform Monitoring;System Access Workflow;User Behavior Analysis
main_008761,8a76af10c07ed11483f87f51127f63a957356515b36fbcf0438af07cf090392d,77862efd76591a786f99d400c0f97633e2bfb2bbd18b09dd6bf33ebe49f40f07,xmrig,1.0,High,5000000.0,5000000.0,T1027;T1055;T1059,D3-AL;D3-CR;D3-FA;D3-PM;D3-SAW;D3-UBA,Application Allowlisting;Command Restriction;File Analysis;Platform Monitoring;System Access Workflow;User Behavior Analysis
main_008763,9b27ea48d69a96fc16b61335083e75fa445962092ce5b5d223aa0412d25504d6,2351cb0b2eccd0155081509ebf8a86177b0fde5ebf5d162ea5728eea79c2db05,trollav,0.9999999999999456,High,5000000.0,4999999.999999728,T1027;T1055;T1486,D3-BAC;D3-BDR;D3-FA;D3-PM;D3-SAW;D3-UBA,Backup Access Control;Backup Data Recovery;File Analysis;Platform Monitoring;System Access Workflow;User Behavior Analysis
main_008767,f7b159b0baab3618f7107ca4d0ef90c0f36bef1627caa26065f2d83cb21f19ad,187f622dc0da983d25da3df0e452808a96dd8c64c24aace69bc339cfe47a165d,expiro,0.9999999999999972,High,5000000.0,4999999.999999986,T1027;T1055;T1486,D3-BAC;D3-BDR;D3-FA;D3-PM;D3-SAW;D3-UBA,Backup Access Control;Backup Data Recovery;File Analysis;Platform Monitoring;System Access Workflow;User Behavior Analysis
main_008768,b201831843e104b4802f64b052955b83ed41632cabb54632174e66ae57ae8e54,26f73d69a68a62a0c1edfe06b0f87e3aa5347478b48b701f229f82b14e83a700,gepys,0.9999999996379554,High,5000000.0,4999999.998189777,T1027;T1055;T1486,D3-BAC;D3-BDR;D3-FA;D3-PM;D3-SAW;D3-UBA,Backup Access Control;Backup Data Recovery;File Analysis;Platform Monitoring;System Access Workflow;User Behavior Analysis
main_008769,cafc2b4b6788537ede10bba0a46807f4845c3ff1294b4940eb7e9e27af735ce5,02f47a65d4fd8d00c4aff12092e2155e9f12df2d089bcb1e28b5d65d0d4d7f0f,wacatac,0.9999999993168194,High,5000000.0,4999999.996584097,T1027;T1055;T1486,D3-BAC;D3-BDR;D3-FA;D3-PM;D3-SAW;D3-UBA,Backup Access Control;Backup Data Recovery;File Analysis;Platform Monitoring;System Access Workflow;User Behavior Analysis
main_008772,8d24dad2980851629debde9d5cce26ab8a91c700d0f30c4a55edb1878e463d9d,02f47a65d4fd8d00c4aff12092e2155e9f12df2d089bcb1e28b5d65d0d4d7f0f,wacatac,0.9999999985698912,High,5000000.0,4999999.992849456,T1027;T1055;T1486,D3-BAC;D3-BDR;D3-FA;D3-PM;D3-SAW;D3-UBA,Backup Access Control;Backup Data Recovery;File Analysis;Platform Monitoring;System Access Workflow;User Behavior Analysis
main_008773,c741a94e058e24a23ba8f50586caa9378908b68b5820110b5e15e29f917519b2,ef092d42941fb6af2ca50130b1d7a2fb36f80cc98954c008a5ccc00a2995ab79,scarletflash,0.999999999999819,High,5000000.0,4999999.999999095,T1027;T1055;T1486,D3-BAC;D3-BDR;D3-FA;D3-PM;D3-SAW;D3-UBA,Backup Access Control;Backup Data Recovery;File Analysis;Platform Monitoring;System Access Workflow;User Behavior Analysis
main_008774,2204af87b05346917d643ea96be1965a443d9a775c0c7731431e809f4cd3be79,187f622dc0da983d25da3df0e452808a96dd8c64c24aace69bc339cfe47a165d,expiro,0.9999999998820716,High,5000000.0,4999999.999410357,T1027;T1055;T1486,D3-BAC;D3-BDR;D3-FA;D3-PM;D3-SAW;D3-UBA,Backup Access Control;Backup Data Recovery;File Analysis;Platform Monitoring;System Access Workflow;User Behavior Analysis
main_008775,4d40a0bcf7913a44105b18f1cfe6af1b6372f5160b84f23fa87be768d9ad1501,187f622dc0da983d25da3df0e452808a96dd8c64c24aace69bc339cfe47a165d,expiro,0.999999995731607,High,5000000.0,4999999.978658035,T1027;T1055;T1486,D3-BAC;D3-BDR;D3-FA;D3-PM;D3-SAW;D3-UBA,Backup Access Control;Backup Data Recovery;File Analysis;Platform Monitoring;System Access Workflow;User Behavior Analysis
main_008777,f66d08a9295e8e561e6c2fa246d599f884be8d8b3af7870829ff902c2c97f530,77862efd76591a786f99d400c0f97633e2bfb2bbd18b09dd6bf33ebe49f40f07,xmrig,1.0,High,5000000.0,5000000.0,T1027;T1055;T1059,D3-AL;D3-CR;D3-FA;D3-PM;D3-SAW;D3-UBA,Application Allowlisting;Command Restriction;File Analysis;Platform Monitoring;System Access Workflow;User Behavior Analysis
main_008788,46d0dec376160a2a586caebe95c046ba055c2fc83e139c342abce6c867d75dd6,187f622dc0da983d25da3df0e452808a96dd8c64c24aace69bc339cfe47a165d,expiro,0.999627790565884,High,5000000.0,4998138.952829421,T1027;T1055;T1486,D3-BAC;D3-BDR;D3-FA;D3-PM;D3-SAW;D3-UBA,Backup Access Control;Backup Data Recovery;File Analysis;Platform Monitoring;System Access Workflow;User Behavior Analysis
main_008790,79365ef3f9e9e5e4a8d7d9026709d19614d257a3353fba383bd3de8bdf07cb8a,77862efd76591a786f99d400c0f97633e2bfb2bbd18b09dd6bf33ebe49f40f07,xmrig,1.0,High,5000000.0,5000000.0,T1027;T1055;T1059,D3-AL;D3-CR;D3-FA;D3-PM;D3-SAW;D3-UBA,Application Allowlisting;Command Restriction;File Analysis;Platform Monitoring;System Access Workflow;User Behavior Analysis
main_008791,58a066d78669e0335c62a59c408b7b091464abd87b1ac01a04c898983b689404,77862efd76591a786f99d400c0f97633e2bfb2bbd18b09dd6bf33ebe49f40f07,xmrig,1.0,High,5000000.0,5000000.0,T1027;T1055;T1059,D3-AL;D3-CR;D3-FA;D3-PM;D3-SAW;D3-UBA,Application Allowlisting;Command Restriction;File Analysis;Platform Monitoring;System Access Workflow;User Behavior Analysis
main_008792,f0e5fe1a06a81c9a339b33675440f8c2749a7db1fb0b84077d4b18c24c8c7d84,e2195e8d572011dd26e38a71141f2d3f36632ef12a50da4581439b1c5c1ada48,blackmoon,0.9999999999969108,High,5000000.0,4999999.999984554,T1027;T1055;T1486,D3-BAC;D3-BDR;D3-FA;D3-PM;D3-SAW;D3-UBA,Backup Access Control;Backup Data Recovery;File Analysis;Platform Monitoring;System Access Workflow;User Behavior Analysis
main_008793,00991aee85232035e03aa436ddb05c4ec1c2b4384a934395d432d10df6a22d1b,b83ef675cc28b5b0387916e29e9ced4ef6c6d6ea4fcffdbc3b3b086e80167fce,berbew,0.9999999999999908,High,5000000.0,4999999.999999954,T1027;T1055;T1486,D3-BAC;D3-BDR;D3-FA;D3-PM;D3-SAW;D3-UBA,Backup Access Control;Backup Data Recovery;File Analysis;Platform Monitoring;System Access Workflow;User Behavior Analysis
main_008800,4967c15502d41d6d4f323aace782b0453da505c4fcc40dce85d3dba86788fd1e,ef092d42941fb6af2ca50130b1d7a2fb36f80cc98954c008a5ccc00a2995ab79,scarletflash,0.999999987648763,High,5000000.0,4999999.938243815,T1027;T1055;T1486,D3-BAC;D3-BDR;D3-FA;D3-PM;D3-SAW;D3-UBA,Backup Access Control;Backup Data Recovery;File Analysis;Platform Monitoring;System Access Workflow;User Behavior Analysis
main_008805,baa8a4a8ff7c9f36b15199e6b575b1a62f6ab6cc9660c7a25b0fbf0ae227fb2f,77862efd76591a786f99d400c0f97633e2bfb2bbd18b09dd6bf33ebe49f40f07,xmrig,1.0,High,5000000.0,5000000.0,T1027;T1055;T1059,D3-AL;D3-CR;D3-FA;D3-PM;D3-SAW;D3-UBA,Application Allowlisting;Command Restriction;File Analysis;Platform Monitoring;System Access Workflow;User Behavior Analysis
main_008808,b6afcf615b0afeb0a4ee1ac656972da6a411e510e7dce0cf5a3f29286f7cfa08,b83ef675cc28b5b0387916e29e9ced4ef6c6d6ea4fcffdbc3b3b086e80167fce,berbew,0.9999999999996934,High,5000000.0,4999999.999998467,T1027;T1055;T1486,D3-BAC;D3-BDR;D3-FA;D3-PM;D3-SAW;D3-UBA,Backup Access Control;Backup Data Recovery;File Analysis;Platform Monitoring;System Access Workflow;User Behavior Analysis
main_008809,124fac9fc9bce51cd3c7daf9152aac31e9426bdb07107d49194f2add4b74c0cc,187f622dc0da983d25da3df0e452808a96dd8c64c24aace69bc339cfe47a165d,expiro,0.9999999999999716,High,5000000.0,4999999.9999998575,T1027;T1055;T1486,D3-BAC;D3-BDR;D3-FA;D3-PM;D3-SAW;D3-UBA,Backup Access Control;Backup Data Recovery;File Analysis;Platform Monitoring;System Access Workflow;User Behavior Analysis
main_008811,a43b6e06c464af48f890d34544e519478a92abfe7e5ac314afb2626feea77b24,187f622dc0da983d25da3df0e452808a96dd8c64c24aace69bc339cfe47a165d,expiro,0.9999999999707294,High,5000000.0,4999999.999853647,T1027;T1055;T1486,D3-BAC;D3-BDR;D3-FA;D3-PM;D3-SAW;D3-UBA,Backup Access Control;Backup Data Recovery;File Analysis;Platform Monitoring;System Access Workflow;User Behavior Analysis
main_008812,8a79496a2179c11d7166a5e6f326af7c4a2c5c5fe20470b26a5cb51e7b182dca,77862efd76591a786f99d400c0f97633e2bfb2bbd18b09dd6bf33ebe49f40f07,xmrig,0.9999999999999848,High,5000000.0,4999999.999999924,T1027;T1055;T1059,D3-AL;D3-CR;D3-FA;D3-PM;D3-SAW;D3-UBA,Application Allowlisting;Command Restriction;File Analysis;Platform Monitoring;System Access Workflow;User Behavior Analysis
main_008815,937086443b2cb167792347f9e97cdc5508743649ccf1c2171ea6cd683bf80b37,187f622dc0da983d25da3df0e452808a96dd8c64c24aace69bc339cfe47a165d,expiro,0.999999999999862,High,5000000.0,4999999.99999931,T1027;T1055;T1486,D3-BAC;D3-BDR;D3-FA;D3-PM;D3-SAW;D3-UBA,Backup Access Control;Backup Data Recovery;File Analysis;Platform Monitoring;System Access Workflow;User Behavior Analysis
main_008816,863fad080257c346ff37c3480b5f83de5eb161a2ddc391899285402eaa33763c,d6ad9dee27cfd2b3df63896bd02ab0d74cc6eb52960103dc5686f77c43122dae,emdup,0.9999999999455378,High,5000000.0,4999999.999727689,T1027;T1055;T1486,D3-BAC;D3-BDR;D3-FA;D3-PM;D3-SAW;D3-UBA,Backup Access Control;Backup Data Recovery;File Analysis;Platform Monitoring;System Access Workflow;User Behavior Analysis
main_008825,2c948bb6574b03b1de8b1a43bbbe5caf43a08c081c0d2ec59c7d3c2a1fd33151,77862efd76591a786f99d400c0f97633e2bfb2bbd18b09dd6bf33ebe49f40f07,xmrig,1.0,High,5000000.0,5000000.0,T1027;T1055;T1059,D3-AL;D3-CR;D3-FA;D3-PM;D3-SAW;D3-UBA,Application Allowlisting;Command Restriction;File Analysis;Platform Monitoring;System Access Workflow;User Behavior Analysis
main_008827,4af3062d19b4ae0337ef5807042d3a7962bc201a950614cb3a1e919eede1c4ba,7f411c23e7d9d268b51470b27920d362905e71fca86a2ef5c70747984b30a29a,redline,0.99999929631747,High,5000000.0,4999996.481587349,T1027;T1055;T1486,D3-BAC;D3-BDR;D3-FA;D3-PM;D3-SAW;D3-UBA,Backup Access Control;Backup Data Recovery;File Analysis;Platform Monitoring;System Access Workflow;User Behavior Analysis
main_008828,9cd4e672ffe92ff2124866abdef52616c14ee275a9def2d6abddf1dce2962a51,ef092d42941fb6af2ca50130b1d7a2fb36f80cc98954c008a5ccc00a2995ab79,scarletflash,0.9999999702960982,High,5000000.0,4999999.851480491,T1027;T1055;T1486,D3-BAC;D3-BDR;D3-FA;D3-PM;D3-SAW;D3-UBA,Backup Access Control;Backup Data Recovery;File Analysis;Platform Monitoring;System Access Workflow;User Behavior Analysis
main_008835,a319b43f297295f034bee52e7b6366eed5f963be69b1f317d91fde9bcd9ab335,77862efd76591a786f99d400c0f97633e2bfb2bbd18b09dd6bf33ebe49f40f07,xmrig,1.0,High,5000000.0,5000000.0,T1027;T1055;T1059,D3-AL;D3-CR;D3-FA;D3-PM;D3-SAW;D3-UBA,Application Allowlisting;Command Restriction;File Analysis;Platform Monitoring;System Access Workflow;User Behavior Analysis
main_008836,cb0a3bfe83bc7a015b242bace6793cf3a2abdf39c27a15652f38fbaceff15f83,02f47a65d4fd8d00c4aff12092e2155e9f12df2d089bcb1e28b5d65d0d4d7f0f,wacatac,0.997912523450085,High,5000000.0,4989562.617250425,T1027;T1055;T1486,D3-BAC;D3-BDR;D3-FA;D3-PM;D3-SAW;D3-UBA,Backup Access Control;Backup Data Recovery;File Analysis;Platform Monitoring;System Access Workflow;User Behavior Analysis
main_008838,32aa83a92dee7b3185f36fa3a6effb39b2f7ed547df0401c75413c2388856cfa,d6ad9dee27cfd2b3df63896bd02ab0d74cc6eb52960103dc5686f77c43122dae,emdup,0.9999999998884852,High,5000000.0,4999999.999442426,T1027;T1055;T1486,D3-BAC;D3-BDR;D3-FA;D3-PM;D3-SAW;D3-UBA,Backup Access Control;Backup Data Recovery;File Analysis;Platform Monitoring;System Access Workflow;User Behavior Analysis
main_008839,5a2d5acf7d7a0ee30ab95e145f1f91d44d317ee65620ff23bd4ad6b642701a79,3cc62d621b50887019d45b3b35ccfae1ba711bb481ce64fab07e2f02ae2f6e21,lotok,0.999999759993494,High,5000000.0,4999998.79996747,T1027;T1055;T1486,D3-BAC;D3-BDR;D3-FA;D3-PM;D3-SAW;D3-UBA,Backup Access Control;Backup Data Recovery;File Analysis;Platform Monitoring;System Access Workflow;User Behavior Analysis
main_008840,a2eaa838d2a97279a23d11ec9da15ca256c95a7170d09daab63f58a60c037bbc,3cc62d621b50887019d45b3b35ccfae1ba711bb481ce64fab07e2f02ae2f6e21,lotok,0.9999384997452052,High,5000000.0,4999692.498726026,T1027;T1055;T1486,D3-BAC;D3-BDR;D3-FA;D3-PM;D3-SAW;D3-UBA,Backup Access Control;Backup Data Recovery;File Analysis;Platform Monitoring;System Access Workflow;User Behavior Analysis
main_008842,4f89480dabd69acd7f68751f87f0b9385b6ef9d9aeb2593292dc7905ce37b640,3cc62d621b50887019d45b3b35ccfae1ba711bb481ce64fab07e2f02ae2f6e21,lotok,0.9996404364337032,High,5000000.0,4998202.182168515,T1027;T1055;T1486,D3-BAC;D3-BDR;D3-FA;D3-PM;D3-SAW;D3-UBA,Backup Access Control;Backup Data Recovery;File Analysis;Platform Monitoring;System Access Workflow;User Behavior Analysis
main_008843,e302cace582bf5b61abbef7668485f839390cb413ccf0c90a20bdbe827d48ee2,187f622dc0da983d25da3df0e452808a96dd8c64c24aace69bc339cfe47a165d,expiro,0.999999999974264,High,5000000.0,4999999.99987132,T1027;T1055;T1486,D3-BAC;D3-BDR;D3-FA;D3-PM;D3-SAW;D3-UBA,Backup Access Control;Backup Data Recovery;File Analysis;Platform Monitoring;System Access Workflow;User Behavior Analysis
main_008844,d30f950dd6cb633fe73eb1a21da38090e8d8d9ad6efe8a571cadec7d24ebd97e,77862efd76591a786f99d400c0f97633e2bfb2bbd18b09dd6bf33ebe49f40f07,xmrig,0.9999999999999998,High,5000000.0,4999999.999999999,T1027;T1055;T1059,D3-AL;D3-CR;D3-FA;D3-PM;D3-SAW;D3-UBA,Application Allowlisting;Command Restriction;File Analysis;Platform Monitoring;System Access Workflow;User Behavior Analysis
main_008848,a226c43540706ca2237d35910976a01d5396d96f933c21271f74d35aaa3fb93a,b83ef675cc28b5b0387916e29e9ced4ef6c6d6ea4fcffdbc3b3b086e80167fce,berbew,0.9999999999949868,High,5000000.0,4999999.999974934,T1027;T1055;T1486,D3-BAC;D3-BDR;D3-FA;D3-PM;D3-SAW;D3-UBA,Backup Access Control;Backup Data Recovery;File Analysis;Platform Monitoring;System Access Workflow;User Behavior Analysis
main_008849,80a1df250e1f3d192074c3153b574407d4f516d1fe31086f09b0767ca23c9bcd,b83ef675cc28b5b0387916e29e9ced4ef6c6d6ea4fcffdbc3b3b086e80167fce,berbew,0.9999999999841964,High,5000000.0,4999999.999920982,T1027;T1055;T1486,D3-BAC;D3-BDR;D3-FA;D3-PM;D3-SAW;D3-UBA,Backup Access Control;Backup Data Recovery;File Analysis;Platform Monitoring;System Access Workflow;User Behavior Analysis
main_008850,144d01861a3afc54b33790d599b1c1eba236a1e6a48f3bbcb8d7f0f40baf6a50,77862efd76591a786f99d400c0f97633e2bfb2bbd18b09dd6bf33ebe49f40f07,xmrig,1.0,High,5000000.0,5000000.0,T1027;T1055;T1059,D3-AL;D3-CR;D3-FA;D3-PM;D3-SAW;D3-UBA,Application Allowlisting;Command Restriction;File Analysis;Platform Monitoring;System Access Workflow;User Behavior Analysis
main_008853,298d4e2b399fbbb9b17432c75deb8d7ae049ca5df039d0aeab5d4f5a382ef58c,77862efd76591a786f99d400c0f97633e2bfb2bbd18b09dd6bf33ebe49f40f07,xmrig,1.0,High,5000000.0,5000000.0,T1027;T1055;T1059,D3-AL;D3-CR;D3-FA;D3-PM;D3-SAW;D3-UBA,Application Allowlisting;Command Restriction;File Analysis;Platform Monitoring;System Access Workflow;User Behavior Analysis
main_008857,e173d8e75b680bf88c7b1df22eddd2f383cdc5cd952503dcad13b29e50e477e4,77862efd76591a786f99d400c0f97633e2bfb2bbd18b09dd6bf33ebe49f40f07,xmrig,0.9999990634192872,High,5000000.0,4999995.317096436,T1027;T1055;T1059,D3-AL;D3-CR;D3-FA;D3-PM;D3-SAW;D3-UBA,Application Allowlisting;Command Restriction;File Analysis;Platform Monitoring;System Access Workflow;User Behavior Analysis
main_008859,e009e4853b63bb341ce57a6b9d3ce72e3e6b2ffee72fa564e6dff30a658e85df,77862efd76591a786f99d400c0f97633e2bfb2bbd18b09dd6bf33ebe49f40f07,xmrig,0.9999999999975152,High,5000000.0,4999999.999987576,T1027;T1055;T1059,D3-AL;D3-CR;D3-FA;D3-PM;D3-SAW;D3-UBA,Application Allowlisting;Command Restriction;File Analysis;Platform Monitoring;System Access Workflow;User Behavior Analysis
main_008860,584ce928145ed381c13dee18c2e9cade65e5edae56dd6f07f18f59e51ad04aac,0251062657e09a52683bb69861104b0d56d322b162f29dbcff1f4e555eef78a7,clipbanker,0.9999999988297916,High,5000000.0,4999999.994148959,T1027;T1055;T1486,D3-BAC;D3-BDR;D3-FA;D3-PM;D3-SAW;D3-UBA,Backup Access Control;Backup Data Recovery;File Analysis;Platform Monitoring;System Access Workflow;User Behavior Analysis
main_008861,77eb2b1d4cdd4f2207a1fe6ff218064df512ee20556e7166020a498d5fd93dab,41e5cac4298e131e87215f8f3e62b154d2629cb3f77817234864d2ea1b4884ed,shelm,0.9999946134859644,High,5000000.0,4999973.067429822,T1027;T1055;T1486,D3-BAC;D3-BDR;D3-FA;D3-PM;D3-SAW;D3-UBA,Backup Access Control;Backup Data Recovery;File Analysis;Platform Monitoring;System Access Workflow;User Behavior Analysis
main_008864,24998b84c2ab29c76310d1305d3ec44933975eddb033474a614effb46d5a315d,ef092d42941fb6af2ca50130b1d7a2fb36f80cc98954c008a5ccc00a2995ab79,scarletflash,0.9999999996878692,High,5000000.0,4999999.998439346,T1027;T1055;T1486,D3-BAC;D3-BDR;D3-FA;D3-PM;D3-SAW;D3-UBA,Backup Access Control;Backup Data Recovery;File Analysis;Platform Monitoring;System Access Workflow;User Behavior Analysis
main_008870,f06a86e03e02ee5486c294e78021154278813b7a1a6612a9480f48bf218abac8,0251062657e09a52683bb69861104b0d56d322b162f29dbcff1f4e555eef78a7,clipbanker,0.9999999991152744,High,5000000.0,4999999.995576371,T1027;T1055;T1486,D3-BAC;D3-BDR;D3-FA;D3-PM;D3-SAW;D3-UBA,Backup Access Control;Backup Data Recovery;File Analysis;Platform Monitoring;System Access Workflow;User Behavior Analysis
main_008876,e5f375c115ca55369e1e40511da70007a129ae31fae983d53baf589295f1663b,ef092d42941fb6af2ca50130b1d7a2fb36f80cc98954c008a5ccc00a2995ab79,scarletflash,0.999999997497126,High,5000000.0,4999999.9874856295,T1027;T1055;T1486,D3-BAC;D3-BDR;D3-FA;D3-PM;D3-SAW;D3-UBA,Backup Access Control;Backup Data Recovery;File Analysis;Platform Monitoring;System Access Workflow;User Behavior Analysis
main_008879,2b2f119bc2ee80190e77c337feaf5925c131e49da94de23e152490c22f810be0,02f47a65d4fd8d00c4aff12092e2155e9f12df2d089bcb1e28b5d65d0d4d7f0f,wacatac,0.9999999548996088,High,5000000.0,4999999.774498044,T1027;T1055;T1486,D3-BAC;D3-BDR;D3-FA;D3-PM;D3-SAW;D3-UBA,Backup Access Control;Backup Data Recovery;File Analysis;Platform Monitoring;System Access Workflow;User Behavior Analysis
main_008894,bac572ff223befebd491332b30006ccf76e6888b4f4c826bc6dc3e5d36aa76f7,02f47a65d4fd8d00c4aff12092e2155e9f12df2d089bcb1e28b5d65d0d4d7f0f,wacatac,0.9998658738594656,High,5000000.0,4999329.369297328,T1027;T1055;T1486,D3-BAC;D3-BDR;D3-FA;D3-PM;D3-SAW;D3-UBA,Backup Access Control;Backup Data Recovery;File Analysis;Platform Monitoring;System Access Workflow;User Behavior Analysis
main_008898,da7a29e84671131071ecf4c618d122c8ba4aa06fec0396b2010f3acd8db79ac1,2351cb0b2eccd0155081509ebf8a86177b0fde5ebf5d162ea5728eea79c2db05,trollav,0.9999999999999274,High,5000000.0,4999999.999999637,T1027;T1055;T1486,D3-BAC;D3-BDR;D3-FA;D3-PM;D3-SAW;D3-UBA,Backup Access Control;Backup Data Recovery;File Analysis;Platform Monitoring;System Access Workflow;User Behavior Analysis
main_008900,157620e6b695d17ce463804d974b18dbf6ce60abb66718c2dfea9753b34d10e2,9716244ca0bc92f2dff5d99c7c2004cc3b9bfb30bbcaa8b85b428409d5c1e1f9,gandcrab,0.9999999989830708,High,5000000.0,4999999.994915354,T1027;T1055;T1486,D3-BAC;D3-BDR;D3-FA;D3-PM;D3-SAW;D3-UBA,Backup Access Control;Backup Data Recovery;File Analysis;Platform Monitoring;System Access Workflow;User Behavior Analysis
main_008916,b7b780e9403be9a1a422fb824168303b1a2e9e4dcc8ee15b7615b00763845e6e,02f47a65d4fd8d00c4aff12092e2155e9f12df2d089bcb1e28b5d65d0d4d7f0f,wacatac,0.999999999999908,High,5000000.0,4999999.99999954,T1027;T1055;T1486,D3-BAC;D3-BDR;D3-FA;D3-PM;D3-SAW;D3-UBA,Backup Access Control;Backup Data Recovery;File Analysis;Platform Monitoring;System Access Workflow;User Behavior Analysis
main_008917,f46b5872cf3544c251482a14e556542e1b54950d44a38d2c665fb1e87f02e65c,58bb064ce0f0721aab7e4b4285f49e318ee801ab658d49dcfff305df630cc5c9,bedep,0.9999999999989022,High,5000000.0,4999999.999994511,T1027;T1055;T1486,D3-BAC;D3-BDR;D3-FA;D3-PM;D3-SAW;D3-UBA,Backup Access Control;Backup Data Recovery;File Analysis;Platform Monitoring;System Access Workflow;User Behavior Analysis
main_008939,72012c09b5e43a7c772dd80ac8dbd54ddb153507158a3c48aefd07d25c7fbba2,58bb064ce0f0721aab7e4b4285f49e318ee801ab658d49dcfff305df630cc5c9,bedep,0.9999930304758924,High,5000000.0,4999965.152379462,T1027;T1055;T1486,D3-BAC;D3-BDR;D3-FA;D3-PM;D3-SAW;D3-UBA,Backup Access Control;Backup Data Recovery;File Analysis;Platform Monitoring;System Access Workflow;User Behavior Analysis
main_008940,e2b5dc36043c4212d4b9050b520601ca7f365a452e5857b0a110240a10961c85,2351cb0b2eccd0155081509ebf8a86177b0fde5ebf5d162ea5728eea79c2db05,trollav,0.9999999999999708,High,5000000.0,4999999.999999854,T1027;T1055;T1486,D3-BAC;D3-BDR;D3-FA;D3-PM;D3-SAW;D3-UBA,Backup Access Control;Backup Data Recovery;File Analysis;Platform Monitoring;System Access Workflow;User Behavior Analysis
main_008956,8addb50c8caf60f3b7efed2be531577e72564c96de2a057f5b96d814357ed2ce,58bb064ce0f0721aab7e4b4285f49e318ee801ab658d49dcfff305df630cc5c9,bedep,0.9999988140268896,High,5000000.0,4999994.070134448,T1027;T1055;T1486,D3-BAC;D3-BDR;D3-FA;D3-PM;D3-SAW;D3-UBA,Backup Access Control;Backup Data Recovery;File Analysis;Platform Monitoring;System Access Workflow;User Behavior Analysis
main_008974,ecee1eab2b559adf14a33b182550710759bbf0f2e5f0ac72ce733be741d4b504,41e5cac4298e131e87215f8f3e62b154d2629cb3f77817234864d2ea1b4884ed,shelm,0.99999988118667,High,5000000.0,4999999.40593335,T1027;T1055;T1486,D3-BAC;D3-BDR;D3-FA;D3-PM;D3-SAW;D3-UBA,Backup Access Control;Backup Data Recovery;File Analysis;Platform Monitoring;System Access Workflow;User Behavior Analysis
main_008975,f45fffa6c870fc5f6b9f80a4ea5ccff6b1e86168faf16a590139020d81d59331,ef092d42941fb6af2ca50130b1d7a2fb36f80cc98954c008a5ccc00a2995ab79,scarletflash,0.9999999990354838,High,5000000.0,4999999.995177419,T1027;T1055;T1486,D3-BAC;D3-BDR;D3-FA;D3-PM;D3-SAW;D3-UBA,Backup Access Control;Backup Data Recovery;File Analysis;Platform Monitoring;System Access Workflow;User Behavior Analysis
main_008976,1861b2c4b004d619800968710a5ea0800a78b58c66f17e0944d5e08df4ba8604,472473512e26748d79480e1fa44ad0a0814b226d3fdd3c0d4217e14b1427b2cd,khalesi,0.9999999999855154,High,5000000.0,4999999.999927577,T1027;T1055;T1486,D3-BAC;D3-BDR;D3-FA;D3-PM;D3-SAW;D3-UBA,Backup Access Control;Backup Data Recovery;File Analysis;Platform Monitoring;System Access Workflow;User Behavior Analysis
main_008993,4a72e1f8a045a03eb8faa1b78cde9123cabb8818b478255e874b36674fe2baac,ca6ac6af66c22d8acdd6e42a00a9a21a24a37e3fa6a018662fb6dbaabfe7a96d,metasploit,0.9999999999852668,High,5000000.0,4999999.999926334,T1027;T1055;T1486,D3-BAC;D3-BDR;D3-FA;D3-PM;D3-SAW;D3-UBA,Backup Access Control;Backup Data Recovery;File Analysis;Platform Monitoring;System Access Workflow;User Behavior Analysis
main_008997,d5638f1d6b86c14988902d938f80695a9cdc071248183423ef668c5066f034fb,77862efd76591a786f99d400c0f97633e2bfb2bbd18b09dd6bf33ebe49f40f07,xmrig,1.0,High,5000000.0,5000000.0,T1027;T1055;T1059,D3-AL;D3-CR;D3-FA;D3-PM;D3-SAW;D3-UBA,Application Allowlisting;Command Restriction;File Analysis;Platform Monitoring;System Access Workflow;User Behavior Analysis
main_008998,dac02cc479860b0437715d08f3caeb3e0b479a8c6465af69922991634bfa9bcf,77862efd76591a786f99d400c0f97633e2bfb2bbd18b09dd6bf33ebe49f40f07,xmrig,1.0,High,5000000.0,5000000.0,T1027;T1055;T1059,D3-AL;D3-CR;D3-FA;D3-PM;D3-SAW;D3-UBA,Application Allowlisting;Command Restriction;File Analysis;Platform Monitoring;System Access Workflow;User Behavior Analysis
main_008999,cf946b74538529007254fd8b489d8661dbde6e9f8b334ef537487f054c5e5265,02f47a65d4fd8d00c4aff12092e2155e9f12df2d089bcb1e28b5d65d0d4d7f0f,wacatac,0.999999830636762,High,5000000.0,4999999.15318381,T1027;T1055;T1486,D3-BAC;D3-BDR;D3-FA;D3-PM;D3-SAW;D3-UBA,Backup Access Control;Backup Data Recovery;File Analysis;Platform Monitoring;System Access Workflow;User Behavior Analysis
main_009004,1fb7a8a6c2a92d2cce20a22f469f780c3fdd18fc9769d0f7e9f83a7f47837728,b83ef675cc28b5b0387916e29e9ced4ef6c6d6ea4fcffdbc3b3b086e80167fce,berbew,0.9999999999995556,High,5000000.0,4999999.999997778,T1027;T1055;T1486,D3-BAC;D3-BDR;D3-FA;D3-PM;D3-SAW;D3-UBA,Backup Access Control;Backup Data Recovery;File Analysis;Platform Monitoring;System Access Workflow;User Behavior Analysis
main_009005,7baef110cda82a479f831bb6d2576aa8ad67567d7f2a4d79bb91d2ff0d3179c7,b83ef675cc28b5b0387916e29e9ced4ef6c6d6ea4fcffdbc3b3b086e80167fce,berbew,0.9999999999910604,High,5000000.0,4999999.999955302,T1027;T1055;T1486,D3-BAC;D3-BDR;D3-FA;D3-PM;D3-SAW;D3-UBA,Backup Access Control;Backup Data Recovery;File Analysis;Platform Monitoring;System Access Workflow;User Behavior Analysis
main_009006,bfad9db8a7c66d5b760ddec567fa97066cea70973e36e138b52cd96d37a6fd83,b83ef675cc28b5b0387916e29e9ced4ef6c6d6ea4fcffdbc3b3b086e80167fce,berbew,0.9999999999999992,High,5000000.0,4999999.999999996,T1027;T1055;T1486,D3-BAC;D3-BDR;D3-FA;D3-PM;D3-SAW;D3-UBA,Backup Access Control;Backup Data Recovery;File Analysis;Platform Monitoring;System Access Workflow;User Behavior Analysis
main_009008,8b1aaa3577886888dbfebdb61319406f8fcf7b93106af1fdd454ec6c4acf4ea7,77862efd76591a786f99d400c0f97633e2bfb2bbd18b09dd6bf33ebe49f40f07,xmrig,1.0,High,5000000.0,5000000.0,T1027;T1055;T1059,D3-AL;D3-CR;D3-FA;D3-PM;D3-SAW;D3-UBA,Application Allowlisting;Command Restriction;File Analysis;Platform Monitoring;System Access Workflow;User Behavior Analysis
main_009010,2ad64991812583cfee48db7e0e959dad9528c8a1fcd0c9fb20fca68808ee4910,77862efd76591a786f99d400c0f97633e2bfb2bbd18b09dd6bf33ebe49f40f07,xmrig,0.9999999999999998,High,5000000.0,4999999.999999999,T1027;T1055;T1059,D3-AL;D3-CR;D3-FA;D3-PM;D3-SAW;D3-UBA,Application Allowlisting;Command Restriction;File Analysis;Platform Monitoring;System Access Workflow;User Behavior Analysis
main_009011,43d836d9236326a3fc9fd71727f0b0fee84ba73da00bf2ab9197ade6036c635f,77862efd76591a786f99d400c0f97633e2bfb2bbd18b09dd6bf33ebe49f40f07,xmrig,1.0,High,5000000.0,5000000.0,T1027;T1055;T1059,D3-AL;D3-CR;D3-FA;D3-PM;D3-SAW;D3-UBA,Application Allowlisting;Command Restriction;File Analysis;Platform Monitoring;System Access Workflow;User Behavior Analysis
main_009012,8e323ff8482f0c8739f5d5a6c5b6b453155eda715d308532119d742a4579e0ff,77862efd76591a786f99d400c0f97633e2bfb2bbd18b09dd6bf33ebe49f40f07,xmrig,1.0,High,5000000.0,5000000.0,T1027;T1055;T1059,D3-AL;D3-CR;D3-FA;D3-PM;D3-SAW;D3-UBA,Application Allowlisting;Command Restriction;File Analysis;Platform Monitoring;System Access Workflow;User Behavior Analysis
main_009013,43eee442fed57bf73401d2ea367a74082d37c84c1e3d30578bf5445ec90da84d,b83ef675cc28b5b0387916e29e9ced4ef6c6d6ea4fcffdbc3b3b086e80167fce,berbew,0.9999999866803122,High,5000000.0,4999999.933401561,T1027;T1055;T1486,D3-BAC;D3-BDR;D3-FA;D3-PM;D3-SAW;D3-UBA,Backup Access Control;Backup Data Recovery;File Analysis;Platform Monitoring;System Access Workflow;User Behavior Analysis
main_009014,bfae439c1d4596a58f3b99a1fe4b977a9af1cdac069591a42f40185fa6f794b7,77862efd76591a786f99d400c0f97633e2bfb2bbd18b09dd6bf33ebe49f40f07,xmrig,1.0,High,5000000.0,5000000.0,T1027;T1055;T1059,D3-AL;D3-CR;D3-FA;D3-PM;D3-SAW;D3-UBA,Application Allowlisting;Command Restriction;File Analysis;Platform Monitoring;System Access Workflow;User Behavior Analysis
main_009015,ca40f8946ae8d8826337d3dae1a6a2722d079c59dd8a58d25b72ffd3973ee492,d6ad9dee27cfd2b3df63896bd02ab0d74cc6eb52960103dc5686f77c43122dae,emdup,0.9999999996999938,High,5000000.0,4999999.998499969,T1027;T1055;T1486,D3-BAC;D3-BDR;D3-FA;D3-PM;D3-SAW;D3-UBA,Backup Access Control;Backup Data Recovery;File Analysis;Platform Monitoring;System Access Workflow;User Behavior Analysis
main_009019,89692a505262a6d646f645de9f600a0f4e9234dd6e6ffc1ac04f8a982b6b48b1,77862efd76591a786f99d400c0f97633e2bfb2bbd18b09dd6bf33ebe49f40f07,xmrig,1.0,High,5000000.0,5000000.0,T1027;T1055;T1059,D3-AL;D3-CR;D3-FA;D3-PM;D3-SAW;D3-UBA,Application Allowlisting;Command Restriction;File Analysis;Platform Monitoring;System Access Workflow;User Behavior Analysis
main_009021,7d44a076a43397ac704efeddfd54f1afc9006a653c2de55e148c67e71aef34d6,acfd227c9e2a637ba527343252a51d6cbf588451f0194210216eeda06e834e95,banload,0.9999999999999998,High,5000000.0,4999999.999999999,T1027;T1055;T1486,D3-BAC;D3-BDR;D3-FA;D3-PM;D3-SAW;D3-UBA,Backup Access Control;Backup Data Recovery;File Analysis;Platform Monitoring;System Access Workflow;User Behavior Analysis
main_009022,762a6a76f3862ebd8bf90bcd89dad016a1d6d77e1594e951ba8f3565c029c64e,77862efd76591a786f99d400c0f97633e2bfb2bbd18b09dd6bf33ebe49f40f07,xmrig,1.0,High,5000000.0,5000000.0,T1027;T1055;T1059,D3-AL;D3-CR;D3-FA;D3-PM;D3-SAW;D3-UBA,Application Allowlisting;Command Restriction;File Analysis;Platform Monitoring;System Access Workflow;User Behavior Analysis
main_009023,12dab80ef40b5af4e2072d281468ae8c34425f8fe7047b75c427bac04bed06f1,77862efd76591a786f99d400c0f97633e2bfb2bbd18b09dd6bf33ebe49f40f07,xmrig,1.0,High,5000000.0,5000000.0,T1027;T1055;T1059,D3-AL;D3-CR;D3-FA;D3-PM;D3-SAW;D3-UBA,Application Allowlisting;Command Restriction;File Analysis;Platform Monitoring;System Access Workflow;User Behavior Analysis
main_009024,a5d6885f32a00bfc1eb08aa8568c9bae46f5a5bb83ba8aa14b714c8b44e27196,acfd227c9e2a637ba527343252a51d6cbf588451f0194210216eeda06e834e95,banload,0.9999999999999998,High,5000000.0,4999999.999999999,T1027;T1055;T1486,D3-BAC;D3-BDR;D3-FA;D3-PM;D3-SAW;D3-UBA,Backup Access Control;Backup Data Recovery;File Analysis;Platform Monitoring;System Access Workflow;User Behavior Analysis
main_009026,fb7b528a2c3f4d22a780e720b1287cfd38cd963ebe6f2054c5c2daa39e38c439,02f47a65d4fd8d00c4aff12092e2155e9f12df2d089bcb1e28b5d65d0d4d7f0f,wacatac,0.9999999999546992,High,5000000.0,4999999.999773496,T1027;T1055;T1486,D3-BAC;D3-BDR;D3-FA;D3-PM;D3-SAW;D3-UBA,Backup Access Control;Backup Data Recovery;File Analysis;Platform Monitoring;System Access Workflow;User Behavior Analysis
main_009028,f79dfb2c47e98e53c6d0724fe410b6fb9e6f834b4ac71cb3bad173f91be2f543,ef092d42941fb6af2ca50130b1d7a2fb36f80cc98954c008a5ccc00a2995ab79,scarletflash,0.9999999390158262,High,5000000.0,4999999.695079131,T1027;T1055;T1486,D3-BAC;D3-BDR;D3-FA;D3-PM;D3-SAW;D3-UBA,Backup Access Control;Backup Data Recovery;File Analysis;Platform Monitoring;System Access Workflow;User Behavior Analysis
main_009029,40724f2fcf06061256be7e2efc15009966ddd91d6875575c56fe758729a59b89,b83ef675cc28b5b0387916e29e9ced4ef6c6d6ea4fcffdbc3b3b086e80167fce,berbew,0.99999999868337,High,5000000.0,4999999.9934168495,T1027;T1055;T1486,D3-BAC;D3-BDR;D3-FA;D3-PM;D3-SAW;D3-UBA,Backup Access Control;Backup Data Recovery;File Analysis;Platform Monitoring;System Access Workflow;User Behavior Analysis
main_009030,dd9e2a83283207b0953de0e6eb3468e0ec739b6bb50dcb7676c1658f698f7c06,77862efd76591a786f99d400c0f97633e2bfb2bbd18b09dd6bf33ebe49f40f07,xmrig,0.9999999999999996,High,5000000.0,4999999.999999998,T1027;T1055;T1059,D3-AL;D3-CR;D3-FA;D3-PM;D3-SAW;D3-UBA,Application Allowlisting;Command Restriction;File Analysis;Platform Monitoring;System Access Workflow;User Behavior Analysis
main_009031,1dfb330b0a0cc92f34437ca2db52350a32acc35126a82a25038bc71107d1cd1a,b83ef675cc28b5b0387916e29e9ced4ef6c6d6ea4fcffdbc3b3b086e80167fce,berbew,0.9999999707234746,High,5000000.0,4999999.853617373,T1027;T1055;T1486,D3-BAC;D3-BDR;D3-FA;D3-PM;D3-SAW;D3-UBA,Backup Access Control;Backup Data Recovery;File Analysis;Platform Monitoring;System Access Workflow;User Behavior Analysis
main_009032,4532105aa92cb8174da00a290d13eecd6cfa2c3f264b702c6a6a29011516b3f0,0d4071cf93891023b85ef3f807a2d2d047878f465fea1d281e446904e34de054,nitol,0.9999997963105498,High,5000000.0,4999998.981552749,T1027;T1055;T1486,D3-BAC;D3-BDR;D3-FA;D3-PM;D3-SAW;D3-UBA,Backup Access Control;Backup Data Recovery;File Analysis;Platform Monitoring;System Access Workflow;User Behavior Analysis
main_009050,7e6a6ef02c23047a68516a6529a398cbd8add6e76f7bde626b674a15fc9badc7,2351cb0b2eccd0155081509ebf8a86177b0fde5ebf5d162ea5728eea79c2db05,trollav,0.9999999999999792,High,5000000.0,4999999.999999897,T1027;T1055;T1486,D3-BAC;D3-BDR;D3-FA;D3-PM;D3-SAW;D3-UBA,Backup Access Control;Backup Data Recovery;File Analysis;Platform Monitoring;System Access Workflow;User Behavior Analysis
main_009051,a49ed52527b06b7a2203ce4ddb8871054c7d08f5c342b49d032c1999d320f5a9,ef092d42941fb6af2ca50130b1d7a2fb36f80cc98954c008a5ccc00a2995ab79,scarletflash,0.9999999999999364,High,5000000.0,4999999.9999996815,T1027;T1055;T1486,D3-BAC;D3-BDR;D3-FA;D3-PM;D3-SAW;D3-UBA,Backup Access Control;Backup Data Recovery;File Analysis;Platform Monitoring;System Access Workflow;User Behavior Analysis
main_009052,94d2077b62f470f9295b3fab650cd1a1cfbee9b4c76aed0ff733390fe4afd11a,4fb6a3a065206f6c64d4b7b0a750f1fb7f275d8eac89509fc863adb9138f3907,reflo,0.9999999999807472,High,5000000.0,4999999.999903736,T1027;T1055;T1486,D3-BAC;D3-BDR;D3-FA;D3-PM;D3-SAW;D3-UBA,Backup Access Control;Backup Data Recovery;File Analysis;Platform Monitoring;System Access Workflow;User Behavior Analysis
main_009054,785c22d91db607e61a5bb2f54c1b3f6f1c97a614b513efe7c915aecd5dacb8e8,77862efd76591a786f99d400c0f97633e2bfb2bbd18b09dd6bf33ebe49f40f07,xmrig,1.0,High,5000000.0,5000000.0,T1027;T1055;T1059,D3-AL;D3-CR;D3-FA;D3-PM;D3-SAW;D3-UBA,Application Allowlisting;Command Restriction;File Analysis;Platform Monitoring;System Access Workflow;User Behavior Analysis
main_009058,1473d655343334600d7f4b566d8474ebe8744b8e5502560b2a8d399e9e59ca9c,02f47a65d4fd8d00c4aff12092e2155e9f12df2d089bcb1e28b5d65d0d4d7f0f,wacatac,0.9999999428409873,High,5000000.0,4999999.714204936,T1027;T1055;T1486,D3-BAC;D3-BDR;D3-FA;D3-PM;D3-SAW;D3-UBA,Backup Access Control;Backup Data Recovery;File Analysis;Platform Monitoring;System Access Workflow;User Behavior Analysis
main_009060,92ced033ad92fc5a728fdf493063d355b86e211c251f9febabaee234a3263b0e,7f411c23e7d9d268b51470b27920d362905e71fca86a2ef5c70747984b30a29a,redline,0.9999999942838114,High,5000000.0,4999999.971419057,T1027;T1055;T1486,D3-BAC;D3-BDR;D3-FA;D3-PM;D3-SAW;D3-UBA,Backup Access Control;Backup Data Recovery;File Analysis;Platform Monitoring;System Access Workflow;User Behavior Analysis
main_009061,6ff061cfb6895b4672f2a8ff6d04decbcbdb77964b94c61a457cf15bbd76372f,acfd227c9e2a637ba527343252a51d6cbf588451f0194210216eeda06e834e95,banload,0.9999999999999998,High,5000000.0,4999999.999999999,T1027;T1055;T1486,D3-BAC;D3-BDR;D3-FA;D3-PM;D3-SAW;D3-UBA,Backup Access Control;Backup Data Recovery;File Analysis;Platform Monitoring;System Access Workflow;User Behavior Analysis
main_009062,8e2e29cddd4d69b4a90c0b63d5346e051af82cb5a3ca9c872bda19caa2fcdcfc,b83ef675cc28b5b0387916e29e9ced4ef6c6d6ea4fcffdbc3b3b086e80167fce,berbew,0.999999999999012,High,5000000.0,4999999.99999506,T1027;T1055;T1486,D3-BAC;D3-BDR;D3-FA;D3-PM;D3-SAW;D3-UBA,Backup Access Control;Backup Data Recovery;File Analysis;Platform Monitoring;System Access Workflow;User Behavior Analysis
main_009063,e15d1744c24edc21bc33dedc7cf8c541cefe49fad407b855d5afe5fcac7e27c5,7f411c23e7d9d268b51470b27920d362905e71fca86a2ef5c70747984b30a29a,redline,0.999915382236014,High,5000000.0,4999576.91118007,T1027;T1055;T1486,D3-BAC;D3-BDR;D3-FA;D3-PM;D3-SAW;D3-UBA,Backup Access Control;Backup Data Recovery;File Analysis;Platform Monitoring;System Access Workflow;User Behavior Analysis
main_009064,d3d30dc30d40b7fd1e54e324114ba9a2d10f0364ee33fcf0b72a4b94c90005bb,77862efd76591a786f99d400c0f97633e2bfb2bbd18b09dd6bf33ebe49f40f07,xmrig,1.0,High,5000000.0,5000000.0,T1027;T1055;T1059,D3-AL;D3-CR;D3-FA;D3-PM;D3-SAW;D3-UBA,Application Allowlisting;Command Restriction;File Analysis;Platform Monitoring;System Access Workflow;User Behavior Analysis
main_009065,fa4fd0e453be60c8a5f8ed372c263c7aa25136d242cb882e407dcc88e0b11fdf,02f47a65d4fd8d00c4aff12092e2155e9f12df2d089bcb1e28b5d65d0d4d7f0f,wacatac,0.9999943118787652,High,5000000.0,4999971.559393826,T1027;T1055;T1486,D3-BAC;D3-BDR;D3-FA;D3-PM;D3-SAW;D3-UBA,Backup Access Control;Backup Data Recovery;File Analysis;Platform Monitoring;System Access Workflow;User Behavior Analysis
main_009066,351ef1f659ecdded62658355ec0b191bf094ff1b6e8ea08b24f7a462061517f2,77862efd76591a786f99d400c0f97633e2bfb2bbd18b09dd6bf33ebe49f40f07,xmrig,1.0,High,5000000.0,5000000.0,T1027;T1055;T1059,D3-AL;D3-CR;D3-FA;D3-PM;D3-SAW;D3-UBA,Application Allowlisting;Command Restriction;File Analysis;Platform Monitoring;System Access Workflow;User Behavior Analysis
main_009073,1c5c1a9dd41529c9af3fb858d340070e1be0ef423fed29bf104070b5ab3cfeb1,b83ef675cc28b5b0387916e29e9ced4ef6c6d6ea4fcffdbc3b3b086e80167fce,berbew,0.9999999947594064,High,5000000.0,4999999.973797032,T1027;T1055;T1486,D3-BAC;D3-BDR;D3-FA;D3-PM;D3-SAW;D3-UBA,Backup Access Control;Backup Data Recovery;File Analysis;Platform Monitoring;System Access Workflow;User Behavior Analysis
main_009077,c47ee43c0649df6069336a4dd10180ddf283f73ebc8a713800b76b4e567c04cb,b83ef675cc28b5b0387916e29e9ced4ef6c6d6ea4fcffdbc3b3b086e80167fce,berbew,0.9999999999999788,High,5000000.0,4999999.999999894,T1027;T1055;T1486,D3-BAC;D3-BDR;D3-FA;D3-PM;D3-SAW;D3-UBA,Backup Access Control;Backup Data Recovery;File Analysis;Platform Monitoring;System Access Workflow;User Behavior Analysis
main_009101,4a8c6e22480361fead217982a965f24f5b6b7f8bf3a53acca7733e6872d3af07,77862efd76591a786f99d400c0f97633e2bfb2bbd18b09dd6bf33ebe49f40f07,xmrig,1.0,High,5000000.0,5000000.0,T1027;T1055;T1059,D3-AL;D3-CR;D3-FA;D3-PM;D3-SAW;D3-UBA,Application Allowlisting;Command Restriction;File Analysis;Platform Monitoring;System Access Workflow;User Behavior Analysis
main_009102,ed05ab8b8abefbd7eb29bfe252c55629648d03234facd50b33551c4518605eb5,02f47a65d4fd8d00c4aff12092e2155e9f12df2d089bcb1e28b5d65d0d4d7f0f,wacatac,0.9999999269230486,High,5000000.0,4999999.634615243,T1027;T1055;T1486,D3-BAC;D3-BDR;D3-FA;D3-PM;D3-SAW;D3-UBA,Backup Access Control;Backup Data Recovery;File Analysis;Platform Monitoring;System Access Workflow;User Behavior Analysis
main_009103,c079957e187e7db6de5c9e065dbd17211e0632fcf61490432b9c424236930303,b83ef675cc28b5b0387916e29e9ced4ef6c6d6ea4fcffdbc3b3b086e80167fce,berbew,0.9999999999999788,High,5000000.0,4999999.999999894,T1027;T1055;T1486,D3-BAC;D3-BDR;D3-FA;D3-PM;D3-SAW;D3-UBA,Backup Access Control;Backup Data Recovery;File Analysis;Platform Monitoring;System Access Workflow;User Behavior Analysis
main_009104,066b66cfb38000bc6decbda3685df2d3a528012f6c448b92508cf5bc1f771768,77862efd76591a786f99d400c0f97633e2bfb2bbd18b09dd6bf33ebe49f40f07,xmrig,1.0,High,5000000.0,5000000.0,T1027;T1055;T1059,D3-AL;D3-CR;D3-FA;D3-PM;D3-SAW;D3-UBA,Application Allowlisting;Command Restriction;File Analysis;Platform Monitoring;System Access Workflow;User Behavior Analysis
main_009105,e0a5695767b95f1316149c024ab9149485c111d907328d8af44b1d7d4f907c69,acfd227c9e2a637ba527343252a51d6cbf588451f0194210216eeda06e834e95,banload,0.9999999999999912,High,5000000.0,4999999.999999956,T1027;T1055;T1486,D3-BAC;D3-BDR;D3-FA;D3-PM;D3-SAW;D3-UBA,Backup Access Control;Backup Data Recovery;File Analysis;Platform Monitoring;System Access Workflow;User Behavior Analysis
main_009108,0d27e141b9f5732a8f168fc92944054840e47e89010ac7d1fb4e69312e08a4ec,187f622dc0da983d25da3df0e452808a96dd8c64c24aace69bc339cfe47a165d,expiro,0.9999999999999948,High,5000000.0,4999999.999999974,T1027;T1055;T1486,D3-BAC;D3-BDR;D3-FA;D3-PM;D3-SAW;D3-UBA,Backup Access Control;Backup Data Recovery;File Analysis;Platform Monitoring;System Access Workflow;User Behavior Analysis
main_009110,1d42e47f18769047c6bd8f3ee5772f932eba80f9cf0f8849e98c72f310de0bf7,77862efd76591a786f99d400c0f97633e2bfb2bbd18b09dd6bf33ebe49f40f07,xmrig,0.9999999999999996,High,5000000.0,4999999.999999998,T1027;T1055;T1059,D3-AL;D3-CR;D3-FA;D3-PM;D3-SAW;D3-UBA,Application Allowlisting;Command Restriction;File Analysis;Platform Monitoring;System Access Workflow;User Behavior Analysis
main_009114,dddd23b9f845b6eb418962aa7ba3f47bcd641ae0aebbfc6103db50f940b46fff,187f622dc0da983d25da3df0e452808a96dd8c64c24aace69bc339cfe47a165d,expiro,0.999999997341732,High,5000000.0,4999999.98670866,T1027;T1055;T1486,D3-BAC;D3-BDR;D3-FA;D3-PM;D3-SAW;D3-UBA,Backup Access Control;Backup Data Recovery;File Analysis;Platform Monitoring;System Access Workflow;User Behavior Analysis
main_009115,185bb5f6b18633104d60aff71c04a5ac28a1fcec9481e1b139bbf3136aecf012,58bb064ce0f0721aab7e4b4285f49e318ee801ab658d49dcfff305df630cc5c9,bedep,0.9924269236443944,High,5000000.0,4962134.618221972,T1027;T1055;T1486,D3-BAC;D3-BDR;D3-FA;D3-PM;D3-SAW;D3-UBA,Backup Access Control;Backup Data Recovery;File Analysis;Platform Monitoring;System Access Workflow;User Behavior Analysis
main_009119,adfe3e58894f5869054538dd45a30820afaad4455e39ee21a5584f1cf358178a,2e0b3672ad6c00be6ba5efa6c5277b5b0b77a8b3e61fc7b8f3a52b0bd2e31cd6,beebone,0.999999974914856,High,5000000.0,4999999.87457428,T1027;T1055;T1486,D3-BAC;D3-BDR;D3-FA;D3-PM;D3-SAW;D3-UBA,Backup Access Control;Backup Data Recovery;File Analysis;Platform Monitoring;System Access Workflow;User Behavior Analysis
main_009120,df1cd2f2032710959d8f8f06f67e4580176fd032c9af2be186a7bfdc6912db14,77862efd76591a786f99d400c0f97633e2bfb2bbd18b09dd6bf33ebe49f40f07,xmrig,1.0,High,5000000.0,5000000.0,T1027;T1055;T1059,D3-AL;D3-CR;D3-FA;D3-PM;D3-SAW;D3-UBA,Application Allowlisting;Command Restriction;File Analysis;Platform Monitoring;System Access Workflow;User Behavior Analysis
main_009122,67ee7139cd44311dfbc24a91c29229a27ae6ca92d7308b55713d67fc52b0c9bb,77862efd76591a786f99d400c0f97633e2bfb2bbd18b09dd6bf33ebe49f40f07,xmrig,1.0,High,5000000.0,5000000.0,T1027;T1055;T1059,D3-AL;D3-CR;D3-FA;D3-PM;D3-SAW;D3-UBA,Application Allowlisting;Command Restriction;File Analysis;Platform Monitoring;System Access Workflow;User Behavior Analysis
main_009123,81766745cb66f29d5a18ebfb32c590562670b1047ffb5037e954d187b2546c83,b83ef675cc28b5b0387916e29e9ced4ef6c6d6ea4fcffdbc3b3b086e80167fce,berbew,0.9999999995554624,High,5000000.0,4999999.997777312,T1027;T1055;T1486,D3-BAC;D3-BDR;D3-FA;D3-PM;D3-SAW;D3-UBA,Backup Access Control;Backup Data Recovery;File Analysis;Platform Monitoring;System Access Workflow;User Behavior Analysis
main_009124,6b3882598875dbaa5bf9adbb2e40dff0f8a0aa8c5066d87bf9e07325accf14f6,02f47a65d4fd8d00c4aff12092e2155e9f12df2d089bcb1e28b5d65d0d4d7f0f,wacatac,0.9999970700173854,High,5000000.0,4999985.350086927,T1027;T1055;T1486,D3-BAC;D3-BDR;D3-FA;D3-PM;D3-SAW;D3-UBA,Backup Access Control;Backup Data Recovery;File Analysis;Platform Monitoring;System Access Workflow;User Behavior Analysis
main_009127,3b2be17d0169949d6222ca8e2a9ed371ae7df64da0f1f6c51a81b6987ba1b979,77862efd76591a786f99d400c0f97633e2bfb2bbd18b09dd6bf33ebe49f40f07,xmrig,1.0,High,5000000.0,5000000.0,T1027;T1055;T1059,D3-AL;D3-CR;D3-FA;D3-PM;D3-SAW;D3-UBA,Application Allowlisting;Command Restriction;File Analysis;Platform Monitoring;System Access Workflow;User Behavior Analysis
main_009134,aa3dccaa2e3d60f762c662e517b4069e4446d23130d27d4469aa673783b74029,ef092d42941fb6af2ca50130b1d7a2fb36f80cc98954c008a5ccc00a2995ab79,scarletflash,0.9999999999427016,High,5000000.0,4999999.999713508,T1027;T1055;T1486,D3-BAC;D3-BDR;D3-FA;D3-PM;D3-SAW;D3-UBA,Backup Access Control;Backup Data Recovery;File Analysis;Platform Monitoring;System Access Workflow;User Behavior Analysis
main_009135,11f969add2f075c246007f7237a8942ac2fd876f80f06120fe55515e4fca97b3,77862efd76591a786f99d400c0f97633e2bfb2bbd18b09dd6bf33ebe49f40f07,xmrig,1.0,High,5000000.0,5000000.0,T1027;T1055;T1059,D3-AL;D3-CR;D3-FA;D3-PM;D3-SAW;D3-UBA,Application Allowlisting;Command Restriction;File Analysis;Platform Monitoring;System Access Workflow;User Behavior Analysis
main_009138,2f74af76c49b1fbcf6237c34661b4d432fc349ea39c673d6451d63a65bf9f12e,77862efd76591a786f99d400c0f97633e2bfb2bbd18b09dd6bf33ebe49f40f07,xmrig,1.0,High,5000000.0,5000000.0,T1027;T1055;T1059,D3-AL;D3-CR;D3-FA;D3-PM;D3-SAW;D3-UBA,Application Allowlisting;Command Restriction;File Analysis;Platform Monitoring;System Access Workflow;User Behavior Analysis
main_009139,5c697a23e5c125b43852b26b7f077c05ee757c3f7fd8b33d27f68569623b0d9c,99e2d5c6e5fb193a148e06547f5c9bb4e3dd2bc061e9a90592462767e9f80912,disin,0.99999999987386,High,5000000.0,4999999.9993693,T1027;T1055;T1486,D3-BAC;D3-BDR;D3-FA;D3-PM;D3-SAW;D3-UBA,Backup Access Control;Backup Data Recovery;File Analysis;Platform Monitoring;System Access Workflow;User Behavior Analysis
main_009140,93ffd96198b02444c74a7641ad751b0c5f8737320b074de902fe5ce5b602dc36,77862efd76591a786f99d400c0f97633e2bfb2bbd18b09dd6bf33ebe49f40f07,xmrig,1.0,High,5000000.0,5000000.0,T1027;T1055;T1059,D3-AL;D3-CR;D3-FA;D3-PM;D3-SAW;D3-UBA,Application Allowlisting;Command Restriction;File Analysis;Platform Monitoring;System Access Workflow;User Behavior Analysis
main_009141,f955e242234bc7b3644dfd314f99921793fdf8e39871d7cd322816aaf64abbb3,77862efd76591a786f99d400c0f97633e2bfb2bbd18b09dd6bf33ebe49f40f07,xmrig,0.9999999984368056,High,5000000.0,4999999.992184028,T1027;T1055;T1059,D3-AL;D3-CR;D3-FA;D3-PM;D3-SAW;D3-UBA,Application Allowlisting;Command Restriction;File Analysis;Platform Monitoring;System Access Workflow;User Behavior Analysis
main_009143,416cfcb4ddb1b5f7ab1bdacb50bb1421e11e8521f80d643a8842a59053a9943f,77862efd76591a786f99d400c0f97633e2bfb2bbd18b09dd6bf33ebe49f40f07,xmrig,1.0,High,5000000.0,5000000.0,T1027;T1055;T1059,D3-AL;D3-CR;D3-FA;D3-PM;D3-SAW;D3-UBA,Application Allowlisting;Command Restriction;File Analysis;Platform Monitoring;System Access Workflow;User Behavior Analysis
main_009145,a9065b9a2adc612d59a19c1b6585f884707b68c22d98e2d647541adefcf5f9f5,2e0b3672ad6c00be6ba5efa6c5277b5b0b77a8b3e61fc7b8f3a52b0bd2e31cd6,beebone,0.9999999738487542,High,5000000.0,4999999.869243771,T1027;T1055;T1486,D3-BAC;D3-BDR;D3-FA;D3-PM;D3-SAW;D3-UBA,Backup Access Control;Backup Data Recovery;File Analysis;Platform Monitoring;System Access Workflow;User Behavior Analysis
main_009146,a4483b1b93b6a07afed265a0296e57fdf485898df7cc0c98d93c9346f1fbfa0c,2e0b3672ad6c00be6ba5efa6c5277b5b0b77a8b3e61fc7b8f3a52b0bd2e31cd6,beebone,0.9999999726923215,High,5000000.0,4999999.863461608,T1027;T1055;T1486,D3-BAC;D3-BDR;D3-FA;D3-PM;D3-SAW;D3-UBA,Backup Access Control;Backup Data Recovery;File Analysis;Platform Monitoring;System Access Workflow;User Behavior Analysis
main_009147,e9ddf1ccd33541870e24e689d9b75a94dba01db503a9de6dc25cc2f81805d724,c9e58d481ca76ea25d4579ea39056b5f5e3a5c25648274f9dcd1b6c533284d52,upatre,0.9999999999998724,High,5000000.0,4999999.999999362,T1027;T1055;T1486,D3-BAC;D3-BDR;D3-FA;D3-PM;D3-SAW;D3-UBA,Backup Access Control;Backup Data Recovery;File Analysis;Platform Monitoring;System Access Workflow;User Behavior Analysis
main_009148,8c93669e43909ab1d2ac1a9d4e017c8ebb191ecf5445ac99c08acd08f5447235,187f622dc0da983d25da3df0e452808a96dd8c64c24aace69bc339cfe47a165d,expiro,0.9999996186874588,High,5000000.0,4999998.093437294,T1027;T1055;T1486,D3-BAC;D3-BDR;D3-FA;D3-PM;D3-SAW;D3-UBA,Backup Access Control;Backup Data Recovery;File Analysis;Platform Monitoring;System Access Workflow;User Behavior Analysis
main_009149,d528c46b814e2dc8917b4843c3cd368cadc933616d0caac244613791d5f67224,77862efd76591a786f99d400c0f97633e2bfb2bbd18b09dd6bf33ebe49f40f07,xmrig,1.0,High,5000000.0,5000000.0,T1027;T1055;T1059,D3-AL;D3-CR;D3-FA;D3-PM;D3-SAW;D3-UBA,Application Allowlisting;Command Restriction;File Analysis;Platform Monitoring;System Access Workflow;User Behavior Analysis
main_009150,f132b754382ae454e48c4a53dc9501f1650837bfd89ef3a814fd0b802d4ddf45,77862efd76591a786f99d400c0f97633e2bfb2bbd18b09dd6bf33ebe49f40f07,xmrig,1.0,High,5000000.0,5000000.0,T1027;T1055;T1059,D3-AL;D3-CR;D3-FA;D3-PM;D3-SAW;D3-UBA,Application Allowlisting;Command Restriction;File Analysis;Platform Monitoring;System Access Workflow;User Behavior Analysis
main_009154,88a831a9c484e7aca2d3b53defa477391e9b1f414a04f9d7ac6feca7fb66667f,acfd227c9e2a637ba527343252a51d6cbf588451f0194210216eeda06e834e95,banload,0.9999999999999852,High,5000000.0,4999999.999999926,T1027;T1055;T1486,D3-BAC;D3-BDR;D3-FA;D3-PM;D3-SAW;D3-UBA,Backup Access Control;Backup Data Recovery;File Analysis;Platform Monitoring;System Access Workflow;User Behavior Analysis
main_009157,485396d55a3bfa2c405accef4634188f9135715eba755681e361380d4da5a1f2,acfd227c9e2a637ba527343252a51d6cbf588451f0194210216eeda06e834e95,banload,0.999999999999998,High,5000000.0,4999999.99999999,T1027;T1055;T1486,D3-BAC;D3-BDR;D3-FA;D3-PM;D3-SAW;D3-UBA,Backup Access Control;Backup Data Recovery;File Analysis;Platform Monitoring;System Access Workflow;User Behavior Analysis
main_009158,143d36a172b1d89cba78952d0c72d101bfd3f4d5c51bdb8d431e255a567e4733,77862efd76591a786f99d400c0f97633e2bfb2bbd18b09dd6bf33ebe49f40f07,xmrig,1.0,High,5000000.0,5000000.0,T1027;T1055;T1059,D3-AL;D3-CR;D3-FA;D3-PM;D3-SAW;D3-UBA,Application Allowlisting;Command Restriction;File Analysis;Platform Monitoring;System Access Workflow;User Behavior Analysis
main_009160,44f373c83e01f62f9f08835ad8e090b842b34fd841245827a4043cfabcac367c,fd5104756137718da71be7bec3f2a88cb3dc4f6df936e61e4bd012cb9108027c,convagent,0.99998793885269,High,5000000.0,4999939.69426345,T1027;T1055;T1486,D3-BAC;D3-BDR;D3-FA;D3-PM;D3-SAW;D3-UBA,Backup Access Control;Backup Data Recovery;File Analysis;Platform Monitoring;System Access Workflow;User Behavior Analysis
main_009162,babc538618d3cf3b7ab2258c47429a933afe75343e841eabde82c0079a6aff97,b83ef675cc28b5b0387916e29e9ced4ef6c6d6ea4fcffdbc3b3b086e80167fce,berbew,0.9999053138496966,High,5000000.0,4999526.569248483,T1027;T1055;T1486,D3-BAC;D3-BDR;D3-FA;D3-PM;D3-SAW;D3-UBA,Backup Access Control;Backup Data Recovery;File Analysis;Platform Monitoring;System Access Workflow;User Behavior Analysis
main_009163,9fc4693d2fdcb04ff2e81e1957b109922aed86eb6981334e9cfa193b186d0acc,77862efd76591a786f99d400c0f97633e2bfb2bbd18b09dd6bf33ebe49f40f07,xmrig,0.9999999999999998,High,5000000.0,4999999.999999999,T1027;T1055;T1059,D3-AL;D3-CR;D3-FA;D3-PM;D3-SAW;D3-UBA,Application Allowlisting;Command Restriction;File Analysis;Platform Monitoring;System Access Workflow;User Behavior Analysis
main_009164,daa4bdeb767c60f520b60ae93a012bb2ca3f2e39df0c2b377e313dbe4b731ad1,77862efd76591a786f99d400c0f97633e2bfb2bbd18b09dd6bf33ebe49f40f07,xmrig,1.0,High,5000000.0,5000000.0,T1027;T1055;T1059,D3-AL;D3-CR;D3-FA;D3-PM;D3-SAW;D3-UBA,Application Allowlisting;Command Restriction;File Analysis;Platform Monitoring;System Access Workflow;User Behavior Analysis
main_009166,0bf7f0a1d86954dd5dedeac7294afe53227f245d648b7f79d5966b473f5a381a,b83ef675cc28b5b0387916e29e9ced4ef6c6d6ea4fcffdbc3b3b086e80167fce,berbew,0.9999999997660156,High,5000000.0,4999999.998830078,T1027;T1055;T1486,D3-BAC;D3-BDR;D3-FA;D3-PM;D3-SAW;D3-UBA,Backup Access Control;Backup Data Recovery;File Analysis;Platform Monitoring;System Access Workflow;User Behavior Analysis
main_009167,fe074e72834ea8144ad168671fb606e285a35f1c69ac23219a055764c584171c,77862efd76591a786f99d400c0f97633e2bfb2bbd18b09dd6bf33ebe49f40f07,xmrig,1.0,High,5000000.0,5000000.0,T1027;T1055;T1059,D3-AL;D3-CR;D3-FA;D3-PM;D3-SAW;D3-UBA,Application Allowlisting;Command Restriction;File Analysis;Platform Monitoring;System Access Workflow;User Behavior Analysis
main_009168,2eb3775f1366fa114fc6255de0e963f9274ac27515026c3319779d70baa1214d,b83ef675cc28b5b0387916e29e9ced4ef6c6d6ea4fcffdbc3b3b086e80167fce,berbew,0.9999999987846602,High,5000000.0,4999999.993923301,T1027;T1055;T1486,D3-BAC;D3-BDR;D3-FA;D3-PM;D3-SAW;D3-UBA,Backup Access Control;Backup Data Recovery;File Analysis;Platform Monitoring;System Access Workflow;User Behavior Analysis
main_009171,37c036cc7cff7dd3cda6338009241b52d59f82565f97b8ceb80c7c58ecd731ea,77862efd76591a786f99d400c0f97633e2bfb2bbd18b09dd6bf33ebe49f40f07,xmrig,0.9999999999999984,High,5000000.0,4999999.999999993,T1027;T1055;T1059,D3-AL;D3-CR;D3-FA;D3-PM;D3-SAW;D3-UBA,Application Allowlisting;Command Restriction;File Analysis;Platform Monitoring;System Access Workflow;User Behavior Analysis
main_009172,5210aabd6c803e02d82bea89c70601d327920a3e2a93e10c2e536d393475f859,77862efd76591a786f99d400c0f97633e2bfb2bbd18b09dd6bf33ebe49f40f07,xmrig,1.0,High,5000000.0,5000000.0,T1027;T1055;T1059,D3-AL;D3-CR;D3-FA;D3-PM;D3-SAW;D3-UBA,Application Allowlisting;Command Restriction;File Analysis;Platform Monitoring;System Access Workflow;User Behavior Analysis
main_009174,b2a772d44c2eaeabc25423bee7064adba2ebe05e65e30c72f4586e032dcbb807,77862efd76591a786f99d400c0f97633e2bfb2bbd18b09dd6bf33ebe49f40f07,xmrig,0.9999999999999992,High,5000000.0,4999999.999999996,T1027;T1055;T1059,D3-AL;D3-CR;D3-FA;D3-PM;D3-SAW;D3-UBA,Application Allowlisting;Command Restriction;File Analysis;Platform Monitoring;System Access Workflow;User Behavior Analysis
main_009175,006a329b7bdb7445e1f9a712b4d1dd027b2d121bce803dbff859ad1dcb8fe691,77862efd76591a786f99d400c0f97633e2bfb2bbd18b09dd6bf33ebe49f40f07,xmrig,1.0,High,5000000.0,5000000.0,T1027;T1055;T1059,D3-AL;D3-CR;D3-FA;D3-PM;D3-SAW;D3-UBA,Application Allowlisting;Command Restriction;File Analysis;Platform Monitoring;System Access Workflow;User Behavior Analysis
main_009176,71e70eb73a0b9cc98577598a44b1a8ad2d5479739f0c0c72d6705fda7e28e363,77862efd76591a786f99d400c0f97633e2bfb2bbd18b09dd6bf33ebe49f40f07,xmrig,1.0,High,5000000.0,5000000.0,T1027;T1055;T1059,D3-AL;D3-CR;D3-FA;D3-PM;D3-SAW;D3-UBA,Application Allowlisting;Command Restriction;File Analysis;Platform Monitoring;System Access Workflow;User Behavior Analysis
main_009177,d10247ab0f41be81046e3cf388cb29100a03b83ee513354cce742df105adc9df,02f47a65d4fd8d00c4aff12092e2155e9f12df2d089bcb1e28b5d65d0d4d7f0f,wacatac,0.999999999867446,High,5000000.0,4999999.99933723,T1027;T1055;T1486,D3-BAC;D3-BDR;D3-FA;D3-PM;D3-SAW;D3-UBA,Backup Access Control;Backup Data Recovery;File Analysis;Platform Monitoring;System Access Workflow;User Behavior Analysis
main_009178,882375855714d708068658dc51bc54608ae99498c698cefee87f5affb046b1ed,77862efd76591a786f99d400c0f97633e2bfb2bbd18b09dd6bf33ebe49f40f07,xmrig,1.0,High,5000000.0,5000000.0,T1027;T1055;T1059,D3-AL;D3-CR;D3-FA;D3-PM;D3-SAW;D3-UBA,Application Allowlisting;Command Restriction;File Analysis;Platform Monitoring;System Access Workflow;User Behavior Analysis
main_009181,fc13f260c2a53f12d137064703471c6f8baa5c1913e030d2672a620f33c64a7f,187f622dc0da983d25da3df0e452808a96dd8c64c24aace69bc339cfe47a165d,expiro,0.9999999999999968,High,5000000.0,4999999.999999984,T1027;T1055;T1486,D3-BAC;D3-BDR;D3-FA;D3-PM;D3-SAW;D3-UBA,Backup Access Control;Backup Data Recovery;File Analysis;Platform Monitoring;System Access Workflow;User Behavior Analysis
main_009184,7344851faa044ee063d8a03653821fbd6402ac9f63cf890db33f6eef0b813cf9,187f622dc0da983d25da3df0e452808a96dd8c64c24aace69bc339cfe47a165d,expiro,0.999999999975816,High,5000000.0,4999999.99987908,T1027;T1055;T1486,D3-BAC;D3-BDR;D3-FA;D3-PM;D3-SAW;D3-UBA,Backup Access Control;Backup Data Recovery;File Analysis;Platform Monitoring;System Access Workflow;User Behavior Analysis
main_009185,9423259813f214a036e7c5e8ec833aab34493ef018a1491466cb3a2d20d25bc4,77862efd76591a786f99d400c0f97633e2bfb2bbd18b09dd6bf33ebe49f40f07,xmrig,1.0,High,5000000.0,5000000.0,T1027;T1055;T1059,D3-AL;D3-CR;D3-FA;D3-PM;D3-SAW;D3-UBA,Application Allowlisting;Command Restriction;File Analysis;Platform Monitoring;System Access Workflow;User Behavior Analysis
main_009186,afa4d80d43971daba3db6b1dfb1a21fe537484c7e98a358da4294fb27a87df69,77862efd76591a786f99d400c0f97633e2bfb2bbd18b09dd6bf33ebe49f40f07,xmrig,1.0,High,5000000.0,5000000.0,T1027;T1055;T1059,D3-AL;D3-CR;D3-FA;D3-PM;D3-SAW;D3-UBA,Application Allowlisting;Command Restriction;File Analysis;Platform Monitoring;System Access Workflow;User Behavior Analysis
main_009188,cf6b4597ec1520b3952512c40af35e460e71275fdf5095755d35dc6fbc6aa041,ca6ac6af66c22d8acdd6e42a00a9a21a24a37e3fa6a018662fb6dbaabfe7a96d,metasploit,0.999999999996306,High,5000000.0,4999999.99998153,T1027;T1055;T1486,D3-BAC;D3-BDR;D3-FA;D3-PM;D3-SAW;D3-UBA,Backup Access Control;Backup Data Recovery;File Analysis;Platform Monitoring;System Access Workflow;User Behavior Analysis
main_009191,eb39254eb17dcd3a3ec954aaa5857c823cb55e60e4ee91af12ebf48b50583023,b83ef675cc28b5b0387916e29e9ced4ef6c6d6ea4fcffdbc3b3b086e80167fce,berbew,0.9999999786907336,High,5000000.0,4999999.893453668,T1027;T1055;T1486,D3-BAC;D3-BDR;D3-FA;D3-PM;D3-SAW;D3-UBA,Backup Access Control;Backup Data Recovery;File Analysis;Platform Monitoring;System Access Workflow;User Behavior Analysis
main_009192,7ee48e6829120417ec01f0a8cf21a5ca2557a277e6e7e7775434f3be8babc6af,77862efd76591a786f99d400c0f97633e2bfb2bbd18b09dd6bf33ebe49f40f07,xmrig,1.0,High,5000000.0,5000000.0,T1027;T1055;T1059,D3-AL;D3-CR;D3-FA;D3-PM;D3-SAW;D3-UBA,Application Allowlisting;Command Restriction;File Analysis;Platform Monitoring;System Access Workflow;User Behavior Analysis
main_009193,1e0c2e9260ab47652014c9aca55e8481af7608ee89409a57ab450df10b195717,77862efd76591a786f99d400c0f97633e2bfb2bbd18b09dd6bf33ebe49f40f07,xmrig,1.0,High,5000000.0,5000000.0,T1027;T1055;T1059,D3-AL;D3-CR;D3-FA;D3-PM;D3-SAW;D3-UBA,Application Allowlisting;Command Restriction;File Analysis;Platform Monitoring;System Access Workflow;User Behavior Analysis
main_009194,b09c058dc0a5be414042fdc71e862c1272f03f7c8487ac62e398bb52b58b8050,187f622dc0da983d25da3df0e452808a96dd8c64c24aace69bc339cfe47a165d,expiro,0.999999999961962,High,5000000.0,4999999.99980981,T1027;T1055;T1486,D3-BAC;D3-BDR;D3-FA;D3-PM;D3-SAW;D3-UBA,Backup Access Control;Backup Data Recovery;File Analysis;Platform Monitoring;System Access Workflow;User Behavior Analysis
main_009196,45ecc3e8b008e0b5edf10cc053e4d51f4cc62b97c2b940ec758b507411f5664a,187f622dc0da983d25da3df0e452808a96dd8c64c24aace69bc339cfe47a165d,expiro,0.999999999995286,High,5000000.0,4999999.99997643,T1027;T1055;T1486,D3-BAC;D3-BDR;D3-FA;D3-PM;D3-SAW;D3-UBA,Backup Access Control;Backup Data Recovery;File Analysis;Platform Monitoring;System Access Workflow;User Behavior Analysis
main_009198,b7c77512663a374e1465b5481dcdee3f54475f8db0cbfb1b152e7932acfcd239,77862efd76591a786f99d400c0f97633e2bfb2bbd18b09dd6bf33ebe49f40f07,xmrig,1.0,High,5000000.0,5000000.0,T1027;T1055;T1059,D3-AL;D3-CR;D3-FA;D3-PM;D3-SAW;D3-UBA,Application Allowlisting;Command Restriction;File Analysis;Platform Monitoring;System Access Workflow;User Behavior Analysis
main_009200,7928097b9be857d7c4439c5061aa76a9a9de162d8e3e470f8de53099eb984af9,77862efd76591a786f99d400c0f97633e2bfb2bbd18b09dd6bf33ebe49f40f07,xmrig,0.9999999999999998,High,5000000.0,4999999.999999999,T1027;T1055;T1059,D3-AL;D3-CR;D3-FA;D3-PM;D3-SAW;D3-UBA,Application Allowlisting;Command Restriction;File Analysis;Platform Monitoring;System Access Workflow;User Behavior Analysis
main_009207,9e5ad125c520d522df0674845acf4f92a7a79eace9fc29adc722762c63f2313b,acfd227c9e2a637ba527343252a51d6cbf588451f0194210216eeda06e834e95,banload,0.9999999999999964,High,5000000.0,4999999.999999982,T1027;T1055;T1486,D3-BAC;D3-BDR;D3-FA;D3-PM;D3-SAW;D3-UBA,Backup Access Control;Backup Data Recovery;File Analysis;Platform Monitoring;System Access Workflow;User Behavior Analysis
main_009210,9fac04cebe3c9983341f1f9be2364977dab866fc5be1d17a3e6747f39ee59797,187f622dc0da983d25da3df0e452808a96dd8c64c24aace69bc339cfe47a165d,expiro,0.999999999841503,High,5000000.0,4999999.999207515,T1027;T1055;T1486,D3-BAC;D3-BDR;D3-FA;D3-PM;D3-SAW;D3-UBA,Backup Access Control;Backup Data Recovery;File Analysis;Platform Monitoring;System Access Workflow;User Behavior Analysis
main_009211,4375f6ca64041d64aaf61ab8ba57af11c8fd7724c1afa7b0e2f248752d7f0003,187f622dc0da983d25da3df0e452808a96dd8c64c24aace69bc339cfe47a165d,expiro,0.999999999971526,High,5000000.0,4999999.99985763,T1027;T1055;T1486,D3-BAC;D3-BDR;D3-FA;D3-PM;D3-SAW;D3-UBA,Backup Access Control;Backup Data Recovery;File Analysis;Platform Monitoring;System Access Workflow;User Behavior Analysis
main_009216,de2bc474d4bbf68239abd8745424e110a2ddfb63e2f1755a4c6c94029f8c5310,02f47a65d4fd8d00c4aff12092e2155e9f12df2d089bcb1e28b5d65d0d4d7f0f,wacatac,0.9999999947118312,High,5000000.0,4999999.973559156,T1027;T1055;T1486,D3-BAC;D3-BDR;D3-FA;D3-PM;D3-SAW;D3-UBA,Backup Access Control;Backup Data Recovery;File Analysis;Platform Monitoring;System Access Workflow;User Behavior Analysis
main_009220,31b91e7ea2c9b79aa4266aa6e3724235a85b5960fbf70972cafbb67071dd8dc3,02f47a65d4fd8d00c4aff12092e2155e9f12df2d089bcb1e28b5d65d0d4d7f0f,wacatac,0.9999998985157836,High,5000000.0,4999999.492578918,T1027;T1055;T1486,D3-BAC;D3-BDR;D3-FA;D3-PM;D3-SAW;D3-UBA,Backup Access Control;Backup Data Recovery;File Analysis;Platform Monitoring;System Access Workflow;User Behavior Analysis
main_009225,d83a29b7b526d0143c4878d4e7cef3a748219b0aa9f262415bddfc0589df06de,ca6ac6af66c22d8acdd6e42a00a9a21a24a37e3fa6a018662fb6dbaabfe7a96d,metasploit,0.9999999999844004,High,5000000.0,4999999.999922002,T1027;T1055;T1486,D3-BAC;D3-BDR;D3-FA;D3-PM;D3-SAW;D3-UBA,Backup Access Control;Backup Data Recovery;File Analysis;Platform Monitoring;System Access Workflow;User Behavior Analysis
main_009227,7135a19a3e448db9e2f627a68a23136908ce413c91d8f03aa6be8f1c4fd7a11a,ef092d42941fb6af2ca50130b1d7a2fb36f80cc98954c008a5ccc00a2995ab79,scarletflash,0.9999999999999972,High,5000000.0,4999999.999999986,T1027;T1055;T1486,D3-BAC;D3-BDR;D3-FA;D3-PM;D3-SAW;D3-UBA,Backup Access Control;Backup Data Recovery;File Analysis;Platform Monitoring;System Access Workflow;User Behavior Analysis
main_009232,bb6c225aff23aa1839522272e9109087d6a6a68bbc70c4339c8348493d89a37b,02f47a65d4fd8d00c4aff12092e2155e9f12df2d089bcb1e28b5d65d0d4d7f0f,wacatac,0.9999999990264916,High,5000000.0,4999999.995132458,T1027;T1055;T1486,D3-BAC;D3-BDR;D3-FA;D3-PM;D3-SAW;D3-UBA,Backup Access Control;Backup Data Recovery;File Analysis;Platform Monitoring;System Access Workflow;User Behavior Analysis
main_009247,d0bf95a13cc545079f621b1387ca7ab5a9ffaac62b07776f78d08a3621746e4a,ef092d42941fb6af2ca50130b1d7a2fb36f80cc98954c008a5ccc00a2995ab79,scarletflash,0.99999999541751,High,5000000.0,4999999.97708755,T1027;T1055;T1486,D3-BAC;D3-BDR;D3-FA;D3-PM;D3-SAW;D3-UBA,Backup Access Control;Backup Data Recovery;File Analysis;Platform Monitoring;System Access Workflow;User Behavior Analysis
main_009249,fceb4726d4f96b0bad26f2403645039022153c4f2e3a13c419bab1b3ca9388b1,ef092d42941fb6af2ca50130b1d7a2fb36f80cc98954c008a5ccc00a2995ab79,scarletflash,0.9999999999689472,High,5000000.0,4999999.999844736,T1027;T1055;T1486,D3-BAC;D3-BDR;D3-FA;D3-PM;D3-SAW;D3-UBA,Backup Access Control;Backup Data Recovery;File Analysis;Platform Monitoring;System Access Workflow;User Behavior Analysis
main_009250,a469e93337f2497a97373e7c6dcef11be152d3641dd3000a9dbf71daa52e0f02,fd5104756137718da71be7bec3f2a88cb3dc4f6df936e61e4bd012cb9108027c,convagent,0.9999999631573246,High,5000000.0,4999999.815786623,T1027;T1055;T1486,D3-BAC;D3-BDR;D3-FA;D3-PM;D3-SAW;D3-UBA,Backup Access Control;Backup Data Recovery;File Analysis;Platform Monitoring;System Access Workflow;User Behavior Analysis
main_009260,70bc9527b7ad5e69125d977e6be35918031d6e20fe379558fad58fbf1a2f5a56,58bb064ce0f0721aab7e4b4285f49e318ee801ab658d49dcfff305df630cc5c9,bedep,0.9999973561360052,High,5000000.0,4999986.780680026,T1027;T1055;T1486,D3-BAC;D3-BDR;D3-FA;D3-PM;D3-SAW;D3-UBA,Backup Access Control;Backup Data Recovery;File Analysis;Platform Monitoring;System Access Workflow;User Behavior Analysis
main_009261,e334d7911d4e3f8f021072bc7713ddde0f7d02df76d63f49f77c7298dea25450,fd5104756137718da71be7bec3f2a88cb3dc4f6df936e61e4bd012cb9108027c,convagent,0.9999999803839378,High,5000000.0,4999999.901919689,T1027;T1055;T1486,D3-BAC;D3-BDR;D3-FA;D3-PM;D3-SAW;D3-UBA,Backup Access Control;Backup Data Recovery;File Analysis;Platform Monitoring;System Access Workflow;User Behavior Analysis
main_009262,d3f2a3ba047617362b4ff62a59e1fea39229791269695412c60b4928ff1ed5c2,99e2d5c6e5fb193a148e06547f5c9bb4e3dd2bc061e9a90592462767e9f80912,disin,0.9999999999698066,High,5000000.0,4999999.999849033,T1027;T1055;T1486,D3-BAC;D3-BDR;D3-FA;D3-PM;D3-SAW;D3-UBA,Backup Access Control;Backup Data Recovery;File Analysis;Platform Monitoring;System Access Workflow;User Behavior Analysis
main_009263,8f357284a1f56c8552c3662c4cac7e32468763c23edd989b575bc5abc4527887,ef092d42941fb6af2ca50130b1d7a2fb36f80cc98954c008a5ccc00a2995ab79,scarletflash,0.999999922651923,High,5000000.0,4999999.613259614,T1027;T1055;T1486,D3-BAC;D3-BDR;D3-FA;D3-PM;D3-SAW;D3-UBA,Backup Access Control;Backup Data Recovery;File Analysis;Platform Monitoring;System Access Workflow;User Behavior Analysis
main_009268,61d3187f32bacef8ea534d49db9ede657fc5c8538c446e8c76d1be149373337c,99e2d5c6e5fb193a148e06547f5c9bb4e3dd2bc061e9a90592462767e9f80912,disin,0.9999999999873646,High,5000000.0,4999999.999936823,T1027;T1055;T1486,D3-BAC;D3-BDR;D3-FA;D3-PM;D3-SAW;D3-UBA,Backup Access Control;Backup Data Recovery;File Analysis;Platform Monitoring;System Access Workflow;User Behavior Analysis
main_009270,ddfb6f0d4a7f467ae053c28ee078b2b91e0ed5b01d4e68c4ff3626f46b0775e1,02f47a65d4fd8d00c4aff12092e2155e9f12df2d089bcb1e28b5d65d0d4d7f0f,wacatac,0.999999992679944,High,5000000.0,4999999.96339972,T1027;T1055;T1486,D3-BAC;D3-BDR;D3-FA;D3-PM;D3-SAW;D3-UBA,Backup Access Control;Backup Data Recovery;File Analysis;Platform Monitoring;System Access Workflow;User Behavior Analysis
main_009271,d38a45754b5cb33c4dbbc7379b4bf47a244acf4965805025ea0db8622f35e568,ef092d42941fb6af2ca50130b1d7a2fb36f80cc98954c008a5ccc00a2995ab79,scarletflash,0.999999581191561,High,5000000.0,4999997.905957805,T1027;T1055;T1486,D3-BAC;D3-BDR;D3-FA;D3-PM;D3-SAW;D3-UBA,Backup Access Control;Backup Data Recovery;File Analysis;Platform Monitoring;System Access Workflow;User Behavior Analysis
main_009285,d5c2fd6bf819df344aee1f1b3474851c715bc51aca8533304f060c4096153979,41e5cac4298e131e87215f8f3e62b154d2629cb3f77817234864d2ea1b4884ed,shelm,0.99999999947947,High,5000000.0,4999999.99739735,T1027;T1055;T1486,D3-BAC;D3-BDR;D3-FA;D3-PM;D3-SAW;D3-UBA,Backup Access Control;Backup Data Recovery;File Analysis;Platform Monitoring;System Access Workflow;User Behavior Analysis
main_009310,3e199e2f9b05a38164917e0fa119f2854372244263d9e892174b00f0823b99fa,4fb6a3a065206f6c64d4b7b0a750f1fb7f275d8eac89509fc863adb9138f3907,reflo,0.9999999997043394,High,5000000.0,4999999.998521697,T1027;T1055;T1486,D3-BAC;D3-BDR;D3-FA;D3-PM;D3-SAW;D3-UBA,Backup Access Control;Backup Data Recovery;File Analysis;Platform Monitoring;System Access Workflow;User Behavior Analysis
main_009311,dd13d2beeb0c11ef80e70e5b90c18c85e185c8c8932b18941e1951e3d8fb5629,c202c514763b02b0af53601efc11fd2b59883d56fbc5b67d72d2dc753e504451,r77rootkit,0.9999999926001204,High,5000000.0,4999999.963000602,T1027;T1055;T1486,D3-BAC;D3-BDR;D3-FA;D3-PM;D3-SAW;D3-UBA,Backup Access Control;Backup Data Recovery;File Analysis;Platform Monitoring;System Access Workflow;User Behavior Analysis
main_009319,43ba10a13a5573920b95a5e95d0b26bee298c83e75644f9714cf3b08be5e44d2,02f47a65d4fd8d00c4aff12092e2155e9f12df2d089bcb1e28b5d65d0d4d7f0f,wacatac,0.9999991979495776,High,5000000.0,4999995.989747888,T1027;T1055;T1486,D3-BAC;D3-BDR;D3-FA;D3-PM;D3-SAW;D3-UBA,Backup Access Control;Backup Data Recovery;File Analysis;Platform Monitoring;System Access Workflow;User Behavior Analysis
main_009368,68c1e3c81b897d49cacb6f78147c1cd28931f9f4b661eba869d25a18f49b0abb,ef092d42941fb6af2ca50130b1d7a2fb36f80cc98954c008a5ccc00a2995ab79,scarletflash,0.9999999999999728,High,5000000.0,4999999.999999864,T1027;T1055;T1486,D3-BAC;D3-BDR;D3-FA;D3-PM;D3-SAW;D3-UBA,Backup Access Control;Backup Data Recovery;File Analysis;Platform Monitoring;System Access Workflow;User Behavior Analysis
main_009370,35f28775df83c0a1685aee864ed2d9d81fbd6bdfb440610b5b6580e05370f3b5,472473512e26748d79480e1fa44ad0a0814b226d3fdd3c0d4217e14b1427b2cd,khalesi,0.99999522211883,High,5000000.0,4999976.11059415,T1027;T1055;T1486,D3-BAC;D3-BDR;D3-FA;D3-PM;D3-SAW;D3-UBA,Backup Access Control;Backup Data Recovery;File Analysis;Platform Monitoring;System Access Workflow;User Behavior Analysis
main_009376,535af395377619a67c0e5a83d73bc738a4d41fcf82dc8ca62c710cd1bb306083,b83ef675cc28b5b0387916e29e9ced4ef6c6d6ea4fcffdbc3b3b086e80167fce,berbew,0.9999999999999978,High,5000000.0,4999999.999999989,T1027;T1055;T1486,D3-BAC;D3-BDR;D3-FA;D3-PM;D3-SAW;D3-UBA,Backup Access Control;Backup Data Recovery;File Analysis;Platform Monitoring;System Access Workflow;User Behavior Analysis
main_009397,fac86437ce6cef9bfc99c22006453d8b322de221ac560f524909f0c5ceaa49bb,99e2d5c6e5fb193a148e06547f5c9bb4e3dd2bc061e9a90592462767e9f80912,disin,0.9999999999955757,High,5000000.0,4999999.999977878,T1027;T1055;T1486,D3-BAC;D3-BDR;D3-FA;D3-PM;D3-SAW;D3-UBA,Backup Access Control;Backup Data Recovery;File Analysis;Platform Monitoring;System Access Workflow;User Behavior Analysis
main_009398,0d2e3708a7208da5104dcc8c14397c398f0432b9bedbe700e11ef271506f28e5,77862efd76591a786f99d400c0f97633e2bfb2bbd18b09dd6bf33ebe49f40f07,xmrig,1.0,High,5000000.0,5000000.0,T1027;T1055;T1059,D3-AL;D3-CR;D3-FA;D3-PM;D3-SAW;D3-UBA,Application Allowlisting;Command Restriction;File Analysis;Platform Monitoring;System Access Workflow;User Behavior Analysis
main_009399,879b019d89c6278e06dead00e325382aaaa587169f2b503380cfc1fb73370209,40e42605737e111f6619ef7f77032a380bd914b6b398e18c1016bcb74cdb0788,vobfus,0.999999999961494,High,5000000.0,4999999.999807471,T1027;T1055;T1486,D3-BAC;D3-BDR;D3-FA;D3-PM;D3-SAW;D3-UBA,Backup Access Control;Backup Data Recovery;File Analysis;Platform Monitoring;System Access Workflow;User Behavior Analysis
main_009402,0a87678b6d80ad5ba6ab2ecdac732cb293d2855d8b555f9c13744b8c0d354653,ef092d42941fb6af2ca50130b1d7a2fb36f80cc98954c008a5ccc00a2995ab79,scarletflash,0.9999661735066482,High,5000000.0,4999830.8675332405,T1027;T1055;T1486,D3-BAC;D3-BDR;D3-FA;D3-PM;D3-SAW;D3-UBA,Backup Access Control;Backup Data Recovery;File Analysis;Platform Monitoring;System Access Workflow;User Behavior Analysis
main_009404,63524152d9cffac91e6fb98807649f3c1990a0861ab95742662dea8f7c02b021,77862efd76591a786f99d400c0f97633e2bfb2bbd18b09dd6bf33ebe49f40f07,xmrig,1.0,High,5000000.0,5000000.0,T1027;T1055;T1059,D3-AL;D3-CR;D3-FA;D3-PM;D3-SAW;D3-UBA,Application Allowlisting;Command Restriction;File Analysis;Platform Monitoring;System Access Workflow;User Behavior Analysis
main_009405,105f803162c6c1c0bdea8d14b10591fa1ac9ae1fc2c95dd02bc0dd145fc42b6b,ef092d42941fb6af2ca50130b1d7a2fb36f80cc98954c008a5ccc00a2995ab79,scarletflash,0.9999999719280044,High,5000000.0,4999999.859640022,T1027;T1055;T1486,D3-BAC;D3-BDR;D3-FA;D3-PM;D3-SAW;D3-UBA,Backup Access Control;Backup Data Recovery;File Analysis;Platform Monitoring;System Access Workflow;User Behavior Analysis
main_009406,44ca47586a40678b65df2b961a4844ac503e86b327a169c43b28243601928cee,41e5cac4298e131e87215f8f3e62b154d2629cb3f77817234864d2ea1b4884ed,shelm,0.999993866988058,High,5000000.0,4999969.33494029,T1027;T1055;T1486,D3-BAC;D3-BDR;D3-FA;D3-PM;D3-SAW;D3-UBA,Backup Access Control;Backup Data Recovery;File Analysis;Platform Monitoring;System Access Workflow;User Behavior Analysis
main_009407,a39a1b67db5ed2347bc6b8535087da165792477232a135239ea162b80c65d7ff,ef092d42941fb6af2ca50130b1d7a2fb36f80cc98954c008a5ccc00a2995ab79,scarletflash,0.9999997954195432,High,5000000.0,4999998.977097716,T1027;T1055;T1486,D3-BAC;D3-BDR;D3-FA;D3-PM;D3-SAW;D3-UBA,Backup Access Control;Backup Data Recovery;File Analysis;Platform Monitoring;System Access Workflow;User Behavior Analysis
main_009413,3cd3eb4f536fd2f58f92fc31e7902ace9128fdb929b7d746848bc74d1c12e0a2,b83ef675cc28b5b0387916e29e9ced4ef6c6d6ea4fcffdbc3b3b086e80167fce,berbew,0.9999999999998292,High,5000000.0,4999999.999999146,T1027;T1055;T1486,D3-BAC;D3-BDR;D3-FA;D3-PM;D3-SAW;D3-UBA,Backup Access Control;Backup Data Recovery;File Analysis;Platform Monitoring;System Access Workflow;User Behavior Analysis
main_009415,1ca141baee88e782381f75a3c1cc2aaf1baa0186eec28ba6e9b958fd9d9d1d62,02f47a65d4fd8d00c4aff12092e2155e9f12df2d089bcb1e28b5d65d0d4d7f0f,wacatac,0.9999999994382534,High,5000000.0,4999999.997191267,T1027;T1055;T1486,D3-BAC;D3-BDR;D3-FA;D3-PM;D3-SAW;D3-UBA,Backup Access Control;Backup Data Recovery;File Analysis;Platform Monitoring;System Access Workflow;User Behavior Analysis
main_009416,f11d2a4753222341681d1fa12bece232ac4d11c05e2b1b3430affff94bd12f98,fd5104756137718da71be7bec3f2a88cb3dc4f6df936e61e4bd012cb9108027c,convagent,0.9999999999688868,High,5000000.0,4999999.999844434,T1027;T1055;T1486,D3-BAC;D3-BDR;D3-FA;D3-PM;D3-SAW;D3-UBA,Backup Access Control;Backup Data Recovery;File Analysis;Platform Monitoring;System Access Workflow;User Behavior Analysis
main_009417,27cdb4e51bde4c321fd3a7f7641c5a32018bca3d6b6d88fe3b6f90889d8f3ce4,2351cb0b2eccd0155081509ebf8a86177b0fde5ebf5d162ea5728eea79c2db05,trollav,0.999999999999907,High,5000000.0,4999999.999999535,T1027;T1055;T1486,D3-BAC;D3-BDR;D3-FA;D3-PM;D3-SAW;D3-UBA,Backup Access Control;Backup Data Recovery;File Analysis;Platform Monitoring;System Access Workflow;User Behavior Analysis
main_009426,d4946bfd466e965742564163c1f525cbd80bf6d6f6be2d9f799303c496a39479,2351cb0b2eccd0155081509ebf8a86177b0fde5ebf5d162ea5728eea79c2db05,trollav,0.9999999999999664,High,5000000.0,4999999.999999831,T1027;T1055;T1486,D3-BAC;D3-BDR;D3-FA;D3-PM;D3-SAW;D3-UBA,Backup Access Control;Backup Data Recovery;File Analysis;Platform Monitoring;System Access Workflow;User Behavior Analysis
main_009439,7f40bdf09d0555316b48b4f655702fde77c6626ed82cd5c929dda91ebdb08935,77862efd76591a786f99d400c0f97633e2bfb2bbd18b09dd6bf33ebe49f40f07,xmrig,1.0,High,5000000.0,5000000.0,T1027;T1055;T1059,D3-AL;D3-CR;D3-FA;D3-PM;D3-SAW;D3-UBA,Application Allowlisting;Command Restriction;File Analysis;Platform Monitoring;System Access Workflow;User Behavior Analysis
main_009440,a36e14deabd8cb57d7dbf62b29ad2b75642eb9b98dfaef64f5256ab494d22272,77862efd76591a786f99d400c0f97633e2bfb2bbd18b09dd6bf33ebe49f40f07,xmrig,1.0,High,5000000.0,5000000.0,T1027;T1055;T1059,D3-AL;D3-CR;D3-FA;D3-PM;D3-SAW;D3-UBA,Application Allowlisting;Command Restriction;File Analysis;Platform Monitoring;System Access Workflow;User Behavior Analysis
main_009441,f79318c2ab3a87736c8e34b3f8c03212732b26f0b3fd98abac505063c0cedb28,77862efd76591a786f99d400c0f97633e2bfb2bbd18b09dd6bf33ebe49f40f07,xmrig,1.0,High,5000000.0,5000000.0,T1027;T1055;T1059,D3-AL;D3-CR;D3-FA;D3-PM;D3-SAW;D3-UBA,Application Allowlisting;Command Restriction;File Analysis;Platform Monitoring;System Access Workflow;User Behavior Analysis
main_009443,873326813ab065d295e9708249f106fa3fc9bbfa21688751d2257f8640671a9e,3cc62d621b50887019d45b3b35ccfae1ba711bb481ce64fab07e2f02ae2f6e21,lotok,0.9999887054051446,High,5000000.0,4999943.527025723,T1027;T1055;T1486,D3-BAC;D3-BDR;D3-FA;D3-PM;D3-SAW;D3-UBA,Backup Access Control;Backup Data Recovery;File Analysis;Platform Monitoring;System Access Workflow;User Behavior Analysis
main_009445,1bde1b9237373fce698af5b4e2691b9ddc400d5f536cbbd1d326d67e1723b69a,77862efd76591a786f99d400c0f97633e2bfb2bbd18b09dd6bf33ebe49f40f07,xmrig,1.0,High,5000000.0,5000000.0,T1027;T1055;T1059,D3-AL;D3-CR;D3-FA;D3-PM;D3-SAW;D3-UBA,Application Allowlisting;Command Restriction;File Analysis;Platform Monitoring;System Access Workflow;User Behavior Analysis
main_009450,55f730935860ba9a62374b0777e369369c2fab37e5f06eec2d0c03454affcb54,72d49f51276bfe8a48b1770f0858af6a307fe180b60efcedd44bcf86ec251706,flystudio,0.9964397463993462,High,5000000.0,4982198.731996731,T1027;T1055;T1486,D3-BAC;D3-BDR;D3-FA;D3-PM;D3-SAW;D3-UBA,Backup Access Control;Backup Data Recovery;File Analysis;Platform Monitoring;System Access Workflow;User Behavior Analysis
main_009451,e2b0d7a89581b1433333069dd82ab58e02200256aebc9d057f227b1cf35509b1,77862efd76591a786f99d400c0f97633e2bfb2bbd18b09dd6bf33ebe49f40f07,xmrig,0.9999969520570144,High,5000000.0,4999984.760285072,T1027;T1055;T1059,D3-AL;D3-CR;D3-FA;D3-PM;D3-SAW;D3-UBA,Application Allowlisting;Command Restriction;File Analysis;Platform Monitoring;System Access Workflow;User Behavior Analysis
main_009452,344fc1f7ac9dae5c6a243166d7267a4578aac5846998a4a03ebbeca3ff2d5a48,77862efd76591a786f99d400c0f97633e2bfb2bbd18b09dd6bf33ebe49f40f07,xmrig,0.9999999633384308,High,5000000.0,4999999.816692154,T1027;T1055;T1059,D3-AL;D3-CR;D3-FA;D3-PM;D3-SAW;D3-UBA,Application Allowlisting;Command Restriction;File Analysis;Platform Monitoring;System Access Workflow;User Behavior Analysis
main_009454,545243513a2f3e546b96c6b6a29a0d34c15887cf30a2ce02722404723d195ea1,77862efd76591a786f99d400c0f97633e2bfb2bbd18b09dd6bf33ebe49f40f07,xmrig,0.9999999525846868,High,5000000.0,4999999.762923433,T1027;T1055;T1059,D3-AL;D3-CR;D3-FA;D3-PM;D3-SAW;D3-UBA,Application Allowlisting;Command Restriction;File Analysis;Platform Monitoring;System Access Workflow;User Behavior Analysis
main_009455,2d25d037a5881f161a63b3b62047cf097c7c6fad009b249a57aa8a761ec8d09d,77862efd76591a786f99d400c0f97633e2bfb2bbd18b09dd6bf33ebe49f40f07,xmrig,0.9999999999999938,High,5000000.0,4999999.999999969,T1027;T1055;T1059,D3-AL;D3-CR;D3-FA;D3-PM;D3-SAW;D3-UBA,Application Allowlisting;Command Restriction;File Analysis;Platform Monitoring;System Access Workflow;User Behavior Analysis
main_009456,7e74e0c097ab4306cd55a395f8762b84acf6466c38073983615ae278c219b82c,77862efd76591a786f99d400c0f97633e2bfb2bbd18b09dd6bf33ebe49f40f07,xmrig,0.9999999433932246,High,5000000.0,4999999.716966123,T1027;T1055;T1059,D3-AL;D3-CR;D3-FA;D3-PM;D3-SAW;D3-UBA,Application Allowlisting;Command Restriction;File Analysis;Platform Monitoring;System Access Workflow;User Behavior Analysis
main_009458,7ec56a66e11ff595c46f3c7acfbde851b49f37342a2de3e0fb9516281dfa2c17,77862efd76591a786f99d400c0f97633e2bfb2bbd18b09dd6bf33ebe49f40f07,xmrig,1.0,High,5000000.0,5000000.0,T1027;T1055;T1059,D3-AL;D3-CR;D3-FA;D3-PM;D3-SAW;D3-UBA,Application Allowlisting;Command Restriction;File Analysis;Platform Monitoring;System Access Workflow;User Behavior Analysis
main_009459,a085cde9bf89f8d75c304c17a28c1f1c490ad6264694f6ccf8b3098f2a74489b,b83ef675cc28b5b0387916e29e9ced4ef6c6d6ea4fcffdbc3b3b086e80167fce,berbew,0.9999999999999988,High,5000000.0,4999999.9999999935,T1027;T1055;T1486,D3-BAC;D3-BDR;D3-FA;D3-PM;D3-SAW;D3-UBA,Backup Access Control;Backup Data Recovery;File Analysis;Platform Monitoring;System Access Workflow;User Behavior Analysis
main_009461,c4dffcb9e0ca9cb2fa8cd05e0c3867cbd84a871b5de9f1610bf8f022852abdc0,58bb064ce0f0721aab7e4b4285f49e318ee801ab658d49dcfff305df630cc5c9,bedep,0.9999999992522222,High,5000000.0,4999999.996261111,T1027;T1055;T1486,D3-BAC;D3-BDR;D3-FA;D3-PM;D3-SAW;D3-UBA,Backup Access Control;Backup Data Recovery;File Analysis;Platform Monitoring;System Access Workflow;User Behavior Analysis
main_009467,a3711905d51af97c5e7b7dc3649b62b92f0ebee0fb2ed47fd3a26ddfae2dd735,2351cb0b2eccd0155081509ebf8a86177b0fde5ebf5d162ea5728eea79c2db05,trollav,0.9999999999980728,High,5000000.0,4999999.999990364,T1027;T1055;T1486,D3-BAC;D3-BDR;D3-FA;D3-PM;D3-SAW;D3-UBA,Backup Access Control;Backup Data Recovery;File Analysis;Platform Monitoring;System Access Workflow;User Behavior Analysis
main_009474,f474e16082524e35444a99ae0420a554684ae497e37363dc1debc0b1a67ac40a,c9e58d481ca76ea25d4579ea39056b5f5e3a5c25648274f9dcd1b6c533284d52,upatre,0.9999999999999964,High,5000000.0,4999999.999999982,T1027;T1055;T1486,D3-BAC;D3-BDR;D3-FA;D3-PM;D3-SAW;D3-UBA,Backup Access Control;Backup Data Recovery;File Analysis;Platform Monitoring;System Access Workflow;User Behavior Analysis
main_009476,12a48f4a782f32c1f44736de47e7fdb5bbfb33d5c65e6ebe715efec5c0e85caa,acfd227c9e2a637ba527343252a51d6cbf588451f0194210216eeda06e834e95,banload,0.9999999999999992,High,5000000.0,4999999.999999996,T1027;T1055;T1486,D3-BAC;D3-BDR;D3-FA;D3-PM;D3-SAW;D3-UBA,Backup Access Control;Backup Data Recovery;File Analysis;Platform Monitoring;System Access Workflow;User Behavior Analysis
main_009478,50d0632a7e5dcacc00722e5b90d6a9ba536e1e20e1320339a6939c0a62687f93,b83ef675cc28b5b0387916e29e9ced4ef6c6d6ea4fcffdbc3b3b086e80167fce,berbew,0.999999999985834,High,5000000.0,4999999.99992917,T1027;T1055;T1486,D3-BAC;D3-BDR;D3-FA;D3-PM;D3-SAW;D3-UBA,Backup Access Control;Backup Data Recovery;File Analysis;Platform Monitoring;System Access Workflow;User Behavior Analysis
main_009481,306acf0a59fac507d4421820a330af0b0eea3927088e9a726b68b52aac48d92c,77862efd76591a786f99d400c0f97633e2bfb2bbd18b09dd6bf33ebe49f40f07,xmrig,1.0,High,5000000.0,5000000.0,T1027;T1055;T1059,D3-AL;D3-CR;D3-FA;D3-PM;D3-SAW;D3-UBA,Application Allowlisting;Command Restriction;File Analysis;Platform Monitoring;System Access Workflow;User Behavior Analysis
main_009482,05d9ffa18b11730bec51f2ea18a7c933db3e6852f6dfb7e1b32eac1cffb7b9c2,e45422b6d912262726f9ef8ce223669164e2376d1d4c619a9db2ecbad727bd4c,soltern,0.99999999984474,High,5000000.0,4999999.9992237,T1027;T1055;T1486,D3-BAC;D3-BDR;D3-FA;D3-PM;D3-SAW;D3-UBA,Backup Access Control;Backup Data Recovery;File Analysis;Platform Monitoring;System Access Workflow;User Behavior Analysis
main_009489,84cb60405f6a54727692e4bc796b8eeb416983faa953674f481137bb5b0c4438,acfd227c9e2a637ba527343252a51d6cbf588451f0194210216eeda06e834e95,banload,0.9999999999997552,High,5000000.0,4999999.999998776,T1027;T1055;T1486,D3-BAC;D3-BDR;D3-FA;D3-PM;D3-SAW;D3-UBA,Backup Access Control;Backup Data Recovery;File Analysis;Platform Monitoring;System Access Workflow;User Behavior Analysis
main_009490,f7aa16bbfdd893e161b2b9a613787656055528d288110051b1d83a774c979c7a,2351cb0b2eccd0155081509ebf8a86177b0fde5ebf5d162ea5728eea79c2db05,trollav,0.9999999999999434,High,5000000.0,4999999.999999717,T1027;T1055;T1486,D3-BAC;D3-BDR;D3-FA;D3-PM;D3-SAW;D3-UBA,Backup Access Control;Backup Data Recovery;File Analysis;Platform Monitoring;System Access Workflow;User Behavior Analysis
main_009493,0e90813ce9d0b6b1c21dab50fcb69cd22bd52453121884f7aa98e8a4f76c18a8,02f47a65d4fd8d00c4aff12092e2155e9f12df2d089bcb1e28b5d65d0d4d7f0f,wacatac,0.9999944904617404,High,5000000.0,4999972.452308702,T1027;T1055;T1486,D3-BAC;D3-BDR;D3-FA;D3-PM;D3-SAW;D3-UBA,Backup Access Control;Backup Data Recovery;File Analysis;Platform Monitoring;System Access Workflow;User Behavior Analysis
main_009515,cfd4768ccb77001472cbe6b3c2486bc1280f0ca5696a21556b132eeace26e0bb,3cc62d621b50887019d45b3b35ccfae1ba711bb481ce64fab07e2f02ae2f6e21,lotok,0.999543171709656,High,5000000.0,4997715.85854828,T1027;T1055;T1486,D3-BAC;D3-BDR;D3-FA;D3-PM;D3-SAW;D3-UBA,Backup Access Control;Backup Data Recovery;File Analysis;Platform Monitoring;System Access Workflow;User Behavior Analysis
main_009518,d5c8a7359ea971beb30d8ef61e20fa21dd9860e2645c334d1ad8bc2e72d196f4,77862efd76591a786f99d400c0f97633e2bfb2bbd18b09dd6bf33ebe49f40f07,xmrig,1.0,High,5000000.0,5000000.0,T1027;T1055;T1059,D3-AL;D3-CR;D3-FA;D3-PM;D3-SAW;D3-UBA,Application Allowlisting;Command Restriction;File Analysis;Platform Monitoring;System Access Workflow;User Behavior Analysis
main_009520,49e20e9d72dec0b2990546f37c27a86cd00599893ce0ffdbb6c0a85ec16efdcf,ef092d42941fb6af2ca50130b1d7a2fb36f80cc98954c008a5ccc00a2995ab79,scarletflash,0.9999999999938164,High,5000000.0,4999999.999969082,T1027;T1055;T1486,D3-BAC;D3-BDR;D3-FA;D3-PM;D3-SAW;D3-UBA,Backup Access Control;Backup Data Recovery;File Analysis;Platform Monitoring;System Access Workflow;User Behavior Analysis
main_009534,f3797861b7ce7d720c05165717218efdd8aa2a3806b2b5fa724bc294ace20452,187f622dc0da983d25da3df0e452808a96dd8c64c24aace69bc339cfe47a165d,expiro,0.9987335822422836,High,5000000.0,4993667.911211418,T1027;T1055;T1486,D3-BAC;D3-BDR;D3-FA;D3-PM;D3-SAW;D3-UBA,Backup Access Control;Backup Data Recovery;File Analysis;Platform Monitoring;System Access Workflow;User Behavior Analysis
main_009551,e9e80b401437282ada0e41494d70d5e5d39cf860da165e50254321c978b02208,0251062657e09a52683bb69861104b0d56d322b162f29dbcff1f4e555eef78a7,clipbanker,0.9999999827905588,High,5000000.0,4999999.913952794,T1027;T1055;T1486,D3-BAC;D3-BDR;D3-FA;D3-PM;D3-SAW;D3-UBA,Backup Access Control;Backup Data Recovery;File Analysis;Platform Monitoring;System Access Workflow;User Behavior Analysis
main_009555,d08e593b6264c2604e837aafe39565258518c4b51e220fafeb50073acb85d36f,c202c514763b02b0af53601efc11fd2b59883d56fbc5b67d72d2dc753e504451,r77rootkit,0.99999998584608,High,5000000.0,4999999.929230399,T1027;T1055;T1486,D3-BAC;D3-BDR;D3-FA;D3-PM;D3-SAW;D3-UBA,Backup Access Control;Backup Data Recovery;File Analysis;Platform Monitoring;System Access Workflow;User Behavior Analysis
main_009587,6103e73b364b74090f107035c51551ceffde52dbefabeacf382ce9dd78eead49,02f47a65d4fd8d00c4aff12092e2155e9f12df2d089bcb1e28b5d65d0d4d7f0f,wacatac,0.9999947235934964,High,5000000.0,4999973.617967482,T1027;T1055;T1486,D3-BAC;D3-BDR;D3-FA;D3-PM;D3-SAW;D3-UBA,Backup Access Control;Backup Data Recovery;File Analysis;Platform Monitoring;System Access Workflow;User Behavior Analysis
main_009597,6e20cd73e258b82a41fdeb99518bb42750b45c4e19b43aa008d6f294bba8bb3c,acfd227c9e2a637ba527343252a51d6cbf588451f0194210216eeda06e834e95,banload,0.999999999999876,High,5000000.0,4999999.99999938,T1027;T1055;T1486,D3-BAC;D3-BDR;D3-FA;D3-PM;D3-SAW;D3-UBA,Backup Access Control;Backup Data Recovery;File Analysis;Platform Monitoring;System Access Workflow;User Behavior Analysis
main_009599,d05ffa52906115415dcf8432fcc4133a7fc6be5580b29eefa0c20e76f8d23acf,02f47a65d4fd8d00c4aff12092e2155e9f12df2d089bcb1e28b5d65d0d4d7f0f,wacatac,0.9999993805234632,High,5000000.0,4999996.902617316,T1027;T1055;T1486,D3-BAC;D3-BDR;D3-FA;D3-PM;D3-SAW;D3-UBA,Backup Access Control;Backup Data Recovery;File Analysis;Platform Monitoring;System Access Workflow;User Behavior Analysis
main_009611,305b689cd9045d693484c7936d4c9e8a43f3808902f8efd11a909329ff50c9e7,fd5104756137718da71be7bec3f2a88cb3dc4f6df936e61e4bd012cb9108027c,convagent,0.99999994611095,High,5000000.0,4999999.73055475,T1027;T1055;T1486,D3-BAC;D3-BDR;D3-FA;D3-PM;D3-SAW;D3-UBA,Backup Access Control;Backup Data Recovery;File Analysis;Platform Monitoring;System Access Workflow;User Behavior Analysis
main_009613,e5353213a8e7b4d645a9ba3a210659ac9721ae5008d91c873502e7b32ce8249f,187f622dc0da983d25da3df0e452808a96dd8c64c24aace69bc339cfe47a165d,expiro,0.9999999862568067,High,5000000.0,4999999.931284034,T1027;T1055;T1486,D3-BAC;D3-BDR;D3-FA;D3-PM;D3-SAW;D3-UBA,Backup Access Control;Backup Data Recovery;File Analysis;Platform Monitoring;System Access Workflow;User Behavior Analysis
main_009629,781d2e5c237fe4b2b2f38ccf505471c2d6036bb36a03df291c84fdce86d86daf,d711b7a44fad7b8bc0f622f2fbf870fb0f62f82a5a5a78c5499a9b4110118984,goshell,0.999999998791668,High,5000000.0,4999999.99395834,T1027;T1055;T1486,D3-BAC;D3-BDR;D3-FA;D3-PM;D3-SAW;D3-UBA,Backup Access Control;Backup Data Recovery;File Analysis;Platform Monitoring;System Access Workflow;User Behavior Analysis
main_009630,43be0e6d08c687ff7194a23221084f2001f5db17bc73a1a5286f3b51893d68fa,295fe8cc28eaef9312e590b4434b288e979b8b3323f6d2de36aa9aab3c77d69c,pcclient,0.9995473400555543,High,5000000.0,4997736.700277772,T1027;T1055;T1486,D3-BAC;D3-BDR;D3-FA;D3-PM;D3-SAW;D3-UBA,Backup Access Control;Backup Data Recovery;File Analysis;Platform Monitoring;System Access Workflow;User Behavior Analysis
main_009677,bbc12f600acdda28fb9738b3e99a12715586a7b5de7b7d30c7b521fcda15a49b,02f47a65d4fd8d00c4aff12092e2155e9f12df2d089bcb1e28b5d65d0d4d7f0f,wacatac,0.9999997121308986,High,5000000.0,4999998.560654493,T1027;T1055;T1486,D3-BAC;D3-BDR;D3-FA;D3-PM;D3-SAW;D3-UBA,Backup Access Control;Backup Data Recovery;File Analysis;Platform Monitoring;System Access Workflow;User Behavior Analysis
main_009683,a3865daddb58fa1cb00cdc4ea83d1283431155c0a491fd5e3ca4d02402f3927a,ca6ac6af66c22d8acdd6e42a00a9a21a24a37e3fa6a018662fb6dbaabfe7a96d,metasploit,0.9999999999996378,High,5000000.0,4999999.9999981895,T1027;T1055;T1486,D3-BAC;D3-BDR;D3-FA;D3-PM;D3-SAW;D3-UBA,Backup Access Control;Backup Data Recovery;File Analysis;Platform Monitoring;System Access Workflow;User Behavior Analysis
main_009688,2b8d8af45c30b0ef1a6c21c82c86e330e89eaa063c9ea61398edebc11263daef,02f47a65d4fd8d00c4aff12092e2155e9f12df2d089bcb1e28b5d65d0d4d7f0f,wacatac,0.99999994357327,High,5000000.0,4999999.71786635,T1027;T1055;T1486,D3-BAC;D3-BDR;D3-FA;D3-PM;D3-SAW;D3-UBA,Backup Access Control;Backup Data Recovery;File Analysis;Platform Monitoring;System Access Workflow;User Behavior Analysis
main_009711,aade1787867f45fa656348e21ac952afe52e9f2559a6783c40547e6b7f036c6c,fd5104756137718da71be7bec3f2a88cb3dc4f6df936e61e4bd012cb9108027c,convagent,0.9999994511126749,High,5000000.0,4999997.255563375,T1027;T1055;T1486,D3-BAC;D3-BDR;D3-FA;D3-PM;D3-SAW;D3-UBA,Backup Access Control;Backup Data Recovery;File Analysis;Platform Monitoring;System Access Workflow;User Behavior Analysis
main_009715,68433ede7da6346f9cefa16a3e8fe909db2ea23ebddc74d4c31f4b70e071e26b,99e2d5c6e5fb193a148e06547f5c9bb4e3dd2bc061e9a90592462767e9f80912,disin,0.9999999999783548,High,5000000.0,4999999.999891774,T1027;T1055;T1486,D3-BAC;D3-BDR;D3-FA;D3-PM;D3-SAW;D3-UBA,Backup Access Control;Backup Data Recovery;File Analysis;Platform Monitoring;System Access Workflow;User Behavior Analysis
main_009756,2c455b345b81c8c06325d3ac3a663b3c4552831489821317fe74c9e574f9b5f6,ef092d42941fb6af2ca50130b1d7a2fb36f80cc98954c008a5ccc00a2995ab79,scarletflash,0.9999999999709364,High,5000000.0,4999999.999854682,T1027;T1055;T1486,D3-BAC;D3-BDR;D3-FA;D3-PM;D3-SAW;D3-UBA,Backup Access Control;Backup Data Recovery;File Analysis;Platform Monitoring;System Access Workflow;User Behavior Analysis
main_009764,9de4efc0584fa44bd17bbd861880e4abf77fcd4ed96c9404d415f9a092402a3f,ca6ac6af66c22d8acdd6e42a00a9a21a24a37e3fa6a018662fb6dbaabfe7a96d,metasploit,0.9999999999986005,High,5000000.0,4999999.999993002,T1027;T1055;T1486,D3-BAC;D3-BDR;D3-FA;D3-PM;D3-SAW;D3-UBA,Backup Access Control;Backup Data Recovery;File Analysis;Platform Monitoring;System Access Workflow;User Behavior Analysis
main_009767,6994ce9835337452af2a8bad2da1798823ddcdcccba50336ac1f8022d47598de,3bea44f95b17af14e750df7ab567b80b5e9aaaab87c2b4c1204f2269f98af653,disco,0.9999999999999816,High,5000000.0,4999999.999999908,T1027;T1055;T1486,D3-BAC;D3-BDR;D3-FA;D3-PM;D3-SAW;D3-UBA,Backup Access Control;Backup Data Recovery;File Analysis;Platform Monitoring;System Access Workflow;User Behavior Analysis
main_009805,5aa3439aea393615682f10b32dc098af3e70c2b6309734d12cbb3aa420138e41,02f47a65d4fd8d00c4aff12092e2155e9f12df2d089bcb1e28b5d65d0d4d7f0f,wacatac,0.9999951759597706,High,5000000.0,4999975.879798853,T1027;T1055;T1486,D3-BAC;D3-BDR;D3-FA;D3-PM;D3-SAW;D3-UBA,Backup Access Control;Backup Data Recovery;File Analysis;Platform Monitoring;System Access Workflow;User Behavior Analysis
main_009806,3b4c05054584733c8270c5dcdf7af3c5dd78ce663dff1356a1816cd115c7ab18,ef092d42941fb6af2ca50130b1d7a2fb36f80cc98954c008a5ccc00a2995ab79,scarletflash,0.9999547283672198,High,5000000.0,4999773.641836098,T1027;T1055;T1486,D3-BAC;D3-BDR;D3-FA;D3-PM;D3-SAW;D3-UBA,Backup Access Control;Backup Data Recovery;File Analysis;Platform Monitoring;System Access Workflow;User Behavior Analysis
main_009816,d8f1a5df76d667ded6037ac73b896a64ef46e9c220acd17ed4346f909ace86ce,04d890b2e972a9c6984f3a55fbc6362903c44855434a3ed390b72b5cde0d1297,vindor,0.9999999999999996,High,5000000.0,4999999.999999998,T1027;T1055;T1486,D3-BAC;D3-BDR;D3-FA;D3-PM;D3-SAW;D3-UBA,Backup Access Control;Backup Data Recovery;File Analysis;Platform Monitoring;System Access Workflow;User Behavior Analysis
main_009817,b0bbe70fc851ccf08efa6f3e49aacbe0f4c0e178c96a144cbff538c56c6d83ce,77862efd76591a786f99d400c0f97633e2bfb2bbd18b09dd6bf33ebe49f40f07,xmrig,1.0,High,5000000.0,5000000.0,T1027;T1055;T1059,D3-AL;D3-CR;D3-FA;D3-PM;D3-SAW;D3-UBA,Application Allowlisting;Command Restriction;File Analysis;Platform Monitoring;System Access Workflow;User Behavior Analysis
main_009824,3ca824a8fe37290aaa1a53d9795516c3b959d6b5981a086daeca7579a743f55e,77862efd76591a786f99d400c0f97633e2bfb2bbd18b09dd6bf33ebe49f40f07,xmrig,1.0,High,5000000.0,5000000.0,T1027;T1055;T1059,D3-AL;D3-CR;D3-FA;D3-PM;D3-SAW;D3-UBA,Application Allowlisting;Command Restriction;File Analysis;Platform Monitoring;System Access Workflow;User Behavior Analysis
main_009825,2a6d426aa81a91a82b672d0dc0928bd22e118ae28f5bfc886dd941ddfbbcb8f1,77862efd76591a786f99d400c0f97633e2bfb2bbd18b09dd6bf33ebe49f40f07,xmrig,1.0,High,5000000.0,5000000.0,T1027;T1055;T1059,D3-AL;D3-CR;D3-FA;D3-PM;D3-SAW;D3-UBA,Application Allowlisting;Command Restriction;File Analysis;Platform Monitoring;System Access Workflow;User Behavior Analysis
main_009828,418c0c5f6a35933d4d934d0e4b6425e40d4fef9d6876575460dd9ee9e3dde8f5,a5fad31f18c9c700f2bfbba047bb30254fb5ed8f5645493f0daa3fa040b51c7d,dinwod,0.9999999999985084,High,5000000.0,4999999.999992542,T1027;T1055;T1486,D3-BAC;D3-BDR;D3-FA;D3-PM;D3-SAW;D3-UBA,Backup Access Control;Backup Data Recovery;File Analysis;Platform Monitoring;System Access Workflow;User Behavior Analysis
main_009829,e30aedfec8b1791eb8edc826fefe6e47c76e2a5bdd9daab8da61070044a38396,e2195e8d572011dd26e38a71141f2d3f36632ef12a50da4581439b1c5c1ada48,blackmoon,1.0,High,5000000.0,5000000.0,T1027;T1055;T1486,D3-BAC;D3-BDR;D3-FA;D3-PM;D3-SAW;D3-UBA,Backup Access Control;Backup Data Recovery;File Analysis;Platform Monitoring;System Access Workflow;User Behavior Analysis
main_009834,c3c39fc86aa3fb32f551c58df0f38f933085144ff88115c75d3b4bbac7332e10,02f47a65d4fd8d00c4aff12092e2155e9f12df2d089bcb1e28b5d65d0d4d7f0f,wacatac,0.9999999999876203,High,5000000.0,4999999.9999381015,T1027;T1055;T1486,D3-BAC;D3-BDR;D3-FA;D3-PM;D3-SAW;D3-UBA,Backup Access Control;Backup Data Recovery;File Analysis;Platform Monitoring;System Access Workflow;User Behavior Analysis
main_009835,17bc0842b764eb0bd52bb6ccdc13912186c30231d79d5d964fe0b02c63b26627,77862efd76591a786f99d400c0f97633e2bfb2bbd18b09dd6bf33ebe49f40f07,xmrig,1.0,High,5000000.0,5000000.0,T1027;T1055;T1059,D3-AL;D3-CR;D3-FA;D3-PM;D3-SAW;D3-UBA,Application Allowlisting;Command Restriction;File Analysis;Platform Monitoring;System Access Workflow;User Behavior Analysis
main_009837,d0c00c29a4d9d6339e67035546daf220fc40e7781868fe1f9c43857347abd590,187f622dc0da983d25da3df0e452808a96dd8c64c24aace69bc339cfe47a165d,expiro,0.999999910615579,High,5000000.0,4999999.553077895,T1027;T1055;T1486,D3-BAC;D3-BDR;D3-FA;D3-PM;D3-SAW;D3-UBA,Backup Access Control;Backup Data Recovery;File Analysis;Platform Monitoring;System Access Workflow;User Behavior Analysis
main_009846,c56956fc79e315fcae44aeadeda081ff33a282710f7677ad843d91384973b94d,77862efd76591a786f99d400c0f97633e2bfb2bbd18b09dd6bf33ebe49f40f07,xmrig,0.9999999999999928,High,5000000.0,4999999.999999964,T1027;T1055;T1059,D3-AL;D3-CR;D3-FA;D3-PM;D3-SAW;D3-UBA,Application Allowlisting;Command Restriction;File Analysis;Platform Monitoring;System Access Workflow;User Behavior Analysis
main_009847,e72e8cc476a40d4175c0dc3cabd26ca571cd6b9389b759b10f36c0ac3cd6ff96,9716244ca0bc92f2dff5d99c7c2004cc3b9bfb30bbcaa8b85b428409d5c1e1f9,gandcrab,0.9999997866290866,High,5000000.0,4999998.933145433,T1027;T1055;T1486,D3-BAC;D3-BDR;D3-FA;D3-PM;D3-SAW;D3-UBA,Backup Access Control;Backup Data Recovery;File Analysis;Platform Monitoring;System Access Workflow;User Behavior Analysis
main_009848,4d80b0ee89d3e3876596e9f6f88645b8b5a5d3dce66a833eb84ee1e6d39767e8,77862efd76591a786f99d400c0f97633e2bfb2bbd18b09dd6bf33ebe49f40f07,xmrig,1.0,High,5000000.0,5000000.0,T1027;T1055;T1059,D3-AL;D3-CR;D3-FA;D3-PM;D3-SAW;D3-UBA,Application Allowlisting;Command Restriction;File Analysis;Platform Monitoring;System Access Workflow;User Behavior Analysis
main_009849,b472f3ae058e18b088c8a5f0120fadb73c56c97417236724da1e4b8f4b9b4f92,fd5104756137718da71be7bec3f2a88cb3dc4f6df936e61e4bd012cb9108027c,convagent,0.999999934327622,High,5000000.0,4999999.67163811,T1027;T1055;T1486,D3-BAC;D3-BDR;D3-FA;D3-PM;D3-SAW;D3-UBA,Backup Access Control;Backup Data Recovery;File Analysis;Platform Monitoring;System Access Workflow;User Behavior Analysis
main_009851,c6c779936e742141e22a05bd5fb80df43f14e067236182a932c89ab28668b5a3,99e2d5c6e5fb193a148e06547f5c9bb4e3dd2bc061e9a90592462767e9f80912,disin,0.999999999991812,High,5000000.0,4999999.99995906,T1027;T1055;T1486,D3-BAC;D3-BDR;D3-FA;D3-PM;D3-SAW;D3-UBA,Backup Access Control;Backup Data Recovery;File Analysis;Platform Monitoring;System Access Workflow;User Behavior Analysis
main_009861,28f5dfa25c09d6d3d7189b7b5bc8b252a4403081c04dfee48fb62ef62e5e9ceb,77862efd76591a786f99d400c0f97633e2bfb2bbd18b09dd6bf33ebe49f40f07,xmrig,0.999999999999966,High,5000000.0,4999999.999999831,T1027;T1055;T1059,D3-AL;D3-CR;D3-FA;D3-PM;D3-SAW;D3-UBA,Application Allowlisting;Command Restriction;File Analysis;Platform Monitoring;System Access Workflow;User Behavior Analysis
main_009870,08b7a004e2ab04db3c2a0834fc51b6067a77a52bda3cd607be2ec560acf11bec,fd5104756137718da71be7bec3f2a88cb3dc4f6df936e61e4bd012cb9108027c,convagent,0.9999999423558086,High,5000000.0,4999999.711779043,T1027;T1055;T1486,D3-BAC;D3-BDR;D3-FA;D3-PM;D3-SAW;D3-UBA,Backup Access Control;Backup Data Recovery;File Analysis;Platform Monitoring;System Access Workflow;User Behavior Analysis
main_009874,b656a81dfcf151fe7387240aa9095f04a93cd951af223a58c7b9b0843e50abc3,d711b7a44fad7b8bc0f622f2fbf870fb0f62f82a5a5a78c5499a9b4110118984,goshell,0.999999750699086,High,5000000.0,4999998.75349543,T1027;T1055;T1486,D3-BAC;D3-BDR;D3-FA;D3-PM;D3-SAW;D3-UBA,Backup Access Control;Backup Data Recovery;File Analysis;Platform Monitoring;System Access Workflow;User Behavior Analysis
main_009887,c7f9663fb15c0307156971537cc0f5ad359bf939aa07623c97c99796208408b6,02f47a65d4fd8d00c4aff12092e2155e9f12df2d089bcb1e28b5d65d0d4d7f0f,wacatac,0.9999999999999184,High,5000000.0,4999999.999999592,T1027;T1055;T1486,D3-BAC;D3-BDR;D3-FA;D3-PM;D3-SAW;D3-UBA,Backup Access Control;Backup Data Recovery;File Analysis;Platform Monitoring;System Access Workflow;User Behavior Analysis
main_009910,6d6d66d7f549a1e814b1c28c55a76ca5b37f6df658ce868052774598a0f1ae4e,02f47a65d4fd8d00c4aff12092e2155e9f12df2d089bcb1e28b5d65d0d4d7f0f,wacatac,0.9999999993205412,High,5000000.0,4999999.996602706,T1027;T1055;T1486,D3-BAC;D3-BDR;D3-FA;D3-PM;D3-SAW;D3-UBA,Backup Access Control;Backup Data Recovery;File Analysis;Platform Monitoring;System Access Workflow;User Behavior Analysis
main_009915,29df60f891f3d4be40fa00e175020787a906726b3ffd256c3d0e0f28fbb1f945,c48346bb37a583087929a55bb12086e961175a656e68659f14a4afcdb2fe9cc6,doenerium,0.999995421153381,High,5000000.0,4999977.1057669055,T1027;T1055;T1486,D3-BAC;D3-BDR;D3-FA;D3-PM;D3-SAW;D3-UBA,Backup Access Control;Backup Data Recovery;File Analysis;Platform Monitoring;System Access Workflow;User Behavior Analysis
main_009922,d9d7f0b651890a91fa720575df6275a2f3f71a1ec3f9fc17e1faa1f331c09c20,d711b7a44fad7b8bc0f622f2fbf870fb0f62f82a5a5a78c5499a9b4110118984,goshell,0.9999995855622796,High,5000000.0,4999997.927811398,T1027;T1055;T1486,D3-BAC;D3-BDR;D3-FA;D3-PM;D3-SAW;D3-UBA,Backup Access Control;Backup Data Recovery;File Analysis;Platform Monitoring;System Access Workflow;User Behavior Analysis
main_009940,183ac2e47206339fe552c62c4098853525cbdbd204debb0ba7bb8d2aefdf3197,99e2d5c6e5fb193a148e06547f5c9bb4e3dd2bc061e9a90592462767e9f80912,disin,0.9999999999992024,High,5000000.0,4999999.999996012,T1027;T1055;T1486,D3-BAC;D3-BDR;D3-FA;D3-PM;D3-SAW;D3-UBA,Backup Access Control;Backup Data Recovery;File Analysis;Platform Monitoring;System Access Workflow;User Behavior Analysis
main_009965,e5952b95923e0d58a01eb3749ca80d116061248afa049a023ce42647b9ccdab9,a49c1d0380688dd9e1898df37e8a7f9e7747212a5b47494173bd2e4a91452fb7,alien,0.9999999999999992,High,5000000.0,4999999.999999996,T1027;T1055;T1486,D3-BAC;D3-BDR;D3-FA;D3-PM;D3-SAW;D3-UBA,Backup Access Control;Backup Data Recovery;File Analysis;Platform Monitoring;System Access Workflow;User Behavior Analysis
main_009990,29051f4eeebe2324d4724cdc365ab48361a0ab45628c941604efc552c4e50e43,02f47a65d4fd8d00c4aff12092e2155e9f12df2d089bcb1e28b5d65d0d4d7f0f,wacatac,0.9999999999685508,High,5000000.0,4999999.999842755,T1027;T1055;T1486,D3-BAC;D3-BDR;D3-FA;D3-PM;D3-SAW;D3-UBA,Backup Access Control;Backup Data Recovery;File Analysis;Platform Monitoring;System Access Workflow;User Behavior Analysis
main_009995,2cd6733472b76dc4c0c9b4693edf889e717fbf9130c1501c50be00c9f4f90c28,ef092d42941fb6af2ca50130b1d7a2fb36f80cc98954c008a5ccc00a2995ab79,scarletflash,0.9999810441055306,High,5000000.0,4999905.220527653,T1027;T1055;T1486,D3-BAC;D3-BDR;D3-FA;D3-PM;D3-SAW;D3-UBA,Backup Access Control;Backup Data Recovery;File Analysis;Platform Monitoring;System Access Workflow;User Behavior Analysis
